item_id	stimulus_origin	adaptation_eligibility	original_trial_type	original_stimulus_file	condition	binary_label	sentence	template_family	verb_surface	object_surface	verb_lemma	object_lemma	verb_object_FSG	violation_type	source_record_id	auto_expected_grammatical_yes_no	auto_structure_complete_yes_no	auto_error_annotation_pass_yes_no	human_corrected_event_makes_sense_yes_no	human_sentence_grammatical_yes_no	human_no_extra_errors_yes_no	human_notes_optional
CAND_GRAM_000001	plus	candidate_pending_human_review			grammatical	1	She is buckling one belt	be_progressive	buckling	belt	buckle	belt	0.667	none	USF:Cue_Target_Pairs.A-B:7781	yes	yes	yes	yes	yes	yes	
CAND_GRAM_000002	plus	candidate_pending_human_review			grammatical	1	She does not buckle one belt	do_negation	buckle	belt	buckle	belt	0.667	none	USF:Cue_Target_Pairs.A-B:7781	yes	yes	yes	yes	yes	yes	
CAND_GRAM_000003	plus	candidate_pending_human_review			grammatical	1	Every day she buckles one belt	present_3s	buckles	belt	buckle	belt	0.667	none	USF:Cue_Target_Pairs.A-B:7781	yes	yes	yes	yes	yes	yes	
CAND_GRAM_000004	plus	candidate_pending_human_review			grammatical	1	Last week she buckled one belt	simple_past	buckled	belt	buckle	belt	0.667	none	USF:Cue_Target_Pairs.A-B:7781	yes	yes	yes	yes	yes	yes	
CAND_GRAM_000005	plus	candidate_pending_human_review			grammatical	1	He is buckling one belt	be_progressive	buckling	belt	buckle	belt	0.667	none	USF:Cue_Target_Pairs.A-B:7781	yes	yes	yes	yes	yes	yes	
CAND_GRAM_000006	plus	candidate_pending_human_review			grammatical	1	He does not buckle one belt	do_negation	buckle	belt	buckle	belt	0.667	none	USF:Cue_Target_Pairs.A-B:7781	yes	yes	yes	yes	yes	yes	
CAND_GRAM_000007	plus	candidate_pending_human_review			grammatical	1	Every day he buckles one belt	present_3s	buckles	belt	buckle	belt	0.667	none	USF:Cue_Target_Pairs.A-B:7781	yes	yes	yes	yes	yes	yes	
CAND_GRAM_000008	plus	candidate_pending_human_review			grammatical	1	Last week he buckled one belt	simple_past	buckled	belt	buckle	belt	0.667	none	USF:Cue_Target_Pairs.A-B:7781	yes	yes	yes	yes	yes	yes	
CAND_GRAM_000009	plus	candidate_pending_human_review			grammatical	1	They are buckling one belt	be_progressive	buckling	belt	buckle	belt	0.667	none	USF:Cue_Target_Pairs.A-B:7781	yes	yes	yes	yes	yes	yes	
CAND_GRAM_000010	plus	candidate_pending_human_review			grammatical	1	They do not buckle one belt	do_negation	buckle	belt	buckle	belt	0.667	none	USF:Cue_Target_Pairs.A-B:7781	yes	yes	yes	yes	yes	yes	
CAND_GRAM_000011	plus	candidate_pending_human_review			grammatical	1	Every day they buckle one belt	present_3s	buckle	belt	buckle	belt	0.667	none	USF:Cue_Target_Pairs.A-B:7781	yes	yes	yes	yes	yes	yes	
CAND_GRAM_000012	plus	candidate_pending_human_review			grammatical	1	Last week they buckled one belt	simple_past	buckled	belt	buckle	belt	0.667	none	USF:Cue_Target_Pairs.A-B:7781	yes	yes	yes	yes	yes	yes	
CAND_GRAM_000013	plus	candidate_pending_human_review			grammatical	1	She is buckling two belts	be_progressive	buckling	belts	buckle	belt	0.667	none	USF:Cue_Target_Pairs.A-B:7781	yes	yes	yes	yes	yes	yes	
CAND_GRAM_000014	plus	candidate_pending_human_review			grammatical	1	She does not buckle two belts	do_negation	buckle	belts	buckle	belt	0.667	none	USF:Cue_Target_Pairs.A-B:7781	yes	yes	yes	yes	yes	yes	
CAND_GRAM_000015	plus	candidate_pending_human_review			grammatical	1	Every day she buckles two belts	present_3s	buckles	belts	buckle	belt	0.667	none	USF:Cue_Target_Pairs.A-B:7781	yes	yes	yes	yes	yes	yes	
CAND_GRAM_000016	plus	candidate_pending_human_review			grammatical	1	Last week she buckled two belts	simple_past	buckled	belts	buckle	belt	0.667	none	USF:Cue_Target_Pairs.A-B:7781	yes	yes	yes	yes	yes	yes	
CAND_GRAM_000017	plus	candidate_pending_human_review			grammatical	1	He is buckling two belts	be_progressive	buckling	belts	buckle	belt	0.667	none	USF:Cue_Target_Pairs.A-B:7781	yes	yes	yes	yes	yes	yes	
CAND_GRAM_000018	plus	candidate_pending_human_review			grammatical	1	He does not buckle two belts	do_negation	buckle	belts	buckle	belt	0.667	none	USF:Cue_Target_Pairs.A-B:7781	yes	yes	yes	yes	yes	yes	
CAND_GRAM_000019	plus	candidate_pending_human_review			grammatical	1	Every day he buckles two belts	present_3s	buckles	belts	buckle	belt	0.667	none	USF:Cue_Target_Pairs.A-B:7781	yes	yes	yes	yes	yes	yes	
CAND_GRAM_000020	plus	candidate_pending_human_review			grammatical	1	Last week he buckled two belts	simple_past	buckled	belts	buckle	belt	0.667	none	USF:Cue_Target_Pairs.A-B:7781	yes	yes	yes	yes	yes	yes	
CAND_GRAM_000021	plus	candidate_pending_human_review			grammatical	1	They are buckling two belts	be_progressive	buckling	belts	buckle	belt	0.667	none	USF:Cue_Target_Pairs.A-B:7781	yes	yes	yes	yes	yes	yes	
CAND_GRAM_000022	plus	candidate_pending_human_review			grammatical	1	They do not buckle two belts	do_negation	buckle	belts	buckle	belt	0.667	none	USF:Cue_Target_Pairs.A-B:7781	yes	yes	yes	yes	yes	yes	
CAND_GRAM_000023	plus	candidate_pending_human_review			grammatical	1	Every day they buckle two belts	present_3s	buckle	belts	buckle	belt	0.667	none	USF:Cue_Target_Pairs.A-B:7781	yes	yes	yes	yes	yes	yes	
CAND_GRAM_000024	plus	candidate_pending_human_review			grammatical	1	Last week they buckled two belts	simple_past	buckled	belts	buckle	belt	0.667	none	USF:Cue_Target_Pairs.A-B:7781	yes	yes	yes	yes	yes	yes	
CAND_GRAM_000025	plus	candidate_pending_human_review			grammatical	1	She is buckling three belts	be_progressive	buckling	belts	buckle	belt	0.667	none	USF:Cue_Target_Pairs.A-B:7781	yes	yes	yes	yes	yes	yes	
CAND_GRAM_000026	plus	candidate_pending_human_review			grammatical	1	She does not buckle three belts	do_negation	buckle	belts	buckle	belt	0.667	none	USF:Cue_Target_Pairs.A-B:7781	yes	yes	yes	yes	yes	yes	
CAND_GRAM_000027	plus	candidate_pending_human_review			grammatical	1	Every day she buckles three belts	present_3s	buckles	belts	buckle	belt	0.667	none	USF:Cue_Target_Pairs.A-B:7781	yes	yes	yes	yes	yes	yes	
CAND_GRAM_000028	plus	candidate_pending_human_review			grammatical	1	Last week she buckled three belts	simple_past	buckled	belts	buckle	belt	0.667	none	USF:Cue_Target_Pairs.A-B:7781	yes	yes	yes	yes	yes	yes	
CAND_GRAM_000029	plus	candidate_pending_human_review			grammatical	1	He is buckling three belts	be_progressive	buckling	belts	buckle	belt	0.667	none	USF:Cue_Target_Pairs.A-B:7781	yes	yes	yes	yes	yes	yes	
CAND_GRAM_000030	plus	candidate_pending_human_review			grammatical	1	He does not buckle three belts	do_negation	buckle	belts	buckle	belt	0.667	none	USF:Cue_Target_Pairs.A-B:7781	yes	yes	yes	yes	yes	yes	
CAND_GRAM_000031	plus	candidate_pending_human_review			grammatical	1	Every day he buckles three belts	present_3s	buckles	belts	buckle	belt	0.667	none	USF:Cue_Target_Pairs.A-B:7781	yes	yes	yes	yes	yes	yes	
CAND_GRAM_000032	plus	candidate_pending_human_review			grammatical	1	Last week he buckled three belts	simple_past	buckled	belts	buckle	belt	0.667	none	USF:Cue_Target_Pairs.A-B:7781	yes	yes	yes	yes	yes	yes	
CAND_GRAM_000033	plus	candidate_pending_human_review			grammatical	1	They are buckling three belts	be_progressive	buckling	belts	buckle	belt	0.667	none	USF:Cue_Target_Pairs.A-B:7781	yes	yes	yes	yes	yes	yes	
CAND_GRAM_000034	plus	candidate_pending_human_review			grammatical	1	They do not buckle three belts	do_negation	buckle	belts	buckle	belt	0.667	none	USF:Cue_Target_Pairs.A-B:7781	yes	yes	yes	yes	yes	yes	
CAND_GRAM_000035	plus	candidate_pending_human_review			grammatical	1	Every day they buckle three belts	present_3s	buckle	belts	buckle	belt	0.667	none	USF:Cue_Target_Pairs.A-B:7781	yes	yes	yes	yes	yes	yes	
CAND_GRAM_000036	plus	candidate_pending_human_review			grammatical	1	Last week they buckled three belts	simple_past	buckled	belts	buckle	belt	0.667	none	USF:Cue_Target_Pairs.A-B:7781	yes	yes	yes	yes	yes	yes	
CAND_GRAM_000037	plus	candidate_pending_human_review			grammatical	1	She is buckling four belts	be_progressive	buckling	belts	buckle	belt	0.667	none	USF:Cue_Target_Pairs.A-B:7781	yes	yes	yes	yes	yes	yes	
CAND_GRAM_000038	plus	candidate_pending_human_review			grammatical	1	She does not buckle four belts	do_negation	buckle	belts	buckle	belt	0.667	none	USF:Cue_Target_Pairs.A-B:7781	yes	yes	yes	yes	yes	yes	
CAND_GRAM_000039	plus	candidate_pending_human_review			grammatical	1	Every day she buckles four belts	present_3s	buckles	belts	buckle	belt	0.667	none	USF:Cue_Target_Pairs.A-B:7781	yes	yes	yes	yes	yes	yes	
CAND_GRAM_000040	plus	candidate_pending_human_review			grammatical	1	Last week she buckled four belts	simple_past	buckled	belts	buckle	belt	0.667	none	USF:Cue_Target_Pairs.A-B:7781	yes	yes	yes	yes	yes	yes	
CAND_GRAM_000041	plus	candidate_pending_human_review			grammatical	1	He is buckling four belts	be_progressive	buckling	belts	buckle	belt	0.667	none	USF:Cue_Target_Pairs.A-B:7781	yes	yes	yes	yes	yes	yes	
CAND_GRAM_000042	plus	candidate_pending_human_review			grammatical	1	He does not buckle four belts	do_negation	buckle	belts	buckle	belt	0.667	none	USF:Cue_Target_Pairs.A-B:7781	yes	yes	yes	yes	yes	yes	
CAND_GRAM_000043	plus	candidate_pending_human_review			grammatical	1	Every day he buckles four belts	present_3s	buckles	belts	buckle	belt	0.667	none	USF:Cue_Target_Pairs.A-B:7781	yes	yes	yes	yes	yes	yes	
CAND_GRAM_000044	plus	candidate_pending_human_review			grammatical	1	Last week he buckled four belts	simple_past	buckled	belts	buckle	belt	0.667	none	USF:Cue_Target_Pairs.A-B:7781	yes	yes	yes	yes	yes	yes	
CAND_GRAM_000045	plus	candidate_pending_human_review			grammatical	1	They are buckling four belts	be_progressive	buckling	belts	buckle	belt	0.667	none	USF:Cue_Target_Pairs.A-B:7781	yes	yes	yes	yes	yes	yes	
CAND_GRAM_000046	plus	candidate_pending_human_review			grammatical	1	They do not buckle four belts	do_negation	buckle	belts	buckle	belt	0.667	none	USF:Cue_Target_Pairs.A-B:7781	yes	yes	yes	yes	yes	yes	
CAND_GRAM_000047	plus	candidate_pending_human_review			grammatical	1	Every day they buckle four belts	present_3s	buckle	belts	buckle	belt	0.667	none	USF:Cue_Target_Pairs.A-B:7781	yes	yes	yes	yes	yes	yes	
CAND_GRAM_000048	plus	candidate_pending_human_review			grammatical	1	Last week they buckled four belts	simple_past	buckled	belts	buckle	belt	0.667	none	USF:Cue_Target_Pairs.A-B:7781	yes	yes	yes	yes	yes	yes	
CAND_GRAM_000049	plus	candidate_pending_human_review			grammatical	1	She is buckling five belts	be_progressive	buckling	belts	buckle	belt	0.667	none	USF:Cue_Target_Pairs.A-B:7781	yes	yes	yes	yes	yes	yes	
CAND_GRAM_000050	plus	candidate_pending_human_review			grammatical	1	She does not buckle five belts	do_negation	buckle	belts	buckle	belt	0.667	none	USF:Cue_Target_Pairs.A-B:7781	yes	yes	yes	yes	yes	yes	
CAND_GRAM_000051	plus	candidate_pending_human_review			grammatical	1	Every day she buckles five belts	present_3s	buckles	belts	buckle	belt	0.667	none	USF:Cue_Target_Pairs.A-B:7781	yes	yes	yes	yes	yes	yes	
CAND_GRAM_000052	plus	candidate_pending_human_review			grammatical	1	Last week she buckled five belts	simple_past	buckled	belts	buckle	belt	0.667	none	USF:Cue_Target_Pairs.A-B:7781	yes	yes	yes	yes	yes	yes	
CAND_GRAM_000053	plus	candidate_pending_human_review			grammatical	1	He is buckling five belts	be_progressive	buckling	belts	buckle	belt	0.667	none	USF:Cue_Target_Pairs.A-B:7781	yes	yes	yes	yes	yes	yes	
CAND_GRAM_000054	plus	candidate_pending_human_review			grammatical	1	He does not buckle five belts	do_negation	buckle	belts	buckle	belt	0.667	none	USF:Cue_Target_Pairs.A-B:7781	yes	yes	yes	yes	yes	yes	
CAND_GRAM_000055	plus	candidate_pending_human_review			grammatical	1	Every day he buckles five belts	present_3s	buckles	belts	buckle	belt	0.667	none	USF:Cue_Target_Pairs.A-B:7781	yes	yes	yes	yes	yes	yes	
CAND_GRAM_000056	plus	candidate_pending_human_review			grammatical	1	Last week he buckled five belts	simple_past	buckled	belts	buckle	belt	0.667	none	USF:Cue_Target_Pairs.A-B:7781	yes	yes	yes	yes	yes	yes	
CAND_GRAM_000057	plus	candidate_pending_human_review			grammatical	1	They are buckling five belts	be_progressive	buckling	belts	buckle	belt	0.667	none	USF:Cue_Target_Pairs.A-B:7781	yes	yes	yes	yes	yes	yes	
CAND_GRAM_000058	plus	candidate_pending_human_review			grammatical	1	They do not buckle five belts	do_negation	buckle	belts	buckle	belt	0.667	none	USF:Cue_Target_Pairs.A-B:7781	yes	yes	yes	yes	yes	yes	
CAND_GRAM_000059	plus	candidate_pending_human_review			grammatical	1	Every day they buckle five belts	present_3s	buckle	belts	buckle	belt	0.667	none	USF:Cue_Target_Pairs.A-B:7781	yes	yes	yes	yes	yes	yes	
CAND_GRAM_000060	plus	candidate_pending_human_review			grammatical	1	Last week they buckled five belts	simple_past	buckled	belts	buckle	belt	0.667	none	USF:Cue_Target_Pairs.A-B:7781	yes	yes	yes	yes	yes	yes	
CAND_GRAM_000061	plus	candidate_pending_human_review			grammatical	1	She is buckling six belts	be_progressive	buckling	belts	buckle	belt	0.667	none	USF:Cue_Target_Pairs.A-B:7781	yes	yes	yes	yes	yes	yes	
CAND_GRAM_000062	plus	candidate_pending_human_review			grammatical	1	She does not buckle six belts	do_negation	buckle	belts	buckle	belt	0.667	none	USF:Cue_Target_Pairs.A-B:7781	yes	yes	yes	yes	yes	yes	
CAND_GRAM_000063	plus	candidate_pending_human_review			grammatical	1	Every day she buckles six belts	present_3s	buckles	belts	buckle	belt	0.667	none	USF:Cue_Target_Pairs.A-B:7781	yes	yes	yes	yes	yes	yes	
CAND_GRAM_000064	plus	candidate_pending_human_review			grammatical	1	Last week she buckled six belts	simple_past	buckled	belts	buckle	belt	0.667	none	USF:Cue_Target_Pairs.A-B:7781	yes	yes	yes	yes	yes	yes	
CAND_GRAM_000065	plus	candidate_pending_human_review			grammatical	1	He is buckling six belts	be_progressive	buckling	belts	buckle	belt	0.667	none	USF:Cue_Target_Pairs.A-B:7781	yes	yes	yes	yes	yes	yes	
CAND_GRAM_000066	plus	candidate_pending_human_review			grammatical	1	He does not buckle six belts	do_negation	buckle	belts	buckle	belt	0.667	none	USF:Cue_Target_Pairs.A-B:7781	yes	yes	yes	yes	yes	yes	
CAND_GRAM_000067	plus	candidate_pending_human_review			grammatical	1	Every day he buckles six belts	present_3s	buckles	belts	buckle	belt	0.667	none	USF:Cue_Target_Pairs.A-B:7781	yes	yes	yes	yes	yes	yes	
CAND_GRAM_000068	plus	candidate_pending_human_review			grammatical	1	Last week he buckled six belts	simple_past	buckled	belts	buckle	belt	0.667	none	USF:Cue_Target_Pairs.A-B:7781	yes	yes	yes	yes	yes	yes	
CAND_GRAM_000069	plus	candidate_pending_human_review			grammatical	1	They are buckling six belts	be_progressive	buckling	belts	buckle	belt	0.667	none	USF:Cue_Target_Pairs.A-B:7781	yes	yes	yes	yes	yes	yes	
CAND_GRAM_000070	plus	candidate_pending_human_review			grammatical	1	They do not buckle six belts	do_negation	buckle	belts	buckle	belt	0.667	none	USF:Cue_Target_Pairs.A-B:7781	yes	yes	yes	yes	yes	yes	
CAND_GRAM_000071	plus	candidate_pending_human_review			grammatical	1	Every day they buckle six belts	present_3s	buckle	belts	buckle	belt	0.667	none	USF:Cue_Target_Pairs.A-B:7781	yes	yes	yes	yes	yes	yes	
CAND_GRAM_000072	plus	candidate_pending_human_review			grammatical	1	Last week they buckled six belts	simple_past	buckled	belts	buckle	belt	0.667	none	USF:Cue_Target_Pairs.A-B:7781	yes	yes	yes	yes	yes	yes	
CAND_GRAM_000073	plus	candidate_pending_human_review			grammatical	1	She is singing one song	be_progressive	singing	song	sing	song	0.456	none	USF:Cue_Target_Pairs.S:3258	yes	yes	yes	yes	yes	yes	
CAND_GRAM_000074	plus	candidate_pending_human_review			grammatical	1	She does not sing one song	do_negation	sing	song	sing	song	0.456	none	USF:Cue_Target_Pairs.S:3258	yes	yes	yes	yes	yes	yes	
CAND_GRAM_000075	plus	candidate_pending_human_review			grammatical	1	Every day she sings one song	present_3s	sings	song	sing	song	0.456	none	USF:Cue_Target_Pairs.S:3258	yes	yes	yes	yes	yes	yes	
CAND_GRAM_000076	plus	candidate_pending_human_review			grammatical	1	Last week she sang one song	simple_past	sang	song	sing	song	0.456	none	USF:Cue_Target_Pairs.S:3258	yes	yes	yes	yes	yes	yes	
CAND_GRAM_000077	plus	candidate_pending_human_review			grammatical	1	He is singing one song	be_progressive	singing	song	sing	song	0.456	none	USF:Cue_Target_Pairs.S:3258	yes	yes	yes	yes	yes	yes	
CAND_GRAM_000078	plus	candidate_pending_human_review			grammatical	1	He does not sing one song	do_negation	sing	song	sing	song	0.456	none	USF:Cue_Target_Pairs.S:3258	yes	yes	yes	yes	yes	yes	
CAND_GRAM_000079	plus	candidate_pending_human_review			grammatical	1	Every day he sings one song	present_3s	sings	song	sing	song	0.456	none	USF:Cue_Target_Pairs.S:3258	yes	yes	yes	yes	yes	yes	
CAND_GRAM_000080	plus	candidate_pending_human_review			grammatical	1	Last week he sang one song	simple_past	sang	song	sing	song	0.456	none	USF:Cue_Target_Pairs.S:3258	yes	yes	yes	yes	yes	yes	
CAND_GRAM_000081	plus	candidate_pending_human_review			grammatical	1	They are singing one song	be_progressive	singing	song	sing	song	0.456	none	USF:Cue_Target_Pairs.S:3258	yes	yes	yes	yes	yes	yes	
CAND_GRAM_000082	plus	candidate_pending_human_review			grammatical	1	They do not sing one song	do_negation	sing	song	sing	song	0.456	none	USF:Cue_Target_Pairs.S:3258	yes	yes	yes	yes	yes	yes	
CAND_GRAM_000083	plus	candidate_pending_human_review			grammatical	1	Every day they sing one song	present_3s	sing	song	sing	song	0.456	none	USF:Cue_Target_Pairs.S:3258	yes	yes	yes	yes	yes	yes	
CAND_GRAM_000084	plus	candidate_pending_human_review			grammatical	1	Last week they sang one song	simple_past	sang	song	sing	song	0.456	none	USF:Cue_Target_Pairs.S:3258	yes	yes	yes	yes	yes	yes	
CAND_GRAM_000085	plus	candidate_pending_human_review			grammatical	1	She is singing two songs	be_progressive	singing	songs	sing	song	0.456	none	USF:Cue_Target_Pairs.S:3258	yes	yes	yes	yes	yes	yes	
CAND_GRAM_000086	plus	candidate_pending_human_review			grammatical	1	She does not sing two songs	do_negation	sing	songs	sing	song	0.456	none	USF:Cue_Target_Pairs.S:3258	yes	yes	yes	yes	yes	yes	
CAND_GRAM_000087	plus	candidate_pending_human_review			grammatical	1	Every day she sings two songs	present_3s	sings	songs	sing	song	0.456	none	USF:Cue_Target_Pairs.S:3258	yes	yes	yes	yes	yes	yes	
CAND_GRAM_000088	plus	candidate_pending_human_review			grammatical	1	Last week she sang two songs	simple_past	sang	songs	sing	song	0.456	none	USF:Cue_Target_Pairs.S:3258	yes	yes	yes	yes	yes	yes	
CAND_GRAM_000089	plus	candidate_pending_human_review			grammatical	1	He is singing two songs	be_progressive	singing	songs	sing	song	0.456	none	USF:Cue_Target_Pairs.S:3258	yes	yes	yes	yes	yes	yes	
CAND_GRAM_000090	plus	candidate_pending_human_review			grammatical	1	He does not sing two songs	do_negation	sing	songs	sing	song	0.456	none	USF:Cue_Target_Pairs.S:3258	yes	yes	yes	yes	yes	yes	
CAND_GRAM_000091	plus	candidate_pending_human_review			grammatical	1	Every day he sings two songs	present_3s	sings	songs	sing	song	0.456	none	USF:Cue_Target_Pairs.S:3258	yes	yes	yes	yes	yes	yes	
CAND_GRAM_000092	plus	candidate_pending_human_review			grammatical	1	Last week he sang two songs	simple_past	sang	songs	sing	song	0.456	none	USF:Cue_Target_Pairs.S:3258	yes	yes	yes	yes	yes	yes	
CAND_GRAM_000093	plus	candidate_pending_human_review			grammatical	1	They are singing two songs	be_progressive	singing	songs	sing	song	0.456	none	USF:Cue_Target_Pairs.S:3258	yes	yes	yes	yes	yes	yes	
CAND_GRAM_000094	plus	candidate_pending_human_review			grammatical	1	They do not sing two songs	do_negation	sing	songs	sing	song	0.456	none	USF:Cue_Target_Pairs.S:3258	yes	yes	yes	yes	yes	yes	
CAND_GRAM_000095	plus	candidate_pending_human_review			grammatical	1	Every day they sing two songs	present_3s	sing	songs	sing	song	0.456	none	USF:Cue_Target_Pairs.S:3258	yes	yes	yes	yes	yes	yes	
CAND_GRAM_000096	plus	candidate_pending_human_review			grammatical	1	Last week they sang two songs	simple_past	sang	songs	sing	song	0.456	none	USF:Cue_Target_Pairs.S:3258	yes	yes	yes	yes	yes	yes	
CAND_GRAM_000097	plus	candidate_pending_human_review			grammatical	1	She is singing three songs	be_progressive	singing	songs	sing	song	0.456	none	USF:Cue_Target_Pairs.S:3258	yes	yes	yes	yes	yes	yes	
CAND_GRAM_000098	plus	candidate_pending_human_review			grammatical	1	She does not sing three songs	do_negation	sing	songs	sing	song	0.456	none	USF:Cue_Target_Pairs.S:3258	yes	yes	yes	yes	yes	yes	
CAND_GRAM_000099	plus	candidate_pending_human_review			grammatical	1	Every day she sings three songs	present_3s	sings	songs	sing	song	0.456	none	USF:Cue_Target_Pairs.S:3258	yes	yes	yes	yes	yes	yes	
CAND_GRAM_000100	plus	candidate_pending_human_review			grammatical	1	Last week she sang three songs	simple_past	sang	songs	sing	song	0.456	none	USF:Cue_Target_Pairs.S:3258	yes	yes	yes	yes	yes	yes	
CAND_GRAM_000101	plus	candidate_pending_human_review			grammatical	1	He is singing three songs	be_progressive	singing	songs	sing	song	0.456	none	USF:Cue_Target_Pairs.S:3258	yes	yes	yes	yes	yes	yes	
CAND_GRAM_000102	plus	candidate_pending_human_review			grammatical	1	He does not sing three songs	do_negation	sing	songs	sing	song	0.456	none	USF:Cue_Target_Pairs.S:3258	yes	yes	yes	yes	yes	yes	
CAND_GRAM_000103	plus	candidate_pending_human_review			grammatical	1	Every day he sings three songs	present_3s	sings	songs	sing	song	0.456	none	USF:Cue_Target_Pairs.S:3258	yes	yes	yes	yes	yes	yes	
CAND_GRAM_000104	plus	candidate_pending_human_review			grammatical	1	Last week he sang three songs	simple_past	sang	songs	sing	song	0.456	none	USF:Cue_Target_Pairs.S:3258	yes	yes	yes	yes	yes	yes	
CAND_GRAM_000105	plus	candidate_pending_human_review			grammatical	1	They are singing three songs	be_progressive	singing	songs	sing	song	0.456	none	USF:Cue_Target_Pairs.S:3258	yes	yes	yes	yes	yes	yes	
CAND_GRAM_000106	plus	candidate_pending_human_review			grammatical	1	They do not sing three songs	do_negation	sing	songs	sing	song	0.456	none	USF:Cue_Target_Pairs.S:3258	yes	yes	yes	yes	yes	yes	
CAND_GRAM_000107	plus	candidate_pending_human_review			grammatical	1	Every day they sing three songs	present_3s	sing	songs	sing	song	0.456	none	USF:Cue_Target_Pairs.S:3258	yes	yes	yes	yes	yes	yes	
CAND_GRAM_000108	plus	candidate_pending_human_review			grammatical	1	Last week they sang three songs	simple_past	sang	songs	sing	song	0.456	none	USF:Cue_Target_Pairs.S:3258	yes	yes	yes	yes	yes	yes	
CAND_GRAM_000109	plus	candidate_pending_human_review			grammatical	1	She is singing four songs	be_progressive	singing	songs	sing	song	0.456	none	USF:Cue_Target_Pairs.S:3258	yes	yes	yes	yes	yes	yes	
CAND_GRAM_000110	plus	candidate_pending_human_review			grammatical	1	She does not sing four songs	do_negation	sing	songs	sing	song	0.456	none	USF:Cue_Target_Pairs.S:3258	yes	yes	yes	yes	yes	yes	
CAND_GRAM_000111	plus	candidate_pending_human_review			grammatical	1	Every day she sings four songs	present_3s	sings	songs	sing	song	0.456	none	USF:Cue_Target_Pairs.S:3258	yes	yes	yes	yes	yes	yes	
CAND_GRAM_000112	plus	candidate_pending_human_review			grammatical	1	Last week she sang four songs	simple_past	sang	songs	sing	song	0.456	none	USF:Cue_Target_Pairs.S:3258	yes	yes	yes	yes	yes	yes	
CAND_GRAM_000113	plus	candidate_pending_human_review			grammatical	1	He is singing four songs	be_progressive	singing	songs	sing	song	0.456	none	USF:Cue_Target_Pairs.S:3258	yes	yes	yes	yes	yes	yes	
CAND_GRAM_000114	plus	candidate_pending_human_review			grammatical	1	He does not sing four songs	do_negation	sing	songs	sing	song	0.456	none	USF:Cue_Target_Pairs.S:3258	yes	yes	yes	yes	yes	yes	
CAND_GRAM_000115	plus	candidate_pending_human_review			grammatical	1	Every day he sings four songs	present_3s	sings	songs	sing	song	0.456	none	USF:Cue_Target_Pairs.S:3258	yes	yes	yes	yes	yes	yes	
CAND_GRAM_000116	plus	candidate_pending_human_review			grammatical	1	Last week he sang four songs	simple_past	sang	songs	sing	song	0.456	none	USF:Cue_Target_Pairs.S:3258	yes	yes	yes	yes	yes	yes	
CAND_GRAM_000117	plus	candidate_pending_human_review			grammatical	1	They are singing four songs	be_progressive	singing	songs	sing	song	0.456	none	USF:Cue_Target_Pairs.S:3258	yes	yes	yes	yes	yes	yes	
CAND_GRAM_000118	plus	candidate_pending_human_review			grammatical	1	They do not sing four songs	do_negation	sing	songs	sing	song	0.456	none	USF:Cue_Target_Pairs.S:3258	yes	yes	yes	yes	yes	yes	
CAND_GRAM_000119	plus	candidate_pending_human_review			grammatical	1	Every day they sing four songs	present_3s	sing	songs	sing	song	0.456	none	USF:Cue_Target_Pairs.S:3258	yes	yes	yes	yes	yes	yes	
CAND_GRAM_000120	plus	candidate_pending_human_review			grammatical	1	Last week they sang four songs	simple_past	sang	songs	sing	song	0.456	none	USF:Cue_Target_Pairs.S:3258	yes	yes	yes	yes	yes	yes	
CAND_GRAM_000121	plus	candidate_pending_human_review			grammatical	1	She is singing five songs	be_progressive	singing	songs	sing	song	0.456	none	USF:Cue_Target_Pairs.S:3258	yes	yes	yes	yes	yes	yes	
CAND_GRAM_000122	plus	candidate_pending_human_review			grammatical	1	She does not sing five songs	do_negation	sing	songs	sing	song	0.456	none	USF:Cue_Target_Pairs.S:3258	yes	yes	yes	yes	yes	yes	
CAND_GRAM_000123	plus	candidate_pending_human_review			grammatical	1	Every day she sings five songs	present_3s	sings	songs	sing	song	0.456	none	USF:Cue_Target_Pairs.S:3258	yes	yes	yes	yes	yes	yes	
CAND_GRAM_000124	plus	candidate_pending_human_review			grammatical	1	Last week she sang five songs	simple_past	sang	songs	sing	song	0.456	none	USF:Cue_Target_Pairs.S:3258	yes	yes	yes	yes	yes	yes	
CAND_GRAM_000125	plus	candidate_pending_human_review			grammatical	1	He is singing five songs	be_progressive	singing	songs	sing	song	0.456	none	USF:Cue_Target_Pairs.S:3258	yes	yes	yes	yes	yes	yes	
CAND_GRAM_000126	plus	candidate_pending_human_review			grammatical	1	He does not sing five songs	do_negation	sing	songs	sing	song	0.456	none	USF:Cue_Target_Pairs.S:3258	yes	yes	yes	yes	yes	yes	
CAND_GRAM_000127	plus	candidate_pending_human_review			grammatical	1	Every day he sings five songs	present_3s	sings	songs	sing	song	0.456	none	USF:Cue_Target_Pairs.S:3258	yes	yes	yes	yes	yes	yes	
CAND_GRAM_000128	plus	candidate_pending_human_review			grammatical	1	Last week he sang five songs	simple_past	sang	songs	sing	song	0.456	none	USF:Cue_Target_Pairs.S:3258	yes	yes	yes	yes	yes	yes	
CAND_GRAM_000129	plus	candidate_pending_human_review			grammatical	1	They are singing five songs	be_progressive	singing	songs	sing	song	0.456	none	USF:Cue_Target_Pairs.S:3258	yes	yes	yes	yes	yes	yes	
CAND_GRAM_000130	plus	candidate_pending_human_review			grammatical	1	They do not sing five songs	do_negation	sing	songs	sing	song	0.456	none	USF:Cue_Target_Pairs.S:3258	yes	yes	yes	yes	yes	yes	
CAND_GRAM_000131	plus	candidate_pending_human_review			grammatical	1	Every day they sing five songs	present_3s	sing	songs	sing	song	0.456	none	USF:Cue_Target_Pairs.S:3258	yes	yes	yes	yes	yes	yes	
CAND_GRAM_000132	plus	candidate_pending_human_review			grammatical	1	Last week they sang five songs	simple_past	sang	songs	sing	song	0.456	none	USF:Cue_Target_Pairs.S:3258	yes	yes	yes	yes	yes	yes	
CAND_GRAM_000133	plus	candidate_pending_human_review			grammatical	1	She is singing six songs	be_progressive	singing	songs	sing	song	0.456	none	USF:Cue_Target_Pairs.S:3258	yes	yes	yes	yes	yes	yes	
CAND_GRAM_000134	plus	candidate_pending_human_review			grammatical	1	She does not sing six songs	do_negation	sing	songs	sing	song	0.456	none	USF:Cue_Target_Pairs.S:3258	yes	yes	yes	yes	yes	yes	
CAND_GRAM_000135	plus	candidate_pending_human_review			grammatical	1	Every day she sings six songs	present_3s	sings	songs	sing	song	0.456	none	USF:Cue_Target_Pairs.S:3258	yes	yes	yes	yes	yes	yes	
CAND_GRAM_000136	plus	candidate_pending_human_review			grammatical	1	Last week she sang six songs	simple_past	sang	songs	sing	song	0.456	none	USF:Cue_Target_Pairs.S:3258	yes	yes	yes	yes	yes	yes	
CAND_GRAM_000137	plus	candidate_pending_human_review			grammatical	1	He is singing six songs	be_progressive	singing	songs	sing	song	0.456	none	USF:Cue_Target_Pairs.S:3258	yes	yes	yes	yes	yes	yes	
CAND_GRAM_000138	plus	candidate_pending_human_review			grammatical	1	He does not sing six songs	do_negation	sing	songs	sing	song	0.456	none	USF:Cue_Target_Pairs.S:3258	yes	yes	yes	yes	yes	yes	
CAND_GRAM_000139	plus	candidate_pending_human_review			grammatical	1	Every day he sings six songs	present_3s	sings	songs	sing	song	0.456	none	USF:Cue_Target_Pairs.S:3258	yes	yes	yes	yes	yes	yes	
CAND_GRAM_000140	plus	candidate_pending_human_review			grammatical	1	Last week he sang six songs	simple_past	sang	songs	sing	song	0.456	none	USF:Cue_Target_Pairs.S:3258	yes	yes	yes	yes	yes	yes	
CAND_GRAM_000141	plus	candidate_pending_human_review			grammatical	1	They are singing six songs	be_progressive	singing	songs	sing	song	0.456	none	USF:Cue_Target_Pairs.S:3258	yes	yes	yes	yes	yes	yes	
CAND_GRAM_000142	plus	candidate_pending_human_review			grammatical	1	They do not sing six songs	do_negation	sing	songs	sing	song	0.456	none	USF:Cue_Target_Pairs.S:3258	yes	yes	yes	yes	yes	yes	
CAND_GRAM_000143	plus	candidate_pending_human_review			grammatical	1	Every day they sing six songs	present_3s	sing	songs	sing	song	0.456	none	USF:Cue_Target_Pairs.S:3258	yes	yes	yes	yes	yes	yes	
CAND_GRAM_000144	plus	candidate_pending_human_review			grammatical	1	Last week they sang six songs	simple_past	sang	songs	sing	song	0.456	none	USF:Cue_Target_Pairs.S:3258	yes	yes	yes	yes	yes	yes	
CAND_GRAM_000145	plus	candidate_pending_human_review			grammatical	1	She is building one house	be_progressive	building	house	build	house	0.156	none	USF:Cue_Target_Pairs.A-B:7874	yes	yes	yes	yes	yes	yes	
CAND_GRAM_000146	plus	candidate_pending_human_review			grammatical	1	She does not build one house	do_negation	build	house	build	house	0.156	none	USF:Cue_Target_Pairs.A-B:7874	yes	yes	yes	yes	yes	yes	
CAND_GRAM_000147	plus	candidate_pending_human_review			grammatical	1	Every day she builds one house	present_3s	builds	house	build	house	0.156	none	USF:Cue_Target_Pairs.A-B:7874	yes	yes	yes	yes	yes	yes	
CAND_GRAM_000148	plus	candidate_pending_human_review			grammatical	1	Last week she built one house	simple_past	built	house	build	house	0.156	none	USF:Cue_Target_Pairs.A-B:7874	yes	yes	yes	yes	yes	yes	
CAND_GRAM_000149	plus	candidate_pending_human_review			grammatical	1	He is building one house	be_progressive	building	house	build	house	0.156	none	USF:Cue_Target_Pairs.A-B:7874	yes	yes	yes	yes	yes	yes	
CAND_GRAM_000150	plus	candidate_pending_human_review			grammatical	1	He does not build one house	do_negation	build	house	build	house	0.156	none	USF:Cue_Target_Pairs.A-B:7874	yes	yes	yes	yes	yes	yes	
CAND_GRAM_000151	plus	candidate_pending_human_review			grammatical	1	Every day he builds one house	present_3s	builds	house	build	house	0.156	none	USF:Cue_Target_Pairs.A-B:7874	yes	yes	yes	yes	yes	yes	
CAND_GRAM_000152	plus	candidate_pending_human_review			grammatical	1	Last week he built one house	simple_past	built	house	build	house	0.156	none	USF:Cue_Target_Pairs.A-B:7874	yes	yes	yes	yes	yes	yes	
CAND_GRAM_000153	plus	candidate_pending_human_review			grammatical	1	They are building one house	be_progressive	building	house	build	house	0.156	none	USF:Cue_Target_Pairs.A-B:7874	yes	yes	yes	yes	yes	yes	
CAND_GRAM_000154	plus	candidate_pending_human_review			grammatical	1	They do not build one house	do_negation	build	house	build	house	0.156	none	USF:Cue_Target_Pairs.A-B:7874	yes	yes	yes	yes	yes	yes	
CAND_GRAM_000155	plus	candidate_pending_human_review			grammatical	1	Every day they build one house	present_3s	build	house	build	house	0.156	none	USF:Cue_Target_Pairs.A-B:7874	yes	yes	yes	yes	yes	yes	
CAND_GRAM_000156	plus	candidate_pending_human_review			grammatical	1	Last week they built one house	simple_past	built	house	build	house	0.156	none	USF:Cue_Target_Pairs.A-B:7874	yes	yes	yes	yes	yes	yes	
CAND_GRAM_000157	plus	candidate_pending_human_review			grammatical	1	She is building two houses	be_progressive	building	houses	build	house	0.156	none	USF:Cue_Target_Pairs.A-B:7874	yes	yes	yes	yes	yes	yes	
CAND_GRAM_000158	plus	candidate_pending_human_review			grammatical	1	She does not build two houses	do_negation	build	houses	build	house	0.156	none	USF:Cue_Target_Pairs.A-B:7874	yes	yes	yes	yes	yes	yes	
CAND_GRAM_000159	plus	candidate_pending_human_review			grammatical	1	Every day she builds two houses	present_3s	builds	houses	build	house	0.156	none	USF:Cue_Target_Pairs.A-B:7874	yes	yes	yes	yes	yes	yes	
CAND_GRAM_000160	plus	candidate_pending_human_review			grammatical	1	Last week she built two houses	simple_past	built	houses	build	house	0.156	none	USF:Cue_Target_Pairs.A-B:7874	yes	yes	yes	yes	yes	yes	
CAND_GRAM_000161	plus	candidate_pending_human_review			grammatical	1	He is building two houses	be_progressive	building	houses	build	house	0.156	none	USF:Cue_Target_Pairs.A-B:7874	yes	yes	yes	yes	yes	yes	
CAND_GRAM_000162	plus	candidate_pending_human_review			grammatical	1	He does not build two houses	do_negation	build	houses	build	house	0.156	none	USF:Cue_Target_Pairs.A-B:7874	yes	yes	yes	yes	yes	yes	
CAND_GRAM_000163	plus	candidate_pending_human_review			grammatical	1	Every day he builds two houses	present_3s	builds	houses	build	house	0.156	none	USF:Cue_Target_Pairs.A-B:7874	yes	yes	yes	yes	yes	yes	
CAND_GRAM_000164	plus	candidate_pending_human_review			grammatical	1	Last week he built two houses	simple_past	built	houses	build	house	0.156	none	USF:Cue_Target_Pairs.A-B:7874	yes	yes	yes	yes	yes	yes	
CAND_GRAM_000165	plus	candidate_pending_human_review			grammatical	1	They are building two houses	be_progressive	building	houses	build	house	0.156	none	USF:Cue_Target_Pairs.A-B:7874	yes	yes	yes	yes	yes	yes	
CAND_GRAM_000166	plus	candidate_pending_human_review			grammatical	1	They do not build two houses	do_negation	build	houses	build	house	0.156	none	USF:Cue_Target_Pairs.A-B:7874	yes	yes	yes	yes	yes	yes	
CAND_GRAM_000167	plus	candidate_pending_human_review			grammatical	1	Every day they build two houses	present_3s	build	houses	build	house	0.156	none	USF:Cue_Target_Pairs.A-B:7874	yes	yes	yes	yes	yes	yes	
CAND_GRAM_000168	plus	candidate_pending_human_review			grammatical	1	Last week they built two houses	simple_past	built	houses	build	house	0.156	none	USF:Cue_Target_Pairs.A-B:7874	yes	yes	yes	yes	yes	yes	
CAND_GRAM_000169	plus	candidate_pending_human_review			grammatical	1	She is building three houses	be_progressive	building	houses	build	house	0.156	none	USF:Cue_Target_Pairs.A-B:7874	yes	yes	yes	yes	yes	yes	
CAND_GRAM_000170	plus	candidate_pending_human_review			grammatical	1	She does not build three houses	do_negation	build	houses	build	house	0.156	none	USF:Cue_Target_Pairs.A-B:7874	yes	yes	yes	yes	yes	yes	
CAND_GRAM_000171	plus	candidate_pending_human_review			grammatical	1	Every day she builds three houses	present_3s	builds	houses	build	house	0.156	none	USF:Cue_Target_Pairs.A-B:7874	yes	yes	yes	yes	yes	yes	
CAND_GRAM_000172	plus	candidate_pending_human_review			grammatical	1	Last week she built three houses	simple_past	built	houses	build	house	0.156	none	USF:Cue_Target_Pairs.A-B:7874	yes	yes	yes	yes	yes	yes	
CAND_GRAM_000173	plus	candidate_pending_human_review			grammatical	1	He is building three houses	be_progressive	building	houses	build	house	0.156	none	USF:Cue_Target_Pairs.A-B:7874	yes	yes	yes	yes	yes	yes	
CAND_GRAM_000174	plus	candidate_pending_human_review			grammatical	1	He does not build three houses	do_negation	build	houses	build	house	0.156	none	USF:Cue_Target_Pairs.A-B:7874	yes	yes	yes	yes	yes	yes	
CAND_GRAM_000175	plus	candidate_pending_human_review			grammatical	1	Every day he builds three houses	present_3s	builds	houses	build	house	0.156	none	USF:Cue_Target_Pairs.A-B:7874	yes	yes	yes	yes	yes	yes	
CAND_GRAM_000176	plus	candidate_pending_human_review			grammatical	1	Last week he built three houses	simple_past	built	houses	build	house	0.156	none	USF:Cue_Target_Pairs.A-B:7874	yes	yes	yes	yes	yes	yes	
CAND_GRAM_000177	plus	candidate_pending_human_review			grammatical	1	They are building three houses	be_progressive	building	houses	build	house	0.156	none	USF:Cue_Target_Pairs.A-B:7874	yes	yes	yes	yes	yes	yes	
CAND_GRAM_000178	plus	candidate_pending_human_review			grammatical	1	They do not build three houses	do_negation	build	houses	build	house	0.156	none	USF:Cue_Target_Pairs.A-B:7874	yes	yes	yes	yes	yes	yes	
CAND_GRAM_000179	plus	candidate_pending_human_review			grammatical	1	Every day they build three houses	present_3s	build	houses	build	house	0.156	none	USF:Cue_Target_Pairs.A-B:7874	yes	yes	yes	yes	yes	yes	
CAND_GRAM_000180	plus	candidate_pending_human_review			grammatical	1	Last week they built three houses	simple_past	built	houses	build	house	0.156	none	USF:Cue_Target_Pairs.A-B:7874	yes	yes	yes	yes	yes	yes	
CAND_GRAM_000181	plus	candidate_pending_human_review			grammatical	1	She is building four houses	be_progressive	building	houses	build	house	0.156	none	USF:Cue_Target_Pairs.A-B:7874	yes	yes	yes	yes	yes	yes	
CAND_GRAM_000182	plus	candidate_pending_human_review			grammatical	1	She does not build four houses	do_negation	build	houses	build	house	0.156	none	USF:Cue_Target_Pairs.A-B:7874	yes	yes	yes	yes	yes	yes	
CAND_GRAM_000183	plus	candidate_pending_human_review			grammatical	1	Every day she builds four houses	present_3s	builds	houses	build	house	0.156	none	USF:Cue_Target_Pairs.A-B:7874	yes	yes	yes	yes	yes	yes	
CAND_GRAM_000184	plus	candidate_pending_human_review			grammatical	1	Last week she built four houses	simple_past	built	houses	build	house	0.156	none	USF:Cue_Target_Pairs.A-B:7874	yes	yes	yes	yes	yes	yes	
CAND_GRAM_000185	plus	candidate_pending_human_review			grammatical	1	He is building four houses	be_progressive	building	houses	build	house	0.156	none	USF:Cue_Target_Pairs.A-B:7874	yes	yes	yes	yes	yes	yes	
CAND_GRAM_000186	plus	candidate_pending_human_review			grammatical	1	He does not build four houses	do_negation	build	houses	build	house	0.156	none	USF:Cue_Target_Pairs.A-B:7874	yes	yes	yes	yes	yes	yes	
CAND_GRAM_000187	plus	candidate_pending_human_review			grammatical	1	Every day he builds four houses	present_3s	builds	houses	build	house	0.156	none	USF:Cue_Target_Pairs.A-B:7874	yes	yes	yes	yes	yes	yes	
CAND_GRAM_000188	plus	candidate_pending_human_review			grammatical	1	Last week he built four houses	simple_past	built	houses	build	house	0.156	none	USF:Cue_Target_Pairs.A-B:7874	yes	yes	yes	yes	yes	yes	
CAND_GRAM_000189	plus	candidate_pending_human_review			grammatical	1	They are building four houses	be_progressive	building	houses	build	house	0.156	none	USF:Cue_Target_Pairs.A-B:7874	yes	yes	yes	yes	yes	yes	
CAND_GRAM_000190	plus	candidate_pending_human_review			grammatical	1	They do not build four houses	do_negation	build	houses	build	house	0.156	none	USF:Cue_Target_Pairs.A-B:7874	yes	yes	yes	yes	yes	yes	
CAND_GRAM_000191	plus	candidate_pending_human_review			grammatical	1	Every day they build four houses	present_3s	build	houses	build	house	0.156	none	USF:Cue_Target_Pairs.A-B:7874	yes	yes	yes	yes	yes	yes	
CAND_GRAM_000192	plus	candidate_pending_human_review			grammatical	1	Last week they built four houses	simple_past	built	houses	build	house	0.156	none	USF:Cue_Target_Pairs.A-B:7874	yes	yes	yes	yes	yes	yes	
CAND_GRAM_000193	plus	candidate_pending_human_review			grammatical	1	She is building five houses	be_progressive	building	houses	build	house	0.156	none	USF:Cue_Target_Pairs.A-B:7874	yes	yes	yes	yes	yes	yes	
CAND_GRAM_000194	plus	candidate_pending_human_review			grammatical	1	She does not build five houses	do_negation	build	houses	build	house	0.156	none	USF:Cue_Target_Pairs.A-B:7874	yes	yes	yes	yes	yes	yes	
CAND_GRAM_000195	plus	candidate_pending_human_review			grammatical	1	Every day she builds five houses	present_3s	builds	houses	build	house	0.156	none	USF:Cue_Target_Pairs.A-B:7874	yes	yes	yes	yes	yes	yes	
CAND_GRAM_000196	plus	candidate_pending_human_review			grammatical	1	Last week she built five houses	simple_past	built	houses	build	house	0.156	none	USF:Cue_Target_Pairs.A-B:7874	yes	yes	yes	yes	yes	yes	
CAND_GRAM_000197	plus	candidate_pending_human_review			grammatical	1	He is building five houses	be_progressive	building	houses	build	house	0.156	none	USF:Cue_Target_Pairs.A-B:7874	yes	yes	yes	yes	yes	yes	
CAND_GRAM_000198	plus	candidate_pending_human_review			grammatical	1	He does not build five houses	do_negation	build	houses	build	house	0.156	none	USF:Cue_Target_Pairs.A-B:7874	yes	yes	yes	yes	yes	yes	
CAND_GRAM_000199	plus	candidate_pending_human_review			grammatical	1	Every day he builds five houses	present_3s	builds	houses	build	house	0.156	none	USF:Cue_Target_Pairs.A-B:7874	yes	yes	yes	yes	yes	yes	
CAND_GRAM_000200	plus	candidate_pending_human_review			grammatical	1	Last week he built five houses	simple_past	built	houses	build	house	0.156	none	USF:Cue_Target_Pairs.A-B:7874	yes	yes	yes	yes	yes	yes	
CAND_GRAM_000201	plus	candidate_pending_human_review			grammatical	1	They are building five houses	be_progressive	building	houses	build	house	0.156	none	USF:Cue_Target_Pairs.A-B:7874	yes	yes	yes	yes	yes	yes	
CAND_GRAM_000202	plus	candidate_pending_human_review			grammatical	1	They do not build five houses	do_negation	build	houses	build	house	0.156	none	USF:Cue_Target_Pairs.A-B:7874	yes	yes	yes	yes	yes	yes	
CAND_GRAM_000203	plus	candidate_pending_human_review			grammatical	1	Every day they build five houses	present_3s	build	houses	build	house	0.156	none	USF:Cue_Target_Pairs.A-B:7874	yes	yes	yes	yes	yes	yes	
CAND_GRAM_000204	plus	candidate_pending_human_review			grammatical	1	Last week they built five houses	simple_past	built	houses	build	house	0.156	none	USF:Cue_Target_Pairs.A-B:7874	yes	yes	yes	yes	yes	yes	
CAND_GRAM_000205	plus	candidate_pending_human_review			grammatical	1	She is building six houses	be_progressive	building	houses	build	house	0.156	none	USF:Cue_Target_Pairs.A-B:7874	yes	yes	yes	yes	yes	yes	
CAND_GRAM_000206	plus	candidate_pending_human_review			grammatical	1	She does not build six houses	do_negation	build	houses	build	house	0.156	none	USF:Cue_Target_Pairs.A-B:7874	yes	yes	yes	yes	yes	yes	
CAND_GRAM_000207	plus	candidate_pending_human_review			grammatical	1	Every day she builds six houses	present_3s	builds	houses	build	house	0.156	none	USF:Cue_Target_Pairs.A-B:7874	yes	yes	yes	yes	yes	yes	
CAND_GRAM_000208	plus	candidate_pending_human_review			grammatical	1	Last week she built six houses	simple_past	built	houses	build	house	0.156	none	USF:Cue_Target_Pairs.A-B:7874	yes	yes	yes	yes	yes	yes	
CAND_GRAM_000209	plus	candidate_pending_human_review			grammatical	1	He is building six houses	be_progressive	building	houses	build	house	0.156	none	USF:Cue_Target_Pairs.A-B:7874	yes	yes	yes	yes	yes	yes	
CAND_GRAM_000210	plus	candidate_pending_human_review			grammatical	1	He does not build six houses	do_negation	build	houses	build	house	0.156	none	USF:Cue_Target_Pairs.A-B:7874	yes	yes	yes	yes	yes	yes	
CAND_GRAM_000211	plus	candidate_pending_human_review			grammatical	1	Every day he builds six houses	present_3s	builds	houses	build	house	0.156	none	USF:Cue_Target_Pairs.A-B:7874	yes	yes	yes	yes	yes	yes	
CAND_GRAM_000212	plus	candidate_pending_human_review			grammatical	1	Last week he built six houses	simple_past	built	houses	build	house	0.156	none	USF:Cue_Target_Pairs.A-B:7874	yes	yes	yes	yes	yes	yes	
CAND_GRAM_000213	plus	candidate_pending_human_review			grammatical	1	They are building six houses	be_progressive	building	houses	build	house	0.156	none	USF:Cue_Target_Pairs.A-B:7874	yes	yes	yes	yes	yes	yes	
CAND_GRAM_000214	plus	candidate_pending_human_review			grammatical	1	They do not build six houses	do_negation	build	houses	build	house	0.156	none	USF:Cue_Target_Pairs.A-B:7874	yes	yes	yes	yes	yes	yes	
CAND_GRAM_000215	plus	candidate_pending_human_review			grammatical	1	Every day they build six houses	present_3s	build	houses	build	house	0.156	none	USF:Cue_Target_Pairs.A-B:7874	yes	yes	yes	yes	yes	yes	
CAND_GRAM_000216	plus	candidate_pending_human_review			grammatical	1	Last week they built six houses	simple_past	built	houses	build	house	0.156	none	USF:Cue_Target_Pairs.A-B:7874	yes	yes	yes	yes	yes	yes	
CAND_GRAM_000217	plus	candidate_pending_human_review			grammatical	1	She is repairing one television	be_progressive	repairing	television	repair	television	0.022	none	USF:Cue_Target_Pairs.P-R:7948	yes	yes	yes	yes	yes	yes	
CAND_GRAM_000218	plus	candidate_pending_human_review			grammatical	1	She does not repair one television	do_negation	repair	television	repair	television	0.022	none	USF:Cue_Target_Pairs.P-R:7948	yes	yes	yes	yes	yes	yes	
CAND_GRAM_000219	plus	candidate_pending_human_review			grammatical	1	Every day she repairs one television	present_3s	repairs	television	repair	television	0.022	none	USF:Cue_Target_Pairs.P-R:7948	yes	yes	yes	yes	yes	yes	
CAND_GRAM_000220	plus	candidate_pending_human_review			grammatical	1	Last week she repaired one television	simple_past	repaired	television	repair	television	0.022	none	USF:Cue_Target_Pairs.P-R:7948	yes	yes	yes	yes	yes	yes	
CAND_GRAM_000221	plus	candidate_pending_human_review			grammatical	1	He is repairing one television	be_progressive	repairing	television	repair	television	0.022	none	USF:Cue_Target_Pairs.P-R:7948	yes	yes	yes	yes	yes	yes	
CAND_GRAM_000222	plus	candidate_pending_human_review			grammatical	1	He does not repair one television	do_negation	repair	television	repair	television	0.022	none	USF:Cue_Target_Pairs.P-R:7948	yes	yes	yes	yes	yes	yes	
CAND_GRAM_000223	plus	candidate_pending_human_review			grammatical	1	Every day he repairs one television	present_3s	repairs	television	repair	television	0.022	none	USF:Cue_Target_Pairs.P-R:7948	yes	yes	yes	yes	yes	yes	
CAND_GRAM_000224	plus	candidate_pending_human_review			grammatical	1	Last week he repaired one television	simple_past	repaired	television	repair	television	0.022	none	USF:Cue_Target_Pairs.P-R:7948	yes	yes	yes	yes	yes	yes	
CAND_GRAM_000225	plus	candidate_pending_human_review			grammatical	1	They are repairing one television	be_progressive	repairing	television	repair	television	0.022	none	USF:Cue_Target_Pairs.P-R:7948	yes	yes	yes	yes	yes	yes	
CAND_GRAM_000226	plus	candidate_pending_human_review			grammatical	1	They do not repair one television	do_negation	repair	television	repair	television	0.022	none	USF:Cue_Target_Pairs.P-R:7948	yes	yes	yes	yes	yes	yes	
CAND_GRAM_000227	plus	candidate_pending_human_review			grammatical	1	Every day they repair one television	present_3s	repair	television	repair	television	0.022	none	USF:Cue_Target_Pairs.P-R:7948	yes	yes	yes	yes	yes	yes	
CAND_GRAM_000228	plus	candidate_pending_human_review			grammatical	1	Last week they repaired one television	simple_past	repaired	television	repair	television	0.022	none	USF:Cue_Target_Pairs.P-R:7948	yes	yes	yes	yes	yes	yes	
CAND_GRAM_000229	plus	candidate_pending_human_review			grammatical	1	She is repairing two televisions	be_progressive	repairing	televisions	repair	television	0.022	none	USF:Cue_Target_Pairs.P-R:7948	yes	yes	yes	yes	yes	yes	
CAND_GRAM_000230	plus	candidate_pending_human_review			grammatical	1	She does not repair two televisions	do_negation	repair	televisions	repair	television	0.022	none	USF:Cue_Target_Pairs.P-R:7948	yes	yes	yes	yes	yes	yes	
CAND_GRAM_000231	plus	candidate_pending_human_review			grammatical	1	Every day she repairs two televisions	present_3s	repairs	televisions	repair	television	0.022	none	USF:Cue_Target_Pairs.P-R:7948	yes	yes	yes	yes	yes	yes	
CAND_GRAM_000232	plus	candidate_pending_human_review			grammatical	1	Last week she repaired two televisions	simple_past	repaired	televisions	repair	television	0.022	none	USF:Cue_Target_Pairs.P-R:7948	yes	yes	yes	yes	yes	yes	
CAND_GRAM_000233	plus	candidate_pending_human_review			grammatical	1	He is repairing two televisions	be_progressive	repairing	televisions	repair	television	0.022	none	USF:Cue_Target_Pairs.P-R:7948	yes	yes	yes	yes	yes	yes	
CAND_GRAM_000234	plus	candidate_pending_human_review			grammatical	1	He does not repair two televisions	do_negation	repair	televisions	repair	television	0.022	none	USF:Cue_Target_Pairs.P-R:7948	yes	yes	yes	yes	yes	yes	
CAND_GRAM_000235	plus	candidate_pending_human_review			grammatical	1	Every day he repairs two televisions	present_3s	repairs	televisions	repair	television	0.022	none	USF:Cue_Target_Pairs.P-R:7948	yes	yes	yes	yes	yes	yes	
CAND_GRAM_000236	plus	candidate_pending_human_review			grammatical	1	Last week he repaired two televisions	simple_past	repaired	televisions	repair	television	0.022	none	USF:Cue_Target_Pairs.P-R:7948	yes	yes	yes	yes	yes	yes	
CAND_GRAM_000237	plus	candidate_pending_human_review			grammatical	1	They are repairing two televisions	be_progressive	repairing	televisions	repair	television	0.022	none	USF:Cue_Target_Pairs.P-R:7948	yes	yes	yes	yes	yes	yes	
CAND_GRAM_000238	plus	candidate_pending_human_review			grammatical	1	They do not repair two televisions	do_negation	repair	televisions	repair	television	0.022	none	USF:Cue_Target_Pairs.P-R:7948	yes	yes	yes	yes	yes	yes	
CAND_GRAM_000239	plus	candidate_pending_human_review			grammatical	1	Every day they repair two televisions	present_3s	repair	televisions	repair	television	0.022	none	USF:Cue_Target_Pairs.P-R:7948	yes	yes	yes	yes	yes	yes	
CAND_GRAM_000240	plus	candidate_pending_human_review			grammatical	1	Last week they repaired two televisions	simple_past	repaired	televisions	repair	television	0.022	none	USF:Cue_Target_Pairs.P-R:7948	yes	yes	yes	yes	yes	yes	
CAND_GRAM_000241	plus	candidate_pending_human_review			grammatical	1	She is repairing three televisions	be_progressive	repairing	televisions	repair	television	0.022	none	USF:Cue_Target_Pairs.P-R:7948	yes	yes	yes	yes	yes	yes	
CAND_GRAM_000242	plus	candidate_pending_human_review			grammatical	1	She does not repair three televisions	do_negation	repair	televisions	repair	television	0.022	none	USF:Cue_Target_Pairs.P-R:7948	yes	yes	yes	yes	yes	yes	
CAND_GRAM_000243	plus	candidate_pending_human_review			grammatical	1	Every day she repairs three televisions	present_3s	repairs	televisions	repair	television	0.022	none	USF:Cue_Target_Pairs.P-R:7948	yes	yes	yes	yes	yes	yes	
CAND_GRAM_000244	plus	candidate_pending_human_review			grammatical	1	Last week she repaired three televisions	simple_past	repaired	televisions	repair	television	0.022	none	USF:Cue_Target_Pairs.P-R:7948	yes	yes	yes	yes	yes	yes	
CAND_GRAM_000245	plus	candidate_pending_human_review			grammatical	1	He is repairing three televisions	be_progressive	repairing	televisions	repair	television	0.022	none	USF:Cue_Target_Pairs.P-R:7948	yes	yes	yes	yes	yes	yes	
CAND_GRAM_000246	plus	candidate_pending_human_review			grammatical	1	He does not repair three televisions	do_negation	repair	televisions	repair	television	0.022	none	USF:Cue_Target_Pairs.P-R:7948	yes	yes	yes	yes	yes	yes	
CAND_GRAM_000247	plus	candidate_pending_human_review			grammatical	1	Every day he repairs three televisions	present_3s	repairs	televisions	repair	television	0.022	none	USF:Cue_Target_Pairs.P-R:7948	yes	yes	yes	yes	yes	yes	
CAND_GRAM_000248	plus	candidate_pending_human_review			grammatical	1	Last week he repaired three televisions	simple_past	repaired	televisions	repair	television	0.022	none	USF:Cue_Target_Pairs.P-R:7948	yes	yes	yes	yes	yes	yes	
CAND_GRAM_000249	plus	candidate_pending_human_review			grammatical	1	They are repairing three televisions	be_progressive	repairing	televisions	repair	television	0.022	none	USF:Cue_Target_Pairs.P-R:7948	yes	yes	yes	yes	yes	yes	
CAND_GRAM_000250	plus	candidate_pending_human_review			grammatical	1	They do not repair three televisions	do_negation	repair	televisions	repair	television	0.022	none	USF:Cue_Target_Pairs.P-R:7948	yes	yes	yes	yes	yes	yes	
CAND_GRAM_000251	plus	candidate_pending_human_review			grammatical	1	Every day they repair three televisions	present_3s	repair	televisions	repair	television	0.022	none	USF:Cue_Target_Pairs.P-R:7948	yes	yes	yes	yes	yes	yes	
CAND_GRAM_000252	plus	candidate_pending_human_review			grammatical	1	Last week they repaired three televisions	simple_past	repaired	televisions	repair	television	0.022	none	USF:Cue_Target_Pairs.P-R:7948	yes	yes	yes	yes	yes	yes	
CAND_GRAM_000253	plus	candidate_pending_human_review			grammatical	1	She is repairing four televisions	be_progressive	repairing	televisions	repair	television	0.022	none	USF:Cue_Target_Pairs.P-R:7948	yes	yes	yes	yes	yes	yes	
CAND_GRAM_000254	plus	candidate_pending_human_review			grammatical	1	She does not repair four televisions	do_negation	repair	televisions	repair	television	0.022	none	USF:Cue_Target_Pairs.P-R:7948	yes	yes	yes	yes	yes	yes	
CAND_GRAM_000255	plus	candidate_pending_human_review			grammatical	1	Every day she repairs four televisions	present_3s	repairs	televisions	repair	television	0.022	none	USF:Cue_Target_Pairs.P-R:7948	yes	yes	yes	yes	yes	yes	
CAND_GRAM_000256	plus	candidate_pending_human_review			grammatical	1	Last week she repaired four televisions	simple_past	repaired	televisions	repair	television	0.022	none	USF:Cue_Target_Pairs.P-R:7948	yes	yes	yes	yes	yes	yes	
CAND_GRAM_000257	plus	candidate_pending_human_review			grammatical	1	He is repairing four televisions	be_progressive	repairing	televisions	repair	television	0.022	none	USF:Cue_Target_Pairs.P-R:7948	yes	yes	yes	yes	yes	yes	
CAND_GRAM_000258	plus	candidate_pending_human_review			grammatical	1	He does not repair four televisions	do_negation	repair	televisions	repair	television	0.022	none	USF:Cue_Target_Pairs.P-R:7948	yes	yes	yes	yes	yes	yes	
CAND_GRAM_000259	plus	candidate_pending_human_review			grammatical	1	Every day he repairs four televisions	present_3s	repairs	televisions	repair	television	0.022	none	USF:Cue_Target_Pairs.P-R:7948	yes	yes	yes	yes	yes	yes	
CAND_GRAM_000260	plus	candidate_pending_human_review			grammatical	1	Last week he repaired four televisions	simple_past	repaired	televisions	repair	television	0.022	none	USF:Cue_Target_Pairs.P-R:7948	yes	yes	yes	yes	yes	yes	
CAND_GRAM_000261	plus	candidate_pending_human_review			grammatical	1	They are repairing four televisions	be_progressive	repairing	televisions	repair	television	0.022	none	USF:Cue_Target_Pairs.P-R:7948	yes	yes	yes	yes	yes	yes	
CAND_GRAM_000262	plus	candidate_pending_human_review			grammatical	1	They do not repair four televisions	do_negation	repair	televisions	repair	television	0.022	none	USF:Cue_Target_Pairs.P-R:7948	yes	yes	yes	yes	yes	yes	
CAND_GRAM_000263	plus	candidate_pending_human_review			grammatical	1	Every day they repair four televisions	present_3s	repair	televisions	repair	television	0.022	none	USF:Cue_Target_Pairs.P-R:7948	yes	yes	yes	yes	yes	yes	
CAND_GRAM_000264	plus	candidate_pending_human_review			grammatical	1	Last week they repaired four televisions	simple_past	repaired	televisions	repair	television	0.022	none	USF:Cue_Target_Pairs.P-R:7948	yes	yes	yes	yes	yes	yes	
CAND_GRAM_000265	plus	candidate_pending_human_review			grammatical	1	She is repairing five televisions	be_progressive	repairing	televisions	repair	television	0.022	none	USF:Cue_Target_Pairs.P-R:7948	yes	yes	yes	yes	yes	yes	
CAND_GRAM_000266	plus	candidate_pending_human_review			grammatical	1	She does not repair five televisions	do_negation	repair	televisions	repair	television	0.022	none	USF:Cue_Target_Pairs.P-R:7948	yes	yes	yes	yes	yes	yes	
CAND_GRAM_000267	plus	candidate_pending_human_review			grammatical	1	Every day she repairs five televisions	present_3s	repairs	televisions	repair	television	0.022	none	USF:Cue_Target_Pairs.P-R:7948	yes	yes	yes	yes	yes	yes	
CAND_GRAM_000268	plus	candidate_pending_human_review			grammatical	1	Last week she repaired five televisions	simple_past	repaired	televisions	repair	television	0.022	none	USF:Cue_Target_Pairs.P-R:7948	yes	yes	yes	yes	yes	yes	
CAND_GRAM_000269	plus	candidate_pending_human_review			grammatical	1	He is repairing five televisions	be_progressive	repairing	televisions	repair	television	0.022	none	USF:Cue_Target_Pairs.P-R:7948	yes	yes	yes	yes	yes	yes	
CAND_GRAM_000270	plus	candidate_pending_human_review			grammatical	1	He does not repair five televisions	do_negation	repair	televisions	repair	television	0.022	none	USF:Cue_Target_Pairs.P-R:7948	yes	yes	yes	yes	yes	yes	
CAND_GRAM_000271	plus	candidate_pending_human_review			grammatical	1	Every day he repairs five televisions	present_3s	repairs	televisions	repair	television	0.022	none	USF:Cue_Target_Pairs.P-R:7948	yes	yes	yes	yes	yes	yes	
CAND_GRAM_000272	plus	candidate_pending_human_review			grammatical	1	Last week he repaired five televisions	simple_past	repaired	televisions	repair	television	0.022	none	USF:Cue_Target_Pairs.P-R:7948	yes	yes	yes	yes	yes	yes	
CAND_GRAM_000273	plus	candidate_pending_human_review			grammatical	1	They are repairing five televisions	be_progressive	repairing	televisions	repair	television	0.022	none	USF:Cue_Target_Pairs.P-R:7948	yes	yes	yes	yes	yes	yes	
CAND_GRAM_000274	plus	candidate_pending_human_review			grammatical	1	They do not repair five televisions	do_negation	repair	televisions	repair	television	0.022	none	USF:Cue_Target_Pairs.P-R:7948	yes	yes	yes	yes	yes	yes	
CAND_GRAM_000275	plus	candidate_pending_human_review			grammatical	1	Every day they repair five televisions	present_3s	repair	televisions	repair	television	0.022	none	USF:Cue_Target_Pairs.P-R:7948	yes	yes	yes	yes	yes	yes	
CAND_GRAM_000276	plus	candidate_pending_human_review			grammatical	1	Last week they repaired five televisions	simple_past	repaired	televisions	repair	television	0.022	none	USF:Cue_Target_Pairs.P-R:7948	yes	yes	yes	yes	yes	yes	
CAND_GRAM_000277	plus	candidate_pending_human_review			grammatical	1	She is repairing six televisions	be_progressive	repairing	televisions	repair	television	0.022	none	USF:Cue_Target_Pairs.P-R:7948	yes	yes	yes	yes	yes	yes	
CAND_GRAM_000278	plus	candidate_pending_human_review			grammatical	1	She does not repair six televisions	do_negation	repair	televisions	repair	television	0.022	none	USF:Cue_Target_Pairs.P-R:7948	yes	yes	yes	yes	yes	yes	
CAND_GRAM_000279	plus	candidate_pending_human_review			grammatical	1	Every day she repairs six televisions	present_3s	repairs	televisions	repair	television	0.022	none	USF:Cue_Target_Pairs.P-R:7948	yes	yes	yes	yes	yes	yes	
CAND_GRAM_000280	plus	candidate_pending_human_review			grammatical	1	Last week she repaired six televisions	simple_past	repaired	televisions	repair	television	0.022	none	USF:Cue_Target_Pairs.P-R:7948	yes	yes	yes	yes	yes	yes	
CAND_GRAM_000281	plus	candidate_pending_human_review			grammatical	1	He is repairing six televisions	be_progressive	repairing	televisions	repair	television	0.022	none	USF:Cue_Target_Pairs.P-R:7948	yes	yes	yes	yes	yes	yes	
CAND_GRAM_000282	plus	candidate_pending_human_review			grammatical	1	He does not repair six televisions	do_negation	repair	televisions	repair	television	0.022	none	USF:Cue_Target_Pairs.P-R:7948	yes	yes	yes	yes	yes	yes	
CAND_GRAM_000283	plus	candidate_pending_human_review			grammatical	1	Every day he repairs six televisions	present_3s	repairs	televisions	repair	television	0.022	none	USF:Cue_Target_Pairs.P-R:7948	yes	yes	yes	yes	yes	yes	
CAND_GRAM_000284	plus	candidate_pending_human_review			grammatical	1	Last week he repaired six televisions	simple_past	repaired	televisions	repair	television	0.022	none	USF:Cue_Target_Pairs.P-R:7948	yes	yes	yes	yes	yes	yes	
CAND_GRAM_000285	plus	candidate_pending_human_review			grammatical	1	They are repairing six televisions	be_progressive	repairing	televisions	repair	television	0.022	none	USF:Cue_Target_Pairs.P-R:7948	yes	yes	yes	yes	yes	yes	
CAND_GRAM_000286	plus	candidate_pending_human_review			grammatical	1	They do not repair six televisions	do_negation	repair	televisions	repair	television	0.022	none	USF:Cue_Target_Pairs.P-R:7948	yes	yes	yes	yes	yes	yes	
CAND_GRAM_000287	plus	candidate_pending_human_review			grammatical	1	Every day they repair six televisions	present_3s	repair	televisions	repair	television	0.022	none	USF:Cue_Target_Pairs.P-R:7948	yes	yes	yes	yes	yes	yes	
CAND_GRAM_000288	plus	candidate_pending_human_review			grammatical	1	Last week they repaired six televisions	simple_past	repaired	televisions	repair	television	0.022	none	USF:Cue_Target_Pairs.P-R:7948	yes	yes	yes	yes	yes	yes	
CAND_GRAM_000289	plus	candidate_pending_human_review			grammatical	1	She is celebrating one birthday	be_progressive	celebrating	birthday	celebrate	birthday	0.13	none	USF:Cue_Target_Pairs.C:1357	yes	yes	yes	yes	yes	yes	
CAND_GRAM_000290	plus	candidate_pending_human_review			grammatical	1	She does not celebrate one birthday	do_negation	celebrate	birthday	celebrate	birthday	0.13	none	USF:Cue_Target_Pairs.C:1357	yes	yes	yes	yes	yes	yes	
CAND_GRAM_000291	plus	candidate_pending_human_review			grammatical	1	Every day she celebrates one birthday	present_3s	celebrates	birthday	celebrate	birthday	0.13	none	USF:Cue_Target_Pairs.C:1357	yes	yes	yes	yes	yes	yes	
CAND_GRAM_000292	plus	candidate_pending_human_review			grammatical	1	Last week she celebrated one birthday	simple_past	celebrated	birthday	celebrate	birthday	0.13	none	USF:Cue_Target_Pairs.C:1357	yes	yes	yes	yes	yes	yes	
CAND_GRAM_000293	plus	candidate_pending_human_review			grammatical	1	He is celebrating one birthday	be_progressive	celebrating	birthday	celebrate	birthday	0.13	none	USF:Cue_Target_Pairs.C:1357	yes	yes	yes	yes	yes	yes	
CAND_GRAM_000294	plus	candidate_pending_human_review			grammatical	1	He does not celebrate one birthday	do_negation	celebrate	birthday	celebrate	birthday	0.13	none	USF:Cue_Target_Pairs.C:1357	yes	yes	yes	yes	yes	yes	
CAND_GRAM_000295	plus	candidate_pending_human_review			grammatical	1	Every day he celebrates one birthday	present_3s	celebrates	birthday	celebrate	birthday	0.13	none	USF:Cue_Target_Pairs.C:1357	yes	yes	yes	yes	yes	yes	
CAND_GRAM_000296	plus	candidate_pending_human_review			grammatical	1	Last week he celebrated one birthday	simple_past	celebrated	birthday	celebrate	birthday	0.13	none	USF:Cue_Target_Pairs.C:1357	yes	yes	yes	yes	yes	yes	
CAND_GRAM_000297	plus	candidate_pending_human_review			grammatical	1	They are celebrating one birthday	be_progressive	celebrating	birthday	celebrate	birthday	0.13	none	USF:Cue_Target_Pairs.C:1357	yes	yes	yes	yes	yes	yes	
CAND_GRAM_000298	plus	candidate_pending_human_review			grammatical	1	They do not celebrate one birthday	do_negation	celebrate	birthday	celebrate	birthday	0.13	none	USF:Cue_Target_Pairs.C:1357	yes	yes	yes	yes	yes	yes	
CAND_GRAM_000299	plus	candidate_pending_human_review			grammatical	1	Every day they celebrate one birthday	present_3s	celebrate	birthday	celebrate	birthday	0.13	none	USF:Cue_Target_Pairs.C:1357	yes	yes	yes	yes	yes	yes	
CAND_GRAM_000300	plus	candidate_pending_human_review			grammatical	1	Last week they celebrated one birthday	simple_past	celebrated	birthday	celebrate	birthday	0.13	none	USF:Cue_Target_Pairs.C:1357	yes	yes	yes	yes	yes	yes	
CAND_GRAM_000301	plus	candidate_pending_human_review			grammatical	1	She is celebrating two birthdays	be_progressive	celebrating	birthdays	celebrate	birthday	0.13	none	USF:Cue_Target_Pairs.C:1357	yes	yes	yes	yes	yes	yes	
CAND_GRAM_000302	plus	candidate_pending_human_review			grammatical	1	She does not celebrate two birthdays	do_negation	celebrate	birthdays	celebrate	birthday	0.13	none	USF:Cue_Target_Pairs.C:1357	yes	yes	yes	yes	yes	yes	
CAND_GRAM_000303	plus	candidate_pending_human_review			grammatical	1	Every day she celebrates two birthdays	present_3s	celebrates	birthdays	celebrate	birthday	0.13	none	USF:Cue_Target_Pairs.C:1357	yes	yes	yes	yes	yes	yes	
CAND_GRAM_000304	plus	candidate_pending_human_review			grammatical	1	Last week she celebrated two birthdays	simple_past	celebrated	birthdays	celebrate	birthday	0.13	none	USF:Cue_Target_Pairs.C:1357	yes	yes	yes	yes	yes	yes	
CAND_GRAM_000305	plus	candidate_pending_human_review			grammatical	1	He is celebrating two birthdays	be_progressive	celebrating	birthdays	celebrate	birthday	0.13	none	USF:Cue_Target_Pairs.C:1357	yes	yes	yes	yes	yes	yes	
CAND_GRAM_000306	plus	candidate_pending_human_review			grammatical	1	He does not celebrate two birthdays	do_negation	celebrate	birthdays	celebrate	birthday	0.13	none	USF:Cue_Target_Pairs.C:1357	yes	yes	yes	yes	yes	yes	
CAND_GRAM_000307	plus	candidate_pending_human_review			grammatical	1	Every day he celebrates two birthdays	present_3s	celebrates	birthdays	celebrate	birthday	0.13	none	USF:Cue_Target_Pairs.C:1357	yes	yes	yes	yes	yes	yes	
CAND_GRAM_000308	plus	candidate_pending_human_review			grammatical	1	Last week he celebrated two birthdays	simple_past	celebrated	birthdays	celebrate	birthday	0.13	none	USF:Cue_Target_Pairs.C:1357	yes	yes	yes	yes	yes	yes	
CAND_GRAM_000309	plus	candidate_pending_human_review			grammatical	1	They are celebrating two birthdays	be_progressive	celebrating	birthdays	celebrate	birthday	0.13	none	USF:Cue_Target_Pairs.C:1357	yes	yes	yes	yes	yes	yes	
CAND_GRAM_000310	plus	candidate_pending_human_review			grammatical	1	They do not celebrate two birthdays	do_negation	celebrate	birthdays	celebrate	birthday	0.13	none	USF:Cue_Target_Pairs.C:1357	yes	yes	yes	yes	yes	yes	
CAND_GRAM_000311	plus	candidate_pending_human_review			grammatical	1	Every day they celebrate two birthdays	present_3s	celebrate	birthdays	celebrate	birthday	0.13	none	USF:Cue_Target_Pairs.C:1357	yes	yes	yes	yes	yes	yes	
CAND_GRAM_000312	plus	candidate_pending_human_review			grammatical	1	Last week they celebrated two birthdays	simple_past	celebrated	birthdays	celebrate	birthday	0.13	none	USF:Cue_Target_Pairs.C:1357	yes	yes	yes	yes	yes	yes	
CAND_GRAM_000313	plus	candidate_pending_human_review			grammatical	1	She is celebrating three birthdays	be_progressive	celebrating	birthdays	celebrate	birthday	0.13	none	USF:Cue_Target_Pairs.C:1357	yes	yes	yes	yes	yes	yes	
CAND_GRAM_000314	plus	candidate_pending_human_review			grammatical	1	She does not celebrate three birthdays	do_negation	celebrate	birthdays	celebrate	birthday	0.13	none	USF:Cue_Target_Pairs.C:1357	yes	yes	yes	yes	yes	yes	
CAND_GRAM_000315	plus	candidate_pending_human_review			grammatical	1	Every day she celebrates three birthdays	present_3s	celebrates	birthdays	celebrate	birthday	0.13	none	USF:Cue_Target_Pairs.C:1357	yes	yes	yes	yes	yes	yes	
CAND_GRAM_000316	plus	candidate_pending_human_review			grammatical	1	Last week she celebrated three birthdays	simple_past	celebrated	birthdays	celebrate	birthday	0.13	none	USF:Cue_Target_Pairs.C:1357	yes	yes	yes	yes	yes	yes	
CAND_GRAM_000317	plus	candidate_pending_human_review			grammatical	1	He is celebrating three birthdays	be_progressive	celebrating	birthdays	celebrate	birthday	0.13	none	USF:Cue_Target_Pairs.C:1357	yes	yes	yes	yes	yes	yes	
CAND_GRAM_000318	plus	candidate_pending_human_review			grammatical	1	He does not celebrate three birthdays	do_negation	celebrate	birthdays	celebrate	birthday	0.13	none	USF:Cue_Target_Pairs.C:1357	yes	yes	yes	yes	yes	yes	
CAND_GRAM_000319	plus	candidate_pending_human_review			grammatical	1	Every day he celebrates three birthdays	present_3s	celebrates	birthdays	celebrate	birthday	0.13	none	USF:Cue_Target_Pairs.C:1357	yes	yes	yes	yes	yes	yes	
CAND_GRAM_000320	plus	candidate_pending_human_review			grammatical	1	Last week he celebrated three birthdays	simple_past	celebrated	birthdays	celebrate	birthday	0.13	none	USF:Cue_Target_Pairs.C:1357	yes	yes	yes	yes	yes	yes	
CAND_GRAM_000321	plus	candidate_pending_human_review			grammatical	1	They are celebrating three birthdays	be_progressive	celebrating	birthdays	celebrate	birthday	0.13	none	USF:Cue_Target_Pairs.C:1357	yes	yes	yes	yes	yes	yes	
CAND_GRAM_000322	plus	candidate_pending_human_review			grammatical	1	They do not celebrate three birthdays	do_negation	celebrate	birthdays	celebrate	birthday	0.13	none	USF:Cue_Target_Pairs.C:1357	yes	yes	yes	yes	yes	yes	
CAND_GRAM_000323	plus	candidate_pending_human_review			grammatical	1	Every day they celebrate three birthdays	present_3s	celebrate	birthdays	celebrate	birthday	0.13	none	USF:Cue_Target_Pairs.C:1357	yes	yes	yes	yes	yes	yes	
CAND_GRAM_000324	plus	candidate_pending_human_review			grammatical	1	Last week they celebrated three birthdays	simple_past	celebrated	birthdays	celebrate	birthday	0.13	none	USF:Cue_Target_Pairs.C:1357	yes	yes	yes	yes	yes	yes	
CAND_GRAM_000325	plus	candidate_pending_human_review			grammatical	1	She is celebrating four birthdays	be_progressive	celebrating	birthdays	celebrate	birthday	0.13	none	USF:Cue_Target_Pairs.C:1357	yes	yes	yes	yes	yes	yes	
CAND_GRAM_000326	plus	candidate_pending_human_review			grammatical	1	She does not celebrate four birthdays	do_negation	celebrate	birthdays	celebrate	birthday	0.13	none	USF:Cue_Target_Pairs.C:1357	yes	yes	yes	yes	yes	yes	
CAND_GRAM_000327	plus	candidate_pending_human_review			grammatical	1	Every day she celebrates four birthdays	present_3s	celebrates	birthdays	celebrate	birthday	0.13	none	USF:Cue_Target_Pairs.C:1357	yes	yes	yes	yes	yes	yes	
CAND_GRAM_000328	plus	candidate_pending_human_review			grammatical	1	Last week she celebrated four birthdays	simple_past	celebrated	birthdays	celebrate	birthday	0.13	none	USF:Cue_Target_Pairs.C:1357	yes	yes	yes	yes	yes	yes	
CAND_GRAM_000329	plus	candidate_pending_human_review			grammatical	1	He is celebrating four birthdays	be_progressive	celebrating	birthdays	celebrate	birthday	0.13	none	USF:Cue_Target_Pairs.C:1357	yes	yes	yes	yes	yes	yes	
CAND_GRAM_000330	plus	candidate_pending_human_review			grammatical	1	He does not celebrate four birthdays	do_negation	celebrate	birthdays	celebrate	birthday	0.13	none	USF:Cue_Target_Pairs.C:1357	yes	yes	yes	yes	yes	yes	
CAND_GRAM_000331	plus	candidate_pending_human_review			grammatical	1	Every day he celebrates four birthdays	present_3s	celebrates	birthdays	celebrate	birthday	0.13	none	USF:Cue_Target_Pairs.C:1357	yes	yes	yes	yes	yes	yes	
CAND_GRAM_000332	plus	candidate_pending_human_review			grammatical	1	Last week he celebrated four birthdays	simple_past	celebrated	birthdays	celebrate	birthday	0.13	none	USF:Cue_Target_Pairs.C:1357	yes	yes	yes	yes	yes	yes	
CAND_GRAM_000333	plus	candidate_pending_human_review			grammatical	1	They are celebrating four birthdays	be_progressive	celebrating	birthdays	celebrate	birthday	0.13	none	USF:Cue_Target_Pairs.C:1357	yes	yes	yes	yes	yes	yes	
CAND_GRAM_000334	plus	candidate_pending_human_review			grammatical	1	They do not celebrate four birthdays	do_negation	celebrate	birthdays	celebrate	birthday	0.13	none	USF:Cue_Target_Pairs.C:1357	yes	yes	yes	yes	yes	yes	
CAND_GRAM_000335	plus	candidate_pending_human_review			grammatical	1	Every day they celebrate four birthdays	present_3s	celebrate	birthdays	celebrate	birthday	0.13	none	USF:Cue_Target_Pairs.C:1357	yes	yes	yes	yes	yes	yes	
CAND_GRAM_000336	plus	candidate_pending_human_review			grammatical	1	Last week they celebrated four birthdays	simple_past	celebrated	birthdays	celebrate	birthday	0.13	none	USF:Cue_Target_Pairs.C:1357	yes	yes	yes	yes	yes	yes	
CAND_GRAM_000337	plus	candidate_pending_human_review			grammatical	1	She is celebrating five birthdays	be_progressive	celebrating	birthdays	celebrate	birthday	0.13	none	USF:Cue_Target_Pairs.C:1357	yes	yes	yes	yes	yes	yes	
CAND_GRAM_000338	plus	candidate_pending_human_review			grammatical	1	She does not celebrate five birthdays	do_negation	celebrate	birthdays	celebrate	birthday	0.13	none	USF:Cue_Target_Pairs.C:1357	yes	yes	yes	yes	yes	yes	
CAND_GRAM_000339	plus	candidate_pending_human_review			grammatical	1	Every day she celebrates five birthdays	present_3s	celebrates	birthdays	celebrate	birthday	0.13	none	USF:Cue_Target_Pairs.C:1357	yes	yes	yes	yes	yes	yes	
CAND_GRAM_000340	plus	candidate_pending_human_review			grammatical	1	Last week she celebrated five birthdays	simple_past	celebrated	birthdays	celebrate	birthday	0.13	none	USF:Cue_Target_Pairs.C:1357	yes	yes	yes	yes	yes	yes	
CAND_GRAM_000341	plus	candidate_pending_human_review			grammatical	1	He is celebrating five birthdays	be_progressive	celebrating	birthdays	celebrate	birthday	0.13	none	USF:Cue_Target_Pairs.C:1357	yes	yes	yes	yes	yes	yes	
CAND_GRAM_000342	plus	candidate_pending_human_review			grammatical	1	He does not celebrate five birthdays	do_negation	celebrate	birthdays	celebrate	birthday	0.13	none	USF:Cue_Target_Pairs.C:1357	yes	yes	yes	yes	yes	yes	
CAND_GRAM_000343	plus	candidate_pending_human_review			grammatical	1	Every day he celebrates five birthdays	present_3s	celebrates	birthdays	celebrate	birthday	0.13	none	USF:Cue_Target_Pairs.C:1357	yes	yes	yes	yes	yes	yes	
CAND_GRAM_000344	plus	candidate_pending_human_review			grammatical	1	Last week he celebrated five birthdays	simple_past	celebrated	birthdays	celebrate	birthday	0.13	none	USF:Cue_Target_Pairs.C:1357	yes	yes	yes	yes	yes	yes	
CAND_GRAM_000345	plus	candidate_pending_human_review			grammatical	1	They are celebrating five birthdays	be_progressive	celebrating	birthdays	celebrate	birthday	0.13	none	USF:Cue_Target_Pairs.C:1357	yes	yes	yes	yes	yes	yes	
CAND_GRAM_000346	plus	candidate_pending_human_review			grammatical	1	They do not celebrate five birthdays	do_negation	celebrate	birthdays	celebrate	birthday	0.13	none	USF:Cue_Target_Pairs.C:1357	yes	yes	yes	yes	yes	yes	
CAND_GRAM_000347	plus	candidate_pending_human_review			grammatical	1	Every day they celebrate five birthdays	present_3s	celebrate	birthdays	celebrate	birthday	0.13	none	USF:Cue_Target_Pairs.C:1357	yes	yes	yes	yes	yes	yes	
CAND_GRAM_000348	plus	candidate_pending_human_review			grammatical	1	Last week they celebrated five birthdays	simple_past	celebrated	birthdays	celebrate	birthday	0.13	none	USF:Cue_Target_Pairs.C:1357	yes	yes	yes	yes	yes	yes	
CAND_GRAM_000349	plus	candidate_pending_human_review			grammatical	1	She is celebrating six birthdays	be_progressive	celebrating	birthdays	celebrate	birthday	0.13	none	USF:Cue_Target_Pairs.C:1357	yes	yes	yes	yes	yes	yes	
CAND_GRAM_000350	plus	candidate_pending_human_review			grammatical	1	She does not celebrate six birthdays	do_negation	celebrate	birthdays	celebrate	birthday	0.13	none	USF:Cue_Target_Pairs.C:1357	yes	yes	yes	yes	yes	yes	
CAND_GRAM_000351	plus	candidate_pending_human_review			grammatical	1	Every day she celebrates six birthdays	present_3s	celebrates	birthdays	celebrate	birthday	0.13	none	USF:Cue_Target_Pairs.C:1357	yes	yes	yes	yes	yes	yes	
CAND_GRAM_000352	plus	candidate_pending_human_review			grammatical	1	Last week she celebrated six birthdays	simple_past	celebrated	birthdays	celebrate	birthday	0.13	none	USF:Cue_Target_Pairs.C:1357	yes	yes	yes	yes	yes	yes	
CAND_GRAM_000353	plus	candidate_pending_human_review			grammatical	1	He is celebrating six birthdays	be_progressive	celebrating	birthdays	celebrate	birthday	0.13	none	USF:Cue_Target_Pairs.C:1357	yes	yes	yes	yes	yes	yes	
CAND_GRAM_000354	plus	candidate_pending_human_review			grammatical	1	He does not celebrate six birthdays	do_negation	celebrate	birthdays	celebrate	birthday	0.13	none	USF:Cue_Target_Pairs.C:1357	yes	yes	yes	yes	yes	yes	
CAND_GRAM_000355	plus	candidate_pending_human_review			grammatical	1	Every day he celebrates six birthdays	present_3s	celebrates	birthdays	celebrate	birthday	0.13	none	USF:Cue_Target_Pairs.C:1357	yes	yes	yes	yes	yes	yes	
CAND_GRAM_000356	plus	candidate_pending_human_review			grammatical	1	Last week he celebrated six birthdays	simple_past	celebrated	birthdays	celebrate	birthday	0.13	none	USF:Cue_Target_Pairs.C:1357	yes	yes	yes	yes	yes	yes	
CAND_GRAM_000357	plus	candidate_pending_human_review			grammatical	1	They are celebrating six birthdays	be_progressive	celebrating	birthdays	celebrate	birthday	0.13	none	USF:Cue_Target_Pairs.C:1357	yes	yes	yes	yes	yes	yes	
CAND_GRAM_000358	plus	candidate_pending_human_review			grammatical	1	They do not celebrate six birthdays	do_negation	celebrate	birthdays	celebrate	birthday	0.13	none	USF:Cue_Target_Pairs.C:1357	yes	yes	yes	yes	yes	yes	
CAND_GRAM_000359	plus	candidate_pending_human_review			grammatical	1	Every day they celebrate six birthdays	present_3s	celebrate	birthdays	celebrate	birthday	0.13	none	USF:Cue_Target_Pairs.C:1357	yes	yes	yes	yes	yes	yes	
CAND_GRAM_000360	plus	candidate_pending_human_review			grammatical	1	Last week they celebrated six birthdays	simple_past	celebrated	birthdays	celebrate	birthday	0.13	none	USF:Cue_Target_Pairs.C:1357	yes	yes	yes	yes	yes	yes	
CAND_GRAM_000361	plus	candidate_pending_human_review			grammatical	1	She is drawing one picture	be_progressive	drawing	picture	draw	picture	0.222	none	USF:Cue_Target_Pairs.D-F:3619	yes	yes	yes	yes	yes	yes	
CAND_GRAM_000362	plus	candidate_pending_human_review			grammatical	1	She does not draw one picture	do_negation	draw	picture	draw	picture	0.222	none	USF:Cue_Target_Pairs.D-F:3619	yes	yes	yes	yes	yes	yes	
CAND_GRAM_000363	plus	candidate_pending_human_review			grammatical	1	Every day she draws one picture	present_3s	draws	picture	draw	picture	0.222	none	USF:Cue_Target_Pairs.D-F:3619	yes	yes	yes	yes	yes	yes	
CAND_GRAM_000364	plus	candidate_pending_human_review			grammatical	1	Last week she drew one picture	simple_past	drew	picture	draw	picture	0.222	none	USF:Cue_Target_Pairs.D-F:3619	yes	yes	yes	yes	yes	yes	
CAND_GRAM_000365	plus	candidate_pending_human_review			grammatical	1	He is drawing one picture	be_progressive	drawing	picture	draw	picture	0.222	none	USF:Cue_Target_Pairs.D-F:3619	yes	yes	yes	yes	yes	yes	
CAND_GRAM_000366	plus	candidate_pending_human_review			grammatical	1	He does not draw one picture	do_negation	draw	picture	draw	picture	0.222	none	USF:Cue_Target_Pairs.D-F:3619	yes	yes	yes	yes	yes	yes	
CAND_GRAM_000367	plus	candidate_pending_human_review			grammatical	1	Every day he draws one picture	present_3s	draws	picture	draw	picture	0.222	none	USF:Cue_Target_Pairs.D-F:3619	yes	yes	yes	yes	yes	yes	
CAND_GRAM_000368	plus	candidate_pending_human_review			grammatical	1	Last week he drew one picture	simple_past	drew	picture	draw	picture	0.222	none	USF:Cue_Target_Pairs.D-F:3619	yes	yes	yes	yes	yes	yes	
CAND_GRAM_000369	plus	candidate_pending_human_review			grammatical	1	They are drawing one picture	be_progressive	drawing	picture	draw	picture	0.222	none	USF:Cue_Target_Pairs.D-F:3619	yes	yes	yes	yes	yes	yes	
CAND_GRAM_000370	plus	candidate_pending_human_review			grammatical	1	They do not draw one picture	do_negation	draw	picture	draw	picture	0.222	none	USF:Cue_Target_Pairs.D-F:3619	yes	yes	yes	yes	yes	yes	
CAND_GRAM_000371	plus	candidate_pending_human_review			grammatical	1	Every day they draw one picture	present_3s	draw	picture	draw	picture	0.222	none	USF:Cue_Target_Pairs.D-F:3619	yes	yes	yes	yes	yes	yes	
CAND_GRAM_000372	plus	candidate_pending_human_review			grammatical	1	Last week they drew one picture	simple_past	drew	picture	draw	picture	0.222	none	USF:Cue_Target_Pairs.D-F:3619	yes	yes	yes	yes	yes	yes	
CAND_GRAM_000373	plus	candidate_pending_human_review			grammatical	1	She is drawing two pictures	be_progressive	drawing	pictures	draw	picture	0.222	none	USF:Cue_Target_Pairs.D-F:3619	yes	yes	yes	yes	yes	yes	
CAND_GRAM_000374	plus	candidate_pending_human_review			grammatical	1	She does not draw two pictures	do_negation	draw	pictures	draw	picture	0.222	none	USF:Cue_Target_Pairs.D-F:3619	yes	yes	yes	yes	yes	yes	
CAND_GRAM_000375	plus	candidate_pending_human_review			grammatical	1	Every day she draws two pictures	present_3s	draws	pictures	draw	picture	0.222	none	USF:Cue_Target_Pairs.D-F:3619	yes	yes	yes	yes	yes	yes	
CAND_GRAM_000376	plus	candidate_pending_human_review			grammatical	1	Last week she drew two pictures	simple_past	drew	pictures	draw	picture	0.222	none	USF:Cue_Target_Pairs.D-F:3619	yes	yes	yes	yes	yes	yes	
CAND_GRAM_000377	plus	candidate_pending_human_review			grammatical	1	He is drawing two pictures	be_progressive	drawing	pictures	draw	picture	0.222	none	USF:Cue_Target_Pairs.D-F:3619	yes	yes	yes	yes	yes	yes	
CAND_GRAM_000378	plus	candidate_pending_human_review			grammatical	1	He does not draw two pictures	do_negation	draw	pictures	draw	picture	0.222	none	USF:Cue_Target_Pairs.D-F:3619	yes	yes	yes	yes	yes	yes	
CAND_GRAM_000379	plus	candidate_pending_human_review			grammatical	1	Every day he draws two pictures	present_3s	draws	pictures	draw	picture	0.222	none	USF:Cue_Target_Pairs.D-F:3619	yes	yes	yes	yes	yes	yes	
CAND_GRAM_000380	plus	candidate_pending_human_review			grammatical	1	Last week he drew two pictures	simple_past	drew	pictures	draw	picture	0.222	none	USF:Cue_Target_Pairs.D-F:3619	yes	yes	yes	yes	yes	yes	
CAND_GRAM_000381	plus	candidate_pending_human_review			grammatical	1	They are drawing two pictures	be_progressive	drawing	pictures	draw	picture	0.222	none	USF:Cue_Target_Pairs.D-F:3619	yes	yes	yes	yes	yes	yes	
CAND_GRAM_000382	plus	candidate_pending_human_review			grammatical	1	They do not draw two pictures	do_negation	draw	pictures	draw	picture	0.222	none	USF:Cue_Target_Pairs.D-F:3619	yes	yes	yes	yes	yes	yes	
CAND_GRAM_000383	plus	candidate_pending_human_review			grammatical	1	Every day they draw two pictures	present_3s	draw	pictures	draw	picture	0.222	none	USF:Cue_Target_Pairs.D-F:3619	yes	yes	yes	yes	yes	yes	
CAND_GRAM_000384	plus	candidate_pending_human_review			grammatical	1	Last week they drew two pictures	simple_past	drew	pictures	draw	picture	0.222	none	USF:Cue_Target_Pairs.D-F:3619	yes	yes	yes	yes	yes	yes	
CAND_GRAM_000385	plus	candidate_pending_human_review			grammatical	1	She is drawing three pictures	be_progressive	drawing	pictures	draw	picture	0.222	none	USF:Cue_Target_Pairs.D-F:3619	yes	yes	yes	yes	yes	yes	
CAND_GRAM_000386	plus	candidate_pending_human_review			grammatical	1	She does not draw three pictures	do_negation	draw	pictures	draw	picture	0.222	none	USF:Cue_Target_Pairs.D-F:3619	yes	yes	yes	yes	yes	yes	
CAND_GRAM_000387	plus	candidate_pending_human_review			grammatical	1	Every day she draws three pictures	present_3s	draws	pictures	draw	picture	0.222	none	USF:Cue_Target_Pairs.D-F:3619	yes	yes	yes	yes	yes	yes	
CAND_GRAM_000388	plus	candidate_pending_human_review			grammatical	1	Last week she drew three pictures	simple_past	drew	pictures	draw	picture	0.222	none	USF:Cue_Target_Pairs.D-F:3619	yes	yes	yes	yes	yes	yes	
CAND_GRAM_000389	plus	candidate_pending_human_review			grammatical	1	He is drawing three pictures	be_progressive	drawing	pictures	draw	picture	0.222	none	USF:Cue_Target_Pairs.D-F:3619	yes	yes	yes	yes	yes	yes	
CAND_GRAM_000390	plus	candidate_pending_human_review			grammatical	1	He does not draw three pictures	do_negation	draw	pictures	draw	picture	0.222	none	USF:Cue_Target_Pairs.D-F:3619	yes	yes	yes	yes	yes	yes	
CAND_GRAM_000391	plus	candidate_pending_human_review			grammatical	1	Every day he draws three pictures	present_3s	draws	pictures	draw	picture	0.222	none	USF:Cue_Target_Pairs.D-F:3619	yes	yes	yes	yes	yes	yes	
CAND_GRAM_000392	plus	candidate_pending_human_review			grammatical	1	Last week he drew three pictures	simple_past	drew	pictures	draw	picture	0.222	none	USF:Cue_Target_Pairs.D-F:3619	yes	yes	yes	yes	yes	yes	
CAND_GRAM_000393	plus	candidate_pending_human_review			grammatical	1	They are drawing three pictures	be_progressive	drawing	pictures	draw	picture	0.222	none	USF:Cue_Target_Pairs.D-F:3619	yes	yes	yes	yes	yes	yes	
CAND_GRAM_000394	plus	candidate_pending_human_review			grammatical	1	They do not draw three pictures	do_negation	draw	pictures	draw	picture	0.222	none	USF:Cue_Target_Pairs.D-F:3619	yes	yes	yes	yes	yes	yes	
CAND_GRAM_000395	plus	candidate_pending_human_review			grammatical	1	Every day they draw three pictures	present_3s	draw	pictures	draw	picture	0.222	none	USF:Cue_Target_Pairs.D-F:3619	yes	yes	yes	yes	yes	yes	
CAND_GRAM_000396	plus	candidate_pending_human_review			grammatical	1	Last week they drew three pictures	simple_past	drew	pictures	draw	picture	0.222	none	USF:Cue_Target_Pairs.D-F:3619	yes	yes	yes	yes	yes	yes	
CAND_GRAM_000397	plus	candidate_pending_human_review			grammatical	1	She is drawing four pictures	be_progressive	drawing	pictures	draw	picture	0.222	none	USF:Cue_Target_Pairs.D-F:3619	yes	yes	yes	yes	yes	yes	
CAND_GRAM_000398	plus	candidate_pending_human_review			grammatical	1	She does not draw four pictures	do_negation	draw	pictures	draw	picture	0.222	none	USF:Cue_Target_Pairs.D-F:3619	yes	yes	yes	yes	yes	yes	
CAND_GRAM_000399	plus	candidate_pending_human_review			grammatical	1	Every day she draws four pictures	present_3s	draws	pictures	draw	picture	0.222	none	USF:Cue_Target_Pairs.D-F:3619	yes	yes	yes	yes	yes	yes	
CAND_GRAM_000400	plus	candidate_pending_human_review			grammatical	1	Last week she drew four pictures	simple_past	drew	pictures	draw	picture	0.222	none	USF:Cue_Target_Pairs.D-F:3619	yes	yes	yes	yes	yes	yes	
CAND_GRAM_000401	plus	candidate_pending_human_review			grammatical	1	He is drawing four pictures	be_progressive	drawing	pictures	draw	picture	0.222	none	USF:Cue_Target_Pairs.D-F:3619	yes	yes	yes	yes	yes	yes	
CAND_GRAM_000402	plus	candidate_pending_human_review			grammatical	1	He does not draw four pictures	do_negation	draw	pictures	draw	picture	0.222	none	USF:Cue_Target_Pairs.D-F:3619	yes	yes	yes	yes	yes	yes	
CAND_GRAM_000403	plus	candidate_pending_human_review			grammatical	1	Every day he draws four pictures	present_3s	draws	pictures	draw	picture	0.222	none	USF:Cue_Target_Pairs.D-F:3619	yes	yes	yes	yes	yes	yes	
CAND_GRAM_000404	plus	candidate_pending_human_review			grammatical	1	Last week he drew four pictures	simple_past	drew	pictures	draw	picture	0.222	none	USF:Cue_Target_Pairs.D-F:3619	yes	yes	yes	yes	yes	yes	
CAND_GRAM_000405	plus	candidate_pending_human_review			grammatical	1	They are drawing four pictures	be_progressive	drawing	pictures	draw	picture	0.222	none	USF:Cue_Target_Pairs.D-F:3619	yes	yes	yes	yes	yes	yes	
CAND_GRAM_000406	plus	candidate_pending_human_review			grammatical	1	They do not draw four pictures	do_negation	draw	pictures	draw	picture	0.222	none	USF:Cue_Target_Pairs.D-F:3619	yes	yes	yes	yes	yes	yes	
CAND_GRAM_000407	plus	candidate_pending_human_review			grammatical	1	Every day they draw four pictures	present_3s	draw	pictures	draw	picture	0.222	none	USF:Cue_Target_Pairs.D-F:3619	yes	yes	yes	yes	yes	yes	
CAND_GRAM_000408	plus	candidate_pending_human_review			grammatical	1	Last week they drew four pictures	simple_past	drew	pictures	draw	picture	0.222	none	USF:Cue_Target_Pairs.D-F:3619	yes	yes	yes	yes	yes	yes	
CAND_GRAM_000409	plus	candidate_pending_human_review			grammatical	1	She is drawing five pictures	be_progressive	drawing	pictures	draw	picture	0.222	none	USF:Cue_Target_Pairs.D-F:3619	yes	yes	yes	yes	yes	yes	
CAND_GRAM_000410	plus	candidate_pending_human_review			grammatical	1	She does not draw five pictures	do_negation	draw	pictures	draw	picture	0.222	none	USF:Cue_Target_Pairs.D-F:3619	yes	yes	yes	yes	yes	yes	
CAND_GRAM_000411	plus	candidate_pending_human_review			grammatical	1	Every day she draws five pictures	present_3s	draws	pictures	draw	picture	0.222	none	USF:Cue_Target_Pairs.D-F:3619	yes	yes	yes	yes	yes	yes	
CAND_GRAM_000412	plus	candidate_pending_human_review			grammatical	1	Last week she drew five pictures	simple_past	drew	pictures	draw	picture	0.222	none	USF:Cue_Target_Pairs.D-F:3619	yes	yes	yes	yes	yes	yes	
CAND_GRAM_000413	plus	candidate_pending_human_review			grammatical	1	He is drawing five pictures	be_progressive	drawing	pictures	draw	picture	0.222	none	USF:Cue_Target_Pairs.D-F:3619	yes	yes	yes	yes	yes	yes	
CAND_GRAM_000414	plus	candidate_pending_human_review			grammatical	1	He does not draw five pictures	do_negation	draw	pictures	draw	picture	0.222	none	USF:Cue_Target_Pairs.D-F:3619	yes	yes	yes	yes	yes	yes	
CAND_GRAM_000415	plus	candidate_pending_human_review			grammatical	1	Every day he draws five pictures	present_3s	draws	pictures	draw	picture	0.222	none	USF:Cue_Target_Pairs.D-F:3619	yes	yes	yes	yes	yes	yes	
CAND_GRAM_000416	plus	candidate_pending_human_review			grammatical	1	Last week he drew five pictures	simple_past	drew	pictures	draw	picture	0.222	none	USF:Cue_Target_Pairs.D-F:3619	yes	yes	yes	yes	yes	yes	
CAND_GRAM_000417	plus	candidate_pending_human_review			grammatical	1	They are drawing five pictures	be_progressive	drawing	pictures	draw	picture	0.222	none	USF:Cue_Target_Pairs.D-F:3619	yes	yes	yes	yes	yes	yes	
CAND_GRAM_000418	plus	candidate_pending_human_review			grammatical	1	They do not draw five pictures	do_negation	draw	pictures	draw	picture	0.222	none	USF:Cue_Target_Pairs.D-F:3619	yes	yes	yes	yes	yes	yes	
CAND_GRAM_000419	plus	candidate_pending_human_review			grammatical	1	Every day they draw five pictures	present_3s	draw	pictures	draw	picture	0.222	none	USF:Cue_Target_Pairs.D-F:3619	yes	yes	yes	yes	yes	yes	
CAND_GRAM_000420	plus	candidate_pending_human_review			grammatical	1	Last week they drew five pictures	simple_past	drew	pictures	draw	picture	0.222	none	USF:Cue_Target_Pairs.D-F:3619	yes	yes	yes	yes	yes	yes	
CAND_GRAM_000421	plus	candidate_pending_human_review			grammatical	1	She is drawing six pictures	be_progressive	drawing	pictures	draw	picture	0.222	none	USF:Cue_Target_Pairs.D-F:3619	yes	yes	yes	yes	yes	yes	
CAND_GRAM_000422	plus	candidate_pending_human_review			grammatical	1	She does not draw six pictures	do_negation	draw	pictures	draw	picture	0.222	none	USF:Cue_Target_Pairs.D-F:3619	yes	yes	yes	yes	yes	yes	
CAND_GRAM_000423	plus	candidate_pending_human_review			grammatical	1	Every day she draws six pictures	present_3s	draws	pictures	draw	picture	0.222	none	USF:Cue_Target_Pairs.D-F:3619	yes	yes	yes	yes	yes	yes	
CAND_GRAM_000424	plus	candidate_pending_human_review			grammatical	1	Last week she drew six pictures	simple_past	drew	pictures	draw	picture	0.222	none	USF:Cue_Target_Pairs.D-F:3619	yes	yes	yes	yes	yes	yes	
CAND_GRAM_000425	plus	candidate_pending_human_review			grammatical	1	He is drawing six pictures	be_progressive	drawing	pictures	draw	picture	0.222	none	USF:Cue_Target_Pairs.D-F:3619	yes	yes	yes	yes	yes	yes	
CAND_GRAM_000426	plus	candidate_pending_human_review			grammatical	1	He does not draw six pictures	do_negation	draw	pictures	draw	picture	0.222	none	USF:Cue_Target_Pairs.D-F:3619	yes	yes	yes	yes	yes	yes	
CAND_GRAM_000427	plus	candidate_pending_human_review			grammatical	1	Every day he draws six pictures	present_3s	draws	pictures	draw	picture	0.222	none	USF:Cue_Target_Pairs.D-F:3619	yes	yes	yes	yes	yes	yes	
CAND_GRAM_000428	plus	candidate_pending_human_review			grammatical	1	Last week he drew six pictures	simple_past	drew	pictures	draw	picture	0.222	none	USF:Cue_Target_Pairs.D-F:3619	yes	yes	yes	yes	yes	yes	
CAND_GRAM_000429	plus	candidate_pending_human_review			grammatical	1	They are drawing six pictures	be_progressive	drawing	pictures	draw	picture	0.222	none	USF:Cue_Target_Pairs.D-F:3619	yes	yes	yes	yes	yes	yes	
CAND_GRAM_000430	plus	candidate_pending_human_review			grammatical	1	They do not draw six pictures	do_negation	draw	pictures	draw	picture	0.222	none	USF:Cue_Target_Pairs.D-F:3619	yes	yes	yes	yes	yes	yes	
CAND_GRAM_000431	plus	candidate_pending_human_review			grammatical	1	Every day they draw six pictures	present_3s	draw	pictures	draw	picture	0.222	none	USF:Cue_Target_Pairs.D-F:3619	yes	yes	yes	yes	yes	yes	
CAND_GRAM_000432	plus	candidate_pending_human_review			grammatical	1	Last week they drew six pictures	simple_past	drew	pictures	draw	picture	0.222	none	USF:Cue_Target_Pairs.D-F:3619	yes	yes	yes	yes	yes	yes	
CAND_GRAM_000433	plus	candidate_pending_human_review			grammatical	1	She is defining one word	be_progressive	defining	word	define	word	0.132	none	USF:Cue_Target_Pairs.D-F:812	yes	yes	yes	yes	yes	yes	
CAND_GRAM_000434	plus	candidate_pending_human_review			grammatical	1	She does not define one word	do_negation	define	word	define	word	0.132	none	USF:Cue_Target_Pairs.D-F:812	yes	yes	yes	yes	yes	yes	
CAND_GRAM_000435	plus	candidate_pending_human_review			grammatical	1	Every day she defines one word	present_3s	defines	word	define	word	0.132	none	USF:Cue_Target_Pairs.D-F:812	yes	yes	yes	yes	yes	yes	
CAND_GRAM_000436	plus	candidate_pending_human_review			grammatical	1	Last week she defined one word	simple_past	defined	word	define	word	0.132	none	USF:Cue_Target_Pairs.D-F:812	yes	yes	yes	yes	yes	yes	
CAND_GRAM_000437	plus	candidate_pending_human_review			grammatical	1	He is defining one word	be_progressive	defining	word	define	word	0.132	none	USF:Cue_Target_Pairs.D-F:812	yes	yes	yes	yes	yes	yes	
CAND_GRAM_000438	plus	candidate_pending_human_review			grammatical	1	He does not define one word	do_negation	define	word	define	word	0.132	none	USF:Cue_Target_Pairs.D-F:812	yes	yes	yes	yes	yes	yes	
CAND_GRAM_000439	plus	candidate_pending_human_review			grammatical	1	Every day he defines one word	present_3s	defines	word	define	word	0.132	none	USF:Cue_Target_Pairs.D-F:812	yes	yes	yes	yes	yes	yes	
CAND_GRAM_000440	plus	candidate_pending_human_review			grammatical	1	Last week he defined one word	simple_past	defined	word	define	word	0.132	none	USF:Cue_Target_Pairs.D-F:812	yes	yes	yes	yes	yes	yes	
CAND_GRAM_000441	plus	candidate_pending_human_review			grammatical	1	They are defining one word	be_progressive	defining	word	define	word	0.132	none	USF:Cue_Target_Pairs.D-F:812	yes	yes	yes	yes	yes	yes	
CAND_GRAM_000442	plus	candidate_pending_human_review			grammatical	1	They do not define one word	do_negation	define	word	define	word	0.132	none	USF:Cue_Target_Pairs.D-F:812	yes	yes	yes	yes	yes	yes	
CAND_GRAM_000443	plus	candidate_pending_human_review			grammatical	1	Every day they define one word	present_3s	define	word	define	word	0.132	none	USF:Cue_Target_Pairs.D-F:812	yes	yes	yes	yes	yes	yes	
CAND_GRAM_000444	plus	candidate_pending_human_review			grammatical	1	Last week they defined one word	simple_past	defined	word	define	word	0.132	none	USF:Cue_Target_Pairs.D-F:812	yes	yes	yes	yes	yes	yes	
CAND_GRAM_000445	plus	candidate_pending_human_review			grammatical	1	She is defining two words	be_progressive	defining	words	define	word	0.132	none	USF:Cue_Target_Pairs.D-F:812	yes	yes	yes	yes	yes	yes	
CAND_GRAM_000446	plus	candidate_pending_human_review			grammatical	1	She does not define two words	do_negation	define	words	define	word	0.132	none	USF:Cue_Target_Pairs.D-F:812	yes	yes	yes	yes	yes	yes	
CAND_GRAM_000447	plus	candidate_pending_human_review			grammatical	1	Every day she defines two words	present_3s	defines	words	define	word	0.132	none	USF:Cue_Target_Pairs.D-F:812	yes	yes	yes	yes	yes	yes	
CAND_GRAM_000448	plus	candidate_pending_human_review			grammatical	1	Last week she defined two words	simple_past	defined	words	define	word	0.132	none	USF:Cue_Target_Pairs.D-F:812	yes	yes	yes	yes	yes	yes	
CAND_GRAM_000449	plus	candidate_pending_human_review			grammatical	1	He is defining two words	be_progressive	defining	words	define	word	0.132	none	USF:Cue_Target_Pairs.D-F:812	yes	yes	yes	yes	yes	yes	
CAND_GRAM_000450	plus	candidate_pending_human_review			grammatical	1	He does not define two words	do_negation	define	words	define	word	0.132	none	USF:Cue_Target_Pairs.D-F:812	yes	yes	yes	yes	yes	yes	
CAND_GRAM_000451	plus	candidate_pending_human_review			grammatical	1	Every day he defines two words	present_3s	defines	words	define	word	0.132	none	USF:Cue_Target_Pairs.D-F:812	yes	yes	yes	yes	yes	yes	
CAND_GRAM_000452	plus	candidate_pending_human_review			grammatical	1	Last week he defined two words	simple_past	defined	words	define	word	0.132	none	USF:Cue_Target_Pairs.D-F:812	yes	yes	yes	yes	yes	yes	
CAND_GRAM_000453	plus	candidate_pending_human_review			grammatical	1	They are defining two words	be_progressive	defining	words	define	word	0.132	none	USF:Cue_Target_Pairs.D-F:812	yes	yes	yes	yes	yes	yes	
CAND_GRAM_000454	plus	candidate_pending_human_review			grammatical	1	They do not define two words	do_negation	define	words	define	word	0.132	none	USF:Cue_Target_Pairs.D-F:812	yes	yes	yes	yes	yes	yes	
CAND_GRAM_000455	plus	candidate_pending_human_review			grammatical	1	Every day they define two words	present_3s	define	words	define	word	0.132	none	USF:Cue_Target_Pairs.D-F:812	yes	yes	yes	yes	yes	yes	
CAND_GRAM_000456	plus	candidate_pending_human_review			grammatical	1	Last week they defined two words	simple_past	defined	words	define	word	0.132	none	USF:Cue_Target_Pairs.D-F:812	yes	yes	yes	yes	yes	yes	
CAND_GRAM_000457	plus	candidate_pending_human_review			grammatical	1	She is defining three words	be_progressive	defining	words	define	word	0.132	none	USF:Cue_Target_Pairs.D-F:812	yes	yes	yes	yes	yes	yes	
CAND_GRAM_000458	plus	candidate_pending_human_review			grammatical	1	She does not define three words	do_negation	define	words	define	word	0.132	none	USF:Cue_Target_Pairs.D-F:812	yes	yes	yes	yes	yes	yes	
CAND_GRAM_000459	plus	candidate_pending_human_review			grammatical	1	Every day she defines three words	present_3s	defines	words	define	word	0.132	none	USF:Cue_Target_Pairs.D-F:812	yes	yes	yes	yes	yes	yes	
CAND_GRAM_000460	plus	candidate_pending_human_review			grammatical	1	Last week she defined three words	simple_past	defined	words	define	word	0.132	none	USF:Cue_Target_Pairs.D-F:812	yes	yes	yes	yes	yes	yes	
CAND_GRAM_000461	plus	candidate_pending_human_review			grammatical	1	He is defining three words	be_progressive	defining	words	define	word	0.132	none	USF:Cue_Target_Pairs.D-F:812	yes	yes	yes	yes	yes	yes	
CAND_GRAM_000462	plus	candidate_pending_human_review			grammatical	1	He does not define three words	do_negation	define	words	define	word	0.132	none	USF:Cue_Target_Pairs.D-F:812	yes	yes	yes	yes	yes	yes	
CAND_GRAM_000463	plus	candidate_pending_human_review			grammatical	1	Every day he defines three words	present_3s	defines	words	define	word	0.132	none	USF:Cue_Target_Pairs.D-F:812	yes	yes	yes	yes	yes	yes	
CAND_GRAM_000464	plus	candidate_pending_human_review			grammatical	1	Last week he defined three words	simple_past	defined	words	define	word	0.132	none	USF:Cue_Target_Pairs.D-F:812	yes	yes	yes	yes	yes	yes	
CAND_GRAM_000465	plus	candidate_pending_human_review			grammatical	1	They are defining three words	be_progressive	defining	words	define	word	0.132	none	USF:Cue_Target_Pairs.D-F:812	yes	yes	yes	yes	yes	yes	
CAND_GRAM_000466	plus	candidate_pending_human_review			grammatical	1	They do not define three words	do_negation	define	words	define	word	0.132	none	USF:Cue_Target_Pairs.D-F:812	yes	yes	yes	yes	yes	yes	
CAND_GRAM_000467	plus	candidate_pending_human_review			grammatical	1	Every day they define three words	present_3s	define	words	define	word	0.132	none	USF:Cue_Target_Pairs.D-F:812	yes	yes	yes	yes	yes	yes	
CAND_GRAM_000468	plus	candidate_pending_human_review			grammatical	1	Last week they defined three words	simple_past	defined	words	define	word	0.132	none	USF:Cue_Target_Pairs.D-F:812	yes	yes	yes	yes	yes	yes	
CAND_GRAM_000469	plus	candidate_pending_human_review			grammatical	1	She is defining four words	be_progressive	defining	words	define	word	0.132	none	USF:Cue_Target_Pairs.D-F:812	yes	yes	yes	yes	yes	yes	
CAND_GRAM_000470	plus	candidate_pending_human_review			grammatical	1	She does not define four words	do_negation	define	words	define	word	0.132	none	USF:Cue_Target_Pairs.D-F:812	yes	yes	yes	yes	yes	yes	
CAND_GRAM_000471	plus	candidate_pending_human_review			grammatical	1	Every day she defines four words	present_3s	defines	words	define	word	0.132	none	USF:Cue_Target_Pairs.D-F:812	yes	yes	yes	yes	yes	yes	
CAND_GRAM_000472	plus	candidate_pending_human_review			grammatical	1	Last week she defined four words	simple_past	defined	words	define	word	0.132	none	USF:Cue_Target_Pairs.D-F:812	yes	yes	yes	yes	yes	yes	
CAND_GRAM_000473	plus	candidate_pending_human_review			grammatical	1	He is defining four words	be_progressive	defining	words	define	word	0.132	none	USF:Cue_Target_Pairs.D-F:812	yes	yes	yes	yes	yes	yes	
CAND_GRAM_000474	plus	candidate_pending_human_review			grammatical	1	He does not define four words	do_negation	define	words	define	word	0.132	none	USF:Cue_Target_Pairs.D-F:812	yes	yes	yes	yes	yes	yes	
CAND_GRAM_000475	plus	candidate_pending_human_review			grammatical	1	Every day he defines four words	present_3s	defines	words	define	word	0.132	none	USF:Cue_Target_Pairs.D-F:812	yes	yes	yes	yes	yes	yes	
CAND_GRAM_000476	plus	candidate_pending_human_review			grammatical	1	Last week he defined four words	simple_past	defined	words	define	word	0.132	none	USF:Cue_Target_Pairs.D-F:812	yes	yes	yes	yes	yes	yes	
CAND_GRAM_000477	plus	candidate_pending_human_review			grammatical	1	They are defining four words	be_progressive	defining	words	define	word	0.132	none	USF:Cue_Target_Pairs.D-F:812	yes	yes	yes	yes	yes	yes	
CAND_GRAM_000478	plus	candidate_pending_human_review			grammatical	1	They do not define four words	do_negation	define	words	define	word	0.132	none	USF:Cue_Target_Pairs.D-F:812	yes	yes	yes	yes	yes	yes	
CAND_GRAM_000479	plus	candidate_pending_human_review			grammatical	1	Every day they define four words	present_3s	define	words	define	word	0.132	none	USF:Cue_Target_Pairs.D-F:812	yes	yes	yes	yes	yes	yes	
CAND_GRAM_000480	plus	candidate_pending_human_review			grammatical	1	Last week they defined four words	simple_past	defined	words	define	word	0.132	none	USF:Cue_Target_Pairs.D-F:812	yes	yes	yes	yes	yes	yes	
CAND_GRAM_000481	plus	candidate_pending_human_review			grammatical	1	She is defining five words	be_progressive	defining	words	define	word	0.132	none	USF:Cue_Target_Pairs.D-F:812	yes	yes	yes	yes	yes	yes	
CAND_GRAM_000482	plus	candidate_pending_human_review			grammatical	1	She does not define five words	do_negation	define	words	define	word	0.132	none	USF:Cue_Target_Pairs.D-F:812	yes	yes	yes	yes	yes	yes	
CAND_GRAM_000483	plus	candidate_pending_human_review			grammatical	1	Every day she defines five words	present_3s	defines	words	define	word	0.132	none	USF:Cue_Target_Pairs.D-F:812	yes	yes	yes	yes	yes	yes	
CAND_GRAM_000484	plus	candidate_pending_human_review			grammatical	1	Last week she defined five words	simple_past	defined	words	define	word	0.132	none	USF:Cue_Target_Pairs.D-F:812	yes	yes	yes	yes	yes	yes	
CAND_GRAM_000485	plus	candidate_pending_human_review			grammatical	1	He is defining five words	be_progressive	defining	words	define	word	0.132	none	USF:Cue_Target_Pairs.D-F:812	yes	yes	yes	yes	yes	yes	
CAND_GRAM_000486	plus	candidate_pending_human_review			grammatical	1	He does not define five words	do_negation	define	words	define	word	0.132	none	USF:Cue_Target_Pairs.D-F:812	yes	yes	yes	yes	yes	yes	
CAND_GRAM_000487	plus	candidate_pending_human_review			grammatical	1	Every day he defines five words	present_3s	defines	words	define	word	0.132	none	USF:Cue_Target_Pairs.D-F:812	yes	yes	yes	yes	yes	yes	
CAND_GRAM_000488	plus	candidate_pending_human_review			grammatical	1	Last week he defined five words	simple_past	defined	words	define	word	0.132	none	USF:Cue_Target_Pairs.D-F:812	yes	yes	yes	yes	yes	yes	
CAND_GRAM_000489	plus	candidate_pending_human_review			grammatical	1	They are defining five words	be_progressive	defining	words	define	word	0.132	none	USF:Cue_Target_Pairs.D-F:812	yes	yes	yes	yes	yes	yes	
CAND_GRAM_000490	plus	candidate_pending_human_review			grammatical	1	They do not define five words	do_negation	define	words	define	word	0.132	none	USF:Cue_Target_Pairs.D-F:812	yes	yes	yes	yes	yes	yes	
CAND_GRAM_000491	plus	candidate_pending_human_review			grammatical	1	Every day they define five words	present_3s	define	words	define	word	0.132	none	USF:Cue_Target_Pairs.D-F:812	yes	yes	yes	yes	yes	yes	
CAND_GRAM_000492	plus	candidate_pending_human_review			grammatical	1	Last week they defined five words	simple_past	defined	words	define	word	0.132	none	USF:Cue_Target_Pairs.D-F:812	yes	yes	yes	yes	yes	yes	
CAND_GRAM_000493	plus	candidate_pending_human_review			grammatical	1	She is defining six words	be_progressive	defining	words	define	word	0.132	none	USF:Cue_Target_Pairs.D-F:812	yes	yes	yes	yes	yes	yes	
CAND_GRAM_000494	plus	candidate_pending_human_review			grammatical	1	She does not define six words	do_negation	define	words	define	word	0.132	none	USF:Cue_Target_Pairs.D-F:812	yes	yes	yes	yes	yes	yes	
CAND_GRAM_000495	plus	candidate_pending_human_review			grammatical	1	Every day she defines six words	present_3s	defines	words	define	word	0.132	none	USF:Cue_Target_Pairs.D-F:812	yes	yes	yes	yes	yes	yes	
CAND_GRAM_000496	plus	candidate_pending_human_review			grammatical	1	Last week she defined six words	simple_past	defined	words	define	word	0.132	none	USF:Cue_Target_Pairs.D-F:812	yes	yes	yes	yes	yes	yes	
CAND_GRAM_000497	plus	candidate_pending_human_review			grammatical	1	He is defining six words	be_progressive	defining	words	define	word	0.132	none	USF:Cue_Target_Pairs.D-F:812	yes	yes	yes	yes	yes	yes	
CAND_GRAM_000498	plus	candidate_pending_human_review			grammatical	1	He does not define six words	do_negation	define	words	define	word	0.132	none	USF:Cue_Target_Pairs.D-F:812	yes	yes	yes	yes	yes	yes	
CAND_GRAM_000499	plus	candidate_pending_human_review			grammatical	1	Every day he defines six words	present_3s	defines	words	define	word	0.132	none	USF:Cue_Target_Pairs.D-F:812	yes	yes	yes	yes	yes	yes	
CAND_GRAM_000500	plus	candidate_pending_human_review			grammatical	1	Last week he defined six words	simple_past	defined	words	define	word	0.132	none	USF:Cue_Target_Pairs.D-F:812	yes	yes	yes	yes	yes	yes	
CAND_GRAM_000501	plus	candidate_pending_human_review			grammatical	1	They are defining six words	be_progressive	defining	words	define	word	0.132	none	USF:Cue_Target_Pairs.D-F:812	yes	yes	yes	yes	yes	yes	
CAND_GRAM_000502	plus	candidate_pending_human_review			grammatical	1	They do not define six words	do_negation	define	words	define	word	0.132	none	USF:Cue_Target_Pairs.D-F:812	yes	yes	yes	yes	yes	yes	
CAND_GRAM_000503	plus	candidate_pending_human_review			grammatical	1	Every day they define six words	present_3s	define	words	define	word	0.132	none	USF:Cue_Target_Pairs.D-F:812	yes	yes	yes	yes	yes	yes	
CAND_GRAM_000504	plus	candidate_pending_human_review			grammatical	1	Last week they defined six words	simple_past	defined	words	define	word	0.132	none	USF:Cue_Target_Pairs.D-F:812	yes	yes	yes	yes	yes	yes	
CAND_GRAM_000505	plus	candidate_pending_human_review			grammatical	1	She is digging one hole	be_progressive	digging	hole	dig	hole	0.186	none	USF:Cue_Target_Pairs.D-F:1935	yes	yes	yes	yes	yes	yes	
CAND_GRAM_000506	plus	candidate_pending_human_review			grammatical	1	She does not dig one hole	do_negation	dig	hole	dig	hole	0.186	none	USF:Cue_Target_Pairs.D-F:1935	yes	yes	yes	yes	yes	yes	
CAND_GRAM_000507	plus	candidate_pending_human_review			grammatical	1	Every day she digs one hole	present_3s	digs	hole	dig	hole	0.186	none	USF:Cue_Target_Pairs.D-F:1935	yes	yes	yes	yes	yes	yes	
CAND_GRAM_000508	plus	candidate_pending_human_review			grammatical	1	Last week she dug one hole	simple_past	dug	hole	dig	hole	0.186	none	USF:Cue_Target_Pairs.D-F:1935	yes	yes	yes	yes	yes	yes	
CAND_GRAM_000509	plus	candidate_pending_human_review			grammatical	1	He is digging one hole	be_progressive	digging	hole	dig	hole	0.186	none	USF:Cue_Target_Pairs.D-F:1935	yes	yes	yes	yes	yes	yes	
CAND_GRAM_000510	plus	candidate_pending_human_review			grammatical	1	He does not dig one hole	do_negation	dig	hole	dig	hole	0.186	none	USF:Cue_Target_Pairs.D-F:1935	yes	yes	yes	yes	yes	yes	
CAND_GRAM_000511	plus	candidate_pending_human_review			grammatical	1	Every day he digs one hole	present_3s	digs	hole	dig	hole	0.186	none	USF:Cue_Target_Pairs.D-F:1935	yes	yes	yes	yes	yes	yes	
CAND_GRAM_000512	plus	candidate_pending_human_review			grammatical	1	Last week he dug one hole	simple_past	dug	hole	dig	hole	0.186	none	USF:Cue_Target_Pairs.D-F:1935	yes	yes	yes	yes	yes	yes	
CAND_GRAM_000513	plus	candidate_pending_human_review			grammatical	1	They are digging one hole	be_progressive	digging	hole	dig	hole	0.186	none	USF:Cue_Target_Pairs.D-F:1935	yes	yes	yes	yes	yes	yes	
CAND_GRAM_000514	plus	candidate_pending_human_review			grammatical	1	They do not dig one hole	do_negation	dig	hole	dig	hole	0.186	none	USF:Cue_Target_Pairs.D-F:1935	yes	yes	yes	yes	yes	yes	
CAND_GRAM_000515	plus	candidate_pending_human_review			grammatical	1	Every day they dig one hole	present_3s	dig	hole	dig	hole	0.186	none	USF:Cue_Target_Pairs.D-F:1935	yes	yes	yes	yes	yes	yes	
CAND_GRAM_000516	plus	candidate_pending_human_review			grammatical	1	Last week they dug one hole	simple_past	dug	hole	dig	hole	0.186	none	USF:Cue_Target_Pairs.D-F:1935	yes	yes	yes	yes	yes	yes	
CAND_GRAM_000517	plus	candidate_pending_human_review			grammatical	1	She is digging two holes	be_progressive	digging	holes	dig	hole	0.186	none	USF:Cue_Target_Pairs.D-F:1935	yes	yes	yes	yes	yes	yes	
CAND_GRAM_000518	plus	candidate_pending_human_review			grammatical	1	She does not dig two holes	do_negation	dig	holes	dig	hole	0.186	none	USF:Cue_Target_Pairs.D-F:1935	yes	yes	yes	yes	yes	yes	
CAND_GRAM_000519	plus	candidate_pending_human_review			grammatical	1	Every day she digs two holes	present_3s	digs	holes	dig	hole	0.186	none	USF:Cue_Target_Pairs.D-F:1935	yes	yes	yes	yes	yes	yes	
CAND_GRAM_000520	plus	candidate_pending_human_review			grammatical	1	Last week she dug two holes	simple_past	dug	holes	dig	hole	0.186	none	USF:Cue_Target_Pairs.D-F:1935	yes	yes	yes	yes	yes	yes	
CAND_GRAM_000521	plus	candidate_pending_human_review			grammatical	1	He is digging two holes	be_progressive	digging	holes	dig	hole	0.186	none	USF:Cue_Target_Pairs.D-F:1935	yes	yes	yes	yes	yes	yes	
CAND_GRAM_000522	plus	candidate_pending_human_review			grammatical	1	He does not dig two holes	do_negation	dig	holes	dig	hole	0.186	none	USF:Cue_Target_Pairs.D-F:1935	yes	yes	yes	yes	yes	yes	
CAND_GRAM_000523	plus	candidate_pending_human_review			grammatical	1	Every day he digs two holes	present_3s	digs	holes	dig	hole	0.186	none	USF:Cue_Target_Pairs.D-F:1935	yes	yes	yes	yes	yes	yes	
CAND_GRAM_000524	plus	candidate_pending_human_review			grammatical	1	Last week he dug two holes	simple_past	dug	holes	dig	hole	0.186	none	USF:Cue_Target_Pairs.D-F:1935	yes	yes	yes	yes	yes	yes	
CAND_GRAM_000525	plus	candidate_pending_human_review			grammatical	1	They are digging two holes	be_progressive	digging	holes	dig	hole	0.186	none	USF:Cue_Target_Pairs.D-F:1935	yes	yes	yes	yes	yes	yes	
CAND_GRAM_000526	plus	candidate_pending_human_review			grammatical	1	They do not dig two holes	do_negation	dig	holes	dig	hole	0.186	none	USF:Cue_Target_Pairs.D-F:1935	yes	yes	yes	yes	yes	yes	
CAND_GRAM_000527	plus	candidate_pending_human_review			grammatical	1	Every day they dig two holes	present_3s	dig	holes	dig	hole	0.186	none	USF:Cue_Target_Pairs.D-F:1935	yes	yes	yes	yes	yes	yes	
CAND_GRAM_000528	plus	candidate_pending_human_review			grammatical	1	Last week they dug two holes	simple_past	dug	holes	dig	hole	0.186	none	USF:Cue_Target_Pairs.D-F:1935	yes	yes	yes	yes	yes	yes	
CAND_GRAM_000529	plus	candidate_pending_human_review			grammatical	1	She is digging three holes	be_progressive	digging	holes	dig	hole	0.186	none	USF:Cue_Target_Pairs.D-F:1935	yes	yes	yes	yes	yes	yes	
CAND_GRAM_000530	plus	candidate_pending_human_review			grammatical	1	She does not dig three holes	do_negation	dig	holes	dig	hole	0.186	none	USF:Cue_Target_Pairs.D-F:1935	yes	yes	yes	yes	yes	yes	
CAND_GRAM_000531	plus	candidate_pending_human_review			grammatical	1	Every day she digs three holes	present_3s	digs	holes	dig	hole	0.186	none	USF:Cue_Target_Pairs.D-F:1935	yes	yes	yes	yes	yes	yes	
CAND_GRAM_000532	plus	candidate_pending_human_review			grammatical	1	Last week she dug three holes	simple_past	dug	holes	dig	hole	0.186	none	USF:Cue_Target_Pairs.D-F:1935	yes	yes	yes	yes	yes	yes	
CAND_GRAM_000533	plus	candidate_pending_human_review			grammatical	1	He is digging three holes	be_progressive	digging	holes	dig	hole	0.186	none	USF:Cue_Target_Pairs.D-F:1935	yes	yes	yes	yes	yes	yes	
CAND_GRAM_000534	plus	candidate_pending_human_review			grammatical	1	He does not dig three holes	do_negation	dig	holes	dig	hole	0.186	none	USF:Cue_Target_Pairs.D-F:1935	yes	yes	yes	yes	yes	yes	
CAND_GRAM_000535	plus	candidate_pending_human_review			grammatical	1	Every day he digs three holes	present_3s	digs	holes	dig	hole	0.186	none	USF:Cue_Target_Pairs.D-F:1935	yes	yes	yes	yes	yes	yes	
CAND_GRAM_000536	plus	candidate_pending_human_review			grammatical	1	Last week he dug three holes	simple_past	dug	holes	dig	hole	0.186	none	USF:Cue_Target_Pairs.D-F:1935	yes	yes	yes	yes	yes	yes	
CAND_GRAM_000537	plus	candidate_pending_human_review			grammatical	1	They are digging three holes	be_progressive	digging	holes	dig	hole	0.186	none	USF:Cue_Target_Pairs.D-F:1935	yes	yes	yes	yes	yes	yes	
CAND_GRAM_000538	plus	candidate_pending_human_review			grammatical	1	They do not dig three holes	do_negation	dig	holes	dig	hole	0.186	none	USF:Cue_Target_Pairs.D-F:1935	yes	yes	yes	yes	yes	yes	
CAND_GRAM_000539	plus	candidate_pending_human_review			grammatical	1	Every day they dig three holes	present_3s	dig	holes	dig	hole	0.186	none	USF:Cue_Target_Pairs.D-F:1935	yes	yes	yes	yes	yes	yes	
CAND_GRAM_000540	plus	candidate_pending_human_review			grammatical	1	Last week they dug three holes	simple_past	dug	holes	dig	hole	0.186	none	USF:Cue_Target_Pairs.D-F:1935	yes	yes	yes	yes	yes	yes	
CAND_GRAM_000541	plus	candidate_pending_human_review			grammatical	1	She is digging four holes	be_progressive	digging	holes	dig	hole	0.186	none	USF:Cue_Target_Pairs.D-F:1935	yes	yes	yes	yes	yes	yes	
CAND_GRAM_000542	plus	candidate_pending_human_review			grammatical	1	She does not dig four holes	do_negation	dig	holes	dig	hole	0.186	none	USF:Cue_Target_Pairs.D-F:1935	yes	yes	yes	yes	yes	yes	
CAND_GRAM_000543	plus	candidate_pending_human_review			grammatical	1	Every day she digs four holes	present_3s	digs	holes	dig	hole	0.186	none	USF:Cue_Target_Pairs.D-F:1935	yes	yes	yes	yes	yes	yes	
CAND_GRAM_000544	plus	candidate_pending_human_review			grammatical	1	Last week she dug four holes	simple_past	dug	holes	dig	hole	0.186	none	USF:Cue_Target_Pairs.D-F:1935	yes	yes	yes	yes	yes	yes	
CAND_GRAM_000545	plus	candidate_pending_human_review			grammatical	1	He is digging four holes	be_progressive	digging	holes	dig	hole	0.186	none	USF:Cue_Target_Pairs.D-F:1935	yes	yes	yes	yes	yes	yes	
CAND_GRAM_000546	plus	candidate_pending_human_review			grammatical	1	He does not dig four holes	do_negation	dig	holes	dig	hole	0.186	none	USF:Cue_Target_Pairs.D-F:1935	yes	yes	yes	yes	yes	yes	
CAND_GRAM_000547	plus	candidate_pending_human_review			grammatical	1	Every day he digs four holes	present_3s	digs	holes	dig	hole	0.186	none	USF:Cue_Target_Pairs.D-F:1935	yes	yes	yes	yes	yes	yes	
CAND_GRAM_000548	plus	candidate_pending_human_review			grammatical	1	Last week he dug four holes	simple_past	dug	holes	dig	hole	0.186	none	USF:Cue_Target_Pairs.D-F:1935	yes	yes	yes	yes	yes	yes	
CAND_GRAM_000549	plus	candidate_pending_human_review			grammatical	1	They are digging four holes	be_progressive	digging	holes	dig	hole	0.186	none	USF:Cue_Target_Pairs.D-F:1935	yes	yes	yes	yes	yes	yes	
CAND_GRAM_000550	plus	candidate_pending_human_review			grammatical	1	They do not dig four holes	do_negation	dig	holes	dig	hole	0.186	none	USF:Cue_Target_Pairs.D-F:1935	yes	yes	yes	yes	yes	yes	
CAND_GRAM_000551	plus	candidate_pending_human_review			grammatical	1	Every day they dig four holes	present_3s	dig	holes	dig	hole	0.186	none	USF:Cue_Target_Pairs.D-F:1935	yes	yes	yes	yes	yes	yes	
CAND_GRAM_000552	plus	candidate_pending_human_review			grammatical	1	Last week they dug four holes	simple_past	dug	holes	dig	hole	0.186	none	USF:Cue_Target_Pairs.D-F:1935	yes	yes	yes	yes	yes	yes	
CAND_GRAM_000553	plus	candidate_pending_human_review			grammatical	1	She is digging five holes	be_progressive	digging	holes	dig	hole	0.186	none	USF:Cue_Target_Pairs.D-F:1935	yes	yes	yes	yes	yes	yes	
CAND_GRAM_000554	plus	candidate_pending_human_review			grammatical	1	She does not dig five holes	do_negation	dig	holes	dig	hole	0.186	none	USF:Cue_Target_Pairs.D-F:1935	yes	yes	yes	yes	yes	yes	
CAND_GRAM_000555	plus	candidate_pending_human_review			grammatical	1	Every day she digs five holes	present_3s	digs	holes	dig	hole	0.186	none	USF:Cue_Target_Pairs.D-F:1935	yes	yes	yes	yes	yes	yes	
CAND_GRAM_000556	plus	candidate_pending_human_review			grammatical	1	Last week she dug five holes	simple_past	dug	holes	dig	hole	0.186	none	USF:Cue_Target_Pairs.D-F:1935	yes	yes	yes	yes	yes	yes	
CAND_GRAM_000557	plus	candidate_pending_human_review			grammatical	1	He is digging five holes	be_progressive	digging	holes	dig	hole	0.186	none	USF:Cue_Target_Pairs.D-F:1935	yes	yes	yes	yes	yes	yes	
CAND_GRAM_000558	plus	candidate_pending_human_review			grammatical	1	He does not dig five holes	do_negation	dig	holes	dig	hole	0.186	none	USF:Cue_Target_Pairs.D-F:1935	yes	yes	yes	yes	yes	yes	
CAND_GRAM_000559	plus	candidate_pending_human_review			grammatical	1	Every day he digs five holes	present_3s	digs	holes	dig	hole	0.186	none	USF:Cue_Target_Pairs.D-F:1935	yes	yes	yes	yes	yes	yes	
CAND_GRAM_000560	plus	candidate_pending_human_review			grammatical	1	Last week he dug five holes	simple_past	dug	holes	dig	hole	0.186	none	USF:Cue_Target_Pairs.D-F:1935	yes	yes	yes	yes	yes	yes	
CAND_GRAM_000561	plus	candidate_pending_human_review			grammatical	1	They are digging five holes	be_progressive	digging	holes	dig	hole	0.186	none	USF:Cue_Target_Pairs.D-F:1935	yes	yes	yes	yes	yes	yes	
CAND_GRAM_000562	plus	candidate_pending_human_review			grammatical	1	They do not dig five holes	do_negation	dig	holes	dig	hole	0.186	none	USF:Cue_Target_Pairs.D-F:1935	yes	yes	yes	yes	yes	yes	
CAND_GRAM_000563	plus	candidate_pending_human_review			grammatical	1	Every day they dig five holes	present_3s	dig	holes	dig	hole	0.186	none	USF:Cue_Target_Pairs.D-F:1935	yes	yes	yes	yes	yes	yes	
CAND_GRAM_000564	plus	candidate_pending_human_review			grammatical	1	Last week they dug five holes	simple_past	dug	holes	dig	hole	0.186	none	USF:Cue_Target_Pairs.D-F:1935	yes	yes	yes	yes	yes	yes	
CAND_GRAM_000565	plus	candidate_pending_human_review			grammatical	1	She is digging six holes	be_progressive	digging	holes	dig	hole	0.186	none	USF:Cue_Target_Pairs.D-F:1935	yes	yes	yes	yes	yes	yes	
CAND_GRAM_000566	plus	candidate_pending_human_review			grammatical	1	She does not dig six holes	do_negation	dig	holes	dig	hole	0.186	none	USF:Cue_Target_Pairs.D-F:1935	yes	yes	yes	yes	yes	yes	
CAND_GRAM_000567	plus	candidate_pending_human_review			grammatical	1	Every day she digs six holes	present_3s	digs	holes	dig	hole	0.186	none	USF:Cue_Target_Pairs.D-F:1935	yes	yes	yes	yes	yes	yes	
CAND_GRAM_000568	plus	candidate_pending_human_review			grammatical	1	Last week she dug six holes	simple_past	dug	holes	dig	hole	0.186	none	USF:Cue_Target_Pairs.D-F:1935	yes	yes	yes	yes	yes	yes	
CAND_GRAM_000569	plus	candidate_pending_human_review			grammatical	1	He is digging six holes	be_progressive	digging	holes	dig	hole	0.186	none	USF:Cue_Target_Pairs.D-F:1935	yes	yes	yes	yes	yes	yes	
CAND_GRAM_000570	plus	candidate_pending_human_review			grammatical	1	He does not dig six holes	do_negation	dig	holes	dig	hole	0.186	none	USF:Cue_Target_Pairs.D-F:1935	yes	yes	yes	yes	yes	yes	
CAND_GRAM_000571	plus	candidate_pending_human_review			grammatical	1	Every day he digs six holes	present_3s	digs	holes	dig	hole	0.186	none	USF:Cue_Target_Pairs.D-F:1935	yes	yes	yes	yes	yes	yes	
CAND_GRAM_000572	plus	candidate_pending_human_review			grammatical	1	Last week he dug six holes	simple_past	dug	holes	dig	hole	0.186	none	USF:Cue_Target_Pairs.D-F:1935	yes	yes	yes	yes	yes	yes	
CAND_GRAM_000573	plus	candidate_pending_human_review			grammatical	1	They are digging six holes	be_progressive	digging	holes	dig	hole	0.186	none	USF:Cue_Target_Pairs.D-F:1935	yes	yes	yes	yes	yes	yes	
CAND_GRAM_000574	plus	candidate_pending_human_review			grammatical	1	They do not dig six holes	do_negation	dig	holes	dig	hole	0.186	none	USF:Cue_Target_Pairs.D-F:1935	yes	yes	yes	yes	yes	yes	
CAND_GRAM_000575	plus	candidate_pending_human_review			grammatical	1	Every day they dig six holes	present_3s	dig	holes	dig	hole	0.186	none	USF:Cue_Target_Pairs.D-F:1935	yes	yes	yes	yes	yes	yes	
CAND_GRAM_000576	plus	candidate_pending_human_review			grammatical	1	Last week they dug six holes	simple_past	dug	holes	dig	hole	0.186	none	USF:Cue_Target_Pairs.D-F:1935	yes	yes	yes	yes	yes	yes	
CAND_GRAM_000577	plus	candidate_pending_human_review			grammatical	1	She is folding one letter	be_progressive	folding	letter	fold	letter	0.026	none	USF:Cue_Target_Pairs.D-F:8939	yes	yes	yes	yes	yes	yes	
CAND_GRAM_000578	plus	candidate_pending_human_review			grammatical	1	She does not fold one letter	do_negation	fold	letter	fold	letter	0.026	none	USF:Cue_Target_Pairs.D-F:8939	yes	yes	yes	yes	yes	yes	
CAND_GRAM_000579	plus	candidate_pending_human_review			grammatical	1	Every day she folds one letter	present_3s	folds	letter	fold	letter	0.026	none	USF:Cue_Target_Pairs.D-F:8939	yes	yes	yes	yes	yes	yes	
CAND_GRAM_000580	plus	candidate_pending_human_review			grammatical	1	Last week she folded one letter	simple_past	folded	letter	fold	letter	0.026	none	USF:Cue_Target_Pairs.D-F:8939	yes	yes	yes	yes	yes	yes	
CAND_GRAM_000581	plus	candidate_pending_human_review			grammatical	1	He is folding one letter	be_progressive	folding	letter	fold	letter	0.026	none	USF:Cue_Target_Pairs.D-F:8939	yes	yes	yes	yes	yes	yes	
CAND_GRAM_000582	plus	candidate_pending_human_review			grammatical	1	He does not fold one letter	do_negation	fold	letter	fold	letter	0.026	none	USF:Cue_Target_Pairs.D-F:8939	yes	yes	yes	yes	yes	yes	
CAND_GRAM_000583	plus	candidate_pending_human_review			grammatical	1	Every day he folds one letter	present_3s	folds	letter	fold	letter	0.026	none	USF:Cue_Target_Pairs.D-F:8939	yes	yes	yes	yes	yes	yes	
CAND_GRAM_000584	plus	candidate_pending_human_review			grammatical	1	Last week he folded one letter	simple_past	folded	letter	fold	letter	0.026	none	USF:Cue_Target_Pairs.D-F:8939	yes	yes	yes	yes	yes	yes	
CAND_GRAM_000585	plus	candidate_pending_human_review			grammatical	1	They are folding one letter	be_progressive	folding	letter	fold	letter	0.026	none	USF:Cue_Target_Pairs.D-F:8939	yes	yes	yes	yes	yes	yes	
CAND_GRAM_000586	plus	candidate_pending_human_review			grammatical	1	They do not fold one letter	do_negation	fold	letter	fold	letter	0.026	none	USF:Cue_Target_Pairs.D-F:8939	yes	yes	yes	yes	yes	yes	
CAND_GRAM_000587	plus	candidate_pending_human_review			grammatical	1	Every day they fold one letter	present_3s	fold	letter	fold	letter	0.026	none	USF:Cue_Target_Pairs.D-F:8939	yes	yes	yes	yes	yes	yes	
CAND_GRAM_000588	plus	candidate_pending_human_review			grammatical	1	Last week they folded one letter	simple_past	folded	letter	fold	letter	0.026	none	USF:Cue_Target_Pairs.D-F:8939	yes	yes	yes	yes	yes	yes	
CAND_GRAM_000589	plus	candidate_pending_human_review			grammatical	1	She is folding two letters	be_progressive	folding	letters	fold	letter	0.026	none	USF:Cue_Target_Pairs.D-F:8939	yes	yes	yes	yes	yes	yes	
CAND_GRAM_000590	plus	candidate_pending_human_review			grammatical	1	She does not fold two letters	do_negation	fold	letters	fold	letter	0.026	none	USF:Cue_Target_Pairs.D-F:8939	yes	yes	yes	yes	yes	yes	
CAND_GRAM_000591	plus	candidate_pending_human_review			grammatical	1	Every day she folds two letters	present_3s	folds	letters	fold	letter	0.026	none	USF:Cue_Target_Pairs.D-F:8939	yes	yes	yes	yes	yes	yes	
CAND_GRAM_000592	plus	candidate_pending_human_review			grammatical	1	Last week she folded two letters	simple_past	folded	letters	fold	letter	0.026	none	USF:Cue_Target_Pairs.D-F:8939	yes	yes	yes	yes	yes	yes	
CAND_GRAM_000593	plus	candidate_pending_human_review			grammatical	1	He is folding two letters	be_progressive	folding	letters	fold	letter	0.026	none	USF:Cue_Target_Pairs.D-F:8939	yes	yes	yes	yes	yes	yes	
CAND_GRAM_000594	plus	candidate_pending_human_review			grammatical	1	He does not fold two letters	do_negation	fold	letters	fold	letter	0.026	none	USF:Cue_Target_Pairs.D-F:8939	yes	yes	yes	yes	yes	yes	
CAND_GRAM_000595	plus	candidate_pending_human_review			grammatical	1	Every day he folds two letters	present_3s	folds	letters	fold	letter	0.026	none	USF:Cue_Target_Pairs.D-F:8939	yes	yes	yes	yes	yes	yes	
CAND_GRAM_000596	plus	candidate_pending_human_review			grammatical	1	Last week he folded two letters	simple_past	folded	letters	fold	letter	0.026	none	USF:Cue_Target_Pairs.D-F:8939	yes	yes	yes	yes	yes	yes	
CAND_GRAM_000597	plus	candidate_pending_human_review			grammatical	1	They are folding two letters	be_progressive	folding	letters	fold	letter	0.026	none	USF:Cue_Target_Pairs.D-F:8939	yes	yes	yes	yes	yes	yes	
CAND_GRAM_000598	plus	candidate_pending_human_review			grammatical	1	They do not fold two letters	do_negation	fold	letters	fold	letter	0.026	none	USF:Cue_Target_Pairs.D-F:8939	yes	yes	yes	yes	yes	yes	
CAND_GRAM_000599	plus	candidate_pending_human_review			grammatical	1	Every day they fold two letters	present_3s	fold	letters	fold	letter	0.026	none	USF:Cue_Target_Pairs.D-F:8939	yes	yes	yes	yes	yes	yes	
CAND_GRAM_000600	plus	candidate_pending_human_review			grammatical	1	Last week they folded two letters	simple_past	folded	letters	fold	letter	0.026	none	USF:Cue_Target_Pairs.D-F:8939	yes	yes	yes	yes	yes	yes	
CAND_GRAM_000601	plus	candidate_pending_human_review			grammatical	1	She is folding three letters	be_progressive	folding	letters	fold	letter	0.026	none	USF:Cue_Target_Pairs.D-F:8939	yes	yes	yes	yes	yes	yes	
CAND_GRAM_000602	plus	candidate_pending_human_review			grammatical	1	She does not fold three letters	do_negation	fold	letters	fold	letter	0.026	none	USF:Cue_Target_Pairs.D-F:8939	yes	yes	yes	yes	yes	yes	
CAND_GRAM_000603	plus	candidate_pending_human_review			grammatical	1	Every day she folds three letters	present_3s	folds	letters	fold	letter	0.026	none	USF:Cue_Target_Pairs.D-F:8939	yes	yes	yes	yes	yes	yes	
CAND_GRAM_000604	plus	candidate_pending_human_review			grammatical	1	Last week she folded three letters	simple_past	folded	letters	fold	letter	0.026	none	USF:Cue_Target_Pairs.D-F:8939	yes	yes	yes	yes	yes	yes	
CAND_GRAM_000605	plus	candidate_pending_human_review			grammatical	1	He is folding three letters	be_progressive	folding	letters	fold	letter	0.026	none	USF:Cue_Target_Pairs.D-F:8939	yes	yes	yes	yes	yes	yes	
CAND_GRAM_000606	plus	candidate_pending_human_review			grammatical	1	He does not fold three letters	do_negation	fold	letters	fold	letter	0.026	none	USF:Cue_Target_Pairs.D-F:8939	yes	yes	yes	yes	yes	yes	
CAND_GRAM_000607	plus	candidate_pending_human_review			grammatical	1	Every day he folds three letters	present_3s	folds	letters	fold	letter	0.026	none	USF:Cue_Target_Pairs.D-F:8939	yes	yes	yes	yes	yes	yes	
CAND_GRAM_000608	plus	candidate_pending_human_review			grammatical	1	Last week he folded three letters	simple_past	folded	letters	fold	letter	0.026	none	USF:Cue_Target_Pairs.D-F:8939	yes	yes	yes	yes	yes	yes	
CAND_GRAM_000609	plus	candidate_pending_human_review			grammatical	1	They are folding three letters	be_progressive	folding	letters	fold	letter	0.026	none	USF:Cue_Target_Pairs.D-F:8939	yes	yes	yes	yes	yes	yes	
CAND_GRAM_000610	plus	candidate_pending_human_review			grammatical	1	They do not fold three letters	do_negation	fold	letters	fold	letter	0.026	none	USF:Cue_Target_Pairs.D-F:8939	yes	yes	yes	yes	yes	yes	
CAND_GRAM_000611	plus	candidate_pending_human_review			grammatical	1	Every day they fold three letters	present_3s	fold	letters	fold	letter	0.026	none	USF:Cue_Target_Pairs.D-F:8939	yes	yes	yes	yes	yes	yes	
CAND_GRAM_000612	plus	candidate_pending_human_review			grammatical	1	Last week they folded three letters	simple_past	folded	letters	fold	letter	0.026	none	USF:Cue_Target_Pairs.D-F:8939	yes	yes	yes	yes	yes	yes	
CAND_GRAM_000613	plus	candidate_pending_human_review			grammatical	1	She is folding four letters	be_progressive	folding	letters	fold	letter	0.026	none	USF:Cue_Target_Pairs.D-F:8939	yes	yes	yes	yes	yes	yes	
CAND_GRAM_000614	plus	candidate_pending_human_review			grammatical	1	She does not fold four letters	do_negation	fold	letters	fold	letter	0.026	none	USF:Cue_Target_Pairs.D-F:8939	yes	yes	yes	yes	yes	yes	
CAND_GRAM_000615	plus	candidate_pending_human_review			grammatical	1	Every day she folds four letters	present_3s	folds	letters	fold	letter	0.026	none	USF:Cue_Target_Pairs.D-F:8939	yes	yes	yes	yes	yes	yes	
CAND_GRAM_000616	plus	candidate_pending_human_review			grammatical	1	Last week she folded four letters	simple_past	folded	letters	fold	letter	0.026	none	USF:Cue_Target_Pairs.D-F:8939	yes	yes	yes	yes	yes	yes	
CAND_GRAM_000617	plus	candidate_pending_human_review			grammatical	1	He is folding four letters	be_progressive	folding	letters	fold	letter	0.026	none	USF:Cue_Target_Pairs.D-F:8939	yes	yes	yes	yes	yes	yes	
CAND_GRAM_000618	plus	candidate_pending_human_review			grammatical	1	He does not fold four letters	do_negation	fold	letters	fold	letter	0.026	none	USF:Cue_Target_Pairs.D-F:8939	yes	yes	yes	yes	yes	yes	
CAND_GRAM_000619	plus	candidate_pending_human_review			grammatical	1	Every day he folds four letters	present_3s	folds	letters	fold	letter	0.026	none	USF:Cue_Target_Pairs.D-F:8939	yes	yes	yes	yes	yes	yes	
CAND_GRAM_000620	plus	candidate_pending_human_review			grammatical	1	Last week he folded four letters	simple_past	folded	letters	fold	letter	0.026	none	USF:Cue_Target_Pairs.D-F:8939	yes	yes	yes	yes	yes	yes	
CAND_GRAM_000621	plus	candidate_pending_human_review			grammatical	1	They are folding four letters	be_progressive	folding	letters	fold	letter	0.026	none	USF:Cue_Target_Pairs.D-F:8939	yes	yes	yes	yes	yes	yes	
CAND_GRAM_000622	plus	candidate_pending_human_review			grammatical	1	They do not fold four letters	do_negation	fold	letters	fold	letter	0.026	none	USF:Cue_Target_Pairs.D-F:8939	yes	yes	yes	yes	yes	yes	
CAND_GRAM_000623	plus	candidate_pending_human_review			grammatical	1	Every day they fold four letters	present_3s	fold	letters	fold	letter	0.026	none	USF:Cue_Target_Pairs.D-F:8939	yes	yes	yes	yes	yes	yes	
CAND_GRAM_000624	plus	candidate_pending_human_review			grammatical	1	Last week they folded four letters	simple_past	folded	letters	fold	letter	0.026	none	USF:Cue_Target_Pairs.D-F:8939	yes	yes	yes	yes	yes	yes	
CAND_GRAM_000625	plus	candidate_pending_human_review			grammatical	1	She is folding five letters	be_progressive	folding	letters	fold	letter	0.026	none	USF:Cue_Target_Pairs.D-F:8939	yes	yes	yes	yes	yes	yes	
CAND_GRAM_000626	plus	candidate_pending_human_review			grammatical	1	She does not fold five letters	do_negation	fold	letters	fold	letter	0.026	none	USF:Cue_Target_Pairs.D-F:8939	yes	yes	yes	yes	yes	yes	
CAND_GRAM_000627	plus	candidate_pending_human_review			grammatical	1	Every day she folds five letters	present_3s	folds	letters	fold	letter	0.026	none	USF:Cue_Target_Pairs.D-F:8939	yes	yes	yes	yes	yes	yes	
CAND_GRAM_000628	plus	candidate_pending_human_review			grammatical	1	Last week she folded five letters	simple_past	folded	letters	fold	letter	0.026	none	USF:Cue_Target_Pairs.D-F:8939	yes	yes	yes	yes	yes	yes	
CAND_GRAM_000629	plus	candidate_pending_human_review			grammatical	1	He is folding five letters	be_progressive	folding	letters	fold	letter	0.026	none	USF:Cue_Target_Pairs.D-F:8939	yes	yes	yes	yes	yes	yes	
CAND_GRAM_000630	plus	candidate_pending_human_review			grammatical	1	He does not fold five letters	do_negation	fold	letters	fold	letter	0.026	none	USF:Cue_Target_Pairs.D-F:8939	yes	yes	yes	yes	yes	yes	
CAND_GRAM_000631	plus	candidate_pending_human_review			grammatical	1	Every day he folds five letters	present_3s	folds	letters	fold	letter	0.026	none	USF:Cue_Target_Pairs.D-F:8939	yes	yes	yes	yes	yes	yes	
CAND_GRAM_000632	plus	candidate_pending_human_review			grammatical	1	Last week he folded five letters	simple_past	folded	letters	fold	letter	0.026	none	USF:Cue_Target_Pairs.D-F:8939	yes	yes	yes	yes	yes	yes	
CAND_GRAM_000633	plus	candidate_pending_human_review			grammatical	1	They are folding five letters	be_progressive	folding	letters	fold	letter	0.026	none	USF:Cue_Target_Pairs.D-F:8939	yes	yes	yes	yes	yes	yes	
CAND_GRAM_000634	plus	candidate_pending_human_review			grammatical	1	They do not fold five letters	do_negation	fold	letters	fold	letter	0.026	none	USF:Cue_Target_Pairs.D-F:8939	yes	yes	yes	yes	yes	yes	
CAND_GRAM_000635	plus	candidate_pending_human_review			grammatical	1	Every day they fold five letters	present_3s	fold	letters	fold	letter	0.026	none	USF:Cue_Target_Pairs.D-F:8939	yes	yes	yes	yes	yes	yes	
CAND_GRAM_000636	plus	candidate_pending_human_review			grammatical	1	Last week they folded five letters	simple_past	folded	letters	fold	letter	0.026	none	USF:Cue_Target_Pairs.D-F:8939	yes	yes	yes	yes	yes	yes	
CAND_GRAM_000637	plus	candidate_pending_human_review			grammatical	1	She is folding six letters	be_progressive	folding	letters	fold	letter	0.026	none	USF:Cue_Target_Pairs.D-F:8939	yes	yes	yes	yes	yes	yes	
CAND_GRAM_000638	plus	candidate_pending_human_review			grammatical	1	She does not fold six letters	do_negation	fold	letters	fold	letter	0.026	none	USF:Cue_Target_Pairs.D-F:8939	yes	yes	yes	yes	yes	yes	
CAND_GRAM_000639	plus	candidate_pending_human_review			grammatical	1	Every day she folds six letters	present_3s	folds	letters	fold	letter	0.026	none	USF:Cue_Target_Pairs.D-F:8939	yes	yes	yes	yes	yes	yes	
CAND_GRAM_000640	plus	candidate_pending_human_review			grammatical	1	Last week she folded six letters	simple_past	folded	letters	fold	letter	0.026	none	USF:Cue_Target_Pairs.D-F:8939	yes	yes	yes	yes	yes	yes	
CAND_GRAM_000641	plus	candidate_pending_human_review			grammatical	1	He is folding six letters	be_progressive	folding	letters	fold	letter	0.026	none	USF:Cue_Target_Pairs.D-F:8939	yes	yes	yes	yes	yes	yes	
CAND_GRAM_000642	plus	candidate_pending_human_review			grammatical	1	He does not fold six letters	do_negation	fold	letters	fold	letter	0.026	none	USF:Cue_Target_Pairs.D-F:8939	yes	yes	yes	yes	yes	yes	
CAND_GRAM_000643	plus	candidate_pending_human_review			grammatical	1	Every day he folds six letters	present_3s	folds	letters	fold	letter	0.026	none	USF:Cue_Target_Pairs.D-F:8939	yes	yes	yes	yes	yes	yes	
CAND_GRAM_000644	plus	candidate_pending_human_review			grammatical	1	Last week he folded six letters	simple_past	folded	letters	fold	letter	0.026	none	USF:Cue_Target_Pairs.D-F:8939	yes	yes	yes	yes	yes	yes	
CAND_GRAM_000645	plus	candidate_pending_human_review			grammatical	1	They are folding six letters	be_progressive	folding	letters	fold	letter	0.026	none	USF:Cue_Target_Pairs.D-F:8939	yes	yes	yes	yes	yes	yes	
CAND_GRAM_000646	plus	candidate_pending_human_review			grammatical	1	They do not fold six letters	do_negation	fold	letters	fold	letter	0.026	none	USF:Cue_Target_Pairs.D-F:8939	yes	yes	yes	yes	yes	yes	
CAND_GRAM_000647	plus	candidate_pending_human_review			grammatical	1	Every day they fold six letters	present_3s	fold	letters	fold	letter	0.026	none	USF:Cue_Target_Pairs.D-F:8939	yes	yes	yes	yes	yes	yes	
CAND_GRAM_000648	plus	candidate_pending_human_review			grammatical	1	Last week they folded six letters	simple_past	folded	letters	fold	letter	0.026	none	USF:Cue_Target_Pairs.D-F:8939	yes	yes	yes	yes	yes	yes	
CAND_GRAM_000649	plus	candidate_pending_human_review			grammatical	1	She is feeding one bird	be_progressive	feeding	bird	feed	bird	0.024	none	USF:Cue_Target_Pairs.D-F:7547	yes	yes	yes	yes	yes	yes	
CAND_GRAM_000650	plus	candidate_pending_human_review			grammatical	1	She does not feed one bird	do_negation	feed	bird	feed	bird	0.024	none	USF:Cue_Target_Pairs.D-F:7547	yes	yes	yes	yes	yes	yes	
CAND_GRAM_000651	plus	candidate_pending_human_review			grammatical	1	Every day she feeds one bird	present_3s	feeds	bird	feed	bird	0.024	none	USF:Cue_Target_Pairs.D-F:7547	yes	yes	yes	yes	yes	yes	
CAND_GRAM_000652	plus	candidate_pending_human_review			grammatical	1	Last week she fed one bird	simple_past	fed	bird	feed	bird	0.024	none	USF:Cue_Target_Pairs.D-F:7547	yes	yes	yes	yes	yes	yes	
CAND_GRAM_000653	plus	candidate_pending_human_review			grammatical	1	He is feeding one bird	be_progressive	feeding	bird	feed	bird	0.024	none	USF:Cue_Target_Pairs.D-F:7547	yes	yes	yes	yes	yes	yes	
CAND_GRAM_000654	plus	candidate_pending_human_review			grammatical	1	He does not feed one bird	do_negation	feed	bird	feed	bird	0.024	none	USF:Cue_Target_Pairs.D-F:7547	yes	yes	yes	yes	yes	yes	
CAND_GRAM_000655	plus	candidate_pending_human_review			grammatical	1	Every day he feeds one bird	present_3s	feeds	bird	feed	bird	0.024	none	USF:Cue_Target_Pairs.D-F:7547	yes	yes	yes	yes	yes	yes	
CAND_GRAM_000656	plus	candidate_pending_human_review			grammatical	1	Last week he fed one bird	simple_past	fed	bird	feed	bird	0.024	none	USF:Cue_Target_Pairs.D-F:7547	yes	yes	yes	yes	yes	yes	
CAND_GRAM_000657	plus	candidate_pending_human_review			grammatical	1	They are feeding one bird	be_progressive	feeding	bird	feed	bird	0.024	none	USF:Cue_Target_Pairs.D-F:7547	yes	yes	yes	yes	yes	yes	
CAND_GRAM_000658	plus	candidate_pending_human_review			grammatical	1	They do not feed one bird	do_negation	feed	bird	feed	bird	0.024	none	USF:Cue_Target_Pairs.D-F:7547	yes	yes	yes	yes	yes	yes	
CAND_GRAM_000659	plus	candidate_pending_human_review			grammatical	1	Every day they feed one bird	present_3s	feed	bird	feed	bird	0.024	none	USF:Cue_Target_Pairs.D-F:7547	yes	yes	yes	yes	yes	yes	
CAND_GRAM_000660	plus	candidate_pending_human_review			grammatical	1	Last week they fed one bird	simple_past	fed	bird	feed	bird	0.024	none	USF:Cue_Target_Pairs.D-F:7547	yes	yes	yes	yes	yes	yes	
CAND_GRAM_000661	plus	candidate_pending_human_review			grammatical	1	She is feeding two birds	be_progressive	feeding	birds	feed	bird	0.024	none	USF:Cue_Target_Pairs.D-F:7547	yes	yes	yes	yes	yes	yes	
CAND_GRAM_000662	plus	candidate_pending_human_review			grammatical	1	She does not feed two birds	do_negation	feed	birds	feed	bird	0.024	none	USF:Cue_Target_Pairs.D-F:7547	yes	yes	yes	yes	yes	yes	
CAND_GRAM_000663	plus	candidate_pending_human_review			grammatical	1	Every day she feeds two birds	present_3s	feeds	birds	feed	bird	0.024	none	USF:Cue_Target_Pairs.D-F:7547	yes	yes	yes	yes	yes	yes	
CAND_GRAM_000664	plus	candidate_pending_human_review			grammatical	1	Last week she fed two birds	simple_past	fed	birds	feed	bird	0.024	none	USF:Cue_Target_Pairs.D-F:7547	yes	yes	yes	yes	yes	yes	
CAND_GRAM_000665	plus	candidate_pending_human_review			grammatical	1	He is feeding two birds	be_progressive	feeding	birds	feed	bird	0.024	none	USF:Cue_Target_Pairs.D-F:7547	yes	yes	yes	yes	yes	yes	
CAND_GRAM_000666	plus	candidate_pending_human_review			grammatical	1	He does not feed two birds	do_negation	feed	birds	feed	bird	0.024	none	USF:Cue_Target_Pairs.D-F:7547	yes	yes	yes	yes	yes	yes	
CAND_GRAM_000667	plus	candidate_pending_human_review			grammatical	1	Every day he feeds two birds	present_3s	feeds	birds	feed	bird	0.024	none	USF:Cue_Target_Pairs.D-F:7547	yes	yes	yes	yes	yes	yes	
CAND_GRAM_000668	plus	candidate_pending_human_review			grammatical	1	Last week he fed two birds	simple_past	fed	birds	feed	bird	0.024	none	USF:Cue_Target_Pairs.D-F:7547	yes	yes	yes	yes	yes	yes	
CAND_GRAM_000669	plus	candidate_pending_human_review			grammatical	1	They are feeding two birds	be_progressive	feeding	birds	feed	bird	0.024	none	USF:Cue_Target_Pairs.D-F:7547	yes	yes	yes	yes	yes	yes	
CAND_GRAM_000670	plus	candidate_pending_human_review			grammatical	1	They do not feed two birds	do_negation	feed	birds	feed	bird	0.024	none	USF:Cue_Target_Pairs.D-F:7547	yes	yes	yes	yes	yes	yes	
CAND_GRAM_000671	plus	candidate_pending_human_review			grammatical	1	Every day they feed two birds	present_3s	feed	birds	feed	bird	0.024	none	USF:Cue_Target_Pairs.D-F:7547	yes	yes	yes	yes	yes	yes	
CAND_GRAM_000672	plus	candidate_pending_human_review			grammatical	1	Last week they fed two birds	simple_past	fed	birds	feed	bird	0.024	none	USF:Cue_Target_Pairs.D-F:7547	yes	yes	yes	yes	yes	yes	
CAND_GRAM_000673	plus	candidate_pending_human_review			grammatical	1	She is feeding three birds	be_progressive	feeding	birds	feed	bird	0.024	none	USF:Cue_Target_Pairs.D-F:7547	yes	yes	yes	yes	yes	yes	
CAND_GRAM_000674	plus	candidate_pending_human_review			grammatical	1	She does not feed three birds	do_negation	feed	birds	feed	bird	0.024	none	USF:Cue_Target_Pairs.D-F:7547	yes	yes	yes	yes	yes	yes	
CAND_GRAM_000675	plus	candidate_pending_human_review			grammatical	1	Every day she feeds three birds	present_3s	feeds	birds	feed	bird	0.024	none	USF:Cue_Target_Pairs.D-F:7547	yes	yes	yes	yes	yes	yes	
CAND_GRAM_000676	plus	candidate_pending_human_review			grammatical	1	Last week she fed three birds	simple_past	fed	birds	feed	bird	0.024	none	USF:Cue_Target_Pairs.D-F:7547	yes	yes	yes	yes	yes	yes	
CAND_GRAM_000677	plus	candidate_pending_human_review			grammatical	1	He is feeding three birds	be_progressive	feeding	birds	feed	bird	0.024	none	USF:Cue_Target_Pairs.D-F:7547	yes	yes	yes	yes	yes	yes	
CAND_GRAM_000678	plus	candidate_pending_human_review			grammatical	1	He does not feed three birds	do_negation	feed	birds	feed	bird	0.024	none	USF:Cue_Target_Pairs.D-F:7547	yes	yes	yes	yes	yes	yes	
CAND_GRAM_000679	plus	candidate_pending_human_review			grammatical	1	Every day he feeds three birds	present_3s	feeds	birds	feed	bird	0.024	none	USF:Cue_Target_Pairs.D-F:7547	yes	yes	yes	yes	yes	yes	
CAND_GRAM_000680	plus	candidate_pending_human_review			grammatical	1	Last week he fed three birds	simple_past	fed	birds	feed	bird	0.024	none	USF:Cue_Target_Pairs.D-F:7547	yes	yes	yes	yes	yes	yes	
CAND_GRAM_000681	plus	candidate_pending_human_review			grammatical	1	They are feeding three birds	be_progressive	feeding	birds	feed	bird	0.024	none	USF:Cue_Target_Pairs.D-F:7547	yes	yes	yes	yes	yes	yes	
CAND_GRAM_000682	plus	candidate_pending_human_review			grammatical	1	They do not feed three birds	do_negation	feed	birds	feed	bird	0.024	none	USF:Cue_Target_Pairs.D-F:7547	yes	yes	yes	yes	yes	yes	
CAND_GRAM_000683	plus	candidate_pending_human_review			grammatical	1	Every day they feed three birds	present_3s	feed	birds	feed	bird	0.024	none	USF:Cue_Target_Pairs.D-F:7547	yes	yes	yes	yes	yes	yes	
CAND_GRAM_000684	plus	candidate_pending_human_review			grammatical	1	Last week they fed three birds	simple_past	fed	birds	feed	bird	0.024	none	USF:Cue_Target_Pairs.D-F:7547	yes	yes	yes	yes	yes	yes	
CAND_GRAM_000685	plus	candidate_pending_human_review			grammatical	1	She is feeding four birds	be_progressive	feeding	birds	feed	bird	0.024	none	USF:Cue_Target_Pairs.D-F:7547	yes	yes	yes	yes	yes	yes	
CAND_GRAM_000686	plus	candidate_pending_human_review			grammatical	1	She does not feed four birds	do_negation	feed	birds	feed	bird	0.024	none	USF:Cue_Target_Pairs.D-F:7547	yes	yes	yes	yes	yes	yes	
CAND_GRAM_000687	plus	candidate_pending_human_review			grammatical	1	Every day she feeds four birds	present_3s	feeds	birds	feed	bird	0.024	none	USF:Cue_Target_Pairs.D-F:7547	yes	yes	yes	yes	yes	yes	
CAND_GRAM_000688	plus	candidate_pending_human_review			grammatical	1	Last week she fed four birds	simple_past	fed	birds	feed	bird	0.024	none	USF:Cue_Target_Pairs.D-F:7547	yes	yes	yes	yes	yes	yes	
CAND_GRAM_000689	plus	candidate_pending_human_review			grammatical	1	He is feeding four birds	be_progressive	feeding	birds	feed	bird	0.024	none	USF:Cue_Target_Pairs.D-F:7547	yes	yes	yes	yes	yes	yes	
CAND_GRAM_000690	plus	candidate_pending_human_review			grammatical	1	He does not feed four birds	do_negation	feed	birds	feed	bird	0.024	none	USF:Cue_Target_Pairs.D-F:7547	yes	yes	yes	yes	yes	yes	
CAND_GRAM_000691	plus	candidate_pending_human_review			grammatical	1	Every day he feeds four birds	present_3s	feeds	birds	feed	bird	0.024	none	USF:Cue_Target_Pairs.D-F:7547	yes	yes	yes	yes	yes	yes	
CAND_GRAM_000692	plus	candidate_pending_human_review			grammatical	1	Last week he fed four birds	simple_past	fed	birds	feed	bird	0.024	none	USF:Cue_Target_Pairs.D-F:7547	yes	yes	yes	yes	yes	yes	
CAND_GRAM_000693	plus	candidate_pending_human_review			grammatical	1	They are feeding four birds	be_progressive	feeding	birds	feed	bird	0.024	none	USF:Cue_Target_Pairs.D-F:7547	yes	yes	yes	yes	yes	yes	
CAND_GRAM_000694	plus	candidate_pending_human_review			grammatical	1	They do not feed four birds	do_negation	feed	birds	feed	bird	0.024	none	USF:Cue_Target_Pairs.D-F:7547	yes	yes	yes	yes	yes	yes	
CAND_GRAM_000695	plus	candidate_pending_human_review			grammatical	1	Every day they feed four birds	present_3s	feed	birds	feed	bird	0.024	none	USF:Cue_Target_Pairs.D-F:7547	yes	yes	yes	yes	yes	yes	
CAND_GRAM_000696	plus	candidate_pending_human_review			grammatical	1	Last week they fed four birds	simple_past	fed	birds	feed	bird	0.024	none	USF:Cue_Target_Pairs.D-F:7547	yes	yes	yes	yes	yes	yes	
CAND_GRAM_000697	plus	candidate_pending_human_review			grammatical	1	She is feeding five birds	be_progressive	feeding	birds	feed	bird	0.024	none	USF:Cue_Target_Pairs.D-F:7547	yes	yes	yes	yes	yes	yes	
CAND_GRAM_000698	plus	candidate_pending_human_review			grammatical	1	She does not feed five birds	do_negation	feed	birds	feed	bird	0.024	none	USF:Cue_Target_Pairs.D-F:7547	yes	yes	yes	yes	yes	yes	
CAND_GRAM_000699	plus	candidate_pending_human_review			grammatical	1	Every day she feeds five birds	present_3s	feeds	birds	feed	bird	0.024	none	USF:Cue_Target_Pairs.D-F:7547	yes	yes	yes	yes	yes	yes	
CAND_GRAM_000700	plus	candidate_pending_human_review			grammatical	1	Last week she fed five birds	simple_past	fed	birds	feed	bird	0.024	none	USF:Cue_Target_Pairs.D-F:7547	yes	yes	yes	yes	yes	yes	
CAND_GRAM_000701	plus	candidate_pending_human_review			grammatical	1	He is feeding five birds	be_progressive	feeding	birds	feed	bird	0.024	none	USF:Cue_Target_Pairs.D-F:7547	yes	yes	yes	yes	yes	yes	
CAND_GRAM_000702	plus	candidate_pending_human_review			grammatical	1	He does not feed five birds	do_negation	feed	birds	feed	bird	0.024	none	USF:Cue_Target_Pairs.D-F:7547	yes	yes	yes	yes	yes	yes	
CAND_GRAM_000703	plus	candidate_pending_human_review			grammatical	1	Every day he feeds five birds	present_3s	feeds	birds	feed	bird	0.024	none	USF:Cue_Target_Pairs.D-F:7547	yes	yes	yes	yes	yes	yes	
CAND_GRAM_000704	plus	candidate_pending_human_review			grammatical	1	Last week he fed five birds	simple_past	fed	birds	feed	bird	0.024	none	USF:Cue_Target_Pairs.D-F:7547	yes	yes	yes	yes	yes	yes	
CAND_GRAM_000705	plus	candidate_pending_human_review			grammatical	1	They are feeding five birds	be_progressive	feeding	birds	feed	bird	0.024	none	USF:Cue_Target_Pairs.D-F:7547	yes	yes	yes	yes	yes	yes	
CAND_GRAM_000706	plus	candidate_pending_human_review			grammatical	1	They do not feed five birds	do_negation	feed	birds	feed	bird	0.024	none	USF:Cue_Target_Pairs.D-F:7547	yes	yes	yes	yes	yes	yes	
CAND_GRAM_000707	plus	candidate_pending_human_review			grammatical	1	Every day they feed five birds	present_3s	feed	birds	feed	bird	0.024	none	USF:Cue_Target_Pairs.D-F:7547	yes	yes	yes	yes	yes	yes	
CAND_GRAM_000708	plus	candidate_pending_human_review			grammatical	1	Last week they fed five birds	simple_past	fed	birds	feed	bird	0.024	none	USF:Cue_Target_Pairs.D-F:7547	yes	yes	yes	yes	yes	yes	
CAND_GRAM_000709	plus	candidate_pending_human_review			grammatical	1	She is feeding six birds	be_progressive	feeding	birds	feed	bird	0.024	none	USF:Cue_Target_Pairs.D-F:7547	yes	yes	yes	yes	yes	yes	
CAND_GRAM_000710	plus	candidate_pending_human_review			grammatical	1	She does not feed six birds	do_negation	feed	birds	feed	bird	0.024	none	USF:Cue_Target_Pairs.D-F:7547	yes	yes	yes	yes	yes	yes	
CAND_GRAM_000711	plus	candidate_pending_human_review			grammatical	1	Every day she feeds six birds	present_3s	feeds	birds	feed	bird	0.024	none	USF:Cue_Target_Pairs.D-F:7547	yes	yes	yes	yes	yes	yes	
CAND_GRAM_000712	plus	candidate_pending_human_review			grammatical	1	Last week she fed six birds	simple_past	fed	birds	feed	bird	0.024	none	USF:Cue_Target_Pairs.D-F:7547	yes	yes	yes	yes	yes	yes	
CAND_GRAM_000713	plus	candidate_pending_human_review			grammatical	1	He is feeding six birds	be_progressive	feeding	birds	feed	bird	0.024	none	USF:Cue_Target_Pairs.D-F:7547	yes	yes	yes	yes	yes	yes	
CAND_GRAM_000714	plus	candidate_pending_human_review			grammatical	1	He does not feed six birds	do_negation	feed	birds	feed	bird	0.024	none	USF:Cue_Target_Pairs.D-F:7547	yes	yes	yes	yes	yes	yes	
CAND_GRAM_000715	plus	candidate_pending_human_review			grammatical	1	Every day he feeds six birds	present_3s	feeds	birds	feed	bird	0.024	none	USF:Cue_Target_Pairs.D-F:7547	yes	yes	yes	yes	yes	yes	
CAND_GRAM_000716	plus	candidate_pending_human_review			grammatical	1	Last week he fed six birds	simple_past	fed	birds	feed	bird	0.024	none	USF:Cue_Target_Pairs.D-F:7547	yes	yes	yes	yes	yes	yes	
CAND_GRAM_000717	plus	candidate_pending_human_review			grammatical	1	They are feeding six birds	be_progressive	feeding	birds	feed	bird	0.024	none	USF:Cue_Target_Pairs.D-F:7547	yes	yes	yes	yes	yes	yes	
CAND_GRAM_000718	plus	candidate_pending_human_review			grammatical	1	They do not feed six birds	do_negation	feed	birds	feed	bird	0.024	none	USF:Cue_Target_Pairs.D-F:7547	yes	yes	yes	yes	yes	yes	
CAND_GRAM_000719	plus	candidate_pending_human_review			grammatical	1	Every day they feed six birds	present_3s	feed	birds	feed	bird	0.024	none	USF:Cue_Target_Pairs.D-F:7547	yes	yes	yes	yes	yes	yes	
CAND_GRAM_000720	plus	candidate_pending_human_review			grammatical	1	Last week they fed six birds	simple_past	fed	birds	feed	bird	0.024	none	USF:Cue_Target_Pairs.D-F:7547	yes	yes	yes	yes	yes	yes	
CAND_GRAM_000721	plus	candidate_pending_human_review			grammatical	1	She is sailing one boat	be_progressive	sailing	boat	sail	boat	0.589	none	USF:Cue_Target_Pairs.S:120	yes	yes	yes	yes	yes	yes	
CAND_GRAM_000722	plus	candidate_pending_human_review			grammatical	1	She does not sail one boat	do_negation	sail	boat	sail	boat	0.589	none	USF:Cue_Target_Pairs.S:120	yes	yes	yes	yes	yes	yes	
CAND_GRAM_000723	plus	candidate_pending_human_review			grammatical	1	Every day she sails one boat	present_3s	sails	boat	sail	boat	0.589	none	USF:Cue_Target_Pairs.S:120	yes	yes	yes	yes	yes	yes	
CAND_GRAM_000724	plus	candidate_pending_human_review			grammatical	1	Last week she sailed one boat	simple_past	sailed	boat	sail	boat	0.589	none	USF:Cue_Target_Pairs.S:120	yes	yes	yes	yes	yes	yes	
CAND_GRAM_000725	plus	candidate_pending_human_review			grammatical	1	He is sailing one boat	be_progressive	sailing	boat	sail	boat	0.589	none	USF:Cue_Target_Pairs.S:120	yes	yes	yes	yes	yes	yes	
CAND_GRAM_000726	plus	candidate_pending_human_review			grammatical	1	He does not sail one boat	do_negation	sail	boat	sail	boat	0.589	none	USF:Cue_Target_Pairs.S:120	yes	yes	yes	yes	yes	yes	
CAND_GRAM_000727	plus	candidate_pending_human_review			grammatical	1	Every day he sails one boat	present_3s	sails	boat	sail	boat	0.589	none	USF:Cue_Target_Pairs.S:120	yes	yes	yes	yes	yes	yes	
CAND_GRAM_000728	plus	candidate_pending_human_review			grammatical	1	Last week he sailed one boat	simple_past	sailed	boat	sail	boat	0.589	none	USF:Cue_Target_Pairs.S:120	yes	yes	yes	yes	yes	yes	
CAND_GRAM_000729	plus	candidate_pending_human_review			grammatical	1	They are sailing one boat	be_progressive	sailing	boat	sail	boat	0.589	none	USF:Cue_Target_Pairs.S:120	yes	yes	yes	yes	yes	yes	
CAND_GRAM_000730	plus	candidate_pending_human_review			grammatical	1	They do not sail one boat	do_negation	sail	boat	sail	boat	0.589	none	USF:Cue_Target_Pairs.S:120	yes	yes	yes	yes	yes	yes	
CAND_GRAM_000731	plus	candidate_pending_human_review			grammatical	1	Every day they sail one boat	present_3s	sail	boat	sail	boat	0.589	none	USF:Cue_Target_Pairs.S:120	yes	yes	yes	yes	yes	yes	
CAND_GRAM_000732	plus	candidate_pending_human_review			grammatical	1	Last week they sailed one boat	simple_past	sailed	boat	sail	boat	0.589	none	USF:Cue_Target_Pairs.S:120	yes	yes	yes	yes	yes	yes	
CAND_GRAM_000733	plus	candidate_pending_human_review			grammatical	1	She is sailing two boats	be_progressive	sailing	boats	sail	boat	0.589	none	USF:Cue_Target_Pairs.S:120	yes	yes	yes	yes	yes	yes	
CAND_GRAM_000734	plus	candidate_pending_human_review			grammatical	1	She does not sail two boats	do_negation	sail	boats	sail	boat	0.589	none	USF:Cue_Target_Pairs.S:120	yes	yes	yes	yes	yes	yes	
CAND_GRAM_000735	plus	candidate_pending_human_review			grammatical	1	Every day she sails two boats	present_3s	sails	boats	sail	boat	0.589	none	USF:Cue_Target_Pairs.S:120	yes	yes	yes	yes	yes	yes	
CAND_GRAM_000736	plus	candidate_pending_human_review			grammatical	1	Last week she sailed two boats	simple_past	sailed	boats	sail	boat	0.589	none	USF:Cue_Target_Pairs.S:120	yes	yes	yes	yes	yes	yes	
CAND_GRAM_000737	plus	candidate_pending_human_review			grammatical	1	He is sailing two boats	be_progressive	sailing	boats	sail	boat	0.589	none	USF:Cue_Target_Pairs.S:120	yes	yes	yes	yes	yes	yes	
CAND_GRAM_000738	plus	candidate_pending_human_review			grammatical	1	He does not sail two boats	do_negation	sail	boats	sail	boat	0.589	none	USF:Cue_Target_Pairs.S:120	yes	yes	yes	yes	yes	yes	
CAND_GRAM_000739	plus	candidate_pending_human_review			grammatical	1	Every day he sails two boats	present_3s	sails	boats	sail	boat	0.589	none	USF:Cue_Target_Pairs.S:120	yes	yes	yes	yes	yes	yes	
CAND_GRAM_000740	plus	candidate_pending_human_review			grammatical	1	Last week he sailed two boats	simple_past	sailed	boats	sail	boat	0.589	none	USF:Cue_Target_Pairs.S:120	yes	yes	yes	yes	yes	yes	
CAND_GRAM_000741	plus	candidate_pending_human_review			grammatical	1	They are sailing two boats	be_progressive	sailing	boats	sail	boat	0.589	none	USF:Cue_Target_Pairs.S:120	yes	yes	yes	yes	yes	yes	
CAND_GRAM_000742	plus	candidate_pending_human_review			grammatical	1	They do not sail two boats	do_negation	sail	boats	sail	boat	0.589	none	USF:Cue_Target_Pairs.S:120	yes	yes	yes	yes	yes	yes	
CAND_GRAM_000743	plus	candidate_pending_human_review			grammatical	1	Every day they sail two boats	present_3s	sail	boats	sail	boat	0.589	none	USF:Cue_Target_Pairs.S:120	yes	yes	yes	yes	yes	yes	
CAND_GRAM_000744	plus	candidate_pending_human_review			grammatical	1	Last week they sailed two boats	simple_past	sailed	boats	sail	boat	0.589	none	USF:Cue_Target_Pairs.S:120	yes	yes	yes	yes	yes	yes	
CAND_GRAM_000745	plus	candidate_pending_human_review			grammatical	1	She is sailing three boats	be_progressive	sailing	boats	sail	boat	0.589	none	USF:Cue_Target_Pairs.S:120	yes	yes	yes	yes	yes	yes	
CAND_GRAM_000746	plus	candidate_pending_human_review			grammatical	1	She does not sail three boats	do_negation	sail	boats	sail	boat	0.589	none	USF:Cue_Target_Pairs.S:120	yes	yes	yes	yes	yes	yes	
CAND_GRAM_000747	plus	candidate_pending_human_review			grammatical	1	Every day she sails three boats	present_3s	sails	boats	sail	boat	0.589	none	USF:Cue_Target_Pairs.S:120	yes	yes	yes	yes	yes	yes	
CAND_GRAM_000748	plus	candidate_pending_human_review			grammatical	1	Last week she sailed three boats	simple_past	sailed	boats	sail	boat	0.589	none	USF:Cue_Target_Pairs.S:120	yes	yes	yes	yes	yes	yes	
CAND_GRAM_000749	plus	candidate_pending_human_review			grammatical	1	He is sailing three boats	be_progressive	sailing	boats	sail	boat	0.589	none	USF:Cue_Target_Pairs.S:120	yes	yes	yes	yes	yes	yes	
CAND_GRAM_000750	plus	candidate_pending_human_review			grammatical	1	He does not sail three boats	do_negation	sail	boats	sail	boat	0.589	none	USF:Cue_Target_Pairs.S:120	yes	yes	yes	yes	yes	yes	
CAND_GRAM_000751	plus	candidate_pending_human_review			grammatical	1	Every day he sails three boats	present_3s	sails	boats	sail	boat	0.589	none	USF:Cue_Target_Pairs.S:120	yes	yes	yes	yes	yes	yes	
CAND_GRAM_000752	plus	candidate_pending_human_review			grammatical	1	Last week he sailed three boats	simple_past	sailed	boats	sail	boat	0.589	none	USF:Cue_Target_Pairs.S:120	yes	yes	yes	yes	yes	yes	
CAND_GRAM_000753	plus	candidate_pending_human_review			grammatical	1	They are sailing three boats	be_progressive	sailing	boats	sail	boat	0.589	none	USF:Cue_Target_Pairs.S:120	yes	yes	yes	yes	yes	yes	
CAND_GRAM_000754	plus	candidate_pending_human_review			grammatical	1	They do not sail three boats	do_negation	sail	boats	sail	boat	0.589	none	USF:Cue_Target_Pairs.S:120	yes	yes	yes	yes	yes	yes	
CAND_GRAM_000755	plus	candidate_pending_human_review			grammatical	1	Every day they sail three boats	present_3s	sail	boats	sail	boat	0.589	none	USF:Cue_Target_Pairs.S:120	yes	yes	yes	yes	yes	yes	
CAND_GRAM_000756	plus	candidate_pending_human_review			grammatical	1	Last week they sailed three boats	simple_past	sailed	boats	sail	boat	0.589	none	USF:Cue_Target_Pairs.S:120	yes	yes	yes	yes	yes	yes	
CAND_GRAM_000757	plus	candidate_pending_human_review			grammatical	1	She is sailing four boats	be_progressive	sailing	boats	sail	boat	0.589	none	USF:Cue_Target_Pairs.S:120	yes	yes	yes	yes	yes	yes	
CAND_GRAM_000758	plus	candidate_pending_human_review			grammatical	1	She does not sail four boats	do_negation	sail	boats	sail	boat	0.589	none	USF:Cue_Target_Pairs.S:120	yes	yes	yes	yes	yes	yes	
CAND_GRAM_000759	plus	candidate_pending_human_review			grammatical	1	Every day she sails four boats	present_3s	sails	boats	sail	boat	0.589	none	USF:Cue_Target_Pairs.S:120	yes	yes	yes	yes	yes	yes	
CAND_GRAM_000760	plus	candidate_pending_human_review			grammatical	1	Last week she sailed four boats	simple_past	sailed	boats	sail	boat	0.589	none	USF:Cue_Target_Pairs.S:120	yes	yes	yes	yes	yes	yes	
CAND_GRAM_000761	plus	candidate_pending_human_review			grammatical	1	He is sailing four boats	be_progressive	sailing	boats	sail	boat	0.589	none	USF:Cue_Target_Pairs.S:120	yes	yes	yes	yes	yes	yes	
CAND_GRAM_000762	plus	candidate_pending_human_review			grammatical	1	He does not sail four boats	do_negation	sail	boats	sail	boat	0.589	none	USF:Cue_Target_Pairs.S:120	yes	yes	yes	yes	yes	yes	
CAND_GRAM_000763	plus	candidate_pending_human_review			grammatical	1	Every day he sails four boats	present_3s	sails	boats	sail	boat	0.589	none	USF:Cue_Target_Pairs.S:120	yes	yes	yes	yes	yes	yes	
CAND_GRAM_000764	plus	candidate_pending_human_review			grammatical	1	Last week he sailed four boats	simple_past	sailed	boats	sail	boat	0.589	none	USF:Cue_Target_Pairs.S:120	yes	yes	yes	yes	yes	yes	
CAND_GRAM_000765	plus	candidate_pending_human_review			grammatical	1	They are sailing four boats	be_progressive	sailing	boats	sail	boat	0.589	none	USF:Cue_Target_Pairs.S:120	yes	yes	yes	yes	yes	yes	
CAND_GRAM_000766	plus	candidate_pending_human_review			grammatical	1	They do not sail four boats	do_negation	sail	boats	sail	boat	0.589	none	USF:Cue_Target_Pairs.S:120	yes	yes	yes	yes	yes	yes	
CAND_GRAM_000767	plus	candidate_pending_human_review			grammatical	1	Every day they sail four boats	present_3s	sail	boats	sail	boat	0.589	none	USF:Cue_Target_Pairs.S:120	yes	yes	yes	yes	yes	yes	
CAND_GRAM_000768	plus	candidate_pending_human_review			grammatical	1	Last week they sailed four boats	simple_past	sailed	boats	sail	boat	0.589	none	USF:Cue_Target_Pairs.S:120	yes	yes	yes	yes	yes	yes	
CAND_GRAM_000769	plus	candidate_pending_human_review			grammatical	1	She is sailing five boats	be_progressive	sailing	boats	sail	boat	0.589	none	USF:Cue_Target_Pairs.S:120	yes	yes	yes	yes	yes	yes	
CAND_GRAM_000770	plus	candidate_pending_human_review			grammatical	1	She does not sail five boats	do_negation	sail	boats	sail	boat	0.589	none	USF:Cue_Target_Pairs.S:120	yes	yes	yes	yes	yes	yes	
CAND_GRAM_000771	plus	candidate_pending_human_review			grammatical	1	Every day she sails five boats	present_3s	sails	boats	sail	boat	0.589	none	USF:Cue_Target_Pairs.S:120	yes	yes	yes	yes	yes	yes	
CAND_GRAM_000772	plus	candidate_pending_human_review			grammatical	1	Last week she sailed five boats	simple_past	sailed	boats	sail	boat	0.589	none	USF:Cue_Target_Pairs.S:120	yes	yes	yes	yes	yes	yes	
CAND_GRAM_000773	plus	candidate_pending_human_review			grammatical	1	He is sailing five boats	be_progressive	sailing	boats	sail	boat	0.589	none	USF:Cue_Target_Pairs.S:120	yes	yes	yes	yes	yes	yes	
CAND_GRAM_000774	plus	candidate_pending_human_review			grammatical	1	He does not sail five boats	do_negation	sail	boats	sail	boat	0.589	none	USF:Cue_Target_Pairs.S:120	yes	yes	yes	yes	yes	yes	
CAND_GRAM_000775	plus	candidate_pending_human_review			grammatical	1	Every day he sails five boats	present_3s	sails	boats	sail	boat	0.589	none	USF:Cue_Target_Pairs.S:120	yes	yes	yes	yes	yes	yes	
CAND_GRAM_000776	plus	candidate_pending_human_review			grammatical	1	Last week he sailed five boats	simple_past	sailed	boats	sail	boat	0.589	none	USF:Cue_Target_Pairs.S:120	yes	yes	yes	yes	yes	yes	
CAND_GRAM_000777	plus	candidate_pending_human_review			grammatical	1	They are sailing five boats	be_progressive	sailing	boats	sail	boat	0.589	none	USF:Cue_Target_Pairs.S:120	yes	yes	yes	yes	yes	yes	
CAND_GRAM_000778	plus	candidate_pending_human_review			grammatical	1	They do not sail five boats	do_negation	sail	boats	sail	boat	0.589	none	USF:Cue_Target_Pairs.S:120	yes	yes	yes	yes	yes	yes	
CAND_GRAM_000779	plus	candidate_pending_human_review			grammatical	1	Every day they sail five boats	present_3s	sail	boats	sail	boat	0.589	none	USF:Cue_Target_Pairs.S:120	yes	yes	yes	yes	yes	yes	
CAND_GRAM_000780	plus	candidate_pending_human_review			grammatical	1	Last week they sailed five boats	simple_past	sailed	boats	sail	boat	0.589	none	USF:Cue_Target_Pairs.S:120	yes	yes	yes	yes	yes	yes	
CAND_GRAM_000781	plus	candidate_pending_human_review			grammatical	1	She is sailing six boats	be_progressive	sailing	boats	sail	boat	0.589	none	USF:Cue_Target_Pairs.S:120	yes	yes	yes	yes	yes	yes	
CAND_GRAM_000782	plus	candidate_pending_human_review			grammatical	1	She does not sail six boats	do_negation	sail	boats	sail	boat	0.589	none	USF:Cue_Target_Pairs.S:120	yes	yes	yes	yes	yes	yes	
CAND_GRAM_000783	plus	candidate_pending_human_review			grammatical	1	Every day she sails six boats	present_3s	sails	boats	sail	boat	0.589	none	USF:Cue_Target_Pairs.S:120	yes	yes	yes	yes	yes	yes	
CAND_GRAM_000784	plus	candidate_pending_human_review			grammatical	1	Last week she sailed six boats	simple_past	sailed	boats	sail	boat	0.589	none	USF:Cue_Target_Pairs.S:120	yes	yes	yes	yes	yes	yes	
CAND_GRAM_000785	plus	candidate_pending_human_review			grammatical	1	He is sailing six boats	be_progressive	sailing	boats	sail	boat	0.589	none	USF:Cue_Target_Pairs.S:120	yes	yes	yes	yes	yes	yes	
CAND_GRAM_000786	plus	candidate_pending_human_review			grammatical	1	He does not sail six boats	do_negation	sail	boats	sail	boat	0.589	none	USF:Cue_Target_Pairs.S:120	yes	yes	yes	yes	yes	yes	
CAND_GRAM_000787	plus	candidate_pending_human_review			grammatical	1	Every day he sails six boats	present_3s	sails	boats	sail	boat	0.589	none	USF:Cue_Target_Pairs.S:120	yes	yes	yes	yes	yes	yes	
CAND_GRAM_000788	plus	candidate_pending_human_review			grammatical	1	Last week he sailed six boats	simple_past	sailed	boats	sail	boat	0.589	none	USF:Cue_Target_Pairs.S:120	yes	yes	yes	yes	yes	yes	
CAND_GRAM_000789	plus	candidate_pending_human_review			grammatical	1	They are sailing six boats	be_progressive	sailing	boats	sail	boat	0.589	none	USF:Cue_Target_Pairs.S:120	yes	yes	yes	yes	yes	yes	
CAND_GRAM_000790	plus	candidate_pending_human_review			grammatical	1	They do not sail six boats	do_negation	sail	boats	sail	boat	0.589	none	USF:Cue_Target_Pairs.S:120	yes	yes	yes	yes	yes	yes	
CAND_GRAM_000791	plus	candidate_pending_human_review			grammatical	1	Every day they sail six boats	present_3s	sail	boats	sail	boat	0.589	none	USF:Cue_Target_Pairs.S:120	yes	yes	yes	yes	yes	yes	
CAND_GRAM_000792	plus	candidate_pending_human_review			grammatical	1	Last week they sailed six boats	simple_past	sailed	boats	sail	boat	0.589	none	USF:Cue_Target_Pairs.S:120	yes	yes	yes	yes	yes	yes	
CAND_GRAM_000793	plus	candidate_pending_human_review			grammatical	1	She is flipping one coin	be_progressive	flipping	coin	flip	coin	0.075	none	USF:Cue_Target_Pairs.D-F:8550	yes	yes	yes	yes	yes	yes	
CAND_GRAM_000794	plus	candidate_pending_human_review			grammatical	1	She does not flip one coin	do_negation	flip	coin	flip	coin	0.075	none	USF:Cue_Target_Pairs.D-F:8550	yes	yes	yes	yes	yes	yes	
CAND_GRAM_000795	plus	candidate_pending_human_review			grammatical	1	Every day she flips one coin	present_3s	flips	coin	flip	coin	0.075	none	USF:Cue_Target_Pairs.D-F:8550	yes	yes	yes	yes	yes	yes	
CAND_GRAM_000796	plus	candidate_pending_human_review			grammatical	1	Last week she flipped one coin	simple_past	flipped	coin	flip	coin	0.075	none	USF:Cue_Target_Pairs.D-F:8550	yes	yes	yes	yes	yes	yes	
CAND_GRAM_000797	plus	candidate_pending_human_review			grammatical	1	He is flipping one coin	be_progressive	flipping	coin	flip	coin	0.075	none	USF:Cue_Target_Pairs.D-F:8550	yes	yes	yes	yes	yes	yes	
CAND_GRAM_000798	plus	candidate_pending_human_review			grammatical	1	He does not flip one coin	do_negation	flip	coin	flip	coin	0.075	none	USF:Cue_Target_Pairs.D-F:8550	yes	yes	yes	yes	yes	yes	
CAND_GRAM_000799	plus	candidate_pending_human_review			grammatical	1	Every day he flips one coin	present_3s	flips	coin	flip	coin	0.075	none	USF:Cue_Target_Pairs.D-F:8550	yes	yes	yes	yes	yes	yes	
CAND_GRAM_000800	plus	candidate_pending_human_review			grammatical	1	Last week he flipped one coin	simple_past	flipped	coin	flip	coin	0.075	none	USF:Cue_Target_Pairs.D-F:8550	yes	yes	yes	yes	yes	yes	
CAND_GRAM_000801	plus	candidate_pending_human_review			grammatical	1	They are flipping one coin	be_progressive	flipping	coin	flip	coin	0.075	none	USF:Cue_Target_Pairs.D-F:8550	yes	yes	yes	yes	yes	yes	
CAND_GRAM_000802	plus	candidate_pending_human_review			grammatical	1	They do not flip one coin	do_negation	flip	coin	flip	coin	0.075	none	USF:Cue_Target_Pairs.D-F:8550	yes	yes	yes	yes	yes	yes	
CAND_GRAM_000803	plus	candidate_pending_human_review			grammatical	1	Every day they flip one coin	present_3s	flip	coin	flip	coin	0.075	none	USF:Cue_Target_Pairs.D-F:8550	yes	yes	yes	yes	yes	yes	
CAND_GRAM_000804	plus	candidate_pending_human_review			grammatical	1	Last week they flipped one coin	simple_past	flipped	coin	flip	coin	0.075	none	USF:Cue_Target_Pairs.D-F:8550	yes	yes	yes	yes	yes	yes	
CAND_GRAM_000805	plus	candidate_pending_human_review			grammatical	1	She is flipping two coins	be_progressive	flipping	coins	flip	coin	0.075	none	USF:Cue_Target_Pairs.D-F:8550	yes	yes	yes	yes	yes	yes	
CAND_GRAM_000806	plus	candidate_pending_human_review			grammatical	1	She does not flip two coins	do_negation	flip	coins	flip	coin	0.075	none	USF:Cue_Target_Pairs.D-F:8550	yes	yes	yes	yes	yes	yes	
CAND_GRAM_000807	plus	candidate_pending_human_review			grammatical	1	Every day she flips two coins	present_3s	flips	coins	flip	coin	0.075	none	USF:Cue_Target_Pairs.D-F:8550	yes	yes	yes	yes	yes	yes	
CAND_GRAM_000808	plus	candidate_pending_human_review			grammatical	1	Last week she flipped two coins	simple_past	flipped	coins	flip	coin	0.075	none	USF:Cue_Target_Pairs.D-F:8550	yes	yes	yes	yes	yes	yes	
CAND_GRAM_000809	plus	candidate_pending_human_review			grammatical	1	He is flipping two coins	be_progressive	flipping	coins	flip	coin	0.075	none	USF:Cue_Target_Pairs.D-F:8550	yes	yes	yes	yes	yes	yes	
CAND_GRAM_000810	plus	candidate_pending_human_review			grammatical	1	He does not flip two coins	do_negation	flip	coins	flip	coin	0.075	none	USF:Cue_Target_Pairs.D-F:8550	yes	yes	yes	yes	yes	yes	
CAND_GRAM_000811	plus	candidate_pending_human_review			grammatical	1	Every day he flips two coins	present_3s	flips	coins	flip	coin	0.075	none	USF:Cue_Target_Pairs.D-F:8550	yes	yes	yes	yes	yes	yes	
CAND_GRAM_000812	plus	candidate_pending_human_review			grammatical	1	Last week he flipped two coins	simple_past	flipped	coins	flip	coin	0.075	none	USF:Cue_Target_Pairs.D-F:8550	yes	yes	yes	yes	yes	yes	
CAND_GRAM_000813	plus	candidate_pending_human_review			grammatical	1	They are flipping two coins	be_progressive	flipping	coins	flip	coin	0.075	none	USF:Cue_Target_Pairs.D-F:8550	yes	yes	yes	yes	yes	yes	
CAND_GRAM_000814	plus	candidate_pending_human_review			grammatical	1	They do not flip two coins	do_negation	flip	coins	flip	coin	0.075	none	USF:Cue_Target_Pairs.D-F:8550	yes	yes	yes	yes	yes	yes	
CAND_GRAM_000815	plus	candidate_pending_human_review			grammatical	1	Every day they flip two coins	present_3s	flip	coins	flip	coin	0.075	none	USF:Cue_Target_Pairs.D-F:8550	yes	yes	yes	yes	yes	yes	
CAND_GRAM_000816	plus	candidate_pending_human_review			grammatical	1	Last week they flipped two coins	simple_past	flipped	coins	flip	coin	0.075	none	USF:Cue_Target_Pairs.D-F:8550	yes	yes	yes	yes	yes	yes	
CAND_GRAM_000817	plus	candidate_pending_human_review			grammatical	1	She is flipping three coins	be_progressive	flipping	coins	flip	coin	0.075	none	USF:Cue_Target_Pairs.D-F:8550	yes	yes	yes	yes	yes	yes	
CAND_GRAM_000818	plus	candidate_pending_human_review			grammatical	1	She does not flip three coins	do_negation	flip	coins	flip	coin	0.075	none	USF:Cue_Target_Pairs.D-F:8550	yes	yes	yes	yes	yes	yes	
CAND_GRAM_000819	plus	candidate_pending_human_review			grammatical	1	Every day she flips three coins	present_3s	flips	coins	flip	coin	0.075	none	USF:Cue_Target_Pairs.D-F:8550	yes	yes	yes	yes	yes	yes	
CAND_GRAM_000820	plus	candidate_pending_human_review			grammatical	1	Last week she flipped three coins	simple_past	flipped	coins	flip	coin	0.075	none	USF:Cue_Target_Pairs.D-F:8550	yes	yes	yes	yes	yes	yes	
CAND_GRAM_000821	plus	candidate_pending_human_review			grammatical	1	He is flipping three coins	be_progressive	flipping	coins	flip	coin	0.075	none	USF:Cue_Target_Pairs.D-F:8550	yes	yes	yes	yes	yes	yes	
CAND_GRAM_000822	plus	candidate_pending_human_review			grammatical	1	He does not flip three coins	do_negation	flip	coins	flip	coin	0.075	none	USF:Cue_Target_Pairs.D-F:8550	yes	yes	yes	yes	yes	yes	
CAND_GRAM_000823	plus	candidate_pending_human_review			grammatical	1	Every day he flips three coins	present_3s	flips	coins	flip	coin	0.075	none	USF:Cue_Target_Pairs.D-F:8550	yes	yes	yes	yes	yes	yes	
CAND_GRAM_000824	plus	candidate_pending_human_review			grammatical	1	Last week he flipped three coins	simple_past	flipped	coins	flip	coin	0.075	none	USF:Cue_Target_Pairs.D-F:8550	yes	yes	yes	yes	yes	yes	
CAND_GRAM_000825	plus	candidate_pending_human_review			grammatical	1	They are flipping three coins	be_progressive	flipping	coins	flip	coin	0.075	none	USF:Cue_Target_Pairs.D-F:8550	yes	yes	yes	yes	yes	yes	
CAND_GRAM_000826	plus	candidate_pending_human_review			grammatical	1	They do not flip three coins	do_negation	flip	coins	flip	coin	0.075	none	USF:Cue_Target_Pairs.D-F:8550	yes	yes	yes	yes	yes	yes	
CAND_GRAM_000827	plus	candidate_pending_human_review			grammatical	1	Every day they flip three coins	present_3s	flip	coins	flip	coin	0.075	none	USF:Cue_Target_Pairs.D-F:8550	yes	yes	yes	yes	yes	yes	
CAND_GRAM_000828	plus	candidate_pending_human_review			grammatical	1	Last week they flipped three coins	simple_past	flipped	coins	flip	coin	0.075	none	USF:Cue_Target_Pairs.D-F:8550	yes	yes	yes	yes	yes	yes	
CAND_GRAM_000829	plus	candidate_pending_human_review			grammatical	1	She is flipping four coins	be_progressive	flipping	coins	flip	coin	0.075	none	USF:Cue_Target_Pairs.D-F:8550	yes	yes	yes	yes	yes	yes	
CAND_GRAM_000830	plus	candidate_pending_human_review			grammatical	1	She does not flip four coins	do_negation	flip	coins	flip	coin	0.075	none	USF:Cue_Target_Pairs.D-F:8550	yes	yes	yes	yes	yes	yes	
CAND_GRAM_000831	plus	candidate_pending_human_review			grammatical	1	Every day she flips four coins	present_3s	flips	coins	flip	coin	0.075	none	USF:Cue_Target_Pairs.D-F:8550	yes	yes	yes	yes	yes	yes	
CAND_GRAM_000832	plus	candidate_pending_human_review			grammatical	1	Last week she flipped four coins	simple_past	flipped	coins	flip	coin	0.075	none	USF:Cue_Target_Pairs.D-F:8550	yes	yes	yes	yes	yes	yes	
CAND_GRAM_000833	plus	candidate_pending_human_review			grammatical	1	He is flipping four coins	be_progressive	flipping	coins	flip	coin	0.075	none	USF:Cue_Target_Pairs.D-F:8550	yes	yes	yes	yes	yes	yes	
CAND_GRAM_000834	plus	candidate_pending_human_review			grammatical	1	He does not flip four coins	do_negation	flip	coins	flip	coin	0.075	none	USF:Cue_Target_Pairs.D-F:8550	yes	yes	yes	yes	yes	yes	
CAND_GRAM_000835	plus	candidate_pending_human_review			grammatical	1	Every day he flips four coins	present_3s	flips	coins	flip	coin	0.075	none	USF:Cue_Target_Pairs.D-F:8550	yes	yes	yes	yes	yes	yes	
CAND_GRAM_000836	plus	candidate_pending_human_review			grammatical	1	Last week he flipped four coins	simple_past	flipped	coins	flip	coin	0.075	none	USF:Cue_Target_Pairs.D-F:8550	yes	yes	yes	yes	yes	yes	
CAND_GRAM_000837	plus	candidate_pending_human_review			grammatical	1	They are flipping four coins	be_progressive	flipping	coins	flip	coin	0.075	none	USF:Cue_Target_Pairs.D-F:8550	yes	yes	yes	yes	yes	yes	
CAND_GRAM_000838	plus	candidate_pending_human_review			grammatical	1	They do not flip four coins	do_negation	flip	coins	flip	coin	0.075	none	USF:Cue_Target_Pairs.D-F:8550	yes	yes	yes	yes	yes	yes	
CAND_GRAM_000839	plus	candidate_pending_human_review			grammatical	1	Every day they flip four coins	present_3s	flip	coins	flip	coin	0.075	none	USF:Cue_Target_Pairs.D-F:8550	yes	yes	yes	yes	yes	yes	
CAND_GRAM_000840	plus	candidate_pending_human_review			grammatical	1	Last week they flipped four coins	simple_past	flipped	coins	flip	coin	0.075	none	USF:Cue_Target_Pairs.D-F:8550	yes	yes	yes	yes	yes	yes	
CAND_GRAM_000841	plus	candidate_pending_human_review			grammatical	1	She is flipping five coins	be_progressive	flipping	coins	flip	coin	0.075	none	USF:Cue_Target_Pairs.D-F:8550	yes	yes	yes	yes	yes	yes	
CAND_GRAM_000842	plus	candidate_pending_human_review			grammatical	1	She does not flip five coins	do_negation	flip	coins	flip	coin	0.075	none	USF:Cue_Target_Pairs.D-F:8550	yes	yes	yes	yes	yes	yes	
CAND_GRAM_000843	plus	candidate_pending_human_review			grammatical	1	Every day she flips five coins	present_3s	flips	coins	flip	coin	0.075	none	USF:Cue_Target_Pairs.D-F:8550	yes	yes	yes	yes	yes	yes	
CAND_GRAM_000844	plus	candidate_pending_human_review			grammatical	1	Last week she flipped five coins	simple_past	flipped	coins	flip	coin	0.075	none	USF:Cue_Target_Pairs.D-F:8550	yes	yes	yes	yes	yes	yes	
CAND_GRAM_000845	plus	candidate_pending_human_review			grammatical	1	He is flipping five coins	be_progressive	flipping	coins	flip	coin	0.075	none	USF:Cue_Target_Pairs.D-F:8550	yes	yes	yes	yes	yes	yes	
CAND_GRAM_000846	plus	candidate_pending_human_review			grammatical	1	He does not flip five coins	do_negation	flip	coins	flip	coin	0.075	none	USF:Cue_Target_Pairs.D-F:8550	yes	yes	yes	yes	yes	yes	
CAND_GRAM_000847	plus	candidate_pending_human_review			grammatical	1	Every day he flips five coins	present_3s	flips	coins	flip	coin	0.075	none	USF:Cue_Target_Pairs.D-F:8550	yes	yes	yes	yes	yes	yes	
CAND_GRAM_000848	plus	candidate_pending_human_review			grammatical	1	Last week he flipped five coins	simple_past	flipped	coins	flip	coin	0.075	none	USF:Cue_Target_Pairs.D-F:8550	yes	yes	yes	yes	yes	yes	
CAND_GRAM_000849	plus	candidate_pending_human_review			grammatical	1	They are flipping five coins	be_progressive	flipping	coins	flip	coin	0.075	none	USF:Cue_Target_Pairs.D-F:8550	yes	yes	yes	yes	yes	yes	
CAND_GRAM_000850	plus	candidate_pending_human_review			grammatical	1	They do not flip five coins	do_negation	flip	coins	flip	coin	0.075	none	USF:Cue_Target_Pairs.D-F:8550	yes	yes	yes	yes	yes	yes	
CAND_GRAM_000851	plus	candidate_pending_human_review			grammatical	1	Every day they flip five coins	present_3s	flip	coins	flip	coin	0.075	none	USF:Cue_Target_Pairs.D-F:8550	yes	yes	yes	yes	yes	yes	
CAND_GRAM_000852	plus	candidate_pending_human_review			grammatical	1	Last week they flipped five coins	simple_past	flipped	coins	flip	coin	0.075	none	USF:Cue_Target_Pairs.D-F:8550	yes	yes	yes	yes	yes	yes	
CAND_GRAM_000853	plus	candidate_pending_human_review			grammatical	1	She is flipping six coins	be_progressive	flipping	coins	flip	coin	0.075	none	USF:Cue_Target_Pairs.D-F:8550	yes	yes	yes	yes	yes	yes	
CAND_GRAM_000854	plus	candidate_pending_human_review			grammatical	1	She does not flip six coins	do_negation	flip	coins	flip	coin	0.075	none	USF:Cue_Target_Pairs.D-F:8550	yes	yes	yes	yes	yes	yes	
CAND_GRAM_000855	plus	candidate_pending_human_review			grammatical	1	Every day she flips six coins	present_3s	flips	coins	flip	coin	0.075	none	USF:Cue_Target_Pairs.D-F:8550	yes	yes	yes	yes	yes	yes	
CAND_GRAM_000856	plus	candidate_pending_human_review			grammatical	1	Last week she flipped six coins	simple_past	flipped	coins	flip	coin	0.075	none	USF:Cue_Target_Pairs.D-F:8550	yes	yes	yes	yes	yes	yes	
CAND_GRAM_000857	plus	candidate_pending_human_review			grammatical	1	He is flipping six coins	be_progressive	flipping	coins	flip	coin	0.075	none	USF:Cue_Target_Pairs.D-F:8550	yes	yes	yes	yes	yes	yes	
CAND_GRAM_000858	plus	candidate_pending_human_review			grammatical	1	He does not flip six coins	do_negation	flip	coins	flip	coin	0.075	none	USF:Cue_Target_Pairs.D-F:8550	yes	yes	yes	yes	yes	yes	
CAND_GRAM_000859	plus	candidate_pending_human_review			grammatical	1	Every day he flips six coins	present_3s	flips	coins	flip	coin	0.075	none	USF:Cue_Target_Pairs.D-F:8550	yes	yes	yes	yes	yes	yes	
CAND_GRAM_000860	plus	candidate_pending_human_review			grammatical	1	Last week he flipped six coins	simple_past	flipped	coins	flip	coin	0.075	none	USF:Cue_Target_Pairs.D-F:8550	yes	yes	yes	yes	yes	yes	
CAND_GRAM_000861	plus	candidate_pending_human_review			grammatical	1	They are flipping six coins	be_progressive	flipping	coins	flip	coin	0.075	none	USF:Cue_Target_Pairs.D-F:8550	yes	yes	yes	yes	yes	yes	
CAND_GRAM_000862	plus	candidate_pending_human_review			grammatical	1	They do not flip six coins	do_negation	flip	coins	flip	coin	0.075	none	USF:Cue_Target_Pairs.D-F:8550	yes	yes	yes	yes	yes	yes	
CAND_GRAM_000863	plus	candidate_pending_human_review			grammatical	1	Every day they flip six coins	present_3s	flip	coins	flip	coin	0.075	none	USF:Cue_Target_Pairs.D-F:8550	yes	yes	yes	yes	yes	yes	
CAND_GRAM_000864	plus	candidate_pending_human_review			grammatical	1	Last week they flipped six coins	simple_past	flipped	coins	flip	coin	0.075	none	USF:Cue_Target_Pairs.D-F:8550	yes	yes	yes	yes	yes	yes	
CAND_GRAM_000865	plus	candidate_pending_human_review			grammatical	1	She is grabbing one bag	be_progressive	grabbing	bag	grab	bag	0.102	none	USF:Cue_Target_Pairs.G-K:1362	yes	yes	yes	yes	yes	yes	
CAND_GRAM_000866	plus	candidate_pending_human_review			grammatical	1	She does not grab one bag	do_negation	grab	bag	grab	bag	0.102	none	USF:Cue_Target_Pairs.G-K:1362	yes	yes	yes	yes	yes	yes	
CAND_GRAM_000867	plus	candidate_pending_human_review			grammatical	1	Every day she grabs one bag	present_3s	grabs	bag	grab	bag	0.102	none	USF:Cue_Target_Pairs.G-K:1362	yes	yes	yes	yes	yes	yes	
CAND_GRAM_000868	plus	candidate_pending_human_review			grammatical	1	Last week she grabbed one bag	simple_past	grabbed	bag	grab	bag	0.102	none	USF:Cue_Target_Pairs.G-K:1362	yes	yes	yes	yes	yes	yes	
CAND_GRAM_000869	plus	candidate_pending_human_review			grammatical	1	He is grabbing one bag	be_progressive	grabbing	bag	grab	bag	0.102	none	USF:Cue_Target_Pairs.G-K:1362	yes	yes	yes	yes	yes	yes	
CAND_GRAM_000870	plus	candidate_pending_human_review			grammatical	1	He does not grab one bag	do_negation	grab	bag	grab	bag	0.102	none	USF:Cue_Target_Pairs.G-K:1362	yes	yes	yes	yes	yes	yes	
CAND_GRAM_000871	plus	candidate_pending_human_review			grammatical	1	Every day he grabs one bag	present_3s	grabs	bag	grab	bag	0.102	none	USF:Cue_Target_Pairs.G-K:1362	yes	yes	yes	yes	yes	yes	
CAND_GRAM_000872	plus	candidate_pending_human_review			grammatical	1	Last week he grabbed one bag	simple_past	grabbed	bag	grab	bag	0.102	none	USF:Cue_Target_Pairs.G-K:1362	yes	yes	yes	yes	yes	yes	
CAND_GRAM_000873	plus	candidate_pending_human_review			grammatical	1	They are grabbing one bag	be_progressive	grabbing	bag	grab	bag	0.102	none	USF:Cue_Target_Pairs.G-K:1362	yes	yes	yes	yes	yes	yes	
CAND_GRAM_000874	plus	candidate_pending_human_review			grammatical	1	They do not grab one bag	do_negation	grab	bag	grab	bag	0.102	none	USF:Cue_Target_Pairs.G-K:1362	yes	yes	yes	yes	yes	yes	
CAND_GRAM_000875	plus	candidate_pending_human_review			grammatical	1	Every day they grab one bag	present_3s	grab	bag	grab	bag	0.102	none	USF:Cue_Target_Pairs.G-K:1362	yes	yes	yes	yes	yes	yes	
CAND_GRAM_000876	plus	candidate_pending_human_review			grammatical	1	Last week they grabbed one bag	simple_past	grabbed	bag	grab	bag	0.102	none	USF:Cue_Target_Pairs.G-K:1362	yes	yes	yes	yes	yes	yes	
CAND_GRAM_000877	plus	candidate_pending_human_review			grammatical	1	She is grabbing two bags	be_progressive	grabbing	bags	grab	bag	0.102	none	USF:Cue_Target_Pairs.G-K:1362	yes	yes	yes	yes	yes	yes	
CAND_GRAM_000878	plus	candidate_pending_human_review			grammatical	1	She does not grab two bags	do_negation	grab	bags	grab	bag	0.102	none	USF:Cue_Target_Pairs.G-K:1362	yes	yes	yes	yes	yes	yes	
CAND_GRAM_000879	plus	candidate_pending_human_review			grammatical	1	Every day she grabs two bags	present_3s	grabs	bags	grab	bag	0.102	none	USF:Cue_Target_Pairs.G-K:1362	yes	yes	yes	yes	yes	yes	
CAND_GRAM_000880	plus	candidate_pending_human_review			grammatical	1	Last week she grabbed two bags	simple_past	grabbed	bags	grab	bag	0.102	none	USF:Cue_Target_Pairs.G-K:1362	yes	yes	yes	yes	yes	yes	
CAND_GRAM_000881	plus	candidate_pending_human_review			grammatical	1	He is grabbing two bags	be_progressive	grabbing	bags	grab	bag	0.102	none	USF:Cue_Target_Pairs.G-K:1362	yes	yes	yes	yes	yes	yes	
CAND_GRAM_000882	plus	candidate_pending_human_review			grammatical	1	He does not grab two bags	do_negation	grab	bags	grab	bag	0.102	none	USF:Cue_Target_Pairs.G-K:1362	yes	yes	yes	yes	yes	yes	
CAND_GRAM_000883	plus	candidate_pending_human_review			grammatical	1	Every day he grabs two bags	present_3s	grabs	bags	grab	bag	0.102	none	USF:Cue_Target_Pairs.G-K:1362	yes	yes	yes	yes	yes	yes	
CAND_GRAM_000884	plus	candidate_pending_human_review			grammatical	1	Last week he grabbed two bags	simple_past	grabbed	bags	grab	bag	0.102	none	USF:Cue_Target_Pairs.G-K:1362	yes	yes	yes	yes	yes	yes	
CAND_GRAM_000885	plus	candidate_pending_human_review			grammatical	1	They are grabbing two bags	be_progressive	grabbing	bags	grab	bag	0.102	none	USF:Cue_Target_Pairs.G-K:1362	yes	yes	yes	yes	yes	yes	
CAND_GRAM_000886	plus	candidate_pending_human_review			grammatical	1	They do not grab two bags	do_negation	grab	bags	grab	bag	0.102	none	USF:Cue_Target_Pairs.G-K:1362	yes	yes	yes	yes	yes	yes	
CAND_GRAM_000887	plus	candidate_pending_human_review			grammatical	1	Every day they grab two bags	present_3s	grab	bags	grab	bag	0.102	none	USF:Cue_Target_Pairs.G-K:1362	yes	yes	yes	yes	yes	yes	
CAND_GRAM_000888	plus	candidate_pending_human_review			grammatical	1	Last week they grabbed two bags	simple_past	grabbed	bags	grab	bag	0.102	none	USF:Cue_Target_Pairs.G-K:1362	yes	yes	yes	yes	yes	yes	
CAND_GRAM_000889	plus	candidate_pending_human_review			grammatical	1	She is grabbing three bags	be_progressive	grabbing	bags	grab	bag	0.102	none	USF:Cue_Target_Pairs.G-K:1362	yes	yes	yes	yes	yes	yes	
CAND_GRAM_000890	plus	candidate_pending_human_review			grammatical	1	She does not grab three bags	do_negation	grab	bags	grab	bag	0.102	none	USF:Cue_Target_Pairs.G-K:1362	yes	yes	yes	yes	yes	yes	
CAND_GRAM_000891	plus	candidate_pending_human_review			grammatical	1	Every day she grabs three bags	present_3s	grabs	bags	grab	bag	0.102	none	USF:Cue_Target_Pairs.G-K:1362	yes	yes	yes	yes	yes	yes	
CAND_GRAM_000892	plus	candidate_pending_human_review			grammatical	1	Last week she grabbed three bags	simple_past	grabbed	bags	grab	bag	0.102	none	USF:Cue_Target_Pairs.G-K:1362	yes	yes	yes	yes	yes	yes	
CAND_GRAM_000893	plus	candidate_pending_human_review			grammatical	1	He is grabbing three bags	be_progressive	grabbing	bags	grab	bag	0.102	none	USF:Cue_Target_Pairs.G-K:1362	yes	yes	yes	yes	yes	yes	
CAND_GRAM_000894	plus	candidate_pending_human_review			grammatical	1	He does not grab three bags	do_negation	grab	bags	grab	bag	0.102	none	USF:Cue_Target_Pairs.G-K:1362	yes	yes	yes	yes	yes	yes	
CAND_GRAM_000895	plus	candidate_pending_human_review			grammatical	1	Every day he grabs three bags	present_3s	grabs	bags	grab	bag	0.102	none	USF:Cue_Target_Pairs.G-K:1362	yes	yes	yes	yes	yes	yes	
CAND_GRAM_000896	plus	candidate_pending_human_review			grammatical	1	Last week he grabbed three bags	simple_past	grabbed	bags	grab	bag	0.102	none	USF:Cue_Target_Pairs.G-K:1362	yes	yes	yes	yes	yes	yes	
CAND_GRAM_000897	plus	candidate_pending_human_review			grammatical	1	They are grabbing three bags	be_progressive	grabbing	bags	grab	bag	0.102	none	USF:Cue_Target_Pairs.G-K:1362	yes	yes	yes	yes	yes	yes	
CAND_GRAM_000898	plus	candidate_pending_human_review			grammatical	1	They do not grab three bags	do_negation	grab	bags	grab	bag	0.102	none	USF:Cue_Target_Pairs.G-K:1362	yes	yes	yes	yes	yes	yes	
CAND_GRAM_000899	plus	candidate_pending_human_review			grammatical	1	Every day they grab three bags	present_3s	grab	bags	grab	bag	0.102	none	USF:Cue_Target_Pairs.G-K:1362	yes	yes	yes	yes	yes	yes	
CAND_GRAM_000900	plus	candidate_pending_human_review			grammatical	1	Last week they grabbed three bags	simple_past	grabbed	bags	grab	bag	0.102	none	USF:Cue_Target_Pairs.G-K:1362	yes	yes	yes	yes	yes	yes	
CAND_GRAM_000901	plus	candidate_pending_human_review			grammatical	1	She is grabbing four bags	be_progressive	grabbing	bags	grab	bag	0.102	none	USF:Cue_Target_Pairs.G-K:1362	yes	yes	yes	yes	yes	yes	
CAND_GRAM_000902	plus	candidate_pending_human_review			grammatical	1	She does not grab four bags	do_negation	grab	bags	grab	bag	0.102	none	USF:Cue_Target_Pairs.G-K:1362	yes	yes	yes	yes	yes	yes	
CAND_GRAM_000903	plus	candidate_pending_human_review			grammatical	1	Every day she grabs four bags	present_3s	grabs	bags	grab	bag	0.102	none	USF:Cue_Target_Pairs.G-K:1362	yes	yes	yes	yes	yes	yes	
CAND_GRAM_000904	plus	candidate_pending_human_review			grammatical	1	Last week she grabbed four bags	simple_past	grabbed	bags	grab	bag	0.102	none	USF:Cue_Target_Pairs.G-K:1362	yes	yes	yes	yes	yes	yes	
CAND_GRAM_000905	plus	candidate_pending_human_review			grammatical	1	He is grabbing four bags	be_progressive	grabbing	bags	grab	bag	0.102	none	USF:Cue_Target_Pairs.G-K:1362	yes	yes	yes	yes	yes	yes	
CAND_GRAM_000906	plus	candidate_pending_human_review			grammatical	1	He does not grab four bags	do_negation	grab	bags	grab	bag	0.102	none	USF:Cue_Target_Pairs.G-K:1362	yes	yes	yes	yes	yes	yes	
CAND_GRAM_000907	plus	candidate_pending_human_review			grammatical	1	Every day he grabs four bags	present_3s	grabs	bags	grab	bag	0.102	none	USF:Cue_Target_Pairs.G-K:1362	yes	yes	yes	yes	yes	yes	
CAND_GRAM_000908	plus	candidate_pending_human_review			grammatical	1	Last week he grabbed four bags	simple_past	grabbed	bags	grab	bag	0.102	none	USF:Cue_Target_Pairs.G-K:1362	yes	yes	yes	yes	yes	yes	
CAND_GRAM_000909	plus	candidate_pending_human_review			grammatical	1	They are grabbing four bags	be_progressive	grabbing	bags	grab	bag	0.102	none	USF:Cue_Target_Pairs.G-K:1362	yes	yes	yes	yes	yes	yes	
CAND_GRAM_000910	plus	candidate_pending_human_review			grammatical	1	They do not grab four bags	do_negation	grab	bags	grab	bag	0.102	none	USF:Cue_Target_Pairs.G-K:1362	yes	yes	yes	yes	yes	yes	
CAND_GRAM_000911	plus	candidate_pending_human_review			grammatical	1	Every day they grab four bags	present_3s	grab	bags	grab	bag	0.102	none	USF:Cue_Target_Pairs.G-K:1362	yes	yes	yes	yes	yes	yes	
CAND_GRAM_000912	plus	candidate_pending_human_review			grammatical	1	Last week they grabbed four bags	simple_past	grabbed	bags	grab	bag	0.102	none	USF:Cue_Target_Pairs.G-K:1362	yes	yes	yes	yes	yes	yes	
CAND_GRAM_000913	plus	candidate_pending_human_review			grammatical	1	She is grabbing five bags	be_progressive	grabbing	bags	grab	bag	0.102	none	USF:Cue_Target_Pairs.G-K:1362	yes	yes	yes	yes	yes	yes	
CAND_GRAM_000914	plus	candidate_pending_human_review			grammatical	1	She does not grab five bags	do_negation	grab	bags	grab	bag	0.102	none	USF:Cue_Target_Pairs.G-K:1362	yes	yes	yes	yes	yes	yes	
CAND_GRAM_000915	plus	candidate_pending_human_review			grammatical	1	Every day she grabs five bags	present_3s	grabs	bags	grab	bag	0.102	none	USF:Cue_Target_Pairs.G-K:1362	yes	yes	yes	yes	yes	yes	
CAND_GRAM_000916	plus	candidate_pending_human_review			grammatical	1	Last week she grabbed five bags	simple_past	grabbed	bags	grab	bag	0.102	none	USF:Cue_Target_Pairs.G-K:1362	yes	yes	yes	yes	yes	yes	
CAND_GRAM_000917	plus	candidate_pending_human_review			grammatical	1	He is grabbing five bags	be_progressive	grabbing	bags	grab	bag	0.102	none	USF:Cue_Target_Pairs.G-K:1362	yes	yes	yes	yes	yes	yes	
CAND_GRAM_000918	plus	candidate_pending_human_review			grammatical	1	He does not grab five bags	do_negation	grab	bags	grab	bag	0.102	none	USF:Cue_Target_Pairs.G-K:1362	yes	yes	yes	yes	yes	yes	
CAND_GRAM_000919	plus	candidate_pending_human_review			grammatical	1	Every day he grabs five bags	present_3s	grabs	bags	grab	bag	0.102	none	USF:Cue_Target_Pairs.G-K:1362	yes	yes	yes	yes	yes	yes	
CAND_GRAM_000920	plus	candidate_pending_human_review			grammatical	1	Last week he grabbed five bags	simple_past	grabbed	bags	grab	bag	0.102	none	USF:Cue_Target_Pairs.G-K:1362	yes	yes	yes	yes	yes	yes	
CAND_GRAM_000921	plus	candidate_pending_human_review			grammatical	1	They are grabbing five bags	be_progressive	grabbing	bags	grab	bag	0.102	none	USF:Cue_Target_Pairs.G-K:1362	yes	yes	yes	yes	yes	yes	
CAND_GRAM_000922	plus	candidate_pending_human_review			grammatical	1	They do not grab five bags	do_negation	grab	bags	grab	bag	0.102	none	USF:Cue_Target_Pairs.G-K:1362	yes	yes	yes	yes	yes	yes	
CAND_GRAM_000923	plus	candidate_pending_human_review			grammatical	1	Every day they grab five bags	present_3s	grab	bags	grab	bag	0.102	none	USF:Cue_Target_Pairs.G-K:1362	yes	yes	yes	yes	yes	yes	
CAND_GRAM_000924	plus	candidate_pending_human_review			grammatical	1	Last week they grabbed five bags	simple_past	grabbed	bags	grab	bag	0.102	none	USF:Cue_Target_Pairs.G-K:1362	yes	yes	yes	yes	yes	yes	
CAND_GRAM_000925	plus	candidate_pending_human_review			grammatical	1	She is grabbing six bags	be_progressive	grabbing	bags	grab	bag	0.102	none	USF:Cue_Target_Pairs.G-K:1362	yes	yes	yes	yes	yes	yes	
CAND_GRAM_000926	plus	candidate_pending_human_review			grammatical	1	She does not grab six bags	do_negation	grab	bags	grab	bag	0.102	none	USF:Cue_Target_Pairs.G-K:1362	yes	yes	yes	yes	yes	yes	
CAND_GRAM_000927	plus	candidate_pending_human_review			grammatical	1	Every day she grabs six bags	present_3s	grabs	bags	grab	bag	0.102	none	USF:Cue_Target_Pairs.G-K:1362	yes	yes	yes	yes	yes	yes	
CAND_GRAM_000928	plus	candidate_pending_human_review			grammatical	1	Last week she grabbed six bags	simple_past	grabbed	bags	grab	bag	0.102	none	USF:Cue_Target_Pairs.G-K:1362	yes	yes	yes	yes	yes	yes	
CAND_GRAM_000929	plus	candidate_pending_human_review			grammatical	1	He is grabbing six bags	be_progressive	grabbing	bags	grab	bag	0.102	none	USF:Cue_Target_Pairs.G-K:1362	yes	yes	yes	yes	yes	yes	
CAND_GRAM_000930	plus	candidate_pending_human_review			grammatical	1	He does not grab six bags	do_negation	grab	bags	grab	bag	0.102	none	USF:Cue_Target_Pairs.G-K:1362	yes	yes	yes	yes	yes	yes	
CAND_GRAM_000931	plus	candidate_pending_human_review			grammatical	1	Every day he grabs six bags	present_3s	grabs	bags	grab	bag	0.102	none	USF:Cue_Target_Pairs.G-K:1362	yes	yes	yes	yes	yes	yes	
CAND_GRAM_000932	plus	candidate_pending_human_review			grammatical	1	Last week he grabbed six bags	simple_past	grabbed	bags	grab	bag	0.102	none	USF:Cue_Target_Pairs.G-K:1362	yes	yes	yes	yes	yes	yes	
CAND_GRAM_000933	plus	candidate_pending_human_review			grammatical	1	They are grabbing six bags	be_progressive	grabbing	bags	grab	bag	0.102	none	USF:Cue_Target_Pairs.G-K:1362	yes	yes	yes	yes	yes	yes	
CAND_GRAM_000934	plus	candidate_pending_human_review			grammatical	1	They do not grab six bags	do_negation	grab	bags	grab	bag	0.102	none	USF:Cue_Target_Pairs.G-K:1362	yes	yes	yes	yes	yes	yes	
CAND_GRAM_000935	plus	candidate_pending_human_review			grammatical	1	Every day they grab six bags	present_3s	grab	bags	grab	bag	0.102	none	USF:Cue_Target_Pairs.G-K:1362	yes	yes	yes	yes	yes	yes	
CAND_GRAM_000936	plus	candidate_pending_human_review			grammatical	1	Last week they grabbed six bags	simple_past	grabbed	bags	grab	bag	0.102	none	USF:Cue_Target_Pairs.G-K:1362	yes	yes	yes	yes	yes	yes	
CAND_GRAM_000937	plus	candidate_pending_human_review			grammatical	1	She is bouncing one ball	be_progressive	bouncing	ball	bounce	ball	0.564	none	USF:Cue_Target_Pairs.A-B:6872	yes	yes	yes	yes	yes	yes	
CAND_GRAM_000938	plus	candidate_pending_human_review			grammatical	1	She does not bounce one ball	do_negation	bounce	ball	bounce	ball	0.564	none	USF:Cue_Target_Pairs.A-B:6872	yes	yes	yes	yes	yes	yes	
CAND_GRAM_000939	plus	candidate_pending_human_review			grammatical	1	Every day she bounces one ball	present_3s	bounces	ball	bounce	ball	0.564	none	USF:Cue_Target_Pairs.A-B:6872	yes	yes	yes	yes	yes	yes	
CAND_GRAM_000940	plus	candidate_pending_human_review			grammatical	1	Last week she bounced one ball	simple_past	bounced	ball	bounce	ball	0.564	none	USF:Cue_Target_Pairs.A-B:6872	yes	yes	yes	yes	yes	yes	
CAND_GRAM_000941	plus	candidate_pending_human_review			grammatical	1	He is bouncing one ball	be_progressive	bouncing	ball	bounce	ball	0.564	none	USF:Cue_Target_Pairs.A-B:6872	yes	yes	yes	yes	yes	yes	
CAND_GRAM_000942	plus	candidate_pending_human_review			grammatical	1	He does not bounce one ball	do_negation	bounce	ball	bounce	ball	0.564	none	USF:Cue_Target_Pairs.A-B:6872	yes	yes	yes	yes	yes	yes	
CAND_GRAM_000943	plus	candidate_pending_human_review			grammatical	1	Every day he bounces one ball	present_3s	bounces	ball	bounce	ball	0.564	none	USF:Cue_Target_Pairs.A-B:6872	yes	yes	yes	yes	yes	yes	
CAND_GRAM_000944	plus	candidate_pending_human_review			grammatical	1	Last week he bounced one ball	simple_past	bounced	ball	bounce	ball	0.564	none	USF:Cue_Target_Pairs.A-B:6872	yes	yes	yes	yes	yes	yes	
CAND_GRAM_000945	plus	candidate_pending_human_review			grammatical	1	They are bouncing one ball	be_progressive	bouncing	ball	bounce	ball	0.564	none	USF:Cue_Target_Pairs.A-B:6872	yes	yes	yes	yes	yes	yes	
CAND_GRAM_000946	plus	candidate_pending_human_review			grammatical	1	They do not bounce one ball	do_negation	bounce	ball	bounce	ball	0.564	none	USF:Cue_Target_Pairs.A-B:6872	yes	yes	yes	yes	yes	yes	
CAND_GRAM_000947	plus	candidate_pending_human_review			grammatical	1	Every day they bounce one ball	present_3s	bounce	ball	bounce	ball	0.564	none	USF:Cue_Target_Pairs.A-B:6872	yes	yes	yes	yes	yes	yes	
CAND_GRAM_000948	plus	candidate_pending_human_review			grammatical	1	Last week they bounced one ball	simple_past	bounced	ball	bounce	ball	0.564	none	USF:Cue_Target_Pairs.A-B:6872	yes	yes	yes	yes	yes	yes	
CAND_GRAM_000949	plus	candidate_pending_human_review			grammatical	1	She is bouncing two balls	be_progressive	bouncing	balls	bounce	ball	0.564	none	USF:Cue_Target_Pairs.A-B:6872	yes	yes	yes	yes	yes	yes	
CAND_GRAM_000950	plus	candidate_pending_human_review			grammatical	1	She does not bounce two balls	do_negation	bounce	balls	bounce	ball	0.564	none	USF:Cue_Target_Pairs.A-B:6872	yes	yes	yes	yes	yes	yes	
CAND_GRAM_000951	plus	candidate_pending_human_review			grammatical	1	Every day she bounces two balls	present_3s	bounces	balls	bounce	ball	0.564	none	USF:Cue_Target_Pairs.A-B:6872	yes	yes	yes	yes	yes	yes	
CAND_GRAM_000952	plus	candidate_pending_human_review			grammatical	1	Last week she bounced two balls	simple_past	bounced	balls	bounce	ball	0.564	none	USF:Cue_Target_Pairs.A-B:6872	yes	yes	yes	yes	yes	yes	
CAND_GRAM_000953	plus	candidate_pending_human_review			grammatical	1	He is bouncing two balls	be_progressive	bouncing	balls	bounce	ball	0.564	none	USF:Cue_Target_Pairs.A-B:6872	yes	yes	yes	yes	yes	yes	
CAND_GRAM_000954	plus	candidate_pending_human_review			grammatical	1	He does not bounce two balls	do_negation	bounce	balls	bounce	ball	0.564	none	USF:Cue_Target_Pairs.A-B:6872	yes	yes	yes	yes	yes	yes	
CAND_GRAM_000955	plus	candidate_pending_human_review			grammatical	1	Every day he bounces two balls	present_3s	bounces	balls	bounce	ball	0.564	none	USF:Cue_Target_Pairs.A-B:6872	yes	yes	yes	yes	yes	yes	
CAND_GRAM_000956	plus	candidate_pending_human_review			grammatical	1	Last week he bounced two balls	simple_past	bounced	balls	bounce	ball	0.564	none	USF:Cue_Target_Pairs.A-B:6872	yes	yes	yes	yes	yes	yes	
CAND_GRAM_000957	plus	candidate_pending_human_review			grammatical	1	They are bouncing two balls	be_progressive	bouncing	balls	bounce	ball	0.564	none	USF:Cue_Target_Pairs.A-B:6872	yes	yes	yes	yes	yes	yes	
CAND_GRAM_000958	plus	candidate_pending_human_review			grammatical	1	They do not bounce two balls	do_negation	bounce	balls	bounce	ball	0.564	none	USF:Cue_Target_Pairs.A-B:6872	yes	yes	yes	yes	yes	yes	
CAND_GRAM_000959	plus	candidate_pending_human_review			grammatical	1	Every day they bounce two balls	present_3s	bounce	balls	bounce	ball	0.564	none	USF:Cue_Target_Pairs.A-B:6872	yes	yes	yes	yes	yes	yes	
CAND_GRAM_000960	plus	candidate_pending_human_review			grammatical	1	Last week they bounced two balls	simple_past	bounced	balls	bounce	ball	0.564	none	USF:Cue_Target_Pairs.A-B:6872	yes	yes	yes	yes	yes	yes	
CAND_GRAM_000961	plus	candidate_pending_human_review			grammatical	1	She is bouncing three balls	be_progressive	bouncing	balls	bounce	ball	0.564	none	USF:Cue_Target_Pairs.A-B:6872	yes	yes	yes	yes	yes	yes	
CAND_GRAM_000962	plus	candidate_pending_human_review			grammatical	1	She does not bounce three balls	do_negation	bounce	balls	bounce	ball	0.564	none	USF:Cue_Target_Pairs.A-B:6872	yes	yes	yes	yes	yes	yes	
CAND_GRAM_000963	plus	candidate_pending_human_review			grammatical	1	Every day she bounces three balls	present_3s	bounces	balls	bounce	ball	0.564	none	USF:Cue_Target_Pairs.A-B:6872	yes	yes	yes	yes	yes	yes	
CAND_GRAM_000964	plus	candidate_pending_human_review			grammatical	1	Last week she bounced three balls	simple_past	bounced	balls	bounce	ball	0.564	none	USF:Cue_Target_Pairs.A-B:6872	yes	yes	yes	yes	yes	yes	
CAND_GRAM_000965	plus	candidate_pending_human_review			grammatical	1	He is bouncing three balls	be_progressive	bouncing	balls	bounce	ball	0.564	none	USF:Cue_Target_Pairs.A-B:6872	yes	yes	yes	yes	yes	yes	
CAND_GRAM_000966	plus	candidate_pending_human_review			grammatical	1	He does not bounce three balls	do_negation	bounce	balls	bounce	ball	0.564	none	USF:Cue_Target_Pairs.A-B:6872	yes	yes	yes	yes	yes	yes	
CAND_GRAM_000967	plus	candidate_pending_human_review			grammatical	1	Every day he bounces three balls	present_3s	bounces	balls	bounce	ball	0.564	none	USF:Cue_Target_Pairs.A-B:6872	yes	yes	yes	yes	yes	yes	
CAND_GRAM_000968	plus	candidate_pending_human_review			grammatical	1	Last week he bounced three balls	simple_past	bounced	balls	bounce	ball	0.564	none	USF:Cue_Target_Pairs.A-B:6872	yes	yes	yes	yes	yes	yes	
CAND_GRAM_000969	plus	candidate_pending_human_review			grammatical	1	They are bouncing three balls	be_progressive	bouncing	balls	bounce	ball	0.564	none	USF:Cue_Target_Pairs.A-B:6872	yes	yes	yes	yes	yes	yes	
CAND_GRAM_000970	plus	candidate_pending_human_review			grammatical	1	They do not bounce three balls	do_negation	bounce	balls	bounce	ball	0.564	none	USF:Cue_Target_Pairs.A-B:6872	yes	yes	yes	yes	yes	yes	
CAND_GRAM_000971	plus	candidate_pending_human_review			grammatical	1	Every day they bounce three balls	present_3s	bounce	balls	bounce	ball	0.564	none	USF:Cue_Target_Pairs.A-B:6872	yes	yes	yes	yes	yes	yes	
CAND_GRAM_000972	plus	candidate_pending_human_review			grammatical	1	Last week they bounced three balls	simple_past	bounced	balls	bounce	ball	0.564	none	USF:Cue_Target_Pairs.A-B:6872	yes	yes	yes	yes	yes	yes	
CAND_GRAM_000973	plus	candidate_pending_human_review			grammatical	1	She is bouncing four balls	be_progressive	bouncing	balls	bounce	ball	0.564	none	USF:Cue_Target_Pairs.A-B:6872	yes	yes	yes	yes	yes	yes	
CAND_GRAM_000974	plus	candidate_pending_human_review			grammatical	1	She does not bounce four balls	do_negation	bounce	balls	bounce	ball	0.564	none	USF:Cue_Target_Pairs.A-B:6872	yes	yes	yes	yes	yes	yes	
CAND_GRAM_000975	plus	candidate_pending_human_review			grammatical	1	Every day she bounces four balls	present_3s	bounces	balls	bounce	ball	0.564	none	USF:Cue_Target_Pairs.A-B:6872	yes	yes	yes	yes	yes	yes	
CAND_GRAM_000976	plus	candidate_pending_human_review			grammatical	1	Last week she bounced four balls	simple_past	bounced	balls	bounce	ball	0.564	none	USF:Cue_Target_Pairs.A-B:6872	yes	yes	yes	yes	yes	yes	
CAND_GRAM_000977	plus	candidate_pending_human_review			grammatical	1	He is bouncing four balls	be_progressive	bouncing	balls	bounce	ball	0.564	none	USF:Cue_Target_Pairs.A-B:6872	yes	yes	yes	yes	yes	yes	
CAND_GRAM_000978	plus	candidate_pending_human_review			grammatical	1	He does not bounce four balls	do_negation	bounce	balls	bounce	ball	0.564	none	USF:Cue_Target_Pairs.A-B:6872	yes	yes	yes	yes	yes	yes	
CAND_GRAM_000979	plus	candidate_pending_human_review			grammatical	1	Every day he bounces four balls	present_3s	bounces	balls	bounce	ball	0.564	none	USF:Cue_Target_Pairs.A-B:6872	yes	yes	yes	yes	yes	yes	
CAND_GRAM_000980	plus	candidate_pending_human_review			grammatical	1	Last week he bounced four balls	simple_past	bounced	balls	bounce	ball	0.564	none	USF:Cue_Target_Pairs.A-B:6872	yes	yes	yes	yes	yes	yes	
CAND_GRAM_000981	plus	candidate_pending_human_review			grammatical	1	They are bouncing four balls	be_progressive	bouncing	balls	bounce	ball	0.564	none	USF:Cue_Target_Pairs.A-B:6872	yes	yes	yes	yes	yes	yes	
CAND_GRAM_000982	plus	candidate_pending_human_review			grammatical	1	They do not bounce four balls	do_negation	bounce	balls	bounce	ball	0.564	none	USF:Cue_Target_Pairs.A-B:6872	yes	yes	yes	yes	yes	yes	
CAND_GRAM_000983	plus	candidate_pending_human_review			grammatical	1	Every day they bounce four balls	present_3s	bounce	balls	bounce	ball	0.564	none	USF:Cue_Target_Pairs.A-B:6872	yes	yes	yes	yes	yes	yes	
CAND_GRAM_000984	plus	candidate_pending_human_review			grammatical	1	Last week they bounced four balls	simple_past	bounced	balls	bounce	ball	0.564	none	USF:Cue_Target_Pairs.A-B:6872	yes	yes	yes	yes	yes	yes	
CAND_GRAM_000985	plus	candidate_pending_human_review			grammatical	1	She is bouncing five balls	be_progressive	bouncing	balls	bounce	ball	0.564	none	USF:Cue_Target_Pairs.A-B:6872	yes	yes	yes	yes	yes	yes	
CAND_GRAM_000986	plus	candidate_pending_human_review			grammatical	1	She does not bounce five balls	do_negation	bounce	balls	bounce	ball	0.564	none	USF:Cue_Target_Pairs.A-B:6872	yes	yes	yes	yes	yes	yes	
CAND_GRAM_000987	plus	candidate_pending_human_review			grammatical	1	Every day she bounces five balls	present_3s	bounces	balls	bounce	ball	0.564	none	USF:Cue_Target_Pairs.A-B:6872	yes	yes	yes	yes	yes	yes	
CAND_GRAM_000988	plus	candidate_pending_human_review			grammatical	1	Last week she bounced five balls	simple_past	bounced	balls	bounce	ball	0.564	none	USF:Cue_Target_Pairs.A-B:6872	yes	yes	yes	yes	yes	yes	
CAND_GRAM_000989	plus	candidate_pending_human_review			grammatical	1	He is bouncing five balls	be_progressive	bouncing	balls	bounce	ball	0.564	none	USF:Cue_Target_Pairs.A-B:6872	yes	yes	yes	yes	yes	yes	
CAND_GRAM_000990	plus	candidate_pending_human_review			grammatical	1	He does not bounce five balls	do_negation	bounce	balls	bounce	ball	0.564	none	USF:Cue_Target_Pairs.A-B:6872	yes	yes	yes	yes	yes	yes	
CAND_GRAM_000991	plus	candidate_pending_human_review			grammatical	1	Every day he bounces five balls	present_3s	bounces	balls	bounce	ball	0.564	none	USF:Cue_Target_Pairs.A-B:6872	yes	yes	yes	yes	yes	yes	
CAND_GRAM_000992	plus	candidate_pending_human_review			grammatical	1	Last week he bounced five balls	simple_past	bounced	balls	bounce	ball	0.564	none	USF:Cue_Target_Pairs.A-B:6872	yes	yes	yes	yes	yes	yes	
CAND_GRAM_000993	plus	candidate_pending_human_review			grammatical	1	They are bouncing five balls	be_progressive	bouncing	balls	bounce	ball	0.564	none	USF:Cue_Target_Pairs.A-B:6872	yes	yes	yes	yes	yes	yes	
CAND_GRAM_000994	plus	candidate_pending_human_review			grammatical	1	They do not bounce five balls	do_negation	bounce	balls	bounce	ball	0.564	none	USF:Cue_Target_Pairs.A-B:6872	yes	yes	yes	yes	yes	yes	
CAND_GRAM_000995	plus	candidate_pending_human_review			grammatical	1	Every day they bounce five balls	present_3s	bounce	balls	bounce	ball	0.564	none	USF:Cue_Target_Pairs.A-B:6872	yes	yes	yes	yes	yes	yes	
CAND_GRAM_000996	plus	candidate_pending_human_review			grammatical	1	Last week they bounced five balls	simple_past	bounced	balls	bounce	ball	0.564	none	USF:Cue_Target_Pairs.A-B:6872	yes	yes	yes	yes	yes	yes	
CAND_GRAM_000997	plus	candidate_pending_human_review			grammatical	1	She is bouncing six balls	be_progressive	bouncing	balls	bounce	ball	0.564	none	USF:Cue_Target_Pairs.A-B:6872	yes	yes	yes	yes	yes	yes	
CAND_GRAM_000998	plus	candidate_pending_human_review			grammatical	1	She does not bounce six balls	do_negation	bounce	balls	bounce	ball	0.564	none	USF:Cue_Target_Pairs.A-B:6872	yes	yes	yes	yes	yes	yes	
CAND_GRAM_000999	plus	candidate_pending_human_review			grammatical	1	Every day she bounces six balls	present_3s	bounces	balls	bounce	ball	0.564	none	USF:Cue_Target_Pairs.A-B:6872	yes	yes	yes	yes	yes	yes	
CAND_GRAM_001000	plus	candidate_pending_human_review			grammatical	1	Last week she bounced six balls	simple_past	bounced	balls	bounce	ball	0.564	none	USF:Cue_Target_Pairs.A-B:6872	yes	yes	yes	yes	yes	yes	
CAND_GRAM_001001	plus	candidate_pending_human_review			grammatical	1	He is bouncing six balls	be_progressive	bouncing	balls	bounce	ball	0.564	none	USF:Cue_Target_Pairs.A-B:6872	yes	yes	yes	yes	yes	yes	
CAND_GRAM_001002	plus	candidate_pending_human_review			grammatical	1	He does not bounce six balls	do_negation	bounce	balls	bounce	ball	0.564	none	USF:Cue_Target_Pairs.A-B:6872	yes	yes	yes	yes	yes	yes	
CAND_GRAM_001003	plus	candidate_pending_human_review			grammatical	1	Every day he bounces six balls	present_3s	bounces	balls	bounce	ball	0.564	none	USF:Cue_Target_Pairs.A-B:6872	yes	yes	yes	yes	yes	yes	
CAND_GRAM_001004	plus	candidate_pending_human_review			grammatical	1	Last week he bounced six balls	simple_past	bounced	balls	bounce	ball	0.564	none	USF:Cue_Target_Pairs.A-B:6872	yes	yes	yes	yes	yes	yes	
CAND_GRAM_001005	plus	candidate_pending_human_review			grammatical	1	They are bouncing six balls	be_progressive	bouncing	balls	bounce	ball	0.564	none	USF:Cue_Target_Pairs.A-B:6872	yes	yes	yes	yes	yes	yes	
CAND_GRAM_001006	plus	candidate_pending_human_review			grammatical	1	They do not bounce six balls	do_negation	bounce	balls	bounce	ball	0.564	none	USF:Cue_Target_Pairs.A-B:6872	yes	yes	yes	yes	yes	yes	
CAND_GRAM_001007	plus	candidate_pending_human_review			grammatical	1	Every day they bounce six balls	present_3s	bounce	balls	bounce	ball	0.564	none	USF:Cue_Target_Pairs.A-B:6872	yes	yes	yes	yes	yes	yes	
CAND_GRAM_001008	plus	candidate_pending_human_review			grammatical	1	Last week they bounced six balls	simple_past	bounced	balls	bounce	ball	0.564	none	USF:Cue_Target_Pairs.A-B:6872	yes	yes	yes	yes	yes	yes	
CAND_GRAM_001009	plus	candidate_pending_human_review			grammatical	1	She is celebrating one party	be_progressive	celebrating	party	celebrate	party	0.603	none	USF:Cue_Target_Pairs.C:1356	yes	yes	yes	yes	yes	yes	
CAND_GRAM_001010	plus	candidate_pending_human_review			grammatical	1	She does not celebrate one party	do_negation	celebrate	party	celebrate	party	0.603	none	USF:Cue_Target_Pairs.C:1356	yes	yes	yes	yes	yes	yes	
CAND_GRAM_001011	plus	candidate_pending_human_review			grammatical	1	Every day she celebrates one party	present_3s	celebrates	party	celebrate	party	0.603	none	USF:Cue_Target_Pairs.C:1356	yes	yes	yes	yes	yes	yes	
CAND_GRAM_001012	plus	candidate_pending_human_review			grammatical	1	Last week she celebrated one party	simple_past	celebrated	party	celebrate	party	0.603	none	USF:Cue_Target_Pairs.C:1356	yes	yes	yes	yes	yes	yes	
CAND_GRAM_001013	plus	candidate_pending_human_review			grammatical	1	He is celebrating one party	be_progressive	celebrating	party	celebrate	party	0.603	none	USF:Cue_Target_Pairs.C:1356	yes	yes	yes	yes	yes	yes	
CAND_GRAM_001014	plus	candidate_pending_human_review			grammatical	1	He does not celebrate one party	do_negation	celebrate	party	celebrate	party	0.603	none	USF:Cue_Target_Pairs.C:1356	yes	yes	yes	yes	yes	yes	
CAND_GRAM_001015	plus	candidate_pending_human_review			grammatical	1	Every day he celebrates one party	present_3s	celebrates	party	celebrate	party	0.603	none	USF:Cue_Target_Pairs.C:1356	yes	yes	yes	yes	yes	yes	
CAND_GRAM_001016	plus	candidate_pending_human_review			grammatical	1	Last week he celebrated one party	simple_past	celebrated	party	celebrate	party	0.603	none	USF:Cue_Target_Pairs.C:1356	yes	yes	yes	yes	yes	yes	
CAND_GRAM_001017	plus	candidate_pending_human_review			grammatical	1	They are celebrating one party	be_progressive	celebrating	party	celebrate	party	0.603	none	USF:Cue_Target_Pairs.C:1356	yes	yes	yes	yes	yes	yes	
CAND_GRAM_001018	plus	candidate_pending_human_review			grammatical	1	They do not celebrate one party	do_negation	celebrate	party	celebrate	party	0.603	none	USF:Cue_Target_Pairs.C:1356	yes	yes	yes	yes	yes	yes	
CAND_GRAM_001019	plus	candidate_pending_human_review			grammatical	1	Every day they celebrate one party	present_3s	celebrate	party	celebrate	party	0.603	none	USF:Cue_Target_Pairs.C:1356	yes	yes	yes	yes	yes	yes	
CAND_GRAM_001020	plus	candidate_pending_human_review			grammatical	1	Last week they celebrated one party	simple_past	celebrated	party	celebrate	party	0.603	none	USF:Cue_Target_Pairs.C:1356	yes	yes	yes	yes	yes	yes	
CAND_GRAM_001021	plus	candidate_pending_human_review			grammatical	1	She is celebrating two parties	be_progressive	celebrating	parties	celebrate	party	0.603	none	USF:Cue_Target_Pairs.C:1356	yes	yes	yes	yes	yes	yes	
CAND_GRAM_001022	plus	candidate_pending_human_review			grammatical	1	She does not celebrate two parties	do_negation	celebrate	parties	celebrate	party	0.603	none	USF:Cue_Target_Pairs.C:1356	yes	yes	yes	yes	yes	yes	
CAND_GRAM_001023	plus	candidate_pending_human_review			grammatical	1	Every day she celebrates two parties	present_3s	celebrates	parties	celebrate	party	0.603	none	USF:Cue_Target_Pairs.C:1356	yes	yes	yes	yes	yes	yes	
CAND_GRAM_001024	plus	candidate_pending_human_review			grammatical	1	Last week she celebrated two parties	simple_past	celebrated	parties	celebrate	party	0.603	none	USF:Cue_Target_Pairs.C:1356	yes	yes	yes	yes	yes	yes	
CAND_GRAM_001025	plus	candidate_pending_human_review			grammatical	1	He is celebrating two parties	be_progressive	celebrating	parties	celebrate	party	0.603	none	USF:Cue_Target_Pairs.C:1356	yes	yes	yes	yes	yes	yes	
CAND_GRAM_001026	plus	candidate_pending_human_review			grammatical	1	He does not celebrate two parties	do_negation	celebrate	parties	celebrate	party	0.603	none	USF:Cue_Target_Pairs.C:1356	yes	yes	yes	yes	yes	yes	
CAND_GRAM_001027	plus	candidate_pending_human_review			grammatical	1	Every day he celebrates two parties	present_3s	celebrates	parties	celebrate	party	0.603	none	USF:Cue_Target_Pairs.C:1356	yes	yes	yes	yes	yes	yes	
CAND_GRAM_001028	plus	candidate_pending_human_review			grammatical	1	Last week he celebrated two parties	simple_past	celebrated	parties	celebrate	party	0.603	none	USF:Cue_Target_Pairs.C:1356	yes	yes	yes	yes	yes	yes	
CAND_GRAM_001029	plus	candidate_pending_human_review			grammatical	1	They are celebrating two parties	be_progressive	celebrating	parties	celebrate	party	0.603	none	USF:Cue_Target_Pairs.C:1356	yes	yes	yes	yes	yes	yes	
CAND_GRAM_001030	plus	candidate_pending_human_review			grammatical	1	They do not celebrate two parties	do_negation	celebrate	parties	celebrate	party	0.603	none	USF:Cue_Target_Pairs.C:1356	yes	yes	yes	yes	yes	yes	
CAND_GRAM_001031	plus	candidate_pending_human_review			grammatical	1	Every day they celebrate two parties	present_3s	celebrate	parties	celebrate	party	0.603	none	USF:Cue_Target_Pairs.C:1356	yes	yes	yes	yes	yes	yes	
CAND_GRAM_001032	plus	candidate_pending_human_review			grammatical	1	Last week they celebrated two parties	simple_past	celebrated	parties	celebrate	party	0.603	none	USF:Cue_Target_Pairs.C:1356	yes	yes	yes	yes	yes	yes	
CAND_GRAM_001033	plus	candidate_pending_human_review			grammatical	1	She is celebrating three parties	be_progressive	celebrating	parties	celebrate	party	0.603	none	USF:Cue_Target_Pairs.C:1356	yes	yes	yes	yes	yes	yes	
CAND_GRAM_001034	plus	candidate_pending_human_review			grammatical	1	She does not celebrate three parties	do_negation	celebrate	parties	celebrate	party	0.603	none	USF:Cue_Target_Pairs.C:1356	yes	yes	yes	yes	yes	yes	
CAND_GRAM_001035	plus	candidate_pending_human_review			grammatical	1	Every day she celebrates three parties	present_3s	celebrates	parties	celebrate	party	0.603	none	USF:Cue_Target_Pairs.C:1356	yes	yes	yes	yes	yes	yes	
CAND_GRAM_001036	plus	candidate_pending_human_review			grammatical	1	Last week she celebrated three parties	simple_past	celebrated	parties	celebrate	party	0.603	none	USF:Cue_Target_Pairs.C:1356	yes	yes	yes	yes	yes	yes	
CAND_GRAM_001037	plus	candidate_pending_human_review			grammatical	1	He is celebrating three parties	be_progressive	celebrating	parties	celebrate	party	0.603	none	USF:Cue_Target_Pairs.C:1356	yes	yes	yes	yes	yes	yes	
CAND_GRAM_001038	plus	candidate_pending_human_review			grammatical	1	He does not celebrate three parties	do_negation	celebrate	parties	celebrate	party	0.603	none	USF:Cue_Target_Pairs.C:1356	yes	yes	yes	yes	yes	yes	
CAND_GRAM_001039	plus	candidate_pending_human_review			grammatical	1	Every day he celebrates three parties	present_3s	celebrates	parties	celebrate	party	0.603	none	USF:Cue_Target_Pairs.C:1356	yes	yes	yes	yes	yes	yes	
CAND_GRAM_001040	plus	candidate_pending_human_review			grammatical	1	Last week he celebrated three parties	simple_past	celebrated	parties	celebrate	party	0.603	none	USF:Cue_Target_Pairs.C:1356	yes	yes	yes	yes	yes	yes	
CAND_GRAM_001041	plus	candidate_pending_human_review			grammatical	1	They are celebrating three parties	be_progressive	celebrating	parties	celebrate	party	0.603	none	USF:Cue_Target_Pairs.C:1356	yes	yes	yes	yes	yes	yes	
CAND_GRAM_001042	plus	candidate_pending_human_review			grammatical	1	They do not celebrate three parties	do_negation	celebrate	parties	celebrate	party	0.603	none	USF:Cue_Target_Pairs.C:1356	yes	yes	yes	yes	yes	yes	
CAND_GRAM_001043	plus	candidate_pending_human_review			grammatical	1	Every day they celebrate three parties	present_3s	celebrate	parties	celebrate	party	0.603	none	USF:Cue_Target_Pairs.C:1356	yes	yes	yes	yes	yes	yes	
CAND_GRAM_001044	plus	candidate_pending_human_review			grammatical	1	Last week they celebrated three parties	simple_past	celebrated	parties	celebrate	party	0.603	none	USF:Cue_Target_Pairs.C:1356	yes	yes	yes	yes	yes	yes	
CAND_GRAM_001045	plus	candidate_pending_human_review			grammatical	1	She is celebrating four parties	be_progressive	celebrating	parties	celebrate	party	0.603	none	USF:Cue_Target_Pairs.C:1356	yes	yes	yes	yes	yes	yes	
CAND_GRAM_001046	plus	candidate_pending_human_review			grammatical	1	She does not celebrate four parties	do_negation	celebrate	parties	celebrate	party	0.603	none	USF:Cue_Target_Pairs.C:1356	yes	yes	yes	yes	yes	yes	
CAND_GRAM_001047	plus	candidate_pending_human_review			grammatical	1	Every day she celebrates four parties	present_3s	celebrates	parties	celebrate	party	0.603	none	USF:Cue_Target_Pairs.C:1356	yes	yes	yes	yes	yes	yes	
CAND_GRAM_001048	plus	candidate_pending_human_review			grammatical	1	Last week she celebrated four parties	simple_past	celebrated	parties	celebrate	party	0.603	none	USF:Cue_Target_Pairs.C:1356	yes	yes	yes	yes	yes	yes	
CAND_GRAM_001049	plus	candidate_pending_human_review			grammatical	1	He is celebrating four parties	be_progressive	celebrating	parties	celebrate	party	0.603	none	USF:Cue_Target_Pairs.C:1356	yes	yes	yes	yes	yes	yes	
CAND_GRAM_001050	plus	candidate_pending_human_review			grammatical	1	He does not celebrate four parties	do_negation	celebrate	parties	celebrate	party	0.603	none	USF:Cue_Target_Pairs.C:1356	yes	yes	yes	yes	yes	yes	
CAND_GRAM_001051	plus	candidate_pending_human_review			grammatical	1	Every day he celebrates four parties	present_3s	celebrates	parties	celebrate	party	0.603	none	USF:Cue_Target_Pairs.C:1356	yes	yes	yes	yes	yes	yes	
CAND_GRAM_001052	plus	candidate_pending_human_review			grammatical	1	Last week he celebrated four parties	simple_past	celebrated	parties	celebrate	party	0.603	none	USF:Cue_Target_Pairs.C:1356	yes	yes	yes	yes	yes	yes	
CAND_GRAM_001053	plus	candidate_pending_human_review			grammatical	1	They are celebrating four parties	be_progressive	celebrating	parties	celebrate	party	0.603	none	USF:Cue_Target_Pairs.C:1356	yes	yes	yes	yes	yes	yes	
CAND_GRAM_001054	plus	candidate_pending_human_review			grammatical	1	They do not celebrate four parties	do_negation	celebrate	parties	celebrate	party	0.603	none	USF:Cue_Target_Pairs.C:1356	yes	yes	yes	yes	yes	yes	
CAND_GRAM_001055	plus	candidate_pending_human_review			grammatical	1	Every day they celebrate four parties	present_3s	celebrate	parties	celebrate	party	0.603	none	USF:Cue_Target_Pairs.C:1356	yes	yes	yes	yes	yes	yes	
CAND_GRAM_001056	plus	candidate_pending_human_review			grammatical	1	Last week they celebrated four parties	simple_past	celebrated	parties	celebrate	party	0.603	none	USF:Cue_Target_Pairs.C:1356	yes	yes	yes	yes	yes	yes	
CAND_GRAM_001057	plus	candidate_pending_human_review			grammatical	1	She is celebrating five parties	be_progressive	celebrating	parties	celebrate	party	0.603	none	USF:Cue_Target_Pairs.C:1356	yes	yes	yes	yes	yes	yes	
CAND_GRAM_001058	plus	candidate_pending_human_review			grammatical	1	She does not celebrate five parties	do_negation	celebrate	parties	celebrate	party	0.603	none	USF:Cue_Target_Pairs.C:1356	yes	yes	yes	yes	yes	yes	
CAND_GRAM_001059	plus	candidate_pending_human_review			grammatical	1	Every day she celebrates five parties	present_3s	celebrates	parties	celebrate	party	0.603	none	USF:Cue_Target_Pairs.C:1356	yes	yes	yes	yes	yes	yes	
CAND_GRAM_001060	plus	candidate_pending_human_review			grammatical	1	Last week she celebrated five parties	simple_past	celebrated	parties	celebrate	party	0.603	none	USF:Cue_Target_Pairs.C:1356	yes	yes	yes	yes	yes	yes	
CAND_GRAM_001061	plus	candidate_pending_human_review			grammatical	1	He is celebrating five parties	be_progressive	celebrating	parties	celebrate	party	0.603	none	USF:Cue_Target_Pairs.C:1356	yes	yes	yes	yes	yes	yes	
CAND_GRAM_001062	plus	candidate_pending_human_review			grammatical	1	He does not celebrate five parties	do_negation	celebrate	parties	celebrate	party	0.603	none	USF:Cue_Target_Pairs.C:1356	yes	yes	yes	yes	yes	yes	
CAND_GRAM_001063	plus	candidate_pending_human_review			grammatical	1	Every day he celebrates five parties	present_3s	celebrates	parties	celebrate	party	0.603	none	USF:Cue_Target_Pairs.C:1356	yes	yes	yes	yes	yes	yes	
CAND_GRAM_001064	plus	candidate_pending_human_review			grammatical	1	Last week he celebrated five parties	simple_past	celebrated	parties	celebrate	party	0.603	none	USF:Cue_Target_Pairs.C:1356	yes	yes	yes	yes	yes	yes	
CAND_GRAM_001065	plus	candidate_pending_human_review			grammatical	1	They are celebrating five parties	be_progressive	celebrating	parties	celebrate	party	0.603	none	USF:Cue_Target_Pairs.C:1356	yes	yes	yes	yes	yes	yes	
CAND_GRAM_001066	plus	candidate_pending_human_review			grammatical	1	They do not celebrate five parties	do_negation	celebrate	parties	celebrate	party	0.603	none	USF:Cue_Target_Pairs.C:1356	yes	yes	yes	yes	yes	yes	
CAND_GRAM_001067	plus	candidate_pending_human_review			grammatical	1	Every day they celebrate five parties	present_3s	celebrate	parties	celebrate	party	0.603	none	USF:Cue_Target_Pairs.C:1356	yes	yes	yes	yes	yes	yes	
CAND_GRAM_001068	plus	candidate_pending_human_review			grammatical	1	Last week they celebrated five parties	simple_past	celebrated	parties	celebrate	party	0.603	none	USF:Cue_Target_Pairs.C:1356	yes	yes	yes	yes	yes	yes	
CAND_GRAM_001069	plus	candidate_pending_human_review			grammatical	1	She is celebrating six parties	be_progressive	celebrating	parties	celebrate	party	0.603	none	USF:Cue_Target_Pairs.C:1356	yes	yes	yes	yes	yes	yes	
CAND_GRAM_001070	plus	candidate_pending_human_review			grammatical	1	She does not celebrate six parties	do_negation	celebrate	parties	celebrate	party	0.603	none	USF:Cue_Target_Pairs.C:1356	yes	yes	yes	yes	yes	yes	
CAND_GRAM_001071	plus	candidate_pending_human_review			grammatical	1	Every day she celebrates six parties	present_3s	celebrates	parties	celebrate	party	0.603	none	USF:Cue_Target_Pairs.C:1356	yes	yes	yes	yes	yes	yes	
CAND_GRAM_001072	plus	candidate_pending_human_review			grammatical	1	Last week she celebrated six parties	simple_past	celebrated	parties	celebrate	party	0.603	none	USF:Cue_Target_Pairs.C:1356	yes	yes	yes	yes	yes	yes	
CAND_GRAM_001073	plus	candidate_pending_human_review			grammatical	1	He is celebrating six parties	be_progressive	celebrating	parties	celebrate	party	0.603	none	USF:Cue_Target_Pairs.C:1356	yes	yes	yes	yes	yes	yes	
CAND_GRAM_001074	plus	candidate_pending_human_review			grammatical	1	He does not celebrate six parties	do_negation	celebrate	parties	celebrate	party	0.603	none	USF:Cue_Target_Pairs.C:1356	yes	yes	yes	yes	yes	yes	
CAND_GRAM_001075	plus	candidate_pending_human_review			grammatical	1	Every day he celebrates six parties	present_3s	celebrates	parties	celebrate	party	0.603	none	USF:Cue_Target_Pairs.C:1356	yes	yes	yes	yes	yes	yes	
CAND_GRAM_001076	plus	candidate_pending_human_review			grammatical	1	Last week he celebrated six parties	simple_past	celebrated	parties	celebrate	party	0.603	none	USF:Cue_Target_Pairs.C:1356	yes	yes	yes	yes	yes	yes	
CAND_GRAM_001077	plus	candidate_pending_human_review			grammatical	1	They are celebrating six parties	be_progressive	celebrating	parties	celebrate	party	0.603	none	USF:Cue_Target_Pairs.C:1356	yes	yes	yes	yes	yes	yes	
CAND_GRAM_001078	plus	candidate_pending_human_review			grammatical	1	They do not celebrate six parties	do_negation	celebrate	parties	celebrate	party	0.603	none	USF:Cue_Target_Pairs.C:1356	yes	yes	yes	yes	yes	yes	
CAND_GRAM_001079	plus	candidate_pending_human_review			grammatical	1	Every day they celebrate six parties	present_3s	celebrate	parties	celebrate	party	0.603	none	USF:Cue_Target_Pairs.C:1356	yes	yes	yes	yes	yes	yes	
CAND_GRAM_001080	plus	candidate_pending_human_review			grammatical	1	Last week they celebrated six parties	simple_past	celebrated	parties	celebrate	party	0.603	none	USF:Cue_Target_Pairs.C:1356	yes	yes	yes	yes	yes	yes	
CAND_GRAM_001081	plus	candidate_pending_human_review			grammatical	1	She is mixing one drink	be_progressive	mixing	drink	mix	drink	0.068	none	USF:Cue_Target_Pairs.L-O:5174	yes	yes	yes	yes	yes	yes	
CAND_GRAM_001082	plus	candidate_pending_human_review			grammatical	1	She does not mix one drink	do_negation	mix	drink	mix	drink	0.068	none	USF:Cue_Target_Pairs.L-O:5174	yes	yes	yes	yes	yes	yes	
CAND_GRAM_001083	plus	candidate_pending_human_review			grammatical	1	Every day she mixes one drink	present_3s	mixes	drink	mix	drink	0.068	none	USF:Cue_Target_Pairs.L-O:5174	yes	yes	yes	yes	yes	yes	
CAND_GRAM_001084	plus	candidate_pending_human_review			grammatical	1	Last week she mixed one drink	simple_past	mixed	drink	mix	drink	0.068	none	USF:Cue_Target_Pairs.L-O:5174	yes	yes	yes	yes	yes	yes	
CAND_GRAM_001085	plus	candidate_pending_human_review			grammatical	1	He is mixing one drink	be_progressive	mixing	drink	mix	drink	0.068	none	USF:Cue_Target_Pairs.L-O:5174	yes	yes	yes	yes	yes	yes	
CAND_GRAM_001086	plus	candidate_pending_human_review			grammatical	1	He does not mix one drink	do_negation	mix	drink	mix	drink	0.068	none	USF:Cue_Target_Pairs.L-O:5174	yes	yes	yes	yes	yes	yes	
CAND_GRAM_001087	plus	candidate_pending_human_review			grammatical	1	Every day he mixes one drink	present_3s	mixes	drink	mix	drink	0.068	none	USF:Cue_Target_Pairs.L-O:5174	yes	yes	yes	yes	yes	yes	
CAND_GRAM_001088	plus	candidate_pending_human_review			grammatical	1	Last week he mixed one drink	simple_past	mixed	drink	mix	drink	0.068	none	USF:Cue_Target_Pairs.L-O:5174	yes	yes	yes	yes	yes	yes	
CAND_GRAM_001089	plus	candidate_pending_human_review			grammatical	1	They are mixing one drink	be_progressive	mixing	drink	mix	drink	0.068	none	USF:Cue_Target_Pairs.L-O:5174	yes	yes	yes	yes	yes	yes	
CAND_GRAM_001090	plus	candidate_pending_human_review			grammatical	1	They do not mix one drink	do_negation	mix	drink	mix	drink	0.068	none	USF:Cue_Target_Pairs.L-O:5174	yes	yes	yes	yes	yes	yes	
CAND_GRAM_001091	plus	candidate_pending_human_review			grammatical	1	Every day they mix one drink	present_3s	mix	drink	mix	drink	0.068	none	USF:Cue_Target_Pairs.L-O:5174	yes	yes	yes	yes	yes	yes	
CAND_GRAM_001092	plus	candidate_pending_human_review			grammatical	1	Last week they mixed one drink	simple_past	mixed	drink	mix	drink	0.068	none	USF:Cue_Target_Pairs.L-O:5174	yes	yes	yes	yes	yes	yes	
CAND_GRAM_001093	plus	candidate_pending_human_review			grammatical	1	She is mixing two drinks	be_progressive	mixing	drinks	mix	drink	0.068	none	USF:Cue_Target_Pairs.L-O:5174	yes	yes	yes	yes	yes	yes	
CAND_GRAM_001094	plus	candidate_pending_human_review			grammatical	1	She does not mix two drinks	do_negation	mix	drinks	mix	drink	0.068	none	USF:Cue_Target_Pairs.L-O:5174	yes	yes	yes	yes	yes	yes	
CAND_GRAM_001095	plus	candidate_pending_human_review			grammatical	1	Every day she mixes two drinks	present_3s	mixes	drinks	mix	drink	0.068	none	USF:Cue_Target_Pairs.L-O:5174	yes	yes	yes	yes	yes	yes	
CAND_GRAM_001096	plus	candidate_pending_human_review			grammatical	1	Last week she mixed two drinks	simple_past	mixed	drinks	mix	drink	0.068	none	USF:Cue_Target_Pairs.L-O:5174	yes	yes	yes	yes	yes	yes	
CAND_GRAM_001097	plus	candidate_pending_human_review			grammatical	1	He is mixing two drinks	be_progressive	mixing	drinks	mix	drink	0.068	none	USF:Cue_Target_Pairs.L-O:5174	yes	yes	yes	yes	yes	yes	
CAND_GRAM_001098	plus	candidate_pending_human_review			grammatical	1	He does not mix two drinks	do_negation	mix	drinks	mix	drink	0.068	none	USF:Cue_Target_Pairs.L-O:5174	yes	yes	yes	yes	yes	yes	
CAND_GRAM_001099	plus	candidate_pending_human_review			grammatical	1	Every day he mixes two drinks	present_3s	mixes	drinks	mix	drink	0.068	none	USF:Cue_Target_Pairs.L-O:5174	yes	yes	yes	yes	yes	yes	
CAND_GRAM_001100	plus	candidate_pending_human_review			grammatical	1	Last week he mixed two drinks	simple_past	mixed	drinks	mix	drink	0.068	none	USF:Cue_Target_Pairs.L-O:5174	yes	yes	yes	yes	yes	yes	
CAND_GRAM_001101	plus	candidate_pending_human_review			grammatical	1	They are mixing two drinks	be_progressive	mixing	drinks	mix	drink	0.068	none	USF:Cue_Target_Pairs.L-O:5174	yes	yes	yes	yes	yes	yes	
CAND_GRAM_001102	plus	candidate_pending_human_review			grammatical	1	They do not mix two drinks	do_negation	mix	drinks	mix	drink	0.068	none	USF:Cue_Target_Pairs.L-O:5174	yes	yes	yes	yes	yes	yes	
CAND_GRAM_001103	plus	candidate_pending_human_review			grammatical	1	Every day they mix two drinks	present_3s	mix	drinks	mix	drink	0.068	none	USF:Cue_Target_Pairs.L-O:5174	yes	yes	yes	yes	yes	yes	
CAND_GRAM_001104	plus	candidate_pending_human_review			grammatical	1	Last week they mixed two drinks	simple_past	mixed	drinks	mix	drink	0.068	none	USF:Cue_Target_Pairs.L-O:5174	yes	yes	yes	yes	yes	yes	
CAND_GRAM_001105	plus	candidate_pending_human_review			grammatical	1	She is mixing three drinks	be_progressive	mixing	drinks	mix	drink	0.068	none	USF:Cue_Target_Pairs.L-O:5174	yes	yes	yes	yes	yes	yes	
CAND_GRAM_001106	plus	candidate_pending_human_review			grammatical	1	She does not mix three drinks	do_negation	mix	drinks	mix	drink	0.068	none	USF:Cue_Target_Pairs.L-O:5174	yes	yes	yes	yes	yes	yes	
CAND_GRAM_001107	plus	candidate_pending_human_review			grammatical	1	Every day she mixes three drinks	present_3s	mixes	drinks	mix	drink	0.068	none	USF:Cue_Target_Pairs.L-O:5174	yes	yes	yes	yes	yes	yes	
CAND_GRAM_001108	plus	candidate_pending_human_review			grammatical	1	Last week she mixed three drinks	simple_past	mixed	drinks	mix	drink	0.068	none	USF:Cue_Target_Pairs.L-O:5174	yes	yes	yes	yes	yes	yes	
CAND_GRAM_001109	plus	candidate_pending_human_review			grammatical	1	He is mixing three drinks	be_progressive	mixing	drinks	mix	drink	0.068	none	USF:Cue_Target_Pairs.L-O:5174	yes	yes	yes	yes	yes	yes	
CAND_GRAM_001110	plus	candidate_pending_human_review			grammatical	1	He does not mix three drinks	do_negation	mix	drinks	mix	drink	0.068	none	USF:Cue_Target_Pairs.L-O:5174	yes	yes	yes	yes	yes	yes	
CAND_GRAM_001111	plus	candidate_pending_human_review			grammatical	1	Every day he mixes three drinks	present_3s	mixes	drinks	mix	drink	0.068	none	USF:Cue_Target_Pairs.L-O:5174	yes	yes	yes	yes	yes	yes	
CAND_GRAM_001112	plus	candidate_pending_human_review			grammatical	1	Last week he mixed three drinks	simple_past	mixed	drinks	mix	drink	0.068	none	USF:Cue_Target_Pairs.L-O:5174	yes	yes	yes	yes	yes	yes	
CAND_GRAM_001113	plus	candidate_pending_human_review			grammatical	1	They are mixing three drinks	be_progressive	mixing	drinks	mix	drink	0.068	none	USF:Cue_Target_Pairs.L-O:5174	yes	yes	yes	yes	yes	yes	
CAND_GRAM_001114	plus	candidate_pending_human_review			grammatical	1	They do not mix three drinks	do_negation	mix	drinks	mix	drink	0.068	none	USF:Cue_Target_Pairs.L-O:5174	yes	yes	yes	yes	yes	yes	
CAND_GRAM_001115	plus	candidate_pending_human_review			grammatical	1	Every day they mix three drinks	present_3s	mix	drinks	mix	drink	0.068	none	USF:Cue_Target_Pairs.L-O:5174	yes	yes	yes	yes	yes	yes	
CAND_GRAM_001116	plus	candidate_pending_human_review			grammatical	1	Last week they mixed three drinks	simple_past	mixed	drinks	mix	drink	0.068	none	USF:Cue_Target_Pairs.L-O:5174	yes	yes	yes	yes	yes	yes	
CAND_GRAM_001117	plus	candidate_pending_human_review			grammatical	1	She is mixing four drinks	be_progressive	mixing	drinks	mix	drink	0.068	none	USF:Cue_Target_Pairs.L-O:5174	yes	yes	yes	yes	yes	yes	
CAND_GRAM_001118	plus	candidate_pending_human_review			grammatical	1	She does not mix four drinks	do_negation	mix	drinks	mix	drink	0.068	none	USF:Cue_Target_Pairs.L-O:5174	yes	yes	yes	yes	yes	yes	
CAND_GRAM_001119	plus	candidate_pending_human_review			grammatical	1	Every day she mixes four drinks	present_3s	mixes	drinks	mix	drink	0.068	none	USF:Cue_Target_Pairs.L-O:5174	yes	yes	yes	yes	yes	yes	
CAND_GRAM_001120	plus	candidate_pending_human_review			grammatical	1	Last week she mixed four drinks	simple_past	mixed	drinks	mix	drink	0.068	none	USF:Cue_Target_Pairs.L-O:5174	yes	yes	yes	yes	yes	yes	
CAND_GRAM_001121	plus	candidate_pending_human_review			grammatical	1	He is mixing four drinks	be_progressive	mixing	drinks	mix	drink	0.068	none	USF:Cue_Target_Pairs.L-O:5174	yes	yes	yes	yes	yes	yes	
CAND_GRAM_001122	plus	candidate_pending_human_review			grammatical	1	He does not mix four drinks	do_negation	mix	drinks	mix	drink	0.068	none	USF:Cue_Target_Pairs.L-O:5174	yes	yes	yes	yes	yes	yes	
CAND_GRAM_001123	plus	candidate_pending_human_review			grammatical	1	Every day he mixes four drinks	present_3s	mixes	drinks	mix	drink	0.068	none	USF:Cue_Target_Pairs.L-O:5174	yes	yes	yes	yes	yes	yes	
CAND_GRAM_001124	plus	candidate_pending_human_review			grammatical	1	Last week he mixed four drinks	simple_past	mixed	drinks	mix	drink	0.068	none	USF:Cue_Target_Pairs.L-O:5174	yes	yes	yes	yes	yes	yes	
CAND_GRAM_001125	plus	candidate_pending_human_review			grammatical	1	They are mixing four drinks	be_progressive	mixing	drinks	mix	drink	0.068	none	USF:Cue_Target_Pairs.L-O:5174	yes	yes	yes	yes	yes	yes	
CAND_GRAM_001126	plus	candidate_pending_human_review			grammatical	1	They do not mix four drinks	do_negation	mix	drinks	mix	drink	0.068	none	USF:Cue_Target_Pairs.L-O:5174	yes	yes	yes	yes	yes	yes	
CAND_GRAM_001127	plus	candidate_pending_human_review			grammatical	1	Every day they mix four drinks	present_3s	mix	drinks	mix	drink	0.068	none	USF:Cue_Target_Pairs.L-O:5174	yes	yes	yes	yes	yes	yes	
CAND_GRAM_001128	plus	candidate_pending_human_review			grammatical	1	Last week they mixed four drinks	simple_past	mixed	drinks	mix	drink	0.068	none	USF:Cue_Target_Pairs.L-O:5174	yes	yes	yes	yes	yes	yes	
CAND_GRAM_001129	plus	candidate_pending_human_review			grammatical	1	She is mixing five drinks	be_progressive	mixing	drinks	mix	drink	0.068	none	USF:Cue_Target_Pairs.L-O:5174	yes	yes	yes	yes	yes	yes	
CAND_GRAM_001130	plus	candidate_pending_human_review			grammatical	1	She does not mix five drinks	do_negation	mix	drinks	mix	drink	0.068	none	USF:Cue_Target_Pairs.L-O:5174	yes	yes	yes	yes	yes	yes	
CAND_GRAM_001131	plus	candidate_pending_human_review			grammatical	1	Every day she mixes five drinks	present_3s	mixes	drinks	mix	drink	0.068	none	USF:Cue_Target_Pairs.L-O:5174	yes	yes	yes	yes	yes	yes	
CAND_GRAM_001132	plus	candidate_pending_human_review			grammatical	1	Last week she mixed five drinks	simple_past	mixed	drinks	mix	drink	0.068	none	USF:Cue_Target_Pairs.L-O:5174	yes	yes	yes	yes	yes	yes	
CAND_GRAM_001133	plus	candidate_pending_human_review			grammatical	1	He is mixing five drinks	be_progressive	mixing	drinks	mix	drink	0.068	none	USF:Cue_Target_Pairs.L-O:5174	yes	yes	yes	yes	yes	yes	
CAND_GRAM_001134	plus	candidate_pending_human_review			grammatical	1	He does not mix five drinks	do_negation	mix	drinks	mix	drink	0.068	none	USF:Cue_Target_Pairs.L-O:5174	yes	yes	yes	yes	yes	yes	
CAND_GRAM_001135	plus	candidate_pending_human_review			grammatical	1	Every day he mixes five drinks	present_3s	mixes	drinks	mix	drink	0.068	none	USF:Cue_Target_Pairs.L-O:5174	yes	yes	yes	yes	yes	yes	
CAND_GRAM_001136	plus	candidate_pending_human_review			grammatical	1	Last week he mixed five drinks	simple_past	mixed	drinks	mix	drink	0.068	none	USF:Cue_Target_Pairs.L-O:5174	yes	yes	yes	yes	yes	yes	
CAND_GRAM_001137	plus	candidate_pending_human_review			grammatical	1	They are mixing five drinks	be_progressive	mixing	drinks	mix	drink	0.068	none	USF:Cue_Target_Pairs.L-O:5174	yes	yes	yes	yes	yes	yes	
CAND_GRAM_001138	plus	candidate_pending_human_review			grammatical	1	They do not mix five drinks	do_negation	mix	drinks	mix	drink	0.068	none	USF:Cue_Target_Pairs.L-O:5174	yes	yes	yes	yes	yes	yes	
CAND_GRAM_001139	plus	candidate_pending_human_review			grammatical	1	Every day they mix five drinks	present_3s	mix	drinks	mix	drink	0.068	none	USF:Cue_Target_Pairs.L-O:5174	yes	yes	yes	yes	yes	yes	
CAND_GRAM_001140	plus	candidate_pending_human_review			grammatical	1	Last week they mixed five drinks	simple_past	mixed	drinks	mix	drink	0.068	none	USF:Cue_Target_Pairs.L-O:5174	yes	yes	yes	yes	yes	yes	
CAND_GRAM_001141	plus	candidate_pending_human_review			grammatical	1	She is mixing six drinks	be_progressive	mixing	drinks	mix	drink	0.068	none	USF:Cue_Target_Pairs.L-O:5174	yes	yes	yes	yes	yes	yes	
CAND_GRAM_001142	plus	candidate_pending_human_review			grammatical	1	She does not mix six drinks	do_negation	mix	drinks	mix	drink	0.068	none	USF:Cue_Target_Pairs.L-O:5174	yes	yes	yes	yes	yes	yes	
CAND_GRAM_001143	plus	candidate_pending_human_review			grammatical	1	Every day she mixes six drinks	present_3s	mixes	drinks	mix	drink	0.068	none	USF:Cue_Target_Pairs.L-O:5174	yes	yes	yes	yes	yes	yes	
CAND_GRAM_001144	plus	candidate_pending_human_review			grammatical	1	Last week she mixed six drinks	simple_past	mixed	drinks	mix	drink	0.068	none	USF:Cue_Target_Pairs.L-O:5174	yes	yes	yes	yes	yes	yes	
CAND_GRAM_001145	plus	candidate_pending_human_review			grammatical	1	He is mixing six drinks	be_progressive	mixing	drinks	mix	drink	0.068	none	USF:Cue_Target_Pairs.L-O:5174	yes	yes	yes	yes	yes	yes	
CAND_GRAM_001146	plus	candidate_pending_human_review			grammatical	1	He does not mix six drinks	do_negation	mix	drinks	mix	drink	0.068	none	USF:Cue_Target_Pairs.L-O:5174	yes	yes	yes	yes	yes	yes	
CAND_GRAM_001147	plus	candidate_pending_human_review			grammatical	1	Every day he mixes six drinks	present_3s	mixes	drinks	mix	drink	0.068	none	USF:Cue_Target_Pairs.L-O:5174	yes	yes	yes	yes	yes	yes	
CAND_GRAM_001148	plus	candidate_pending_human_review			grammatical	1	Last week he mixed six drinks	simple_past	mixed	drinks	mix	drink	0.068	none	USF:Cue_Target_Pairs.L-O:5174	yes	yes	yes	yes	yes	yes	
CAND_GRAM_001149	plus	candidate_pending_human_review			grammatical	1	They are mixing six drinks	be_progressive	mixing	drinks	mix	drink	0.068	none	USF:Cue_Target_Pairs.L-O:5174	yes	yes	yes	yes	yes	yes	
CAND_GRAM_001150	plus	candidate_pending_human_review			grammatical	1	They do not mix six drinks	do_negation	mix	drinks	mix	drink	0.068	none	USF:Cue_Target_Pairs.L-O:5174	yes	yes	yes	yes	yes	yes	
CAND_GRAM_001151	plus	candidate_pending_human_review			grammatical	1	Every day they mix six drinks	present_3s	mix	drinks	mix	drink	0.068	none	USF:Cue_Target_Pairs.L-O:5174	yes	yes	yes	yes	yes	yes	
CAND_GRAM_001152	plus	candidate_pending_human_review			grammatical	1	Last week they mixed six drinks	simple_past	mixed	drinks	mix	drink	0.068	none	USF:Cue_Target_Pairs.L-O:5174	yes	yes	yes	yes	yes	yes	
CAND_GRAM_001153	plus	candidate_pending_human_review			grammatical	1	She is throwing one ball	be_progressive	throwing	ball	throw	ball	0.234	none	USF:Cue_Target_Pairs.T-Z:1707	yes	yes	yes	yes	yes	yes	
CAND_GRAM_001154	plus	candidate_pending_human_review			grammatical	1	She does not throw one ball	do_negation	throw	ball	throw	ball	0.234	none	USF:Cue_Target_Pairs.T-Z:1707	yes	yes	yes	yes	yes	yes	
CAND_GRAM_001155	plus	candidate_pending_human_review			grammatical	1	Every day she throws one ball	present_3s	throws	ball	throw	ball	0.234	none	USF:Cue_Target_Pairs.T-Z:1707	yes	yes	yes	yes	yes	yes	
CAND_GRAM_001156	plus	candidate_pending_human_review			grammatical	1	Last week she threw one ball	simple_past	threw	ball	throw	ball	0.234	none	USF:Cue_Target_Pairs.T-Z:1707	yes	yes	yes	yes	yes	yes	
CAND_GRAM_001157	plus	candidate_pending_human_review			grammatical	1	He is throwing one ball	be_progressive	throwing	ball	throw	ball	0.234	none	USF:Cue_Target_Pairs.T-Z:1707	yes	yes	yes	yes	yes	yes	
CAND_GRAM_001158	plus	candidate_pending_human_review			grammatical	1	He does not throw one ball	do_negation	throw	ball	throw	ball	0.234	none	USF:Cue_Target_Pairs.T-Z:1707	yes	yes	yes	yes	yes	yes	
CAND_GRAM_001159	plus	candidate_pending_human_review			grammatical	1	Every day he throws one ball	present_3s	throws	ball	throw	ball	0.234	none	USF:Cue_Target_Pairs.T-Z:1707	yes	yes	yes	yes	yes	yes	
CAND_GRAM_001160	plus	candidate_pending_human_review			grammatical	1	Last week he threw one ball	simple_past	threw	ball	throw	ball	0.234	none	USF:Cue_Target_Pairs.T-Z:1707	yes	yes	yes	yes	yes	yes	
CAND_GRAM_001161	plus	candidate_pending_human_review			grammatical	1	They are throwing one ball	be_progressive	throwing	ball	throw	ball	0.234	none	USF:Cue_Target_Pairs.T-Z:1707	yes	yes	yes	yes	yes	yes	
CAND_GRAM_001162	plus	candidate_pending_human_review			grammatical	1	They do not throw one ball	do_negation	throw	ball	throw	ball	0.234	none	USF:Cue_Target_Pairs.T-Z:1707	yes	yes	yes	yes	yes	yes	
CAND_GRAM_001163	plus	candidate_pending_human_review			grammatical	1	Every day they throw one ball	present_3s	throw	ball	throw	ball	0.234	none	USF:Cue_Target_Pairs.T-Z:1707	yes	yes	yes	yes	yes	yes	
CAND_GRAM_001164	plus	candidate_pending_human_review			grammatical	1	Last week they threw one ball	simple_past	threw	ball	throw	ball	0.234	none	USF:Cue_Target_Pairs.T-Z:1707	yes	yes	yes	yes	yes	yes	
CAND_GRAM_001165	plus	candidate_pending_human_review			grammatical	1	She is throwing two balls	be_progressive	throwing	balls	throw	ball	0.234	none	USF:Cue_Target_Pairs.T-Z:1707	yes	yes	yes	yes	yes	yes	
CAND_GRAM_001166	plus	candidate_pending_human_review			grammatical	1	She does not throw two balls	do_negation	throw	balls	throw	ball	0.234	none	USF:Cue_Target_Pairs.T-Z:1707	yes	yes	yes	yes	yes	yes	
CAND_GRAM_001167	plus	candidate_pending_human_review			grammatical	1	Every day she throws two balls	present_3s	throws	balls	throw	ball	0.234	none	USF:Cue_Target_Pairs.T-Z:1707	yes	yes	yes	yes	yes	yes	
CAND_GRAM_001168	plus	candidate_pending_human_review			grammatical	1	Last week she threw two balls	simple_past	threw	balls	throw	ball	0.234	none	USF:Cue_Target_Pairs.T-Z:1707	yes	yes	yes	yes	yes	yes	
CAND_GRAM_001169	plus	candidate_pending_human_review			grammatical	1	He is throwing two balls	be_progressive	throwing	balls	throw	ball	0.234	none	USF:Cue_Target_Pairs.T-Z:1707	yes	yes	yes	yes	yes	yes	
CAND_GRAM_001170	plus	candidate_pending_human_review			grammatical	1	He does not throw two balls	do_negation	throw	balls	throw	ball	0.234	none	USF:Cue_Target_Pairs.T-Z:1707	yes	yes	yes	yes	yes	yes	
CAND_GRAM_001171	plus	candidate_pending_human_review			grammatical	1	Every day he throws two balls	present_3s	throws	balls	throw	ball	0.234	none	USF:Cue_Target_Pairs.T-Z:1707	yes	yes	yes	yes	yes	yes	
CAND_GRAM_001172	plus	candidate_pending_human_review			grammatical	1	Last week he threw two balls	simple_past	threw	balls	throw	ball	0.234	none	USF:Cue_Target_Pairs.T-Z:1707	yes	yes	yes	yes	yes	yes	
CAND_GRAM_001173	plus	candidate_pending_human_review			grammatical	1	They are throwing two balls	be_progressive	throwing	balls	throw	ball	0.234	none	USF:Cue_Target_Pairs.T-Z:1707	yes	yes	yes	yes	yes	yes	
CAND_GRAM_001174	plus	candidate_pending_human_review			grammatical	1	They do not throw two balls	do_negation	throw	balls	throw	ball	0.234	none	USF:Cue_Target_Pairs.T-Z:1707	yes	yes	yes	yes	yes	yes	
CAND_GRAM_001175	plus	candidate_pending_human_review			grammatical	1	Every day they throw two balls	present_3s	throw	balls	throw	ball	0.234	none	USF:Cue_Target_Pairs.T-Z:1707	yes	yes	yes	yes	yes	yes	
CAND_GRAM_001176	plus	candidate_pending_human_review			grammatical	1	Last week they threw two balls	simple_past	threw	balls	throw	ball	0.234	none	USF:Cue_Target_Pairs.T-Z:1707	yes	yes	yes	yes	yes	yes	
CAND_GRAM_001177	plus	candidate_pending_human_review			grammatical	1	She is throwing three balls	be_progressive	throwing	balls	throw	ball	0.234	none	USF:Cue_Target_Pairs.T-Z:1707	yes	yes	yes	yes	yes	yes	
CAND_GRAM_001178	plus	candidate_pending_human_review			grammatical	1	She does not throw three balls	do_negation	throw	balls	throw	ball	0.234	none	USF:Cue_Target_Pairs.T-Z:1707	yes	yes	yes	yes	yes	yes	
CAND_GRAM_001179	plus	candidate_pending_human_review			grammatical	1	Every day she throws three balls	present_3s	throws	balls	throw	ball	0.234	none	USF:Cue_Target_Pairs.T-Z:1707	yes	yes	yes	yes	yes	yes	
CAND_GRAM_001180	plus	candidate_pending_human_review			grammatical	1	Last week she threw three balls	simple_past	threw	balls	throw	ball	0.234	none	USF:Cue_Target_Pairs.T-Z:1707	yes	yes	yes	yes	yes	yes	
CAND_GRAM_001181	plus	candidate_pending_human_review			grammatical	1	He is throwing three balls	be_progressive	throwing	balls	throw	ball	0.234	none	USF:Cue_Target_Pairs.T-Z:1707	yes	yes	yes	yes	yes	yes	
CAND_GRAM_001182	plus	candidate_pending_human_review			grammatical	1	He does not throw three balls	do_negation	throw	balls	throw	ball	0.234	none	USF:Cue_Target_Pairs.T-Z:1707	yes	yes	yes	yes	yes	yes	
CAND_GRAM_001183	plus	candidate_pending_human_review			grammatical	1	Every day he throws three balls	present_3s	throws	balls	throw	ball	0.234	none	USF:Cue_Target_Pairs.T-Z:1707	yes	yes	yes	yes	yes	yes	
CAND_GRAM_001184	plus	candidate_pending_human_review			grammatical	1	Last week he threw three balls	simple_past	threw	balls	throw	ball	0.234	none	USF:Cue_Target_Pairs.T-Z:1707	yes	yes	yes	yes	yes	yes	
CAND_GRAM_001185	plus	candidate_pending_human_review			grammatical	1	They are throwing three balls	be_progressive	throwing	balls	throw	ball	0.234	none	USF:Cue_Target_Pairs.T-Z:1707	yes	yes	yes	yes	yes	yes	
CAND_GRAM_001186	plus	candidate_pending_human_review			grammatical	1	They do not throw three balls	do_negation	throw	balls	throw	ball	0.234	none	USF:Cue_Target_Pairs.T-Z:1707	yes	yes	yes	yes	yes	yes	
CAND_GRAM_001187	plus	candidate_pending_human_review			grammatical	1	Every day they throw three balls	present_3s	throw	balls	throw	ball	0.234	none	USF:Cue_Target_Pairs.T-Z:1707	yes	yes	yes	yes	yes	yes	
CAND_GRAM_001188	plus	candidate_pending_human_review			grammatical	1	Last week they threw three balls	simple_past	threw	balls	throw	ball	0.234	none	USF:Cue_Target_Pairs.T-Z:1707	yes	yes	yes	yes	yes	yes	
CAND_GRAM_001189	plus	candidate_pending_human_review			grammatical	1	She is throwing four balls	be_progressive	throwing	balls	throw	ball	0.234	none	USF:Cue_Target_Pairs.T-Z:1707	yes	yes	yes	yes	yes	yes	
CAND_GRAM_001190	plus	candidate_pending_human_review			grammatical	1	She does not throw four balls	do_negation	throw	balls	throw	ball	0.234	none	USF:Cue_Target_Pairs.T-Z:1707	yes	yes	yes	yes	yes	yes	
CAND_GRAM_001191	plus	candidate_pending_human_review			grammatical	1	Every day she throws four balls	present_3s	throws	balls	throw	ball	0.234	none	USF:Cue_Target_Pairs.T-Z:1707	yes	yes	yes	yes	yes	yes	
CAND_GRAM_001192	plus	candidate_pending_human_review			grammatical	1	Last week she threw four balls	simple_past	threw	balls	throw	ball	0.234	none	USF:Cue_Target_Pairs.T-Z:1707	yes	yes	yes	yes	yes	yes	
CAND_GRAM_001193	plus	candidate_pending_human_review			grammatical	1	He is throwing four balls	be_progressive	throwing	balls	throw	ball	0.234	none	USF:Cue_Target_Pairs.T-Z:1707	yes	yes	yes	yes	yes	yes	
CAND_GRAM_001194	plus	candidate_pending_human_review			grammatical	1	He does not throw four balls	do_negation	throw	balls	throw	ball	0.234	none	USF:Cue_Target_Pairs.T-Z:1707	yes	yes	yes	yes	yes	yes	
CAND_GRAM_001195	plus	candidate_pending_human_review			grammatical	1	Every day he throws four balls	present_3s	throws	balls	throw	ball	0.234	none	USF:Cue_Target_Pairs.T-Z:1707	yes	yes	yes	yes	yes	yes	
CAND_GRAM_001196	plus	candidate_pending_human_review			grammatical	1	Last week he threw four balls	simple_past	threw	balls	throw	ball	0.234	none	USF:Cue_Target_Pairs.T-Z:1707	yes	yes	yes	yes	yes	yes	
CAND_GRAM_001197	plus	candidate_pending_human_review			grammatical	1	They are throwing four balls	be_progressive	throwing	balls	throw	ball	0.234	none	USF:Cue_Target_Pairs.T-Z:1707	yes	yes	yes	yes	yes	yes	
CAND_GRAM_001198	plus	candidate_pending_human_review			grammatical	1	They do not throw four balls	do_negation	throw	balls	throw	ball	0.234	none	USF:Cue_Target_Pairs.T-Z:1707	yes	yes	yes	yes	yes	yes	
CAND_GRAM_001199	plus	candidate_pending_human_review			grammatical	1	Every day they throw four balls	present_3s	throw	balls	throw	ball	0.234	none	USF:Cue_Target_Pairs.T-Z:1707	yes	yes	yes	yes	yes	yes	
CAND_GRAM_001200	plus	candidate_pending_human_review			grammatical	1	Last week they threw four balls	simple_past	threw	balls	throw	ball	0.234	none	USF:Cue_Target_Pairs.T-Z:1707	yes	yes	yes	yes	yes	yes	
CAND_GRAM_001201	plus	candidate_pending_human_review			grammatical	1	She is throwing five balls	be_progressive	throwing	balls	throw	ball	0.234	none	USF:Cue_Target_Pairs.T-Z:1707	yes	yes	yes	yes	yes	yes	
CAND_GRAM_001202	plus	candidate_pending_human_review			grammatical	1	She does not throw five balls	do_negation	throw	balls	throw	ball	0.234	none	USF:Cue_Target_Pairs.T-Z:1707	yes	yes	yes	yes	yes	yes	
CAND_GRAM_001203	plus	candidate_pending_human_review			grammatical	1	Every day she throws five balls	present_3s	throws	balls	throw	ball	0.234	none	USF:Cue_Target_Pairs.T-Z:1707	yes	yes	yes	yes	yes	yes	
CAND_GRAM_001204	plus	candidate_pending_human_review			grammatical	1	Last week she threw five balls	simple_past	threw	balls	throw	ball	0.234	none	USF:Cue_Target_Pairs.T-Z:1707	yes	yes	yes	yes	yes	yes	
CAND_GRAM_001205	plus	candidate_pending_human_review			grammatical	1	He is throwing five balls	be_progressive	throwing	balls	throw	ball	0.234	none	USF:Cue_Target_Pairs.T-Z:1707	yes	yes	yes	yes	yes	yes	
CAND_GRAM_001206	plus	candidate_pending_human_review			grammatical	1	He does not throw five balls	do_negation	throw	balls	throw	ball	0.234	none	USF:Cue_Target_Pairs.T-Z:1707	yes	yes	yes	yes	yes	yes	
CAND_GRAM_001207	plus	candidate_pending_human_review			grammatical	1	Every day he throws five balls	present_3s	throws	balls	throw	ball	0.234	none	USF:Cue_Target_Pairs.T-Z:1707	yes	yes	yes	yes	yes	yes	
CAND_GRAM_001208	plus	candidate_pending_human_review			grammatical	1	Last week he threw five balls	simple_past	threw	balls	throw	ball	0.234	none	USF:Cue_Target_Pairs.T-Z:1707	yes	yes	yes	yes	yes	yes	
CAND_GRAM_001209	plus	candidate_pending_human_review			grammatical	1	They are throwing five balls	be_progressive	throwing	balls	throw	ball	0.234	none	USF:Cue_Target_Pairs.T-Z:1707	yes	yes	yes	yes	yes	yes	
CAND_GRAM_001210	plus	candidate_pending_human_review			grammatical	1	They do not throw five balls	do_negation	throw	balls	throw	ball	0.234	none	USF:Cue_Target_Pairs.T-Z:1707	yes	yes	yes	yes	yes	yes	
CAND_GRAM_001211	plus	candidate_pending_human_review			grammatical	1	Every day they throw five balls	present_3s	throw	balls	throw	ball	0.234	none	USF:Cue_Target_Pairs.T-Z:1707	yes	yes	yes	yes	yes	yes	
CAND_GRAM_001212	plus	candidate_pending_human_review			grammatical	1	Last week they threw five balls	simple_past	threw	balls	throw	ball	0.234	none	USF:Cue_Target_Pairs.T-Z:1707	yes	yes	yes	yes	yes	yes	
CAND_GRAM_001213	plus	candidate_pending_human_review			grammatical	1	She is throwing six balls	be_progressive	throwing	balls	throw	ball	0.234	none	USF:Cue_Target_Pairs.T-Z:1707	yes	yes	yes	yes	yes	yes	
CAND_GRAM_001214	plus	candidate_pending_human_review			grammatical	1	She does not throw six balls	do_negation	throw	balls	throw	ball	0.234	none	USF:Cue_Target_Pairs.T-Z:1707	yes	yes	yes	yes	yes	yes	
CAND_GRAM_001215	plus	candidate_pending_human_review			grammatical	1	Every day she throws six balls	present_3s	throws	balls	throw	ball	0.234	none	USF:Cue_Target_Pairs.T-Z:1707	yes	yes	yes	yes	yes	yes	
CAND_GRAM_001216	plus	candidate_pending_human_review			grammatical	1	Last week she threw six balls	simple_past	threw	balls	throw	ball	0.234	none	USF:Cue_Target_Pairs.T-Z:1707	yes	yes	yes	yes	yes	yes	
CAND_GRAM_001217	plus	candidate_pending_human_review			grammatical	1	He is throwing six balls	be_progressive	throwing	balls	throw	ball	0.234	none	USF:Cue_Target_Pairs.T-Z:1707	yes	yes	yes	yes	yes	yes	
CAND_GRAM_001218	plus	candidate_pending_human_review			grammatical	1	He does not throw six balls	do_negation	throw	balls	throw	ball	0.234	none	USF:Cue_Target_Pairs.T-Z:1707	yes	yes	yes	yes	yes	yes	
CAND_GRAM_001219	plus	candidate_pending_human_review			grammatical	1	Every day he throws six balls	present_3s	throws	balls	throw	ball	0.234	none	USF:Cue_Target_Pairs.T-Z:1707	yes	yes	yes	yes	yes	yes	
CAND_GRAM_001220	plus	candidate_pending_human_review			grammatical	1	Last week he threw six balls	simple_past	threw	balls	throw	ball	0.234	none	USF:Cue_Target_Pairs.T-Z:1707	yes	yes	yes	yes	yes	yes	
CAND_GRAM_001221	plus	candidate_pending_human_review			grammatical	1	They are throwing six balls	be_progressive	throwing	balls	throw	ball	0.234	none	USF:Cue_Target_Pairs.T-Z:1707	yes	yes	yes	yes	yes	yes	
CAND_GRAM_001222	plus	candidate_pending_human_review			grammatical	1	They do not throw six balls	do_negation	throw	balls	throw	ball	0.234	none	USF:Cue_Target_Pairs.T-Z:1707	yes	yes	yes	yes	yes	yes	
CAND_GRAM_001223	plus	candidate_pending_human_review			grammatical	1	Every day they throw six balls	present_3s	throw	balls	throw	ball	0.234	none	USF:Cue_Target_Pairs.T-Z:1707	yes	yes	yes	yes	yes	yes	
CAND_GRAM_001224	plus	candidate_pending_human_review			grammatical	1	Last week they threw six balls	simple_past	threw	balls	throw	ball	0.234	none	USF:Cue_Target_Pairs.T-Z:1707	yes	yes	yes	yes	yes	yes	
CAND_GRAM_001225	plus	candidate_pending_human_review			grammatical	1	She is launching one rocket	be_progressive	launching	rocket	launch	rocket	0.311	none	USF:Cue_Target_Pairs.L-O:401	yes	yes	yes	yes	yes	yes	
CAND_GRAM_001226	plus	candidate_pending_human_review			grammatical	1	She does not launch one rocket	do_negation	launch	rocket	launch	rocket	0.311	none	USF:Cue_Target_Pairs.L-O:401	yes	yes	yes	yes	yes	yes	
CAND_GRAM_001227	plus	candidate_pending_human_review			grammatical	1	Every day she launches one rocket	present_3s	launches	rocket	launch	rocket	0.311	none	USF:Cue_Target_Pairs.L-O:401	yes	yes	yes	yes	yes	yes	
CAND_GRAM_001228	plus	candidate_pending_human_review			grammatical	1	Last week she launched one rocket	simple_past	launched	rocket	launch	rocket	0.311	none	USF:Cue_Target_Pairs.L-O:401	yes	yes	yes	yes	yes	yes	
CAND_GRAM_001229	plus	candidate_pending_human_review			grammatical	1	He is launching one rocket	be_progressive	launching	rocket	launch	rocket	0.311	none	USF:Cue_Target_Pairs.L-O:401	yes	yes	yes	yes	yes	yes	
CAND_GRAM_001230	plus	candidate_pending_human_review			grammatical	1	He does not launch one rocket	do_negation	launch	rocket	launch	rocket	0.311	none	USF:Cue_Target_Pairs.L-O:401	yes	yes	yes	yes	yes	yes	
CAND_GRAM_001231	plus	candidate_pending_human_review			grammatical	1	Every day he launches one rocket	present_3s	launches	rocket	launch	rocket	0.311	none	USF:Cue_Target_Pairs.L-O:401	yes	yes	yes	yes	yes	yes	
CAND_GRAM_001232	plus	candidate_pending_human_review			grammatical	1	Last week he launched one rocket	simple_past	launched	rocket	launch	rocket	0.311	none	USF:Cue_Target_Pairs.L-O:401	yes	yes	yes	yes	yes	yes	
CAND_GRAM_001233	plus	candidate_pending_human_review			grammatical	1	They are launching one rocket	be_progressive	launching	rocket	launch	rocket	0.311	none	USF:Cue_Target_Pairs.L-O:401	yes	yes	yes	yes	yes	yes	
CAND_GRAM_001234	plus	candidate_pending_human_review			grammatical	1	They do not launch one rocket	do_negation	launch	rocket	launch	rocket	0.311	none	USF:Cue_Target_Pairs.L-O:401	yes	yes	yes	yes	yes	yes	
CAND_GRAM_001235	plus	candidate_pending_human_review			grammatical	1	Every day they launch one rocket	present_3s	launch	rocket	launch	rocket	0.311	none	USF:Cue_Target_Pairs.L-O:401	yes	yes	yes	yes	yes	yes	
CAND_GRAM_001236	plus	candidate_pending_human_review			grammatical	1	Last week they launched one rocket	simple_past	launched	rocket	launch	rocket	0.311	none	USF:Cue_Target_Pairs.L-O:401	yes	yes	yes	yes	yes	yes	
CAND_GRAM_001237	plus	candidate_pending_human_review			grammatical	1	She is launching two rockets	be_progressive	launching	rockets	launch	rocket	0.311	none	USF:Cue_Target_Pairs.L-O:401	yes	yes	yes	yes	yes	yes	
CAND_GRAM_001238	plus	candidate_pending_human_review			grammatical	1	She does not launch two rockets	do_negation	launch	rockets	launch	rocket	0.311	none	USF:Cue_Target_Pairs.L-O:401	yes	yes	yes	yes	yes	yes	
CAND_GRAM_001239	plus	candidate_pending_human_review			grammatical	1	Every day she launches two rockets	present_3s	launches	rockets	launch	rocket	0.311	none	USF:Cue_Target_Pairs.L-O:401	yes	yes	yes	yes	yes	yes	
CAND_GRAM_001240	plus	candidate_pending_human_review			grammatical	1	Last week she launched two rockets	simple_past	launched	rockets	launch	rocket	0.311	none	USF:Cue_Target_Pairs.L-O:401	yes	yes	yes	yes	yes	yes	
CAND_GRAM_001241	plus	candidate_pending_human_review			grammatical	1	He is launching two rockets	be_progressive	launching	rockets	launch	rocket	0.311	none	USF:Cue_Target_Pairs.L-O:401	yes	yes	yes	yes	yes	yes	
CAND_GRAM_001242	plus	candidate_pending_human_review			grammatical	1	He does not launch two rockets	do_negation	launch	rockets	launch	rocket	0.311	none	USF:Cue_Target_Pairs.L-O:401	yes	yes	yes	yes	yes	yes	
CAND_GRAM_001243	plus	candidate_pending_human_review			grammatical	1	Every day he launches two rockets	present_3s	launches	rockets	launch	rocket	0.311	none	USF:Cue_Target_Pairs.L-O:401	yes	yes	yes	yes	yes	yes	
CAND_GRAM_001244	plus	candidate_pending_human_review			grammatical	1	Last week he launched two rockets	simple_past	launched	rockets	launch	rocket	0.311	none	USF:Cue_Target_Pairs.L-O:401	yes	yes	yes	yes	yes	yes	
CAND_GRAM_001245	plus	candidate_pending_human_review			grammatical	1	They are launching two rockets	be_progressive	launching	rockets	launch	rocket	0.311	none	USF:Cue_Target_Pairs.L-O:401	yes	yes	yes	yes	yes	yes	
CAND_GRAM_001246	plus	candidate_pending_human_review			grammatical	1	They do not launch two rockets	do_negation	launch	rockets	launch	rocket	0.311	none	USF:Cue_Target_Pairs.L-O:401	yes	yes	yes	yes	yes	yes	
CAND_GRAM_001247	plus	candidate_pending_human_review			grammatical	1	Every day they launch two rockets	present_3s	launch	rockets	launch	rocket	0.311	none	USF:Cue_Target_Pairs.L-O:401	yes	yes	yes	yes	yes	yes	
CAND_GRAM_001248	plus	candidate_pending_human_review			grammatical	1	Last week they launched two rockets	simple_past	launched	rockets	launch	rocket	0.311	none	USF:Cue_Target_Pairs.L-O:401	yes	yes	yes	yes	yes	yes	
CAND_GRAM_001249	plus	candidate_pending_human_review			grammatical	1	She is launching three rockets	be_progressive	launching	rockets	launch	rocket	0.311	none	USF:Cue_Target_Pairs.L-O:401	yes	yes	yes	yes	yes	yes	
CAND_GRAM_001250	plus	candidate_pending_human_review			grammatical	1	She does not launch three rockets	do_negation	launch	rockets	launch	rocket	0.311	none	USF:Cue_Target_Pairs.L-O:401	yes	yes	yes	yes	yes	yes	
CAND_GRAM_001251	plus	candidate_pending_human_review			grammatical	1	Every day she launches three rockets	present_3s	launches	rockets	launch	rocket	0.311	none	USF:Cue_Target_Pairs.L-O:401	yes	yes	yes	yes	yes	yes	
CAND_GRAM_001252	plus	candidate_pending_human_review			grammatical	1	Last week she launched three rockets	simple_past	launched	rockets	launch	rocket	0.311	none	USF:Cue_Target_Pairs.L-O:401	yes	yes	yes	yes	yes	yes	
CAND_GRAM_001253	plus	candidate_pending_human_review			grammatical	1	He is launching three rockets	be_progressive	launching	rockets	launch	rocket	0.311	none	USF:Cue_Target_Pairs.L-O:401	yes	yes	yes	yes	yes	yes	
CAND_GRAM_001254	plus	candidate_pending_human_review			grammatical	1	He does not launch three rockets	do_negation	launch	rockets	launch	rocket	0.311	none	USF:Cue_Target_Pairs.L-O:401	yes	yes	yes	yes	yes	yes	
CAND_GRAM_001255	plus	candidate_pending_human_review			grammatical	1	Every day he launches three rockets	present_3s	launches	rockets	launch	rocket	0.311	none	USF:Cue_Target_Pairs.L-O:401	yes	yes	yes	yes	yes	yes	
CAND_GRAM_001256	plus	candidate_pending_human_review			grammatical	1	Last week he launched three rockets	simple_past	launched	rockets	launch	rocket	0.311	none	USF:Cue_Target_Pairs.L-O:401	yes	yes	yes	yes	yes	yes	
CAND_GRAM_001257	plus	candidate_pending_human_review			grammatical	1	They are launching three rockets	be_progressive	launching	rockets	launch	rocket	0.311	none	USF:Cue_Target_Pairs.L-O:401	yes	yes	yes	yes	yes	yes	
CAND_GRAM_001258	plus	candidate_pending_human_review			grammatical	1	They do not launch three rockets	do_negation	launch	rockets	launch	rocket	0.311	none	USF:Cue_Target_Pairs.L-O:401	yes	yes	yes	yes	yes	yes	
CAND_GRAM_001259	plus	candidate_pending_human_review			grammatical	1	Every day they launch three rockets	present_3s	launch	rockets	launch	rocket	0.311	none	USF:Cue_Target_Pairs.L-O:401	yes	yes	yes	yes	yes	yes	
CAND_GRAM_001260	plus	candidate_pending_human_review			grammatical	1	Last week they launched three rockets	simple_past	launched	rockets	launch	rocket	0.311	none	USF:Cue_Target_Pairs.L-O:401	yes	yes	yes	yes	yes	yes	
CAND_GRAM_001261	plus	candidate_pending_human_review			grammatical	1	She is launching four rockets	be_progressive	launching	rockets	launch	rocket	0.311	none	USF:Cue_Target_Pairs.L-O:401	yes	yes	yes	yes	yes	yes	
CAND_GRAM_001262	plus	candidate_pending_human_review			grammatical	1	She does not launch four rockets	do_negation	launch	rockets	launch	rocket	0.311	none	USF:Cue_Target_Pairs.L-O:401	yes	yes	yes	yes	yes	yes	
CAND_GRAM_001263	plus	candidate_pending_human_review			grammatical	1	Every day she launches four rockets	present_3s	launches	rockets	launch	rocket	0.311	none	USF:Cue_Target_Pairs.L-O:401	yes	yes	yes	yes	yes	yes	
CAND_GRAM_001264	plus	candidate_pending_human_review			grammatical	1	Last week she launched four rockets	simple_past	launched	rockets	launch	rocket	0.311	none	USF:Cue_Target_Pairs.L-O:401	yes	yes	yes	yes	yes	yes	
CAND_GRAM_001265	plus	candidate_pending_human_review			grammatical	1	He is launching four rockets	be_progressive	launching	rockets	launch	rocket	0.311	none	USF:Cue_Target_Pairs.L-O:401	yes	yes	yes	yes	yes	yes	
CAND_GRAM_001266	plus	candidate_pending_human_review			grammatical	1	He does not launch four rockets	do_negation	launch	rockets	launch	rocket	0.311	none	USF:Cue_Target_Pairs.L-O:401	yes	yes	yes	yes	yes	yes	
CAND_GRAM_001267	plus	candidate_pending_human_review			grammatical	1	Every day he launches four rockets	present_3s	launches	rockets	launch	rocket	0.311	none	USF:Cue_Target_Pairs.L-O:401	yes	yes	yes	yes	yes	yes	
CAND_GRAM_001268	plus	candidate_pending_human_review			grammatical	1	Last week he launched four rockets	simple_past	launched	rockets	launch	rocket	0.311	none	USF:Cue_Target_Pairs.L-O:401	yes	yes	yes	yes	yes	yes	
CAND_GRAM_001269	plus	candidate_pending_human_review			grammatical	1	They are launching four rockets	be_progressive	launching	rockets	launch	rocket	0.311	none	USF:Cue_Target_Pairs.L-O:401	yes	yes	yes	yes	yes	yes	
CAND_GRAM_001270	plus	candidate_pending_human_review			grammatical	1	They do not launch four rockets	do_negation	launch	rockets	launch	rocket	0.311	none	USF:Cue_Target_Pairs.L-O:401	yes	yes	yes	yes	yes	yes	
CAND_GRAM_001271	plus	candidate_pending_human_review			grammatical	1	Every day they launch four rockets	present_3s	launch	rockets	launch	rocket	0.311	none	USF:Cue_Target_Pairs.L-O:401	yes	yes	yes	yes	yes	yes	
CAND_GRAM_001272	plus	candidate_pending_human_review			grammatical	1	Last week they launched four rockets	simple_past	launched	rockets	launch	rocket	0.311	none	USF:Cue_Target_Pairs.L-O:401	yes	yes	yes	yes	yes	yes	
CAND_GRAM_001273	plus	candidate_pending_human_review			grammatical	1	She is launching five rockets	be_progressive	launching	rockets	launch	rocket	0.311	none	USF:Cue_Target_Pairs.L-O:401	yes	yes	yes	yes	yes	yes	
CAND_GRAM_001274	plus	candidate_pending_human_review			grammatical	1	She does not launch five rockets	do_negation	launch	rockets	launch	rocket	0.311	none	USF:Cue_Target_Pairs.L-O:401	yes	yes	yes	yes	yes	yes	
CAND_GRAM_001275	plus	candidate_pending_human_review			grammatical	1	Every day she launches five rockets	present_3s	launches	rockets	launch	rocket	0.311	none	USF:Cue_Target_Pairs.L-O:401	yes	yes	yes	yes	yes	yes	
CAND_GRAM_001276	plus	candidate_pending_human_review			grammatical	1	Last week she launched five rockets	simple_past	launched	rockets	launch	rocket	0.311	none	USF:Cue_Target_Pairs.L-O:401	yes	yes	yes	yes	yes	yes	
CAND_GRAM_001277	plus	candidate_pending_human_review			grammatical	1	He is launching five rockets	be_progressive	launching	rockets	launch	rocket	0.311	none	USF:Cue_Target_Pairs.L-O:401	yes	yes	yes	yes	yes	yes	
CAND_GRAM_001278	plus	candidate_pending_human_review			grammatical	1	He does not launch five rockets	do_negation	launch	rockets	launch	rocket	0.311	none	USF:Cue_Target_Pairs.L-O:401	yes	yes	yes	yes	yes	yes	
CAND_GRAM_001279	plus	candidate_pending_human_review			grammatical	1	Every day he launches five rockets	present_3s	launches	rockets	launch	rocket	0.311	none	USF:Cue_Target_Pairs.L-O:401	yes	yes	yes	yes	yes	yes	
CAND_GRAM_001280	plus	candidate_pending_human_review			grammatical	1	Last week he launched five rockets	simple_past	launched	rockets	launch	rocket	0.311	none	USF:Cue_Target_Pairs.L-O:401	yes	yes	yes	yes	yes	yes	
CAND_GRAM_001281	plus	candidate_pending_human_review			grammatical	1	They are launching five rockets	be_progressive	launching	rockets	launch	rocket	0.311	none	USF:Cue_Target_Pairs.L-O:401	yes	yes	yes	yes	yes	yes	
CAND_GRAM_001282	plus	candidate_pending_human_review			grammatical	1	They do not launch five rockets	do_negation	launch	rockets	launch	rocket	0.311	none	USF:Cue_Target_Pairs.L-O:401	yes	yes	yes	yes	yes	yes	
CAND_GRAM_001283	plus	candidate_pending_human_review			grammatical	1	Every day they launch five rockets	present_3s	launch	rockets	launch	rocket	0.311	none	USF:Cue_Target_Pairs.L-O:401	yes	yes	yes	yes	yes	yes	
CAND_GRAM_001284	plus	candidate_pending_human_review			grammatical	1	Last week they launched five rockets	simple_past	launched	rockets	launch	rocket	0.311	none	USF:Cue_Target_Pairs.L-O:401	yes	yes	yes	yes	yes	yes	
CAND_GRAM_001285	plus	candidate_pending_human_review			grammatical	1	She is launching six rockets	be_progressive	launching	rockets	launch	rocket	0.311	none	USF:Cue_Target_Pairs.L-O:401	yes	yes	yes	yes	yes	yes	
CAND_GRAM_001286	plus	candidate_pending_human_review			grammatical	1	She does not launch six rockets	do_negation	launch	rockets	launch	rocket	0.311	none	USF:Cue_Target_Pairs.L-O:401	yes	yes	yes	yes	yes	yes	
CAND_GRAM_001287	plus	candidate_pending_human_review			grammatical	1	Every day she launches six rockets	present_3s	launches	rockets	launch	rocket	0.311	none	USF:Cue_Target_Pairs.L-O:401	yes	yes	yes	yes	yes	yes	
CAND_GRAM_001288	plus	candidate_pending_human_review			grammatical	1	Last week she launched six rockets	simple_past	launched	rockets	launch	rocket	0.311	none	USF:Cue_Target_Pairs.L-O:401	yes	yes	yes	yes	yes	yes	
CAND_GRAM_001289	plus	candidate_pending_human_review			grammatical	1	He is launching six rockets	be_progressive	launching	rockets	launch	rocket	0.311	none	USF:Cue_Target_Pairs.L-O:401	yes	yes	yes	yes	yes	yes	
CAND_GRAM_001290	plus	candidate_pending_human_review			grammatical	1	He does not launch six rockets	do_negation	launch	rockets	launch	rocket	0.311	none	USF:Cue_Target_Pairs.L-O:401	yes	yes	yes	yes	yes	yes	
CAND_GRAM_001291	plus	candidate_pending_human_review			grammatical	1	Every day he launches six rockets	present_3s	launches	rockets	launch	rocket	0.311	none	USF:Cue_Target_Pairs.L-O:401	yes	yes	yes	yes	yes	yes	
CAND_GRAM_001292	plus	candidate_pending_human_review			grammatical	1	Last week he launched six rockets	simple_past	launched	rockets	launch	rocket	0.311	none	USF:Cue_Target_Pairs.L-O:401	yes	yes	yes	yes	yes	yes	
CAND_GRAM_001293	plus	candidate_pending_human_review			grammatical	1	They are launching six rockets	be_progressive	launching	rockets	launch	rocket	0.311	none	USF:Cue_Target_Pairs.L-O:401	yes	yes	yes	yes	yes	yes	
CAND_GRAM_001294	plus	candidate_pending_human_review			grammatical	1	They do not launch six rockets	do_negation	launch	rockets	launch	rocket	0.311	none	USF:Cue_Target_Pairs.L-O:401	yes	yes	yes	yes	yes	yes	
CAND_GRAM_001295	plus	candidate_pending_human_review			grammatical	1	Every day they launch six rockets	present_3s	launch	rockets	launch	rocket	0.311	none	USF:Cue_Target_Pairs.L-O:401	yes	yes	yes	yes	yes	yes	
CAND_GRAM_001296	plus	candidate_pending_human_review			grammatical	1	Last week they launched six rockets	simple_past	launched	rockets	launch	rocket	0.311	none	USF:Cue_Target_Pairs.L-O:401	yes	yes	yes	yes	yes	yes	
CAND_GRAM_001297	plus	candidate_pending_human_review			grammatical	1	She is crawling one baby	be_progressive	crawling	baby	crawl	baby	0.345	none	USF:Cue_Target_Pairs.C:6319	yes	yes	yes	yes	yes	yes	
CAND_GRAM_001298	plus	candidate_pending_human_review			grammatical	1	She does not crawl one baby	do_negation	crawl	baby	crawl	baby	0.345	none	USF:Cue_Target_Pairs.C:6319	yes	yes	yes	yes	yes	yes	
CAND_GRAM_001299	plus	candidate_pending_human_review			grammatical	1	Every day she crawls one baby	present_3s	crawls	baby	crawl	baby	0.345	none	USF:Cue_Target_Pairs.C:6319	yes	yes	yes	yes	yes	yes	
CAND_GRAM_001300	plus	candidate_pending_human_review			grammatical	1	Last week she crawled one baby	simple_past	crawled	baby	crawl	baby	0.345	none	USF:Cue_Target_Pairs.C:6319	yes	yes	yes	yes	yes	yes	
CAND_GRAM_001301	plus	candidate_pending_human_review			grammatical	1	He is crawling one baby	be_progressive	crawling	baby	crawl	baby	0.345	none	USF:Cue_Target_Pairs.C:6319	yes	yes	yes	yes	yes	yes	
CAND_GRAM_001302	plus	candidate_pending_human_review			grammatical	1	He does not crawl one baby	do_negation	crawl	baby	crawl	baby	0.345	none	USF:Cue_Target_Pairs.C:6319	yes	yes	yes	yes	yes	yes	
CAND_GRAM_001303	plus	candidate_pending_human_review			grammatical	1	Every day he crawls one baby	present_3s	crawls	baby	crawl	baby	0.345	none	USF:Cue_Target_Pairs.C:6319	yes	yes	yes	yes	yes	yes	
CAND_GRAM_001304	plus	candidate_pending_human_review			grammatical	1	Last week he crawled one baby	simple_past	crawled	baby	crawl	baby	0.345	none	USF:Cue_Target_Pairs.C:6319	yes	yes	yes	yes	yes	yes	
CAND_GRAM_001305	plus	candidate_pending_human_review			grammatical	1	They are crawling one baby	be_progressive	crawling	baby	crawl	baby	0.345	none	USF:Cue_Target_Pairs.C:6319	yes	yes	yes	yes	yes	yes	
CAND_GRAM_001306	plus	candidate_pending_human_review			grammatical	1	They do not crawl one baby	do_negation	crawl	baby	crawl	baby	0.345	none	USF:Cue_Target_Pairs.C:6319	yes	yes	yes	yes	yes	yes	
CAND_GRAM_001307	plus	candidate_pending_human_review			grammatical	1	Every day they crawl one baby	present_3s	crawl	baby	crawl	baby	0.345	none	USF:Cue_Target_Pairs.C:6319	yes	yes	yes	yes	yes	yes	
CAND_GRAM_001308	plus	candidate_pending_human_review			grammatical	1	Last week they crawled one baby	simple_past	crawled	baby	crawl	baby	0.345	none	USF:Cue_Target_Pairs.C:6319	yes	yes	yes	yes	yes	yes	
CAND_GRAM_001309	plus	candidate_pending_human_review			grammatical	1	She is crawling two babies	be_progressive	crawling	babies	crawl	baby	0.345	none	USF:Cue_Target_Pairs.C:6319	yes	yes	yes	yes	yes	yes	
CAND_GRAM_001310	plus	candidate_pending_human_review			grammatical	1	She does not crawl two babies	do_negation	crawl	babies	crawl	baby	0.345	none	USF:Cue_Target_Pairs.C:6319	yes	yes	yes	yes	yes	yes	
CAND_GRAM_001311	plus	candidate_pending_human_review			grammatical	1	Every day she crawls two babies	present_3s	crawls	babies	crawl	baby	0.345	none	USF:Cue_Target_Pairs.C:6319	yes	yes	yes	yes	yes	yes	
CAND_GRAM_001312	plus	candidate_pending_human_review			grammatical	1	Last week she crawled two babies	simple_past	crawled	babies	crawl	baby	0.345	none	USF:Cue_Target_Pairs.C:6319	yes	yes	yes	yes	yes	yes	
CAND_GRAM_001313	plus	candidate_pending_human_review			grammatical	1	He is crawling two babies	be_progressive	crawling	babies	crawl	baby	0.345	none	USF:Cue_Target_Pairs.C:6319	yes	yes	yes	yes	yes	yes	
CAND_GRAM_001314	plus	candidate_pending_human_review			grammatical	1	He does not crawl two babies	do_negation	crawl	babies	crawl	baby	0.345	none	USF:Cue_Target_Pairs.C:6319	yes	yes	yes	yes	yes	yes	
CAND_GRAM_001315	plus	candidate_pending_human_review			grammatical	1	Every day he crawls two babies	present_3s	crawls	babies	crawl	baby	0.345	none	USF:Cue_Target_Pairs.C:6319	yes	yes	yes	yes	yes	yes	
CAND_GRAM_001316	plus	candidate_pending_human_review			grammatical	1	Last week he crawled two babies	simple_past	crawled	babies	crawl	baby	0.345	none	USF:Cue_Target_Pairs.C:6319	yes	yes	yes	yes	yes	yes	
CAND_GRAM_001317	plus	candidate_pending_human_review			grammatical	1	They are crawling two babies	be_progressive	crawling	babies	crawl	baby	0.345	none	USF:Cue_Target_Pairs.C:6319	yes	yes	yes	yes	yes	yes	
CAND_GRAM_001318	plus	candidate_pending_human_review			grammatical	1	They do not crawl two babies	do_negation	crawl	babies	crawl	baby	0.345	none	USF:Cue_Target_Pairs.C:6319	yes	yes	yes	yes	yes	yes	
CAND_GRAM_001319	plus	candidate_pending_human_review			grammatical	1	Every day they crawl two babies	present_3s	crawl	babies	crawl	baby	0.345	none	USF:Cue_Target_Pairs.C:6319	yes	yes	yes	yes	yes	yes	
CAND_GRAM_001320	plus	candidate_pending_human_review			grammatical	1	Last week they crawled two babies	simple_past	crawled	babies	crawl	baby	0.345	none	USF:Cue_Target_Pairs.C:6319	yes	yes	yes	yes	yes	yes	
CAND_GRAM_001321	plus	candidate_pending_human_review			grammatical	1	She is crawling three babies	be_progressive	crawling	babies	crawl	baby	0.345	none	USF:Cue_Target_Pairs.C:6319	yes	yes	yes	yes	yes	yes	
CAND_GRAM_001322	plus	candidate_pending_human_review			grammatical	1	She does not crawl three babies	do_negation	crawl	babies	crawl	baby	0.345	none	USF:Cue_Target_Pairs.C:6319	yes	yes	yes	yes	yes	yes	
CAND_GRAM_001323	plus	candidate_pending_human_review			grammatical	1	Every day she crawls three babies	present_3s	crawls	babies	crawl	baby	0.345	none	USF:Cue_Target_Pairs.C:6319	yes	yes	yes	yes	yes	yes	
CAND_GRAM_001324	plus	candidate_pending_human_review			grammatical	1	Last week she crawled three babies	simple_past	crawled	babies	crawl	baby	0.345	none	USF:Cue_Target_Pairs.C:6319	yes	yes	yes	yes	yes	yes	
CAND_GRAM_001325	plus	candidate_pending_human_review			grammatical	1	He is crawling three babies	be_progressive	crawling	babies	crawl	baby	0.345	none	USF:Cue_Target_Pairs.C:6319	yes	yes	yes	yes	yes	yes	
CAND_GRAM_001326	plus	candidate_pending_human_review			grammatical	1	He does not crawl three babies	do_negation	crawl	babies	crawl	baby	0.345	none	USF:Cue_Target_Pairs.C:6319	yes	yes	yes	yes	yes	yes	
CAND_GRAM_001327	plus	candidate_pending_human_review			grammatical	1	Every day he crawls three babies	present_3s	crawls	babies	crawl	baby	0.345	none	USF:Cue_Target_Pairs.C:6319	yes	yes	yes	yes	yes	yes	
CAND_GRAM_001328	plus	candidate_pending_human_review			grammatical	1	Last week he crawled three babies	simple_past	crawled	babies	crawl	baby	0.345	none	USF:Cue_Target_Pairs.C:6319	yes	yes	yes	yes	yes	yes	
CAND_GRAM_001329	plus	candidate_pending_human_review			grammatical	1	They are crawling three babies	be_progressive	crawling	babies	crawl	baby	0.345	none	USF:Cue_Target_Pairs.C:6319	yes	yes	yes	yes	yes	yes	
CAND_GRAM_001330	plus	candidate_pending_human_review			grammatical	1	They do not crawl three babies	do_negation	crawl	babies	crawl	baby	0.345	none	USF:Cue_Target_Pairs.C:6319	yes	yes	yes	yes	yes	yes	
CAND_GRAM_001331	plus	candidate_pending_human_review			grammatical	1	Every day they crawl three babies	present_3s	crawl	babies	crawl	baby	0.345	none	USF:Cue_Target_Pairs.C:6319	yes	yes	yes	yes	yes	yes	
CAND_GRAM_001332	plus	candidate_pending_human_review			grammatical	1	Last week they crawled three babies	simple_past	crawled	babies	crawl	baby	0.345	none	USF:Cue_Target_Pairs.C:6319	yes	yes	yes	yes	yes	yes	
CAND_GRAM_001333	plus	candidate_pending_human_review			grammatical	1	She is crawling four babies	be_progressive	crawling	babies	crawl	baby	0.345	none	USF:Cue_Target_Pairs.C:6319	yes	yes	yes	yes	yes	yes	
CAND_GRAM_001334	plus	candidate_pending_human_review			grammatical	1	She does not crawl four babies	do_negation	crawl	babies	crawl	baby	0.345	none	USF:Cue_Target_Pairs.C:6319	yes	yes	yes	yes	yes	yes	
CAND_GRAM_001335	plus	candidate_pending_human_review			grammatical	1	Every day she crawls four babies	present_3s	crawls	babies	crawl	baby	0.345	none	USF:Cue_Target_Pairs.C:6319	yes	yes	yes	yes	yes	yes	
CAND_GRAM_001336	plus	candidate_pending_human_review			grammatical	1	Last week she crawled four babies	simple_past	crawled	babies	crawl	baby	0.345	none	USF:Cue_Target_Pairs.C:6319	yes	yes	yes	yes	yes	yes	
CAND_GRAM_001337	plus	candidate_pending_human_review			grammatical	1	He is crawling four babies	be_progressive	crawling	babies	crawl	baby	0.345	none	USF:Cue_Target_Pairs.C:6319	yes	yes	yes	yes	yes	yes	
CAND_GRAM_001338	plus	candidate_pending_human_review			grammatical	1	He does not crawl four babies	do_negation	crawl	babies	crawl	baby	0.345	none	USF:Cue_Target_Pairs.C:6319	yes	yes	yes	yes	yes	yes	
CAND_GRAM_001339	plus	candidate_pending_human_review			grammatical	1	Every day he crawls four babies	present_3s	crawls	babies	crawl	baby	0.345	none	USF:Cue_Target_Pairs.C:6319	yes	yes	yes	yes	yes	yes	
CAND_GRAM_001340	plus	candidate_pending_human_review			grammatical	1	Last week he crawled four babies	simple_past	crawled	babies	crawl	baby	0.345	none	USF:Cue_Target_Pairs.C:6319	yes	yes	yes	yes	yes	yes	
CAND_GRAM_001341	plus	candidate_pending_human_review			grammatical	1	They are crawling four babies	be_progressive	crawling	babies	crawl	baby	0.345	none	USF:Cue_Target_Pairs.C:6319	yes	yes	yes	yes	yes	yes	
CAND_GRAM_001342	plus	candidate_pending_human_review			grammatical	1	They do not crawl four babies	do_negation	crawl	babies	crawl	baby	0.345	none	USF:Cue_Target_Pairs.C:6319	yes	yes	yes	yes	yes	yes	
CAND_GRAM_001343	plus	candidate_pending_human_review			grammatical	1	Every day they crawl four babies	present_3s	crawl	babies	crawl	baby	0.345	none	USF:Cue_Target_Pairs.C:6319	yes	yes	yes	yes	yes	yes	
CAND_GRAM_001344	plus	candidate_pending_human_review			grammatical	1	Last week they crawled four babies	simple_past	crawled	babies	crawl	baby	0.345	none	USF:Cue_Target_Pairs.C:6319	yes	yes	yes	yes	yes	yes	
CAND_GRAM_001345	plus	candidate_pending_human_review			grammatical	1	She is crawling five babies	be_progressive	crawling	babies	crawl	baby	0.345	none	USF:Cue_Target_Pairs.C:6319	yes	yes	yes	yes	yes	yes	
CAND_GRAM_001346	plus	candidate_pending_human_review			grammatical	1	She does not crawl five babies	do_negation	crawl	babies	crawl	baby	0.345	none	USF:Cue_Target_Pairs.C:6319	yes	yes	yes	yes	yes	yes	
CAND_GRAM_001347	plus	candidate_pending_human_review			grammatical	1	Every day she crawls five babies	present_3s	crawls	babies	crawl	baby	0.345	none	USF:Cue_Target_Pairs.C:6319	yes	yes	yes	yes	yes	yes	
CAND_GRAM_001348	plus	candidate_pending_human_review			grammatical	1	Last week she crawled five babies	simple_past	crawled	babies	crawl	baby	0.345	none	USF:Cue_Target_Pairs.C:6319	yes	yes	yes	yes	yes	yes	
CAND_GRAM_001349	plus	candidate_pending_human_review			grammatical	1	He is crawling five babies	be_progressive	crawling	babies	crawl	baby	0.345	none	USF:Cue_Target_Pairs.C:6319	yes	yes	yes	yes	yes	yes	
CAND_GRAM_001350	plus	candidate_pending_human_review			grammatical	1	He does not crawl five babies	do_negation	crawl	babies	crawl	baby	0.345	none	USF:Cue_Target_Pairs.C:6319	yes	yes	yes	yes	yes	yes	
CAND_GRAM_001351	plus	candidate_pending_human_review			grammatical	1	Every day he crawls five babies	present_3s	crawls	babies	crawl	baby	0.345	none	USF:Cue_Target_Pairs.C:6319	yes	yes	yes	yes	yes	yes	
CAND_GRAM_001352	plus	candidate_pending_human_review			grammatical	1	Last week he crawled five babies	simple_past	crawled	babies	crawl	baby	0.345	none	USF:Cue_Target_Pairs.C:6319	yes	yes	yes	yes	yes	yes	
CAND_GRAM_001353	plus	candidate_pending_human_review			grammatical	1	They are crawling five babies	be_progressive	crawling	babies	crawl	baby	0.345	none	USF:Cue_Target_Pairs.C:6319	yes	yes	yes	yes	yes	yes	
CAND_GRAM_001354	plus	candidate_pending_human_review			grammatical	1	They do not crawl five babies	do_negation	crawl	babies	crawl	baby	0.345	none	USF:Cue_Target_Pairs.C:6319	yes	yes	yes	yes	yes	yes	
CAND_GRAM_001355	plus	candidate_pending_human_review			grammatical	1	Every day they crawl five babies	present_3s	crawl	babies	crawl	baby	0.345	none	USF:Cue_Target_Pairs.C:6319	yes	yes	yes	yes	yes	yes	
CAND_GRAM_001356	plus	candidate_pending_human_review			grammatical	1	Last week they crawled five babies	simple_past	crawled	babies	crawl	baby	0.345	none	USF:Cue_Target_Pairs.C:6319	yes	yes	yes	yes	yes	yes	
CAND_GRAM_001357	plus	candidate_pending_human_review			grammatical	1	She is crawling six babies	be_progressive	crawling	babies	crawl	baby	0.345	none	USF:Cue_Target_Pairs.C:6319	yes	yes	yes	yes	yes	yes	
CAND_GRAM_001358	plus	candidate_pending_human_review			grammatical	1	She does not crawl six babies	do_negation	crawl	babies	crawl	baby	0.345	none	USF:Cue_Target_Pairs.C:6319	yes	yes	yes	yes	yes	yes	
CAND_GRAM_001359	plus	candidate_pending_human_review			grammatical	1	Every day she crawls six babies	present_3s	crawls	babies	crawl	baby	0.345	none	USF:Cue_Target_Pairs.C:6319	yes	yes	yes	yes	yes	yes	
CAND_GRAM_001360	plus	candidate_pending_human_review			grammatical	1	Last week she crawled six babies	simple_past	crawled	babies	crawl	baby	0.345	none	USF:Cue_Target_Pairs.C:6319	yes	yes	yes	yes	yes	yes	
CAND_GRAM_001361	plus	candidate_pending_human_review			grammatical	1	He is crawling six babies	be_progressive	crawling	babies	crawl	baby	0.345	none	USF:Cue_Target_Pairs.C:6319	yes	yes	yes	yes	yes	yes	
CAND_GRAM_001362	plus	candidate_pending_human_review			grammatical	1	He does not crawl six babies	do_negation	crawl	babies	crawl	baby	0.345	none	USF:Cue_Target_Pairs.C:6319	yes	yes	yes	yes	yes	yes	
CAND_GRAM_001363	plus	candidate_pending_human_review			grammatical	1	Every day he crawls six babies	present_3s	crawls	babies	crawl	baby	0.345	none	USF:Cue_Target_Pairs.C:6319	yes	yes	yes	yes	yes	yes	
CAND_GRAM_001364	plus	candidate_pending_human_review			grammatical	1	Last week he crawled six babies	simple_past	crawled	babies	crawl	baby	0.345	none	USF:Cue_Target_Pairs.C:6319	yes	yes	yes	yes	yes	yes	
CAND_GRAM_001365	plus	candidate_pending_human_review			grammatical	1	They are crawling six babies	be_progressive	crawling	babies	crawl	baby	0.345	none	USF:Cue_Target_Pairs.C:6319	yes	yes	yes	yes	yes	yes	
CAND_GRAM_001366	plus	candidate_pending_human_review			grammatical	1	They do not crawl six babies	do_negation	crawl	babies	crawl	baby	0.345	none	USF:Cue_Target_Pairs.C:6319	yes	yes	yes	yes	yes	yes	
CAND_GRAM_001367	plus	candidate_pending_human_review			grammatical	1	Every day they crawl six babies	present_3s	crawl	babies	crawl	baby	0.345	none	USF:Cue_Target_Pairs.C:6319	yes	yes	yes	yes	yes	yes	
CAND_GRAM_001368	plus	candidate_pending_human_review			grammatical	1	Last week they crawled six babies	simple_past	crawled	babies	crawl	baby	0.345	none	USF:Cue_Target_Pairs.C:6319	yes	yes	yes	yes	yes	yes	
CAND_GRAM_001369	plus	candidate_pending_human_review			grammatical	1	She is flushing one toilet	be_progressive	flushing	toilet	flush	toilet	0.418	none	USF:Cue_Target_Pairs.D-F:8742	yes	yes	yes	yes	yes	yes	
CAND_GRAM_001370	plus	candidate_pending_human_review			grammatical	1	She does not flush one toilet	do_negation	flush	toilet	flush	toilet	0.418	none	USF:Cue_Target_Pairs.D-F:8742	yes	yes	yes	yes	yes	yes	
CAND_GRAM_001371	plus	candidate_pending_human_review			grammatical	1	Every day she flushes one toilet	present_3s	flushes	toilet	flush	toilet	0.418	none	USF:Cue_Target_Pairs.D-F:8742	yes	yes	yes	yes	yes	yes	
CAND_GRAM_001372	plus	candidate_pending_human_review			grammatical	1	Last week she flushed one toilet	simple_past	flushed	toilet	flush	toilet	0.418	none	USF:Cue_Target_Pairs.D-F:8742	yes	yes	yes	yes	yes	yes	
CAND_GRAM_001373	plus	candidate_pending_human_review			grammatical	1	He is flushing one toilet	be_progressive	flushing	toilet	flush	toilet	0.418	none	USF:Cue_Target_Pairs.D-F:8742	yes	yes	yes	yes	yes	yes	
CAND_GRAM_001374	plus	candidate_pending_human_review			grammatical	1	He does not flush one toilet	do_negation	flush	toilet	flush	toilet	0.418	none	USF:Cue_Target_Pairs.D-F:8742	yes	yes	yes	yes	yes	yes	
CAND_GRAM_001375	plus	candidate_pending_human_review			grammatical	1	Every day he flushes one toilet	present_3s	flushes	toilet	flush	toilet	0.418	none	USF:Cue_Target_Pairs.D-F:8742	yes	yes	yes	yes	yes	yes	
CAND_GRAM_001376	plus	candidate_pending_human_review			grammatical	1	Last week he flushed one toilet	simple_past	flushed	toilet	flush	toilet	0.418	none	USF:Cue_Target_Pairs.D-F:8742	yes	yes	yes	yes	yes	yes	
CAND_GRAM_001377	plus	candidate_pending_human_review			grammatical	1	They are flushing one toilet	be_progressive	flushing	toilet	flush	toilet	0.418	none	USF:Cue_Target_Pairs.D-F:8742	yes	yes	yes	yes	yes	yes	
CAND_GRAM_001378	plus	candidate_pending_human_review			grammatical	1	They do not flush one toilet	do_negation	flush	toilet	flush	toilet	0.418	none	USF:Cue_Target_Pairs.D-F:8742	yes	yes	yes	yes	yes	yes	
CAND_GRAM_001379	plus	candidate_pending_human_review			grammatical	1	Every day they flush one toilet	present_3s	flush	toilet	flush	toilet	0.418	none	USF:Cue_Target_Pairs.D-F:8742	yes	yes	yes	yes	yes	yes	
CAND_GRAM_001380	plus	candidate_pending_human_review			grammatical	1	Last week they flushed one toilet	simple_past	flushed	toilet	flush	toilet	0.418	none	USF:Cue_Target_Pairs.D-F:8742	yes	yes	yes	yes	yes	yes	
CAND_GRAM_001381	plus	candidate_pending_human_review			grammatical	1	She is flushing two toilets	be_progressive	flushing	toilets	flush	toilet	0.418	none	USF:Cue_Target_Pairs.D-F:8742	yes	yes	yes	yes	yes	yes	
CAND_GRAM_001382	plus	candidate_pending_human_review			grammatical	1	She does not flush two toilets	do_negation	flush	toilets	flush	toilet	0.418	none	USF:Cue_Target_Pairs.D-F:8742	yes	yes	yes	yes	yes	yes	
CAND_GRAM_001383	plus	candidate_pending_human_review			grammatical	1	Every day she flushes two toilets	present_3s	flushes	toilets	flush	toilet	0.418	none	USF:Cue_Target_Pairs.D-F:8742	yes	yes	yes	yes	yes	yes	
CAND_GRAM_001384	plus	candidate_pending_human_review			grammatical	1	Last week she flushed two toilets	simple_past	flushed	toilets	flush	toilet	0.418	none	USF:Cue_Target_Pairs.D-F:8742	yes	yes	yes	yes	yes	yes	
CAND_GRAM_001385	plus	candidate_pending_human_review			grammatical	1	He is flushing two toilets	be_progressive	flushing	toilets	flush	toilet	0.418	none	USF:Cue_Target_Pairs.D-F:8742	yes	yes	yes	yes	yes	yes	
CAND_GRAM_001386	plus	candidate_pending_human_review			grammatical	1	He does not flush two toilets	do_negation	flush	toilets	flush	toilet	0.418	none	USF:Cue_Target_Pairs.D-F:8742	yes	yes	yes	yes	yes	yes	
CAND_GRAM_001387	plus	candidate_pending_human_review			grammatical	1	Every day he flushes two toilets	present_3s	flushes	toilets	flush	toilet	0.418	none	USF:Cue_Target_Pairs.D-F:8742	yes	yes	yes	yes	yes	yes	
CAND_GRAM_001388	plus	candidate_pending_human_review			grammatical	1	Last week he flushed two toilets	simple_past	flushed	toilets	flush	toilet	0.418	none	USF:Cue_Target_Pairs.D-F:8742	yes	yes	yes	yes	yes	yes	
CAND_GRAM_001389	plus	candidate_pending_human_review			grammatical	1	They are flushing two toilets	be_progressive	flushing	toilets	flush	toilet	0.418	none	USF:Cue_Target_Pairs.D-F:8742	yes	yes	yes	yes	yes	yes	
CAND_GRAM_001390	plus	candidate_pending_human_review			grammatical	1	They do not flush two toilets	do_negation	flush	toilets	flush	toilet	0.418	none	USF:Cue_Target_Pairs.D-F:8742	yes	yes	yes	yes	yes	yes	
CAND_GRAM_001391	plus	candidate_pending_human_review			grammatical	1	Every day they flush two toilets	present_3s	flush	toilets	flush	toilet	0.418	none	USF:Cue_Target_Pairs.D-F:8742	yes	yes	yes	yes	yes	yes	
CAND_GRAM_001392	plus	candidate_pending_human_review			grammatical	1	Last week they flushed two toilets	simple_past	flushed	toilets	flush	toilet	0.418	none	USF:Cue_Target_Pairs.D-F:8742	yes	yes	yes	yes	yes	yes	
CAND_GRAM_001393	plus	candidate_pending_human_review			grammatical	1	She is flushing three toilets	be_progressive	flushing	toilets	flush	toilet	0.418	none	USF:Cue_Target_Pairs.D-F:8742	yes	yes	yes	yes	yes	yes	
CAND_GRAM_001394	plus	candidate_pending_human_review			grammatical	1	She does not flush three toilets	do_negation	flush	toilets	flush	toilet	0.418	none	USF:Cue_Target_Pairs.D-F:8742	yes	yes	yes	yes	yes	yes	
CAND_GRAM_001395	plus	candidate_pending_human_review			grammatical	1	Every day she flushes three toilets	present_3s	flushes	toilets	flush	toilet	0.418	none	USF:Cue_Target_Pairs.D-F:8742	yes	yes	yes	yes	yes	yes	
CAND_GRAM_001396	plus	candidate_pending_human_review			grammatical	1	Last week she flushed three toilets	simple_past	flushed	toilets	flush	toilet	0.418	none	USF:Cue_Target_Pairs.D-F:8742	yes	yes	yes	yes	yes	yes	
CAND_GRAM_001397	plus	candidate_pending_human_review			grammatical	1	He is flushing three toilets	be_progressive	flushing	toilets	flush	toilet	0.418	none	USF:Cue_Target_Pairs.D-F:8742	yes	yes	yes	yes	yes	yes	
CAND_GRAM_001398	plus	candidate_pending_human_review			grammatical	1	He does not flush three toilets	do_negation	flush	toilets	flush	toilet	0.418	none	USF:Cue_Target_Pairs.D-F:8742	yes	yes	yes	yes	yes	yes	
CAND_GRAM_001399	plus	candidate_pending_human_review			grammatical	1	Every day he flushes three toilets	present_3s	flushes	toilets	flush	toilet	0.418	none	USF:Cue_Target_Pairs.D-F:8742	yes	yes	yes	yes	yes	yes	
CAND_GRAM_001400	plus	candidate_pending_human_review			grammatical	1	Last week he flushed three toilets	simple_past	flushed	toilets	flush	toilet	0.418	none	USF:Cue_Target_Pairs.D-F:8742	yes	yes	yes	yes	yes	yes	
CAND_GRAM_001401	plus	candidate_pending_human_review			grammatical	1	They are flushing three toilets	be_progressive	flushing	toilets	flush	toilet	0.418	none	USF:Cue_Target_Pairs.D-F:8742	yes	yes	yes	yes	yes	yes	
CAND_GRAM_001402	plus	candidate_pending_human_review			grammatical	1	They do not flush three toilets	do_negation	flush	toilets	flush	toilet	0.418	none	USF:Cue_Target_Pairs.D-F:8742	yes	yes	yes	yes	yes	yes	
CAND_GRAM_001403	plus	candidate_pending_human_review			grammatical	1	Every day they flush three toilets	present_3s	flush	toilets	flush	toilet	0.418	none	USF:Cue_Target_Pairs.D-F:8742	yes	yes	yes	yes	yes	yes	
CAND_GRAM_001404	plus	candidate_pending_human_review			grammatical	1	Last week they flushed three toilets	simple_past	flushed	toilets	flush	toilet	0.418	none	USF:Cue_Target_Pairs.D-F:8742	yes	yes	yes	yes	yes	yes	
CAND_GRAM_001405	plus	candidate_pending_human_review			grammatical	1	She is flushing four toilets	be_progressive	flushing	toilets	flush	toilet	0.418	none	USF:Cue_Target_Pairs.D-F:8742	yes	yes	yes	yes	yes	yes	
CAND_GRAM_001406	plus	candidate_pending_human_review			grammatical	1	She does not flush four toilets	do_negation	flush	toilets	flush	toilet	0.418	none	USF:Cue_Target_Pairs.D-F:8742	yes	yes	yes	yes	yes	yes	
CAND_GRAM_001407	plus	candidate_pending_human_review			grammatical	1	Every day she flushes four toilets	present_3s	flushes	toilets	flush	toilet	0.418	none	USF:Cue_Target_Pairs.D-F:8742	yes	yes	yes	yes	yes	yes	
CAND_GRAM_001408	plus	candidate_pending_human_review			grammatical	1	Last week she flushed four toilets	simple_past	flushed	toilets	flush	toilet	0.418	none	USF:Cue_Target_Pairs.D-F:8742	yes	yes	yes	yes	yes	yes	
CAND_GRAM_001409	plus	candidate_pending_human_review			grammatical	1	He is flushing four toilets	be_progressive	flushing	toilets	flush	toilet	0.418	none	USF:Cue_Target_Pairs.D-F:8742	yes	yes	yes	yes	yes	yes	
CAND_GRAM_001410	plus	candidate_pending_human_review			grammatical	1	He does not flush four toilets	do_negation	flush	toilets	flush	toilet	0.418	none	USF:Cue_Target_Pairs.D-F:8742	yes	yes	yes	yes	yes	yes	
CAND_GRAM_001411	plus	candidate_pending_human_review			grammatical	1	Every day he flushes four toilets	present_3s	flushes	toilets	flush	toilet	0.418	none	USF:Cue_Target_Pairs.D-F:8742	yes	yes	yes	yes	yes	yes	
CAND_GRAM_001412	plus	candidate_pending_human_review			grammatical	1	Last week he flushed four toilets	simple_past	flushed	toilets	flush	toilet	0.418	none	USF:Cue_Target_Pairs.D-F:8742	yes	yes	yes	yes	yes	yes	
CAND_GRAM_001413	plus	candidate_pending_human_review			grammatical	1	They are flushing four toilets	be_progressive	flushing	toilets	flush	toilet	0.418	none	USF:Cue_Target_Pairs.D-F:8742	yes	yes	yes	yes	yes	yes	
CAND_GRAM_001414	plus	candidate_pending_human_review			grammatical	1	They do not flush four toilets	do_negation	flush	toilets	flush	toilet	0.418	none	USF:Cue_Target_Pairs.D-F:8742	yes	yes	yes	yes	yes	yes	
CAND_GRAM_001415	plus	candidate_pending_human_review			grammatical	1	Every day they flush four toilets	present_3s	flush	toilets	flush	toilet	0.418	none	USF:Cue_Target_Pairs.D-F:8742	yes	yes	yes	yes	yes	yes	
CAND_GRAM_001416	plus	candidate_pending_human_review			grammatical	1	Last week they flushed four toilets	simple_past	flushed	toilets	flush	toilet	0.418	none	USF:Cue_Target_Pairs.D-F:8742	yes	yes	yes	yes	yes	yes	
CAND_GRAM_001417	plus	candidate_pending_human_review			grammatical	1	She is flushing five toilets	be_progressive	flushing	toilets	flush	toilet	0.418	none	USF:Cue_Target_Pairs.D-F:8742	yes	yes	yes	yes	yes	yes	
CAND_GRAM_001418	plus	candidate_pending_human_review			grammatical	1	She does not flush five toilets	do_negation	flush	toilets	flush	toilet	0.418	none	USF:Cue_Target_Pairs.D-F:8742	yes	yes	yes	yes	yes	yes	
CAND_GRAM_001419	plus	candidate_pending_human_review			grammatical	1	Every day she flushes five toilets	present_3s	flushes	toilets	flush	toilet	0.418	none	USF:Cue_Target_Pairs.D-F:8742	yes	yes	yes	yes	yes	yes	
CAND_GRAM_001420	plus	candidate_pending_human_review			grammatical	1	Last week she flushed five toilets	simple_past	flushed	toilets	flush	toilet	0.418	none	USF:Cue_Target_Pairs.D-F:8742	yes	yes	yes	yes	yes	yes	
CAND_GRAM_001421	plus	candidate_pending_human_review			grammatical	1	He is flushing five toilets	be_progressive	flushing	toilets	flush	toilet	0.418	none	USF:Cue_Target_Pairs.D-F:8742	yes	yes	yes	yes	yes	yes	
CAND_GRAM_001422	plus	candidate_pending_human_review			grammatical	1	He does not flush five toilets	do_negation	flush	toilets	flush	toilet	0.418	none	USF:Cue_Target_Pairs.D-F:8742	yes	yes	yes	yes	yes	yes	
CAND_GRAM_001423	plus	candidate_pending_human_review			grammatical	1	Every day he flushes five toilets	present_3s	flushes	toilets	flush	toilet	0.418	none	USF:Cue_Target_Pairs.D-F:8742	yes	yes	yes	yes	yes	yes	
CAND_GRAM_001424	plus	candidate_pending_human_review			grammatical	1	Last week he flushed five toilets	simple_past	flushed	toilets	flush	toilet	0.418	none	USF:Cue_Target_Pairs.D-F:8742	yes	yes	yes	yes	yes	yes	
CAND_GRAM_001425	plus	candidate_pending_human_review			grammatical	1	They are flushing five toilets	be_progressive	flushing	toilets	flush	toilet	0.418	none	USF:Cue_Target_Pairs.D-F:8742	yes	yes	yes	yes	yes	yes	
CAND_GRAM_001426	plus	candidate_pending_human_review			grammatical	1	They do not flush five toilets	do_negation	flush	toilets	flush	toilet	0.418	none	USF:Cue_Target_Pairs.D-F:8742	yes	yes	yes	yes	yes	yes	
CAND_GRAM_001427	plus	candidate_pending_human_review			grammatical	1	Every day they flush five toilets	present_3s	flush	toilets	flush	toilet	0.418	none	USF:Cue_Target_Pairs.D-F:8742	yes	yes	yes	yes	yes	yes	
CAND_GRAM_001428	plus	candidate_pending_human_review			grammatical	1	Last week they flushed five toilets	simple_past	flushed	toilets	flush	toilet	0.418	none	USF:Cue_Target_Pairs.D-F:8742	yes	yes	yes	yes	yes	yes	
CAND_GRAM_001429	plus	candidate_pending_human_review			grammatical	1	She is flushing six toilets	be_progressive	flushing	toilets	flush	toilet	0.418	none	USF:Cue_Target_Pairs.D-F:8742	yes	yes	yes	yes	yes	yes	
CAND_GRAM_001430	plus	candidate_pending_human_review			grammatical	1	She does not flush six toilets	do_negation	flush	toilets	flush	toilet	0.418	none	USF:Cue_Target_Pairs.D-F:8742	yes	yes	yes	yes	yes	yes	
CAND_GRAM_001431	plus	candidate_pending_human_review			grammatical	1	Every day she flushes six toilets	present_3s	flushes	toilets	flush	toilet	0.418	none	USF:Cue_Target_Pairs.D-F:8742	yes	yes	yes	yes	yes	yes	
CAND_GRAM_001432	plus	candidate_pending_human_review			grammatical	1	Last week she flushed six toilets	simple_past	flushed	toilets	flush	toilet	0.418	none	USF:Cue_Target_Pairs.D-F:8742	yes	yes	yes	yes	yes	yes	
CAND_GRAM_001433	plus	candidate_pending_human_review			grammatical	1	He is flushing six toilets	be_progressive	flushing	toilets	flush	toilet	0.418	none	USF:Cue_Target_Pairs.D-F:8742	yes	yes	yes	yes	yes	yes	
CAND_GRAM_001434	plus	candidate_pending_human_review			grammatical	1	He does not flush six toilets	do_negation	flush	toilets	flush	toilet	0.418	none	USF:Cue_Target_Pairs.D-F:8742	yes	yes	yes	yes	yes	yes	
CAND_GRAM_001435	plus	candidate_pending_human_review			grammatical	1	Every day he flushes six toilets	present_3s	flushes	toilets	flush	toilet	0.418	none	USF:Cue_Target_Pairs.D-F:8742	yes	yes	yes	yes	yes	yes	
CAND_GRAM_001436	plus	candidate_pending_human_review			grammatical	1	Last week he flushed six toilets	simple_past	flushed	toilets	flush	toilet	0.418	none	USF:Cue_Target_Pairs.D-F:8742	yes	yes	yes	yes	yes	yes	
CAND_GRAM_001437	plus	candidate_pending_human_review			grammatical	1	They are flushing six toilets	be_progressive	flushing	toilets	flush	toilet	0.418	none	USF:Cue_Target_Pairs.D-F:8742	yes	yes	yes	yes	yes	yes	
CAND_GRAM_001438	plus	candidate_pending_human_review			grammatical	1	They do not flush six toilets	do_negation	flush	toilets	flush	toilet	0.418	none	USF:Cue_Target_Pairs.D-F:8742	yes	yes	yes	yes	yes	yes	
CAND_GRAM_001439	plus	candidate_pending_human_review			grammatical	1	Every day they flush six toilets	present_3s	flush	toilets	flush	toilet	0.418	none	USF:Cue_Target_Pairs.D-F:8742	yes	yes	yes	yes	yes	yes	
CAND_GRAM_001440	plus	candidate_pending_human_review			grammatical	1	Last week they flushed six toilets	simple_past	flushed	toilets	flush	toilet	0.418	none	USF:Cue_Target_Pairs.D-F:8742	yes	yes	yes	yes	yes	yes	
CAND_GRAM_001441	plus	candidate_pending_human_review			grammatical	1	She is notifying one contact	be_progressive	notifying	contact	notify	contact	0.058	none	USF:Cue_Target_Pairs.L-O:7533	yes	yes	yes	yes	yes	yes	
CAND_GRAM_001442	plus	candidate_pending_human_review			grammatical	1	She does not notify one contact	do_negation	notify	contact	notify	contact	0.058	none	USF:Cue_Target_Pairs.L-O:7533	yes	yes	yes	yes	yes	yes	
CAND_GRAM_001443	plus	candidate_pending_human_review			grammatical	1	Every day she notifies one contact	present_3s	notifies	contact	notify	contact	0.058	none	USF:Cue_Target_Pairs.L-O:7533	yes	yes	yes	yes	yes	yes	
CAND_GRAM_001444	plus	candidate_pending_human_review			grammatical	1	Last week she notified one contact	simple_past	notified	contact	notify	contact	0.058	none	USF:Cue_Target_Pairs.L-O:7533	yes	yes	yes	yes	yes	yes	
CAND_GRAM_001445	plus	candidate_pending_human_review			grammatical	1	He is notifying one contact	be_progressive	notifying	contact	notify	contact	0.058	none	USF:Cue_Target_Pairs.L-O:7533	yes	yes	yes	yes	yes	yes	
CAND_GRAM_001446	plus	candidate_pending_human_review			grammatical	1	He does not notify one contact	do_negation	notify	contact	notify	contact	0.058	none	USF:Cue_Target_Pairs.L-O:7533	yes	yes	yes	yes	yes	yes	
CAND_GRAM_001447	plus	candidate_pending_human_review			grammatical	1	Every day he notifies one contact	present_3s	notifies	contact	notify	contact	0.058	none	USF:Cue_Target_Pairs.L-O:7533	yes	yes	yes	yes	yes	yes	
CAND_GRAM_001448	plus	candidate_pending_human_review			grammatical	1	Last week he notified one contact	simple_past	notified	contact	notify	contact	0.058	none	USF:Cue_Target_Pairs.L-O:7533	yes	yes	yes	yes	yes	yes	
CAND_GRAM_001449	plus	candidate_pending_human_review			grammatical	1	They are notifying one contact	be_progressive	notifying	contact	notify	contact	0.058	none	USF:Cue_Target_Pairs.L-O:7533	yes	yes	yes	yes	yes	yes	
CAND_GRAM_001450	plus	candidate_pending_human_review			grammatical	1	They do not notify one contact	do_negation	notify	contact	notify	contact	0.058	none	USF:Cue_Target_Pairs.L-O:7533	yes	yes	yes	yes	yes	yes	
CAND_GRAM_001451	plus	candidate_pending_human_review			grammatical	1	Every day they notify one contact	present_3s	notify	contact	notify	contact	0.058	none	USF:Cue_Target_Pairs.L-O:7533	yes	yes	yes	yes	yes	yes	
CAND_GRAM_001452	plus	candidate_pending_human_review			grammatical	1	Last week they notified one contact	simple_past	notified	contact	notify	contact	0.058	none	USF:Cue_Target_Pairs.L-O:7533	yes	yes	yes	yes	yes	yes	
CAND_GRAM_001453	plus	candidate_pending_human_review			grammatical	1	She is notifying two contacts	be_progressive	notifying	contacts	notify	contact	0.058	none	USF:Cue_Target_Pairs.L-O:7533	yes	yes	yes	yes	yes	yes	
CAND_GRAM_001454	plus	candidate_pending_human_review			grammatical	1	She does not notify two contacts	do_negation	notify	contacts	notify	contact	0.058	none	USF:Cue_Target_Pairs.L-O:7533	yes	yes	yes	yes	yes	yes	
CAND_GRAM_001455	plus	candidate_pending_human_review			grammatical	1	Every day she notifies two contacts	present_3s	notifies	contacts	notify	contact	0.058	none	USF:Cue_Target_Pairs.L-O:7533	yes	yes	yes	yes	yes	yes	
CAND_GRAM_001456	plus	candidate_pending_human_review			grammatical	1	Last week she notified two contacts	simple_past	notified	contacts	notify	contact	0.058	none	USF:Cue_Target_Pairs.L-O:7533	yes	yes	yes	yes	yes	yes	
CAND_GRAM_001457	plus	candidate_pending_human_review			grammatical	1	He is notifying two contacts	be_progressive	notifying	contacts	notify	contact	0.058	none	USF:Cue_Target_Pairs.L-O:7533	yes	yes	yes	yes	yes	yes	
CAND_GRAM_001458	plus	candidate_pending_human_review			grammatical	1	He does not notify two contacts	do_negation	notify	contacts	notify	contact	0.058	none	USF:Cue_Target_Pairs.L-O:7533	yes	yes	yes	yes	yes	yes	
CAND_GRAM_001459	plus	candidate_pending_human_review			grammatical	1	Every day he notifies two contacts	present_3s	notifies	contacts	notify	contact	0.058	none	USF:Cue_Target_Pairs.L-O:7533	yes	yes	yes	yes	yes	yes	
CAND_GRAM_001460	plus	candidate_pending_human_review			grammatical	1	Last week he notified two contacts	simple_past	notified	contacts	notify	contact	0.058	none	USF:Cue_Target_Pairs.L-O:7533	yes	yes	yes	yes	yes	yes	
CAND_GRAM_001461	plus	candidate_pending_human_review			grammatical	1	They are notifying two contacts	be_progressive	notifying	contacts	notify	contact	0.058	none	USF:Cue_Target_Pairs.L-O:7533	yes	yes	yes	yes	yes	yes	
CAND_GRAM_001462	plus	candidate_pending_human_review			grammatical	1	They do not notify two contacts	do_negation	notify	contacts	notify	contact	0.058	none	USF:Cue_Target_Pairs.L-O:7533	yes	yes	yes	yes	yes	yes	
CAND_GRAM_001463	plus	candidate_pending_human_review			grammatical	1	Every day they notify two contacts	present_3s	notify	contacts	notify	contact	0.058	none	USF:Cue_Target_Pairs.L-O:7533	yes	yes	yes	yes	yes	yes	
CAND_GRAM_001464	plus	candidate_pending_human_review			grammatical	1	Last week they notified two contacts	simple_past	notified	contacts	notify	contact	0.058	none	USF:Cue_Target_Pairs.L-O:7533	yes	yes	yes	yes	yes	yes	
CAND_GRAM_001465	plus	candidate_pending_human_review			grammatical	1	She is notifying three contacts	be_progressive	notifying	contacts	notify	contact	0.058	none	USF:Cue_Target_Pairs.L-O:7533	yes	yes	yes	yes	yes	yes	
CAND_GRAM_001466	plus	candidate_pending_human_review			grammatical	1	She does not notify three contacts	do_negation	notify	contacts	notify	contact	0.058	none	USF:Cue_Target_Pairs.L-O:7533	yes	yes	yes	yes	yes	yes	
CAND_GRAM_001467	plus	candidate_pending_human_review			grammatical	1	Every day she notifies three contacts	present_3s	notifies	contacts	notify	contact	0.058	none	USF:Cue_Target_Pairs.L-O:7533	yes	yes	yes	yes	yes	yes	
CAND_GRAM_001468	plus	candidate_pending_human_review			grammatical	1	Last week she notified three contacts	simple_past	notified	contacts	notify	contact	0.058	none	USF:Cue_Target_Pairs.L-O:7533	yes	yes	yes	yes	yes	yes	
CAND_GRAM_001469	plus	candidate_pending_human_review			grammatical	1	He is notifying three contacts	be_progressive	notifying	contacts	notify	contact	0.058	none	USF:Cue_Target_Pairs.L-O:7533	yes	yes	yes	yes	yes	yes	
CAND_GRAM_001470	plus	candidate_pending_human_review			grammatical	1	He does not notify three contacts	do_negation	notify	contacts	notify	contact	0.058	none	USF:Cue_Target_Pairs.L-O:7533	yes	yes	yes	yes	yes	yes	
CAND_GRAM_001471	plus	candidate_pending_human_review			grammatical	1	Every day he notifies three contacts	present_3s	notifies	contacts	notify	contact	0.058	none	USF:Cue_Target_Pairs.L-O:7533	yes	yes	yes	yes	yes	yes	
CAND_GRAM_001472	plus	candidate_pending_human_review			grammatical	1	Last week he notified three contacts	simple_past	notified	contacts	notify	contact	0.058	none	USF:Cue_Target_Pairs.L-O:7533	yes	yes	yes	yes	yes	yes	
CAND_GRAM_001473	plus	candidate_pending_human_review			grammatical	1	They are notifying three contacts	be_progressive	notifying	contacts	notify	contact	0.058	none	USF:Cue_Target_Pairs.L-O:7533	yes	yes	yes	yes	yes	yes	
CAND_GRAM_001474	plus	candidate_pending_human_review			grammatical	1	They do not notify three contacts	do_negation	notify	contacts	notify	contact	0.058	none	USF:Cue_Target_Pairs.L-O:7533	yes	yes	yes	yes	yes	yes	
CAND_GRAM_001475	plus	candidate_pending_human_review			grammatical	1	Every day they notify three contacts	present_3s	notify	contacts	notify	contact	0.058	none	USF:Cue_Target_Pairs.L-O:7533	yes	yes	yes	yes	yes	yes	
CAND_GRAM_001476	plus	candidate_pending_human_review			grammatical	1	Last week they notified three contacts	simple_past	notified	contacts	notify	contact	0.058	none	USF:Cue_Target_Pairs.L-O:7533	yes	yes	yes	yes	yes	yes	
CAND_GRAM_001477	plus	candidate_pending_human_review			grammatical	1	She is notifying four contacts	be_progressive	notifying	contacts	notify	contact	0.058	none	USF:Cue_Target_Pairs.L-O:7533	yes	yes	yes	yes	yes	yes	
CAND_GRAM_001478	plus	candidate_pending_human_review			grammatical	1	She does not notify four contacts	do_negation	notify	contacts	notify	contact	0.058	none	USF:Cue_Target_Pairs.L-O:7533	yes	yes	yes	yes	yes	yes	
CAND_GRAM_001479	plus	candidate_pending_human_review			grammatical	1	Every day she notifies four contacts	present_3s	notifies	contacts	notify	contact	0.058	none	USF:Cue_Target_Pairs.L-O:7533	yes	yes	yes	yes	yes	yes	
CAND_GRAM_001480	plus	candidate_pending_human_review			grammatical	1	Last week she notified four contacts	simple_past	notified	contacts	notify	contact	0.058	none	USF:Cue_Target_Pairs.L-O:7533	yes	yes	yes	yes	yes	yes	
CAND_GRAM_001481	plus	candidate_pending_human_review			grammatical	1	He is notifying four contacts	be_progressive	notifying	contacts	notify	contact	0.058	none	USF:Cue_Target_Pairs.L-O:7533	yes	yes	yes	yes	yes	yes	
CAND_GRAM_001482	plus	candidate_pending_human_review			grammatical	1	He does not notify four contacts	do_negation	notify	contacts	notify	contact	0.058	none	USF:Cue_Target_Pairs.L-O:7533	yes	yes	yes	yes	yes	yes	
CAND_GRAM_001483	plus	candidate_pending_human_review			grammatical	1	Every day he notifies four contacts	present_3s	notifies	contacts	notify	contact	0.058	none	USF:Cue_Target_Pairs.L-O:7533	yes	yes	yes	yes	yes	yes	
CAND_GRAM_001484	plus	candidate_pending_human_review			grammatical	1	Last week he notified four contacts	simple_past	notified	contacts	notify	contact	0.058	none	USF:Cue_Target_Pairs.L-O:7533	yes	yes	yes	yes	yes	yes	
CAND_GRAM_001485	plus	candidate_pending_human_review			grammatical	1	They are notifying four contacts	be_progressive	notifying	contacts	notify	contact	0.058	none	USF:Cue_Target_Pairs.L-O:7533	yes	yes	yes	yes	yes	yes	
CAND_GRAM_001486	plus	candidate_pending_human_review			grammatical	1	They do not notify four contacts	do_negation	notify	contacts	notify	contact	0.058	none	USF:Cue_Target_Pairs.L-O:7533	yes	yes	yes	yes	yes	yes	
CAND_GRAM_001487	plus	candidate_pending_human_review			grammatical	1	Every day they notify four contacts	present_3s	notify	contacts	notify	contact	0.058	none	USF:Cue_Target_Pairs.L-O:7533	yes	yes	yes	yes	yes	yes	
CAND_GRAM_001488	plus	candidate_pending_human_review			grammatical	1	Last week they notified four contacts	simple_past	notified	contacts	notify	contact	0.058	none	USF:Cue_Target_Pairs.L-O:7533	yes	yes	yes	yes	yes	yes	
CAND_GRAM_001489	plus	candidate_pending_human_review			grammatical	1	She is notifying five contacts	be_progressive	notifying	contacts	notify	contact	0.058	none	USF:Cue_Target_Pairs.L-O:7533	yes	yes	yes	yes	yes	yes	
CAND_GRAM_001490	plus	candidate_pending_human_review			grammatical	1	She does not notify five contacts	do_negation	notify	contacts	notify	contact	0.058	none	USF:Cue_Target_Pairs.L-O:7533	yes	yes	yes	yes	yes	yes	
CAND_GRAM_001491	plus	candidate_pending_human_review			grammatical	1	Every day she notifies five contacts	present_3s	notifies	contacts	notify	contact	0.058	none	USF:Cue_Target_Pairs.L-O:7533	yes	yes	yes	yes	yes	yes	
CAND_GRAM_001492	plus	candidate_pending_human_review			grammatical	1	Last week she notified five contacts	simple_past	notified	contacts	notify	contact	0.058	none	USF:Cue_Target_Pairs.L-O:7533	yes	yes	yes	yes	yes	yes	
CAND_GRAM_001493	plus	candidate_pending_human_review			grammatical	1	He is notifying five contacts	be_progressive	notifying	contacts	notify	contact	0.058	none	USF:Cue_Target_Pairs.L-O:7533	yes	yes	yes	yes	yes	yes	
CAND_GRAM_001494	plus	candidate_pending_human_review			grammatical	1	He does not notify five contacts	do_negation	notify	contacts	notify	contact	0.058	none	USF:Cue_Target_Pairs.L-O:7533	yes	yes	yes	yes	yes	yes	
CAND_GRAM_001495	plus	candidate_pending_human_review			grammatical	1	Every day he notifies five contacts	present_3s	notifies	contacts	notify	contact	0.058	none	USF:Cue_Target_Pairs.L-O:7533	yes	yes	yes	yes	yes	yes	
CAND_GRAM_001496	plus	candidate_pending_human_review			grammatical	1	Last week he notified five contacts	simple_past	notified	contacts	notify	contact	0.058	none	USF:Cue_Target_Pairs.L-O:7533	yes	yes	yes	yes	yes	yes	
CAND_GRAM_001497	plus	candidate_pending_human_review			grammatical	1	They are notifying five contacts	be_progressive	notifying	contacts	notify	contact	0.058	none	USF:Cue_Target_Pairs.L-O:7533	yes	yes	yes	yes	yes	yes	
CAND_GRAM_001498	plus	candidate_pending_human_review			grammatical	1	They do not notify five contacts	do_negation	notify	contacts	notify	contact	0.058	none	USF:Cue_Target_Pairs.L-O:7533	yes	yes	yes	yes	yes	yes	
CAND_GRAM_001499	plus	candidate_pending_human_review			grammatical	1	Every day they notify five contacts	present_3s	notify	contacts	notify	contact	0.058	none	USF:Cue_Target_Pairs.L-O:7533	yes	yes	yes	yes	yes	yes	
CAND_GRAM_001500	plus	candidate_pending_human_review			grammatical	1	Last week they notified five contacts	simple_past	notified	contacts	notify	contact	0.058	none	USF:Cue_Target_Pairs.L-O:7533	yes	yes	yes	yes	yes	yes	
CAND_GRAM_001501	plus	candidate_pending_human_review			grammatical	1	She is notifying six contacts	be_progressive	notifying	contacts	notify	contact	0.058	none	USF:Cue_Target_Pairs.L-O:7533	yes	yes	yes	yes	yes	yes	
CAND_GRAM_001502	plus	candidate_pending_human_review			grammatical	1	She does not notify six contacts	do_negation	notify	contacts	notify	contact	0.058	none	USF:Cue_Target_Pairs.L-O:7533	yes	yes	yes	yes	yes	yes	
CAND_GRAM_001503	plus	candidate_pending_human_review			grammatical	1	Every day she notifies six contacts	present_3s	notifies	contacts	notify	contact	0.058	none	USF:Cue_Target_Pairs.L-O:7533	yes	yes	yes	yes	yes	yes	
CAND_GRAM_001504	plus	candidate_pending_human_review			grammatical	1	Last week she notified six contacts	simple_past	notified	contacts	notify	contact	0.058	none	USF:Cue_Target_Pairs.L-O:7533	yes	yes	yes	yes	yes	yes	
CAND_GRAM_001505	plus	candidate_pending_human_review			grammatical	1	He is notifying six contacts	be_progressive	notifying	contacts	notify	contact	0.058	none	USF:Cue_Target_Pairs.L-O:7533	yes	yes	yes	yes	yes	yes	
CAND_GRAM_001506	plus	candidate_pending_human_review			grammatical	1	He does not notify six contacts	do_negation	notify	contacts	notify	contact	0.058	none	USF:Cue_Target_Pairs.L-O:7533	yes	yes	yes	yes	yes	yes	
CAND_GRAM_001507	plus	candidate_pending_human_review			grammatical	1	Every day he notifies six contacts	present_3s	notifies	contacts	notify	contact	0.058	none	USF:Cue_Target_Pairs.L-O:7533	yes	yes	yes	yes	yes	yes	
CAND_GRAM_001508	plus	candidate_pending_human_review			grammatical	1	Last week he notified six contacts	simple_past	notified	contacts	notify	contact	0.058	none	USF:Cue_Target_Pairs.L-O:7533	yes	yes	yes	yes	yes	yes	
CAND_GRAM_001509	plus	candidate_pending_human_review			grammatical	1	They are notifying six contacts	be_progressive	notifying	contacts	notify	contact	0.058	none	USF:Cue_Target_Pairs.L-O:7533	yes	yes	yes	yes	yes	yes	
CAND_GRAM_001510	plus	candidate_pending_human_review			grammatical	1	They do not notify six contacts	do_negation	notify	contacts	notify	contact	0.058	none	USF:Cue_Target_Pairs.L-O:7533	yes	yes	yes	yes	yes	yes	
CAND_GRAM_001511	plus	candidate_pending_human_review			grammatical	1	Every day they notify six contacts	present_3s	notify	contacts	notify	contact	0.058	none	USF:Cue_Target_Pairs.L-O:7533	yes	yes	yes	yes	yes	yes	
CAND_GRAM_001512	plus	candidate_pending_human_review			grammatical	1	Last week they notified six contacts	simple_past	notified	contacts	notify	contact	0.058	none	USF:Cue_Target_Pairs.L-O:7533	yes	yes	yes	yes	yes	yes	
CAND_GRAM_001513	plus	candidate_pending_human_review			grammatical	1	She is swearing one curse	be_progressive	swearing	curse	swear	curse	0.382	none	USF:Cue_Target_Pairs.S:8883	yes	yes	yes	yes	yes	yes	
CAND_GRAM_001514	plus	candidate_pending_human_review			grammatical	1	She does not swear one curse	do_negation	swear	curse	swear	curse	0.382	none	USF:Cue_Target_Pairs.S:8883	yes	yes	yes	yes	yes	yes	
CAND_GRAM_001515	plus	candidate_pending_human_review			grammatical	1	Every day she swears one curse	present_3s	swears	curse	swear	curse	0.382	none	USF:Cue_Target_Pairs.S:8883	yes	yes	yes	yes	yes	yes	
CAND_GRAM_001516	plus	candidate_pending_human_review			grammatical	1	Last week she swore one curse	simple_past	swore	curse	swear	curse	0.382	none	USF:Cue_Target_Pairs.S:8883	yes	yes	yes	yes	yes	yes	
CAND_GRAM_001517	plus	candidate_pending_human_review			grammatical	1	He is swearing one curse	be_progressive	swearing	curse	swear	curse	0.382	none	USF:Cue_Target_Pairs.S:8883	yes	yes	yes	yes	yes	yes	
CAND_GRAM_001518	plus	candidate_pending_human_review			grammatical	1	He does not swear one curse	do_negation	swear	curse	swear	curse	0.382	none	USF:Cue_Target_Pairs.S:8883	yes	yes	yes	yes	yes	yes	
CAND_GRAM_001519	plus	candidate_pending_human_review			grammatical	1	Every day he swears one curse	present_3s	swears	curse	swear	curse	0.382	none	USF:Cue_Target_Pairs.S:8883	yes	yes	yes	yes	yes	yes	
CAND_GRAM_001520	plus	candidate_pending_human_review			grammatical	1	Last week he swore one curse	simple_past	swore	curse	swear	curse	0.382	none	USF:Cue_Target_Pairs.S:8883	yes	yes	yes	yes	yes	yes	
CAND_GRAM_001521	plus	candidate_pending_human_review			grammatical	1	They are swearing one curse	be_progressive	swearing	curse	swear	curse	0.382	none	USF:Cue_Target_Pairs.S:8883	yes	yes	yes	yes	yes	yes	
CAND_GRAM_001522	plus	candidate_pending_human_review			grammatical	1	They do not swear one curse	do_negation	swear	curse	swear	curse	0.382	none	USF:Cue_Target_Pairs.S:8883	yes	yes	yes	yes	yes	yes	
CAND_GRAM_001523	plus	candidate_pending_human_review			grammatical	1	Every day they swear one curse	present_3s	swear	curse	swear	curse	0.382	none	USF:Cue_Target_Pairs.S:8883	yes	yes	yes	yes	yes	yes	
CAND_GRAM_001524	plus	candidate_pending_human_review			grammatical	1	Last week they swore one curse	simple_past	swore	curse	swear	curse	0.382	none	USF:Cue_Target_Pairs.S:8883	yes	yes	yes	yes	yes	yes	
CAND_GRAM_001525	plus	candidate_pending_human_review			grammatical	1	She is swearing two curses	be_progressive	swearing	curses	swear	curse	0.382	none	USF:Cue_Target_Pairs.S:8883	yes	yes	yes	yes	yes	yes	
CAND_GRAM_001526	plus	candidate_pending_human_review			grammatical	1	She does not swear two curses	do_negation	swear	curses	swear	curse	0.382	none	USF:Cue_Target_Pairs.S:8883	yes	yes	yes	yes	yes	yes	
CAND_GRAM_001527	plus	candidate_pending_human_review			grammatical	1	Every day she swears two curses	present_3s	swears	curses	swear	curse	0.382	none	USF:Cue_Target_Pairs.S:8883	yes	yes	yes	yes	yes	yes	
CAND_GRAM_001528	plus	candidate_pending_human_review			grammatical	1	Last week she swore two curses	simple_past	swore	curses	swear	curse	0.382	none	USF:Cue_Target_Pairs.S:8883	yes	yes	yes	yes	yes	yes	
CAND_GRAM_001529	plus	candidate_pending_human_review			grammatical	1	He is swearing two curses	be_progressive	swearing	curses	swear	curse	0.382	none	USF:Cue_Target_Pairs.S:8883	yes	yes	yes	yes	yes	yes	
CAND_GRAM_001530	plus	candidate_pending_human_review			grammatical	1	He does not swear two curses	do_negation	swear	curses	swear	curse	0.382	none	USF:Cue_Target_Pairs.S:8883	yes	yes	yes	yes	yes	yes	
CAND_GRAM_001531	plus	candidate_pending_human_review			grammatical	1	Every day he swears two curses	present_3s	swears	curses	swear	curse	0.382	none	USF:Cue_Target_Pairs.S:8883	yes	yes	yes	yes	yes	yes	
CAND_GRAM_001532	plus	candidate_pending_human_review			grammatical	1	Last week he swore two curses	simple_past	swore	curses	swear	curse	0.382	none	USF:Cue_Target_Pairs.S:8883	yes	yes	yes	yes	yes	yes	
CAND_GRAM_001533	plus	candidate_pending_human_review			grammatical	1	They are swearing two curses	be_progressive	swearing	curses	swear	curse	0.382	none	USF:Cue_Target_Pairs.S:8883	yes	yes	yes	yes	yes	yes	
CAND_GRAM_001534	plus	candidate_pending_human_review			grammatical	1	They do not swear two curses	do_negation	swear	curses	swear	curse	0.382	none	USF:Cue_Target_Pairs.S:8883	yes	yes	yes	yes	yes	yes	
CAND_GRAM_001535	plus	candidate_pending_human_review			grammatical	1	Every day they swear two curses	present_3s	swear	curses	swear	curse	0.382	none	USF:Cue_Target_Pairs.S:8883	yes	yes	yes	yes	yes	yes	
CAND_GRAM_001536	plus	candidate_pending_human_review			grammatical	1	Last week they swore two curses	simple_past	swore	curses	swear	curse	0.382	none	USF:Cue_Target_Pairs.S:8883	yes	yes	yes	yes	yes	yes	
CAND_GRAM_001537	plus	candidate_pending_human_review			grammatical	1	She is swearing three curses	be_progressive	swearing	curses	swear	curse	0.382	none	USF:Cue_Target_Pairs.S:8883	yes	yes	yes	yes	yes	yes	
CAND_GRAM_001538	plus	candidate_pending_human_review			grammatical	1	She does not swear three curses	do_negation	swear	curses	swear	curse	0.382	none	USF:Cue_Target_Pairs.S:8883	yes	yes	yes	yes	yes	yes	
CAND_GRAM_001539	plus	candidate_pending_human_review			grammatical	1	Every day she swears three curses	present_3s	swears	curses	swear	curse	0.382	none	USF:Cue_Target_Pairs.S:8883	yes	yes	yes	yes	yes	yes	
CAND_GRAM_001540	plus	candidate_pending_human_review			grammatical	1	Last week she swore three curses	simple_past	swore	curses	swear	curse	0.382	none	USF:Cue_Target_Pairs.S:8883	yes	yes	yes	yes	yes	yes	
CAND_GRAM_001541	plus	candidate_pending_human_review			grammatical	1	He is swearing three curses	be_progressive	swearing	curses	swear	curse	0.382	none	USF:Cue_Target_Pairs.S:8883	yes	yes	yes	yes	yes	yes	
CAND_GRAM_001542	plus	candidate_pending_human_review			grammatical	1	He does not swear three curses	do_negation	swear	curses	swear	curse	0.382	none	USF:Cue_Target_Pairs.S:8883	yes	yes	yes	yes	yes	yes	
CAND_GRAM_001543	plus	candidate_pending_human_review			grammatical	1	Every day he swears three curses	present_3s	swears	curses	swear	curse	0.382	none	USF:Cue_Target_Pairs.S:8883	yes	yes	yes	yes	yes	yes	
CAND_GRAM_001544	plus	candidate_pending_human_review			grammatical	1	Last week he swore three curses	simple_past	swore	curses	swear	curse	0.382	none	USF:Cue_Target_Pairs.S:8883	yes	yes	yes	yes	yes	yes	
CAND_GRAM_001545	plus	candidate_pending_human_review			grammatical	1	They are swearing three curses	be_progressive	swearing	curses	swear	curse	0.382	none	USF:Cue_Target_Pairs.S:8883	yes	yes	yes	yes	yes	yes	
CAND_GRAM_001546	plus	candidate_pending_human_review			grammatical	1	They do not swear three curses	do_negation	swear	curses	swear	curse	0.382	none	USF:Cue_Target_Pairs.S:8883	yes	yes	yes	yes	yes	yes	
CAND_GRAM_001547	plus	candidate_pending_human_review			grammatical	1	Every day they swear three curses	present_3s	swear	curses	swear	curse	0.382	none	USF:Cue_Target_Pairs.S:8883	yes	yes	yes	yes	yes	yes	
CAND_GRAM_001548	plus	candidate_pending_human_review			grammatical	1	Last week they swore three curses	simple_past	swore	curses	swear	curse	0.382	none	USF:Cue_Target_Pairs.S:8883	yes	yes	yes	yes	yes	yes	
CAND_GRAM_001549	plus	candidate_pending_human_review			grammatical	1	She is swearing four curses	be_progressive	swearing	curses	swear	curse	0.382	none	USF:Cue_Target_Pairs.S:8883	yes	yes	yes	yes	yes	yes	
CAND_GRAM_001550	plus	candidate_pending_human_review			grammatical	1	She does not swear four curses	do_negation	swear	curses	swear	curse	0.382	none	USF:Cue_Target_Pairs.S:8883	yes	yes	yes	yes	yes	yes	
CAND_GRAM_001551	plus	candidate_pending_human_review			finiteness_violation	0	She are folding one letter	be_progressive	are	letter	fold	letter	0.026	substituted	USF:Cue_Target_Pairs.D-F:8939	no	yes	yes	yes	no	yes	
CAND_GRAM_001552	plus	candidate_pending_human_review			finiteness_violation	0	She do not fold one letter	do_negation	do	letter	fold	letter	0.026	substituted	USF:Cue_Target_Pairs.D-F:8939	no	yes	yes	yes	no	yes	
CAND_GRAM_001553	plus	candidate_pending_human_review			finiteness_violation	0	Every day she fold one letter	present_3s	fold	letter	fold	letter	0.026	omitted	USF:Cue_Target_Pairs.D-F:8939	no	yes	yes	yes	no	yes	
CAND_GRAM_001554	plus	candidate_pending_human_review			finiteness_violation	0	Last week she fold one letter	simple_past	fold	letter	fold	letter	0.026	omitted	USF:Cue_Target_Pairs.D-F:8939	no	yes	yes	yes	no	yes	
CAND_GRAM_001555	plus	candidate_pending_human_review			finiteness_violation	0	He are folding one letter	be_progressive	are	letter	fold	letter	0.026	substituted	USF:Cue_Target_Pairs.D-F:8939	no	yes	yes	yes	no	yes	
CAND_GRAM_001556	plus	candidate_pending_human_review			finiteness_violation	0	He do not fold one letter	do_negation	do	letter	fold	letter	0.026	substituted	USF:Cue_Target_Pairs.D-F:8939	no	yes	yes	yes	no	yes	
CAND_GRAM_001557	plus	candidate_pending_human_review			finiteness_violation	0	Every day he fold one letter	present_3s	fold	letter	fold	letter	0.026	omitted	USF:Cue_Target_Pairs.D-F:8939	no	yes	yes	yes	no	yes	
CAND_GRAM_001558	plus	candidate_pending_human_review			finiteness_violation	0	Last week he fold one letter	simple_past	fold	letter	fold	letter	0.026	omitted	USF:Cue_Target_Pairs.D-F:8939	no	yes	yes	yes	no	yes	
CAND_GRAM_001559	plus	candidate_pending_human_review			finiteness_violation	0	They is folding one letter	be_progressive	is	letter	fold	letter	0.026	substituted	USF:Cue_Target_Pairs.D-F:8939	no	yes	yes	yes	no	yes	
CAND_GRAM_001560	plus	candidate_pending_human_review			finiteness_violation	0	They does not fold one letter	do_negation	does	letter	fold	letter	0.026	substituted	USF:Cue_Target_Pairs.D-F:8939	no	yes	yes	yes	no	yes	
CAND_GRAM_001561	plus	candidate_pending_human_review			finiteness_violation	0	Every day they folds one letter	present_3s	folds	letter	fold	letter	0.026	added	USF:Cue_Target_Pairs.D-F:8939	no	yes	yes	yes	no	yes	
CAND_GRAM_001562	plus	candidate_pending_human_review			finiteness_violation	0	Last week they fold one letter	simple_past	fold	letter	fold	letter	0.026	omitted	USF:Cue_Target_Pairs.D-F:8939	no	yes	yes	yes	no	yes	
CAND_GRAM_001563	plus	candidate_pending_human_review			finiteness_violation	0	She are folding two letters	be_progressive	are	letters	fold	letter	0.026	substituted	USF:Cue_Target_Pairs.D-F:8939	no	yes	yes	yes	no	yes	
CAND_GRAM_001564	plus	candidate_pending_human_review			finiteness_violation	0	She do not fold two letters	do_negation	do	letters	fold	letter	0.026	substituted	USF:Cue_Target_Pairs.D-F:8939	no	yes	yes	yes	no	yes	
CAND_GRAM_001565	plus	candidate_pending_human_review			finiteness_violation	0	Every day she fold two letters	present_3s	fold	letters	fold	letter	0.026	omitted	USF:Cue_Target_Pairs.D-F:8939	no	yes	yes	yes	no	yes	
CAND_GRAM_001566	plus	candidate_pending_human_review			finiteness_violation	0	Last week she folding two letters	simple_past	folding	letters	fold	letter	0.026	omitted	USF:Cue_Target_Pairs.D-F:8939	no	yes	yes	yes	no	yes	
CAND_GRAM_001567	plus	candidate_pending_human_review			finiteness_violation	0	He are folding two letters	be_progressive	are	letters	fold	letter	0.026	substituted	USF:Cue_Target_Pairs.D-F:8939	no	yes	yes	yes	no	yes	
CAND_GRAM_001568	plus	candidate_pending_human_review			finiteness_violation	0	He do not fold two letters	do_negation	do	letters	fold	letter	0.026	substituted	USF:Cue_Target_Pairs.D-F:8939	no	yes	yes	yes	no	yes	
CAND_GRAM_001569	plus	candidate_pending_human_review			finiteness_violation	0	Every day he fold two letters	present_3s	fold	letters	fold	letter	0.026	omitted	USF:Cue_Target_Pairs.D-F:8939	no	yes	yes	yes	no	yes	
CAND_GRAM_001570	plus	candidate_pending_human_review			finiteness_violation	0	Last week he fold two letters	simple_past	fold	letters	fold	letter	0.026	omitted	USF:Cue_Target_Pairs.D-F:8939	no	yes	yes	yes	no	yes	
CAND_GRAM_001571	plus	candidate_pending_human_review			finiteness_violation	0	They is folding two letters	be_progressive	is	letters	fold	letter	0.026	substituted	USF:Cue_Target_Pairs.D-F:8939	no	yes	yes	yes	no	yes	
CAND_GRAM_001572	plus	candidate_pending_human_review			finiteness_violation	0	They does not fold two letters	do_negation	does	letters	fold	letter	0.026	substituted	USF:Cue_Target_Pairs.D-F:8939	no	yes	yes	yes	no	yes	
CAND_GRAM_001573	plus	candidate_pending_human_review			finiteness_violation	0	Every day they folds two letters	present_3s	folds	letters	fold	letter	0.026	added	USF:Cue_Target_Pairs.D-F:8939	no	yes	yes	yes	no	yes	
CAND_GRAM_001574	plus	candidate_pending_human_review			finiteness_violation	0	Last week they fold two letters	simple_past	fold	letters	fold	letter	0.026	omitted	USF:Cue_Target_Pairs.D-F:8939	no	yes	yes	yes	no	yes	
CAND_GRAM_001575	plus	candidate_pending_human_review			finiteness_violation	0	She are folding three letters	be_progressive	are	letters	fold	letter	0.026	substituted	USF:Cue_Target_Pairs.D-F:8939	no	yes	yes	yes	no	yes	
CAND_GRAM_001576	plus	candidate_pending_human_review			finiteness_violation	0	She do not fold three letters	do_negation	do	letters	fold	letter	0.026	substituted	USF:Cue_Target_Pairs.D-F:8939	no	yes	yes	yes	no	yes	
CAND_GRAM_001577	plus	candidate_pending_human_review			finiteness_violation	0	Every day she fold three letters	present_3s	fold	letters	fold	letter	0.026	omitted	USF:Cue_Target_Pairs.D-F:8939	no	yes	yes	yes	no	yes	
CAND_GRAM_001578	plus	candidate_pending_human_review			finiteness_violation	0	Last week she fold three letters	simple_past	fold	letters	fold	letter	0.026	omitted	USF:Cue_Target_Pairs.D-F:8939	no	yes	yes	yes	no	yes	
CAND_GRAM_001579	plus	candidate_pending_human_review			finiteness_violation	0	He are folding three letters	be_progressive	are	letters	fold	letter	0.026	substituted	USF:Cue_Target_Pairs.D-F:8939	no	yes	yes	yes	no	yes	
CAND_GRAM_001580	plus	candidate_pending_human_review			finiteness_violation	0	He do not fold three letters	do_negation	do	letters	fold	letter	0.026	substituted	USF:Cue_Target_Pairs.D-F:8939	no	yes	yes	yes	no	yes	
CAND_GRAM_001581	plus	candidate_pending_human_review			finiteness_violation	0	Every day he fold three letters	present_3s	fold	letters	fold	letter	0.026	omitted	USF:Cue_Target_Pairs.D-F:8939	no	yes	yes	yes	no	yes	
CAND_GRAM_001582	plus	candidate_pending_human_review			finiteness_violation	0	Last week he fold three letters	simple_past	fold	letters	fold	letter	0.026	omitted	USF:Cue_Target_Pairs.D-F:8939	no	yes	yes	yes	no	yes	
CAND_GRAM_001583	plus	candidate_pending_human_review			finiteness_violation	0	They is folding three letters	be_progressive	is	letters	fold	letter	0.026	substituted	USF:Cue_Target_Pairs.D-F:8939	no	yes	yes	yes	no	yes	
CAND_GRAM_001584	plus	candidate_pending_human_review			finiteness_violation	0	They does not fold three letters	do_negation	does	letters	fold	letter	0.026	substituted	USF:Cue_Target_Pairs.D-F:8939	no	yes	yes	yes	no	yes	
CAND_GRAM_001585	plus	candidate_pending_human_review			finiteness_violation	0	Every day they folds three letters	present_3s	folds	letters	fold	letter	0.026	added	USF:Cue_Target_Pairs.D-F:8939	no	yes	yes	yes	no	yes	
CAND_GRAM_001586	plus	candidate_pending_human_review			finiteness_violation	0	Last week they folding three letters	simple_past	folding	letters	fold	letter	0.026	omitted	USF:Cue_Target_Pairs.D-F:8939	no	yes	yes	yes	no	yes	
CAND_GRAM_001587	plus	candidate_pending_human_review			finiteness_violation	0	She are folding four letters	be_progressive	are	letters	fold	letter	0.026	substituted	USF:Cue_Target_Pairs.D-F:8939	no	yes	yes	yes	no	yes	
CAND_GRAM_001588	plus	candidate_pending_human_review			finiteness_violation	0	She do not fold four letters	do_negation	do	letters	fold	letter	0.026	substituted	USF:Cue_Target_Pairs.D-F:8939	no	yes	yes	yes	no	yes	
CAND_GRAM_001589	plus	candidate_pending_human_review			finiteness_violation	0	Every day she fold four letters	present_3s	fold	letters	fold	letter	0.026	omitted	USF:Cue_Target_Pairs.D-F:8939	no	yes	yes	yes	no	yes	
CAND_GRAM_001590	plus	candidate_pending_human_review			finiteness_violation	0	Last week she fold four letters	simple_past	fold	letters	fold	letter	0.026	omitted	USF:Cue_Target_Pairs.D-F:8939	no	yes	yes	yes	no	yes	
CAND_GRAM_001591	plus	candidate_pending_human_review			finiteness_violation	0	He are folding four letters	be_progressive	are	letters	fold	letter	0.026	substituted	USF:Cue_Target_Pairs.D-F:8939	no	yes	yes	yes	no	yes	
CAND_GRAM_001592	plus	candidate_pending_human_review			finiteness_violation	0	He do not fold four letters	do_negation	do	letters	fold	letter	0.026	substituted	USF:Cue_Target_Pairs.D-F:8939	no	yes	yes	yes	no	yes	
CAND_GRAM_001593	plus	candidate_pending_human_review			finiteness_violation	0	Every day he fold four letters	present_3s	fold	letters	fold	letter	0.026	omitted	USF:Cue_Target_Pairs.D-F:8939	no	yes	yes	yes	no	yes	
CAND_GRAM_001594	plus	candidate_pending_human_review			finiteness_violation	0	Last week he fold four letters	simple_past	fold	letters	fold	letter	0.026	omitted	USF:Cue_Target_Pairs.D-F:8939	no	yes	yes	yes	no	yes	
CAND_GRAM_001595	plus	candidate_pending_human_review			finiteness_violation	0	They is folding four letters	be_progressive	is	letters	fold	letter	0.026	substituted	USF:Cue_Target_Pairs.D-F:8939	no	yes	yes	yes	no	yes	
CAND_GRAM_001596	plus	candidate_pending_human_review			finiteness_violation	0	They does not fold four letters	do_negation	does	letters	fold	letter	0.026	substituted	USF:Cue_Target_Pairs.D-F:8939	no	yes	yes	yes	no	yes	
CAND_GRAM_001597	plus	candidate_pending_human_review			finiteness_violation	0	Every day they folds four letters	present_3s	folds	letters	fold	letter	0.026	added	USF:Cue_Target_Pairs.D-F:8939	no	yes	yes	yes	no	yes	
CAND_GRAM_001598	plus	candidate_pending_human_review			finiteness_violation	0	Last week they fold four letters	simple_past	fold	letters	fold	letter	0.026	omitted	USF:Cue_Target_Pairs.D-F:8939	no	yes	yes	yes	no	yes	
CAND_GRAM_001599	plus	candidate_pending_human_review			finiteness_violation	0	She are folding five letters	be_progressive	are	letters	fold	letter	0.026	substituted	USF:Cue_Target_Pairs.D-F:8939	no	yes	yes	yes	no	yes	
CAND_GRAM_001600	plus	candidate_pending_human_review			finiteness_violation	0	She do not fold five letters	do_negation	do	letters	fold	letter	0.026	substituted	USF:Cue_Target_Pairs.D-F:8939	no	yes	yes	yes	no	yes	
CAND_GRAM_001601	plus	candidate_pending_human_review			finiteness_violation	0	Every day she fold five letters	present_3s	fold	letters	fold	letter	0.026	omitted	USF:Cue_Target_Pairs.D-F:8939	no	yes	yes	yes	no	yes	
CAND_GRAM_001602	plus	candidate_pending_human_review			finiteness_violation	0	Last week she fold five letters	simple_past	fold	letters	fold	letter	0.026	omitted	USF:Cue_Target_Pairs.D-F:8939	no	yes	yes	yes	no	yes	
CAND_GRAM_001603	plus	candidate_pending_human_review			finiteness_violation	0	He are folding five letters	be_progressive	are	letters	fold	letter	0.026	substituted	USF:Cue_Target_Pairs.D-F:8939	no	yes	yes	yes	no	yes	
CAND_GRAM_001604	plus	candidate_pending_human_review			finiteness_violation	0	He do not fold five letters	do_negation	do	letters	fold	letter	0.026	substituted	USF:Cue_Target_Pairs.D-F:8939	no	yes	yes	yes	no	yes	
CAND_GRAM_001605	plus	candidate_pending_human_review			finiteness_violation	0	Every day he fold five letters	present_3s	fold	letters	fold	letter	0.026	omitted	USF:Cue_Target_Pairs.D-F:8939	no	yes	yes	yes	no	yes	
CAND_GRAM_001606	plus	candidate_pending_human_review			finiteness_violation	0	Last week he folding five letters	simple_past	folding	letters	fold	letter	0.026	omitted	USF:Cue_Target_Pairs.D-F:8939	no	yes	yes	yes	no	yes	
CAND_GRAM_001607	plus	candidate_pending_human_review			finiteness_violation	0	They is folding five letters	be_progressive	is	letters	fold	letter	0.026	substituted	USF:Cue_Target_Pairs.D-F:8939	no	yes	yes	yes	no	yes	
CAND_GRAM_001608	plus	candidate_pending_human_review			finiteness_violation	0	They does not fold five letters	do_negation	does	letters	fold	letter	0.026	substituted	USF:Cue_Target_Pairs.D-F:8939	no	yes	yes	yes	no	yes	
CAND_GRAM_001609	plus	candidate_pending_human_review			finiteness_violation	0	Every day they folds five letters	present_3s	folds	letters	fold	letter	0.026	added	USF:Cue_Target_Pairs.D-F:8939	no	yes	yes	yes	no	yes	
CAND_GRAM_001610	plus	candidate_pending_human_review			finiteness_violation	0	Last week they fold five letters	simple_past	fold	letters	fold	letter	0.026	omitted	USF:Cue_Target_Pairs.D-F:8939	no	yes	yes	yes	no	yes	
CAND_GRAM_001611	plus	candidate_pending_human_review			finiteness_violation	0	She are folding six letters	be_progressive	are	letters	fold	letter	0.026	substituted	USF:Cue_Target_Pairs.D-F:8939	no	yes	yes	yes	no	yes	
CAND_GRAM_001612	plus	candidate_pending_human_review			finiteness_violation	0	She do not fold six letters	do_negation	do	letters	fold	letter	0.026	substituted	USF:Cue_Target_Pairs.D-F:8939	no	yes	yes	yes	no	yes	
CAND_GRAM_001613	plus	candidate_pending_human_review			finiteness_violation	0	Every day she fold six letters	present_3s	fold	letters	fold	letter	0.026	omitted	USF:Cue_Target_Pairs.D-F:8939	no	yes	yes	yes	no	yes	
CAND_GRAM_001614	plus	candidate_pending_human_review			finiteness_violation	0	Last week she fold six letters	simple_past	fold	letters	fold	letter	0.026	omitted	USF:Cue_Target_Pairs.D-F:8939	no	yes	yes	yes	no	yes	
CAND_GRAM_001615	plus	candidate_pending_human_review			finiteness_violation	0	He are folding six letters	be_progressive	are	letters	fold	letter	0.026	substituted	USF:Cue_Target_Pairs.D-F:8939	no	yes	yes	yes	no	yes	
CAND_GRAM_001616	plus	candidate_pending_human_review			finiteness_violation	0	He do not fold six letters	do_negation	do	letters	fold	letter	0.026	substituted	USF:Cue_Target_Pairs.D-F:8939	no	yes	yes	yes	no	yes	
CAND_GRAM_001617	plus	candidate_pending_human_review			finiteness_violation	0	Every day he fold six letters	present_3s	fold	letters	fold	letter	0.026	omitted	USF:Cue_Target_Pairs.D-F:8939	no	yes	yes	yes	no	yes	
CAND_GRAM_001618	plus	candidate_pending_human_review			finiteness_violation	0	Last week he fold six letters	simple_past	fold	letters	fold	letter	0.026	omitted	USF:Cue_Target_Pairs.D-F:8939	no	yes	yes	yes	no	yes	
CAND_GRAM_001619	plus	candidate_pending_human_review			finiteness_violation	0	They is folding six letters	be_progressive	is	letters	fold	letter	0.026	substituted	USF:Cue_Target_Pairs.D-F:8939	no	yes	yes	yes	no	yes	
CAND_GRAM_001620	plus	candidate_pending_human_review			finiteness_violation	0	They does not fold six letters	do_negation	does	letters	fold	letter	0.026	substituted	USF:Cue_Target_Pairs.D-F:8939	no	yes	yes	yes	no	yes	
CAND_GRAM_001621	plus	candidate_pending_human_review			finiteness_violation	0	Every day they folds six letters	present_3s	folds	letters	fold	letter	0.026	added	USF:Cue_Target_Pairs.D-F:8939	no	yes	yes	yes	no	yes	
CAND_GRAM_001622	plus	candidate_pending_human_review			finiteness_violation	0	Last week they fold six letters	simple_past	fold	letters	fold	letter	0.026	omitted	USF:Cue_Target_Pairs.D-F:8939	no	yes	yes	yes	no	yes	
CAND_GRAM_001623	plus	candidate_pending_human_review			finiteness_violation	0	She are bouncing one ball	be_progressive	are	ball	bounce	ball	0.564	substituted	USF:Cue_Target_Pairs.A-B:6872	no	yes	yes	yes	no	yes	
CAND_GRAM_001624	plus	candidate_pending_human_review			finiteness_violation	0	She do not bounce one ball	do_negation	do	ball	bounce	ball	0.564	substituted	USF:Cue_Target_Pairs.A-B:6872	no	yes	yes	yes	no	yes	
CAND_GRAM_001625	plus	candidate_pending_human_review			finiteness_violation	0	Every day she bounce one ball	present_3s	bounce	ball	bounce	ball	0.564	omitted	USF:Cue_Target_Pairs.A-B:6872	no	yes	yes	yes	no	yes	
CAND_GRAM_001626	plus	candidate_pending_human_review			finiteness_violation	0	Last week she bounce one ball	simple_past	bounce	ball	bounce	ball	0.564	omitted	USF:Cue_Target_Pairs.A-B:6872	no	yes	yes	yes	no	yes	
CAND_GRAM_001627	plus	candidate_pending_human_review			finiteness_violation	0	He are bouncing one ball	be_progressive	are	ball	bounce	ball	0.564	substituted	USF:Cue_Target_Pairs.A-B:6872	no	yes	yes	yes	no	yes	
CAND_GRAM_001628	plus	candidate_pending_human_review			finiteness_violation	0	He do not bounce one ball	do_negation	do	ball	bounce	ball	0.564	substituted	USF:Cue_Target_Pairs.A-B:6872	no	yes	yes	yes	no	yes	
CAND_GRAM_001629	plus	candidate_pending_human_review			finiteness_violation	0	Every day he bounce one ball	present_3s	bounce	ball	bounce	ball	0.564	omitted	USF:Cue_Target_Pairs.A-B:6872	no	yes	yes	yes	no	yes	
CAND_GRAM_001630	plus	candidate_pending_human_review			finiteness_violation	0	Last week he bounce one ball	simple_past	bounce	ball	bounce	ball	0.564	omitted	USF:Cue_Target_Pairs.A-B:6872	no	yes	yes	yes	no	yes	
CAND_GRAM_001631	plus	candidate_pending_human_review			finiteness_violation	0	They is bouncing one ball	be_progressive	is	ball	bounce	ball	0.564	substituted	USF:Cue_Target_Pairs.A-B:6872	no	yes	yes	yes	no	yes	
CAND_GRAM_001632	plus	candidate_pending_human_review			finiteness_violation	0	They does not bounce one ball	do_negation	does	ball	bounce	ball	0.564	substituted	USF:Cue_Target_Pairs.A-B:6872	no	yes	yes	yes	no	yes	
CAND_GRAM_001633	plus	candidate_pending_human_review			finiteness_violation	0	Every day they bounces one ball	present_3s	bounces	ball	bounce	ball	0.564	added	USF:Cue_Target_Pairs.A-B:6872	no	yes	yes	yes	no	yes	
CAND_GRAM_001634	plus	candidate_pending_human_review			finiteness_violation	0	Last week they bounce one ball	simple_past	bounce	ball	bounce	ball	0.564	omitted	USF:Cue_Target_Pairs.A-B:6872	no	yes	yes	yes	no	yes	
CAND_GRAM_001635	plus	candidate_pending_human_review			finiteness_violation	0	She are bouncing two balls	be_progressive	are	balls	bounce	ball	0.564	substituted	USF:Cue_Target_Pairs.A-B:6872	no	yes	yes	yes	no	yes	
CAND_GRAM_001636	plus	candidate_pending_human_review			finiteness_violation	0	She do not bounce two balls	do_negation	do	balls	bounce	ball	0.564	substituted	USF:Cue_Target_Pairs.A-B:6872	no	yes	yes	yes	no	yes	
CAND_GRAM_001637	plus	candidate_pending_human_review			finiteness_violation	0	Every day she bounce two balls	present_3s	bounce	balls	bounce	ball	0.564	omitted	USF:Cue_Target_Pairs.A-B:6872	no	yes	yes	yes	no	yes	
CAND_GRAM_001638	plus	candidate_pending_human_review			finiteness_violation	0	Last week she bouncing two balls	simple_past	bouncing	balls	bounce	ball	0.564	omitted	USF:Cue_Target_Pairs.A-B:6872	no	yes	yes	yes	no	yes	
CAND_GRAM_001639	plus	candidate_pending_human_review			finiteness_violation	0	He are bouncing two balls	be_progressive	are	balls	bounce	ball	0.564	substituted	USF:Cue_Target_Pairs.A-B:6872	no	yes	yes	yes	no	yes	
CAND_GRAM_001640	plus	candidate_pending_human_review			finiteness_violation	0	He do not bounce two balls	do_negation	do	balls	bounce	ball	0.564	substituted	USF:Cue_Target_Pairs.A-B:6872	no	yes	yes	yes	no	yes	
CAND_GRAM_001641	plus	candidate_pending_human_review			finiteness_violation	0	Every day he bounce two balls	present_3s	bounce	balls	bounce	ball	0.564	omitted	USF:Cue_Target_Pairs.A-B:6872	no	yes	yes	yes	no	yes	
CAND_GRAM_001642	plus	candidate_pending_human_review			finiteness_violation	0	Last week he bounce two balls	simple_past	bounce	balls	bounce	ball	0.564	omitted	USF:Cue_Target_Pairs.A-B:6872	no	yes	yes	yes	no	yes	
CAND_GRAM_001643	plus	candidate_pending_human_review			finiteness_violation	0	They is bouncing two balls	be_progressive	is	balls	bounce	ball	0.564	substituted	USF:Cue_Target_Pairs.A-B:6872	no	yes	yes	yes	no	yes	
CAND_GRAM_001644	plus	candidate_pending_human_review			finiteness_violation	0	They does not bounce two balls	do_negation	does	balls	bounce	ball	0.564	substituted	USF:Cue_Target_Pairs.A-B:6872	no	yes	yes	yes	no	yes	
CAND_GRAM_001645	plus	candidate_pending_human_review			finiteness_violation	0	Every day they bounces two balls	present_3s	bounces	balls	bounce	ball	0.564	added	USF:Cue_Target_Pairs.A-B:6872	no	yes	yes	yes	no	yes	
CAND_GRAM_001646	plus	candidate_pending_human_review			finiteness_violation	0	Last week they bounce two balls	simple_past	bounce	balls	bounce	ball	0.564	omitted	USF:Cue_Target_Pairs.A-B:6872	no	yes	yes	yes	no	yes	
CAND_GRAM_001647	plus	candidate_pending_human_review			finiteness_violation	0	She are bouncing three balls	be_progressive	are	balls	bounce	ball	0.564	substituted	USF:Cue_Target_Pairs.A-B:6872	no	yes	yes	yes	no	yes	
CAND_GRAM_001648	plus	candidate_pending_human_review			finiteness_violation	0	She do not bounce three balls	do_negation	do	balls	bounce	ball	0.564	substituted	USF:Cue_Target_Pairs.A-B:6872	no	yes	yes	yes	no	yes	
CAND_GRAM_001649	plus	candidate_pending_human_review			finiteness_violation	0	Every day she bounce three balls	present_3s	bounce	balls	bounce	ball	0.564	omitted	USF:Cue_Target_Pairs.A-B:6872	no	yes	yes	yes	no	yes	
CAND_GRAM_001650	plus	candidate_pending_human_review			finiteness_violation	0	Last week she bounce three balls	simple_past	bounce	balls	bounce	ball	0.564	omitted	USF:Cue_Target_Pairs.A-B:6872	no	yes	yes	yes	no	yes	
CAND_GRAM_001651	plus	candidate_pending_human_review			finiteness_violation	0	He are bouncing three balls	be_progressive	are	balls	bounce	ball	0.564	substituted	USF:Cue_Target_Pairs.A-B:6872	no	yes	yes	yes	no	yes	
CAND_GRAM_001652	plus	candidate_pending_human_review			finiteness_violation	0	He do not bounce three balls	do_negation	do	balls	bounce	ball	0.564	substituted	USF:Cue_Target_Pairs.A-B:6872	no	yes	yes	yes	no	yes	
CAND_GRAM_001653	plus	candidate_pending_human_review			finiteness_violation	0	Every day he bounce three balls	present_3s	bounce	balls	bounce	ball	0.564	omitted	USF:Cue_Target_Pairs.A-B:6872	no	yes	yes	yes	no	yes	
CAND_GRAM_001654	plus	candidate_pending_human_review			finiteness_violation	0	Last week he bounce three balls	simple_past	bounce	balls	bounce	ball	0.564	omitted	USF:Cue_Target_Pairs.A-B:6872	no	yes	yes	yes	no	yes	
CAND_GRAM_001655	plus	candidate_pending_human_review			finiteness_violation	0	They is bouncing three balls	be_progressive	is	balls	bounce	ball	0.564	substituted	USF:Cue_Target_Pairs.A-B:6872	no	yes	yes	yes	no	yes	
CAND_GRAM_001656	plus	candidate_pending_human_review			finiteness_violation	0	They does not bounce three balls	do_negation	does	balls	bounce	ball	0.564	substituted	USF:Cue_Target_Pairs.A-B:6872	no	yes	yes	yes	no	yes	
CAND_GRAM_001657	plus	candidate_pending_human_review			finiteness_violation	0	Every day they bounces three balls	present_3s	bounces	balls	bounce	ball	0.564	added	USF:Cue_Target_Pairs.A-B:6872	no	yes	yes	yes	no	yes	
CAND_GRAM_001658	plus	candidate_pending_human_review			finiteness_violation	0	Last week they bouncing three balls	simple_past	bouncing	balls	bounce	ball	0.564	omitted	USF:Cue_Target_Pairs.A-B:6872	no	yes	yes	yes	no	yes	
CAND_GRAM_001659	plus	candidate_pending_human_review			finiteness_violation	0	She are bouncing four balls	be_progressive	are	balls	bounce	ball	0.564	substituted	USF:Cue_Target_Pairs.A-B:6872	no	yes	yes	yes	no	yes	
CAND_GRAM_001660	plus	candidate_pending_human_review			finiteness_violation	0	She do not bounce four balls	do_negation	do	balls	bounce	ball	0.564	substituted	USF:Cue_Target_Pairs.A-B:6872	no	yes	yes	yes	no	yes	
CAND_GRAM_001661	plus	candidate_pending_human_review			finiteness_violation	0	Every day she bounce four balls	present_3s	bounce	balls	bounce	ball	0.564	omitted	USF:Cue_Target_Pairs.A-B:6872	no	yes	yes	yes	no	yes	
CAND_GRAM_001662	plus	candidate_pending_human_review			finiteness_violation	0	Last week she bounce four balls	simple_past	bounce	balls	bounce	ball	0.564	omitted	USF:Cue_Target_Pairs.A-B:6872	no	yes	yes	yes	no	yes	
CAND_GRAM_001663	plus	candidate_pending_human_review			finiteness_violation	0	He are bouncing four balls	be_progressive	are	balls	bounce	ball	0.564	substituted	USF:Cue_Target_Pairs.A-B:6872	no	yes	yes	yes	no	yes	
CAND_GRAM_001664	plus	candidate_pending_human_review			finiteness_violation	0	He do not bounce four balls	do_negation	do	balls	bounce	ball	0.564	substituted	USF:Cue_Target_Pairs.A-B:6872	no	yes	yes	yes	no	yes	
CAND_GRAM_001665	plus	candidate_pending_human_review			finiteness_violation	0	Every day he bounce four balls	present_3s	bounce	balls	bounce	ball	0.564	omitted	USF:Cue_Target_Pairs.A-B:6872	no	yes	yes	yes	no	yes	
CAND_GRAM_001666	plus	candidate_pending_human_review			finiteness_violation	0	Last week he bounce four balls	simple_past	bounce	balls	bounce	ball	0.564	omitted	USF:Cue_Target_Pairs.A-B:6872	no	yes	yes	yes	no	yes	
CAND_GRAM_001667	plus	candidate_pending_human_review			finiteness_violation	0	They is bouncing four balls	be_progressive	is	balls	bounce	ball	0.564	substituted	USF:Cue_Target_Pairs.A-B:6872	no	yes	yes	yes	no	yes	
CAND_GRAM_001668	plus	candidate_pending_human_review			finiteness_violation	0	They does not bounce four balls	do_negation	does	balls	bounce	ball	0.564	substituted	USF:Cue_Target_Pairs.A-B:6872	no	yes	yes	yes	no	yes	
CAND_GRAM_001669	plus	candidate_pending_human_review			finiteness_violation	0	Every day they bounces four balls	present_3s	bounces	balls	bounce	ball	0.564	added	USF:Cue_Target_Pairs.A-B:6872	no	yes	yes	yes	no	yes	
CAND_GRAM_001670	plus	candidate_pending_human_review			finiteness_violation	0	Last week they bounce four balls	simple_past	bounce	balls	bounce	ball	0.564	omitted	USF:Cue_Target_Pairs.A-B:6872	no	yes	yes	yes	no	yes	
CAND_GRAM_001671	plus	candidate_pending_human_review			finiteness_violation	0	She are bouncing five balls	be_progressive	are	balls	bounce	ball	0.564	substituted	USF:Cue_Target_Pairs.A-B:6872	no	yes	yes	yes	no	yes	
CAND_GRAM_001672	plus	candidate_pending_human_review			finiteness_violation	0	She do not bounce five balls	do_negation	do	balls	bounce	ball	0.564	substituted	USF:Cue_Target_Pairs.A-B:6872	no	yes	yes	yes	no	yes	
CAND_GRAM_001673	plus	candidate_pending_human_review			finiteness_violation	0	Every day she bounce five balls	present_3s	bounce	balls	bounce	ball	0.564	omitted	USF:Cue_Target_Pairs.A-B:6872	no	yes	yes	yes	no	yes	
CAND_GRAM_001674	plus	candidate_pending_human_review			finiteness_violation	0	Last week she bounce five balls	simple_past	bounce	balls	bounce	ball	0.564	omitted	USF:Cue_Target_Pairs.A-B:6872	no	yes	yes	yes	no	yes	
CAND_GRAM_001675	plus	candidate_pending_human_review			finiteness_violation	0	He are bouncing five balls	be_progressive	are	balls	bounce	ball	0.564	substituted	USF:Cue_Target_Pairs.A-B:6872	no	yes	yes	yes	no	yes	
CAND_GRAM_001676	plus	candidate_pending_human_review			finiteness_violation	0	He do not bounce five balls	do_negation	do	balls	bounce	ball	0.564	substituted	USF:Cue_Target_Pairs.A-B:6872	no	yes	yes	yes	no	yes	
CAND_GRAM_001677	plus	candidate_pending_human_review			finiteness_violation	0	Every day he bounce five balls	present_3s	bounce	balls	bounce	ball	0.564	omitted	USF:Cue_Target_Pairs.A-B:6872	no	yes	yes	yes	no	yes	
CAND_GRAM_001678	plus	candidate_pending_human_review			finiteness_violation	0	Last week he bouncing five balls	simple_past	bouncing	balls	bounce	ball	0.564	omitted	USF:Cue_Target_Pairs.A-B:6872	no	yes	yes	yes	no	yes	
CAND_GRAM_001679	plus	candidate_pending_human_review			finiteness_violation	0	They is bouncing five balls	be_progressive	is	balls	bounce	ball	0.564	substituted	USF:Cue_Target_Pairs.A-B:6872	no	yes	yes	yes	no	yes	
CAND_GRAM_001680	plus	candidate_pending_human_review			finiteness_violation	0	They does not bounce five balls	do_negation	does	balls	bounce	ball	0.564	substituted	USF:Cue_Target_Pairs.A-B:6872	no	yes	yes	yes	no	yes	
CAND_GRAM_001681	plus	candidate_pending_human_review			finiteness_violation	0	Every day they bounces five balls	present_3s	bounces	balls	bounce	ball	0.564	added	USF:Cue_Target_Pairs.A-B:6872	no	yes	yes	yes	no	yes	
CAND_GRAM_001682	plus	candidate_pending_human_review			finiteness_violation	0	Last week they bounce five balls	simple_past	bounce	balls	bounce	ball	0.564	omitted	USF:Cue_Target_Pairs.A-B:6872	no	yes	yes	yes	no	yes	
CAND_GRAM_001683	plus	candidate_pending_human_review			finiteness_violation	0	She are bouncing six balls	be_progressive	are	balls	bounce	ball	0.564	substituted	USF:Cue_Target_Pairs.A-B:6872	no	yes	yes	yes	no	yes	
CAND_GRAM_001684	plus	candidate_pending_human_review			finiteness_violation	0	She do not bounce six balls	do_negation	do	balls	bounce	ball	0.564	substituted	USF:Cue_Target_Pairs.A-B:6872	no	yes	yes	yes	no	yes	
CAND_GRAM_001685	plus	candidate_pending_human_review			finiteness_violation	0	Every day she bounce six balls	present_3s	bounce	balls	bounce	ball	0.564	omitted	USF:Cue_Target_Pairs.A-B:6872	no	yes	yes	yes	no	yes	
CAND_GRAM_001686	plus	candidate_pending_human_review			finiteness_violation	0	Last week she bounce six balls	simple_past	bounce	balls	bounce	ball	0.564	omitted	USF:Cue_Target_Pairs.A-B:6872	no	yes	yes	yes	no	yes	
CAND_GRAM_001687	plus	candidate_pending_human_review			finiteness_violation	0	He are bouncing six balls	be_progressive	are	balls	bounce	ball	0.564	substituted	USF:Cue_Target_Pairs.A-B:6872	no	yes	yes	yes	no	yes	
CAND_GRAM_001688	plus	candidate_pending_human_review			finiteness_violation	0	He do not bounce six balls	do_negation	do	balls	bounce	ball	0.564	substituted	USF:Cue_Target_Pairs.A-B:6872	no	yes	yes	yes	no	yes	
CAND_GRAM_001689	plus	candidate_pending_human_review			finiteness_violation	0	Every day he bounce six balls	present_3s	bounce	balls	bounce	ball	0.564	omitted	USF:Cue_Target_Pairs.A-B:6872	no	yes	yes	yes	no	yes	
CAND_GRAM_001690	plus	candidate_pending_human_review			finiteness_violation	0	Last week he bounce six balls	simple_past	bounce	balls	bounce	ball	0.564	omitted	USF:Cue_Target_Pairs.A-B:6872	no	yes	yes	yes	no	yes	
CAND_GRAM_001691	plus	candidate_pending_human_review			finiteness_violation	0	They is bouncing six balls	be_progressive	is	balls	bounce	ball	0.564	substituted	USF:Cue_Target_Pairs.A-B:6872	no	yes	yes	yes	no	yes	
CAND_GRAM_001692	plus	candidate_pending_human_review			finiteness_violation	0	They does not bounce six balls	do_negation	does	balls	bounce	ball	0.564	substituted	USF:Cue_Target_Pairs.A-B:6872	no	yes	yes	yes	no	yes	
CAND_GRAM_001693	plus	candidate_pending_human_review			finiteness_violation	0	Every day they bounces six balls	present_3s	bounces	balls	bounce	ball	0.564	added	USF:Cue_Target_Pairs.A-B:6872	no	yes	yes	yes	no	yes	
CAND_GRAM_001694	plus	candidate_pending_human_review			finiteness_violation	0	Last week they bounce six balls	simple_past	bounce	balls	bounce	ball	0.564	omitted	USF:Cue_Target_Pairs.A-B:6872	no	yes	yes	yes	no	yes	
CAND_GRAM_001695	plus	candidate_pending_human_review			finiteness_violation	0	She are drawing one picture	be_progressive	are	picture	draw	picture	0.222	substituted	USF:Cue_Target_Pairs.D-F:3619	no	yes	yes	yes	no	yes	
CAND_GRAM_001696	plus	candidate_pending_human_review			finiteness_violation	0	She do not draw one picture	do_negation	do	picture	draw	picture	0.222	substituted	USF:Cue_Target_Pairs.D-F:3619	no	yes	yes	yes	no	yes	
CAND_GRAM_001697	plus	candidate_pending_human_review			finiteness_violation	0	Every day she draw one picture	present_3s	draw	picture	draw	picture	0.222	omitted	USF:Cue_Target_Pairs.D-F:3619	no	yes	yes	yes	no	yes	
CAND_GRAM_001698	plus	candidate_pending_human_review			finiteness_violation	0	Last week she draw one picture	simple_past	draw	picture	draw	picture	0.222	omitted	USF:Cue_Target_Pairs.D-F:3619	no	yes	yes	yes	no	yes	
CAND_GRAM_001699	plus	candidate_pending_human_review			finiteness_violation	0	He are drawing one picture	be_progressive	are	picture	draw	picture	0.222	substituted	USF:Cue_Target_Pairs.D-F:3619	no	yes	yes	yes	no	yes	
CAND_GRAM_001700	plus	candidate_pending_human_review			finiteness_violation	0	He do not draw one picture	do_negation	do	picture	draw	picture	0.222	substituted	USF:Cue_Target_Pairs.D-F:3619	no	yes	yes	yes	no	yes	
CAND_GRAM_001701	plus	candidate_pending_human_review			finiteness_violation	0	Every day he draw one picture	present_3s	draw	picture	draw	picture	0.222	omitted	USF:Cue_Target_Pairs.D-F:3619	no	yes	yes	yes	no	yes	
CAND_GRAM_001702	plus	candidate_pending_human_review			finiteness_violation	0	Last week he draw one picture	simple_past	draw	picture	draw	picture	0.222	omitted	USF:Cue_Target_Pairs.D-F:3619	no	yes	yes	yes	no	yes	
CAND_GRAM_001703	plus	candidate_pending_human_review			finiteness_violation	0	They is drawing one picture	be_progressive	is	picture	draw	picture	0.222	substituted	USF:Cue_Target_Pairs.D-F:3619	no	yes	yes	yes	no	yes	
CAND_GRAM_001704	plus	candidate_pending_human_review			finiteness_violation	0	They does not draw one picture	do_negation	does	picture	draw	picture	0.222	substituted	USF:Cue_Target_Pairs.D-F:3619	no	yes	yes	yes	no	yes	
CAND_GRAM_001705	plus	candidate_pending_human_review			finiteness_violation	0	Every day they draws one picture	present_3s	draws	picture	draw	picture	0.222	added	USF:Cue_Target_Pairs.D-F:3619	no	yes	yes	yes	no	yes	
CAND_GRAM_001706	plus	candidate_pending_human_review			finiteness_violation	0	Last week they draw one picture	simple_past	draw	picture	draw	picture	0.222	omitted	USF:Cue_Target_Pairs.D-F:3619	no	yes	yes	yes	no	yes	
CAND_GRAM_001707	plus	candidate_pending_human_review			finiteness_violation	0	She are drawing two pictures	be_progressive	are	pictures	draw	picture	0.222	substituted	USF:Cue_Target_Pairs.D-F:3619	no	yes	yes	yes	no	yes	
CAND_GRAM_001708	plus	candidate_pending_human_review			finiteness_violation	0	She do not draw two pictures	do_negation	do	pictures	draw	picture	0.222	substituted	USF:Cue_Target_Pairs.D-F:3619	no	yes	yes	yes	no	yes	
CAND_GRAM_001709	plus	candidate_pending_human_review			finiteness_violation	0	Every day she draw two pictures	present_3s	draw	pictures	draw	picture	0.222	omitted	USF:Cue_Target_Pairs.D-F:3619	no	yes	yes	yes	no	yes	
CAND_GRAM_001710	plus	candidate_pending_human_review			finiteness_violation	0	Last week she drawing two pictures	simple_past	drawing	pictures	draw	picture	0.222	omitted	USF:Cue_Target_Pairs.D-F:3619	no	yes	yes	yes	no	yes	
CAND_GRAM_001711	plus	candidate_pending_human_review			finiteness_violation	0	He are drawing two pictures	be_progressive	are	pictures	draw	picture	0.222	substituted	USF:Cue_Target_Pairs.D-F:3619	no	yes	yes	yes	no	yes	
CAND_GRAM_001712	plus	candidate_pending_human_review			finiteness_violation	0	He do not draw two pictures	do_negation	do	pictures	draw	picture	0.222	substituted	USF:Cue_Target_Pairs.D-F:3619	no	yes	yes	yes	no	yes	
CAND_GRAM_001713	plus	candidate_pending_human_review			finiteness_violation	0	Every day he draw two pictures	present_3s	draw	pictures	draw	picture	0.222	omitted	USF:Cue_Target_Pairs.D-F:3619	no	yes	yes	yes	no	yes	
CAND_GRAM_001714	plus	candidate_pending_human_review			finiteness_violation	0	Last week he draw two pictures	simple_past	draw	pictures	draw	picture	0.222	omitted	USF:Cue_Target_Pairs.D-F:3619	no	yes	yes	yes	no	yes	
CAND_GRAM_001715	plus	candidate_pending_human_review			finiteness_violation	0	They is drawing two pictures	be_progressive	is	pictures	draw	picture	0.222	substituted	USF:Cue_Target_Pairs.D-F:3619	no	yes	yes	yes	no	yes	
CAND_GRAM_001716	plus	candidate_pending_human_review			finiteness_violation	0	They does not draw two pictures	do_negation	does	pictures	draw	picture	0.222	substituted	USF:Cue_Target_Pairs.D-F:3619	no	yes	yes	yes	no	yes	
CAND_GRAM_001717	plus	candidate_pending_human_review			finiteness_violation	0	Every day they draws two pictures	present_3s	draws	pictures	draw	picture	0.222	added	USF:Cue_Target_Pairs.D-F:3619	no	yes	yes	yes	no	yes	
CAND_GRAM_001718	plus	candidate_pending_human_review			finiteness_violation	0	Last week they draw two pictures	simple_past	draw	pictures	draw	picture	0.222	omitted	USF:Cue_Target_Pairs.D-F:3619	no	yes	yes	yes	no	yes	
CAND_GRAM_001719	plus	candidate_pending_human_review			finiteness_violation	0	She are drawing three pictures	be_progressive	are	pictures	draw	picture	0.222	substituted	USF:Cue_Target_Pairs.D-F:3619	no	yes	yes	yes	no	yes	
CAND_GRAM_001720	plus	candidate_pending_human_review			finiteness_violation	0	She do not draw three pictures	do_negation	do	pictures	draw	picture	0.222	substituted	USF:Cue_Target_Pairs.D-F:3619	no	yes	yes	yes	no	yes	
CAND_GRAM_001721	plus	candidate_pending_human_review			finiteness_violation	0	Every day she draw three pictures	present_3s	draw	pictures	draw	picture	0.222	omitted	USF:Cue_Target_Pairs.D-F:3619	no	yes	yes	yes	no	yes	
CAND_GRAM_001722	plus	candidate_pending_human_review			finiteness_violation	0	Last week she draw three pictures	simple_past	draw	pictures	draw	picture	0.222	omitted	USF:Cue_Target_Pairs.D-F:3619	no	yes	yes	yes	no	yes	
CAND_GRAM_001723	plus	candidate_pending_human_review			finiteness_violation	0	He are drawing three pictures	be_progressive	are	pictures	draw	picture	0.222	substituted	USF:Cue_Target_Pairs.D-F:3619	no	yes	yes	yes	no	yes	
CAND_GRAM_001724	plus	candidate_pending_human_review			finiteness_violation	0	He do not draw three pictures	do_negation	do	pictures	draw	picture	0.222	substituted	USF:Cue_Target_Pairs.D-F:3619	no	yes	yes	yes	no	yes	
CAND_GRAM_001725	plus	candidate_pending_human_review			finiteness_violation	0	Every day he draw three pictures	present_3s	draw	pictures	draw	picture	0.222	omitted	USF:Cue_Target_Pairs.D-F:3619	no	yes	yes	yes	no	yes	
CAND_GRAM_001726	plus	candidate_pending_human_review			finiteness_violation	0	Last week he draw three pictures	simple_past	draw	pictures	draw	picture	0.222	omitted	USF:Cue_Target_Pairs.D-F:3619	no	yes	yes	yes	no	yes	
CAND_GRAM_001727	plus	candidate_pending_human_review			finiteness_violation	0	They is drawing three pictures	be_progressive	is	pictures	draw	picture	0.222	substituted	USF:Cue_Target_Pairs.D-F:3619	no	yes	yes	yes	no	yes	
CAND_GRAM_001728	plus	candidate_pending_human_review			finiteness_violation	0	They does not draw three pictures	do_negation	does	pictures	draw	picture	0.222	substituted	USF:Cue_Target_Pairs.D-F:3619	no	yes	yes	yes	no	yes	
CAND_GRAM_001729	plus	candidate_pending_human_review			finiteness_violation	0	Every day they draws three pictures	present_3s	draws	pictures	draw	picture	0.222	added	USF:Cue_Target_Pairs.D-F:3619	no	yes	yes	yes	no	yes	
CAND_GRAM_001730	plus	candidate_pending_human_review			finiteness_violation	0	Last week they drawing three pictures	simple_past	drawing	pictures	draw	picture	0.222	omitted	USF:Cue_Target_Pairs.D-F:3619	no	yes	yes	yes	no	yes	
CAND_GRAM_001731	plus	candidate_pending_human_review			finiteness_violation	0	She are drawing four pictures	be_progressive	are	pictures	draw	picture	0.222	substituted	USF:Cue_Target_Pairs.D-F:3619	no	yes	yes	yes	no	yes	
CAND_GRAM_001732	plus	candidate_pending_human_review			finiteness_violation	0	She do not draw four pictures	do_negation	do	pictures	draw	picture	0.222	substituted	USF:Cue_Target_Pairs.D-F:3619	no	yes	yes	yes	no	yes	
CAND_GRAM_001733	plus	candidate_pending_human_review			finiteness_violation	0	Every day she draw four pictures	present_3s	draw	pictures	draw	picture	0.222	omitted	USF:Cue_Target_Pairs.D-F:3619	no	yes	yes	yes	no	yes	
CAND_GRAM_001734	plus	candidate_pending_human_review			finiteness_violation	0	Last week she draw four pictures	simple_past	draw	pictures	draw	picture	0.222	omitted	USF:Cue_Target_Pairs.D-F:3619	no	yes	yes	yes	no	yes	
CAND_GRAM_001735	plus	candidate_pending_human_review			finiteness_violation	0	He are drawing four pictures	be_progressive	are	pictures	draw	picture	0.222	substituted	USF:Cue_Target_Pairs.D-F:3619	no	yes	yes	yes	no	yes	
CAND_GRAM_001736	plus	candidate_pending_human_review			finiteness_violation	0	He do not draw four pictures	do_negation	do	pictures	draw	picture	0.222	substituted	USF:Cue_Target_Pairs.D-F:3619	no	yes	yes	yes	no	yes	
CAND_GRAM_001737	plus	candidate_pending_human_review			finiteness_violation	0	Every day he draw four pictures	present_3s	draw	pictures	draw	picture	0.222	omitted	USF:Cue_Target_Pairs.D-F:3619	no	yes	yes	yes	no	yes	
CAND_GRAM_001738	plus	candidate_pending_human_review			finiteness_violation	0	Last week he draw four pictures	simple_past	draw	pictures	draw	picture	0.222	omitted	USF:Cue_Target_Pairs.D-F:3619	no	yes	yes	yes	no	yes	
CAND_GRAM_001739	plus	candidate_pending_human_review			finiteness_violation	0	They is drawing four pictures	be_progressive	is	pictures	draw	picture	0.222	substituted	USF:Cue_Target_Pairs.D-F:3619	no	yes	yes	yes	no	yes	
CAND_GRAM_001740	plus	candidate_pending_human_review			finiteness_violation	0	They does not draw four pictures	do_negation	does	pictures	draw	picture	0.222	substituted	USF:Cue_Target_Pairs.D-F:3619	no	yes	yes	yes	no	yes	
CAND_GRAM_001741	plus	candidate_pending_human_review			finiteness_violation	0	Every day they draws four pictures	present_3s	draws	pictures	draw	picture	0.222	added	USF:Cue_Target_Pairs.D-F:3619	no	yes	yes	yes	no	yes	
CAND_GRAM_001742	plus	candidate_pending_human_review			finiteness_violation	0	Last week they draw four pictures	simple_past	draw	pictures	draw	picture	0.222	omitted	USF:Cue_Target_Pairs.D-F:3619	no	yes	yes	yes	no	yes	
CAND_GRAM_001743	plus	candidate_pending_human_review			finiteness_violation	0	She are drawing five pictures	be_progressive	are	pictures	draw	picture	0.222	substituted	USF:Cue_Target_Pairs.D-F:3619	no	yes	yes	yes	no	yes	
CAND_GRAM_001744	plus	candidate_pending_human_review			finiteness_violation	0	She do not draw five pictures	do_negation	do	pictures	draw	picture	0.222	substituted	USF:Cue_Target_Pairs.D-F:3619	no	yes	yes	yes	no	yes	
CAND_GRAM_001745	plus	candidate_pending_human_review			finiteness_violation	0	Every day she draw five pictures	present_3s	draw	pictures	draw	picture	0.222	omitted	USF:Cue_Target_Pairs.D-F:3619	no	yes	yes	yes	no	yes	
CAND_GRAM_001746	plus	candidate_pending_human_review			finiteness_violation	0	Last week she draw five pictures	simple_past	draw	pictures	draw	picture	0.222	omitted	USF:Cue_Target_Pairs.D-F:3619	no	yes	yes	yes	no	yes	
CAND_GRAM_001747	plus	candidate_pending_human_review			finiteness_violation	0	He are drawing five pictures	be_progressive	are	pictures	draw	picture	0.222	substituted	USF:Cue_Target_Pairs.D-F:3619	no	yes	yes	yes	no	yes	
CAND_GRAM_001748	plus	candidate_pending_human_review			finiteness_violation	0	He do not draw five pictures	do_negation	do	pictures	draw	picture	0.222	substituted	USF:Cue_Target_Pairs.D-F:3619	no	yes	yes	yes	no	yes	
CAND_GRAM_001749	plus	candidate_pending_human_review			finiteness_violation	0	Every day he draw five pictures	present_3s	draw	pictures	draw	picture	0.222	omitted	USF:Cue_Target_Pairs.D-F:3619	no	yes	yes	yes	no	yes	
CAND_GRAM_001750	plus	candidate_pending_human_review			finiteness_violation	0	Last week he drawing five pictures	simple_past	drawing	pictures	draw	picture	0.222	omitted	USF:Cue_Target_Pairs.D-F:3619	no	yes	yes	yes	no	yes	
CAND_GRAM_001751	plus	candidate_pending_human_review			finiteness_violation	0	They is drawing five pictures	be_progressive	is	pictures	draw	picture	0.222	substituted	USF:Cue_Target_Pairs.D-F:3619	no	yes	yes	yes	no	yes	
CAND_GRAM_001752	plus	candidate_pending_human_review			finiteness_violation	0	They does not draw five pictures	do_negation	does	pictures	draw	picture	0.222	substituted	USF:Cue_Target_Pairs.D-F:3619	no	yes	yes	yes	no	yes	
CAND_GRAM_001753	plus	candidate_pending_human_review			finiteness_violation	0	Every day they draws five pictures	present_3s	draws	pictures	draw	picture	0.222	added	USF:Cue_Target_Pairs.D-F:3619	no	yes	yes	yes	no	yes	
CAND_GRAM_001754	plus	candidate_pending_human_review			finiteness_violation	0	Last week they draw five pictures	simple_past	draw	pictures	draw	picture	0.222	omitted	USF:Cue_Target_Pairs.D-F:3619	no	yes	yes	yes	no	yes	
CAND_GRAM_001755	plus	candidate_pending_human_review			finiteness_violation	0	She are drawing six pictures	be_progressive	are	pictures	draw	picture	0.222	substituted	USF:Cue_Target_Pairs.D-F:3619	no	yes	yes	yes	no	yes	
CAND_GRAM_001756	plus	candidate_pending_human_review			finiteness_violation	0	She do not draw six pictures	do_negation	do	pictures	draw	picture	0.222	substituted	USF:Cue_Target_Pairs.D-F:3619	no	yes	yes	yes	no	yes	
CAND_GRAM_001757	plus	candidate_pending_human_review			finiteness_violation	0	Every day she draw six pictures	present_3s	draw	pictures	draw	picture	0.222	omitted	USF:Cue_Target_Pairs.D-F:3619	no	yes	yes	yes	no	yes	
CAND_GRAM_001758	plus	candidate_pending_human_review			finiteness_violation	0	Last week she draw six pictures	simple_past	draw	pictures	draw	picture	0.222	omitted	USF:Cue_Target_Pairs.D-F:3619	no	yes	yes	yes	no	yes	
CAND_GRAM_001759	plus	candidate_pending_human_review			finiteness_violation	0	He are drawing six pictures	be_progressive	are	pictures	draw	picture	0.222	substituted	USF:Cue_Target_Pairs.D-F:3619	no	yes	yes	yes	no	yes	
CAND_GRAM_001760	plus	candidate_pending_human_review			finiteness_violation	0	He do not draw six pictures	do_negation	do	pictures	draw	picture	0.222	substituted	USF:Cue_Target_Pairs.D-F:3619	no	yes	yes	yes	no	yes	
CAND_GRAM_001761	plus	candidate_pending_human_review			finiteness_violation	0	Every day he draw six pictures	present_3s	draw	pictures	draw	picture	0.222	omitted	USF:Cue_Target_Pairs.D-F:3619	no	yes	yes	yes	no	yes	
CAND_GRAM_001762	plus	candidate_pending_human_review			finiteness_violation	0	Last week he draw six pictures	simple_past	draw	pictures	draw	picture	0.222	omitted	USF:Cue_Target_Pairs.D-F:3619	no	yes	yes	yes	no	yes	
CAND_GRAM_001763	plus	candidate_pending_human_review			finiteness_violation	0	They is drawing six pictures	be_progressive	is	pictures	draw	picture	0.222	substituted	USF:Cue_Target_Pairs.D-F:3619	no	yes	yes	yes	no	yes	
CAND_GRAM_001764	plus	candidate_pending_human_review			finiteness_violation	0	They does not draw six pictures	do_negation	does	pictures	draw	picture	0.222	substituted	USF:Cue_Target_Pairs.D-F:3619	no	yes	yes	yes	no	yes	
CAND_GRAM_001765	plus	candidate_pending_human_review			finiteness_violation	0	Every day they draws six pictures	present_3s	draws	pictures	draw	picture	0.222	added	USF:Cue_Target_Pairs.D-F:3619	no	yes	yes	yes	no	yes	
CAND_GRAM_001766	plus	candidate_pending_human_review			finiteness_violation	0	Last week they draw six pictures	simple_past	draw	pictures	draw	picture	0.222	omitted	USF:Cue_Target_Pairs.D-F:3619	no	yes	yes	yes	no	yes	
CAND_GRAM_001767	plus	candidate_pending_human_review			finiteness_violation	0	She are buckling one belt	be_progressive	are	belt	buckle	belt	0.667	substituted	USF:Cue_Target_Pairs.A-B:7781	no	yes	yes	yes	no	yes	
CAND_GRAM_001768	plus	candidate_pending_human_review			finiteness_violation	0	She do not buckle one belt	do_negation	do	belt	buckle	belt	0.667	substituted	USF:Cue_Target_Pairs.A-B:7781	no	yes	yes	yes	no	yes	
CAND_GRAM_001769	plus	candidate_pending_human_review			finiteness_violation	0	Every day she buckle one belt	present_3s	buckle	belt	buckle	belt	0.667	omitted	USF:Cue_Target_Pairs.A-B:7781	no	yes	yes	yes	no	yes	
CAND_GRAM_001770	plus	candidate_pending_human_review			finiteness_violation	0	Last week she buckle one belt	simple_past	buckle	belt	buckle	belt	0.667	omitted	USF:Cue_Target_Pairs.A-B:7781	no	yes	yes	yes	no	yes	
CAND_GRAM_001771	plus	candidate_pending_human_review			finiteness_violation	0	He are buckling one belt	be_progressive	are	belt	buckle	belt	0.667	substituted	USF:Cue_Target_Pairs.A-B:7781	no	yes	yes	yes	no	yes	
CAND_GRAM_001772	plus	candidate_pending_human_review			finiteness_violation	0	He do not buckle one belt	do_negation	do	belt	buckle	belt	0.667	substituted	USF:Cue_Target_Pairs.A-B:7781	no	yes	yes	yes	no	yes	
CAND_GRAM_001773	plus	candidate_pending_human_review			finiteness_violation	0	Every day he buckle one belt	present_3s	buckle	belt	buckle	belt	0.667	omitted	USF:Cue_Target_Pairs.A-B:7781	no	yes	yes	yes	no	yes	
CAND_GRAM_001774	plus	candidate_pending_human_review			finiteness_violation	0	Last week he buckle one belt	simple_past	buckle	belt	buckle	belt	0.667	omitted	USF:Cue_Target_Pairs.A-B:7781	no	yes	yes	yes	no	yes	
CAND_GRAM_001775	plus	candidate_pending_human_review			finiteness_violation	0	They is buckling one belt	be_progressive	is	belt	buckle	belt	0.667	substituted	USF:Cue_Target_Pairs.A-B:7781	no	yes	yes	yes	no	yes	
CAND_GRAM_001776	plus	candidate_pending_human_review			finiteness_violation	0	They does not buckle one belt	do_negation	does	belt	buckle	belt	0.667	substituted	USF:Cue_Target_Pairs.A-B:7781	no	yes	yes	yes	no	yes	
CAND_GRAM_001777	plus	candidate_pending_human_review			finiteness_violation	0	Every day they buckles one belt	present_3s	buckles	belt	buckle	belt	0.667	added	USF:Cue_Target_Pairs.A-B:7781	no	yes	yes	yes	no	yes	
CAND_GRAM_001778	plus	candidate_pending_human_review			finiteness_violation	0	Last week they buckle one belt	simple_past	buckle	belt	buckle	belt	0.667	omitted	USF:Cue_Target_Pairs.A-B:7781	no	yes	yes	yes	no	yes	
CAND_GRAM_001779	plus	candidate_pending_human_review			finiteness_violation	0	She are buckling two belts	be_progressive	are	belts	buckle	belt	0.667	substituted	USF:Cue_Target_Pairs.A-B:7781	no	yes	yes	yes	no	yes	
CAND_GRAM_001780	plus	candidate_pending_human_review			finiteness_violation	0	She do not buckle two belts	do_negation	do	belts	buckle	belt	0.667	substituted	USF:Cue_Target_Pairs.A-B:7781	no	yes	yes	yes	no	yes	
CAND_GRAM_001781	plus	candidate_pending_human_review			finiteness_violation	0	Every day she buckle two belts	present_3s	buckle	belts	buckle	belt	0.667	omitted	USF:Cue_Target_Pairs.A-B:7781	no	yes	yes	yes	no	yes	
CAND_GRAM_001782	plus	candidate_pending_human_review			finiteness_violation	0	Last week she buckling two belts	simple_past	buckling	belts	buckle	belt	0.667	omitted	USF:Cue_Target_Pairs.A-B:7781	no	yes	yes	yes	no	yes	
CAND_GRAM_001783	plus	candidate_pending_human_review			finiteness_violation	0	He are buckling two belts	be_progressive	are	belts	buckle	belt	0.667	substituted	USF:Cue_Target_Pairs.A-B:7781	no	yes	yes	yes	no	yes	
CAND_GRAM_001784	plus	candidate_pending_human_review			finiteness_violation	0	He do not buckle two belts	do_negation	do	belts	buckle	belt	0.667	substituted	USF:Cue_Target_Pairs.A-B:7781	no	yes	yes	yes	no	yes	
CAND_GRAM_001785	plus	candidate_pending_human_review			finiteness_violation	0	Every day he buckle two belts	present_3s	buckle	belts	buckle	belt	0.667	omitted	USF:Cue_Target_Pairs.A-B:7781	no	yes	yes	yes	no	yes	
CAND_GRAM_001786	plus	candidate_pending_human_review			finiteness_violation	0	Last week he buckle two belts	simple_past	buckle	belts	buckle	belt	0.667	omitted	USF:Cue_Target_Pairs.A-B:7781	no	yes	yes	yes	no	yes	
CAND_GRAM_001787	plus	candidate_pending_human_review			finiteness_violation	0	They is buckling two belts	be_progressive	is	belts	buckle	belt	0.667	substituted	USF:Cue_Target_Pairs.A-B:7781	no	yes	yes	yes	no	yes	
CAND_GRAM_001788	plus	candidate_pending_human_review			finiteness_violation	0	They does not buckle two belts	do_negation	does	belts	buckle	belt	0.667	substituted	USF:Cue_Target_Pairs.A-B:7781	no	yes	yes	yes	no	yes	
CAND_GRAM_001789	plus	candidate_pending_human_review			finiteness_violation	0	Every day they buckles two belts	present_3s	buckles	belts	buckle	belt	0.667	added	USF:Cue_Target_Pairs.A-B:7781	no	yes	yes	yes	no	yes	
CAND_GRAM_001790	plus	candidate_pending_human_review			finiteness_violation	0	Last week they buckle two belts	simple_past	buckle	belts	buckle	belt	0.667	omitted	USF:Cue_Target_Pairs.A-B:7781	no	yes	yes	yes	no	yes	
CAND_GRAM_001791	plus	candidate_pending_human_review			finiteness_violation	0	She are buckling three belts	be_progressive	are	belts	buckle	belt	0.667	substituted	USF:Cue_Target_Pairs.A-B:7781	no	yes	yes	yes	no	yes	
CAND_GRAM_001792	plus	candidate_pending_human_review			finiteness_violation	0	She do not buckle three belts	do_negation	do	belts	buckle	belt	0.667	substituted	USF:Cue_Target_Pairs.A-B:7781	no	yes	yes	yes	no	yes	
CAND_GRAM_001793	plus	candidate_pending_human_review			finiteness_violation	0	Every day she buckle three belts	present_3s	buckle	belts	buckle	belt	0.667	omitted	USF:Cue_Target_Pairs.A-B:7781	no	yes	yes	yes	no	yes	
CAND_GRAM_001794	plus	candidate_pending_human_review			finiteness_violation	0	Last week she buckle three belts	simple_past	buckle	belts	buckle	belt	0.667	omitted	USF:Cue_Target_Pairs.A-B:7781	no	yes	yes	yes	no	yes	
CAND_GRAM_001795	plus	candidate_pending_human_review			finiteness_violation	0	He are buckling three belts	be_progressive	are	belts	buckle	belt	0.667	substituted	USF:Cue_Target_Pairs.A-B:7781	no	yes	yes	yes	no	yes	
CAND_GRAM_001796	plus	candidate_pending_human_review			finiteness_violation	0	He do not buckle three belts	do_negation	do	belts	buckle	belt	0.667	substituted	USF:Cue_Target_Pairs.A-B:7781	no	yes	yes	yes	no	yes	
CAND_GRAM_001797	plus	candidate_pending_human_review			finiteness_violation	0	Every day he buckle three belts	present_3s	buckle	belts	buckle	belt	0.667	omitted	USF:Cue_Target_Pairs.A-B:7781	no	yes	yes	yes	no	yes	
CAND_GRAM_001798	plus	candidate_pending_human_review			finiteness_violation	0	Last week he buckle three belts	simple_past	buckle	belts	buckle	belt	0.667	omitted	USF:Cue_Target_Pairs.A-B:7781	no	yes	yes	yes	no	yes	
CAND_GRAM_001799	plus	candidate_pending_human_review			finiteness_violation	0	They is buckling three belts	be_progressive	is	belts	buckle	belt	0.667	substituted	USF:Cue_Target_Pairs.A-B:7781	no	yes	yes	yes	no	yes	
CAND_GRAM_001800	plus	candidate_pending_human_review			finiteness_violation	0	They does not buckle three belts	do_negation	does	belts	buckle	belt	0.667	substituted	USF:Cue_Target_Pairs.A-B:7781	no	yes	yes	yes	no	yes	
CAND_GRAM_001801	plus	candidate_pending_human_review			finiteness_violation	0	Every day they buckles three belts	present_3s	buckles	belts	buckle	belt	0.667	added	USF:Cue_Target_Pairs.A-B:7781	no	yes	yes	yes	no	yes	
CAND_GRAM_001802	plus	candidate_pending_human_review			finiteness_violation	0	Last week they buckling three belts	simple_past	buckling	belts	buckle	belt	0.667	omitted	USF:Cue_Target_Pairs.A-B:7781	no	yes	yes	yes	no	yes	
CAND_GRAM_001803	plus	candidate_pending_human_review			finiteness_violation	0	She are buckling four belts	be_progressive	are	belts	buckle	belt	0.667	substituted	USF:Cue_Target_Pairs.A-B:7781	no	yes	yes	yes	no	yes	
CAND_GRAM_001804	plus	candidate_pending_human_review			finiteness_violation	0	She do not buckle four belts	do_negation	do	belts	buckle	belt	0.667	substituted	USF:Cue_Target_Pairs.A-B:7781	no	yes	yes	yes	no	yes	
CAND_GRAM_001805	plus	candidate_pending_human_review			finiteness_violation	0	Every day she buckle four belts	present_3s	buckle	belts	buckle	belt	0.667	omitted	USF:Cue_Target_Pairs.A-B:7781	no	yes	yes	yes	no	yes	
CAND_GRAM_001806	plus	candidate_pending_human_review			finiteness_violation	0	Last week she buckle four belts	simple_past	buckle	belts	buckle	belt	0.667	omitted	USF:Cue_Target_Pairs.A-B:7781	no	yes	yes	yes	no	yes	
CAND_GRAM_001807	plus	candidate_pending_human_review			finiteness_violation	0	He are buckling four belts	be_progressive	are	belts	buckle	belt	0.667	substituted	USF:Cue_Target_Pairs.A-B:7781	no	yes	yes	yes	no	yes	
CAND_GRAM_001808	plus	candidate_pending_human_review			finiteness_violation	0	He do not buckle four belts	do_negation	do	belts	buckle	belt	0.667	substituted	USF:Cue_Target_Pairs.A-B:7781	no	yes	yes	yes	no	yes	
CAND_GRAM_001809	plus	candidate_pending_human_review			finiteness_violation	0	Every day he buckle four belts	present_3s	buckle	belts	buckle	belt	0.667	omitted	USF:Cue_Target_Pairs.A-B:7781	no	yes	yes	yes	no	yes	
CAND_GRAM_001810	plus	candidate_pending_human_review			finiteness_violation	0	Last week he buckle four belts	simple_past	buckle	belts	buckle	belt	0.667	omitted	USF:Cue_Target_Pairs.A-B:7781	no	yes	yes	yes	no	yes	
CAND_GRAM_001811	plus	candidate_pending_human_review			finiteness_violation	0	They is buckling four belts	be_progressive	is	belts	buckle	belt	0.667	substituted	USF:Cue_Target_Pairs.A-B:7781	no	yes	yes	yes	no	yes	
CAND_GRAM_001812	plus	candidate_pending_human_review			finiteness_violation	0	They does not buckle four belts	do_negation	does	belts	buckle	belt	0.667	substituted	USF:Cue_Target_Pairs.A-B:7781	no	yes	yes	yes	no	yes	
CAND_GRAM_001813	plus	candidate_pending_human_review			finiteness_violation	0	Every day they buckles four belts	present_3s	buckles	belts	buckle	belt	0.667	added	USF:Cue_Target_Pairs.A-B:7781	no	yes	yes	yes	no	yes	
CAND_GRAM_001814	plus	candidate_pending_human_review			finiteness_violation	0	Last week they buckle four belts	simple_past	buckle	belts	buckle	belt	0.667	omitted	USF:Cue_Target_Pairs.A-B:7781	no	yes	yes	yes	no	yes	
CAND_GRAM_001815	plus	candidate_pending_human_review			finiteness_violation	0	She are buckling five belts	be_progressive	are	belts	buckle	belt	0.667	substituted	USF:Cue_Target_Pairs.A-B:7781	no	yes	yes	yes	no	yes	
CAND_GRAM_001816	plus	candidate_pending_human_review			finiteness_violation	0	She do not buckle five belts	do_negation	do	belts	buckle	belt	0.667	substituted	USF:Cue_Target_Pairs.A-B:7781	no	yes	yes	yes	no	yes	
CAND_GRAM_001817	plus	candidate_pending_human_review			finiteness_violation	0	Every day she buckle five belts	present_3s	buckle	belts	buckle	belt	0.667	omitted	USF:Cue_Target_Pairs.A-B:7781	no	yes	yes	yes	no	yes	
CAND_GRAM_001818	plus	candidate_pending_human_review			finiteness_violation	0	Last week she buckle five belts	simple_past	buckle	belts	buckle	belt	0.667	omitted	USF:Cue_Target_Pairs.A-B:7781	no	yes	yes	yes	no	yes	
CAND_GRAM_001819	plus	candidate_pending_human_review			finiteness_violation	0	He are buckling five belts	be_progressive	are	belts	buckle	belt	0.667	substituted	USF:Cue_Target_Pairs.A-B:7781	no	yes	yes	yes	no	yes	
CAND_GRAM_001820	plus	candidate_pending_human_review			finiteness_violation	0	He do not buckle five belts	do_negation	do	belts	buckle	belt	0.667	substituted	USF:Cue_Target_Pairs.A-B:7781	no	yes	yes	yes	no	yes	
CAND_GRAM_001821	plus	candidate_pending_human_review			finiteness_violation	0	Every day he buckle five belts	present_3s	buckle	belts	buckle	belt	0.667	omitted	USF:Cue_Target_Pairs.A-B:7781	no	yes	yes	yes	no	yes	
CAND_GRAM_001822	plus	candidate_pending_human_review			finiteness_violation	0	Last week he buckling five belts	simple_past	buckling	belts	buckle	belt	0.667	omitted	USF:Cue_Target_Pairs.A-B:7781	no	yes	yes	yes	no	yes	
CAND_GRAM_001823	plus	candidate_pending_human_review			finiteness_violation	0	They is buckling five belts	be_progressive	is	belts	buckle	belt	0.667	substituted	USF:Cue_Target_Pairs.A-B:7781	no	yes	yes	yes	no	yes	
CAND_GRAM_001824	plus	candidate_pending_human_review			finiteness_violation	0	They does not buckle five belts	do_negation	does	belts	buckle	belt	0.667	substituted	USF:Cue_Target_Pairs.A-B:7781	no	yes	yes	yes	no	yes	
CAND_GRAM_001825	plus	candidate_pending_human_review			finiteness_violation	0	Every day they buckles five belts	present_3s	buckles	belts	buckle	belt	0.667	added	USF:Cue_Target_Pairs.A-B:7781	no	yes	yes	yes	no	yes	
CAND_GRAM_001826	plus	candidate_pending_human_review			finiteness_violation	0	Last week they buckle five belts	simple_past	buckle	belts	buckle	belt	0.667	omitted	USF:Cue_Target_Pairs.A-B:7781	no	yes	yes	yes	no	yes	
CAND_GRAM_001827	plus	candidate_pending_human_review			finiteness_violation	0	She are buckling six belts	be_progressive	are	belts	buckle	belt	0.667	substituted	USF:Cue_Target_Pairs.A-B:7781	no	yes	yes	yes	no	yes	
CAND_GRAM_001828	plus	candidate_pending_human_review			finiteness_violation	0	She do not buckle six belts	do_negation	do	belts	buckle	belt	0.667	substituted	USF:Cue_Target_Pairs.A-B:7781	no	yes	yes	yes	no	yes	
CAND_GRAM_001829	plus	candidate_pending_human_review			finiteness_violation	0	Every day she buckle six belts	present_3s	buckle	belts	buckle	belt	0.667	omitted	USF:Cue_Target_Pairs.A-B:7781	no	yes	yes	yes	no	yes	
CAND_GRAM_001830	plus	candidate_pending_human_review			finiteness_violation	0	Last week she buckle six belts	simple_past	buckle	belts	buckle	belt	0.667	omitted	USF:Cue_Target_Pairs.A-B:7781	no	yes	yes	yes	no	yes	
CAND_GRAM_001831	plus	candidate_pending_human_review			finiteness_violation	0	He are buckling six belts	be_progressive	are	belts	buckle	belt	0.667	substituted	USF:Cue_Target_Pairs.A-B:7781	no	yes	yes	yes	no	yes	
CAND_GRAM_001832	plus	candidate_pending_human_review			finiteness_violation	0	He do not buckle six belts	do_negation	do	belts	buckle	belt	0.667	substituted	USF:Cue_Target_Pairs.A-B:7781	no	yes	yes	yes	no	yes	
CAND_GRAM_001833	plus	candidate_pending_human_review			finiteness_violation	0	Every day he buckle six belts	present_3s	buckle	belts	buckle	belt	0.667	omitted	USF:Cue_Target_Pairs.A-B:7781	no	yes	yes	yes	no	yes	
CAND_GRAM_001834	plus	candidate_pending_human_review			finiteness_violation	0	Last week he buckle six belts	simple_past	buckle	belts	buckle	belt	0.667	omitted	USF:Cue_Target_Pairs.A-B:7781	no	yes	yes	yes	no	yes	
CAND_GRAM_001835	plus	candidate_pending_human_review			finiteness_violation	0	They is buckling six belts	be_progressive	is	belts	buckle	belt	0.667	substituted	USF:Cue_Target_Pairs.A-B:7781	no	yes	yes	yes	no	yes	
CAND_GRAM_001836	plus	candidate_pending_human_review			finiteness_violation	0	They does not buckle six belts	do_negation	does	belts	buckle	belt	0.667	substituted	USF:Cue_Target_Pairs.A-B:7781	no	yes	yes	yes	no	yes	
CAND_GRAM_001837	plus	candidate_pending_human_review			finiteness_violation	0	Every day they buckles six belts	present_3s	buckles	belts	buckle	belt	0.667	added	USF:Cue_Target_Pairs.A-B:7781	no	yes	yes	yes	no	yes	
CAND_GRAM_001838	plus	candidate_pending_human_review			finiteness_violation	0	Last week they buckle six belts	simple_past	buckle	belts	buckle	belt	0.667	omitted	USF:Cue_Target_Pairs.A-B:7781	no	yes	yes	yes	no	yes	
CAND_GRAM_001839	plus	candidate_pending_human_review			finiteness_violation	0	She are crawling one baby	be_progressive	are	baby	crawl	baby	0.345	substituted	USF:Cue_Target_Pairs.C:6319	no	yes	yes	yes	no	yes	
CAND_GRAM_001840	plus	candidate_pending_human_review			finiteness_violation	0	She do not crawl one baby	do_negation	do	baby	crawl	baby	0.345	substituted	USF:Cue_Target_Pairs.C:6319	no	yes	yes	yes	no	yes	
CAND_GRAM_001841	plus	candidate_pending_human_review			finiteness_violation	0	Every day she crawl one baby	present_3s	crawl	baby	crawl	baby	0.345	omitted	USF:Cue_Target_Pairs.C:6319	no	yes	yes	yes	no	yes	
CAND_GRAM_001842	plus	candidate_pending_human_review			finiteness_violation	0	Last week she crawl one baby	simple_past	crawl	baby	crawl	baby	0.345	omitted	USF:Cue_Target_Pairs.C:6319	no	yes	yes	yes	no	yes	
CAND_GRAM_001843	plus	candidate_pending_human_review			finiteness_violation	0	He are crawling one baby	be_progressive	are	baby	crawl	baby	0.345	substituted	USF:Cue_Target_Pairs.C:6319	no	yes	yes	yes	no	yes	
CAND_GRAM_001844	plus	candidate_pending_human_review			finiteness_violation	0	He do not crawl one baby	do_negation	do	baby	crawl	baby	0.345	substituted	USF:Cue_Target_Pairs.C:6319	no	yes	yes	yes	no	yes	
CAND_GRAM_001845	plus	candidate_pending_human_review			finiteness_violation	0	Every day he crawl one baby	present_3s	crawl	baby	crawl	baby	0.345	omitted	USF:Cue_Target_Pairs.C:6319	no	yes	yes	yes	no	yes	
CAND_GRAM_001846	plus	candidate_pending_human_review			finiteness_violation	0	Last week he crawl one baby	simple_past	crawl	baby	crawl	baby	0.345	omitted	USF:Cue_Target_Pairs.C:6319	no	yes	yes	yes	no	yes	
CAND_GRAM_001847	plus	candidate_pending_human_review			finiteness_violation	0	They is crawling one baby	be_progressive	is	baby	crawl	baby	0.345	substituted	USF:Cue_Target_Pairs.C:6319	no	yes	yes	yes	no	yes	
CAND_GRAM_001848	plus	candidate_pending_human_review			finiteness_violation	0	They does not crawl one baby	do_negation	does	baby	crawl	baby	0.345	substituted	USF:Cue_Target_Pairs.C:6319	no	yes	yes	yes	no	yes	
CAND_GRAM_001849	plus	candidate_pending_human_review			finiteness_violation	0	Every day they crawls one baby	present_3s	crawls	baby	crawl	baby	0.345	added	USF:Cue_Target_Pairs.C:6319	no	yes	yes	yes	no	yes	
CAND_GRAM_001850	plus	candidate_pending_human_review			finiteness_violation	0	Last week they crawl one baby	simple_past	crawl	baby	crawl	baby	0.345	omitted	USF:Cue_Target_Pairs.C:6319	no	yes	yes	yes	no	yes	
CAND_GRAM_001851	plus	candidate_pending_human_review			finiteness_violation	0	She are crawling two babies	be_progressive	are	babies	crawl	baby	0.345	substituted	USF:Cue_Target_Pairs.C:6319	no	yes	yes	yes	no	yes	
CAND_GRAM_001852	plus	candidate_pending_human_review			finiteness_violation	0	She do not crawl two babies	do_negation	do	babies	crawl	baby	0.345	substituted	USF:Cue_Target_Pairs.C:6319	no	yes	yes	yes	no	yes	
CAND_GRAM_001853	plus	candidate_pending_human_review			finiteness_violation	0	Every day she crawl two babies	present_3s	crawl	babies	crawl	baby	0.345	omitted	USF:Cue_Target_Pairs.C:6319	no	yes	yes	yes	no	yes	
CAND_GRAM_001854	plus	candidate_pending_human_review			finiteness_violation	0	Last week she crawling two babies	simple_past	crawling	babies	crawl	baby	0.345	omitted	USF:Cue_Target_Pairs.C:6319	no	yes	yes	yes	no	yes	
CAND_GRAM_001855	plus	candidate_pending_human_review			finiteness_violation	0	He are crawling two babies	be_progressive	are	babies	crawl	baby	0.345	substituted	USF:Cue_Target_Pairs.C:6319	no	yes	yes	yes	no	yes	
CAND_GRAM_001856	plus	candidate_pending_human_review			finiteness_violation	0	He do not crawl two babies	do_negation	do	babies	crawl	baby	0.345	substituted	USF:Cue_Target_Pairs.C:6319	no	yes	yes	yes	no	yes	
CAND_GRAM_001857	plus	candidate_pending_human_review			finiteness_violation	0	Every day he crawl two babies	present_3s	crawl	babies	crawl	baby	0.345	omitted	USF:Cue_Target_Pairs.C:6319	no	yes	yes	yes	no	yes	
CAND_GRAM_001858	plus	candidate_pending_human_review			finiteness_violation	0	Last week he crawl two babies	simple_past	crawl	babies	crawl	baby	0.345	omitted	USF:Cue_Target_Pairs.C:6319	no	yes	yes	yes	no	yes	
CAND_GRAM_001859	plus	candidate_pending_human_review			finiteness_violation	0	They is crawling two babies	be_progressive	is	babies	crawl	baby	0.345	substituted	USF:Cue_Target_Pairs.C:6319	no	yes	yes	yes	no	yes	
CAND_GRAM_001860	plus	candidate_pending_human_review			finiteness_violation	0	They does not crawl two babies	do_negation	does	babies	crawl	baby	0.345	substituted	USF:Cue_Target_Pairs.C:6319	no	yes	yes	yes	no	yes	
CAND_GRAM_001861	plus	candidate_pending_human_review			finiteness_violation	0	Every day they crawls two babies	present_3s	crawls	babies	crawl	baby	0.345	added	USF:Cue_Target_Pairs.C:6319	no	yes	yes	yes	no	yes	
CAND_GRAM_001862	plus	candidate_pending_human_review			finiteness_violation	0	Last week they crawl two babies	simple_past	crawl	babies	crawl	baby	0.345	omitted	USF:Cue_Target_Pairs.C:6319	no	yes	yes	yes	no	yes	
CAND_GRAM_001863	plus	candidate_pending_human_review			finiteness_violation	0	She are crawling three babies	be_progressive	are	babies	crawl	baby	0.345	substituted	USF:Cue_Target_Pairs.C:6319	no	yes	yes	yes	no	yes	
CAND_GRAM_001864	plus	candidate_pending_human_review			finiteness_violation	0	She do not crawl three babies	do_negation	do	babies	crawl	baby	0.345	substituted	USF:Cue_Target_Pairs.C:6319	no	yes	yes	yes	no	yes	
CAND_GRAM_001865	plus	candidate_pending_human_review			finiteness_violation	0	Every day she crawl three babies	present_3s	crawl	babies	crawl	baby	0.345	omitted	USF:Cue_Target_Pairs.C:6319	no	yes	yes	yes	no	yes	
CAND_GRAM_001866	plus	candidate_pending_human_review			finiteness_violation	0	Last week she crawl three babies	simple_past	crawl	babies	crawl	baby	0.345	omitted	USF:Cue_Target_Pairs.C:6319	no	yes	yes	yes	no	yes	
CAND_GRAM_001867	plus	candidate_pending_human_review			finiteness_violation	0	He are crawling three babies	be_progressive	are	babies	crawl	baby	0.345	substituted	USF:Cue_Target_Pairs.C:6319	no	yes	yes	yes	no	yes	
CAND_GRAM_001868	plus	candidate_pending_human_review			finiteness_violation	0	He do not crawl three babies	do_negation	do	babies	crawl	baby	0.345	substituted	USF:Cue_Target_Pairs.C:6319	no	yes	yes	yes	no	yes	
CAND_GRAM_001869	plus	candidate_pending_human_review			finiteness_violation	0	Every day he crawl three babies	present_3s	crawl	babies	crawl	baby	0.345	omitted	USF:Cue_Target_Pairs.C:6319	no	yes	yes	yes	no	yes	
CAND_GRAM_001870	plus	candidate_pending_human_review			finiteness_violation	0	Last week he crawl three babies	simple_past	crawl	babies	crawl	baby	0.345	omitted	USF:Cue_Target_Pairs.C:6319	no	yes	yes	yes	no	yes	
CAND_GRAM_001871	plus	candidate_pending_human_review			finiteness_violation	0	They is crawling three babies	be_progressive	is	babies	crawl	baby	0.345	substituted	USF:Cue_Target_Pairs.C:6319	no	yes	yes	yes	no	yes	
CAND_GRAM_001872	plus	candidate_pending_human_review			finiteness_violation	0	They does not crawl three babies	do_negation	does	babies	crawl	baby	0.345	substituted	USF:Cue_Target_Pairs.C:6319	no	yes	yes	yes	no	yes	
CAND_GRAM_001873	plus	candidate_pending_human_review			finiteness_violation	0	Every day they crawls three babies	present_3s	crawls	babies	crawl	baby	0.345	added	USF:Cue_Target_Pairs.C:6319	no	yes	yes	yes	no	yes	
CAND_GRAM_001874	plus	candidate_pending_human_review			finiteness_violation	0	Last week they crawling three babies	simple_past	crawling	babies	crawl	baby	0.345	omitted	USF:Cue_Target_Pairs.C:6319	no	yes	yes	yes	no	yes	
CAND_GRAM_001875	plus	candidate_pending_human_review			finiteness_violation	0	She are crawling four babies	be_progressive	are	babies	crawl	baby	0.345	substituted	USF:Cue_Target_Pairs.C:6319	no	yes	yes	yes	no	yes	
CAND_GRAM_001876	plus	candidate_pending_human_review			finiteness_violation	0	She do not crawl four babies	do_negation	do	babies	crawl	baby	0.345	substituted	USF:Cue_Target_Pairs.C:6319	no	yes	yes	yes	no	yes	
CAND_GRAM_001877	plus	candidate_pending_human_review			finiteness_violation	0	Every day she crawl four babies	present_3s	crawl	babies	crawl	baby	0.345	omitted	USF:Cue_Target_Pairs.C:6319	no	yes	yes	yes	no	yes	
CAND_GRAM_001878	plus	candidate_pending_human_review			finiteness_violation	0	Last week she crawl four babies	simple_past	crawl	babies	crawl	baby	0.345	omitted	USF:Cue_Target_Pairs.C:6319	no	yes	yes	yes	no	yes	
CAND_GRAM_001879	plus	candidate_pending_human_review			finiteness_violation	0	He are crawling four babies	be_progressive	are	babies	crawl	baby	0.345	substituted	USF:Cue_Target_Pairs.C:6319	no	yes	yes	yes	no	yes	
CAND_GRAM_001880	plus	candidate_pending_human_review			finiteness_violation	0	He do not crawl four babies	do_negation	do	babies	crawl	baby	0.345	substituted	USF:Cue_Target_Pairs.C:6319	no	yes	yes	yes	no	yes	
CAND_GRAM_001881	plus	candidate_pending_human_review			finiteness_violation	0	Every day he crawl four babies	present_3s	crawl	babies	crawl	baby	0.345	omitted	USF:Cue_Target_Pairs.C:6319	no	yes	yes	yes	no	yes	
CAND_GRAM_001882	plus	candidate_pending_human_review			finiteness_violation	0	Last week he crawl four babies	simple_past	crawl	babies	crawl	baby	0.345	omitted	USF:Cue_Target_Pairs.C:6319	no	yes	yes	yes	no	yes	
CAND_GRAM_001883	plus	candidate_pending_human_review			finiteness_violation	0	They is crawling four babies	be_progressive	is	babies	crawl	baby	0.345	substituted	USF:Cue_Target_Pairs.C:6319	no	yes	yes	yes	no	yes	
CAND_GRAM_001884	plus	candidate_pending_human_review			finiteness_violation	0	They does not crawl four babies	do_negation	does	babies	crawl	baby	0.345	substituted	USF:Cue_Target_Pairs.C:6319	no	yes	yes	yes	no	yes	
CAND_GRAM_001885	plus	candidate_pending_human_review			finiteness_violation	0	Every day they crawls four babies	present_3s	crawls	babies	crawl	baby	0.345	added	USF:Cue_Target_Pairs.C:6319	no	yes	yes	yes	no	yes	
CAND_GRAM_001886	plus	candidate_pending_human_review			finiteness_violation	0	Last week they crawl four babies	simple_past	crawl	babies	crawl	baby	0.345	omitted	USF:Cue_Target_Pairs.C:6319	no	yes	yes	yes	no	yes	
CAND_GRAM_001887	plus	candidate_pending_human_review			finiteness_violation	0	She are crawling five babies	be_progressive	are	babies	crawl	baby	0.345	substituted	USF:Cue_Target_Pairs.C:6319	no	yes	yes	yes	no	yes	
CAND_GRAM_001888	plus	candidate_pending_human_review			finiteness_violation	0	She do not crawl five babies	do_negation	do	babies	crawl	baby	0.345	substituted	USF:Cue_Target_Pairs.C:6319	no	yes	yes	yes	no	yes	
CAND_GRAM_001889	plus	candidate_pending_human_review			finiteness_violation	0	Every day she crawl five babies	present_3s	crawl	babies	crawl	baby	0.345	omitted	USF:Cue_Target_Pairs.C:6319	no	yes	yes	yes	no	yes	
CAND_GRAM_001890	plus	candidate_pending_human_review			finiteness_violation	0	Last week she crawl five babies	simple_past	crawl	babies	crawl	baby	0.345	omitted	USF:Cue_Target_Pairs.C:6319	no	yes	yes	yes	no	yes	
CAND_GRAM_001891	plus	candidate_pending_human_review			finiteness_violation	0	He are crawling five babies	be_progressive	are	babies	crawl	baby	0.345	substituted	USF:Cue_Target_Pairs.C:6319	no	yes	yes	yes	no	yes	
CAND_GRAM_001892	plus	candidate_pending_human_review			finiteness_violation	0	He do not crawl five babies	do_negation	do	babies	crawl	baby	0.345	substituted	USF:Cue_Target_Pairs.C:6319	no	yes	yes	yes	no	yes	
CAND_GRAM_001893	plus	candidate_pending_human_review			finiteness_violation	0	Every day he crawl five babies	present_3s	crawl	babies	crawl	baby	0.345	omitted	USF:Cue_Target_Pairs.C:6319	no	yes	yes	yes	no	yes	
CAND_GRAM_001894	plus	candidate_pending_human_review			finiteness_violation	0	Last week he crawling five babies	simple_past	crawling	babies	crawl	baby	0.345	omitted	USF:Cue_Target_Pairs.C:6319	no	yes	yes	yes	no	yes	
CAND_GRAM_001895	plus	candidate_pending_human_review			finiteness_violation	0	They is crawling five babies	be_progressive	is	babies	crawl	baby	0.345	substituted	USF:Cue_Target_Pairs.C:6319	no	yes	yes	yes	no	yes	
CAND_GRAM_001896	plus	candidate_pending_human_review			finiteness_violation	0	They does not crawl five babies	do_negation	does	babies	crawl	baby	0.345	substituted	USF:Cue_Target_Pairs.C:6319	no	yes	yes	yes	no	yes	
CAND_GRAM_001897	plus	candidate_pending_human_review			finiteness_violation	0	Every day they crawls five babies	present_3s	crawls	babies	crawl	baby	0.345	added	USF:Cue_Target_Pairs.C:6319	no	yes	yes	yes	no	yes	
CAND_GRAM_001898	plus	candidate_pending_human_review			finiteness_violation	0	Last week they crawl five babies	simple_past	crawl	babies	crawl	baby	0.345	omitted	USF:Cue_Target_Pairs.C:6319	no	yes	yes	yes	no	yes	
CAND_GRAM_001899	plus	candidate_pending_human_review			finiteness_violation	0	She are crawling six babies	be_progressive	are	babies	crawl	baby	0.345	substituted	USF:Cue_Target_Pairs.C:6319	no	yes	yes	yes	no	yes	
CAND_GRAM_001900	plus	candidate_pending_human_review			finiteness_violation	0	She do not crawl six babies	do_negation	do	babies	crawl	baby	0.345	substituted	USF:Cue_Target_Pairs.C:6319	no	yes	yes	yes	no	yes	
CAND_GRAM_001901	plus	candidate_pending_human_review			finiteness_violation	0	Every day she crawl six babies	present_3s	crawl	babies	crawl	baby	0.345	omitted	USF:Cue_Target_Pairs.C:6319	no	yes	yes	yes	no	yes	
CAND_GRAM_001902	plus	candidate_pending_human_review			finiteness_violation	0	Last week she crawl six babies	simple_past	crawl	babies	crawl	baby	0.345	omitted	USF:Cue_Target_Pairs.C:6319	no	yes	yes	yes	no	yes	
CAND_GRAM_001903	plus	candidate_pending_human_review			finiteness_violation	0	He are crawling six babies	be_progressive	are	babies	crawl	baby	0.345	substituted	USF:Cue_Target_Pairs.C:6319	no	yes	yes	yes	no	yes	
CAND_GRAM_001904	plus	candidate_pending_human_review			finiteness_violation	0	He do not crawl six babies	do_negation	do	babies	crawl	baby	0.345	substituted	USF:Cue_Target_Pairs.C:6319	no	yes	yes	yes	no	yes	
CAND_GRAM_001905	plus	candidate_pending_human_review			finiteness_violation	0	Every day he crawl six babies	present_3s	crawl	babies	crawl	baby	0.345	omitted	USF:Cue_Target_Pairs.C:6319	no	yes	yes	yes	no	yes	
CAND_GRAM_001906	plus	candidate_pending_human_review			finiteness_violation	0	Last week he crawl six babies	simple_past	crawl	babies	crawl	baby	0.345	omitted	USF:Cue_Target_Pairs.C:6319	no	yes	yes	yes	no	yes	
CAND_GRAM_001907	plus	candidate_pending_human_review			finiteness_violation	0	They is crawling six babies	be_progressive	is	babies	crawl	baby	0.345	substituted	USF:Cue_Target_Pairs.C:6319	no	yes	yes	yes	no	yes	
CAND_GRAM_001908	plus	candidate_pending_human_review			finiteness_violation	0	They does not crawl six babies	do_negation	does	babies	crawl	baby	0.345	substituted	USF:Cue_Target_Pairs.C:6319	no	yes	yes	yes	no	yes	
CAND_GRAM_001909	plus	candidate_pending_human_review			finiteness_violation	0	Every day they crawls six babies	present_3s	crawls	babies	crawl	baby	0.345	added	USF:Cue_Target_Pairs.C:6319	no	yes	yes	yes	no	yes	
CAND_GRAM_001910	plus	candidate_pending_human_review			finiteness_violation	0	Last week they crawl six babies	simple_past	crawl	babies	crawl	baby	0.345	omitted	USF:Cue_Target_Pairs.C:6319	no	yes	yes	yes	no	yes	
CAND_GRAM_001911	plus	candidate_pending_human_review			finiteness_violation	0	She are repairing one television	be_progressive	are	television	repair	television	0.022	substituted	USF:Cue_Target_Pairs.P-R:7948	no	yes	yes	yes	no	yes	
CAND_GRAM_001912	plus	candidate_pending_human_review			finiteness_violation	0	She do not repair one television	do_negation	do	television	repair	television	0.022	substituted	USF:Cue_Target_Pairs.P-R:7948	no	yes	yes	yes	no	yes	
CAND_GRAM_001913	plus	candidate_pending_human_review			finiteness_violation	0	Every day she repair one television	present_3s	repair	television	repair	television	0.022	omitted	USF:Cue_Target_Pairs.P-R:7948	no	yes	yes	yes	no	yes	
CAND_GRAM_001914	plus	candidate_pending_human_review			finiteness_violation	0	Last week she repair one television	simple_past	repair	television	repair	television	0.022	omitted	USF:Cue_Target_Pairs.P-R:7948	no	yes	yes	yes	no	yes	
CAND_GRAM_001915	plus	candidate_pending_human_review			finiteness_violation	0	He are repairing one television	be_progressive	are	television	repair	television	0.022	substituted	USF:Cue_Target_Pairs.P-R:7948	no	yes	yes	yes	no	yes	
CAND_GRAM_001916	plus	candidate_pending_human_review			finiteness_violation	0	He do not repair one television	do_negation	do	television	repair	television	0.022	substituted	USF:Cue_Target_Pairs.P-R:7948	no	yes	yes	yes	no	yes	
CAND_GRAM_001917	plus	candidate_pending_human_review			finiteness_violation	0	Every day he repair one television	present_3s	repair	television	repair	television	0.022	omitted	USF:Cue_Target_Pairs.P-R:7948	no	yes	yes	yes	no	yes	
CAND_GRAM_001918	plus	candidate_pending_human_review			finiteness_violation	0	Last week he repair one television	simple_past	repair	television	repair	television	0.022	omitted	USF:Cue_Target_Pairs.P-R:7948	no	yes	yes	yes	no	yes	
CAND_GRAM_001919	plus	candidate_pending_human_review			finiteness_violation	0	They is repairing one television	be_progressive	is	television	repair	television	0.022	substituted	USF:Cue_Target_Pairs.P-R:7948	no	yes	yes	yes	no	yes	
CAND_GRAM_001920	plus	candidate_pending_human_review			finiteness_violation	0	They does not repair one television	do_negation	does	television	repair	television	0.022	substituted	USF:Cue_Target_Pairs.P-R:7948	no	yes	yes	yes	no	yes	
CAND_GRAM_001921	plus	candidate_pending_human_review			finiteness_violation	0	Every day they repairs one television	present_3s	repairs	television	repair	television	0.022	added	USF:Cue_Target_Pairs.P-R:7948	no	yes	yes	yes	no	yes	
CAND_GRAM_001922	plus	candidate_pending_human_review			finiteness_violation	0	Last week they repair one television	simple_past	repair	television	repair	television	0.022	omitted	USF:Cue_Target_Pairs.P-R:7948	no	yes	yes	yes	no	yes	
CAND_GRAM_001923	plus	candidate_pending_human_review			finiteness_violation	0	She are repairing two televisions	be_progressive	are	televisions	repair	television	0.022	substituted	USF:Cue_Target_Pairs.P-R:7948	no	yes	yes	yes	no	yes	
CAND_GRAM_001924	plus	candidate_pending_human_review			finiteness_violation	0	She do not repair two televisions	do_negation	do	televisions	repair	television	0.022	substituted	USF:Cue_Target_Pairs.P-R:7948	no	yes	yes	yes	no	yes	
CAND_GRAM_001925	plus	candidate_pending_human_review			finiteness_violation	0	Every day she repair two televisions	present_3s	repair	televisions	repair	television	0.022	omitted	USF:Cue_Target_Pairs.P-R:7948	no	yes	yes	yes	no	yes	
CAND_GRAM_001926	plus	candidate_pending_human_review			finiteness_violation	0	Last week she repairing two televisions	simple_past	repairing	televisions	repair	television	0.022	omitted	USF:Cue_Target_Pairs.P-R:7948	no	yes	yes	yes	no	yes	
CAND_GRAM_001927	plus	candidate_pending_human_review			finiteness_violation	0	He are repairing two televisions	be_progressive	are	televisions	repair	television	0.022	substituted	USF:Cue_Target_Pairs.P-R:7948	no	yes	yes	yes	no	yes	
CAND_GRAM_001928	plus	candidate_pending_human_review			finiteness_violation	0	He do not repair two televisions	do_negation	do	televisions	repair	television	0.022	substituted	USF:Cue_Target_Pairs.P-R:7948	no	yes	yes	yes	no	yes	
CAND_GRAM_001929	plus	candidate_pending_human_review			finiteness_violation	0	Every day he repair two televisions	present_3s	repair	televisions	repair	television	0.022	omitted	USF:Cue_Target_Pairs.P-R:7948	no	yes	yes	yes	no	yes	
CAND_GRAM_001930	plus	candidate_pending_human_review			finiteness_violation	0	Last week he repair two televisions	simple_past	repair	televisions	repair	television	0.022	omitted	USF:Cue_Target_Pairs.P-R:7948	no	yes	yes	yes	no	yes	
CAND_GRAM_001931	plus	candidate_pending_human_review			finiteness_violation	0	They is repairing two televisions	be_progressive	is	televisions	repair	television	0.022	substituted	USF:Cue_Target_Pairs.P-R:7948	no	yes	yes	yes	no	yes	
CAND_GRAM_001932	plus	candidate_pending_human_review			finiteness_violation	0	They does not repair two televisions	do_negation	does	televisions	repair	television	0.022	substituted	USF:Cue_Target_Pairs.P-R:7948	no	yes	yes	yes	no	yes	
CAND_GRAM_001933	plus	candidate_pending_human_review			finiteness_violation	0	Every day they repairs two televisions	present_3s	repairs	televisions	repair	television	0.022	added	USF:Cue_Target_Pairs.P-R:7948	no	yes	yes	yes	no	yes	
CAND_GRAM_001934	plus	candidate_pending_human_review			finiteness_violation	0	Last week they repair two televisions	simple_past	repair	televisions	repair	television	0.022	omitted	USF:Cue_Target_Pairs.P-R:7948	no	yes	yes	yes	no	yes	
CAND_GRAM_001935	plus	candidate_pending_human_review			finiteness_violation	0	She are repairing three televisions	be_progressive	are	televisions	repair	television	0.022	substituted	USF:Cue_Target_Pairs.P-R:7948	no	yes	yes	yes	no	yes	
CAND_GRAM_001936	plus	candidate_pending_human_review			finiteness_violation	0	She do not repair three televisions	do_negation	do	televisions	repair	television	0.022	substituted	USF:Cue_Target_Pairs.P-R:7948	no	yes	yes	yes	no	yes	
CAND_GRAM_001937	plus	candidate_pending_human_review			finiteness_violation	0	Every day she repair three televisions	present_3s	repair	televisions	repair	television	0.022	omitted	USF:Cue_Target_Pairs.P-R:7948	no	yes	yes	yes	no	yes	
CAND_GRAM_001938	plus	candidate_pending_human_review			finiteness_violation	0	Last week she repair three televisions	simple_past	repair	televisions	repair	television	0.022	omitted	USF:Cue_Target_Pairs.P-R:7948	no	yes	yes	yes	no	yes	
CAND_GRAM_001939	plus	candidate_pending_human_review			finiteness_violation	0	He are repairing three televisions	be_progressive	are	televisions	repair	television	0.022	substituted	USF:Cue_Target_Pairs.P-R:7948	no	yes	yes	yes	no	yes	
CAND_GRAM_001940	plus	candidate_pending_human_review			finiteness_violation	0	He do not repair three televisions	do_negation	do	televisions	repair	television	0.022	substituted	USF:Cue_Target_Pairs.P-R:7948	no	yes	yes	yes	no	yes	
CAND_GRAM_001941	plus	candidate_pending_human_review			finiteness_violation	0	Every day he repair three televisions	present_3s	repair	televisions	repair	television	0.022	omitted	USF:Cue_Target_Pairs.P-R:7948	no	yes	yes	yes	no	yes	
CAND_GRAM_001942	plus	candidate_pending_human_review			finiteness_violation	0	Last week he repair three televisions	simple_past	repair	televisions	repair	television	0.022	omitted	USF:Cue_Target_Pairs.P-R:7948	no	yes	yes	yes	no	yes	
CAND_GRAM_001943	plus	candidate_pending_human_review			finiteness_violation	0	They is repairing three televisions	be_progressive	is	televisions	repair	television	0.022	substituted	USF:Cue_Target_Pairs.P-R:7948	no	yes	yes	yes	no	yes	
CAND_GRAM_001944	plus	candidate_pending_human_review			finiteness_violation	0	They does not repair three televisions	do_negation	does	televisions	repair	television	0.022	substituted	USF:Cue_Target_Pairs.P-R:7948	no	yes	yes	yes	no	yes	
CAND_GRAM_001945	plus	candidate_pending_human_review			finiteness_violation	0	Every day they repairs three televisions	present_3s	repairs	televisions	repair	television	0.022	added	USF:Cue_Target_Pairs.P-R:7948	no	yes	yes	yes	no	yes	
CAND_GRAM_001946	plus	candidate_pending_human_review			finiteness_violation	0	Last week they repairing three televisions	simple_past	repairing	televisions	repair	television	0.022	omitted	USF:Cue_Target_Pairs.P-R:7948	no	yes	yes	yes	no	yes	
CAND_GRAM_001947	plus	candidate_pending_human_review			finiteness_violation	0	She are repairing four televisions	be_progressive	are	televisions	repair	television	0.022	substituted	USF:Cue_Target_Pairs.P-R:7948	no	yes	yes	yes	no	yes	
CAND_GRAM_001948	plus	candidate_pending_human_review			finiteness_violation	0	She do not repair four televisions	do_negation	do	televisions	repair	television	0.022	substituted	USF:Cue_Target_Pairs.P-R:7948	no	yes	yes	yes	no	yes	
CAND_GRAM_001949	plus	candidate_pending_human_review			finiteness_violation	0	Every day she repair four televisions	present_3s	repair	televisions	repair	television	0.022	omitted	USF:Cue_Target_Pairs.P-R:7948	no	yes	yes	yes	no	yes	
CAND_GRAM_001950	plus	candidate_pending_human_review			finiteness_violation	0	Last week she repair four televisions	simple_past	repair	televisions	repair	television	0.022	omitted	USF:Cue_Target_Pairs.P-R:7948	no	yes	yes	yes	no	yes	
CAND_GRAM_001951	plus	candidate_pending_human_review			finiteness_violation	0	He are repairing four televisions	be_progressive	are	televisions	repair	television	0.022	substituted	USF:Cue_Target_Pairs.P-R:7948	no	yes	yes	yes	no	yes	
CAND_GRAM_001952	plus	candidate_pending_human_review			finiteness_violation	0	He do not repair four televisions	do_negation	do	televisions	repair	television	0.022	substituted	USF:Cue_Target_Pairs.P-R:7948	no	yes	yes	yes	no	yes	
CAND_GRAM_001953	plus	candidate_pending_human_review			finiteness_violation	0	Every day he repair four televisions	present_3s	repair	televisions	repair	television	0.022	omitted	USF:Cue_Target_Pairs.P-R:7948	no	yes	yes	yes	no	yes	
CAND_GRAM_001954	plus	candidate_pending_human_review			finiteness_violation	0	Last week he repair four televisions	simple_past	repair	televisions	repair	television	0.022	omitted	USF:Cue_Target_Pairs.P-R:7948	no	yes	yes	yes	no	yes	
CAND_GRAM_001955	plus	candidate_pending_human_review			finiteness_violation	0	They is repairing four televisions	be_progressive	is	televisions	repair	television	0.022	substituted	USF:Cue_Target_Pairs.P-R:7948	no	yes	yes	yes	no	yes	
CAND_GRAM_001956	plus	candidate_pending_human_review			finiteness_violation	0	They does not repair four televisions	do_negation	does	televisions	repair	television	0.022	substituted	USF:Cue_Target_Pairs.P-R:7948	no	yes	yes	yes	no	yes	
CAND_GRAM_001957	plus	candidate_pending_human_review			finiteness_violation	0	Every day they repairs four televisions	present_3s	repairs	televisions	repair	television	0.022	added	USF:Cue_Target_Pairs.P-R:7948	no	yes	yes	yes	no	yes	
CAND_GRAM_001958	plus	candidate_pending_human_review			finiteness_violation	0	Last week they repair four televisions	simple_past	repair	televisions	repair	television	0.022	omitted	USF:Cue_Target_Pairs.P-R:7948	no	yes	yes	yes	no	yes	
CAND_GRAM_001959	plus	candidate_pending_human_review			finiteness_violation	0	She are repairing five televisions	be_progressive	are	televisions	repair	television	0.022	substituted	USF:Cue_Target_Pairs.P-R:7948	no	yes	yes	yes	no	yes	
CAND_GRAM_001960	plus	candidate_pending_human_review			finiteness_violation	0	She do not repair five televisions	do_negation	do	televisions	repair	television	0.022	substituted	USF:Cue_Target_Pairs.P-R:7948	no	yes	yes	yes	no	yes	
CAND_GRAM_001961	plus	candidate_pending_human_review			finiteness_violation	0	Every day she repair five televisions	present_3s	repair	televisions	repair	television	0.022	omitted	USF:Cue_Target_Pairs.P-R:7948	no	yes	yes	yes	no	yes	
CAND_GRAM_001962	plus	candidate_pending_human_review			finiteness_violation	0	Last week she repair five televisions	simple_past	repair	televisions	repair	television	0.022	omitted	USF:Cue_Target_Pairs.P-R:7948	no	yes	yes	yes	no	yes	
CAND_GRAM_001963	plus	candidate_pending_human_review			finiteness_violation	0	He are repairing five televisions	be_progressive	are	televisions	repair	television	0.022	substituted	USF:Cue_Target_Pairs.P-R:7948	no	yes	yes	yes	no	yes	
CAND_GRAM_001964	plus	candidate_pending_human_review			finiteness_violation	0	He do not repair five televisions	do_negation	do	televisions	repair	television	0.022	substituted	USF:Cue_Target_Pairs.P-R:7948	no	yes	yes	yes	no	yes	
CAND_GRAM_001965	plus	candidate_pending_human_review			finiteness_violation	0	Every day he repair five televisions	present_3s	repair	televisions	repair	television	0.022	omitted	USF:Cue_Target_Pairs.P-R:7948	no	yes	yes	yes	no	yes	
CAND_GRAM_001966	plus	candidate_pending_human_review			finiteness_violation	0	Last week he repairing five televisions	simple_past	repairing	televisions	repair	television	0.022	omitted	USF:Cue_Target_Pairs.P-R:7948	no	yes	yes	yes	no	yes	
CAND_GRAM_001967	plus	candidate_pending_human_review			finiteness_violation	0	They is repairing five televisions	be_progressive	is	televisions	repair	television	0.022	substituted	USF:Cue_Target_Pairs.P-R:7948	no	yes	yes	yes	no	yes	
CAND_GRAM_001968	plus	candidate_pending_human_review			finiteness_violation	0	They does not repair five televisions	do_negation	does	televisions	repair	television	0.022	substituted	USF:Cue_Target_Pairs.P-R:7948	no	yes	yes	yes	no	yes	
CAND_GRAM_001969	plus	candidate_pending_human_review			finiteness_violation	0	Every day they repairs five televisions	present_3s	repairs	televisions	repair	television	0.022	added	USF:Cue_Target_Pairs.P-R:7948	no	yes	yes	yes	no	yes	
CAND_GRAM_001970	plus	candidate_pending_human_review			finiteness_violation	0	Last week they repair five televisions	simple_past	repair	televisions	repair	television	0.022	omitted	USF:Cue_Target_Pairs.P-R:7948	no	yes	yes	yes	no	yes	
CAND_GRAM_001971	plus	candidate_pending_human_review			finiteness_violation	0	She are repairing six televisions	be_progressive	are	televisions	repair	television	0.022	substituted	USF:Cue_Target_Pairs.P-R:7948	no	yes	yes	yes	no	yes	
CAND_GRAM_001972	plus	candidate_pending_human_review			finiteness_violation	0	She do not repair six televisions	do_negation	do	televisions	repair	television	0.022	substituted	USF:Cue_Target_Pairs.P-R:7948	no	yes	yes	yes	no	yes	
CAND_GRAM_001973	plus	candidate_pending_human_review			finiteness_violation	0	Every day she repair six televisions	present_3s	repair	televisions	repair	television	0.022	omitted	USF:Cue_Target_Pairs.P-R:7948	no	yes	yes	yes	no	yes	
CAND_GRAM_001974	plus	candidate_pending_human_review			finiteness_violation	0	Last week she repair six televisions	simple_past	repair	televisions	repair	television	0.022	omitted	USF:Cue_Target_Pairs.P-R:7948	no	yes	yes	yes	no	yes	
CAND_GRAM_001975	plus	candidate_pending_human_review			finiteness_violation	0	He are repairing six televisions	be_progressive	are	televisions	repair	television	0.022	substituted	USF:Cue_Target_Pairs.P-R:7948	no	yes	yes	yes	no	yes	
CAND_GRAM_001976	plus	candidate_pending_human_review			finiteness_violation	0	He do not repair six televisions	do_negation	do	televisions	repair	television	0.022	substituted	USF:Cue_Target_Pairs.P-R:7948	no	yes	yes	yes	no	yes	
CAND_GRAM_001977	plus	candidate_pending_human_review			finiteness_violation	0	Every day he repair six televisions	present_3s	repair	televisions	repair	television	0.022	omitted	USF:Cue_Target_Pairs.P-R:7948	no	yes	yes	yes	no	yes	
CAND_GRAM_001978	plus	candidate_pending_human_review			finiteness_violation	0	Last week he repair six televisions	simple_past	repair	televisions	repair	television	0.022	omitted	USF:Cue_Target_Pairs.P-R:7948	no	yes	yes	yes	no	yes	
CAND_GRAM_001979	plus	candidate_pending_human_review			finiteness_violation	0	They is repairing six televisions	be_progressive	is	televisions	repair	television	0.022	substituted	USF:Cue_Target_Pairs.P-R:7948	no	yes	yes	yes	no	yes	
CAND_GRAM_001980	plus	candidate_pending_human_review			finiteness_violation	0	They does not repair six televisions	do_negation	does	televisions	repair	television	0.022	substituted	USF:Cue_Target_Pairs.P-R:7948	no	yes	yes	yes	no	yes	
CAND_GRAM_001981	plus	candidate_pending_human_review			finiteness_violation	0	Every day they repairs six televisions	present_3s	repairs	televisions	repair	television	0.022	added	USF:Cue_Target_Pairs.P-R:7948	no	yes	yes	yes	no	yes	
CAND_GRAM_001982	plus	candidate_pending_human_review			finiteness_violation	0	Last week they repair six televisions	simple_past	repair	televisions	repair	television	0.022	omitted	USF:Cue_Target_Pairs.P-R:7948	no	yes	yes	yes	no	yes	
CAND_GRAM_001983	plus	candidate_pending_human_review			finiteness_violation	0	She are kicking one ball	be_progressive	are	ball	kick	ball	0.29	substituted	USF:Cue_Target_Pairs.G-K:7932	no	yes	yes	yes	no	yes	
CAND_GRAM_001984	plus	candidate_pending_human_review			finiteness_violation	0	She do not kick one ball	do_negation	do	ball	kick	ball	0.29	substituted	USF:Cue_Target_Pairs.G-K:7932	no	yes	yes	yes	no	yes	
CAND_GRAM_001985	plus	candidate_pending_human_review			finiteness_violation	0	Every day she kick one ball	present_3s	kick	ball	kick	ball	0.29	omitted	USF:Cue_Target_Pairs.G-K:7932	no	yes	yes	yes	no	yes	
CAND_GRAM_001986	plus	candidate_pending_human_review			finiteness_violation	0	Last week she kick one ball	simple_past	kick	ball	kick	ball	0.29	omitted	USF:Cue_Target_Pairs.G-K:7932	no	yes	yes	yes	no	yes	
CAND_GRAM_001987	plus	candidate_pending_human_review			finiteness_violation	0	He are kicking one ball	be_progressive	are	ball	kick	ball	0.29	substituted	USF:Cue_Target_Pairs.G-K:7932	no	yes	yes	yes	no	yes	
CAND_GRAM_001988	plus	candidate_pending_human_review			finiteness_violation	0	He do not kick one ball	do_negation	do	ball	kick	ball	0.29	substituted	USF:Cue_Target_Pairs.G-K:7932	no	yes	yes	yes	no	yes	
CAND_GRAM_001989	plus	candidate_pending_human_review			finiteness_violation	0	Every day he kick one ball	present_3s	kick	ball	kick	ball	0.29	omitted	USF:Cue_Target_Pairs.G-K:7932	no	yes	yes	yes	no	yes	
CAND_GRAM_001990	plus	candidate_pending_human_review			finiteness_violation	0	Last week he kick one ball	simple_past	kick	ball	kick	ball	0.29	omitted	USF:Cue_Target_Pairs.G-K:7932	no	yes	yes	yes	no	yes	
CAND_GRAM_001991	plus	candidate_pending_human_review			finiteness_violation	0	They is kicking one ball	be_progressive	is	ball	kick	ball	0.29	substituted	USF:Cue_Target_Pairs.G-K:7932	no	yes	yes	yes	no	yes	
CAND_GRAM_001992	plus	candidate_pending_human_review			finiteness_violation	0	They does not kick one ball	do_negation	does	ball	kick	ball	0.29	substituted	USF:Cue_Target_Pairs.G-K:7932	no	yes	yes	yes	no	yes	
CAND_GRAM_001993	plus	candidate_pending_human_review			finiteness_violation	0	Every day they kicks one ball	present_3s	kicks	ball	kick	ball	0.29	added	USF:Cue_Target_Pairs.G-K:7932	no	yes	yes	yes	no	yes	
CAND_GRAM_001994	plus	candidate_pending_human_review			finiteness_violation	0	Last week they kick one ball	simple_past	kick	ball	kick	ball	0.29	omitted	USF:Cue_Target_Pairs.G-K:7932	no	yes	yes	yes	no	yes	
CAND_GRAM_001995	plus	candidate_pending_human_review			finiteness_violation	0	She are kicking two balls	be_progressive	are	balls	kick	ball	0.29	substituted	USF:Cue_Target_Pairs.G-K:7932	no	yes	yes	yes	no	yes	
CAND_GRAM_001996	plus	candidate_pending_human_review			finiteness_violation	0	She do not kick two balls	do_negation	do	balls	kick	ball	0.29	substituted	USF:Cue_Target_Pairs.G-K:7932	no	yes	yes	yes	no	yes	
CAND_GRAM_001997	plus	candidate_pending_human_review			finiteness_violation	0	Every day she kick two balls	present_3s	kick	balls	kick	ball	0.29	omitted	USF:Cue_Target_Pairs.G-K:7932	no	yes	yes	yes	no	yes	
CAND_GRAM_001998	plus	candidate_pending_human_review			finiteness_violation	0	Last week she kicking two balls	simple_past	kicking	balls	kick	ball	0.29	omitted	USF:Cue_Target_Pairs.G-K:7932	no	yes	yes	yes	no	yes	
CAND_GRAM_001999	plus	candidate_pending_human_review			finiteness_violation	0	He are kicking two balls	be_progressive	are	balls	kick	ball	0.29	substituted	USF:Cue_Target_Pairs.G-K:7932	no	yes	yes	yes	no	yes	
CAND_GRAM_002000	plus	candidate_pending_human_review			finiteness_violation	0	He do not kick two balls	do_negation	do	balls	kick	ball	0.29	substituted	USF:Cue_Target_Pairs.G-K:7932	no	yes	yes	yes	no	yes	
CAND_GRAM_002001	plus	candidate_pending_human_review			finiteness_violation	0	Every day he kick two balls	present_3s	kick	balls	kick	ball	0.29	omitted	USF:Cue_Target_Pairs.G-K:7932	no	yes	yes	yes	no	yes	
CAND_GRAM_002002	plus	candidate_pending_human_review			finiteness_violation	0	Last week he kick two balls	simple_past	kick	balls	kick	ball	0.29	omitted	USF:Cue_Target_Pairs.G-K:7932	no	yes	yes	yes	no	yes	
CAND_GRAM_002003	plus	candidate_pending_human_review			finiteness_violation	0	They is kicking two balls	be_progressive	is	balls	kick	ball	0.29	substituted	USF:Cue_Target_Pairs.G-K:7932	no	yes	yes	yes	no	yes	
CAND_GRAM_002004	plus	candidate_pending_human_review			finiteness_violation	0	They does not kick two balls	do_negation	does	balls	kick	ball	0.29	substituted	USF:Cue_Target_Pairs.G-K:7932	no	yes	yes	yes	no	yes	
CAND_GRAM_002005	plus	candidate_pending_human_review			finiteness_violation	0	Every day they kicks two balls	present_3s	kicks	balls	kick	ball	0.29	added	USF:Cue_Target_Pairs.G-K:7932	no	yes	yes	yes	no	yes	
CAND_GRAM_002006	plus	candidate_pending_human_review			finiteness_violation	0	Last week they kick two balls	simple_past	kick	balls	kick	ball	0.29	omitted	USF:Cue_Target_Pairs.G-K:7932	no	yes	yes	yes	no	yes	
CAND_GRAM_002007	plus	candidate_pending_human_review			finiteness_violation	0	She are kicking three balls	be_progressive	are	balls	kick	ball	0.29	substituted	USF:Cue_Target_Pairs.G-K:7932	no	yes	yes	yes	no	yes	
CAND_GRAM_002008	plus	candidate_pending_human_review			finiteness_violation	0	She do not kick three balls	do_negation	do	balls	kick	ball	0.29	substituted	USF:Cue_Target_Pairs.G-K:7932	no	yes	yes	yes	no	yes	
CAND_GRAM_002009	plus	candidate_pending_human_review			finiteness_violation	0	Every day she kick three balls	present_3s	kick	balls	kick	ball	0.29	omitted	USF:Cue_Target_Pairs.G-K:7932	no	yes	yes	yes	no	yes	
CAND_GRAM_002010	plus	candidate_pending_human_review			finiteness_violation	0	Last week she kick three balls	simple_past	kick	balls	kick	ball	0.29	omitted	USF:Cue_Target_Pairs.G-K:7932	no	yes	yes	yes	no	yes	
CAND_GRAM_002011	plus	candidate_pending_human_review			finiteness_violation	0	He are kicking three balls	be_progressive	are	balls	kick	ball	0.29	substituted	USF:Cue_Target_Pairs.G-K:7932	no	yes	yes	yes	no	yes	
CAND_GRAM_002012	plus	candidate_pending_human_review			finiteness_violation	0	He do not kick three balls	do_negation	do	balls	kick	ball	0.29	substituted	USF:Cue_Target_Pairs.G-K:7932	no	yes	yes	yes	no	yes	
CAND_GRAM_002013	plus	candidate_pending_human_review			finiteness_violation	0	Every day he kick three balls	present_3s	kick	balls	kick	ball	0.29	omitted	USF:Cue_Target_Pairs.G-K:7932	no	yes	yes	yes	no	yes	
CAND_GRAM_002014	plus	candidate_pending_human_review			finiteness_violation	0	Last week he kick three balls	simple_past	kick	balls	kick	ball	0.29	omitted	USF:Cue_Target_Pairs.G-K:7932	no	yes	yes	yes	no	yes	
CAND_GRAM_002015	plus	candidate_pending_human_review			finiteness_violation	0	They is kicking three balls	be_progressive	is	balls	kick	ball	0.29	substituted	USF:Cue_Target_Pairs.G-K:7932	no	yes	yes	yes	no	yes	
CAND_GRAM_002016	plus	candidate_pending_human_review			finiteness_violation	0	They does not kick three balls	do_negation	does	balls	kick	ball	0.29	substituted	USF:Cue_Target_Pairs.G-K:7932	no	yes	yes	yes	no	yes	
CAND_GRAM_002017	plus	candidate_pending_human_review			finiteness_violation	0	Every day they kicks three balls	present_3s	kicks	balls	kick	ball	0.29	added	USF:Cue_Target_Pairs.G-K:7932	no	yes	yes	yes	no	yes	
CAND_GRAM_002018	plus	candidate_pending_human_review			finiteness_violation	0	Last week they kicking three balls	simple_past	kicking	balls	kick	ball	0.29	omitted	USF:Cue_Target_Pairs.G-K:7932	no	yes	yes	yes	no	yes	
CAND_GRAM_002019	plus	candidate_pending_human_review			finiteness_violation	0	She are kicking four balls	be_progressive	are	balls	kick	ball	0.29	substituted	USF:Cue_Target_Pairs.G-K:7932	no	yes	yes	yes	no	yes	
CAND_GRAM_002020	plus	candidate_pending_human_review			finiteness_violation	0	She do not kick four balls	do_negation	do	balls	kick	ball	0.29	substituted	USF:Cue_Target_Pairs.G-K:7932	no	yes	yes	yes	no	yes	
CAND_GRAM_002021	plus	candidate_pending_human_review			finiteness_violation	0	Every day she kick four balls	present_3s	kick	balls	kick	ball	0.29	omitted	USF:Cue_Target_Pairs.G-K:7932	no	yes	yes	yes	no	yes	
CAND_GRAM_002022	plus	candidate_pending_human_review			finiteness_violation	0	Last week she kick four balls	simple_past	kick	balls	kick	ball	0.29	omitted	USF:Cue_Target_Pairs.G-K:7932	no	yes	yes	yes	no	yes	
CAND_GRAM_002023	plus	candidate_pending_human_review			finiteness_violation	0	He are kicking four balls	be_progressive	are	balls	kick	ball	0.29	substituted	USF:Cue_Target_Pairs.G-K:7932	no	yes	yes	yes	no	yes	
CAND_GRAM_002024	plus	candidate_pending_human_review			finiteness_violation	0	He do not kick four balls	do_negation	do	balls	kick	ball	0.29	substituted	USF:Cue_Target_Pairs.G-K:7932	no	yes	yes	yes	no	yes	
CAND_GRAM_002025	plus	candidate_pending_human_review			finiteness_violation	0	Every day he kick four balls	present_3s	kick	balls	kick	ball	0.29	omitted	USF:Cue_Target_Pairs.G-K:7932	no	yes	yes	yes	no	yes	
CAND_GRAM_002026	plus	candidate_pending_human_review			finiteness_violation	0	Last week he kick four balls	simple_past	kick	balls	kick	ball	0.29	omitted	USF:Cue_Target_Pairs.G-K:7932	no	yes	yes	yes	no	yes	
CAND_GRAM_002027	plus	candidate_pending_human_review			finiteness_violation	0	They is kicking four balls	be_progressive	is	balls	kick	ball	0.29	substituted	USF:Cue_Target_Pairs.G-K:7932	no	yes	yes	yes	no	yes	
CAND_GRAM_002028	plus	candidate_pending_human_review			finiteness_violation	0	They does not kick four balls	do_negation	does	balls	kick	ball	0.29	substituted	USF:Cue_Target_Pairs.G-K:7932	no	yes	yes	yes	no	yes	
CAND_GRAM_002029	plus	candidate_pending_human_review			finiteness_violation	0	Every day they kicks four balls	present_3s	kicks	balls	kick	ball	0.29	added	USF:Cue_Target_Pairs.G-K:7932	no	yes	yes	yes	no	yes	
CAND_GRAM_002030	plus	candidate_pending_human_review			finiteness_violation	0	Last week they kick four balls	simple_past	kick	balls	kick	ball	0.29	omitted	USF:Cue_Target_Pairs.G-K:7932	no	yes	yes	yes	no	yes	
CAND_GRAM_002031	plus	candidate_pending_human_review			finiteness_violation	0	She are kicking five balls	be_progressive	are	balls	kick	ball	0.29	substituted	USF:Cue_Target_Pairs.G-K:7932	no	yes	yes	yes	no	yes	
CAND_GRAM_002032	plus	candidate_pending_human_review			finiteness_violation	0	She do not kick five balls	do_negation	do	balls	kick	ball	0.29	substituted	USF:Cue_Target_Pairs.G-K:7932	no	yes	yes	yes	no	yes	
CAND_GRAM_002033	plus	candidate_pending_human_review			finiteness_violation	0	Every day she kick five balls	present_3s	kick	balls	kick	ball	0.29	omitted	USF:Cue_Target_Pairs.G-K:7932	no	yes	yes	yes	no	yes	
CAND_GRAM_002034	plus	candidate_pending_human_review			finiteness_violation	0	Last week she kick five balls	simple_past	kick	balls	kick	ball	0.29	omitted	USF:Cue_Target_Pairs.G-K:7932	no	yes	yes	yes	no	yes	
CAND_GRAM_002035	plus	candidate_pending_human_review			finiteness_violation	0	He are kicking five balls	be_progressive	are	balls	kick	ball	0.29	substituted	USF:Cue_Target_Pairs.G-K:7932	no	yes	yes	yes	no	yes	
CAND_GRAM_002036	plus	candidate_pending_human_review			finiteness_violation	0	He do not kick five balls	do_negation	do	balls	kick	ball	0.29	substituted	USF:Cue_Target_Pairs.G-K:7932	no	yes	yes	yes	no	yes	
CAND_GRAM_002037	plus	candidate_pending_human_review			finiteness_violation	0	Every day he kick five balls	present_3s	kick	balls	kick	ball	0.29	omitted	USF:Cue_Target_Pairs.G-K:7932	no	yes	yes	yes	no	yes	
CAND_GRAM_002038	plus	candidate_pending_human_review			finiteness_violation	0	Last week he kicking five balls	simple_past	kicking	balls	kick	ball	0.29	omitted	USF:Cue_Target_Pairs.G-K:7932	no	yes	yes	yes	no	yes	
CAND_GRAM_002039	plus	candidate_pending_human_review			finiteness_violation	0	They is kicking five balls	be_progressive	is	balls	kick	ball	0.29	substituted	USF:Cue_Target_Pairs.G-K:7932	no	yes	yes	yes	no	yes	
CAND_GRAM_002040	plus	candidate_pending_human_review			finiteness_violation	0	They does not kick five balls	do_negation	does	balls	kick	ball	0.29	substituted	USF:Cue_Target_Pairs.G-K:7932	no	yes	yes	yes	no	yes	
CAND_GRAM_002041	plus	candidate_pending_human_review			finiteness_violation	0	Every day they kicks five balls	present_3s	kicks	balls	kick	ball	0.29	added	USF:Cue_Target_Pairs.G-K:7932	no	yes	yes	yes	no	yes	
CAND_GRAM_002042	plus	candidate_pending_human_review			finiteness_violation	0	Last week they kick five balls	simple_past	kick	balls	kick	ball	0.29	omitted	USF:Cue_Target_Pairs.G-K:7932	no	yes	yes	yes	no	yes	
CAND_GRAM_002043	plus	candidate_pending_human_review			finiteness_violation	0	She are kicking six balls	be_progressive	are	balls	kick	ball	0.29	substituted	USF:Cue_Target_Pairs.G-K:7932	no	yes	yes	yes	no	yes	
CAND_GRAM_002044	plus	candidate_pending_human_review			finiteness_violation	0	She do not kick six balls	do_negation	do	balls	kick	ball	0.29	substituted	USF:Cue_Target_Pairs.G-K:7932	no	yes	yes	yes	no	yes	
CAND_GRAM_002045	plus	candidate_pending_human_review			finiteness_violation	0	Every day she kick six balls	present_3s	kick	balls	kick	ball	0.29	omitted	USF:Cue_Target_Pairs.G-K:7932	no	yes	yes	yes	no	yes	
CAND_GRAM_002046	plus	candidate_pending_human_review			finiteness_violation	0	Last week she kick six balls	simple_past	kick	balls	kick	ball	0.29	omitted	USF:Cue_Target_Pairs.G-K:7932	no	yes	yes	yes	no	yes	
CAND_GRAM_002047	plus	candidate_pending_human_review			finiteness_violation	0	He are kicking six balls	be_progressive	are	balls	kick	ball	0.29	substituted	USF:Cue_Target_Pairs.G-K:7932	no	yes	yes	yes	no	yes	
CAND_GRAM_002048	plus	candidate_pending_human_review			finiteness_violation	0	He do not kick six balls	do_negation	do	balls	kick	ball	0.29	substituted	USF:Cue_Target_Pairs.G-K:7932	no	yes	yes	yes	no	yes	
CAND_GRAM_002049	plus	candidate_pending_human_review			finiteness_violation	0	Every day he kick six balls	present_3s	kick	balls	kick	ball	0.29	omitted	USF:Cue_Target_Pairs.G-K:7932	no	yes	yes	yes	no	yes	
CAND_GRAM_002050	plus	candidate_pending_human_review			finiteness_violation	0	Last week he kick six balls	simple_past	kick	balls	kick	ball	0.29	omitted	USF:Cue_Target_Pairs.G-K:7932	no	yes	yes	yes	no	yes	
CAND_GRAM_002051	plus	candidate_pending_human_review			finiteness_violation	0	They is kicking six balls	be_progressive	is	balls	kick	ball	0.29	substituted	USF:Cue_Target_Pairs.G-K:7932	no	yes	yes	yes	no	yes	
CAND_GRAM_002052	plus	candidate_pending_human_review			finiteness_violation	0	They does not kick six balls	do_negation	does	balls	kick	ball	0.29	substituted	USF:Cue_Target_Pairs.G-K:7932	no	yes	yes	yes	no	yes	
CAND_GRAM_002053	plus	candidate_pending_human_review			finiteness_violation	0	Every day they kicks six balls	present_3s	kicks	balls	kick	ball	0.29	added	USF:Cue_Target_Pairs.G-K:7932	no	yes	yes	yes	no	yes	
CAND_GRAM_002054	plus	candidate_pending_human_review			finiteness_violation	0	Last week they kick six balls	simple_past	kick	balls	kick	ball	0.29	omitted	USF:Cue_Target_Pairs.G-K:7932	no	yes	yes	yes	no	yes	
CAND_GRAM_002055	plus	candidate_pending_human_review			finiteness_violation	0	She are nailing one hammer	be_progressive	are	hammer	nail	hammer	0.622	substituted	USF:Cue_Target_Pairs.L-O:6425	no	yes	yes	yes	no	yes	
CAND_GRAM_002056	plus	candidate_pending_human_review			finiteness_violation	0	She do not nail one hammer	do_negation	do	hammer	nail	hammer	0.622	substituted	USF:Cue_Target_Pairs.L-O:6425	no	yes	yes	yes	no	yes	
CAND_GRAM_002057	plus	candidate_pending_human_review			finiteness_violation	0	Every day she nail one hammer	present_3s	nail	hammer	nail	hammer	0.622	omitted	USF:Cue_Target_Pairs.L-O:6425	no	yes	yes	yes	no	yes	
CAND_GRAM_002058	plus	candidate_pending_human_review			finiteness_violation	0	Last week she nail one hammer	simple_past	nail	hammer	nail	hammer	0.622	omitted	USF:Cue_Target_Pairs.L-O:6425	no	yes	yes	yes	no	yes	
CAND_GRAM_002059	plus	candidate_pending_human_review			finiteness_violation	0	He are nailing one hammer	be_progressive	are	hammer	nail	hammer	0.622	substituted	USF:Cue_Target_Pairs.L-O:6425	no	yes	yes	yes	no	yes	
CAND_GRAM_002060	plus	candidate_pending_human_review			finiteness_violation	0	He do not nail one hammer	do_negation	do	hammer	nail	hammer	0.622	substituted	USF:Cue_Target_Pairs.L-O:6425	no	yes	yes	yes	no	yes	
CAND_GRAM_002061	plus	candidate_pending_human_review			finiteness_violation	0	Every day he nail one hammer	present_3s	nail	hammer	nail	hammer	0.622	omitted	USF:Cue_Target_Pairs.L-O:6425	no	yes	yes	yes	no	yes	
CAND_GRAM_002062	plus	candidate_pending_human_review			finiteness_violation	0	Last week he nail one hammer	simple_past	nail	hammer	nail	hammer	0.622	omitted	USF:Cue_Target_Pairs.L-O:6425	no	yes	yes	yes	no	yes	
CAND_GRAM_002063	plus	candidate_pending_human_review			finiteness_violation	0	They is nailing one hammer	be_progressive	is	hammer	nail	hammer	0.622	substituted	USF:Cue_Target_Pairs.L-O:6425	no	yes	yes	yes	no	yes	
CAND_GRAM_002064	plus	candidate_pending_human_review			finiteness_violation	0	They does not nail one hammer	do_negation	does	hammer	nail	hammer	0.622	substituted	USF:Cue_Target_Pairs.L-O:6425	no	yes	yes	yes	no	yes	
CAND_GRAM_002065	plus	candidate_pending_human_review			finiteness_violation	0	Every day they nails one hammer	present_3s	nails	hammer	nail	hammer	0.622	added	USF:Cue_Target_Pairs.L-O:6425	no	yes	yes	yes	no	yes	
CAND_GRAM_002066	plus	candidate_pending_human_review			finiteness_violation	0	Last week they nail one hammer	simple_past	nail	hammer	nail	hammer	0.622	omitted	USF:Cue_Target_Pairs.L-O:6425	no	yes	yes	yes	no	yes	
CAND_GRAM_002067	plus	candidate_pending_human_review			finiteness_violation	0	She are nailing two hammers	be_progressive	are	hammers	nail	hammer	0.622	substituted	USF:Cue_Target_Pairs.L-O:6425	no	yes	yes	yes	no	yes	
CAND_GRAM_002068	plus	candidate_pending_human_review			finiteness_violation	0	She do not nail two hammers	do_negation	do	hammers	nail	hammer	0.622	substituted	USF:Cue_Target_Pairs.L-O:6425	no	yes	yes	yes	no	yes	
CAND_GRAM_002069	plus	candidate_pending_human_review			finiteness_violation	0	Every day she nail two hammers	present_3s	nail	hammers	nail	hammer	0.622	omitted	USF:Cue_Target_Pairs.L-O:6425	no	yes	yes	yes	no	yes	
CAND_GRAM_002070	plus	candidate_pending_human_review			finiteness_violation	0	Last week she nailing two hammers	simple_past	nailing	hammers	nail	hammer	0.622	omitted	USF:Cue_Target_Pairs.L-O:6425	no	yes	yes	yes	no	yes	
CAND_GRAM_002071	plus	candidate_pending_human_review			finiteness_violation	0	He are nailing two hammers	be_progressive	are	hammers	nail	hammer	0.622	substituted	USF:Cue_Target_Pairs.L-O:6425	no	yes	yes	yes	no	yes	
CAND_GRAM_002072	plus	candidate_pending_human_review			finiteness_violation	0	He do not nail two hammers	do_negation	do	hammers	nail	hammer	0.622	substituted	USF:Cue_Target_Pairs.L-O:6425	no	yes	yes	yes	no	yes	
CAND_GRAM_002073	plus	candidate_pending_human_review			finiteness_violation	0	Every day he nail two hammers	present_3s	nail	hammers	nail	hammer	0.622	omitted	USF:Cue_Target_Pairs.L-O:6425	no	yes	yes	yes	no	yes	
CAND_GRAM_002074	plus	candidate_pending_human_review			finiteness_violation	0	Last week he nail two hammers	simple_past	nail	hammers	nail	hammer	0.622	omitted	USF:Cue_Target_Pairs.L-O:6425	no	yes	yes	yes	no	yes	
CAND_GRAM_002075	plus	candidate_pending_human_review			finiteness_violation	0	They is nailing two hammers	be_progressive	is	hammers	nail	hammer	0.622	substituted	USF:Cue_Target_Pairs.L-O:6425	no	yes	yes	yes	no	yes	
CAND_GRAM_002076	plus	candidate_pending_human_review			finiteness_violation	0	They does not nail two hammers	do_negation	does	hammers	nail	hammer	0.622	substituted	USF:Cue_Target_Pairs.L-O:6425	no	yes	yes	yes	no	yes	
CAND_GRAM_002077	plus	candidate_pending_human_review			finiteness_violation	0	Every day they nails two hammers	present_3s	nails	hammers	nail	hammer	0.622	added	USF:Cue_Target_Pairs.L-O:6425	no	yes	yes	yes	no	yes	
CAND_GRAM_002078	plus	candidate_pending_human_review			finiteness_violation	0	Last week they nail two hammers	simple_past	nail	hammers	nail	hammer	0.622	omitted	USF:Cue_Target_Pairs.L-O:6425	no	yes	yes	yes	no	yes	
CAND_GRAM_002079	plus	candidate_pending_human_review			finiteness_violation	0	She are nailing three hammers	be_progressive	are	hammers	nail	hammer	0.622	substituted	USF:Cue_Target_Pairs.L-O:6425	no	yes	yes	yes	no	yes	
CAND_GRAM_002080	plus	candidate_pending_human_review			finiteness_violation	0	She do not nail three hammers	do_negation	do	hammers	nail	hammer	0.622	substituted	USF:Cue_Target_Pairs.L-O:6425	no	yes	yes	yes	no	yes	
CAND_GRAM_002081	plus	candidate_pending_human_review			finiteness_violation	0	Every day she nail three hammers	present_3s	nail	hammers	nail	hammer	0.622	omitted	USF:Cue_Target_Pairs.L-O:6425	no	yes	yes	yes	no	yes	
CAND_GRAM_002082	plus	candidate_pending_human_review			finiteness_violation	0	Last week she nail three hammers	simple_past	nail	hammers	nail	hammer	0.622	omitted	USF:Cue_Target_Pairs.L-O:6425	no	yes	yes	yes	no	yes	
CAND_GRAM_002083	plus	candidate_pending_human_review			finiteness_violation	0	He are nailing three hammers	be_progressive	are	hammers	nail	hammer	0.622	substituted	USF:Cue_Target_Pairs.L-O:6425	no	yes	yes	yes	no	yes	
CAND_GRAM_002084	plus	candidate_pending_human_review			finiteness_violation	0	He do not nail three hammers	do_negation	do	hammers	nail	hammer	0.622	substituted	USF:Cue_Target_Pairs.L-O:6425	no	yes	yes	yes	no	yes	
CAND_GRAM_002085	plus	candidate_pending_human_review			finiteness_violation	0	Every day he nail three hammers	present_3s	nail	hammers	nail	hammer	0.622	omitted	USF:Cue_Target_Pairs.L-O:6425	no	yes	yes	yes	no	yes	
CAND_GRAM_002086	plus	candidate_pending_human_review			finiteness_violation	0	Last week he nail three hammers	simple_past	nail	hammers	nail	hammer	0.622	omitted	USF:Cue_Target_Pairs.L-O:6425	no	yes	yes	yes	no	yes	
CAND_GRAM_002087	plus	candidate_pending_human_review			finiteness_violation	0	They is nailing three hammers	be_progressive	is	hammers	nail	hammer	0.622	substituted	USF:Cue_Target_Pairs.L-O:6425	no	yes	yes	yes	no	yes	
CAND_GRAM_002088	plus	candidate_pending_human_review			finiteness_violation	0	They does not nail three hammers	do_negation	does	hammers	nail	hammer	0.622	substituted	USF:Cue_Target_Pairs.L-O:6425	no	yes	yes	yes	no	yes	
CAND_GRAM_002089	plus	candidate_pending_human_review			finiteness_violation	0	Every day they nails three hammers	present_3s	nails	hammers	nail	hammer	0.622	added	USF:Cue_Target_Pairs.L-O:6425	no	yes	yes	yes	no	yes	
CAND_GRAM_002090	plus	candidate_pending_human_review			finiteness_violation	0	Last week they nailing three hammers	simple_past	nailing	hammers	nail	hammer	0.622	omitted	USF:Cue_Target_Pairs.L-O:6425	no	yes	yes	yes	no	yes	
CAND_GRAM_002091	plus	candidate_pending_human_review			finiteness_violation	0	She are nailing four hammers	be_progressive	are	hammers	nail	hammer	0.622	substituted	USF:Cue_Target_Pairs.L-O:6425	no	yes	yes	yes	no	yes	
CAND_GRAM_002092	plus	candidate_pending_human_review			finiteness_violation	0	She do not nail four hammers	do_negation	do	hammers	nail	hammer	0.622	substituted	USF:Cue_Target_Pairs.L-O:6425	no	yes	yes	yes	no	yes	
CAND_GRAM_002093	plus	candidate_pending_human_review			finiteness_violation	0	Every day she nail four hammers	present_3s	nail	hammers	nail	hammer	0.622	omitted	USF:Cue_Target_Pairs.L-O:6425	no	yes	yes	yes	no	yes	
CAND_GRAM_002094	plus	candidate_pending_human_review			finiteness_violation	0	Last week she nail four hammers	simple_past	nail	hammers	nail	hammer	0.622	omitted	USF:Cue_Target_Pairs.L-O:6425	no	yes	yes	yes	no	yes	
CAND_GRAM_002095	plus	candidate_pending_human_review			finiteness_violation	0	He are nailing four hammers	be_progressive	are	hammers	nail	hammer	0.622	substituted	USF:Cue_Target_Pairs.L-O:6425	no	yes	yes	yes	no	yes	
CAND_GRAM_002096	plus	candidate_pending_human_review			finiteness_violation	0	He do not nail four hammers	do_negation	do	hammers	nail	hammer	0.622	substituted	USF:Cue_Target_Pairs.L-O:6425	no	yes	yes	yes	no	yes	
CAND_GRAM_002097	plus	candidate_pending_human_review			finiteness_violation	0	Every day he nail four hammers	present_3s	nail	hammers	nail	hammer	0.622	omitted	USF:Cue_Target_Pairs.L-O:6425	no	yes	yes	yes	no	yes	
CAND_GRAM_002098	plus	candidate_pending_human_review			finiteness_violation	0	Last week he nail four hammers	simple_past	nail	hammers	nail	hammer	0.622	omitted	USF:Cue_Target_Pairs.L-O:6425	no	yes	yes	yes	no	yes	
CAND_GRAM_002099	plus	candidate_pending_human_review			finiteness_violation	0	They is nailing four hammers	be_progressive	is	hammers	nail	hammer	0.622	substituted	USF:Cue_Target_Pairs.L-O:6425	no	yes	yes	yes	no	yes	
CAND_GRAM_002100	plus	candidate_pending_human_review			finiteness_violation	0	They does not nail four hammers	do_negation	does	hammers	nail	hammer	0.622	substituted	USF:Cue_Target_Pairs.L-O:6425	no	yes	yes	yes	no	yes	
CAND_GRAM_002101	plus	candidate_pending_human_review			finiteness_violation	0	Every day they nails four hammers	present_3s	nails	hammers	nail	hammer	0.622	added	USF:Cue_Target_Pairs.L-O:6425	no	yes	yes	yes	no	yes	
CAND_GRAM_002102	plus	candidate_pending_human_review			finiteness_violation	0	Last week they nail four hammers	simple_past	nail	hammers	nail	hammer	0.622	omitted	USF:Cue_Target_Pairs.L-O:6425	no	yes	yes	yes	no	yes	
CAND_GRAM_002103	plus	candidate_pending_human_review			finiteness_violation	0	She are nailing five hammers	be_progressive	are	hammers	nail	hammer	0.622	substituted	USF:Cue_Target_Pairs.L-O:6425	no	yes	yes	yes	no	yes	
CAND_GRAM_002104	plus	candidate_pending_human_review			finiteness_violation	0	She do not nail five hammers	do_negation	do	hammers	nail	hammer	0.622	substituted	USF:Cue_Target_Pairs.L-O:6425	no	yes	yes	yes	no	yes	
CAND_GRAM_002105	plus	candidate_pending_human_review			finiteness_violation	0	Every day she nail five hammers	present_3s	nail	hammers	nail	hammer	0.622	omitted	USF:Cue_Target_Pairs.L-O:6425	no	yes	yes	yes	no	yes	
CAND_GRAM_002106	plus	candidate_pending_human_review			finiteness_violation	0	Last week she nail five hammers	simple_past	nail	hammers	nail	hammer	0.622	omitted	USF:Cue_Target_Pairs.L-O:6425	no	yes	yes	yes	no	yes	
CAND_GRAM_002107	plus	candidate_pending_human_review			finiteness_violation	0	He are nailing five hammers	be_progressive	are	hammers	nail	hammer	0.622	substituted	USF:Cue_Target_Pairs.L-O:6425	no	yes	yes	yes	no	yes	
CAND_GRAM_002108	plus	candidate_pending_human_review			finiteness_violation	0	He do not nail five hammers	do_negation	do	hammers	nail	hammer	0.622	substituted	USF:Cue_Target_Pairs.L-O:6425	no	yes	yes	yes	no	yes	
CAND_GRAM_002109	plus	candidate_pending_human_review			finiteness_violation	0	Every day he nail five hammers	present_3s	nail	hammers	nail	hammer	0.622	omitted	USF:Cue_Target_Pairs.L-O:6425	no	yes	yes	yes	no	yes	
CAND_GRAM_002110	plus	candidate_pending_human_review			finiteness_violation	0	Last week he nailing five hammers	simple_past	nailing	hammers	nail	hammer	0.622	omitted	USF:Cue_Target_Pairs.L-O:6425	no	yes	yes	yes	no	yes	
CAND_GRAM_002111	plus	candidate_pending_human_review			finiteness_violation	0	They is nailing five hammers	be_progressive	is	hammers	nail	hammer	0.622	substituted	USF:Cue_Target_Pairs.L-O:6425	no	yes	yes	yes	no	yes	
CAND_GRAM_002112	plus	candidate_pending_human_review			finiteness_violation	0	They does not nail five hammers	do_negation	does	hammers	nail	hammer	0.622	substituted	USF:Cue_Target_Pairs.L-O:6425	no	yes	yes	yes	no	yes	
CAND_GRAM_002113	plus	candidate_pending_human_review			finiteness_violation	0	Every day they nails five hammers	present_3s	nails	hammers	nail	hammer	0.622	added	USF:Cue_Target_Pairs.L-O:6425	no	yes	yes	yes	no	yes	
CAND_GRAM_002114	plus	candidate_pending_human_review			finiteness_violation	0	Last week they nail five hammers	simple_past	nail	hammers	nail	hammer	0.622	omitted	USF:Cue_Target_Pairs.L-O:6425	no	yes	yes	yes	no	yes	
CAND_GRAM_002115	plus	candidate_pending_human_review			finiteness_violation	0	She are nailing six hammers	be_progressive	are	hammers	nail	hammer	0.622	substituted	USF:Cue_Target_Pairs.L-O:6425	no	yes	yes	yes	no	yes	
CAND_GRAM_002116	plus	candidate_pending_human_review			finiteness_violation	0	She do not nail six hammers	do_negation	do	hammers	nail	hammer	0.622	substituted	USF:Cue_Target_Pairs.L-O:6425	no	yes	yes	yes	no	yes	
CAND_GRAM_002117	plus	candidate_pending_human_review			finiteness_violation	0	Every day she nail six hammers	present_3s	nail	hammers	nail	hammer	0.622	omitted	USF:Cue_Target_Pairs.L-O:6425	no	yes	yes	yes	no	yes	
CAND_GRAM_002118	plus	candidate_pending_human_review			finiteness_violation	0	Last week she nail six hammers	simple_past	nail	hammers	nail	hammer	0.622	omitted	USF:Cue_Target_Pairs.L-O:6425	no	yes	yes	yes	no	yes	
CAND_GRAM_002119	plus	candidate_pending_human_review			finiteness_violation	0	He are nailing six hammers	be_progressive	are	hammers	nail	hammer	0.622	substituted	USF:Cue_Target_Pairs.L-O:6425	no	yes	yes	yes	no	yes	
CAND_GRAM_002120	plus	candidate_pending_human_review			finiteness_violation	0	He do not nail six hammers	do_negation	do	hammers	nail	hammer	0.622	substituted	USF:Cue_Target_Pairs.L-O:6425	no	yes	yes	yes	no	yes	
CAND_GRAM_002121	plus	candidate_pending_human_review			finiteness_violation	0	Every day he nail six hammers	present_3s	nail	hammers	nail	hammer	0.622	omitted	USF:Cue_Target_Pairs.L-O:6425	no	yes	yes	yes	no	yes	
CAND_GRAM_002122	plus	candidate_pending_human_review			finiteness_violation	0	Last week he nail six hammers	simple_past	nail	hammers	nail	hammer	0.622	omitted	USF:Cue_Target_Pairs.L-O:6425	no	yes	yes	yes	no	yes	
CAND_GRAM_002123	plus	candidate_pending_human_review			finiteness_violation	0	They is nailing six hammers	be_progressive	is	hammers	nail	hammer	0.622	substituted	USF:Cue_Target_Pairs.L-O:6425	no	yes	yes	yes	no	yes	
CAND_GRAM_002124	plus	candidate_pending_human_review			finiteness_violation	0	They does not nail six hammers	do_negation	does	hammers	nail	hammer	0.622	substituted	USF:Cue_Target_Pairs.L-O:6425	no	yes	yes	yes	no	yes	
CAND_GRAM_002125	plus	candidate_pending_human_review			finiteness_violation	0	Every day they nails six hammers	present_3s	nails	hammers	nail	hammer	0.622	added	USF:Cue_Target_Pairs.L-O:6425	no	yes	yes	yes	no	yes	
CAND_GRAM_002126	plus	candidate_pending_human_review			finiteness_violation	0	Last week they nail six hammers	simple_past	nail	hammers	nail	hammer	0.622	omitted	USF:Cue_Target_Pairs.L-O:6425	no	yes	yes	yes	no	yes	
CAND_GRAM_002127	plus	candidate_pending_human_review			finiteness_violation	0	She are swapping one trade	be_progressive	are	trade	swap	trade	0.342	substituted	USF:Cue_Target_Pairs.S:8854	no	yes	yes	yes	no	yes	
CAND_GRAM_002128	plus	candidate_pending_human_review			finiteness_violation	0	She do not swap one trade	do_negation	do	trade	swap	trade	0.342	substituted	USF:Cue_Target_Pairs.S:8854	no	yes	yes	yes	no	yes	
CAND_GRAM_002129	plus	candidate_pending_human_review			finiteness_violation	0	Every day she swap one trade	present_3s	swap	trade	swap	trade	0.342	omitted	USF:Cue_Target_Pairs.S:8854	no	yes	yes	yes	no	yes	
CAND_GRAM_002130	plus	candidate_pending_human_review			finiteness_violation	0	Last week she swap one trade	simple_past	swap	trade	swap	trade	0.342	omitted	USF:Cue_Target_Pairs.S:8854	no	yes	yes	yes	no	yes	
CAND_GRAM_002131	plus	candidate_pending_human_review			finiteness_violation	0	He are swapping one trade	be_progressive	are	trade	swap	trade	0.342	substituted	USF:Cue_Target_Pairs.S:8854	no	yes	yes	yes	no	yes	
CAND_GRAM_002132	plus	candidate_pending_human_review			finiteness_violation	0	He do not swap one trade	do_negation	do	trade	swap	trade	0.342	substituted	USF:Cue_Target_Pairs.S:8854	no	yes	yes	yes	no	yes	
CAND_GRAM_002133	plus	candidate_pending_human_review			finiteness_violation	0	Every day he swap one trade	present_3s	swap	trade	swap	trade	0.342	omitted	USF:Cue_Target_Pairs.S:8854	no	yes	yes	yes	no	yes	
CAND_GRAM_002134	plus	candidate_pending_human_review			finiteness_violation	0	Last week he swap one trade	simple_past	swap	trade	swap	trade	0.342	omitted	USF:Cue_Target_Pairs.S:8854	no	yes	yes	yes	no	yes	
CAND_GRAM_002135	plus	candidate_pending_human_review			finiteness_violation	0	They is swapping one trade	be_progressive	is	trade	swap	trade	0.342	substituted	USF:Cue_Target_Pairs.S:8854	no	yes	yes	yes	no	yes	
CAND_GRAM_002136	plus	candidate_pending_human_review			finiteness_violation	0	They does not swap one trade	do_negation	does	trade	swap	trade	0.342	substituted	USF:Cue_Target_Pairs.S:8854	no	yes	yes	yes	no	yes	
CAND_GRAM_002137	plus	candidate_pending_human_review			finiteness_violation	0	Every day they swaps one trade	present_3s	swaps	trade	swap	trade	0.342	added	USF:Cue_Target_Pairs.S:8854	no	yes	yes	yes	no	yes	
CAND_GRAM_002138	plus	candidate_pending_human_review			finiteness_violation	0	Last week they swap one trade	simple_past	swap	trade	swap	trade	0.342	omitted	USF:Cue_Target_Pairs.S:8854	no	yes	yes	yes	no	yes	
CAND_GRAM_002139	plus	candidate_pending_human_review			finiteness_violation	0	She are swapping two trades	be_progressive	are	trades	swap	trade	0.342	substituted	USF:Cue_Target_Pairs.S:8854	no	yes	yes	yes	no	yes	
CAND_GRAM_002140	plus	candidate_pending_human_review			finiteness_violation	0	She do not swap two trades	do_negation	do	trades	swap	trade	0.342	substituted	USF:Cue_Target_Pairs.S:8854	no	yes	yes	yes	no	yes	
CAND_GRAM_002141	plus	candidate_pending_human_review			finiteness_violation	0	Every day she swap two trades	present_3s	swap	trades	swap	trade	0.342	omitted	USF:Cue_Target_Pairs.S:8854	no	yes	yes	yes	no	yes	
CAND_GRAM_002142	plus	candidate_pending_human_review			finiteness_violation	0	Last week she swapping two trades	simple_past	swapping	trades	swap	trade	0.342	omitted	USF:Cue_Target_Pairs.S:8854	no	yes	yes	yes	no	yes	
CAND_GRAM_002143	plus	candidate_pending_human_review			finiteness_violation	0	He are swapping two trades	be_progressive	are	trades	swap	trade	0.342	substituted	USF:Cue_Target_Pairs.S:8854	no	yes	yes	yes	no	yes	
CAND_GRAM_002144	plus	candidate_pending_human_review			finiteness_violation	0	He do not swap two trades	do_negation	do	trades	swap	trade	0.342	substituted	USF:Cue_Target_Pairs.S:8854	no	yes	yes	yes	no	yes	
CAND_GRAM_002145	plus	candidate_pending_human_review			finiteness_violation	0	Every day he swap two trades	present_3s	swap	trades	swap	trade	0.342	omitted	USF:Cue_Target_Pairs.S:8854	no	yes	yes	yes	no	yes	
CAND_GRAM_002146	plus	candidate_pending_human_review			finiteness_violation	0	Last week he swap two trades	simple_past	swap	trades	swap	trade	0.342	omitted	USF:Cue_Target_Pairs.S:8854	no	yes	yes	yes	no	yes	
CAND_GRAM_002147	plus	candidate_pending_human_review			finiteness_violation	0	They is swapping two trades	be_progressive	is	trades	swap	trade	0.342	substituted	USF:Cue_Target_Pairs.S:8854	no	yes	yes	yes	no	yes	
CAND_GRAM_002148	plus	candidate_pending_human_review			finiteness_violation	0	They does not swap two trades	do_negation	does	trades	swap	trade	0.342	substituted	USF:Cue_Target_Pairs.S:8854	no	yes	yes	yes	no	yes	
CAND_GRAM_002149	plus	candidate_pending_human_review			finiteness_violation	0	Every day they swaps two trades	present_3s	swaps	trades	swap	trade	0.342	added	USF:Cue_Target_Pairs.S:8854	no	yes	yes	yes	no	yes	
CAND_GRAM_002150	plus	candidate_pending_human_review			finiteness_violation	0	Last week they swap two trades	simple_past	swap	trades	swap	trade	0.342	omitted	USF:Cue_Target_Pairs.S:8854	no	yes	yes	yes	no	yes	
CAND_GRAM_002151	plus	candidate_pending_human_review			finiteness_violation	0	She are swapping three trades	be_progressive	are	trades	swap	trade	0.342	substituted	USF:Cue_Target_Pairs.S:8854	no	yes	yes	yes	no	yes	
CAND_GRAM_002152	plus	candidate_pending_human_review			finiteness_violation	0	She do not swap three trades	do_negation	do	trades	swap	trade	0.342	substituted	USF:Cue_Target_Pairs.S:8854	no	yes	yes	yes	no	yes	
CAND_GRAM_002153	plus	candidate_pending_human_review			finiteness_violation	0	Every day she swap three trades	present_3s	swap	trades	swap	trade	0.342	omitted	USF:Cue_Target_Pairs.S:8854	no	yes	yes	yes	no	yes	
CAND_GRAM_002154	plus	candidate_pending_human_review			finiteness_violation	0	Last week she swap three trades	simple_past	swap	trades	swap	trade	0.342	omitted	USF:Cue_Target_Pairs.S:8854	no	yes	yes	yes	no	yes	
CAND_GRAM_002155	plus	candidate_pending_human_review			finiteness_violation	0	He are swapping three trades	be_progressive	are	trades	swap	trade	0.342	substituted	USF:Cue_Target_Pairs.S:8854	no	yes	yes	yes	no	yes	
CAND_GRAM_002156	plus	candidate_pending_human_review			finiteness_violation	0	He do not swap three trades	do_negation	do	trades	swap	trade	0.342	substituted	USF:Cue_Target_Pairs.S:8854	no	yes	yes	yes	no	yes	
CAND_GRAM_002157	plus	candidate_pending_human_review			finiteness_violation	0	Every day he swap three trades	present_3s	swap	trades	swap	trade	0.342	omitted	USF:Cue_Target_Pairs.S:8854	no	yes	yes	yes	no	yes	
CAND_GRAM_002158	plus	candidate_pending_human_review			finiteness_violation	0	Last week he swap three trades	simple_past	swap	trades	swap	trade	0.342	omitted	USF:Cue_Target_Pairs.S:8854	no	yes	yes	yes	no	yes	
CAND_GRAM_002159	plus	candidate_pending_human_review			finiteness_violation	0	They is swapping three trades	be_progressive	is	trades	swap	trade	0.342	substituted	USF:Cue_Target_Pairs.S:8854	no	yes	yes	yes	no	yes	
CAND_GRAM_002160	plus	candidate_pending_human_review			finiteness_violation	0	They does not swap three trades	do_negation	does	trades	swap	trade	0.342	substituted	USF:Cue_Target_Pairs.S:8854	no	yes	yes	yes	no	yes	
CAND_GRAM_002161	plus	candidate_pending_human_review			finiteness_violation	0	Every day they swaps three trades	present_3s	swaps	trades	swap	trade	0.342	added	USF:Cue_Target_Pairs.S:8854	no	yes	yes	yes	no	yes	
CAND_GRAM_002162	plus	candidate_pending_human_review			finiteness_violation	0	Last week they swapping three trades	simple_past	swapping	trades	swap	trade	0.342	omitted	USF:Cue_Target_Pairs.S:8854	no	yes	yes	yes	no	yes	
CAND_GRAM_002163	plus	candidate_pending_human_review			finiteness_violation	0	She are swapping four trades	be_progressive	are	trades	swap	trade	0.342	substituted	USF:Cue_Target_Pairs.S:8854	no	yes	yes	yes	no	yes	
CAND_GRAM_002164	plus	candidate_pending_human_review			finiteness_violation	0	She do not swap four trades	do_negation	do	trades	swap	trade	0.342	substituted	USF:Cue_Target_Pairs.S:8854	no	yes	yes	yes	no	yes	
CAND_GRAM_002165	plus	candidate_pending_human_review			finiteness_violation	0	Every day she swap four trades	present_3s	swap	trades	swap	trade	0.342	omitted	USF:Cue_Target_Pairs.S:8854	no	yes	yes	yes	no	yes	
CAND_GRAM_002166	plus	candidate_pending_human_review			finiteness_violation	0	Last week she swap four trades	simple_past	swap	trades	swap	trade	0.342	omitted	USF:Cue_Target_Pairs.S:8854	no	yes	yes	yes	no	yes	
CAND_GRAM_002167	plus	candidate_pending_human_review			finiteness_violation	0	He are swapping four trades	be_progressive	are	trades	swap	trade	0.342	substituted	USF:Cue_Target_Pairs.S:8854	no	yes	yes	yes	no	yes	
CAND_GRAM_002168	plus	candidate_pending_human_review			finiteness_violation	0	He do not swap four trades	do_negation	do	trades	swap	trade	0.342	substituted	USF:Cue_Target_Pairs.S:8854	no	yes	yes	yes	no	yes	
CAND_GRAM_002169	plus	candidate_pending_human_review			finiteness_violation	0	Every day he swap four trades	present_3s	swap	trades	swap	trade	0.342	omitted	USF:Cue_Target_Pairs.S:8854	no	yes	yes	yes	no	yes	
CAND_GRAM_002170	plus	candidate_pending_human_review			finiteness_violation	0	Last week he swap four trades	simple_past	swap	trades	swap	trade	0.342	omitted	USF:Cue_Target_Pairs.S:8854	no	yes	yes	yes	no	yes	
CAND_GRAM_002171	plus	candidate_pending_human_review			finiteness_violation	0	They is swapping four trades	be_progressive	is	trades	swap	trade	0.342	substituted	USF:Cue_Target_Pairs.S:8854	no	yes	yes	yes	no	yes	
CAND_GRAM_002172	plus	candidate_pending_human_review			finiteness_violation	0	They does not swap four trades	do_negation	does	trades	swap	trade	0.342	substituted	USF:Cue_Target_Pairs.S:8854	no	yes	yes	yes	no	yes	
CAND_GRAM_002173	plus	candidate_pending_human_review			finiteness_violation	0	Every day they swaps four trades	present_3s	swaps	trades	swap	trade	0.342	added	USF:Cue_Target_Pairs.S:8854	no	yes	yes	yes	no	yes	
CAND_GRAM_002174	plus	candidate_pending_human_review			finiteness_violation	0	Last week they swap four trades	simple_past	swap	trades	swap	trade	0.342	omitted	USF:Cue_Target_Pairs.S:8854	no	yes	yes	yes	no	yes	
CAND_GRAM_002175	plus	candidate_pending_human_review			finiteness_violation	0	She are swapping five trades	be_progressive	are	trades	swap	trade	0.342	substituted	USF:Cue_Target_Pairs.S:8854	no	yes	yes	yes	no	yes	
CAND_GRAM_002176	plus	candidate_pending_human_review			finiteness_violation	0	She do not swap five trades	do_negation	do	trades	swap	trade	0.342	substituted	USF:Cue_Target_Pairs.S:8854	no	yes	yes	yes	no	yes	
CAND_GRAM_002177	plus	candidate_pending_human_review			finiteness_violation	0	Every day she swap five trades	present_3s	swap	trades	swap	trade	0.342	omitted	USF:Cue_Target_Pairs.S:8854	no	yes	yes	yes	no	yes	
CAND_GRAM_002178	plus	candidate_pending_human_review			finiteness_violation	0	Last week she swap five trades	simple_past	swap	trades	swap	trade	0.342	omitted	USF:Cue_Target_Pairs.S:8854	no	yes	yes	yes	no	yes	
CAND_GRAM_002179	plus	candidate_pending_human_review			finiteness_violation	0	He are swapping five trades	be_progressive	are	trades	swap	trade	0.342	substituted	USF:Cue_Target_Pairs.S:8854	no	yes	yes	yes	no	yes	
CAND_GRAM_002180	plus	candidate_pending_human_review			finiteness_violation	0	He do not swap five trades	do_negation	do	trades	swap	trade	0.342	substituted	USF:Cue_Target_Pairs.S:8854	no	yes	yes	yes	no	yes	
CAND_GRAM_002181	plus	candidate_pending_human_review			finiteness_violation	0	Every day he swap five trades	present_3s	swap	trades	swap	trade	0.342	omitted	USF:Cue_Target_Pairs.S:8854	no	yes	yes	yes	no	yes	
CAND_GRAM_002182	plus	candidate_pending_human_review			finiteness_violation	0	Last week he swapping five trades	simple_past	swapping	trades	swap	trade	0.342	omitted	USF:Cue_Target_Pairs.S:8854	no	yes	yes	yes	no	yes	
CAND_GRAM_002183	plus	candidate_pending_human_review			finiteness_violation	0	They is swapping five trades	be_progressive	is	trades	swap	trade	0.342	substituted	USF:Cue_Target_Pairs.S:8854	no	yes	yes	yes	no	yes	
CAND_GRAM_002184	plus	candidate_pending_human_review			finiteness_violation	0	They does not swap five trades	do_negation	does	trades	swap	trade	0.342	substituted	USF:Cue_Target_Pairs.S:8854	no	yes	yes	yes	no	yes	
CAND_GRAM_002185	plus	candidate_pending_human_review			finiteness_violation	0	Every day they swaps five trades	present_3s	swaps	trades	swap	trade	0.342	added	USF:Cue_Target_Pairs.S:8854	no	yes	yes	yes	no	yes	
CAND_GRAM_002186	plus	candidate_pending_human_review			finiteness_violation	0	Last week they swap five trades	simple_past	swap	trades	swap	trade	0.342	omitted	USF:Cue_Target_Pairs.S:8854	no	yes	yes	yes	no	yes	
CAND_GRAM_002187	plus	candidate_pending_human_review			finiteness_violation	0	She are swapping six trades	be_progressive	are	trades	swap	trade	0.342	substituted	USF:Cue_Target_Pairs.S:8854	no	yes	yes	yes	no	yes	
CAND_GRAM_002188	plus	candidate_pending_human_review			finiteness_violation	0	She do not swap six trades	do_negation	do	trades	swap	trade	0.342	substituted	USF:Cue_Target_Pairs.S:8854	no	yes	yes	yes	no	yes	
CAND_GRAM_002189	plus	candidate_pending_human_review			finiteness_violation	0	Every day she swap six trades	present_3s	swap	trades	swap	trade	0.342	omitted	USF:Cue_Target_Pairs.S:8854	no	yes	yes	yes	no	yes	
CAND_GRAM_002190	plus	candidate_pending_human_review			finiteness_violation	0	Last week she swap six trades	simple_past	swap	trades	swap	trade	0.342	omitted	USF:Cue_Target_Pairs.S:8854	no	yes	yes	yes	no	yes	
CAND_GRAM_002191	plus	candidate_pending_human_review			finiteness_violation	0	He are swapping six trades	be_progressive	are	trades	swap	trade	0.342	substituted	USF:Cue_Target_Pairs.S:8854	no	yes	yes	yes	no	yes	
CAND_GRAM_002192	plus	candidate_pending_human_review			finiteness_violation	0	He do not swap six trades	do_negation	do	trades	swap	trade	0.342	substituted	USF:Cue_Target_Pairs.S:8854	no	yes	yes	yes	no	yes	
CAND_GRAM_002193	plus	candidate_pending_human_review			finiteness_violation	0	Every day he swap six trades	present_3s	swap	trades	swap	trade	0.342	omitted	USF:Cue_Target_Pairs.S:8854	no	yes	yes	yes	no	yes	
CAND_GRAM_002194	plus	candidate_pending_human_review			finiteness_violation	0	Last week he swap six trades	simple_past	swap	trades	swap	trade	0.342	omitted	USF:Cue_Target_Pairs.S:8854	no	yes	yes	yes	no	yes	
CAND_GRAM_002195	plus	candidate_pending_human_review			finiteness_violation	0	They is swapping six trades	be_progressive	is	trades	swap	trade	0.342	substituted	USF:Cue_Target_Pairs.S:8854	no	yes	yes	yes	no	yes	
CAND_GRAM_002196	plus	candidate_pending_human_review			finiteness_violation	0	They does not swap six trades	do_negation	does	trades	swap	trade	0.342	substituted	USF:Cue_Target_Pairs.S:8854	no	yes	yes	yes	no	yes	
CAND_GRAM_002197	plus	candidate_pending_human_review			finiteness_violation	0	Every day they swaps six trades	present_3s	swaps	trades	swap	trade	0.342	added	USF:Cue_Target_Pairs.S:8854	no	yes	yes	yes	no	yes	
CAND_GRAM_002198	plus	candidate_pending_human_review			finiteness_violation	0	Last week they swap six trades	simple_past	swap	trades	swap	trade	0.342	omitted	USF:Cue_Target_Pairs.S:8854	no	yes	yes	yes	no	yes	
CAND_GRAM_002199	plus	candidate_pending_human_review			finiteness_violation	0	She are throwing one ball	be_progressive	are	ball	throw	ball	0.234	substituted	USF:Cue_Target_Pairs.T-Z:1707	no	yes	yes	yes	no	yes	
CAND_GRAM_002200	plus	candidate_pending_human_review			finiteness_violation	0	She do not throw one ball	do_negation	do	ball	throw	ball	0.234	substituted	USF:Cue_Target_Pairs.T-Z:1707	no	yes	yes	yes	no	yes	
CAND_GRAM_002201	plus	candidate_pending_human_review			finiteness_violation	0	Every day she throw one ball	present_3s	throw	ball	throw	ball	0.234	omitted	USF:Cue_Target_Pairs.T-Z:1707	no	yes	yes	yes	no	yes	
CAND_GRAM_002202	plus	candidate_pending_human_review			finiteness_violation	0	Last week she throw one ball	simple_past	throw	ball	throw	ball	0.234	omitted	USF:Cue_Target_Pairs.T-Z:1707	no	yes	yes	yes	no	yes	
CAND_GRAM_002203	plus	candidate_pending_human_review			finiteness_violation	0	He are throwing one ball	be_progressive	are	ball	throw	ball	0.234	substituted	USF:Cue_Target_Pairs.T-Z:1707	no	yes	yes	yes	no	yes	
CAND_GRAM_002204	plus	candidate_pending_human_review			finiteness_violation	0	He do not throw one ball	do_negation	do	ball	throw	ball	0.234	substituted	USF:Cue_Target_Pairs.T-Z:1707	no	yes	yes	yes	no	yes	
CAND_GRAM_002205	plus	candidate_pending_human_review			finiteness_violation	0	Every day he throw one ball	present_3s	throw	ball	throw	ball	0.234	omitted	USF:Cue_Target_Pairs.T-Z:1707	no	yes	yes	yes	no	yes	
CAND_GRAM_002206	plus	candidate_pending_human_review			finiteness_violation	0	Last week he throw one ball	simple_past	throw	ball	throw	ball	0.234	omitted	USF:Cue_Target_Pairs.T-Z:1707	no	yes	yes	yes	no	yes	
CAND_GRAM_002207	plus	candidate_pending_human_review			finiteness_violation	0	They is throwing one ball	be_progressive	is	ball	throw	ball	0.234	substituted	USF:Cue_Target_Pairs.T-Z:1707	no	yes	yes	yes	no	yes	
CAND_GRAM_002208	plus	candidate_pending_human_review			finiteness_violation	0	They does not throw one ball	do_negation	does	ball	throw	ball	0.234	substituted	USF:Cue_Target_Pairs.T-Z:1707	no	yes	yes	yes	no	yes	
CAND_GRAM_002209	plus	candidate_pending_human_review			finiteness_violation	0	Every day they throws one ball	present_3s	throws	ball	throw	ball	0.234	added	USF:Cue_Target_Pairs.T-Z:1707	no	yes	yes	yes	no	yes	
CAND_GRAM_002210	plus	candidate_pending_human_review			finiteness_violation	0	Last week they throw one ball	simple_past	throw	ball	throw	ball	0.234	omitted	USF:Cue_Target_Pairs.T-Z:1707	no	yes	yes	yes	no	yes	
CAND_GRAM_002211	plus	candidate_pending_human_review			finiteness_violation	0	She are throwing two balls	be_progressive	are	balls	throw	ball	0.234	substituted	USF:Cue_Target_Pairs.T-Z:1707	no	yes	yes	yes	no	yes	
CAND_GRAM_002212	plus	candidate_pending_human_review			finiteness_violation	0	She do not throw two balls	do_negation	do	balls	throw	ball	0.234	substituted	USF:Cue_Target_Pairs.T-Z:1707	no	yes	yes	yes	no	yes	
CAND_GRAM_002213	plus	candidate_pending_human_review			finiteness_violation	0	Every day she throw two balls	present_3s	throw	balls	throw	ball	0.234	omitted	USF:Cue_Target_Pairs.T-Z:1707	no	yes	yes	yes	no	yes	
CAND_GRAM_002214	plus	candidate_pending_human_review			finiteness_violation	0	Last week she throwing two balls	simple_past	throwing	balls	throw	ball	0.234	omitted	USF:Cue_Target_Pairs.T-Z:1707	no	yes	yes	yes	no	yes	
CAND_GRAM_002215	plus	candidate_pending_human_review			finiteness_violation	0	He are throwing two balls	be_progressive	are	balls	throw	ball	0.234	substituted	USF:Cue_Target_Pairs.T-Z:1707	no	yes	yes	yes	no	yes	
CAND_GRAM_002216	plus	candidate_pending_human_review			finiteness_violation	0	He do not throw two balls	do_negation	do	balls	throw	ball	0.234	substituted	USF:Cue_Target_Pairs.T-Z:1707	no	yes	yes	yes	no	yes	
CAND_GRAM_002217	plus	candidate_pending_human_review			finiteness_violation	0	Every day he throw two balls	present_3s	throw	balls	throw	ball	0.234	omitted	USF:Cue_Target_Pairs.T-Z:1707	no	yes	yes	yes	no	yes	
CAND_GRAM_002218	plus	candidate_pending_human_review			finiteness_violation	0	Last week he throw two balls	simple_past	throw	balls	throw	ball	0.234	omitted	USF:Cue_Target_Pairs.T-Z:1707	no	yes	yes	yes	no	yes	
CAND_GRAM_002219	plus	candidate_pending_human_review			finiteness_violation	0	They is throwing two balls	be_progressive	is	balls	throw	ball	0.234	substituted	USF:Cue_Target_Pairs.T-Z:1707	no	yes	yes	yes	no	yes	
CAND_GRAM_002220	plus	candidate_pending_human_review			finiteness_violation	0	They does not throw two balls	do_negation	does	balls	throw	ball	0.234	substituted	USF:Cue_Target_Pairs.T-Z:1707	no	yes	yes	yes	no	yes	
CAND_GRAM_002221	plus	candidate_pending_human_review			finiteness_violation	0	Every day they throws two balls	present_3s	throws	balls	throw	ball	0.234	added	USF:Cue_Target_Pairs.T-Z:1707	no	yes	yes	yes	no	yes	
CAND_GRAM_002222	plus	candidate_pending_human_review			finiteness_violation	0	Last week they throw two balls	simple_past	throw	balls	throw	ball	0.234	omitted	USF:Cue_Target_Pairs.T-Z:1707	no	yes	yes	yes	no	yes	
CAND_GRAM_002223	plus	candidate_pending_human_review			finiteness_violation	0	She are throwing three balls	be_progressive	are	balls	throw	ball	0.234	substituted	USF:Cue_Target_Pairs.T-Z:1707	no	yes	yes	yes	no	yes	
CAND_GRAM_002224	plus	candidate_pending_human_review			finiteness_violation	0	She do not throw three balls	do_negation	do	balls	throw	ball	0.234	substituted	USF:Cue_Target_Pairs.T-Z:1707	no	yes	yes	yes	no	yes	
CAND_GRAM_002225	plus	candidate_pending_human_review			finiteness_violation	0	Every day she throw three balls	present_3s	throw	balls	throw	ball	0.234	omitted	USF:Cue_Target_Pairs.T-Z:1707	no	yes	yes	yes	no	yes	
CAND_GRAM_002226	plus	candidate_pending_human_review			finiteness_violation	0	Last week she throw three balls	simple_past	throw	balls	throw	ball	0.234	omitted	USF:Cue_Target_Pairs.T-Z:1707	no	yes	yes	yes	no	yes	
CAND_GRAM_002227	plus	candidate_pending_human_review			finiteness_violation	0	He are throwing three balls	be_progressive	are	balls	throw	ball	0.234	substituted	USF:Cue_Target_Pairs.T-Z:1707	no	yes	yes	yes	no	yes	
CAND_GRAM_002228	plus	candidate_pending_human_review			finiteness_violation	0	He do not throw three balls	do_negation	do	balls	throw	ball	0.234	substituted	USF:Cue_Target_Pairs.T-Z:1707	no	yes	yes	yes	no	yes	
CAND_GRAM_002229	plus	candidate_pending_human_review			finiteness_violation	0	Every day he throw three balls	present_3s	throw	balls	throw	ball	0.234	omitted	USF:Cue_Target_Pairs.T-Z:1707	no	yes	yes	yes	no	yes	
CAND_GRAM_002230	plus	candidate_pending_human_review			finiteness_violation	0	Last week he throw three balls	simple_past	throw	balls	throw	ball	0.234	omitted	USF:Cue_Target_Pairs.T-Z:1707	no	yes	yes	yes	no	yes	
CAND_GRAM_002231	plus	candidate_pending_human_review			finiteness_violation	0	They is throwing three balls	be_progressive	is	balls	throw	ball	0.234	substituted	USF:Cue_Target_Pairs.T-Z:1707	no	yes	yes	yes	no	yes	
CAND_GRAM_002232	plus	candidate_pending_human_review			finiteness_violation	0	They does not throw three balls	do_negation	does	balls	throw	ball	0.234	substituted	USF:Cue_Target_Pairs.T-Z:1707	no	yes	yes	yes	no	yes	
CAND_GRAM_002233	plus	candidate_pending_human_review			finiteness_violation	0	Every day they throws three balls	present_3s	throws	balls	throw	ball	0.234	added	USF:Cue_Target_Pairs.T-Z:1707	no	yes	yes	yes	no	yes	
CAND_GRAM_002234	plus	candidate_pending_human_review			finiteness_violation	0	Last week they throwing three balls	simple_past	throwing	balls	throw	ball	0.234	omitted	USF:Cue_Target_Pairs.T-Z:1707	no	yes	yes	yes	no	yes	
CAND_GRAM_002235	plus	candidate_pending_human_review			finiteness_violation	0	She are throwing four balls	be_progressive	are	balls	throw	ball	0.234	substituted	USF:Cue_Target_Pairs.T-Z:1707	no	yes	yes	yes	no	yes	
CAND_GRAM_002236	plus	candidate_pending_human_review			finiteness_violation	0	She do not throw four balls	do_negation	do	balls	throw	ball	0.234	substituted	USF:Cue_Target_Pairs.T-Z:1707	no	yes	yes	yes	no	yes	
CAND_GRAM_002237	plus	candidate_pending_human_review			finiteness_violation	0	Every day she throw four balls	present_3s	throw	balls	throw	ball	0.234	omitted	USF:Cue_Target_Pairs.T-Z:1707	no	yes	yes	yes	no	yes	
CAND_GRAM_002238	plus	candidate_pending_human_review			finiteness_violation	0	Last week she throw four balls	simple_past	throw	balls	throw	ball	0.234	omitted	USF:Cue_Target_Pairs.T-Z:1707	no	yes	yes	yes	no	yes	
CAND_GRAM_002239	plus	candidate_pending_human_review			finiteness_violation	0	He are throwing four balls	be_progressive	are	balls	throw	ball	0.234	substituted	USF:Cue_Target_Pairs.T-Z:1707	no	yes	yes	yes	no	yes	
CAND_GRAM_002240	plus	candidate_pending_human_review			finiteness_violation	0	He do not throw four balls	do_negation	do	balls	throw	ball	0.234	substituted	USF:Cue_Target_Pairs.T-Z:1707	no	yes	yes	yes	no	yes	
CAND_GRAM_002241	plus	candidate_pending_human_review			finiteness_violation	0	Every day he throw four balls	present_3s	throw	balls	throw	ball	0.234	omitted	USF:Cue_Target_Pairs.T-Z:1707	no	yes	yes	yes	no	yes	
CAND_GRAM_002242	plus	candidate_pending_human_review			finiteness_violation	0	Last week he throw four balls	simple_past	throw	balls	throw	ball	0.234	omitted	USF:Cue_Target_Pairs.T-Z:1707	no	yes	yes	yes	no	yes	
CAND_GRAM_002243	plus	candidate_pending_human_review			finiteness_violation	0	They is throwing four balls	be_progressive	is	balls	throw	ball	0.234	substituted	USF:Cue_Target_Pairs.T-Z:1707	no	yes	yes	yes	no	yes	
CAND_GRAM_002244	plus	candidate_pending_human_review			finiteness_violation	0	They does not throw four balls	do_negation	does	balls	throw	ball	0.234	substituted	USF:Cue_Target_Pairs.T-Z:1707	no	yes	yes	yes	no	yes	
CAND_GRAM_002245	plus	candidate_pending_human_review			finiteness_violation	0	Every day they throws four balls	present_3s	throws	balls	throw	ball	0.234	added	USF:Cue_Target_Pairs.T-Z:1707	no	yes	yes	yes	no	yes	
CAND_GRAM_002246	plus	candidate_pending_human_review			finiteness_violation	0	Last week they throw four balls	simple_past	throw	balls	throw	ball	0.234	omitted	USF:Cue_Target_Pairs.T-Z:1707	no	yes	yes	yes	no	yes	
CAND_GRAM_002247	plus	candidate_pending_human_review			finiteness_violation	0	She are throwing five balls	be_progressive	are	balls	throw	ball	0.234	substituted	USF:Cue_Target_Pairs.T-Z:1707	no	yes	yes	yes	no	yes	
CAND_GRAM_002248	plus	candidate_pending_human_review			finiteness_violation	0	She do not throw five balls	do_negation	do	balls	throw	ball	0.234	substituted	USF:Cue_Target_Pairs.T-Z:1707	no	yes	yes	yes	no	yes	
CAND_GRAM_002249	plus	candidate_pending_human_review			finiteness_violation	0	Every day she throw five balls	present_3s	throw	balls	throw	ball	0.234	omitted	USF:Cue_Target_Pairs.T-Z:1707	no	yes	yes	yes	no	yes	
CAND_GRAM_002250	plus	candidate_pending_human_review			finiteness_violation	0	Last week she throw five balls	simple_past	throw	balls	throw	ball	0.234	omitted	USF:Cue_Target_Pairs.T-Z:1707	no	yes	yes	yes	no	yes	
CAND_GRAM_002251	plus	candidate_pending_human_review			finiteness_violation	0	He are throwing five balls	be_progressive	are	balls	throw	ball	0.234	substituted	USF:Cue_Target_Pairs.T-Z:1707	no	yes	yes	yes	no	yes	
CAND_GRAM_002252	plus	candidate_pending_human_review			finiteness_violation	0	He do not throw five balls	do_negation	do	balls	throw	ball	0.234	substituted	USF:Cue_Target_Pairs.T-Z:1707	no	yes	yes	yes	no	yes	
CAND_GRAM_002253	plus	candidate_pending_human_review			finiteness_violation	0	Every day he throw five balls	present_3s	throw	balls	throw	ball	0.234	omitted	USF:Cue_Target_Pairs.T-Z:1707	no	yes	yes	yes	no	yes	
CAND_GRAM_002254	plus	candidate_pending_human_review			finiteness_violation	0	Last week he throwing five balls	simple_past	throwing	balls	throw	ball	0.234	omitted	USF:Cue_Target_Pairs.T-Z:1707	no	yes	yes	yes	no	yes	
CAND_GRAM_002255	plus	candidate_pending_human_review			finiteness_violation	0	They is throwing five balls	be_progressive	is	balls	throw	ball	0.234	substituted	USF:Cue_Target_Pairs.T-Z:1707	no	yes	yes	yes	no	yes	
CAND_GRAM_002256	plus	candidate_pending_human_review			finiteness_violation	0	They does not throw five balls	do_negation	does	balls	throw	ball	0.234	substituted	USF:Cue_Target_Pairs.T-Z:1707	no	yes	yes	yes	no	yes	
CAND_GRAM_002257	plus	candidate_pending_human_review			finiteness_violation	0	Every day they throws five balls	present_3s	throws	balls	throw	ball	0.234	added	USF:Cue_Target_Pairs.T-Z:1707	no	yes	yes	yes	no	yes	
CAND_GRAM_002258	plus	candidate_pending_human_review			finiteness_violation	0	Last week they throw five balls	simple_past	throw	balls	throw	ball	0.234	omitted	USF:Cue_Target_Pairs.T-Z:1707	no	yes	yes	yes	no	yes	
CAND_GRAM_002259	plus	candidate_pending_human_review			finiteness_violation	0	She are throwing six balls	be_progressive	are	balls	throw	ball	0.234	substituted	USF:Cue_Target_Pairs.T-Z:1707	no	yes	yes	yes	no	yes	
CAND_GRAM_002260	plus	candidate_pending_human_review			finiteness_violation	0	She do not throw six balls	do_negation	do	balls	throw	ball	0.234	substituted	USF:Cue_Target_Pairs.T-Z:1707	no	yes	yes	yes	no	yes	
CAND_GRAM_002261	plus	candidate_pending_human_review			finiteness_violation	0	Every day she throw six balls	present_3s	throw	balls	throw	ball	0.234	omitted	USF:Cue_Target_Pairs.T-Z:1707	no	yes	yes	yes	no	yes	
CAND_GRAM_002262	plus	candidate_pending_human_review			finiteness_violation	0	Last week she throw six balls	simple_past	throw	balls	throw	ball	0.234	omitted	USF:Cue_Target_Pairs.T-Z:1707	no	yes	yes	yes	no	yes	
CAND_GRAM_002263	plus	candidate_pending_human_review			finiteness_violation	0	He are throwing six balls	be_progressive	are	balls	throw	ball	0.234	substituted	USF:Cue_Target_Pairs.T-Z:1707	no	yes	yes	yes	no	yes	
CAND_GRAM_002264	plus	candidate_pending_human_review			finiteness_violation	0	He do not throw six balls	do_negation	do	balls	throw	ball	0.234	substituted	USF:Cue_Target_Pairs.T-Z:1707	no	yes	yes	yes	no	yes	
CAND_GRAM_002265	plus	candidate_pending_human_review			finiteness_violation	0	Every day he throw six balls	present_3s	throw	balls	throw	ball	0.234	omitted	USF:Cue_Target_Pairs.T-Z:1707	no	yes	yes	yes	no	yes	
CAND_GRAM_002266	plus	candidate_pending_human_review			finiteness_violation	0	Last week he throw six balls	simple_past	throw	balls	throw	ball	0.234	omitted	USF:Cue_Target_Pairs.T-Z:1707	no	yes	yes	yes	no	yes	
CAND_GRAM_002267	plus	candidate_pending_human_review			finiteness_violation	0	They is throwing six balls	be_progressive	is	balls	throw	ball	0.234	substituted	USF:Cue_Target_Pairs.T-Z:1707	no	yes	yes	yes	no	yes	
CAND_GRAM_002268	plus	candidate_pending_human_review			finiteness_violation	0	They does not throw six balls	do_negation	does	balls	throw	ball	0.234	substituted	USF:Cue_Target_Pairs.T-Z:1707	no	yes	yes	yes	no	yes	
CAND_GRAM_002269	plus	candidate_pending_human_review			finiteness_violation	0	Every day they throws six balls	present_3s	throws	balls	throw	ball	0.234	added	USF:Cue_Target_Pairs.T-Z:1707	no	yes	yes	yes	no	yes	
CAND_GRAM_002270	plus	candidate_pending_human_review			finiteness_violation	0	Last week they throw six balls	simple_past	throw	balls	throw	ball	0.234	omitted	USF:Cue_Target_Pairs.T-Z:1707	no	yes	yes	yes	no	yes	
CAND_GRAM_002271	plus	candidate_pending_human_review			finiteness_violation	0	She are screwing one driver	be_progressive	are	driver	screw	driver	0.302	substituted	USF:Cue_Target_Pairs.S:1140	no	yes	yes	yes	no	yes	
CAND_GRAM_002272	plus	candidate_pending_human_review			finiteness_violation	0	She do not screw one driver	do_negation	do	driver	screw	driver	0.302	substituted	USF:Cue_Target_Pairs.S:1140	no	yes	yes	yes	no	yes	
CAND_GRAM_002273	plus	candidate_pending_human_review			finiteness_violation	0	Every day she screw one driver	present_3s	screw	driver	screw	driver	0.302	omitted	USF:Cue_Target_Pairs.S:1140	no	yes	yes	yes	no	yes	
CAND_GRAM_002274	plus	candidate_pending_human_review			finiteness_violation	0	Last week she screw one driver	simple_past	screw	driver	screw	driver	0.302	omitted	USF:Cue_Target_Pairs.S:1140	no	yes	yes	yes	no	yes	
CAND_GRAM_002275	plus	candidate_pending_human_review			finiteness_violation	0	He are screwing one driver	be_progressive	are	driver	screw	driver	0.302	substituted	USF:Cue_Target_Pairs.S:1140	no	yes	yes	yes	no	yes	
CAND_GRAM_002276	plus	candidate_pending_human_review			finiteness_violation	0	He do not screw one driver	do_negation	do	driver	screw	driver	0.302	substituted	USF:Cue_Target_Pairs.S:1140	no	yes	yes	yes	no	yes	
CAND_GRAM_002277	plus	candidate_pending_human_review			finiteness_violation	0	Every day he screw one driver	present_3s	screw	driver	screw	driver	0.302	omitted	USF:Cue_Target_Pairs.S:1140	no	yes	yes	yes	no	yes	
CAND_GRAM_002278	plus	candidate_pending_human_review			finiteness_violation	0	Last week he screw one driver	simple_past	screw	driver	screw	driver	0.302	omitted	USF:Cue_Target_Pairs.S:1140	no	yes	yes	yes	no	yes	
CAND_GRAM_002279	plus	candidate_pending_human_review			finiteness_violation	0	They is screwing one driver	be_progressive	is	driver	screw	driver	0.302	substituted	USF:Cue_Target_Pairs.S:1140	no	yes	yes	yes	no	yes	
CAND_GRAM_002280	plus	candidate_pending_human_review			finiteness_violation	0	They does not screw one driver	do_negation	does	driver	screw	driver	0.302	substituted	USF:Cue_Target_Pairs.S:1140	no	yes	yes	yes	no	yes	
CAND_GRAM_002281	plus	candidate_pending_human_review			finiteness_violation	0	Every day they screws one driver	present_3s	screws	driver	screw	driver	0.302	added	USF:Cue_Target_Pairs.S:1140	no	yes	yes	yes	no	yes	
CAND_GRAM_002282	plus	candidate_pending_human_review			finiteness_violation	0	Last week they screw one driver	simple_past	screw	driver	screw	driver	0.302	omitted	USF:Cue_Target_Pairs.S:1140	no	yes	yes	yes	no	yes	
CAND_GRAM_002283	plus	candidate_pending_human_review			finiteness_violation	0	She are screwing two drivers	be_progressive	are	drivers	screw	driver	0.302	substituted	USF:Cue_Target_Pairs.S:1140	no	yes	yes	yes	no	yes	
CAND_GRAM_002284	plus	candidate_pending_human_review			finiteness_violation	0	She do not screw two drivers	do_negation	do	drivers	screw	driver	0.302	substituted	USF:Cue_Target_Pairs.S:1140	no	yes	yes	yes	no	yes	
CAND_GRAM_002285	plus	candidate_pending_human_review			finiteness_violation	0	Every day she screw two drivers	present_3s	screw	drivers	screw	driver	0.302	omitted	USF:Cue_Target_Pairs.S:1140	no	yes	yes	yes	no	yes	
CAND_GRAM_002286	plus	candidate_pending_human_review			finiteness_violation	0	Last week she screwing two drivers	simple_past	screwing	drivers	screw	driver	0.302	omitted	USF:Cue_Target_Pairs.S:1140	no	yes	yes	yes	no	yes	
CAND_GRAM_002287	plus	candidate_pending_human_review			finiteness_violation	0	He are screwing two drivers	be_progressive	are	drivers	screw	driver	0.302	substituted	USF:Cue_Target_Pairs.S:1140	no	yes	yes	yes	no	yes	
CAND_GRAM_002288	plus	candidate_pending_human_review			finiteness_violation	0	He do not screw two drivers	do_negation	do	drivers	screw	driver	0.302	substituted	USF:Cue_Target_Pairs.S:1140	no	yes	yes	yes	no	yes	
CAND_GRAM_002289	plus	candidate_pending_human_review			finiteness_violation	0	Every day he screw two drivers	present_3s	screw	drivers	screw	driver	0.302	omitted	USF:Cue_Target_Pairs.S:1140	no	yes	yes	yes	no	yes	
CAND_GRAM_002290	plus	candidate_pending_human_review			finiteness_violation	0	Last week he screw two drivers	simple_past	screw	drivers	screw	driver	0.302	omitted	USF:Cue_Target_Pairs.S:1140	no	yes	yes	yes	no	yes	
CAND_GRAM_002291	plus	candidate_pending_human_review			finiteness_violation	0	They is screwing two drivers	be_progressive	is	drivers	screw	driver	0.302	substituted	USF:Cue_Target_Pairs.S:1140	no	yes	yes	yes	no	yes	
CAND_GRAM_002292	plus	candidate_pending_human_review			finiteness_violation	0	They does not screw two drivers	do_negation	does	drivers	screw	driver	0.302	substituted	USF:Cue_Target_Pairs.S:1140	no	yes	yes	yes	no	yes	
CAND_GRAM_002293	plus	candidate_pending_human_review			finiteness_violation	0	Every day they screws two drivers	present_3s	screws	drivers	screw	driver	0.302	added	USF:Cue_Target_Pairs.S:1140	no	yes	yes	yes	no	yes	
CAND_GRAM_002294	plus	candidate_pending_human_review			finiteness_violation	0	Last week they screw two drivers	simple_past	screw	drivers	screw	driver	0.302	omitted	USF:Cue_Target_Pairs.S:1140	no	yes	yes	yes	no	yes	
CAND_GRAM_002295	plus	candidate_pending_human_review			finiteness_violation	0	She are screwing three drivers	be_progressive	are	drivers	screw	driver	0.302	substituted	USF:Cue_Target_Pairs.S:1140	no	yes	yes	yes	no	yes	
CAND_GRAM_002296	plus	candidate_pending_human_review			finiteness_violation	0	She do not screw three drivers	do_negation	do	drivers	screw	driver	0.302	substituted	USF:Cue_Target_Pairs.S:1140	no	yes	yes	yes	no	yes	
CAND_GRAM_002297	plus	candidate_pending_human_review			finiteness_violation	0	Every day she screw three drivers	present_3s	screw	drivers	screw	driver	0.302	omitted	USF:Cue_Target_Pairs.S:1140	no	yes	yes	yes	no	yes	
CAND_GRAM_002298	plus	candidate_pending_human_review			finiteness_violation	0	Last week she screw three drivers	simple_past	screw	drivers	screw	driver	0.302	omitted	USF:Cue_Target_Pairs.S:1140	no	yes	yes	yes	no	yes	
CAND_GRAM_002299	plus	candidate_pending_human_review			finiteness_violation	0	He are screwing three drivers	be_progressive	are	drivers	screw	driver	0.302	substituted	USF:Cue_Target_Pairs.S:1140	no	yes	yes	yes	no	yes	
CAND_GRAM_002300	plus	candidate_pending_human_review			finiteness_violation	0	He do not screw three drivers	do_negation	do	drivers	screw	driver	0.302	substituted	USF:Cue_Target_Pairs.S:1140	no	yes	yes	yes	no	yes	
CAND_GRAM_002301	plus	candidate_pending_human_review			finiteness_violation	0	Every day he screw three drivers	present_3s	screw	drivers	screw	driver	0.302	omitted	USF:Cue_Target_Pairs.S:1140	no	yes	yes	yes	no	yes	
CAND_GRAM_002302	plus	candidate_pending_human_review			finiteness_violation	0	Last week he screw three drivers	simple_past	screw	drivers	screw	driver	0.302	omitted	USF:Cue_Target_Pairs.S:1140	no	yes	yes	yes	no	yes	
CAND_GRAM_002303	plus	candidate_pending_human_review			finiteness_violation	0	They is screwing three drivers	be_progressive	is	drivers	screw	driver	0.302	substituted	USF:Cue_Target_Pairs.S:1140	no	yes	yes	yes	no	yes	
CAND_GRAM_002304	plus	candidate_pending_human_review			finiteness_violation	0	They does not screw three drivers	do_negation	does	drivers	screw	driver	0.302	substituted	USF:Cue_Target_Pairs.S:1140	no	yes	yes	yes	no	yes	
CAND_GRAM_002305	plus	candidate_pending_human_review			finiteness_violation	0	Every day they screws three drivers	present_3s	screws	drivers	screw	driver	0.302	added	USF:Cue_Target_Pairs.S:1140	no	yes	yes	yes	no	yes	
CAND_GRAM_002306	plus	candidate_pending_human_review			finiteness_violation	0	Last week they screwing three drivers	simple_past	screwing	drivers	screw	driver	0.302	omitted	USF:Cue_Target_Pairs.S:1140	no	yes	yes	yes	no	yes	
CAND_GRAM_002307	plus	candidate_pending_human_review			finiteness_violation	0	She are screwing four drivers	be_progressive	are	drivers	screw	driver	0.302	substituted	USF:Cue_Target_Pairs.S:1140	no	yes	yes	yes	no	yes	
CAND_GRAM_002308	plus	candidate_pending_human_review			finiteness_violation	0	She do not screw four drivers	do_negation	do	drivers	screw	driver	0.302	substituted	USF:Cue_Target_Pairs.S:1140	no	yes	yes	yes	no	yes	
CAND_GRAM_002309	plus	candidate_pending_human_review			finiteness_violation	0	Every day she screw four drivers	present_3s	screw	drivers	screw	driver	0.302	omitted	USF:Cue_Target_Pairs.S:1140	no	yes	yes	yes	no	yes	
CAND_GRAM_002310	plus	candidate_pending_human_review			finiteness_violation	0	Last week she screw four drivers	simple_past	screw	drivers	screw	driver	0.302	omitted	USF:Cue_Target_Pairs.S:1140	no	yes	yes	yes	no	yes	
CAND_GRAM_002311	plus	candidate_pending_human_review			finiteness_violation	0	He are screwing four drivers	be_progressive	are	drivers	screw	driver	0.302	substituted	USF:Cue_Target_Pairs.S:1140	no	yes	yes	yes	no	yes	
CAND_GRAM_002312	plus	candidate_pending_human_review			finiteness_violation	0	He do not screw four drivers	do_negation	do	drivers	screw	driver	0.302	substituted	USF:Cue_Target_Pairs.S:1140	no	yes	yes	yes	no	yes	
CAND_GRAM_002313	plus	candidate_pending_human_review			finiteness_violation	0	Every day he screw four drivers	present_3s	screw	drivers	screw	driver	0.302	omitted	USF:Cue_Target_Pairs.S:1140	no	yes	yes	yes	no	yes	
CAND_GRAM_002314	plus	candidate_pending_human_review			finiteness_violation	0	Last week he screw four drivers	simple_past	screw	drivers	screw	driver	0.302	omitted	USF:Cue_Target_Pairs.S:1140	no	yes	yes	yes	no	yes	
CAND_GRAM_002315	plus	candidate_pending_human_review			finiteness_violation	0	They is screwing four drivers	be_progressive	is	drivers	screw	driver	0.302	substituted	USF:Cue_Target_Pairs.S:1140	no	yes	yes	yes	no	yes	
CAND_GRAM_002316	plus	candidate_pending_human_review			finiteness_violation	0	They does not screw four drivers	do_negation	does	drivers	screw	driver	0.302	substituted	USF:Cue_Target_Pairs.S:1140	no	yes	yes	yes	no	yes	
CAND_GRAM_002317	plus	candidate_pending_human_review			finiteness_violation	0	Every day they screws four drivers	present_3s	screws	drivers	screw	driver	0.302	added	USF:Cue_Target_Pairs.S:1140	no	yes	yes	yes	no	yes	
CAND_GRAM_002318	plus	candidate_pending_human_review			finiteness_violation	0	Last week they screw four drivers	simple_past	screw	drivers	screw	driver	0.302	omitted	USF:Cue_Target_Pairs.S:1140	no	yes	yes	yes	no	yes	
CAND_GRAM_002319	plus	candidate_pending_human_review			finiteness_violation	0	She are screwing five drivers	be_progressive	are	drivers	screw	driver	0.302	substituted	USF:Cue_Target_Pairs.S:1140	no	yes	yes	yes	no	yes	
CAND_GRAM_002320	plus	candidate_pending_human_review			finiteness_violation	0	She do not screw five drivers	do_negation	do	drivers	screw	driver	0.302	substituted	USF:Cue_Target_Pairs.S:1140	no	yes	yes	yes	no	yes	
CAND_GRAM_002321	plus	candidate_pending_human_review			finiteness_violation	0	Every day she screw five drivers	present_3s	screw	drivers	screw	driver	0.302	omitted	USF:Cue_Target_Pairs.S:1140	no	yes	yes	yes	no	yes	
CAND_GRAM_002322	plus	candidate_pending_human_review			finiteness_violation	0	Last week she screw five drivers	simple_past	screw	drivers	screw	driver	0.302	omitted	USF:Cue_Target_Pairs.S:1140	no	yes	yes	yes	no	yes	
CAND_GRAM_002323	plus	candidate_pending_human_review			finiteness_violation	0	He are screwing five drivers	be_progressive	are	drivers	screw	driver	0.302	substituted	USF:Cue_Target_Pairs.S:1140	no	yes	yes	yes	no	yes	
CAND_GRAM_002324	plus	candidate_pending_human_review			finiteness_violation	0	He do not screw five drivers	do_negation	do	drivers	screw	driver	0.302	substituted	USF:Cue_Target_Pairs.S:1140	no	yes	yes	yes	no	yes	
CAND_GRAM_002325	plus	candidate_pending_human_review			finiteness_violation	0	Every day he screw five drivers	present_3s	screw	drivers	screw	driver	0.302	omitted	USF:Cue_Target_Pairs.S:1140	no	yes	yes	yes	no	yes	
CAND_GRAM_002326	plus	candidate_pending_human_review			plurality_violation	0	She is sailing one boats	be_progressive	sailing	boats	sail	boat	0.589	added	USF:Cue_Target_Pairs.S:120	no	yes	yes	yes	no	yes	
CAND_GRAM_002327	plus	candidate_pending_human_review			plurality_violation	0	She does not sail one boats	do_negation	sail	boats	sail	boat	0.589	added	USF:Cue_Target_Pairs.S:120	no	yes	yes	yes	no	yes	
CAND_GRAM_002328	plus	candidate_pending_human_review			plurality_violation	0	Every day she sails one boats	present_3s	sails	boats	sail	boat	0.589	added	USF:Cue_Target_Pairs.S:120	no	yes	yes	yes	no	yes	
CAND_GRAM_002329	plus	candidate_pending_human_review			plurality_violation	0	Last week she sailed one boats	simple_past	sailed	boats	sail	boat	0.589	added	USF:Cue_Target_Pairs.S:120	no	yes	yes	yes	no	yes	
CAND_GRAM_002330	plus	candidate_pending_human_review			plurality_violation	0	He is sailing one boats	be_progressive	sailing	boats	sail	boat	0.589	added	USF:Cue_Target_Pairs.S:120	no	yes	yes	yes	no	yes	
CAND_GRAM_002331	plus	candidate_pending_human_review			plurality_violation	0	He does not sail one boats	do_negation	sail	boats	sail	boat	0.589	added	USF:Cue_Target_Pairs.S:120	no	yes	yes	yes	no	yes	
CAND_GRAM_002332	plus	candidate_pending_human_review			plurality_violation	0	Every day he sails one boats	present_3s	sails	boats	sail	boat	0.589	added	USF:Cue_Target_Pairs.S:120	no	yes	yes	yes	no	yes	
CAND_GRAM_002333	plus	candidate_pending_human_review			plurality_violation	0	Last week he sailed one boats	simple_past	sailed	boats	sail	boat	0.589	added	USF:Cue_Target_Pairs.S:120	no	yes	yes	yes	no	yes	
CAND_GRAM_002334	plus	candidate_pending_human_review			plurality_violation	0	They are sailing one boats	be_progressive	sailing	boats	sail	boat	0.589	added	USF:Cue_Target_Pairs.S:120	no	yes	yes	yes	no	yes	
CAND_GRAM_002335	plus	candidate_pending_human_review			plurality_violation	0	They do not sail one boats	do_negation	sail	boats	sail	boat	0.589	added	USF:Cue_Target_Pairs.S:120	no	yes	yes	yes	no	yes	
CAND_GRAM_002336	plus	candidate_pending_human_review			plurality_violation	0	Every day they sail one boats	present_3s	sail	boats	sail	boat	0.589	added	USF:Cue_Target_Pairs.S:120	no	yes	yes	yes	no	yes	
CAND_GRAM_002337	plus	candidate_pending_human_review			plurality_violation	0	Last week they sailed one boats	simple_past	sailed	boats	sail	boat	0.589	added	USF:Cue_Target_Pairs.S:120	no	yes	yes	yes	no	yes	
CAND_GRAM_002338	plus	candidate_pending_human_review			plurality_violation	0	She is sailing two boat	be_progressive	sailing	boat	sail	boat	0.589	omitted	USF:Cue_Target_Pairs.S:120	no	yes	yes	yes	no	yes	
CAND_GRAM_002339	plus	candidate_pending_human_review			plurality_violation	0	She does not sail two boat	do_negation	sail	boat	sail	boat	0.589	omitted	USF:Cue_Target_Pairs.S:120	no	yes	yes	yes	no	yes	
CAND_GRAM_002340	plus	candidate_pending_human_review			plurality_violation	0	Every day she sails two boat	present_3s	sails	boat	sail	boat	0.589	omitted	USF:Cue_Target_Pairs.S:120	no	yes	yes	yes	no	yes	
CAND_GRAM_002341	plus	candidate_pending_human_review			plurality_violation	0	Last week she sailed two boat	simple_past	sailed	boat	sail	boat	0.589	omitted	USF:Cue_Target_Pairs.S:120	no	yes	yes	yes	no	yes	
CAND_GRAM_002342	plus	candidate_pending_human_review			plurality_violation	0	He is sailing two boat	be_progressive	sailing	boat	sail	boat	0.589	omitted	USF:Cue_Target_Pairs.S:120	no	yes	yes	yes	no	yes	
CAND_GRAM_002343	plus	candidate_pending_human_review			plurality_violation	0	He does not sail two boat	do_negation	sail	boat	sail	boat	0.589	omitted	USF:Cue_Target_Pairs.S:120	no	yes	yes	yes	no	yes	
CAND_GRAM_002344	plus	candidate_pending_human_review			plurality_violation	0	Every day he sails two boat	present_3s	sails	boat	sail	boat	0.589	omitted	USF:Cue_Target_Pairs.S:120	no	yes	yes	yes	no	yes	
CAND_GRAM_002345	plus	candidate_pending_human_review			plurality_violation	0	Last week he sailed two boat	simple_past	sailed	boat	sail	boat	0.589	omitted	USF:Cue_Target_Pairs.S:120	no	yes	yes	yes	no	yes	
CAND_GRAM_002346	plus	candidate_pending_human_review			plurality_violation	0	They are sailing two boat	be_progressive	sailing	boat	sail	boat	0.589	omitted	USF:Cue_Target_Pairs.S:120	no	yes	yes	yes	no	yes	
CAND_GRAM_002347	plus	candidate_pending_human_review			plurality_violation	0	They do not sail two boat	do_negation	sail	boat	sail	boat	0.589	omitted	USF:Cue_Target_Pairs.S:120	no	yes	yes	yes	no	yes	
CAND_GRAM_002348	plus	candidate_pending_human_review			plurality_violation	0	Every day they sail two boat	present_3s	sail	boat	sail	boat	0.589	omitted	USF:Cue_Target_Pairs.S:120	no	yes	yes	yes	no	yes	
CAND_GRAM_002349	plus	candidate_pending_human_review			plurality_violation	0	Last week they sailed two boat	simple_past	sailed	boat	sail	boat	0.589	omitted	USF:Cue_Target_Pairs.S:120	no	yes	yes	yes	no	yes	
CAND_GRAM_002350	plus	candidate_pending_human_review			plurality_violation	0	She is sailing three boat	be_progressive	sailing	boat	sail	boat	0.589	omitted	USF:Cue_Target_Pairs.S:120	no	yes	yes	yes	no	yes	
CAND_GRAM_002351	plus	candidate_pending_human_review			plurality_violation	0	She does not sail three boat	do_negation	sail	boat	sail	boat	0.589	omitted	USF:Cue_Target_Pairs.S:120	no	yes	yes	yes	no	yes	
CAND_GRAM_002352	plus	candidate_pending_human_review			plurality_violation	0	Every day she sails three boat	present_3s	sails	boat	sail	boat	0.589	omitted	USF:Cue_Target_Pairs.S:120	no	yes	yes	yes	no	yes	
CAND_GRAM_002353	plus	candidate_pending_human_review			plurality_violation	0	Last week she sailed three boat	simple_past	sailed	boat	sail	boat	0.589	omitted	USF:Cue_Target_Pairs.S:120	no	yes	yes	yes	no	yes	
CAND_GRAM_002354	plus	candidate_pending_human_review			plurality_violation	0	He is sailing three boat	be_progressive	sailing	boat	sail	boat	0.589	omitted	USF:Cue_Target_Pairs.S:120	no	yes	yes	yes	no	yes	
CAND_GRAM_002355	plus	candidate_pending_human_review			plurality_violation	0	He does not sail three boat	do_negation	sail	boat	sail	boat	0.589	omitted	USF:Cue_Target_Pairs.S:120	no	yes	yes	yes	no	yes	
CAND_GRAM_002356	plus	candidate_pending_human_review			plurality_violation	0	Every day he sails three boat	present_3s	sails	boat	sail	boat	0.589	omitted	USF:Cue_Target_Pairs.S:120	no	yes	yes	yes	no	yes	
CAND_GRAM_002357	plus	candidate_pending_human_review			plurality_violation	0	Last week he sailed three boat	simple_past	sailed	boat	sail	boat	0.589	omitted	USF:Cue_Target_Pairs.S:120	no	yes	yes	yes	no	yes	
CAND_GRAM_002358	plus	candidate_pending_human_review			plurality_violation	0	They are sailing three boat	be_progressive	sailing	boat	sail	boat	0.589	omitted	USF:Cue_Target_Pairs.S:120	no	yes	yes	yes	no	yes	
CAND_GRAM_002359	plus	candidate_pending_human_review			plurality_violation	0	They do not sail three boat	do_negation	sail	boat	sail	boat	0.589	omitted	USF:Cue_Target_Pairs.S:120	no	yes	yes	yes	no	yes	
CAND_GRAM_002360	plus	candidate_pending_human_review			plurality_violation	0	Every day they sail three boat	present_3s	sail	boat	sail	boat	0.589	omitted	USF:Cue_Target_Pairs.S:120	no	yes	yes	yes	no	yes	
CAND_GRAM_002361	plus	candidate_pending_human_review			plurality_violation	0	Last week they sailed three boat	simple_past	sailed	boat	sail	boat	0.589	omitted	USF:Cue_Target_Pairs.S:120	no	yes	yes	yes	no	yes	
CAND_GRAM_002362	plus	candidate_pending_human_review			plurality_violation	0	She is sailing four boat	be_progressive	sailing	boat	sail	boat	0.589	omitted	USF:Cue_Target_Pairs.S:120	no	yes	yes	yes	no	yes	
CAND_GRAM_002363	plus	candidate_pending_human_review			plurality_violation	0	She does not sail four boat	do_negation	sail	boat	sail	boat	0.589	omitted	USF:Cue_Target_Pairs.S:120	no	yes	yes	yes	no	yes	
CAND_GRAM_002364	plus	candidate_pending_human_review			plurality_violation	0	Every day she sails four boat	present_3s	sails	boat	sail	boat	0.589	omitted	USF:Cue_Target_Pairs.S:120	no	yes	yes	yes	no	yes	
CAND_GRAM_002365	plus	candidate_pending_human_review			plurality_violation	0	Last week she sailed four boat	simple_past	sailed	boat	sail	boat	0.589	omitted	USF:Cue_Target_Pairs.S:120	no	yes	yes	yes	no	yes	
CAND_GRAM_002366	plus	candidate_pending_human_review			plurality_violation	0	He is sailing four boat	be_progressive	sailing	boat	sail	boat	0.589	omitted	USF:Cue_Target_Pairs.S:120	no	yes	yes	yes	no	yes	
CAND_GRAM_002367	plus	candidate_pending_human_review			plurality_violation	0	He does not sail four boat	do_negation	sail	boat	sail	boat	0.589	omitted	USF:Cue_Target_Pairs.S:120	no	yes	yes	yes	no	yes	
CAND_GRAM_002368	plus	candidate_pending_human_review			plurality_violation	0	Every day he sails four boat	present_3s	sails	boat	sail	boat	0.589	omitted	USF:Cue_Target_Pairs.S:120	no	yes	yes	yes	no	yes	
CAND_GRAM_002369	plus	candidate_pending_human_review			plurality_violation	0	Last week he sailed four boat	simple_past	sailed	boat	sail	boat	0.589	omitted	USF:Cue_Target_Pairs.S:120	no	yes	yes	yes	no	yes	
CAND_GRAM_002370	plus	candidate_pending_human_review			plurality_violation	0	They are sailing four boat	be_progressive	sailing	boat	sail	boat	0.589	omitted	USF:Cue_Target_Pairs.S:120	no	yes	yes	yes	no	yes	
CAND_GRAM_002371	plus	candidate_pending_human_review			plurality_violation	0	They do not sail four boat	do_negation	sail	boat	sail	boat	0.589	omitted	USF:Cue_Target_Pairs.S:120	no	yes	yes	yes	no	yes	
CAND_GRAM_002372	plus	candidate_pending_human_review			plurality_violation	0	Every day they sail four boat	present_3s	sail	boat	sail	boat	0.589	omitted	USF:Cue_Target_Pairs.S:120	no	yes	yes	yes	no	yes	
CAND_GRAM_002373	plus	candidate_pending_human_review			plurality_violation	0	Last week they sailed four boat	simple_past	sailed	boat	sail	boat	0.589	omitted	USF:Cue_Target_Pairs.S:120	no	yes	yes	yes	no	yes	
CAND_GRAM_002374	plus	candidate_pending_human_review			plurality_violation	0	She is sailing five boat	be_progressive	sailing	boat	sail	boat	0.589	omitted	USF:Cue_Target_Pairs.S:120	no	yes	yes	yes	no	yes	
CAND_GRAM_002375	plus	candidate_pending_human_review			plurality_violation	0	She does not sail five boat	do_negation	sail	boat	sail	boat	0.589	omitted	USF:Cue_Target_Pairs.S:120	no	yes	yes	yes	no	yes	
CAND_GRAM_002376	plus	candidate_pending_human_review			plurality_violation	0	Every day she sails five boat	present_3s	sails	boat	sail	boat	0.589	omitted	USF:Cue_Target_Pairs.S:120	no	yes	yes	yes	no	yes	
CAND_GRAM_002377	plus	candidate_pending_human_review			plurality_violation	0	Last week she sailed five boat	simple_past	sailed	boat	sail	boat	0.589	omitted	USF:Cue_Target_Pairs.S:120	no	yes	yes	yes	no	yes	
CAND_GRAM_002378	plus	candidate_pending_human_review			plurality_violation	0	He is sailing five boat	be_progressive	sailing	boat	sail	boat	0.589	omitted	USF:Cue_Target_Pairs.S:120	no	yes	yes	yes	no	yes	
CAND_GRAM_002379	plus	candidate_pending_human_review			plurality_violation	0	He does not sail five boat	do_negation	sail	boat	sail	boat	0.589	omitted	USF:Cue_Target_Pairs.S:120	no	yes	yes	yes	no	yes	
CAND_GRAM_002380	plus	candidate_pending_human_review			plurality_violation	0	Every day he sails five boat	present_3s	sails	boat	sail	boat	0.589	omitted	USF:Cue_Target_Pairs.S:120	no	yes	yes	yes	no	yes	
CAND_GRAM_002381	plus	candidate_pending_human_review			plurality_violation	0	Last week he sailed five boat	simple_past	sailed	boat	sail	boat	0.589	omitted	USF:Cue_Target_Pairs.S:120	no	yes	yes	yes	no	yes	
CAND_GRAM_002382	plus	candidate_pending_human_review			plurality_violation	0	They are sailing five boat	be_progressive	sailing	boat	sail	boat	0.589	omitted	USF:Cue_Target_Pairs.S:120	no	yes	yes	yes	no	yes	
CAND_GRAM_002383	plus	candidate_pending_human_review			plurality_violation	0	They do not sail five boat	do_negation	sail	boat	sail	boat	0.589	omitted	USF:Cue_Target_Pairs.S:120	no	yes	yes	yes	no	yes	
CAND_GRAM_002384	plus	candidate_pending_human_review			plurality_violation	0	Every day they sail five boat	present_3s	sail	boat	sail	boat	0.589	omitted	USF:Cue_Target_Pairs.S:120	no	yes	yes	yes	no	yes	
CAND_GRAM_002385	plus	candidate_pending_human_review			plurality_violation	0	Last week they sailed five boat	simple_past	sailed	boat	sail	boat	0.589	omitted	USF:Cue_Target_Pairs.S:120	no	yes	yes	yes	no	yes	
CAND_GRAM_002386	plus	candidate_pending_human_review			plurality_violation	0	She is sailing six boat	be_progressive	sailing	boat	sail	boat	0.589	omitted	USF:Cue_Target_Pairs.S:120	no	yes	yes	yes	no	yes	
CAND_GRAM_002387	plus	candidate_pending_human_review			plurality_violation	0	She does not sail six boat	do_negation	sail	boat	sail	boat	0.589	omitted	USF:Cue_Target_Pairs.S:120	no	yes	yes	yes	no	yes	
CAND_GRAM_002388	plus	candidate_pending_human_review			plurality_violation	0	Every day she sails six boat	present_3s	sails	boat	sail	boat	0.589	omitted	USF:Cue_Target_Pairs.S:120	no	yes	yes	yes	no	yes	
CAND_GRAM_002389	plus	candidate_pending_human_review			plurality_violation	0	Last week she sailed six boat	simple_past	sailed	boat	sail	boat	0.589	omitted	USF:Cue_Target_Pairs.S:120	no	yes	yes	yes	no	yes	
CAND_GRAM_002390	plus	candidate_pending_human_review			plurality_violation	0	He is sailing six boat	be_progressive	sailing	boat	sail	boat	0.589	omitted	USF:Cue_Target_Pairs.S:120	no	yes	yes	yes	no	yes	
CAND_GRAM_002391	plus	candidate_pending_human_review			plurality_violation	0	He does not sail six boat	do_negation	sail	boat	sail	boat	0.589	omitted	USF:Cue_Target_Pairs.S:120	no	yes	yes	yes	no	yes	
CAND_GRAM_002392	plus	candidate_pending_human_review			plurality_violation	0	Every day he sails six boat	present_3s	sails	boat	sail	boat	0.589	omitted	USF:Cue_Target_Pairs.S:120	no	yes	yes	yes	no	yes	
CAND_GRAM_002393	plus	candidate_pending_human_review			plurality_violation	0	Last week he sailed six boat	simple_past	sailed	boat	sail	boat	0.589	omitted	USF:Cue_Target_Pairs.S:120	no	yes	yes	yes	no	yes	
CAND_GRAM_002394	plus	candidate_pending_human_review			plurality_violation	0	They are sailing six boat	be_progressive	sailing	boat	sail	boat	0.589	omitted	USF:Cue_Target_Pairs.S:120	no	yes	yes	yes	no	yes	
CAND_GRAM_002395	plus	candidate_pending_human_review			plurality_violation	0	They do not sail six boat	do_negation	sail	boat	sail	boat	0.589	omitted	USF:Cue_Target_Pairs.S:120	no	yes	yes	yes	no	yes	
CAND_GRAM_002396	plus	candidate_pending_human_review			plurality_violation	0	Every day they sail six boat	present_3s	sail	boat	sail	boat	0.589	omitted	USF:Cue_Target_Pairs.S:120	no	yes	yes	yes	no	yes	
CAND_GRAM_002397	plus	candidate_pending_human_review			plurality_violation	0	Last week they sailed six boat	simple_past	sailed	boat	sail	boat	0.589	omitted	USF:Cue_Target_Pairs.S:120	no	yes	yes	yes	no	yes	
CAND_GRAM_002398	plus	candidate_pending_human_review			plurality_violation	0	She is screwing one drivers	be_progressive	screwing	drivers	screw	driver	0.302	added	USF:Cue_Target_Pairs.S:1140	no	yes	yes	yes	no	yes	
CAND_GRAM_002399	plus	candidate_pending_human_review			plurality_violation	0	She does not screw one drivers	do_negation	screw	drivers	screw	driver	0.302	added	USF:Cue_Target_Pairs.S:1140	no	yes	yes	yes	no	yes	
CAND_GRAM_002400	plus	candidate_pending_human_review			plurality_violation	0	Every day she screws one drivers	present_3s	screws	drivers	screw	driver	0.302	added	USF:Cue_Target_Pairs.S:1140	no	yes	yes	yes	no	yes	
CAND_GRAM_002401	plus	candidate_pending_human_review			plurality_violation	0	Last week she screwed one drivers	simple_past	screwed	drivers	screw	driver	0.302	added	USF:Cue_Target_Pairs.S:1140	no	yes	yes	yes	no	yes	
CAND_GRAM_002402	plus	candidate_pending_human_review			plurality_violation	0	He is screwing one drivers	be_progressive	screwing	drivers	screw	driver	0.302	added	USF:Cue_Target_Pairs.S:1140	no	yes	yes	yes	no	yes	
CAND_GRAM_002403	plus	candidate_pending_human_review			plurality_violation	0	He does not screw one drivers	do_negation	screw	drivers	screw	driver	0.302	added	USF:Cue_Target_Pairs.S:1140	no	yes	yes	yes	no	yes	
CAND_GRAM_002404	plus	candidate_pending_human_review			plurality_violation	0	Every day he screws one drivers	present_3s	screws	drivers	screw	driver	0.302	added	USF:Cue_Target_Pairs.S:1140	no	yes	yes	yes	no	yes	
CAND_GRAM_002405	plus	candidate_pending_human_review			plurality_violation	0	Last week he screwed one drivers	simple_past	screwed	drivers	screw	driver	0.302	added	USF:Cue_Target_Pairs.S:1140	no	yes	yes	yes	no	yes	
CAND_GRAM_002406	plus	candidate_pending_human_review			plurality_violation	0	They are screwing one drivers	be_progressive	screwing	drivers	screw	driver	0.302	added	USF:Cue_Target_Pairs.S:1140	no	yes	yes	yes	no	yes	
CAND_GRAM_002407	plus	candidate_pending_human_review			plurality_violation	0	They do not screw one drivers	do_negation	screw	drivers	screw	driver	0.302	added	USF:Cue_Target_Pairs.S:1140	no	yes	yes	yes	no	yes	
CAND_GRAM_002408	plus	candidate_pending_human_review			plurality_violation	0	Every day they screw one drivers	present_3s	screw	drivers	screw	driver	0.302	added	USF:Cue_Target_Pairs.S:1140	no	yes	yes	yes	no	yes	
CAND_GRAM_002409	plus	candidate_pending_human_review			plurality_violation	0	Last week they screwed one drivers	simple_past	screwed	drivers	screw	driver	0.302	added	USF:Cue_Target_Pairs.S:1140	no	yes	yes	yes	no	yes	
CAND_GRAM_002410	plus	candidate_pending_human_review			plurality_violation	0	She is screwing two driver	be_progressive	screwing	driver	screw	driver	0.302	omitted	USF:Cue_Target_Pairs.S:1140	no	yes	yes	yes	no	yes	
CAND_GRAM_002411	plus	candidate_pending_human_review			plurality_violation	0	She does not screw two driver	do_negation	screw	driver	screw	driver	0.302	omitted	USF:Cue_Target_Pairs.S:1140	no	yes	yes	yes	no	yes	
CAND_GRAM_002412	plus	candidate_pending_human_review			plurality_violation	0	Every day she screws two driver	present_3s	screws	driver	screw	driver	0.302	omitted	USF:Cue_Target_Pairs.S:1140	no	yes	yes	yes	no	yes	
CAND_GRAM_002413	plus	candidate_pending_human_review			plurality_violation	0	Last week she screwed two driver	simple_past	screwed	driver	screw	driver	0.302	omitted	USF:Cue_Target_Pairs.S:1140	no	yes	yes	yes	no	yes	
CAND_GRAM_002414	plus	candidate_pending_human_review			plurality_violation	0	He is screwing two driver	be_progressive	screwing	driver	screw	driver	0.302	omitted	USF:Cue_Target_Pairs.S:1140	no	yes	yes	yes	no	yes	
CAND_GRAM_002415	plus	candidate_pending_human_review			plurality_violation	0	He does not screw two driver	do_negation	screw	driver	screw	driver	0.302	omitted	USF:Cue_Target_Pairs.S:1140	no	yes	yes	yes	no	yes	
CAND_GRAM_002416	plus	candidate_pending_human_review			plurality_violation	0	Every day he screws two driver	present_3s	screws	driver	screw	driver	0.302	omitted	USF:Cue_Target_Pairs.S:1140	no	yes	yes	yes	no	yes	
CAND_GRAM_002417	plus	candidate_pending_human_review			plurality_violation	0	Last week he screwed two driver	simple_past	screwed	driver	screw	driver	0.302	omitted	USF:Cue_Target_Pairs.S:1140	no	yes	yes	yes	no	yes	
CAND_GRAM_002418	plus	candidate_pending_human_review			plurality_violation	0	They are screwing two driver	be_progressive	screwing	driver	screw	driver	0.302	omitted	USF:Cue_Target_Pairs.S:1140	no	yes	yes	yes	no	yes	
CAND_GRAM_002419	plus	candidate_pending_human_review			plurality_violation	0	They do not screw two driver	do_negation	screw	driver	screw	driver	0.302	omitted	USF:Cue_Target_Pairs.S:1140	no	yes	yes	yes	no	yes	
CAND_GRAM_002420	plus	candidate_pending_human_review			plurality_violation	0	Every day they screw two driver	present_3s	screw	driver	screw	driver	0.302	omitted	USF:Cue_Target_Pairs.S:1140	no	yes	yes	yes	no	yes	
CAND_GRAM_002421	plus	candidate_pending_human_review			plurality_violation	0	Last week they screwed two driver	simple_past	screwed	driver	screw	driver	0.302	omitted	USF:Cue_Target_Pairs.S:1140	no	yes	yes	yes	no	yes	
CAND_GRAM_002422	plus	candidate_pending_human_review			plurality_violation	0	She is screwing three driver	be_progressive	screwing	driver	screw	driver	0.302	omitted	USF:Cue_Target_Pairs.S:1140	no	yes	yes	yes	no	yes	
CAND_GRAM_002423	plus	candidate_pending_human_review			plurality_violation	0	She does not screw three driver	do_negation	screw	driver	screw	driver	0.302	omitted	USF:Cue_Target_Pairs.S:1140	no	yes	yes	yes	no	yes	
CAND_GRAM_002424	plus	candidate_pending_human_review			plurality_violation	0	Every day she screws three driver	present_3s	screws	driver	screw	driver	0.302	omitted	USF:Cue_Target_Pairs.S:1140	no	yes	yes	yes	no	yes	
CAND_GRAM_002425	plus	candidate_pending_human_review			plurality_violation	0	Last week she screwed three driver	simple_past	screwed	driver	screw	driver	0.302	omitted	USF:Cue_Target_Pairs.S:1140	no	yes	yes	yes	no	yes	
CAND_GRAM_002426	plus	candidate_pending_human_review			plurality_violation	0	He is screwing three driver	be_progressive	screwing	driver	screw	driver	0.302	omitted	USF:Cue_Target_Pairs.S:1140	no	yes	yes	yes	no	yes	
CAND_GRAM_002427	plus	candidate_pending_human_review			plurality_violation	0	He does not screw three driver	do_negation	screw	driver	screw	driver	0.302	omitted	USF:Cue_Target_Pairs.S:1140	no	yes	yes	yes	no	yes	
CAND_GRAM_002428	plus	candidate_pending_human_review			plurality_violation	0	Every day he screws three driver	present_3s	screws	driver	screw	driver	0.302	omitted	USF:Cue_Target_Pairs.S:1140	no	yes	yes	yes	no	yes	
CAND_GRAM_002429	plus	candidate_pending_human_review			plurality_violation	0	Last week he screwed three driver	simple_past	screwed	driver	screw	driver	0.302	omitted	USF:Cue_Target_Pairs.S:1140	no	yes	yes	yes	no	yes	
CAND_GRAM_002430	plus	candidate_pending_human_review			plurality_violation	0	They are screwing three driver	be_progressive	screwing	driver	screw	driver	0.302	omitted	USF:Cue_Target_Pairs.S:1140	no	yes	yes	yes	no	yes	
CAND_GRAM_002431	plus	candidate_pending_human_review			plurality_violation	0	They do not screw three driver	do_negation	screw	driver	screw	driver	0.302	omitted	USF:Cue_Target_Pairs.S:1140	no	yes	yes	yes	no	yes	
CAND_GRAM_002432	plus	candidate_pending_human_review			plurality_violation	0	Every day they screw three driver	present_3s	screw	driver	screw	driver	0.302	omitted	USF:Cue_Target_Pairs.S:1140	no	yes	yes	yes	no	yes	
CAND_GRAM_002433	plus	candidate_pending_human_review			plurality_violation	0	Last week they screwed three driver	simple_past	screwed	driver	screw	driver	0.302	omitted	USF:Cue_Target_Pairs.S:1140	no	yes	yes	yes	no	yes	
CAND_GRAM_002434	plus	candidate_pending_human_review			plurality_violation	0	She is screwing four driver	be_progressive	screwing	driver	screw	driver	0.302	omitted	USF:Cue_Target_Pairs.S:1140	no	yes	yes	yes	no	yes	
CAND_GRAM_002435	plus	candidate_pending_human_review			plurality_violation	0	She does not screw four driver	do_negation	screw	driver	screw	driver	0.302	omitted	USF:Cue_Target_Pairs.S:1140	no	yes	yes	yes	no	yes	
CAND_GRAM_002436	plus	candidate_pending_human_review			plurality_violation	0	Every day she screws four driver	present_3s	screws	driver	screw	driver	0.302	omitted	USF:Cue_Target_Pairs.S:1140	no	yes	yes	yes	no	yes	
CAND_GRAM_002437	plus	candidate_pending_human_review			plurality_violation	0	Last week she screwed four driver	simple_past	screwed	driver	screw	driver	0.302	omitted	USF:Cue_Target_Pairs.S:1140	no	yes	yes	yes	no	yes	
CAND_GRAM_002438	plus	candidate_pending_human_review			plurality_violation	0	He is screwing four driver	be_progressive	screwing	driver	screw	driver	0.302	omitted	USF:Cue_Target_Pairs.S:1140	no	yes	yes	yes	no	yes	
CAND_GRAM_002439	plus	candidate_pending_human_review			plurality_violation	0	He does not screw four driver	do_negation	screw	driver	screw	driver	0.302	omitted	USF:Cue_Target_Pairs.S:1140	no	yes	yes	yes	no	yes	
CAND_GRAM_002440	plus	candidate_pending_human_review			plurality_violation	0	Every day he screws four driver	present_3s	screws	driver	screw	driver	0.302	omitted	USF:Cue_Target_Pairs.S:1140	no	yes	yes	yes	no	yes	
CAND_GRAM_002441	plus	candidate_pending_human_review			plurality_violation	0	Last week he screwed four driver	simple_past	screwed	driver	screw	driver	0.302	omitted	USF:Cue_Target_Pairs.S:1140	no	yes	yes	yes	no	yes	
CAND_GRAM_002442	plus	candidate_pending_human_review			plurality_violation	0	They are screwing four driver	be_progressive	screwing	driver	screw	driver	0.302	omitted	USF:Cue_Target_Pairs.S:1140	no	yes	yes	yes	no	yes	
CAND_GRAM_002443	plus	candidate_pending_human_review			plurality_violation	0	They do not screw four driver	do_negation	screw	driver	screw	driver	0.302	omitted	USF:Cue_Target_Pairs.S:1140	no	yes	yes	yes	no	yes	
CAND_GRAM_002444	plus	candidate_pending_human_review			plurality_violation	0	Every day they screw four driver	present_3s	screw	driver	screw	driver	0.302	omitted	USF:Cue_Target_Pairs.S:1140	no	yes	yes	yes	no	yes	
CAND_GRAM_002445	plus	candidate_pending_human_review			plurality_violation	0	Last week they screwed four driver	simple_past	screwed	driver	screw	driver	0.302	omitted	USF:Cue_Target_Pairs.S:1140	no	yes	yes	yes	no	yes	
CAND_GRAM_002446	plus	candidate_pending_human_review			plurality_violation	0	She is screwing five driver	be_progressive	screwing	driver	screw	driver	0.302	omitted	USF:Cue_Target_Pairs.S:1140	no	yes	yes	yes	no	yes	
CAND_GRAM_002447	plus	candidate_pending_human_review			plurality_violation	0	She does not screw five driver	do_negation	screw	driver	screw	driver	0.302	omitted	USF:Cue_Target_Pairs.S:1140	no	yes	yes	yes	no	yes	
CAND_GRAM_002448	plus	candidate_pending_human_review			plurality_violation	0	Every day she screws five driver	present_3s	screws	driver	screw	driver	0.302	omitted	USF:Cue_Target_Pairs.S:1140	no	yes	yes	yes	no	yes	
CAND_GRAM_002449	plus	candidate_pending_human_review			plurality_violation	0	Last week she screwed five driver	simple_past	screwed	driver	screw	driver	0.302	omitted	USF:Cue_Target_Pairs.S:1140	no	yes	yes	yes	no	yes	
CAND_GRAM_002450	plus	candidate_pending_human_review			plurality_violation	0	He is screwing five driver	be_progressive	screwing	driver	screw	driver	0.302	omitted	USF:Cue_Target_Pairs.S:1140	no	yes	yes	yes	no	yes	
CAND_GRAM_002451	plus	candidate_pending_human_review			plurality_violation	0	He does not screw five driver	do_negation	screw	driver	screw	driver	0.302	omitted	USF:Cue_Target_Pairs.S:1140	no	yes	yes	yes	no	yes	
CAND_GRAM_002452	plus	candidate_pending_human_review			plurality_violation	0	Every day he screws five driver	present_3s	screws	driver	screw	driver	0.302	omitted	USF:Cue_Target_Pairs.S:1140	no	yes	yes	yes	no	yes	
CAND_GRAM_002453	plus	candidate_pending_human_review			plurality_violation	0	Last week he screwed five driver	simple_past	screwed	driver	screw	driver	0.302	omitted	USF:Cue_Target_Pairs.S:1140	no	yes	yes	yes	no	yes	
CAND_GRAM_002454	plus	candidate_pending_human_review			plurality_violation	0	They are screwing five driver	be_progressive	screwing	driver	screw	driver	0.302	omitted	USF:Cue_Target_Pairs.S:1140	no	yes	yes	yes	no	yes	
CAND_GRAM_002455	plus	candidate_pending_human_review			plurality_violation	0	They do not screw five driver	do_negation	screw	driver	screw	driver	0.302	omitted	USF:Cue_Target_Pairs.S:1140	no	yes	yes	yes	no	yes	
CAND_GRAM_002456	plus	candidate_pending_human_review			plurality_violation	0	Every day they screw five driver	present_3s	screw	driver	screw	driver	0.302	omitted	USF:Cue_Target_Pairs.S:1140	no	yes	yes	yes	no	yes	
CAND_GRAM_002457	plus	candidate_pending_human_review			plurality_violation	0	Last week they screwed five driver	simple_past	screwed	driver	screw	driver	0.302	omitted	USF:Cue_Target_Pairs.S:1140	no	yes	yes	yes	no	yes	
CAND_GRAM_002458	plus	candidate_pending_human_review			plurality_violation	0	She is screwing six driver	be_progressive	screwing	driver	screw	driver	0.302	omitted	USF:Cue_Target_Pairs.S:1140	no	yes	yes	yes	no	yes	
CAND_GRAM_002459	plus	candidate_pending_human_review			plurality_violation	0	She does not screw six driver	do_negation	screw	driver	screw	driver	0.302	omitted	USF:Cue_Target_Pairs.S:1140	no	yes	yes	yes	no	yes	
CAND_GRAM_002460	plus	candidate_pending_human_review			plurality_violation	0	Every day she screws six driver	present_3s	screws	driver	screw	driver	0.302	omitted	USF:Cue_Target_Pairs.S:1140	no	yes	yes	yes	no	yes	
CAND_GRAM_002461	plus	candidate_pending_human_review			plurality_violation	0	Last week she screwed six driver	simple_past	screwed	driver	screw	driver	0.302	omitted	USF:Cue_Target_Pairs.S:1140	no	yes	yes	yes	no	yes	
CAND_GRAM_002462	plus	candidate_pending_human_review			plurality_violation	0	He is screwing six driver	be_progressive	screwing	driver	screw	driver	0.302	omitted	USF:Cue_Target_Pairs.S:1140	no	yes	yes	yes	no	yes	
CAND_GRAM_002463	plus	candidate_pending_human_review			plurality_violation	0	He does not screw six driver	do_negation	screw	driver	screw	driver	0.302	omitted	USF:Cue_Target_Pairs.S:1140	no	yes	yes	yes	no	yes	
CAND_GRAM_002464	plus	candidate_pending_human_review			plurality_violation	0	Every day he screws six driver	present_3s	screws	driver	screw	driver	0.302	omitted	USF:Cue_Target_Pairs.S:1140	no	yes	yes	yes	no	yes	
CAND_GRAM_002465	plus	candidate_pending_human_review			plurality_violation	0	Last week he screwed six driver	simple_past	screwed	driver	screw	driver	0.302	omitted	USF:Cue_Target_Pairs.S:1140	no	yes	yes	yes	no	yes	
CAND_GRAM_002466	plus	candidate_pending_human_review			plurality_violation	0	They are screwing six driver	be_progressive	screwing	driver	screw	driver	0.302	omitted	USF:Cue_Target_Pairs.S:1140	no	yes	yes	yes	no	yes	
CAND_GRAM_002467	plus	candidate_pending_human_review			plurality_violation	0	They do not screw six driver	do_negation	screw	driver	screw	driver	0.302	omitted	USF:Cue_Target_Pairs.S:1140	no	yes	yes	yes	no	yes	
CAND_GRAM_002468	plus	candidate_pending_human_review			plurality_violation	0	Every day they screw six driver	present_3s	screw	driver	screw	driver	0.302	omitted	USF:Cue_Target_Pairs.S:1140	no	yes	yes	yes	no	yes	
CAND_GRAM_002469	plus	candidate_pending_human_review			plurality_violation	0	Last week they screwed six driver	simple_past	screwed	driver	screw	driver	0.302	omitted	USF:Cue_Target_Pairs.S:1140	no	yes	yes	yes	no	yes	
CAND_GRAM_002470	plus	candidate_pending_human_review			plurality_violation	0	She is frying one eggs	be_progressive	frying	eggs	fry	egg	0.081	added	USF:Cue_Target_Pairs.D-F:10163	no	yes	yes	yes	no	yes	
CAND_GRAM_002471	plus	candidate_pending_human_review			plurality_violation	0	She does not fry one eggs	do_negation	fry	eggs	fry	egg	0.081	added	USF:Cue_Target_Pairs.D-F:10163	no	yes	yes	yes	no	yes	
CAND_GRAM_002472	plus	candidate_pending_human_review			plurality_violation	0	Every day she fries one eggs	present_3s	fries	eggs	fry	egg	0.081	added	USF:Cue_Target_Pairs.D-F:10163	no	yes	yes	yes	no	yes	
CAND_GRAM_002473	plus	candidate_pending_human_review			plurality_violation	0	Last week she fried one eggs	simple_past	fried	eggs	fry	egg	0.081	added	USF:Cue_Target_Pairs.D-F:10163	no	yes	yes	yes	no	yes	
CAND_GRAM_002474	plus	candidate_pending_human_review			plurality_violation	0	He is frying one eggs	be_progressive	frying	eggs	fry	egg	0.081	added	USF:Cue_Target_Pairs.D-F:10163	no	yes	yes	yes	no	yes	
CAND_GRAM_002475	plus	candidate_pending_human_review			plurality_violation	0	He does not fry one eggs	do_negation	fry	eggs	fry	egg	0.081	added	USF:Cue_Target_Pairs.D-F:10163	no	yes	yes	yes	no	yes	
CAND_GRAM_002476	plus	candidate_pending_human_review			plurality_violation	0	Every day he fries one eggs	present_3s	fries	eggs	fry	egg	0.081	added	USF:Cue_Target_Pairs.D-F:10163	no	yes	yes	yes	no	yes	
CAND_GRAM_002477	plus	candidate_pending_human_review			plurality_violation	0	Last week he fried one eggs	simple_past	fried	eggs	fry	egg	0.081	added	USF:Cue_Target_Pairs.D-F:10163	no	yes	yes	yes	no	yes	
CAND_GRAM_002478	plus	candidate_pending_human_review			plurality_violation	0	They are frying one eggs	be_progressive	frying	eggs	fry	egg	0.081	added	USF:Cue_Target_Pairs.D-F:10163	no	yes	yes	yes	no	yes	
CAND_GRAM_002479	plus	candidate_pending_human_review			plurality_violation	0	They do not fry one eggs	do_negation	fry	eggs	fry	egg	0.081	added	USF:Cue_Target_Pairs.D-F:10163	no	yes	yes	yes	no	yes	
CAND_GRAM_002480	plus	candidate_pending_human_review			plurality_violation	0	Every day they fry one eggs	present_3s	fry	eggs	fry	egg	0.081	added	USF:Cue_Target_Pairs.D-F:10163	no	yes	yes	yes	no	yes	
CAND_GRAM_002481	plus	candidate_pending_human_review			plurality_violation	0	Last week they fried one eggs	simple_past	fried	eggs	fry	egg	0.081	added	USF:Cue_Target_Pairs.D-F:10163	no	yes	yes	yes	no	yes	
CAND_GRAM_002482	plus	candidate_pending_human_review			plurality_violation	0	She is frying two egg	be_progressive	frying	egg	fry	egg	0.081	omitted	USF:Cue_Target_Pairs.D-F:10163	no	yes	yes	yes	no	yes	
CAND_GRAM_002483	plus	candidate_pending_human_review			plurality_violation	0	She does not fry two egg	do_negation	fry	egg	fry	egg	0.081	omitted	USF:Cue_Target_Pairs.D-F:10163	no	yes	yes	yes	no	yes	
CAND_GRAM_002484	plus	candidate_pending_human_review			plurality_violation	0	Every day she fries two egg	present_3s	fries	egg	fry	egg	0.081	omitted	USF:Cue_Target_Pairs.D-F:10163	no	yes	yes	yes	no	yes	
CAND_GRAM_002485	plus	candidate_pending_human_review			plurality_violation	0	Last week she fried two egg	simple_past	fried	egg	fry	egg	0.081	omitted	USF:Cue_Target_Pairs.D-F:10163	no	yes	yes	yes	no	yes	
CAND_GRAM_002486	plus	candidate_pending_human_review			plurality_violation	0	He is frying two egg	be_progressive	frying	egg	fry	egg	0.081	omitted	USF:Cue_Target_Pairs.D-F:10163	no	yes	yes	yes	no	yes	
CAND_GRAM_002487	plus	candidate_pending_human_review			plurality_violation	0	He does not fry two egg	do_negation	fry	egg	fry	egg	0.081	omitted	USF:Cue_Target_Pairs.D-F:10163	no	yes	yes	yes	no	yes	
CAND_GRAM_002488	plus	candidate_pending_human_review			plurality_violation	0	Every day he fries two egg	present_3s	fries	egg	fry	egg	0.081	omitted	USF:Cue_Target_Pairs.D-F:10163	no	yes	yes	yes	no	yes	
CAND_GRAM_002489	plus	candidate_pending_human_review			plurality_violation	0	Last week he fried two egg	simple_past	fried	egg	fry	egg	0.081	omitted	USF:Cue_Target_Pairs.D-F:10163	no	yes	yes	yes	no	yes	
CAND_GRAM_002490	plus	candidate_pending_human_review			plurality_violation	0	They are frying two egg	be_progressive	frying	egg	fry	egg	0.081	omitted	USF:Cue_Target_Pairs.D-F:10163	no	yes	yes	yes	no	yes	
CAND_GRAM_002491	plus	candidate_pending_human_review			plurality_violation	0	They do not fry two egg	do_negation	fry	egg	fry	egg	0.081	omitted	USF:Cue_Target_Pairs.D-F:10163	no	yes	yes	yes	no	yes	
CAND_GRAM_002492	plus	candidate_pending_human_review			plurality_violation	0	Every day they fry two egg	present_3s	fry	egg	fry	egg	0.081	omitted	USF:Cue_Target_Pairs.D-F:10163	no	yes	yes	yes	no	yes	
CAND_GRAM_002493	plus	candidate_pending_human_review			plurality_violation	0	Last week they fried two egg	simple_past	fried	egg	fry	egg	0.081	omitted	USF:Cue_Target_Pairs.D-F:10163	no	yes	yes	yes	no	yes	
CAND_GRAM_002494	plus	candidate_pending_human_review			plurality_violation	0	She is frying three egg	be_progressive	frying	egg	fry	egg	0.081	omitted	USF:Cue_Target_Pairs.D-F:10163	no	yes	yes	yes	no	yes	
CAND_GRAM_002495	plus	candidate_pending_human_review			plurality_violation	0	She does not fry three egg	do_negation	fry	egg	fry	egg	0.081	omitted	USF:Cue_Target_Pairs.D-F:10163	no	yes	yes	yes	no	yes	
CAND_GRAM_002496	plus	candidate_pending_human_review			plurality_violation	0	Every day she fries three egg	present_3s	fries	egg	fry	egg	0.081	omitted	USF:Cue_Target_Pairs.D-F:10163	no	yes	yes	yes	no	yes	
CAND_GRAM_002497	plus	candidate_pending_human_review			plurality_violation	0	Last week she fried three egg	simple_past	fried	egg	fry	egg	0.081	omitted	USF:Cue_Target_Pairs.D-F:10163	no	yes	yes	yes	no	yes	
CAND_GRAM_002498	plus	candidate_pending_human_review			plurality_violation	0	He is frying three egg	be_progressive	frying	egg	fry	egg	0.081	omitted	USF:Cue_Target_Pairs.D-F:10163	no	yes	yes	yes	no	yes	
CAND_GRAM_002499	plus	candidate_pending_human_review			plurality_violation	0	He does not fry three egg	do_negation	fry	egg	fry	egg	0.081	omitted	USF:Cue_Target_Pairs.D-F:10163	no	yes	yes	yes	no	yes	
CAND_GRAM_002500	plus	candidate_pending_human_review			plurality_violation	0	Every day he fries three egg	present_3s	fries	egg	fry	egg	0.081	omitted	USF:Cue_Target_Pairs.D-F:10163	no	yes	yes	yes	no	yes	
CAND_GRAM_002501	plus	candidate_pending_human_review			plurality_violation	0	Last week he fried three egg	simple_past	fried	egg	fry	egg	0.081	omitted	USF:Cue_Target_Pairs.D-F:10163	no	yes	yes	yes	no	yes	
CAND_GRAM_002502	plus	candidate_pending_human_review			plurality_violation	0	They are frying three egg	be_progressive	frying	egg	fry	egg	0.081	omitted	USF:Cue_Target_Pairs.D-F:10163	no	yes	yes	yes	no	yes	
CAND_GRAM_002503	plus	candidate_pending_human_review			plurality_violation	0	They do not fry three egg	do_negation	fry	egg	fry	egg	0.081	omitted	USF:Cue_Target_Pairs.D-F:10163	no	yes	yes	yes	no	yes	
CAND_GRAM_002504	plus	candidate_pending_human_review			plurality_violation	0	Every day they fry three egg	present_3s	fry	egg	fry	egg	0.081	omitted	USF:Cue_Target_Pairs.D-F:10163	no	yes	yes	yes	no	yes	
CAND_GRAM_002505	plus	candidate_pending_human_review			plurality_violation	0	Last week they fried three egg	simple_past	fried	egg	fry	egg	0.081	omitted	USF:Cue_Target_Pairs.D-F:10163	no	yes	yes	yes	no	yes	
CAND_GRAM_002506	plus	candidate_pending_human_review			plurality_violation	0	She is frying four egg	be_progressive	frying	egg	fry	egg	0.081	omitted	USF:Cue_Target_Pairs.D-F:10163	no	yes	yes	yes	no	yes	
CAND_GRAM_002507	plus	candidate_pending_human_review			plurality_violation	0	She does not fry four egg	do_negation	fry	egg	fry	egg	0.081	omitted	USF:Cue_Target_Pairs.D-F:10163	no	yes	yes	yes	no	yes	
CAND_GRAM_002508	plus	candidate_pending_human_review			plurality_violation	0	Every day she fries four egg	present_3s	fries	egg	fry	egg	0.081	omitted	USF:Cue_Target_Pairs.D-F:10163	no	yes	yes	yes	no	yes	
CAND_GRAM_002509	plus	candidate_pending_human_review			plurality_violation	0	Last week she fried four egg	simple_past	fried	egg	fry	egg	0.081	omitted	USF:Cue_Target_Pairs.D-F:10163	no	yes	yes	yes	no	yes	
CAND_GRAM_002510	plus	candidate_pending_human_review			plurality_violation	0	He is frying four egg	be_progressive	frying	egg	fry	egg	0.081	omitted	USF:Cue_Target_Pairs.D-F:10163	no	yes	yes	yes	no	yes	
CAND_GRAM_002511	plus	candidate_pending_human_review			plurality_violation	0	He does not fry four egg	do_negation	fry	egg	fry	egg	0.081	omitted	USF:Cue_Target_Pairs.D-F:10163	no	yes	yes	yes	no	yes	
CAND_GRAM_002512	plus	candidate_pending_human_review			plurality_violation	0	Every day he fries four egg	present_3s	fries	egg	fry	egg	0.081	omitted	USF:Cue_Target_Pairs.D-F:10163	no	yes	yes	yes	no	yes	
CAND_GRAM_002513	plus	candidate_pending_human_review			plurality_violation	0	Last week he fried four egg	simple_past	fried	egg	fry	egg	0.081	omitted	USF:Cue_Target_Pairs.D-F:10163	no	yes	yes	yes	no	yes	
CAND_GRAM_002514	plus	candidate_pending_human_review			plurality_violation	0	They are frying four egg	be_progressive	frying	egg	fry	egg	0.081	omitted	USF:Cue_Target_Pairs.D-F:10163	no	yes	yes	yes	no	yes	
CAND_GRAM_002515	plus	candidate_pending_human_review			plurality_violation	0	They do not fry four egg	do_negation	fry	egg	fry	egg	0.081	omitted	USF:Cue_Target_Pairs.D-F:10163	no	yes	yes	yes	no	yes	
CAND_GRAM_002516	plus	candidate_pending_human_review			plurality_violation	0	Every day they fry four egg	present_3s	fry	egg	fry	egg	0.081	omitted	USF:Cue_Target_Pairs.D-F:10163	no	yes	yes	yes	no	yes	
CAND_GRAM_002517	plus	candidate_pending_human_review			plurality_violation	0	Last week they fried four egg	simple_past	fried	egg	fry	egg	0.081	omitted	USF:Cue_Target_Pairs.D-F:10163	no	yes	yes	yes	no	yes	
CAND_GRAM_002518	plus	candidate_pending_human_review			plurality_violation	0	She is frying five egg	be_progressive	frying	egg	fry	egg	0.081	omitted	USF:Cue_Target_Pairs.D-F:10163	no	yes	yes	yes	no	yes	
CAND_GRAM_002519	plus	candidate_pending_human_review			plurality_violation	0	She does not fry five egg	do_negation	fry	egg	fry	egg	0.081	omitted	USF:Cue_Target_Pairs.D-F:10163	no	yes	yes	yes	no	yes	
CAND_GRAM_002520	plus	candidate_pending_human_review			plurality_violation	0	Every day she fries five egg	present_3s	fries	egg	fry	egg	0.081	omitted	USF:Cue_Target_Pairs.D-F:10163	no	yes	yes	yes	no	yes	
CAND_GRAM_002521	plus	candidate_pending_human_review			plurality_violation	0	Last week she fried five egg	simple_past	fried	egg	fry	egg	0.081	omitted	USF:Cue_Target_Pairs.D-F:10163	no	yes	yes	yes	no	yes	
CAND_GRAM_002522	plus	candidate_pending_human_review			plurality_violation	0	He is frying five egg	be_progressive	frying	egg	fry	egg	0.081	omitted	USF:Cue_Target_Pairs.D-F:10163	no	yes	yes	yes	no	yes	
CAND_GRAM_002523	plus	candidate_pending_human_review			plurality_violation	0	He does not fry five egg	do_negation	fry	egg	fry	egg	0.081	omitted	USF:Cue_Target_Pairs.D-F:10163	no	yes	yes	yes	no	yes	
CAND_GRAM_002524	plus	candidate_pending_human_review			plurality_violation	0	Every day he fries five egg	present_3s	fries	egg	fry	egg	0.081	omitted	USF:Cue_Target_Pairs.D-F:10163	no	yes	yes	yes	no	yes	
CAND_GRAM_002525	plus	candidate_pending_human_review			plurality_violation	0	Last week he fried five egg	simple_past	fried	egg	fry	egg	0.081	omitted	USF:Cue_Target_Pairs.D-F:10163	no	yes	yes	yes	no	yes	
CAND_GRAM_002526	plus	candidate_pending_human_review			plurality_violation	0	They are frying five egg	be_progressive	frying	egg	fry	egg	0.081	omitted	USF:Cue_Target_Pairs.D-F:10163	no	yes	yes	yes	no	yes	
CAND_GRAM_002527	plus	candidate_pending_human_review			plurality_violation	0	They do not fry five egg	do_negation	fry	egg	fry	egg	0.081	omitted	USF:Cue_Target_Pairs.D-F:10163	no	yes	yes	yes	no	yes	
CAND_GRAM_002528	plus	candidate_pending_human_review			plurality_violation	0	Every day they fry five egg	present_3s	fry	egg	fry	egg	0.081	omitted	USF:Cue_Target_Pairs.D-F:10163	no	yes	yes	yes	no	yes	
CAND_GRAM_002529	plus	candidate_pending_human_review			plurality_violation	0	Last week they fried five egg	simple_past	fried	egg	fry	egg	0.081	omitted	USF:Cue_Target_Pairs.D-F:10163	no	yes	yes	yes	no	yes	
CAND_GRAM_002530	plus	candidate_pending_human_review			plurality_violation	0	She is frying six egg	be_progressive	frying	egg	fry	egg	0.081	omitted	USF:Cue_Target_Pairs.D-F:10163	no	yes	yes	yes	no	yes	
CAND_GRAM_002531	plus	candidate_pending_human_review			plurality_violation	0	She does not fry six egg	do_negation	fry	egg	fry	egg	0.081	omitted	USF:Cue_Target_Pairs.D-F:10163	no	yes	yes	yes	no	yes	
CAND_GRAM_002532	plus	candidate_pending_human_review			plurality_violation	0	Every day she fries six egg	present_3s	fries	egg	fry	egg	0.081	omitted	USF:Cue_Target_Pairs.D-F:10163	no	yes	yes	yes	no	yes	
CAND_GRAM_002533	plus	candidate_pending_human_review			plurality_violation	0	Last week she fried six egg	simple_past	fried	egg	fry	egg	0.081	omitted	USF:Cue_Target_Pairs.D-F:10163	no	yes	yes	yes	no	yes	
CAND_GRAM_002534	plus	candidate_pending_human_review			plurality_violation	0	He is frying six egg	be_progressive	frying	egg	fry	egg	0.081	omitted	USF:Cue_Target_Pairs.D-F:10163	no	yes	yes	yes	no	yes	
CAND_GRAM_002535	plus	candidate_pending_human_review			plurality_violation	0	He does not fry six egg	do_negation	fry	egg	fry	egg	0.081	omitted	USF:Cue_Target_Pairs.D-F:10163	no	yes	yes	yes	no	yes	
CAND_GRAM_002536	plus	candidate_pending_human_review			plurality_violation	0	Every day he fries six egg	present_3s	fries	egg	fry	egg	0.081	omitted	USF:Cue_Target_Pairs.D-F:10163	no	yes	yes	yes	no	yes	
CAND_GRAM_002537	plus	candidate_pending_human_review			plurality_violation	0	Last week he fried six egg	simple_past	fried	egg	fry	egg	0.081	omitted	USF:Cue_Target_Pairs.D-F:10163	no	yes	yes	yes	no	yes	
CAND_GRAM_002538	plus	candidate_pending_human_review			plurality_violation	0	They are frying six egg	be_progressive	frying	egg	fry	egg	0.081	omitted	USF:Cue_Target_Pairs.D-F:10163	no	yes	yes	yes	no	yes	
CAND_GRAM_002539	plus	candidate_pending_human_review			plurality_violation	0	They do not fry six egg	do_negation	fry	egg	fry	egg	0.081	omitted	USF:Cue_Target_Pairs.D-F:10163	no	yes	yes	yes	no	yes	
CAND_GRAM_002540	plus	candidate_pending_human_review			plurality_violation	0	Every day they fry six egg	present_3s	fry	egg	fry	egg	0.081	omitted	USF:Cue_Target_Pairs.D-F:10163	no	yes	yes	yes	no	yes	
CAND_GRAM_002541	plus	candidate_pending_human_review			plurality_violation	0	Last week they fried six egg	simple_past	fried	egg	fry	egg	0.081	omitted	USF:Cue_Target_Pairs.D-F:10163	no	yes	yes	yes	no	yes	
CAND_GRAM_002542	plus	candidate_pending_human_review			plurality_violation	0	She is tackling one footballs	be_progressive	tackling	footballs	tackle	football	0.361	added	USF:Cue_Target_Pairs.T-Z:81	no	yes	yes	yes	no	yes	
CAND_GRAM_002543	plus	candidate_pending_human_review			plurality_violation	0	She does not tackle one footballs	do_negation	tackle	footballs	tackle	football	0.361	added	USF:Cue_Target_Pairs.T-Z:81	no	yes	yes	yes	no	yes	
CAND_GRAM_002544	plus	candidate_pending_human_review			plurality_violation	0	Every day she tackles one footballs	present_3s	tackles	footballs	tackle	football	0.361	added	USF:Cue_Target_Pairs.T-Z:81	no	yes	yes	yes	no	yes	
CAND_GRAM_002545	plus	candidate_pending_human_review			plurality_violation	0	Last week she tackled one footballs	simple_past	tackled	footballs	tackle	football	0.361	added	USF:Cue_Target_Pairs.T-Z:81	no	yes	yes	yes	no	yes	
CAND_GRAM_002546	plus	candidate_pending_human_review			plurality_violation	0	He is tackling one footballs	be_progressive	tackling	footballs	tackle	football	0.361	added	USF:Cue_Target_Pairs.T-Z:81	no	yes	yes	yes	no	yes	
CAND_GRAM_002547	plus	candidate_pending_human_review			plurality_violation	0	He does not tackle one footballs	do_negation	tackle	footballs	tackle	football	0.361	added	USF:Cue_Target_Pairs.T-Z:81	no	yes	yes	yes	no	yes	
CAND_GRAM_002548	plus	candidate_pending_human_review			plurality_violation	0	Every day he tackles one footballs	present_3s	tackles	footballs	tackle	football	0.361	added	USF:Cue_Target_Pairs.T-Z:81	no	yes	yes	yes	no	yes	
CAND_GRAM_002549	plus	candidate_pending_human_review			plurality_violation	0	Last week he tackled one footballs	simple_past	tackled	footballs	tackle	football	0.361	added	USF:Cue_Target_Pairs.T-Z:81	no	yes	yes	yes	no	yes	
CAND_GRAM_002550	plus	candidate_pending_human_review			plurality_violation	0	They are tackling one footballs	be_progressive	tackling	footballs	tackle	football	0.361	added	USF:Cue_Target_Pairs.T-Z:81	no	yes	yes	yes	no	yes	
CAND_GRAM_002551	plus	candidate_pending_human_review			plurality_violation	0	They do not tackle one footballs	do_negation	tackle	footballs	tackle	football	0.361	added	USF:Cue_Target_Pairs.T-Z:81	no	yes	yes	yes	no	yes	
CAND_GRAM_002552	plus	candidate_pending_human_review			plurality_violation	0	Every day they tackle one footballs	present_3s	tackle	footballs	tackle	football	0.361	added	USF:Cue_Target_Pairs.T-Z:81	no	yes	yes	yes	no	yes	
CAND_GRAM_002553	plus	candidate_pending_human_review			plurality_violation	0	Last week they tackled one footballs	simple_past	tackled	footballs	tackle	football	0.361	added	USF:Cue_Target_Pairs.T-Z:81	no	yes	yes	yes	no	yes	
CAND_GRAM_002554	plus	candidate_pending_human_review			plurality_violation	0	She is tackling two football	be_progressive	tackling	football	tackle	football	0.361	omitted	USF:Cue_Target_Pairs.T-Z:81	no	yes	yes	yes	no	yes	
CAND_GRAM_002555	plus	candidate_pending_human_review			plurality_violation	0	She does not tackle two football	do_negation	tackle	football	tackle	football	0.361	omitted	USF:Cue_Target_Pairs.T-Z:81	no	yes	yes	yes	no	yes	
CAND_GRAM_002556	plus	candidate_pending_human_review			plurality_violation	0	Every day she tackles two football	present_3s	tackles	football	tackle	football	0.361	omitted	USF:Cue_Target_Pairs.T-Z:81	no	yes	yes	yes	no	yes	
CAND_GRAM_002557	plus	candidate_pending_human_review			plurality_violation	0	Last week she tackled two football	simple_past	tackled	football	tackle	football	0.361	omitted	USF:Cue_Target_Pairs.T-Z:81	no	yes	yes	yes	no	yes	
CAND_GRAM_002558	plus	candidate_pending_human_review			plurality_violation	0	He is tackling two football	be_progressive	tackling	football	tackle	football	0.361	omitted	USF:Cue_Target_Pairs.T-Z:81	no	yes	yes	yes	no	yes	
CAND_GRAM_002559	plus	candidate_pending_human_review			plurality_violation	0	He does not tackle two football	do_negation	tackle	football	tackle	football	0.361	omitted	USF:Cue_Target_Pairs.T-Z:81	no	yes	yes	yes	no	yes	
CAND_GRAM_002560	plus	candidate_pending_human_review			plurality_violation	0	Every day he tackles two football	present_3s	tackles	football	tackle	football	0.361	omitted	USF:Cue_Target_Pairs.T-Z:81	no	yes	yes	yes	no	yes	
CAND_GRAM_002561	plus	candidate_pending_human_review			plurality_violation	0	Last week he tackled two football	simple_past	tackled	football	tackle	football	0.361	omitted	USF:Cue_Target_Pairs.T-Z:81	no	yes	yes	yes	no	yes	
CAND_GRAM_002562	plus	candidate_pending_human_review			plurality_violation	0	They are tackling two football	be_progressive	tackling	football	tackle	football	0.361	omitted	USF:Cue_Target_Pairs.T-Z:81	no	yes	yes	yes	no	yes	
CAND_GRAM_002563	plus	candidate_pending_human_review			plurality_violation	0	They do not tackle two football	do_negation	tackle	football	tackle	football	0.361	omitted	USF:Cue_Target_Pairs.T-Z:81	no	yes	yes	yes	no	yes	
CAND_GRAM_002564	plus	candidate_pending_human_review			plurality_violation	0	Every day they tackle two football	present_3s	tackle	football	tackle	football	0.361	omitted	USF:Cue_Target_Pairs.T-Z:81	no	yes	yes	yes	no	yes	
CAND_GRAM_002565	plus	candidate_pending_human_review			plurality_violation	0	Last week they tackled two football	simple_past	tackled	football	tackle	football	0.361	omitted	USF:Cue_Target_Pairs.T-Z:81	no	yes	yes	yes	no	yes	
CAND_GRAM_002566	plus	candidate_pending_human_review			plurality_violation	0	She is tackling three football	be_progressive	tackling	football	tackle	football	0.361	omitted	USF:Cue_Target_Pairs.T-Z:81	no	yes	yes	yes	no	yes	
CAND_GRAM_002567	plus	candidate_pending_human_review			plurality_violation	0	She does not tackle three football	do_negation	tackle	football	tackle	football	0.361	omitted	USF:Cue_Target_Pairs.T-Z:81	no	yes	yes	yes	no	yes	
CAND_GRAM_002568	plus	candidate_pending_human_review			plurality_violation	0	Every day she tackles three football	present_3s	tackles	football	tackle	football	0.361	omitted	USF:Cue_Target_Pairs.T-Z:81	no	yes	yes	yes	no	yes	
CAND_GRAM_002569	plus	candidate_pending_human_review			plurality_violation	0	Last week she tackled three football	simple_past	tackled	football	tackle	football	0.361	omitted	USF:Cue_Target_Pairs.T-Z:81	no	yes	yes	yes	no	yes	
CAND_GRAM_002570	plus	candidate_pending_human_review			plurality_violation	0	He is tackling three football	be_progressive	tackling	football	tackle	football	0.361	omitted	USF:Cue_Target_Pairs.T-Z:81	no	yes	yes	yes	no	yes	
CAND_GRAM_002571	plus	candidate_pending_human_review			plurality_violation	0	He does not tackle three football	do_negation	tackle	football	tackle	football	0.361	omitted	USF:Cue_Target_Pairs.T-Z:81	no	yes	yes	yes	no	yes	
CAND_GRAM_002572	plus	candidate_pending_human_review			plurality_violation	0	Every day he tackles three football	present_3s	tackles	football	tackle	football	0.361	omitted	USF:Cue_Target_Pairs.T-Z:81	no	yes	yes	yes	no	yes	
CAND_GRAM_002573	plus	candidate_pending_human_review			plurality_violation	0	Last week he tackled three football	simple_past	tackled	football	tackle	football	0.361	omitted	USF:Cue_Target_Pairs.T-Z:81	no	yes	yes	yes	no	yes	
CAND_GRAM_002574	plus	candidate_pending_human_review			plurality_violation	0	They are tackling three football	be_progressive	tackling	football	tackle	football	0.361	omitted	USF:Cue_Target_Pairs.T-Z:81	no	yes	yes	yes	no	yes	
CAND_GRAM_002575	plus	candidate_pending_human_review			plurality_violation	0	They do not tackle three football	do_negation	tackle	football	tackle	football	0.361	omitted	USF:Cue_Target_Pairs.T-Z:81	no	yes	yes	yes	no	yes	
CAND_GRAM_002576	plus	candidate_pending_human_review			plurality_violation	0	Every day they tackle three football	present_3s	tackle	football	tackle	football	0.361	omitted	USF:Cue_Target_Pairs.T-Z:81	no	yes	yes	yes	no	yes	
CAND_GRAM_002577	plus	candidate_pending_human_review			plurality_violation	0	Last week they tackled three football	simple_past	tackled	football	tackle	football	0.361	omitted	USF:Cue_Target_Pairs.T-Z:81	no	yes	yes	yes	no	yes	
CAND_GRAM_002578	plus	candidate_pending_human_review			plurality_violation	0	She is tackling four football	be_progressive	tackling	football	tackle	football	0.361	omitted	USF:Cue_Target_Pairs.T-Z:81	no	yes	yes	yes	no	yes	
CAND_GRAM_002579	plus	candidate_pending_human_review			plurality_violation	0	She does not tackle four football	do_negation	tackle	football	tackle	football	0.361	omitted	USF:Cue_Target_Pairs.T-Z:81	no	yes	yes	yes	no	yes	
CAND_GRAM_002580	plus	candidate_pending_human_review			plurality_violation	0	Every day she tackles four football	present_3s	tackles	football	tackle	football	0.361	omitted	USF:Cue_Target_Pairs.T-Z:81	no	yes	yes	yes	no	yes	
CAND_GRAM_002581	plus	candidate_pending_human_review			plurality_violation	0	Last week she tackled four football	simple_past	tackled	football	tackle	football	0.361	omitted	USF:Cue_Target_Pairs.T-Z:81	no	yes	yes	yes	no	yes	
CAND_GRAM_002582	plus	candidate_pending_human_review			plurality_violation	0	He is tackling four football	be_progressive	tackling	football	tackle	football	0.361	omitted	USF:Cue_Target_Pairs.T-Z:81	no	yes	yes	yes	no	yes	
CAND_GRAM_002583	plus	candidate_pending_human_review			plurality_violation	0	He does not tackle four football	do_negation	tackle	football	tackle	football	0.361	omitted	USF:Cue_Target_Pairs.T-Z:81	no	yes	yes	yes	no	yes	
CAND_GRAM_002584	plus	candidate_pending_human_review			plurality_violation	0	Every day he tackles four football	present_3s	tackles	football	tackle	football	0.361	omitted	USF:Cue_Target_Pairs.T-Z:81	no	yes	yes	yes	no	yes	
CAND_GRAM_002585	plus	candidate_pending_human_review			plurality_violation	0	Last week he tackled four football	simple_past	tackled	football	tackle	football	0.361	omitted	USF:Cue_Target_Pairs.T-Z:81	no	yes	yes	yes	no	yes	
CAND_GRAM_002586	plus	candidate_pending_human_review			plurality_violation	0	They are tackling four football	be_progressive	tackling	football	tackle	football	0.361	omitted	USF:Cue_Target_Pairs.T-Z:81	no	yes	yes	yes	no	yes	
CAND_GRAM_002587	plus	candidate_pending_human_review			plurality_violation	0	They do not tackle four football	do_negation	tackle	football	tackle	football	0.361	omitted	USF:Cue_Target_Pairs.T-Z:81	no	yes	yes	yes	no	yes	
CAND_GRAM_002588	plus	candidate_pending_human_review			plurality_violation	0	Every day they tackle four football	present_3s	tackle	football	tackle	football	0.361	omitted	USF:Cue_Target_Pairs.T-Z:81	no	yes	yes	yes	no	yes	
CAND_GRAM_002589	plus	candidate_pending_human_review			plurality_violation	0	Last week they tackled four football	simple_past	tackled	football	tackle	football	0.361	omitted	USF:Cue_Target_Pairs.T-Z:81	no	yes	yes	yes	no	yes	
CAND_GRAM_002590	plus	candidate_pending_human_review			plurality_violation	0	She is tackling five football	be_progressive	tackling	football	tackle	football	0.361	omitted	USF:Cue_Target_Pairs.T-Z:81	no	yes	yes	yes	no	yes	
CAND_GRAM_002591	plus	candidate_pending_human_review			plurality_violation	0	She does not tackle five football	do_negation	tackle	football	tackle	football	0.361	omitted	USF:Cue_Target_Pairs.T-Z:81	no	yes	yes	yes	no	yes	
CAND_GRAM_002592	plus	candidate_pending_human_review			plurality_violation	0	Every day she tackles five football	present_3s	tackles	football	tackle	football	0.361	omitted	USF:Cue_Target_Pairs.T-Z:81	no	yes	yes	yes	no	yes	
CAND_GRAM_002593	plus	candidate_pending_human_review			plurality_violation	0	Last week she tackled five football	simple_past	tackled	football	tackle	football	0.361	omitted	USF:Cue_Target_Pairs.T-Z:81	no	yes	yes	yes	no	yes	
CAND_GRAM_002594	plus	candidate_pending_human_review			plurality_violation	0	He is tackling five football	be_progressive	tackling	football	tackle	football	0.361	omitted	USF:Cue_Target_Pairs.T-Z:81	no	yes	yes	yes	no	yes	
CAND_GRAM_002595	plus	candidate_pending_human_review			plurality_violation	0	He does not tackle five football	do_negation	tackle	football	tackle	football	0.361	omitted	USF:Cue_Target_Pairs.T-Z:81	no	yes	yes	yes	no	yes	
CAND_GRAM_002596	plus	candidate_pending_human_review			plurality_violation	0	Every day he tackles five football	present_3s	tackles	football	tackle	football	0.361	omitted	USF:Cue_Target_Pairs.T-Z:81	no	yes	yes	yes	no	yes	
CAND_GRAM_002597	plus	candidate_pending_human_review			plurality_violation	0	Last week he tackled five football	simple_past	tackled	football	tackle	football	0.361	omitted	USF:Cue_Target_Pairs.T-Z:81	no	yes	yes	yes	no	yes	
CAND_GRAM_002598	plus	candidate_pending_human_review			plurality_violation	0	They are tackling five football	be_progressive	tackling	football	tackle	football	0.361	omitted	USF:Cue_Target_Pairs.T-Z:81	no	yes	yes	yes	no	yes	
CAND_GRAM_002599	plus	candidate_pending_human_review			plurality_violation	0	They do not tackle five football	do_negation	tackle	football	tackle	football	0.361	omitted	USF:Cue_Target_Pairs.T-Z:81	no	yes	yes	yes	no	yes	
CAND_GRAM_002600	plus	candidate_pending_human_review			plurality_violation	0	Every day they tackle five football	present_3s	tackle	football	tackle	football	0.361	omitted	USF:Cue_Target_Pairs.T-Z:81	no	yes	yes	yes	no	yes	
CAND_GRAM_002601	plus	candidate_pending_human_review			plurality_violation	0	Last week they tackled five football	simple_past	tackled	football	tackle	football	0.361	omitted	USF:Cue_Target_Pairs.T-Z:81	no	yes	yes	yes	no	yes	
CAND_GRAM_002602	plus	candidate_pending_human_review			plurality_violation	0	She is tackling six football	be_progressive	tackling	football	tackle	football	0.361	omitted	USF:Cue_Target_Pairs.T-Z:81	no	yes	yes	yes	no	yes	
CAND_GRAM_002603	plus	candidate_pending_human_review			plurality_violation	0	She does not tackle six football	do_negation	tackle	football	tackle	football	0.361	omitted	USF:Cue_Target_Pairs.T-Z:81	no	yes	yes	yes	no	yes	
CAND_GRAM_002604	plus	candidate_pending_human_review			plurality_violation	0	Every day she tackles six football	present_3s	tackles	football	tackle	football	0.361	omitted	USF:Cue_Target_Pairs.T-Z:81	no	yes	yes	yes	no	yes	
CAND_GRAM_002605	plus	candidate_pending_human_review			plurality_violation	0	Last week she tackled six football	simple_past	tackled	football	tackle	football	0.361	omitted	USF:Cue_Target_Pairs.T-Z:81	no	yes	yes	yes	no	yes	
CAND_GRAM_002606	plus	candidate_pending_human_review			plurality_violation	0	He is tackling six football	be_progressive	tackling	football	tackle	football	0.361	omitted	USF:Cue_Target_Pairs.T-Z:81	no	yes	yes	yes	no	yes	
CAND_GRAM_002607	plus	candidate_pending_human_review			plurality_violation	0	He does not tackle six football	do_negation	tackle	football	tackle	football	0.361	omitted	USF:Cue_Target_Pairs.T-Z:81	no	yes	yes	yes	no	yes	
CAND_GRAM_002608	plus	candidate_pending_human_review			plurality_violation	0	Every day he tackles six football	present_3s	tackles	football	tackle	football	0.361	omitted	USF:Cue_Target_Pairs.T-Z:81	no	yes	yes	yes	no	yes	
CAND_GRAM_002609	plus	candidate_pending_human_review			plurality_violation	0	Last week he tackled six football	simple_past	tackled	football	tackle	football	0.361	omitted	USF:Cue_Target_Pairs.T-Z:81	no	yes	yes	yes	no	yes	
CAND_GRAM_002610	plus	candidate_pending_human_review			plurality_violation	0	They are tackling six football	be_progressive	tackling	football	tackle	football	0.361	omitted	USF:Cue_Target_Pairs.T-Z:81	no	yes	yes	yes	no	yes	
CAND_GRAM_002611	plus	candidate_pending_human_review			plurality_violation	0	They do not tackle six football	do_negation	tackle	football	tackle	football	0.361	omitted	USF:Cue_Target_Pairs.T-Z:81	no	yes	yes	yes	no	yes	
CAND_GRAM_002612	plus	candidate_pending_human_review			plurality_violation	0	Every day they tackle six football	present_3s	tackle	football	tackle	football	0.361	omitted	USF:Cue_Target_Pairs.T-Z:81	no	yes	yes	yes	no	yes	
CAND_GRAM_002613	plus	candidate_pending_human_review			plurality_violation	0	Last week they tackled six football	simple_past	tackled	football	tackle	football	0.361	omitted	USF:Cue_Target_Pairs.T-Z:81	no	yes	yes	yes	no	yes	
CAND_GRAM_002614	plus	candidate_pending_human_review			plurality_violation	0	She is dumping one garbage	be_progressive	dumping	garbage	dump	garbage	0.326	added	USF:Cue_Target_Pairs.D-F:4061	no	yes	yes	yes	no	yes	
CAND_GRAM_002615	plus	candidate_pending_human_review			plurality_violation	0	She does not dump one garbage	do_negation	dump	garbage	dump	garbage	0.326	added	USF:Cue_Target_Pairs.D-F:4061	no	yes	yes	yes	no	yes	
CAND_GRAM_002616	plus	candidate_pending_human_review			plurality_violation	0	Every day she dumps one garbage	present_3s	dumps	garbage	dump	garbage	0.326	added	USF:Cue_Target_Pairs.D-F:4061	no	yes	yes	yes	no	yes	
CAND_GRAM_002617	plus	candidate_pending_human_review			plurality_violation	0	Last week she dumped one garbage	simple_past	dumped	garbage	dump	garbage	0.326	added	USF:Cue_Target_Pairs.D-F:4061	no	yes	yes	yes	no	yes	
CAND_GRAM_002618	plus	candidate_pending_human_review			plurality_violation	0	He is dumping one garbage	be_progressive	dumping	garbage	dump	garbage	0.326	added	USF:Cue_Target_Pairs.D-F:4061	no	yes	yes	yes	no	yes	
CAND_GRAM_002619	plus	candidate_pending_human_review			plurality_violation	0	He does not dump one garbage	do_negation	dump	garbage	dump	garbage	0.326	added	USF:Cue_Target_Pairs.D-F:4061	no	yes	yes	yes	no	yes	
CAND_GRAM_002620	plus	candidate_pending_human_review			plurality_violation	0	Every day he dumps one garbage	present_3s	dumps	garbage	dump	garbage	0.326	added	USF:Cue_Target_Pairs.D-F:4061	no	yes	yes	yes	no	yes	
CAND_GRAM_002621	plus	candidate_pending_human_review			plurality_violation	0	Last week he dumped one garbage	simple_past	dumped	garbage	dump	garbage	0.326	added	USF:Cue_Target_Pairs.D-F:4061	no	yes	yes	yes	no	yes	
CAND_GRAM_002622	plus	candidate_pending_human_review			plurality_violation	0	They are dumping one garbage	be_progressive	dumping	garbage	dump	garbage	0.326	added	USF:Cue_Target_Pairs.D-F:4061	no	yes	yes	yes	no	yes	
CAND_GRAM_002623	plus	candidate_pending_human_review			plurality_violation	0	They do not dump one garbage	do_negation	dump	garbage	dump	garbage	0.326	added	USF:Cue_Target_Pairs.D-F:4061	no	yes	yes	yes	no	yes	
CAND_GRAM_002624	plus	candidate_pending_human_review			plurality_violation	0	Every day they dump one garbage	present_3s	dump	garbage	dump	garbage	0.326	added	USF:Cue_Target_Pairs.D-F:4061	no	yes	yes	yes	no	yes	
CAND_GRAM_002625	plus	candidate_pending_human_review			plurality_violation	0	Last week they dumped one garbage	simple_past	dumped	garbage	dump	garbage	0.326	added	USF:Cue_Target_Pairs.D-F:4061	no	yes	yes	yes	no	yes	
CAND_GRAM_002626	plus	candidate_pending_human_review			plurality_violation	0	She is dumping two garbage	be_progressive	dumping	garbage	dump	garbage	0.326	omitted	USF:Cue_Target_Pairs.D-F:4061	no	yes	yes	yes	no	yes	
CAND_GRAM_002627	plus	candidate_pending_human_review			plurality_violation	0	She does not dump two garbage	do_negation	dump	garbage	dump	garbage	0.326	omitted	USF:Cue_Target_Pairs.D-F:4061	no	yes	yes	yes	no	yes	
CAND_GRAM_002628	plus	candidate_pending_human_review			plurality_violation	0	Every day she dumps two garbage	present_3s	dumps	garbage	dump	garbage	0.326	omitted	USF:Cue_Target_Pairs.D-F:4061	no	yes	yes	yes	no	yes	
CAND_GRAM_002629	plus	candidate_pending_human_review			plurality_violation	0	Last week she dumped two garbage	simple_past	dumped	garbage	dump	garbage	0.326	omitted	USF:Cue_Target_Pairs.D-F:4061	no	yes	yes	yes	no	yes	
CAND_GRAM_002630	plus	candidate_pending_human_review			plurality_violation	0	He is dumping two garbage	be_progressive	dumping	garbage	dump	garbage	0.326	omitted	USF:Cue_Target_Pairs.D-F:4061	no	yes	yes	yes	no	yes	
CAND_GRAM_002631	plus	candidate_pending_human_review			plurality_violation	0	He does not dump two garbage	do_negation	dump	garbage	dump	garbage	0.326	omitted	USF:Cue_Target_Pairs.D-F:4061	no	yes	yes	yes	no	yes	
CAND_GRAM_002632	plus	candidate_pending_human_review			plurality_violation	0	Every day he dumps two garbage	present_3s	dumps	garbage	dump	garbage	0.326	omitted	USF:Cue_Target_Pairs.D-F:4061	no	yes	yes	yes	no	yes	
CAND_GRAM_002633	plus	candidate_pending_human_review			plurality_violation	0	Last week he dumped two garbage	simple_past	dumped	garbage	dump	garbage	0.326	omitted	USF:Cue_Target_Pairs.D-F:4061	no	yes	yes	yes	no	yes	
CAND_GRAM_002634	plus	candidate_pending_human_review			plurality_violation	0	They are dumping two garbage	be_progressive	dumping	garbage	dump	garbage	0.326	omitted	USF:Cue_Target_Pairs.D-F:4061	no	yes	yes	yes	no	yes	
CAND_GRAM_002635	plus	candidate_pending_human_review			plurality_violation	0	They do not dump two garbage	do_negation	dump	garbage	dump	garbage	0.326	omitted	USF:Cue_Target_Pairs.D-F:4061	no	yes	yes	yes	no	yes	
CAND_GRAM_002636	plus	candidate_pending_human_review			plurality_violation	0	Every day they dump two garbage	present_3s	dump	garbage	dump	garbage	0.326	omitted	USF:Cue_Target_Pairs.D-F:4061	no	yes	yes	yes	no	yes	
CAND_GRAM_002637	plus	candidate_pending_human_review			plurality_violation	0	Last week they dumped two garbage	simple_past	dumped	garbage	dump	garbage	0.326	omitted	USF:Cue_Target_Pairs.D-F:4061	no	yes	yes	yes	no	yes	
CAND_GRAM_002638	plus	candidate_pending_human_review			plurality_violation	0	She is dumping three garbage	be_progressive	dumping	garbage	dump	garbage	0.326	omitted	USF:Cue_Target_Pairs.D-F:4061	no	yes	yes	yes	no	yes	
CAND_GRAM_002639	plus	candidate_pending_human_review			plurality_violation	0	She does not dump three garbage	do_negation	dump	garbage	dump	garbage	0.326	omitted	USF:Cue_Target_Pairs.D-F:4061	no	yes	yes	yes	no	yes	
CAND_GRAM_002640	plus	candidate_pending_human_review			plurality_violation	0	Every day she dumps three garbage	present_3s	dumps	garbage	dump	garbage	0.326	omitted	USF:Cue_Target_Pairs.D-F:4061	no	yes	yes	yes	no	yes	
CAND_GRAM_002641	plus	candidate_pending_human_review			plurality_violation	0	Last week she dumped three garbage	simple_past	dumped	garbage	dump	garbage	0.326	omitted	USF:Cue_Target_Pairs.D-F:4061	no	yes	yes	yes	no	yes	
CAND_GRAM_002642	plus	candidate_pending_human_review			plurality_violation	0	He is dumping three garbage	be_progressive	dumping	garbage	dump	garbage	0.326	omitted	USF:Cue_Target_Pairs.D-F:4061	no	yes	yes	yes	no	yes	
CAND_GRAM_002643	plus	candidate_pending_human_review			plurality_violation	0	He does not dump three garbage	do_negation	dump	garbage	dump	garbage	0.326	omitted	USF:Cue_Target_Pairs.D-F:4061	no	yes	yes	yes	no	yes	
CAND_GRAM_002644	plus	candidate_pending_human_review			plurality_violation	0	Every day he dumps three garbage	present_3s	dumps	garbage	dump	garbage	0.326	omitted	USF:Cue_Target_Pairs.D-F:4061	no	yes	yes	yes	no	yes	
CAND_GRAM_002645	plus	candidate_pending_human_review			plurality_violation	0	Last week he dumped three garbage	simple_past	dumped	garbage	dump	garbage	0.326	omitted	USF:Cue_Target_Pairs.D-F:4061	no	yes	yes	yes	no	yes	
CAND_GRAM_002646	plus	candidate_pending_human_review			plurality_violation	0	They are dumping three garbage	be_progressive	dumping	garbage	dump	garbage	0.326	omitted	USF:Cue_Target_Pairs.D-F:4061	no	yes	yes	yes	no	yes	
CAND_GRAM_002647	plus	candidate_pending_human_review			plurality_violation	0	They do not dump three garbage	do_negation	dump	garbage	dump	garbage	0.326	omitted	USF:Cue_Target_Pairs.D-F:4061	no	yes	yes	yes	no	yes	
CAND_GRAM_002648	plus	candidate_pending_human_review			plurality_violation	0	Every day they dump three garbage	present_3s	dump	garbage	dump	garbage	0.326	omitted	USF:Cue_Target_Pairs.D-F:4061	no	yes	yes	yes	no	yes	
CAND_GRAM_002649	plus	candidate_pending_human_review			plurality_violation	0	Last week they dumped three garbage	simple_past	dumped	garbage	dump	garbage	0.326	omitted	USF:Cue_Target_Pairs.D-F:4061	no	yes	yes	yes	no	yes	
CAND_GRAM_002650	plus	candidate_pending_human_review			plurality_violation	0	She is dumping four garbage	be_progressive	dumping	garbage	dump	garbage	0.326	omitted	USF:Cue_Target_Pairs.D-F:4061	no	yes	yes	yes	no	yes	
CAND_GRAM_002651	plus	candidate_pending_human_review			plurality_violation	0	She does not dump four garbage	do_negation	dump	garbage	dump	garbage	0.326	omitted	USF:Cue_Target_Pairs.D-F:4061	no	yes	yes	yes	no	yes	
CAND_GRAM_002652	plus	candidate_pending_human_review			plurality_violation	0	Every day she dumps four garbage	present_3s	dumps	garbage	dump	garbage	0.326	omitted	USF:Cue_Target_Pairs.D-F:4061	no	yes	yes	yes	no	yes	
CAND_GRAM_002653	plus	candidate_pending_human_review			plurality_violation	0	Last week she dumped four garbage	simple_past	dumped	garbage	dump	garbage	0.326	omitted	USF:Cue_Target_Pairs.D-F:4061	no	yes	yes	yes	no	yes	
CAND_GRAM_002654	plus	candidate_pending_human_review			plurality_violation	0	He is dumping four garbage	be_progressive	dumping	garbage	dump	garbage	0.326	omitted	USF:Cue_Target_Pairs.D-F:4061	no	yes	yes	yes	no	yes	
CAND_GRAM_002655	plus	candidate_pending_human_review			plurality_violation	0	He does not dump four garbage	do_negation	dump	garbage	dump	garbage	0.326	omitted	USF:Cue_Target_Pairs.D-F:4061	no	yes	yes	yes	no	yes	
CAND_GRAM_002656	plus	candidate_pending_human_review			plurality_violation	0	Every day he dumps four garbage	present_3s	dumps	garbage	dump	garbage	0.326	omitted	USF:Cue_Target_Pairs.D-F:4061	no	yes	yes	yes	no	yes	
CAND_GRAM_002657	plus	candidate_pending_human_review			plurality_violation	0	Last week he dumped four garbage	simple_past	dumped	garbage	dump	garbage	0.326	omitted	USF:Cue_Target_Pairs.D-F:4061	no	yes	yes	yes	no	yes	
CAND_GRAM_002658	plus	candidate_pending_human_review			plurality_violation	0	They are dumping four garbage	be_progressive	dumping	garbage	dump	garbage	0.326	omitted	USF:Cue_Target_Pairs.D-F:4061	no	yes	yes	yes	no	yes	
CAND_GRAM_002659	plus	candidate_pending_human_review			plurality_violation	0	They do not dump four garbage	do_negation	dump	garbage	dump	garbage	0.326	omitted	USF:Cue_Target_Pairs.D-F:4061	no	yes	yes	yes	no	yes	
CAND_GRAM_002660	plus	candidate_pending_human_review			plurality_violation	0	Every day they dump four garbage	present_3s	dump	garbage	dump	garbage	0.326	omitted	USF:Cue_Target_Pairs.D-F:4061	no	yes	yes	yes	no	yes	
CAND_GRAM_002661	plus	candidate_pending_human_review			plurality_violation	0	Last week they dumped four garbage	simple_past	dumped	garbage	dump	garbage	0.326	omitted	USF:Cue_Target_Pairs.D-F:4061	no	yes	yes	yes	no	yes	
CAND_GRAM_002662	plus	candidate_pending_human_review			plurality_violation	0	She is dumping five garbage	be_progressive	dumping	garbage	dump	garbage	0.326	omitted	USF:Cue_Target_Pairs.D-F:4061	no	yes	yes	yes	no	yes	
CAND_GRAM_002663	plus	candidate_pending_human_review			plurality_violation	0	She does not dump five garbage	do_negation	dump	garbage	dump	garbage	0.326	omitted	USF:Cue_Target_Pairs.D-F:4061	no	yes	yes	yes	no	yes	
CAND_GRAM_002664	plus	candidate_pending_human_review			plurality_violation	0	Every day she dumps five garbage	present_3s	dumps	garbage	dump	garbage	0.326	omitted	USF:Cue_Target_Pairs.D-F:4061	no	yes	yes	yes	no	yes	
CAND_GRAM_002665	plus	candidate_pending_human_review			plurality_violation	0	Last week she dumped five garbage	simple_past	dumped	garbage	dump	garbage	0.326	omitted	USF:Cue_Target_Pairs.D-F:4061	no	yes	yes	yes	no	yes	
CAND_GRAM_002666	plus	candidate_pending_human_review			plurality_violation	0	He is dumping five garbage	be_progressive	dumping	garbage	dump	garbage	0.326	omitted	USF:Cue_Target_Pairs.D-F:4061	no	yes	yes	yes	no	yes	
CAND_GRAM_002667	plus	candidate_pending_human_review			plurality_violation	0	He does not dump five garbage	do_negation	dump	garbage	dump	garbage	0.326	omitted	USF:Cue_Target_Pairs.D-F:4061	no	yes	yes	yes	no	yes	
CAND_GRAM_002668	plus	candidate_pending_human_review			plurality_violation	0	Every day he dumps five garbage	present_3s	dumps	garbage	dump	garbage	0.326	omitted	USF:Cue_Target_Pairs.D-F:4061	no	yes	yes	yes	no	yes	
CAND_GRAM_002669	plus	candidate_pending_human_review			plurality_violation	0	Last week he dumped five garbage	simple_past	dumped	garbage	dump	garbage	0.326	omitted	USF:Cue_Target_Pairs.D-F:4061	no	yes	yes	yes	no	yes	
CAND_GRAM_002670	plus	candidate_pending_human_review			plurality_violation	0	They are dumping five garbage	be_progressive	dumping	garbage	dump	garbage	0.326	omitted	USF:Cue_Target_Pairs.D-F:4061	no	yes	yes	yes	no	yes	
CAND_GRAM_002671	plus	candidate_pending_human_review			plurality_violation	0	They do not dump five garbage	do_negation	dump	garbage	dump	garbage	0.326	omitted	USF:Cue_Target_Pairs.D-F:4061	no	yes	yes	yes	no	yes	
CAND_GRAM_002672	plus	candidate_pending_human_review			plurality_violation	0	Every day they dump five garbage	present_3s	dump	garbage	dump	garbage	0.326	omitted	USF:Cue_Target_Pairs.D-F:4061	no	yes	yes	yes	no	yes	
CAND_GRAM_002673	plus	candidate_pending_human_review			plurality_violation	0	Last week they dumped five garbage	simple_past	dumped	garbage	dump	garbage	0.326	omitted	USF:Cue_Target_Pairs.D-F:4061	no	yes	yes	yes	no	yes	
CAND_GRAM_002674	plus	candidate_pending_human_review			plurality_violation	0	She is dumping six garbage	be_progressive	dumping	garbage	dump	garbage	0.326	omitted	USF:Cue_Target_Pairs.D-F:4061	no	yes	yes	yes	no	yes	
CAND_GRAM_002675	plus	candidate_pending_human_review			plurality_violation	0	She does not dump six garbage	do_negation	dump	garbage	dump	garbage	0.326	omitted	USF:Cue_Target_Pairs.D-F:4061	no	yes	yes	yes	no	yes	
CAND_GRAM_002676	plus	candidate_pending_human_review			plurality_violation	0	Every day she dumps six garbage	present_3s	dumps	garbage	dump	garbage	0.326	omitted	USF:Cue_Target_Pairs.D-F:4061	no	yes	yes	yes	no	yes	
CAND_GRAM_002677	plus	candidate_pending_human_review			plurality_violation	0	Last week she dumped six garbage	simple_past	dumped	garbage	dump	garbage	0.326	omitted	USF:Cue_Target_Pairs.D-F:4061	no	yes	yes	yes	no	yes	
CAND_GRAM_002678	plus	candidate_pending_human_review			plurality_violation	0	He is dumping six garbage	be_progressive	dumping	garbage	dump	garbage	0.326	omitted	USF:Cue_Target_Pairs.D-F:4061	no	yes	yes	yes	no	yes	
CAND_GRAM_002679	plus	candidate_pending_human_review			plurality_violation	0	He does not dump six garbage	do_negation	dump	garbage	dump	garbage	0.326	omitted	USF:Cue_Target_Pairs.D-F:4061	no	yes	yes	yes	no	yes	
CAND_GRAM_002680	plus	candidate_pending_human_review			plurality_violation	0	Every day he dumps six garbage	present_3s	dumps	garbage	dump	garbage	0.326	omitted	USF:Cue_Target_Pairs.D-F:4061	no	yes	yes	yes	no	yes	
CAND_GRAM_002681	plus	candidate_pending_human_review			plurality_violation	0	Last week he dumped six garbage	simple_past	dumped	garbage	dump	garbage	0.326	omitted	USF:Cue_Target_Pairs.D-F:4061	no	yes	yes	yes	no	yes	
CAND_GRAM_002682	plus	candidate_pending_human_review			plurality_violation	0	They are dumping six garbage	be_progressive	dumping	garbage	dump	garbage	0.326	omitted	USF:Cue_Target_Pairs.D-F:4061	no	yes	yes	yes	no	yes	
CAND_GRAM_002683	plus	candidate_pending_human_review			plurality_violation	0	They do not dump six garbage	do_negation	dump	garbage	dump	garbage	0.326	omitted	USF:Cue_Target_Pairs.D-F:4061	no	yes	yes	yes	no	yes	
CAND_GRAM_002684	plus	candidate_pending_human_review			plurality_violation	0	Every day they dump six garbage	present_3s	dump	garbage	dump	garbage	0.326	omitted	USF:Cue_Target_Pairs.D-F:4061	no	yes	yes	yes	no	yes	
CAND_GRAM_002685	plus	candidate_pending_human_review			plurality_violation	0	Last week they dumped six garbage	simple_past	dumped	garbage	dump	garbage	0.326	omitted	USF:Cue_Target_Pairs.D-F:4061	no	yes	yes	yes	no	yes	
CAND_GRAM_002686	plus	candidate_pending_human_review			plurality_violation	0	She is repairing one televisions	be_progressive	repairing	televisions	repair	television	0.022	added	USF:Cue_Target_Pairs.P-R:7948	no	yes	yes	yes	no	yes	
CAND_GRAM_002687	plus	candidate_pending_human_review			plurality_violation	0	She does not repair one televisions	do_negation	repair	televisions	repair	television	0.022	added	USF:Cue_Target_Pairs.P-R:7948	no	yes	yes	yes	no	yes	
CAND_GRAM_002688	plus	candidate_pending_human_review			plurality_violation	0	Every day she repairs one televisions	present_3s	repairs	televisions	repair	television	0.022	added	USF:Cue_Target_Pairs.P-R:7948	no	yes	yes	yes	no	yes	
CAND_GRAM_002689	plus	candidate_pending_human_review			plurality_violation	0	Last week she repaired one televisions	simple_past	repaired	televisions	repair	television	0.022	added	USF:Cue_Target_Pairs.P-R:7948	no	yes	yes	yes	no	yes	
CAND_GRAM_002690	plus	candidate_pending_human_review			plurality_violation	0	He is repairing one televisions	be_progressive	repairing	televisions	repair	television	0.022	added	USF:Cue_Target_Pairs.P-R:7948	no	yes	yes	yes	no	yes	
CAND_GRAM_002691	plus	candidate_pending_human_review			plurality_violation	0	He does not repair one televisions	do_negation	repair	televisions	repair	television	0.022	added	USF:Cue_Target_Pairs.P-R:7948	no	yes	yes	yes	no	yes	
CAND_GRAM_002692	plus	candidate_pending_human_review			plurality_violation	0	Every day he repairs one televisions	present_3s	repairs	televisions	repair	television	0.022	added	USF:Cue_Target_Pairs.P-R:7948	no	yes	yes	yes	no	yes	
CAND_GRAM_002693	plus	candidate_pending_human_review			plurality_violation	0	Last week he repaired one televisions	simple_past	repaired	televisions	repair	television	0.022	added	USF:Cue_Target_Pairs.P-R:7948	no	yes	yes	yes	no	yes	
CAND_GRAM_002694	plus	candidate_pending_human_review			plurality_violation	0	They are repairing one televisions	be_progressive	repairing	televisions	repair	television	0.022	added	USF:Cue_Target_Pairs.P-R:7948	no	yes	yes	yes	no	yes	
CAND_GRAM_002695	plus	candidate_pending_human_review			plurality_violation	0	They do not repair one televisions	do_negation	repair	televisions	repair	television	0.022	added	USF:Cue_Target_Pairs.P-R:7948	no	yes	yes	yes	no	yes	
CAND_GRAM_002696	plus	candidate_pending_human_review			plurality_violation	0	Every day they repair one televisions	present_3s	repair	televisions	repair	television	0.022	added	USF:Cue_Target_Pairs.P-R:7948	no	yes	yes	yes	no	yes	
CAND_GRAM_002697	plus	candidate_pending_human_review			plurality_violation	0	Last week they repaired one televisions	simple_past	repaired	televisions	repair	television	0.022	added	USF:Cue_Target_Pairs.P-R:7948	no	yes	yes	yes	no	yes	
CAND_GRAM_002698	plus	candidate_pending_human_review			plurality_violation	0	She is repairing two television	be_progressive	repairing	television	repair	television	0.022	omitted	USF:Cue_Target_Pairs.P-R:7948	no	yes	yes	yes	no	yes	
CAND_GRAM_002699	plus	candidate_pending_human_review			plurality_violation	0	She does not repair two television	do_negation	repair	television	repair	television	0.022	omitted	USF:Cue_Target_Pairs.P-R:7948	no	yes	yes	yes	no	yes	
CAND_GRAM_002700	plus	candidate_pending_human_review			plurality_violation	0	Every day she repairs two television	present_3s	repairs	television	repair	television	0.022	omitted	USF:Cue_Target_Pairs.P-R:7948	no	yes	yes	yes	no	yes	
CAND_GRAM_002701	plus	candidate_pending_human_review			plurality_violation	0	Last week she repaired two television	simple_past	repaired	television	repair	television	0.022	omitted	USF:Cue_Target_Pairs.P-R:7948	no	yes	yes	yes	no	yes	
CAND_GRAM_002702	plus	candidate_pending_human_review			plurality_violation	0	He is repairing two television	be_progressive	repairing	television	repair	television	0.022	omitted	USF:Cue_Target_Pairs.P-R:7948	no	yes	yes	yes	no	yes	
CAND_GRAM_002703	plus	candidate_pending_human_review			plurality_violation	0	He does not repair two television	do_negation	repair	television	repair	television	0.022	omitted	USF:Cue_Target_Pairs.P-R:7948	no	yes	yes	yes	no	yes	
CAND_GRAM_002704	plus	candidate_pending_human_review			plurality_violation	0	Every day he repairs two television	present_3s	repairs	television	repair	television	0.022	omitted	USF:Cue_Target_Pairs.P-R:7948	no	yes	yes	yes	no	yes	
CAND_GRAM_002705	plus	candidate_pending_human_review			plurality_violation	0	Last week he repaired two television	simple_past	repaired	television	repair	television	0.022	omitted	USF:Cue_Target_Pairs.P-R:7948	no	yes	yes	yes	no	yes	
CAND_GRAM_002706	plus	candidate_pending_human_review			plurality_violation	0	They are repairing two television	be_progressive	repairing	television	repair	television	0.022	omitted	USF:Cue_Target_Pairs.P-R:7948	no	yes	yes	yes	no	yes	
CAND_GRAM_002707	plus	candidate_pending_human_review			plurality_violation	0	They do not repair two television	do_negation	repair	television	repair	television	0.022	omitted	USF:Cue_Target_Pairs.P-R:7948	no	yes	yes	yes	no	yes	
CAND_GRAM_002708	plus	candidate_pending_human_review			plurality_violation	0	Every day they repair two television	present_3s	repair	television	repair	television	0.022	omitted	USF:Cue_Target_Pairs.P-R:7948	no	yes	yes	yes	no	yes	
CAND_GRAM_002709	plus	candidate_pending_human_review			plurality_violation	0	Last week they repaired two television	simple_past	repaired	television	repair	television	0.022	omitted	USF:Cue_Target_Pairs.P-R:7948	no	yes	yes	yes	no	yes	
CAND_GRAM_002710	plus	candidate_pending_human_review			plurality_violation	0	She is repairing three television	be_progressive	repairing	television	repair	television	0.022	omitted	USF:Cue_Target_Pairs.P-R:7948	no	yes	yes	yes	no	yes	
CAND_GRAM_002711	plus	candidate_pending_human_review			plurality_violation	0	She does not repair three television	do_negation	repair	television	repair	television	0.022	omitted	USF:Cue_Target_Pairs.P-R:7948	no	yes	yes	yes	no	yes	
CAND_GRAM_002712	plus	candidate_pending_human_review			plurality_violation	0	Every day she repairs three television	present_3s	repairs	television	repair	television	0.022	omitted	USF:Cue_Target_Pairs.P-R:7948	no	yes	yes	yes	no	yes	
CAND_GRAM_002713	plus	candidate_pending_human_review			plurality_violation	0	Last week she repaired three television	simple_past	repaired	television	repair	television	0.022	omitted	USF:Cue_Target_Pairs.P-R:7948	no	yes	yes	yes	no	yes	
CAND_GRAM_002714	plus	candidate_pending_human_review			plurality_violation	0	He is repairing three television	be_progressive	repairing	television	repair	television	0.022	omitted	USF:Cue_Target_Pairs.P-R:7948	no	yes	yes	yes	no	yes	
CAND_GRAM_002715	plus	candidate_pending_human_review			plurality_violation	0	He does not repair three television	do_negation	repair	television	repair	television	0.022	omitted	USF:Cue_Target_Pairs.P-R:7948	no	yes	yes	yes	no	yes	
CAND_GRAM_002716	plus	candidate_pending_human_review			plurality_violation	0	Every day he repairs three television	present_3s	repairs	television	repair	television	0.022	omitted	USF:Cue_Target_Pairs.P-R:7948	no	yes	yes	yes	no	yes	
CAND_GRAM_002717	plus	candidate_pending_human_review			plurality_violation	0	Last week he repaired three television	simple_past	repaired	television	repair	television	0.022	omitted	USF:Cue_Target_Pairs.P-R:7948	no	yes	yes	yes	no	yes	
CAND_GRAM_002718	plus	candidate_pending_human_review			plurality_violation	0	They are repairing three television	be_progressive	repairing	television	repair	television	0.022	omitted	USF:Cue_Target_Pairs.P-R:7948	no	yes	yes	yes	no	yes	
CAND_GRAM_002719	plus	candidate_pending_human_review			plurality_violation	0	They do not repair three television	do_negation	repair	television	repair	television	0.022	omitted	USF:Cue_Target_Pairs.P-R:7948	no	yes	yes	yes	no	yes	
CAND_GRAM_002720	plus	candidate_pending_human_review			plurality_violation	0	Every day they repair three television	present_3s	repair	television	repair	television	0.022	omitted	USF:Cue_Target_Pairs.P-R:7948	no	yes	yes	yes	no	yes	
CAND_GRAM_002721	plus	candidate_pending_human_review			plurality_violation	0	Last week they repaired three television	simple_past	repaired	television	repair	television	0.022	omitted	USF:Cue_Target_Pairs.P-R:7948	no	yes	yes	yes	no	yes	
CAND_GRAM_002722	plus	candidate_pending_human_review			plurality_violation	0	She is repairing four television	be_progressive	repairing	television	repair	television	0.022	omitted	USF:Cue_Target_Pairs.P-R:7948	no	yes	yes	yes	no	yes	
CAND_GRAM_002723	plus	candidate_pending_human_review			plurality_violation	0	She does not repair four television	do_negation	repair	television	repair	television	0.022	omitted	USF:Cue_Target_Pairs.P-R:7948	no	yes	yes	yes	no	yes	
CAND_GRAM_002724	plus	candidate_pending_human_review			plurality_violation	0	Every day she repairs four television	present_3s	repairs	television	repair	television	0.022	omitted	USF:Cue_Target_Pairs.P-R:7948	no	yes	yes	yes	no	yes	
CAND_GRAM_002725	plus	candidate_pending_human_review			plurality_violation	0	Last week she repaired four television	simple_past	repaired	television	repair	television	0.022	omitted	USF:Cue_Target_Pairs.P-R:7948	no	yes	yes	yes	no	yes	
CAND_GRAM_002726	plus	candidate_pending_human_review			plurality_violation	0	He is repairing four television	be_progressive	repairing	television	repair	television	0.022	omitted	USF:Cue_Target_Pairs.P-R:7948	no	yes	yes	yes	no	yes	
CAND_GRAM_002727	plus	candidate_pending_human_review			plurality_violation	0	He does not repair four television	do_negation	repair	television	repair	television	0.022	omitted	USF:Cue_Target_Pairs.P-R:7948	no	yes	yes	yes	no	yes	
CAND_GRAM_002728	plus	candidate_pending_human_review			plurality_violation	0	Every day he repairs four television	present_3s	repairs	television	repair	television	0.022	omitted	USF:Cue_Target_Pairs.P-R:7948	no	yes	yes	yes	no	yes	
CAND_GRAM_002729	plus	candidate_pending_human_review			plurality_violation	0	Last week he repaired four television	simple_past	repaired	television	repair	television	0.022	omitted	USF:Cue_Target_Pairs.P-R:7948	no	yes	yes	yes	no	yes	
CAND_GRAM_002730	plus	candidate_pending_human_review			plurality_violation	0	They are repairing four television	be_progressive	repairing	television	repair	television	0.022	omitted	USF:Cue_Target_Pairs.P-R:7948	no	yes	yes	yes	no	yes	
CAND_GRAM_002731	plus	candidate_pending_human_review			plurality_violation	0	They do not repair four television	do_negation	repair	television	repair	television	0.022	omitted	USF:Cue_Target_Pairs.P-R:7948	no	yes	yes	yes	no	yes	
CAND_GRAM_002732	plus	candidate_pending_human_review			plurality_violation	0	Every day they repair four television	present_3s	repair	television	repair	television	0.022	omitted	USF:Cue_Target_Pairs.P-R:7948	no	yes	yes	yes	no	yes	
CAND_GRAM_002733	plus	candidate_pending_human_review			plurality_violation	0	Last week they repaired four television	simple_past	repaired	television	repair	television	0.022	omitted	USF:Cue_Target_Pairs.P-R:7948	no	yes	yes	yes	no	yes	
CAND_GRAM_002734	plus	candidate_pending_human_review			plurality_violation	0	She is repairing five television	be_progressive	repairing	television	repair	television	0.022	omitted	USF:Cue_Target_Pairs.P-R:7948	no	yes	yes	yes	no	yes	
CAND_GRAM_002735	plus	candidate_pending_human_review			plurality_violation	0	She does not repair five television	do_negation	repair	television	repair	television	0.022	omitted	USF:Cue_Target_Pairs.P-R:7948	no	yes	yes	yes	no	yes	
CAND_GRAM_002736	plus	candidate_pending_human_review			plurality_violation	0	Every day she repairs five television	present_3s	repairs	television	repair	television	0.022	omitted	USF:Cue_Target_Pairs.P-R:7948	no	yes	yes	yes	no	yes	
CAND_GRAM_002737	plus	candidate_pending_human_review			plurality_violation	0	Last week she repaired five television	simple_past	repaired	television	repair	television	0.022	omitted	USF:Cue_Target_Pairs.P-R:7948	no	yes	yes	yes	no	yes	
CAND_GRAM_002738	plus	candidate_pending_human_review			plurality_violation	0	He is repairing five television	be_progressive	repairing	television	repair	television	0.022	omitted	USF:Cue_Target_Pairs.P-R:7948	no	yes	yes	yes	no	yes	
CAND_GRAM_002739	plus	candidate_pending_human_review			plurality_violation	0	He does not repair five television	do_negation	repair	television	repair	television	0.022	omitted	USF:Cue_Target_Pairs.P-R:7948	no	yes	yes	yes	no	yes	
CAND_GRAM_002740	plus	candidate_pending_human_review			plurality_violation	0	Every day he repairs five television	present_3s	repairs	television	repair	television	0.022	omitted	USF:Cue_Target_Pairs.P-R:7948	no	yes	yes	yes	no	yes	
CAND_GRAM_002741	plus	candidate_pending_human_review			plurality_violation	0	Last week he repaired five television	simple_past	repaired	television	repair	television	0.022	omitted	USF:Cue_Target_Pairs.P-R:7948	no	yes	yes	yes	no	yes	
CAND_GRAM_002742	plus	candidate_pending_human_review			plurality_violation	0	They are repairing five television	be_progressive	repairing	television	repair	television	0.022	omitted	USF:Cue_Target_Pairs.P-R:7948	no	yes	yes	yes	no	yes	
CAND_GRAM_002743	plus	candidate_pending_human_review			plurality_violation	0	They do not repair five television	do_negation	repair	television	repair	television	0.022	omitted	USF:Cue_Target_Pairs.P-R:7948	no	yes	yes	yes	no	yes	
CAND_GRAM_002744	plus	candidate_pending_human_review			plurality_violation	0	Every day they repair five television	present_3s	repair	television	repair	television	0.022	omitted	USF:Cue_Target_Pairs.P-R:7948	no	yes	yes	yes	no	yes	
CAND_GRAM_002745	plus	candidate_pending_human_review			plurality_violation	0	Last week they repaired five television	simple_past	repaired	television	repair	television	0.022	omitted	USF:Cue_Target_Pairs.P-R:7948	no	yes	yes	yes	no	yes	
CAND_GRAM_002746	plus	candidate_pending_human_review			plurality_violation	0	She is repairing six television	be_progressive	repairing	television	repair	television	0.022	omitted	USF:Cue_Target_Pairs.P-R:7948	no	yes	yes	yes	no	yes	
CAND_GRAM_002747	plus	candidate_pending_human_review			plurality_violation	0	She does not repair six television	do_negation	repair	television	repair	television	0.022	omitted	USF:Cue_Target_Pairs.P-R:7948	no	yes	yes	yes	no	yes	
CAND_GRAM_002748	plus	candidate_pending_human_review			plurality_violation	0	Every day she repairs six television	present_3s	repairs	television	repair	television	0.022	omitted	USF:Cue_Target_Pairs.P-R:7948	no	yes	yes	yes	no	yes	
CAND_GRAM_002749	plus	candidate_pending_human_review			plurality_violation	0	Last week she repaired six television	simple_past	repaired	television	repair	television	0.022	omitted	USF:Cue_Target_Pairs.P-R:7948	no	yes	yes	yes	no	yes	
CAND_GRAM_002750	plus	candidate_pending_human_review			plurality_violation	0	He is repairing six television	be_progressive	repairing	television	repair	television	0.022	omitted	USF:Cue_Target_Pairs.P-R:7948	no	yes	yes	yes	no	yes	
CAND_GRAM_002751	plus	candidate_pending_human_review			plurality_violation	0	He does not repair six television	do_negation	repair	television	repair	television	0.022	omitted	USF:Cue_Target_Pairs.P-R:7948	no	yes	yes	yes	no	yes	
CAND_GRAM_002752	plus	candidate_pending_human_review			plurality_violation	0	Every day he repairs six television	present_3s	repairs	television	repair	television	0.022	omitted	USF:Cue_Target_Pairs.P-R:7948	no	yes	yes	yes	no	yes	
CAND_GRAM_002753	plus	candidate_pending_human_review			plurality_violation	0	Last week he repaired six television	simple_past	repaired	television	repair	television	0.022	omitted	USF:Cue_Target_Pairs.P-R:7948	no	yes	yes	yes	no	yes	
CAND_GRAM_002754	plus	candidate_pending_human_review			plurality_violation	0	They are repairing six television	be_progressive	repairing	television	repair	television	0.022	omitted	USF:Cue_Target_Pairs.P-R:7948	no	yes	yes	yes	no	yes	
CAND_GRAM_002755	plus	candidate_pending_human_review			plurality_violation	0	They do not repair six television	do_negation	repair	television	repair	television	0.022	omitted	USF:Cue_Target_Pairs.P-R:7948	no	yes	yes	yes	no	yes	
CAND_GRAM_002756	plus	candidate_pending_human_review			plurality_violation	0	Every day they repair six television	present_3s	repair	television	repair	television	0.022	omitted	USF:Cue_Target_Pairs.P-R:7948	no	yes	yes	yes	no	yes	
CAND_GRAM_002757	plus	candidate_pending_human_review			plurality_violation	0	Last week they repaired six television	simple_past	repaired	television	repair	television	0.022	omitted	USF:Cue_Target_Pairs.P-R:7948	no	yes	yes	yes	no	yes	
CAND_GRAM_002758	plus	candidate_pending_human_review			plurality_violation	0	She is envying one jealousies	be_progressive	envying	jealousies	envy	jealousy	0.513	added	USF:Cue_Target_Pairs.D-F:5486	no	yes	yes	yes	no	yes	
CAND_GRAM_002759	plus	candidate_pending_human_review			plurality_violation	0	She does not envy one jealousies	do_negation	envy	jealousies	envy	jealousy	0.513	added	USF:Cue_Target_Pairs.D-F:5486	no	yes	yes	yes	no	yes	
CAND_GRAM_002760	plus	candidate_pending_human_review			plurality_violation	0	Every day she envies one jealousies	present_3s	envies	jealousies	envy	jealousy	0.513	added	USF:Cue_Target_Pairs.D-F:5486	no	yes	yes	yes	no	yes	
CAND_GRAM_002761	plus	candidate_pending_human_review			plurality_violation	0	Last week she envied one jealousies	simple_past	envied	jealousies	envy	jealousy	0.513	added	USF:Cue_Target_Pairs.D-F:5486	no	yes	yes	yes	no	yes	
CAND_GRAM_002762	plus	candidate_pending_human_review			plurality_violation	0	He is envying one jealousies	be_progressive	envying	jealousies	envy	jealousy	0.513	added	USF:Cue_Target_Pairs.D-F:5486	no	yes	yes	yes	no	yes	
CAND_GRAM_002763	plus	candidate_pending_human_review			plurality_violation	0	He does not envy one jealousies	do_negation	envy	jealousies	envy	jealousy	0.513	added	USF:Cue_Target_Pairs.D-F:5486	no	yes	yes	yes	no	yes	
CAND_GRAM_002764	plus	candidate_pending_human_review			plurality_violation	0	Every day he envies one jealousies	present_3s	envies	jealousies	envy	jealousy	0.513	added	USF:Cue_Target_Pairs.D-F:5486	no	yes	yes	yes	no	yes	
CAND_GRAM_002765	plus	candidate_pending_human_review			plurality_violation	0	Last week he envied one jealousies	simple_past	envied	jealousies	envy	jealousy	0.513	added	USF:Cue_Target_Pairs.D-F:5486	no	yes	yes	yes	no	yes	
CAND_GRAM_002766	plus	candidate_pending_human_review			plurality_violation	0	They are envying one jealousies	be_progressive	envying	jealousies	envy	jealousy	0.513	added	USF:Cue_Target_Pairs.D-F:5486	no	yes	yes	yes	no	yes	
CAND_GRAM_002767	plus	candidate_pending_human_review			plurality_violation	0	They do not envy one jealousies	do_negation	envy	jealousies	envy	jealousy	0.513	added	USF:Cue_Target_Pairs.D-F:5486	no	yes	yes	yes	no	yes	
CAND_GRAM_002768	plus	candidate_pending_human_review			plurality_violation	0	Every day they envy one jealousies	present_3s	envy	jealousies	envy	jealousy	0.513	added	USF:Cue_Target_Pairs.D-F:5486	no	yes	yes	yes	no	yes	
CAND_GRAM_002769	plus	candidate_pending_human_review			plurality_violation	0	Last week they envied one jealousies	simple_past	envied	jealousies	envy	jealousy	0.513	added	USF:Cue_Target_Pairs.D-F:5486	no	yes	yes	yes	no	yes	
CAND_GRAM_002770	plus	candidate_pending_human_review			plurality_violation	0	She is envying two jealousy	be_progressive	envying	jealousy	envy	jealousy	0.513	omitted	USF:Cue_Target_Pairs.D-F:5486	no	yes	yes	yes	no	yes	
CAND_GRAM_002771	plus	candidate_pending_human_review			plurality_violation	0	She does not envy two jealousy	do_negation	envy	jealousy	envy	jealousy	0.513	omitted	USF:Cue_Target_Pairs.D-F:5486	no	yes	yes	yes	no	yes	
CAND_GRAM_002772	plus	candidate_pending_human_review			plurality_violation	0	Every day she envies two jealousy	present_3s	envies	jealousy	envy	jealousy	0.513	omitted	USF:Cue_Target_Pairs.D-F:5486	no	yes	yes	yes	no	yes	
CAND_GRAM_002773	plus	candidate_pending_human_review			plurality_violation	0	Last week she envied two jealousy	simple_past	envied	jealousy	envy	jealousy	0.513	omitted	USF:Cue_Target_Pairs.D-F:5486	no	yes	yes	yes	no	yes	
CAND_GRAM_002774	plus	candidate_pending_human_review			plurality_violation	0	He is envying two jealousy	be_progressive	envying	jealousy	envy	jealousy	0.513	omitted	USF:Cue_Target_Pairs.D-F:5486	no	yes	yes	yes	no	yes	
CAND_GRAM_002775	plus	candidate_pending_human_review			plurality_violation	0	He does not envy two jealousy	do_negation	envy	jealousy	envy	jealousy	0.513	omitted	USF:Cue_Target_Pairs.D-F:5486	no	yes	yes	yes	no	yes	
CAND_GRAM_002776	plus	candidate_pending_human_review			plurality_violation	0	Every day he envies two jealousy	present_3s	envies	jealousy	envy	jealousy	0.513	omitted	USF:Cue_Target_Pairs.D-F:5486	no	yes	yes	yes	no	yes	
CAND_GRAM_002777	plus	candidate_pending_human_review			plurality_violation	0	Last week he envied two jealousy	simple_past	envied	jealousy	envy	jealousy	0.513	omitted	USF:Cue_Target_Pairs.D-F:5486	no	yes	yes	yes	no	yes	
CAND_GRAM_002778	plus	candidate_pending_human_review			plurality_violation	0	They are envying two jealousy	be_progressive	envying	jealousy	envy	jealousy	0.513	omitted	USF:Cue_Target_Pairs.D-F:5486	no	yes	yes	yes	no	yes	
CAND_GRAM_002779	plus	candidate_pending_human_review			plurality_violation	0	They do not envy two jealousy	do_negation	envy	jealousy	envy	jealousy	0.513	omitted	USF:Cue_Target_Pairs.D-F:5486	no	yes	yes	yes	no	yes	
CAND_GRAM_002780	plus	candidate_pending_human_review			plurality_violation	0	Every day they envy two jealousy	present_3s	envy	jealousy	envy	jealousy	0.513	omitted	USF:Cue_Target_Pairs.D-F:5486	no	yes	yes	yes	no	yes	
CAND_GRAM_002781	plus	candidate_pending_human_review			plurality_violation	0	Last week they envied two jealousy	simple_past	envied	jealousy	envy	jealousy	0.513	omitted	USF:Cue_Target_Pairs.D-F:5486	no	yes	yes	yes	no	yes	
CAND_GRAM_002782	plus	candidate_pending_human_review			plurality_violation	0	She is envying three jealousy	be_progressive	envying	jealousy	envy	jealousy	0.513	omitted	USF:Cue_Target_Pairs.D-F:5486	no	yes	yes	yes	no	yes	
CAND_GRAM_002783	plus	candidate_pending_human_review			plurality_violation	0	She does not envy three jealousy	do_negation	envy	jealousy	envy	jealousy	0.513	omitted	USF:Cue_Target_Pairs.D-F:5486	no	yes	yes	yes	no	yes	
CAND_GRAM_002784	plus	candidate_pending_human_review			plurality_violation	0	Every day she envies three jealousy	present_3s	envies	jealousy	envy	jealousy	0.513	omitted	USF:Cue_Target_Pairs.D-F:5486	no	yes	yes	yes	no	yes	
CAND_GRAM_002785	plus	candidate_pending_human_review			plurality_violation	0	Last week she envied three jealousy	simple_past	envied	jealousy	envy	jealousy	0.513	omitted	USF:Cue_Target_Pairs.D-F:5486	no	yes	yes	yes	no	yes	
CAND_GRAM_002786	plus	candidate_pending_human_review			plurality_violation	0	He is envying three jealousy	be_progressive	envying	jealousy	envy	jealousy	0.513	omitted	USF:Cue_Target_Pairs.D-F:5486	no	yes	yes	yes	no	yes	
CAND_GRAM_002787	plus	candidate_pending_human_review			plurality_violation	0	He does not envy three jealousy	do_negation	envy	jealousy	envy	jealousy	0.513	omitted	USF:Cue_Target_Pairs.D-F:5486	no	yes	yes	yes	no	yes	
CAND_GRAM_002788	plus	candidate_pending_human_review			plurality_violation	0	Every day he envies three jealousy	present_3s	envies	jealousy	envy	jealousy	0.513	omitted	USF:Cue_Target_Pairs.D-F:5486	no	yes	yes	yes	no	yes	
CAND_GRAM_002789	plus	candidate_pending_human_review			plurality_violation	0	Last week he envied three jealousy	simple_past	envied	jealousy	envy	jealousy	0.513	omitted	USF:Cue_Target_Pairs.D-F:5486	no	yes	yes	yes	no	yes	
CAND_GRAM_002790	plus	candidate_pending_human_review			plurality_violation	0	They are envying three jealousy	be_progressive	envying	jealousy	envy	jealousy	0.513	omitted	USF:Cue_Target_Pairs.D-F:5486	no	yes	yes	yes	no	yes	
CAND_GRAM_002791	plus	candidate_pending_human_review			plurality_violation	0	They do not envy three jealousy	do_negation	envy	jealousy	envy	jealousy	0.513	omitted	USF:Cue_Target_Pairs.D-F:5486	no	yes	yes	yes	no	yes	
CAND_GRAM_002792	plus	candidate_pending_human_review			plurality_violation	0	Every day they envy three jealousy	present_3s	envy	jealousy	envy	jealousy	0.513	omitted	USF:Cue_Target_Pairs.D-F:5486	no	yes	yes	yes	no	yes	
CAND_GRAM_002793	plus	candidate_pending_human_review			plurality_violation	0	Last week they envied three jealousy	simple_past	envied	jealousy	envy	jealousy	0.513	omitted	USF:Cue_Target_Pairs.D-F:5486	no	yes	yes	yes	no	yes	
CAND_GRAM_002794	plus	candidate_pending_human_review			plurality_violation	0	She is envying four jealousy	be_progressive	envying	jealousy	envy	jealousy	0.513	omitted	USF:Cue_Target_Pairs.D-F:5486	no	yes	yes	yes	no	yes	
CAND_GRAM_002795	plus	candidate_pending_human_review			plurality_violation	0	She does not envy four jealousy	do_negation	envy	jealousy	envy	jealousy	0.513	omitted	USF:Cue_Target_Pairs.D-F:5486	no	yes	yes	yes	no	yes	
CAND_GRAM_002796	plus	candidate_pending_human_review			plurality_violation	0	Every day she envies four jealousy	present_3s	envies	jealousy	envy	jealousy	0.513	omitted	USF:Cue_Target_Pairs.D-F:5486	no	yes	yes	yes	no	yes	
CAND_GRAM_002797	plus	candidate_pending_human_review			plurality_violation	0	Last week she envied four jealousy	simple_past	envied	jealousy	envy	jealousy	0.513	omitted	USF:Cue_Target_Pairs.D-F:5486	no	yes	yes	yes	no	yes	
CAND_GRAM_002798	plus	candidate_pending_human_review			plurality_violation	0	He is envying four jealousy	be_progressive	envying	jealousy	envy	jealousy	0.513	omitted	USF:Cue_Target_Pairs.D-F:5486	no	yes	yes	yes	no	yes	
CAND_GRAM_002799	plus	candidate_pending_human_review			plurality_violation	0	He does not envy four jealousy	do_negation	envy	jealousy	envy	jealousy	0.513	omitted	USF:Cue_Target_Pairs.D-F:5486	no	yes	yes	yes	no	yes	
CAND_GRAM_002800	plus	candidate_pending_human_review			plurality_violation	0	Every day he envies four jealousy	present_3s	envies	jealousy	envy	jealousy	0.513	omitted	USF:Cue_Target_Pairs.D-F:5486	no	yes	yes	yes	no	yes	
CAND_GRAM_002801	plus	candidate_pending_human_review			plurality_violation	0	Last week he envied four jealousy	simple_past	envied	jealousy	envy	jealousy	0.513	omitted	USF:Cue_Target_Pairs.D-F:5486	no	yes	yes	yes	no	yes	
CAND_GRAM_002802	plus	candidate_pending_human_review			plurality_violation	0	They are envying four jealousy	be_progressive	envying	jealousy	envy	jealousy	0.513	omitted	USF:Cue_Target_Pairs.D-F:5486	no	yes	yes	yes	no	yes	
CAND_GRAM_002803	plus	candidate_pending_human_review			plurality_violation	0	They do not envy four jealousy	do_negation	envy	jealousy	envy	jealousy	0.513	omitted	USF:Cue_Target_Pairs.D-F:5486	no	yes	yes	yes	no	yes	
CAND_GRAM_002804	plus	candidate_pending_human_review			plurality_violation	0	Every day they envy four jealousy	present_3s	envy	jealousy	envy	jealousy	0.513	omitted	USF:Cue_Target_Pairs.D-F:5486	no	yes	yes	yes	no	yes	
CAND_GRAM_002805	plus	candidate_pending_human_review			plurality_violation	0	Last week they envied four jealousy	simple_past	envied	jealousy	envy	jealousy	0.513	omitted	USF:Cue_Target_Pairs.D-F:5486	no	yes	yes	yes	no	yes	
CAND_GRAM_002806	plus	candidate_pending_human_review			plurality_violation	0	She is envying five jealousy	be_progressive	envying	jealousy	envy	jealousy	0.513	omitted	USF:Cue_Target_Pairs.D-F:5486	no	yes	yes	yes	no	yes	
CAND_GRAM_002807	plus	candidate_pending_human_review			plurality_violation	0	She does not envy five jealousy	do_negation	envy	jealousy	envy	jealousy	0.513	omitted	USF:Cue_Target_Pairs.D-F:5486	no	yes	yes	yes	no	yes	
CAND_GRAM_002808	plus	candidate_pending_human_review			plurality_violation	0	Every day she envies five jealousy	present_3s	envies	jealousy	envy	jealousy	0.513	omitted	USF:Cue_Target_Pairs.D-F:5486	no	yes	yes	yes	no	yes	
CAND_GRAM_002809	plus	candidate_pending_human_review			plurality_violation	0	Last week she envied five jealousy	simple_past	envied	jealousy	envy	jealousy	0.513	omitted	USF:Cue_Target_Pairs.D-F:5486	no	yes	yes	yes	no	yes	
CAND_GRAM_002810	plus	candidate_pending_human_review			plurality_violation	0	He is envying five jealousy	be_progressive	envying	jealousy	envy	jealousy	0.513	omitted	USF:Cue_Target_Pairs.D-F:5486	no	yes	yes	yes	no	yes	
CAND_GRAM_002811	plus	candidate_pending_human_review			plurality_violation	0	He does not envy five jealousy	do_negation	envy	jealousy	envy	jealousy	0.513	omitted	USF:Cue_Target_Pairs.D-F:5486	no	yes	yes	yes	no	yes	
CAND_GRAM_002812	plus	candidate_pending_human_review			plurality_violation	0	Every day he envies five jealousy	present_3s	envies	jealousy	envy	jealousy	0.513	omitted	USF:Cue_Target_Pairs.D-F:5486	no	yes	yes	yes	no	yes	
CAND_GRAM_002813	plus	candidate_pending_human_review			plurality_violation	0	Last week he envied five jealousy	simple_past	envied	jealousy	envy	jealousy	0.513	omitted	USF:Cue_Target_Pairs.D-F:5486	no	yes	yes	yes	no	yes	
CAND_GRAM_002814	plus	candidate_pending_human_review			plurality_violation	0	They are envying five jealousy	be_progressive	envying	jealousy	envy	jealousy	0.513	omitted	USF:Cue_Target_Pairs.D-F:5486	no	yes	yes	yes	no	yes	
CAND_GRAM_002815	plus	candidate_pending_human_review			plurality_violation	0	They do not envy five jealousy	do_negation	envy	jealousy	envy	jealousy	0.513	omitted	USF:Cue_Target_Pairs.D-F:5486	no	yes	yes	yes	no	yes	
CAND_GRAM_002816	plus	candidate_pending_human_review			plurality_violation	0	Every day they envy five jealousy	present_3s	envy	jealousy	envy	jealousy	0.513	omitted	USF:Cue_Target_Pairs.D-F:5486	no	yes	yes	yes	no	yes	
CAND_GRAM_002817	plus	candidate_pending_human_review			plurality_violation	0	Last week they envied five jealousy	simple_past	envied	jealousy	envy	jealousy	0.513	omitted	USF:Cue_Target_Pairs.D-F:5486	no	yes	yes	yes	no	yes	
CAND_GRAM_002818	plus	candidate_pending_human_review			plurality_violation	0	She is envying six jealousy	be_progressive	envying	jealousy	envy	jealousy	0.513	omitted	USF:Cue_Target_Pairs.D-F:5486	no	yes	yes	yes	no	yes	
CAND_GRAM_002819	plus	candidate_pending_human_review			plurality_violation	0	She does not envy six jealousy	do_negation	envy	jealousy	envy	jealousy	0.513	omitted	USF:Cue_Target_Pairs.D-F:5486	no	yes	yes	yes	no	yes	
CAND_GRAM_002820	plus	candidate_pending_human_review			plurality_violation	0	Every day she envies six jealousy	present_3s	envies	jealousy	envy	jealousy	0.513	omitted	USF:Cue_Target_Pairs.D-F:5486	no	yes	yes	yes	no	yes	
CAND_GRAM_002821	plus	candidate_pending_human_review			plurality_violation	0	Last week she envied six jealousy	simple_past	envied	jealousy	envy	jealousy	0.513	omitted	USF:Cue_Target_Pairs.D-F:5486	no	yes	yes	yes	no	yes	
CAND_GRAM_002822	plus	candidate_pending_human_review			plurality_violation	0	He is envying six jealousy	be_progressive	envying	jealousy	envy	jealousy	0.513	omitted	USF:Cue_Target_Pairs.D-F:5486	no	yes	yes	yes	no	yes	
CAND_GRAM_002823	plus	candidate_pending_human_review			plurality_violation	0	He does not envy six jealousy	do_negation	envy	jealousy	envy	jealousy	0.513	omitted	USF:Cue_Target_Pairs.D-F:5486	no	yes	yes	yes	no	yes	
CAND_GRAM_002824	plus	candidate_pending_human_review			plurality_violation	0	Every day he envies six jealousy	present_3s	envies	jealousy	envy	jealousy	0.513	omitted	USF:Cue_Target_Pairs.D-F:5486	no	yes	yes	yes	no	yes	
CAND_GRAM_002825	plus	candidate_pending_human_review			plurality_violation	0	Last week he envied six jealousy	simple_past	envied	jealousy	envy	jealousy	0.513	omitted	USF:Cue_Target_Pairs.D-F:5486	no	yes	yes	yes	no	yes	
CAND_GRAM_002826	plus	candidate_pending_human_review			plurality_violation	0	They are envying six jealousy	be_progressive	envying	jealousy	envy	jealousy	0.513	omitted	USF:Cue_Target_Pairs.D-F:5486	no	yes	yes	yes	no	yes	
CAND_GRAM_002827	plus	candidate_pending_human_review			plurality_violation	0	They do not envy six jealousy	do_negation	envy	jealousy	envy	jealousy	0.513	omitted	USF:Cue_Target_Pairs.D-F:5486	no	yes	yes	yes	no	yes	
CAND_GRAM_002828	plus	candidate_pending_human_review			plurality_violation	0	Every day they envy six jealousy	present_3s	envy	jealousy	envy	jealousy	0.513	omitted	USF:Cue_Target_Pairs.D-F:5486	no	yes	yes	yes	no	yes	
CAND_GRAM_002829	plus	candidate_pending_human_review			plurality_violation	0	Last week they envied six jealousy	simple_past	envied	jealousy	envy	jealousy	0.513	omitted	USF:Cue_Target_Pairs.D-F:5486	no	yes	yes	yes	no	yes	
CAND_GRAM_002830	plus	candidate_pending_human_review			plurality_violation	0	She is throwing one balls	be_progressive	throwing	balls	throw	ball	0.234	added	USF:Cue_Target_Pairs.T-Z:1707	no	yes	yes	yes	no	yes	
CAND_GRAM_002831	plus	candidate_pending_human_review			plurality_violation	0	She does not throw one balls	do_negation	throw	balls	throw	ball	0.234	added	USF:Cue_Target_Pairs.T-Z:1707	no	yes	yes	yes	no	yes	
CAND_GRAM_002832	plus	candidate_pending_human_review			plurality_violation	0	Every day she throws one balls	present_3s	throws	balls	throw	ball	0.234	added	USF:Cue_Target_Pairs.T-Z:1707	no	yes	yes	yes	no	yes	
CAND_GRAM_002833	plus	candidate_pending_human_review			plurality_violation	0	Last week she threw one balls	simple_past	threw	balls	throw	ball	0.234	added	USF:Cue_Target_Pairs.T-Z:1707	no	yes	yes	yes	no	yes	
CAND_GRAM_002834	plus	candidate_pending_human_review			plurality_violation	0	He is throwing one balls	be_progressive	throwing	balls	throw	ball	0.234	added	USF:Cue_Target_Pairs.T-Z:1707	no	yes	yes	yes	no	yes	
CAND_GRAM_002835	plus	candidate_pending_human_review			plurality_violation	0	He does not throw one balls	do_negation	throw	balls	throw	ball	0.234	added	USF:Cue_Target_Pairs.T-Z:1707	no	yes	yes	yes	no	yes	
CAND_GRAM_002836	plus	candidate_pending_human_review			plurality_violation	0	Every day he throws one balls	present_3s	throws	balls	throw	ball	0.234	added	USF:Cue_Target_Pairs.T-Z:1707	no	yes	yes	yes	no	yes	
CAND_GRAM_002837	plus	candidate_pending_human_review			plurality_violation	0	Last week he threw one balls	simple_past	threw	balls	throw	ball	0.234	added	USF:Cue_Target_Pairs.T-Z:1707	no	yes	yes	yes	no	yes	
CAND_GRAM_002838	plus	candidate_pending_human_review			plurality_violation	0	They are throwing one balls	be_progressive	throwing	balls	throw	ball	0.234	added	USF:Cue_Target_Pairs.T-Z:1707	no	yes	yes	yes	no	yes	
CAND_GRAM_002839	plus	candidate_pending_human_review			plurality_violation	0	They do not throw one balls	do_negation	throw	balls	throw	ball	0.234	added	USF:Cue_Target_Pairs.T-Z:1707	no	yes	yes	yes	no	yes	
CAND_GRAM_002840	plus	candidate_pending_human_review			plurality_violation	0	Every day they throw one balls	present_3s	throw	balls	throw	ball	0.234	added	USF:Cue_Target_Pairs.T-Z:1707	no	yes	yes	yes	no	yes	
CAND_GRAM_002841	plus	candidate_pending_human_review			plurality_violation	0	Last week they threw one balls	simple_past	threw	balls	throw	ball	0.234	added	USF:Cue_Target_Pairs.T-Z:1707	no	yes	yes	yes	no	yes	
CAND_GRAM_002842	plus	candidate_pending_human_review			plurality_violation	0	She is throwing two ball	be_progressive	throwing	ball	throw	ball	0.234	omitted	USF:Cue_Target_Pairs.T-Z:1707	no	yes	yes	yes	no	yes	
CAND_GRAM_002843	plus	candidate_pending_human_review			plurality_violation	0	She does not throw two ball	do_negation	throw	ball	throw	ball	0.234	omitted	USF:Cue_Target_Pairs.T-Z:1707	no	yes	yes	yes	no	yes	
CAND_GRAM_002844	plus	candidate_pending_human_review			plurality_violation	0	Every day she throws two ball	present_3s	throws	ball	throw	ball	0.234	omitted	USF:Cue_Target_Pairs.T-Z:1707	no	yes	yes	yes	no	yes	
CAND_GRAM_002845	plus	candidate_pending_human_review			plurality_violation	0	Last week she threw two ball	simple_past	threw	ball	throw	ball	0.234	omitted	USF:Cue_Target_Pairs.T-Z:1707	no	yes	yes	yes	no	yes	
CAND_GRAM_002846	plus	candidate_pending_human_review			plurality_violation	0	He is throwing two ball	be_progressive	throwing	ball	throw	ball	0.234	omitted	USF:Cue_Target_Pairs.T-Z:1707	no	yes	yes	yes	no	yes	
CAND_GRAM_002847	plus	candidate_pending_human_review			plurality_violation	0	He does not throw two ball	do_negation	throw	ball	throw	ball	0.234	omitted	USF:Cue_Target_Pairs.T-Z:1707	no	yes	yes	yes	no	yes	
CAND_GRAM_002848	plus	candidate_pending_human_review			plurality_violation	0	Every day he throws two ball	present_3s	throws	ball	throw	ball	0.234	omitted	USF:Cue_Target_Pairs.T-Z:1707	no	yes	yes	yes	no	yes	
CAND_GRAM_002849	plus	candidate_pending_human_review			plurality_violation	0	Last week he threw two ball	simple_past	threw	ball	throw	ball	0.234	omitted	USF:Cue_Target_Pairs.T-Z:1707	no	yes	yes	yes	no	yes	
CAND_GRAM_002850	plus	candidate_pending_human_review			plurality_violation	0	They are throwing two ball	be_progressive	throwing	ball	throw	ball	0.234	omitted	USF:Cue_Target_Pairs.T-Z:1707	no	yes	yes	yes	no	yes	
CAND_GRAM_002851	plus	candidate_pending_human_review			plurality_violation	0	They do not throw two ball	do_negation	throw	ball	throw	ball	0.234	omitted	USF:Cue_Target_Pairs.T-Z:1707	no	yes	yes	yes	no	yes	
CAND_GRAM_002852	plus	candidate_pending_human_review			plurality_violation	0	Every day they throw two ball	present_3s	throw	ball	throw	ball	0.234	omitted	USF:Cue_Target_Pairs.T-Z:1707	no	yes	yes	yes	no	yes	
CAND_GRAM_002853	plus	candidate_pending_human_review			plurality_violation	0	Last week they threw two ball	simple_past	threw	ball	throw	ball	0.234	omitted	USF:Cue_Target_Pairs.T-Z:1707	no	yes	yes	yes	no	yes	
CAND_GRAM_002854	plus	candidate_pending_human_review			plurality_violation	0	She is throwing three ball	be_progressive	throwing	ball	throw	ball	0.234	omitted	USF:Cue_Target_Pairs.T-Z:1707	no	yes	yes	yes	no	yes	
CAND_GRAM_002855	plus	candidate_pending_human_review			plurality_violation	0	She does not throw three ball	do_negation	throw	ball	throw	ball	0.234	omitted	USF:Cue_Target_Pairs.T-Z:1707	no	yes	yes	yes	no	yes	
CAND_GRAM_002856	plus	candidate_pending_human_review			plurality_violation	0	Every day she throws three ball	present_3s	throws	ball	throw	ball	0.234	omitted	USF:Cue_Target_Pairs.T-Z:1707	no	yes	yes	yes	no	yes	
CAND_GRAM_002857	plus	candidate_pending_human_review			plurality_violation	0	Last week she threw three ball	simple_past	threw	ball	throw	ball	0.234	omitted	USF:Cue_Target_Pairs.T-Z:1707	no	yes	yes	yes	no	yes	
CAND_GRAM_002858	plus	candidate_pending_human_review			plurality_violation	0	He is throwing three ball	be_progressive	throwing	ball	throw	ball	0.234	omitted	USF:Cue_Target_Pairs.T-Z:1707	no	yes	yes	yes	no	yes	
CAND_GRAM_002859	plus	candidate_pending_human_review			plurality_violation	0	He does not throw three ball	do_negation	throw	ball	throw	ball	0.234	omitted	USF:Cue_Target_Pairs.T-Z:1707	no	yes	yes	yes	no	yes	
CAND_GRAM_002860	plus	candidate_pending_human_review			plurality_violation	0	Every day he throws three ball	present_3s	throws	ball	throw	ball	0.234	omitted	USF:Cue_Target_Pairs.T-Z:1707	no	yes	yes	yes	no	yes	
CAND_GRAM_002861	plus	candidate_pending_human_review			plurality_violation	0	Last week he threw three ball	simple_past	threw	ball	throw	ball	0.234	omitted	USF:Cue_Target_Pairs.T-Z:1707	no	yes	yes	yes	no	yes	
CAND_GRAM_002862	plus	candidate_pending_human_review			plurality_violation	0	They are throwing three ball	be_progressive	throwing	ball	throw	ball	0.234	omitted	USF:Cue_Target_Pairs.T-Z:1707	no	yes	yes	yes	no	yes	
CAND_GRAM_002863	plus	candidate_pending_human_review			plurality_violation	0	They do not throw three ball	do_negation	throw	ball	throw	ball	0.234	omitted	USF:Cue_Target_Pairs.T-Z:1707	no	yes	yes	yes	no	yes	
CAND_GRAM_002864	plus	candidate_pending_human_review			plurality_violation	0	Every day they throw three ball	present_3s	throw	ball	throw	ball	0.234	omitted	USF:Cue_Target_Pairs.T-Z:1707	no	yes	yes	yes	no	yes	
CAND_GRAM_002865	plus	candidate_pending_human_review			plurality_violation	0	Last week they threw three ball	simple_past	threw	ball	throw	ball	0.234	omitted	USF:Cue_Target_Pairs.T-Z:1707	no	yes	yes	yes	no	yes	
CAND_GRAM_002866	plus	candidate_pending_human_review			plurality_violation	0	She is throwing four ball	be_progressive	throwing	ball	throw	ball	0.234	omitted	USF:Cue_Target_Pairs.T-Z:1707	no	yes	yes	yes	no	yes	
CAND_GRAM_002867	plus	candidate_pending_human_review			plurality_violation	0	She does not throw four ball	do_negation	throw	ball	throw	ball	0.234	omitted	USF:Cue_Target_Pairs.T-Z:1707	no	yes	yes	yes	no	yes	
CAND_GRAM_002868	plus	candidate_pending_human_review			plurality_violation	0	Every day she throws four ball	present_3s	throws	ball	throw	ball	0.234	omitted	USF:Cue_Target_Pairs.T-Z:1707	no	yes	yes	yes	no	yes	
CAND_GRAM_002869	plus	candidate_pending_human_review			plurality_violation	0	Last week she threw four ball	simple_past	threw	ball	throw	ball	0.234	omitted	USF:Cue_Target_Pairs.T-Z:1707	no	yes	yes	yes	no	yes	
CAND_GRAM_002870	plus	candidate_pending_human_review			plurality_violation	0	He is throwing four ball	be_progressive	throwing	ball	throw	ball	0.234	omitted	USF:Cue_Target_Pairs.T-Z:1707	no	yes	yes	yes	no	yes	
CAND_GRAM_002871	plus	candidate_pending_human_review			plurality_violation	0	He does not throw four ball	do_negation	throw	ball	throw	ball	0.234	omitted	USF:Cue_Target_Pairs.T-Z:1707	no	yes	yes	yes	no	yes	
CAND_GRAM_002872	plus	candidate_pending_human_review			plurality_violation	0	Every day he throws four ball	present_3s	throws	ball	throw	ball	0.234	omitted	USF:Cue_Target_Pairs.T-Z:1707	no	yes	yes	yes	no	yes	
CAND_GRAM_002873	plus	candidate_pending_human_review			plurality_violation	0	Last week he threw four ball	simple_past	threw	ball	throw	ball	0.234	omitted	USF:Cue_Target_Pairs.T-Z:1707	no	yes	yes	yes	no	yes	
CAND_GRAM_002874	plus	candidate_pending_human_review			plurality_violation	0	They are throwing four ball	be_progressive	throwing	ball	throw	ball	0.234	omitted	USF:Cue_Target_Pairs.T-Z:1707	no	yes	yes	yes	no	yes	
CAND_GRAM_002875	plus	candidate_pending_human_review			plurality_violation	0	They do not throw four ball	do_negation	throw	ball	throw	ball	0.234	omitted	USF:Cue_Target_Pairs.T-Z:1707	no	yes	yes	yes	no	yes	
CAND_GRAM_002876	plus	candidate_pending_human_review			plurality_violation	0	Every day they throw four ball	present_3s	throw	ball	throw	ball	0.234	omitted	USF:Cue_Target_Pairs.T-Z:1707	no	yes	yes	yes	no	yes	
CAND_GRAM_002877	plus	candidate_pending_human_review			plurality_violation	0	Last week they threw four ball	simple_past	threw	ball	throw	ball	0.234	omitted	USF:Cue_Target_Pairs.T-Z:1707	no	yes	yes	yes	no	yes	
CAND_GRAM_002878	plus	candidate_pending_human_review			plurality_violation	0	She is throwing five ball	be_progressive	throwing	ball	throw	ball	0.234	omitted	USF:Cue_Target_Pairs.T-Z:1707	no	yes	yes	yes	no	yes	
CAND_GRAM_002879	plus	candidate_pending_human_review			plurality_violation	0	She does not throw five ball	do_negation	throw	ball	throw	ball	0.234	omitted	USF:Cue_Target_Pairs.T-Z:1707	no	yes	yes	yes	no	yes	
CAND_GRAM_002880	plus	candidate_pending_human_review			plurality_violation	0	Every day she throws five ball	present_3s	throws	ball	throw	ball	0.234	omitted	USF:Cue_Target_Pairs.T-Z:1707	no	yes	yes	yes	no	yes	
CAND_GRAM_002881	plus	candidate_pending_human_review			plurality_violation	0	Last week she threw five ball	simple_past	threw	ball	throw	ball	0.234	omitted	USF:Cue_Target_Pairs.T-Z:1707	no	yes	yes	yes	no	yes	
CAND_GRAM_002882	plus	candidate_pending_human_review			plurality_violation	0	He is throwing five ball	be_progressive	throwing	ball	throw	ball	0.234	omitted	USF:Cue_Target_Pairs.T-Z:1707	no	yes	yes	yes	no	yes	
CAND_GRAM_002883	plus	candidate_pending_human_review			plurality_violation	0	He does not throw five ball	do_negation	throw	ball	throw	ball	0.234	omitted	USF:Cue_Target_Pairs.T-Z:1707	no	yes	yes	yes	no	yes	
CAND_GRAM_002884	plus	candidate_pending_human_review			plurality_violation	0	Every day he throws five ball	present_3s	throws	ball	throw	ball	0.234	omitted	USF:Cue_Target_Pairs.T-Z:1707	no	yes	yes	yes	no	yes	
CAND_GRAM_002885	plus	candidate_pending_human_review			plurality_violation	0	Last week he threw five ball	simple_past	threw	ball	throw	ball	0.234	omitted	USF:Cue_Target_Pairs.T-Z:1707	no	yes	yes	yes	no	yes	
CAND_GRAM_002886	plus	candidate_pending_human_review			plurality_violation	0	They are throwing five ball	be_progressive	throwing	ball	throw	ball	0.234	omitted	USF:Cue_Target_Pairs.T-Z:1707	no	yes	yes	yes	no	yes	
CAND_GRAM_002887	plus	candidate_pending_human_review			plurality_violation	0	They do not throw five ball	do_negation	throw	ball	throw	ball	0.234	omitted	USF:Cue_Target_Pairs.T-Z:1707	no	yes	yes	yes	no	yes	
CAND_GRAM_002888	plus	candidate_pending_human_review			plurality_violation	0	Every day they throw five ball	present_3s	throw	ball	throw	ball	0.234	omitted	USF:Cue_Target_Pairs.T-Z:1707	no	yes	yes	yes	no	yes	
CAND_GRAM_002889	plus	candidate_pending_human_review			plurality_violation	0	Last week they threw five ball	simple_past	threw	ball	throw	ball	0.234	omitted	USF:Cue_Target_Pairs.T-Z:1707	no	yes	yes	yes	no	yes	
CAND_GRAM_002890	plus	candidate_pending_human_review			plurality_violation	0	She is throwing six ball	be_progressive	throwing	ball	throw	ball	0.234	omitted	USF:Cue_Target_Pairs.T-Z:1707	no	yes	yes	yes	no	yes	
CAND_GRAM_002891	plus	candidate_pending_human_review			plurality_violation	0	She does not throw six ball	do_negation	throw	ball	throw	ball	0.234	omitted	USF:Cue_Target_Pairs.T-Z:1707	no	yes	yes	yes	no	yes	
CAND_GRAM_002892	plus	candidate_pending_human_review			plurality_violation	0	Every day she throws six ball	present_3s	throws	ball	throw	ball	0.234	omitted	USF:Cue_Target_Pairs.T-Z:1707	no	yes	yes	yes	no	yes	
CAND_GRAM_002893	plus	candidate_pending_human_review			plurality_violation	0	Last week she threw six ball	simple_past	threw	ball	throw	ball	0.234	omitted	USF:Cue_Target_Pairs.T-Z:1707	no	yes	yes	yes	no	yes	
CAND_GRAM_002894	plus	candidate_pending_human_review			plurality_violation	0	He is throwing six ball	be_progressive	throwing	ball	throw	ball	0.234	omitted	USF:Cue_Target_Pairs.T-Z:1707	no	yes	yes	yes	no	yes	
CAND_GRAM_002895	plus	candidate_pending_human_review			plurality_violation	0	He does not throw six ball	do_negation	throw	ball	throw	ball	0.234	omitted	USF:Cue_Target_Pairs.T-Z:1707	no	yes	yes	yes	no	yes	
CAND_GRAM_002896	plus	candidate_pending_human_review			plurality_violation	0	Every day he throws six ball	present_3s	throws	ball	throw	ball	0.234	omitted	USF:Cue_Target_Pairs.T-Z:1707	no	yes	yes	yes	no	yes	
CAND_GRAM_002897	plus	candidate_pending_human_review			plurality_violation	0	Last week he threw six ball	simple_past	threw	ball	throw	ball	0.234	omitted	USF:Cue_Target_Pairs.T-Z:1707	no	yes	yes	yes	no	yes	
CAND_GRAM_002898	plus	candidate_pending_human_review			plurality_violation	0	They are throwing six ball	be_progressive	throwing	ball	throw	ball	0.234	omitted	USF:Cue_Target_Pairs.T-Z:1707	no	yes	yes	yes	no	yes	
CAND_GRAM_002899	plus	candidate_pending_human_review			plurality_violation	0	They do not throw six ball	do_negation	throw	ball	throw	ball	0.234	omitted	USF:Cue_Target_Pairs.T-Z:1707	no	yes	yes	yes	no	yes	
CAND_GRAM_002900	plus	candidate_pending_human_review			plurality_violation	0	Every day they throw six ball	present_3s	throw	ball	throw	ball	0.234	omitted	USF:Cue_Target_Pairs.T-Z:1707	no	yes	yes	yes	no	yes	
CAND_GRAM_002901	plus	candidate_pending_human_review			plurality_violation	0	Last week they threw six ball	simple_past	threw	ball	throw	ball	0.234	omitted	USF:Cue_Target_Pairs.T-Z:1707	no	yes	yes	yes	no	yes	
CAND_GRAM_002902	plus	candidate_pending_human_review			plurality_violation	0	She is brushing one hairs	be_progressive	brushing	hairs	brush	hair	0.44	added	USF:Cue_Target_Pairs.A-B:7745	no	yes	yes	yes	no	yes	
CAND_GRAM_002903	plus	candidate_pending_human_review			plurality_violation	0	She does not brush one hairs	do_negation	brush	hairs	brush	hair	0.44	added	USF:Cue_Target_Pairs.A-B:7745	no	yes	yes	yes	no	yes	
CAND_GRAM_002904	plus	candidate_pending_human_review			plurality_violation	0	Every day she brushes one hairs	present_3s	brushes	hairs	brush	hair	0.44	added	USF:Cue_Target_Pairs.A-B:7745	no	yes	yes	yes	no	yes	
CAND_GRAM_002905	plus	candidate_pending_human_review			plurality_violation	0	Last week she brushed one hairs	simple_past	brushed	hairs	brush	hair	0.44	added	USF:Cue_Target_Pairs.A-B:7745	no	yes	yes	yes	no	yes	
CAND_GRAM_002906	plus	candidate_pending_human_review			plurality_violation	0	He is brushing one hairs	be_progressive	brushing	hairs	brush	hair	0.44	added	USF:Cue_Target_Pairs.A-B:7745	no	yes	yes	yes	no	yes	
CAND_GRAM_002907	plus	candidate_pending_human_review			plurality_violation	0	He does not brush one hairs	do_negation	brush	hairs	brush	hair	0.44	added	USF:Cue_Target_Pairs.A-B:7745	no	yes	yes	yes	no	yes	
CAND_GRAM_002908	plus	candidate_pending_human_review			plurality_violation	0	Every day he brushes one hairs	present_3s	brushes	hairs	brush	hair	0.44	added	USF:Cue_Target_Pairs.A-B:7745	no	yes	yes	yes	no	yes	
CAND_GRAM_002909	plus	candidate_pending_human_review			plurality_violation	0	Last week he brushed one hairs	simple_past	brushed	hairs	brush	hair	0.44	added	USF:Cue_Target_Pairs.A-B:7745	no	yes	yes	yes	no	yes	
CAND_GRAM_002910	plus	candidate_pending_human_review			plurality_violation	0	They are brushing one hairs	be_progressive	brushing	hairs	brush	hair	0.44	added	USF:Cue_Target_Pairs.A-B:7745	no	yes	yes	yes	no	yes	
CAND_GRAM_002911	plus	candidate_pending_human_review			plurality_violation	0	They do not brush one hairs	do_negation	brush	hairs	brush	hair	0.44	added	USF:Cue_Target_Pairs.A-B:7745	no	yes	yes	yes	no	yes	
CAND_GRAM_002912	plus	candidate_pending_human_review			plurality_violation	0	Every day they brush one hairs	present_3s	brush	hairs	brush	hair	0.44	added	USF:Cue_Target_Pairs.A-B:7745	no	yes	yes	yes	no	yes	
CAND_GRAM_002913	plus	candidate_pending_human_review			plurality_violation	0	Last week they brushed one hairs	simple_past	brushed	hairs	brush	hair	0.44	added	USF:Cue_Target_Pairs.A-B:7745	no	yes	yes	yes	no	yes	
CAND_GRAM_002914	plus	candidate_pending_human_review			plurality_violation	0	She is brushing two hair	be_progressive	brushing	hair	brush	hair	0.44	omitted	USF:Cue_Target_Pairs.A-B:7745	no	yes	yes	yes	no	yes	
CAND_GRAM_002915	plus	candidate_pending_human_review			plurality_violation	0	She does not brush two hair	do_negation	brush	hair	brush	hair	0.44	omitted	USF:Cue_Target_Pairs.A-B:7745	no	yes	yes	yes	no	yes	
CAND_GRAM_002916	plus	candidate_pending_human_review			plurality_violation	0	Every day she brushes two hair	present_3s	brushes	hair	brush	hair	0.44	omitted	USF:Cue_Target_Pairs.A-B:7745	no	yes	yes	yes	no	yes	
CAND_GRAM_002917	plus	candidate_pending_human_review			plurality_violation	0	Last week she brushed two hair	simple_past	brushed	hair	brush	hair	0.44	omitted	USF:Cue_Target_Pairs.A-B:7745	no	yes	yes	yes	no	yes	
CAND_GRAM_002918	plus	candidate_pending_human_review			plurality_violation	0	He is brushing two hair	be_progressive	brushing	hair	brush	hair	0.44	omitted	USF:Cue_Target_Pairs.A-B:7745	no	yes	yes	yes	no	yes	
CAND_GRAM_002919	plus	candidate_pending_human_review			plurality_violation	0	He does not brush two hair	do_negation	brush	hair	brush	hair	0.44	omitted	USF:Cue_Target_Pairs.A-B:7745	no	yes	yes	yes	no	yes	
CAND_GRAM_002920	plus	candidate_pending_human_review			plurality_violation	0	Every day he brushes two hair	present_3s	brushes	hair	brush	hair	0.44	omitted	USF:Cue_Target_Pairs.A-B:7745	no	yes	yes	yes	no	yes	
CAND_GRAM_002921	plus	candidate_pending_human_review			plurality_violation	0	Last week he brushed two hair	simple_past	brushed	hair	brush	hair	0.44	omitted	USF:Cue_Target_Pairs.A-B:7745	no	yes	yes	yes	no	yes	
CAND_GRAM_002922	plus	candidate_pending_human_review			plurality_violation	0	They are brushing two hair	be_progressive	brushing	hair	brush	hair	0.44	omitted	USF:Cue_Target_Pairs.A-B:7745	no	yes	yes	yes	no	yes	
CAND_GRAM_002923	plus	candidate_pending_human_review			plurality_violation	0	They do not brush two hair	do_negation	brush	hair	brush	hair	0.44	omitted	USF:Cue_Target_Pairs.A-B:7745	no	yes	yes	yes	no	yes	
CAND_GRAM_002924	plus	candidate_pending_human_review			plurality_violation	0	Every day they brush two hair	present_3s	brush	hair	brush	hair	0.44	omitted	USF:Cue_Target_Pairs.A-B:7745	no	yes	yes	yes	no	yes	
CAND_GRAM_002925	plus	candidate_pending_human_review			plurality_violation	0	Last week they brushed two hair	simple_past	brushed	hair	brush	hair	0.44	omitted	USF:Cue_Target_Pairs.A-B:7745	no	yes	yes	yes	no	yes	
CAND_GRAM_002926	plus	candidate_pending_human_review			plurality_violation	0	She is brushing three hair	be_progressive	brushing	hair	brush	hair	0.44	omitted	USF:Cue_Target_Pairs.A-B:7745	no	yes	yes	yes	no	yes	
CAND_GRAM_002927	plus	candidate_pending_human_review			plurality_violation	0	She does not brush three hair	do_negation	brush	hair	brush	hair	0.44	omitted	USF:Cue_Target_Pairs.A-B:7745	no	yes	yes	yes	no	yes	
CAND_GRAM_002928	plus	candidate_pending_human_review			plurality_violation	0	Every day she brushes three hair	present_3s	brushes	hair	brush	hair	0.44	omitted	USF:Cue_Target_Pairs.A-B:7745	no	yes	yes	yes	no	yes	
CAND_GRAM_002929	plus	candidate_pending_human_review			plurality_violation	0	Last week she brushed three hair	simple_past	brushed	hair	brush	hair	0.44	omitted	USF:Cue_Target_Pairs.A-B:7745	no	yes	yes	yes	no	yes	
CAND_GRAM_002930	plus	candidate_pending_human_review			plurality_violation	0	He is brushing three hair	be_progressive	brushing	hair	brush	hair	0.44	omitted	USF:Cue_Target_Pairs.A-B:7745	no	yes	yes	yes	no	yes	
CAND_GRAM_002931	plus	candidate_pending_human_review			plurality_violation	0	He does not brush three hair	do_negation	brush	hair	brush	hair	0.44	omitted	USF:Cue_Target_Pairs.A-B:7745	no	yes	yes	yes	no	yes	
CAND_GRAM_002932	plus	candidate_pending_human_review			plurality_violation	0	Every day he brushes three hair	present_3s	brushes	hair	brush	hair	0.44	omitted	USF:Cue_Target_Pairs.A-B:7745	no	yes	yes	yes	no	yes	
CAND_GRAM_002933	plus	candidate_pending_human_review			plurality_violation	0	Last week he brushed three hair	simple_past	brushed	hair	brush	hair	0.44	omitted	USF:Cue_Target_Pairs.A-B:7745	no	yes	yes	yes	no	yes	
CAND_GRAM_002934	plus	candidate_pending_human_review			plurality_violation	0	They are brushing three hair	be_progressive	brushing	hair	brush	hair	0.44	omitted	USF:Cue_Target_Pairs.A-B:7745	no	yes	yes	yes	no	yes	
CAND_GRAM_002935	plus	candidate_pending_human_review			plurality_violation	0	They do not brush three hair	do_negation	brush	hair	brush	hair	0.44	omitted	USF:Cue_Target_Pairs.A-B:7745	no	yes	yes	yes	no	yes	
CAND_GRAM_002936	plus	candidate_pending_human_review			plurality_violation	0	Every day they brush three hair	present_3s	brush	hair	brush	hair	0.44	omitted	USF:Cue_Target_Pairs.A-B:7745	no	yes	yes	yes	no	yes	
CAND_GRAM_002937	plus	candidate_pending_human_review			plurality_violation	0	Last week they brushed three hair	simple_past	brushed	hair	brush	hair	0.44	omitted	USF:Cue_Target_Pairs.A-B:7745	no	yes	yes	yes	no	yes	
CAND_GRAM_002938	plus	candidate_pending_human_review			plurality_violation	0	She is brushing four hair	be_progressive	brushing	hair	brush	hair	0.44	omitted	USF:Cue_Target_Pairs.A-B:7745	no	yes	yes	yes	no	yes	
CAND_GRAM_002939	plus	candidate_pending_human_review			plurality_violation	0	She does not brush four hair	do_negation	brush	hair	brush	hair	0.44	omitted	USF:Cue_Target_Pairs.A-B:7745	no	yes	yes	yes	no	yes	
CAND_GRAM_002940	plus	candidate_pending_human_review			plurality_violation	0	Every day she brushes four hair	present_3s	brushes	hair	brush	hair	0.44	omitted	USF:Cue_Target_Pairs.A-B:7745	no	yes	yes	yes	no	yes	
CAND_GRAM_002941	plus	candidate_pending_human_review			plurality_violation	0	Last week she brushed four hair	simple_past	brushed	hair	brush	hair	0.44	omitted	USF:Cue_Target_Pairs.A-B:7745	no	yes	yes	yes	no	yes	
CAND_GRAM_002942	plus	candidate_pending_human_review			plurality_violation	0	He is brushing four hair	be_progressive	brushing	hair	brush	hair	0.44	omitted	USF:Cue_Target_Pairs.A-B:7745	no	yes	yes	yes	no	yes	
CAND_GRAM_002943	plus	candidate_pending_human_review			plurality_violation	0	He does not brush four hair	do_negation	brush	hair	brush	hair	0.44	omitted	USF:Cue_Target_Pairs.A-B:7745	no	yes	yes	yes	no	yes	
CAND_GRAM_002944	plus	candidate_pending_human_review			plurality_violation	0	Every day he brushes four hair	present_3s	brushes	hair	brush	hair	0.44	omitted	USF:Cue_Target_Pairs.A-B:7745	no	yes	yes	yes	no	yes	
CAND_GRAM_002945	plus	candidate_pending_human_review			plurality_violation	0	Last week he brushed four hair	simple_past	brushed	hair	brush	hair	0.44	omitted	USF:Cue_Target_Pairs.A-B:7745	no	yes	yes	yes	no	yes	
CAND_GRAM_002946	plus	candidate_pending_human_review			plurality_violation	0	They are brushing four hair	be_progressive	brushing	hair	brush	hair	0.44	omitted	USF:Cue_Target_Pairs.A-B:7745	no	yes	yes	yes	no	yes	
CAND_GRAM_002947	plus	candidate_pending_human_review			plurality_violation	0	They do not brush four hair	do_negation	brush	hair	brush	hair	0.44	omitted	USF:Cue_Target_Pairs.A-B:7745	no	yes	yes	yes	no	yes	
CAND_GRAM_002948	plus	candidate_pending_human_review			plurality_violation	0	Every day they brush four hair	present_3s	brush	hair	brush	hair	0.44	omitted	USF:Cue_Target_Pairs.A-B:7745	no	yes	yes	yes	no	yes	
CAND_GRAM_002949	plus	candidate_pending_human_review			plurality_violation	0	Last week they brushed four hair	simple_past	brushed	hair	brush	hair	0.44	omitted	USF:Cue_Target_Pairs.A-B:7745	no	yes	yes	yes	no	yes	
CAND_GRAM_002950	plus	candidate_pending_human_review			plurality_violation	0	She is brushing five hair	be_progressive	brushing	hair	brush	hair	0.44	omitted	USF:Cue_Target_Pairs.A-B:7745	no	yes	yes	yes	no	yes	
CAND_GRAM_002951	plus	candidate_pending_human_review			plurality_violation	0	She does not brush five hair	do_negation	brush	hair	brush	hair	0.44	omitted	USF:Cue_Target_Pairs.A-B:7745	no	yes	yes	yes	no	yes	
CAND_GRAM_002952	plus	candidate_pending_human_review			plurality_violation	0	Every day she brushes five hair	present_3s	brushes	hair	brush	hair	0.44	omitted	USF:Cue_Target_Pairs.A-B:7745	no	yes	yes	yes	no	yes	
CAND_GRAM_002953	plus	candidate_pending_human_review			plurality_violation	0	Last week she brushed five hair	simple_past	brushed	hair	brush	hair	0.44	omitted	USF:Cue_Target_Pairs.A-B:7745	no	yes	yes	yes	no	yes	
CAND_GRAM_002954	plus	candidate_pending_human_review			plurality_violation	0	He is brushing five hair	be_progressive	brushing	hair	brush	hair	0.44	omitted	USF:Cue_Target_Pairs.A-B:7745	no	yes	yes	yes	no	yes	
CAND_GRAM_002955	plus	candidate_pending_human_review			plurality_violation	0	He does not brush five hair	do_negation	brush	hair	brush	hair	0.44	omitted	USF:Cue_Target_Pairs.A-B:7745	no	yes	yes	yes	no	yes	
CAND_GRAM_002956	plus	candidate_pending_human_review			plurality_violation	0	Every day he brushes five hair	present_3s	brushes	hair	brush	hair	0.44	omitted	USF:Cue_Target_Pairs.A-B:7745	no	yes	yes	yes	no	yes	
CAND_GRAM_002957	plus	candidate_pending_human_review			plurality_violation	0	Last week he brushed five hair	simple_past	brushed	hair	brush	hair	0.44	omitted	USF:Cue_Target_Pairs.A-B:7745	no	yes	yes	yes	no	yes	
CAND_GRAM_002958	plus	candidate_pending_human_review			plurality_violation	0	They are brushing five hair	be_progressive	brushing	hair	brush	hair	0.44	omitted	USF:Cue_Target_Pairs.A-B:7745	no	yes	yes	yes	no	yes	
CAND_GRAM_002959	plus	candidate_pending_human_review			plurality_violation	0	They do not brush five hair	do_negation	brush	hair	brush	hair	0.44	omitted	USF:Cue_Target_Pairs.A-B:7745	no	yes	yes	yes	no	yes	
CAND_GRAM_002960	plus	candidate_pending_human_review			plurality_violation	0	Every day they brush five hair	present_3s	brush	hair	brush	hair	0.44	omitted	USF:Cue_Target_Pairs.A-B:7745	no	yes	yes	yes	no	yes	
CAND_GRAM_002961	plus	candidate_pending_human_review			plurality_violation	0	Last week they brushed five hair	simple_past	brushed	hair	brush	hair	0.44	omitted	USF:Cue_Target_Pairs.A-B:7745	no	yes	yes	yes	no	yes	
CAND_GRAM_002962	plus	candidate_pending_human_review			plurality_violation	0	She is brushing six hair	be_progressive	brushing	hair	brush	hair	0.44	omitted	USF:Cue_Target_Pairs.A-B:7745	no	yes	yes	yes	no	yes	
CAND_GRAM_002963	plus	candidate_pending_human_review			plurality_violation	0	She does not brush six hair	do_negation	brush	hair	brush	hair	0.44	omitted	USF:Cue_Target_Pairs.A-B:7745	no	yes	yes	yes	no	yes	
CAND_GRAM_002964	plus	candidate_pending_human_review			plurality_violation	0	Every day she brushes six hair	present_3s	brushes	hair	brush	hair	0.44	omitted	USF:Cue_Target_Pairs.A-B:7745	no	yes	yes	yes	no	yes	
CAND_GRAM_002965	plus	candidate_pending_human_review			plurality_violation	0	Last week she brushed six hair	simple_past	brushed	hair	brush	hair	0.44	omitted	USF:Cue_Target_Pairs.A-B:7745	no	yes	yes	yes	no	yes	
CAND_GRAM_002966	plus	candidate_pending_human_review			plurality_violation	0	He is brushing six hair	be_progressive	brushing	hair	brush	hair	0.44	omitted	USF:Cue_Target_Pairs.A-B:7745	no	yes	yes	yes	no	yes	
CAND_GRAM_002967	plus	candidate_pending_human_review			plurality_violation	0	He does not brush six hair	do_negation	brush	hair	brush	hair	0.44	omitted	USF:Cue_Target_Pairs.A-B:7745	no	yes	yes	yes	no	yes	
CAND_GRAM_002968	plus	candidate_pending_human_review			plurality_violation	0	Every day he brushes six hair	present_3s	brushes	hair	brush	hair	0.44	omitted	USF:Cue_Target_Pairs.A-B:7745	no	yes	yes	yes	no	yes	
CAND_GRAM_002969	plus	candidate_pending_human_review			plurality_violation	0	Last week he brushed six hair	simple_past	brushed	hair	brush	hair	0.44	omitted	USF:Cue_Target_Pairs.A-B:7745	no	yes	yes	yes	no	yes	
CAND_GRAM_002970	plus	candidate_pending_human_review			plurality_violation	0	They are brushing six hair	be_progressive	brushing	hair	brush	hair	0.44	omitted	USF:Cue_Target_Pairs.A-B:7745	no	yes	yes	yes	no	yes	
CAND_GRAM_002971	plus	candidate_pending_human_review			plurality_violation	0	They do not brush six hair	do_negation	brush	hair	brush	hair	0.44	omitted	USF:Cue_Target_Pairs.A-B:7745	no	yes	yes	yes	no	yes	
CAND_GRAM_002972	plus	candidate_pending_human_review			plurality_violation	0	Every day they brush six hair	present_3s	brush	hair	brush	hair	0.44	omitted	USF:Cue_Target_Pairs.A-B:7745	no	yes	yes	yes	no	yes	
CAND_GRAM_002973	plus	candidate_pending_human_review			plurality_violation	0	Last week they brushed six hair	simple_past	brushed	hair	brush	hair	0.44	omitted	USF:Cue_Target_Pairs.A-B:7745	no	yes	yes	yes	no	yes	
CAND_GRAM_002974	plus	candidate_pending_human_review			plurality_violation	0	She is sounding one noises	be_progressive	sounding	noises	sound	noise	0.362	added	USF:Cue_Target_Pairs.S:5100	no	yes	yes	yes	no	yes	
CAND_GRAM_002975	plus	candidate_pending_human_review			plurality_violation	0	She does not sound one noises	do_negation	sound	noises	sound	noise	0.362	added	USF:Cue_Target_Pairs.S:5100	no	yes	yes	yes	no	yes	
CAND_GRAM_002976	plus	candidate_pending_human_review			plurality_violation	0	Every day she sounds one noises	present_3s	sounds	noises	sound	noise	0.362	added	USF:Cue_Target_Pairs.S:5100	no	yes	yes	yes	no	yes	
CAND_GRAM_002977	plus	candidate_pending_human_review			plurality_violation	0	Last week she sounded one noises	simple_past	sounded	noises	sound	noise	0.362	added	USF:Cue_Target_Pairs.S:5100	no	yes	yes	yes	no	yes	
CAND_GRAM_002978	plus	candidate_pending_human_review			plurality_violation	0	He is sounding one noises	be_progressive	sounding	noises	sound	noise	0.362	added	USF:Cue_Target_Pairs.S:5100	no	yes	yes	yes	no	yes	
CAND_GRAM_002979	plus	candidate_pending_human_review			plurality_violation	0	He does not sound one noises	do_negation	sound	noises	sound	noise	0.362	added	USF:Cue_Target_Pairs.S:5100	no	yes	yes	yes	no	yes	
CAND_GRAM_002980	plus	candidate_pending_human_review			plurality_violation	0	Every day he sounds one noises	present_3s	sounds	noises	sound	noise	0.362	added	USF:Cue_Target_Pairs.S:5100	no	yes	yes	yes	no	yes	
CAND_GRAM_002981	plus	candidate_pending_human_review			plurality_violation	0	Last week he sounded one noises	simple_past	sounded	noises	sound	noise	0.362	added	USF:Cue_Target_Pairs.S:5100	no	yes	yes	yes	no	yes	
CAND_GRAM_002982	plus	candidate_pending_human_review			plurality_violation	0	They are sounding one noises	be_progressive	sounding	noises	sound	noise	0.362	added	USF:Cue_Target_Pairs.S:5100	no	yes	yes	yes	no	yes	
CAND_GRAM_002983	plus	candidate_pending_human_review			plurality_violation	0	They do not sound one noises	do_negation	sound	noises	sound	noise	0.362	added	USF:Cue_Target_Pairs.S:5100	no	yes	yes	yes	no	yes	
CAND_GRAM_002984	plus	candidate_pending_human_review			plurality_violation	0	Every day they sound one noises	present_3s	sound	noises	sound	noise	0.362	added	USF:Cue_Target_Pairs.S:5100	no	yes	yes	yes	no	yes	
CAND_GRAM_002985	plus	candidate_pending_human_review			plurality_violation	0	Last week they sounded one noises	simple_past	sounded	noises	sound	noise	0.362	added	USF:Cue_Target_Pairs.S:5100	no	yes	yes	yes	no	yes	
CAND_GRAM_002986	plus	candidate_pending_human_review			plurality_violation	0	She is sounding two noise	be_progressive	sounding	noise	sound	noise	0.362	omitted	USF:Cue_Target_Pairs.S:5100	no	yes	yes	yes	no	yes	
CAND_GRAM_002987	plus	candidate_pending_human_review			plurality_violation	0	She does not sound two noise	do_negation	sound	noise	sound	noise	0.362	omitted	USF:Cue_Target_Pairs.S:5100	no	yes	yes	yes	no	yes	
CAND_GRAM_002988	plus	candidate_pending_human_review			plurality_violation	0	Every day she sounds two noise	present_3s	sounds	noise	sound	noise	0.362	omitted	USF:Cue_Target_Pairs.S:5100	no	yes	yes	yes	no	yes	
CAND_GRAM_002989	plus	candidate_pending_human_review			plurality_violation	0	Last week she sounded two noise	simple_past	sounded	noise	sound	noise	0.362	omitted	USF:Cue_Target_Pairs.S:5100	no	yes	yes	yes	no	yes	
CAND_GRAM_002990	plus	candidate_pending_human_review			plurality_violation	0	He is sounding two noise	be_progressive	sounding	noise	sound	noise	0.362	omitted	USF:Cue_Target_Pairs.S:5100	no	yes	yes	yes	no	yes	
CAND_GRAM_002991	plus	candidate_pending_human_review			plurality_violation	0	He does not sound two noise	do_negation	sound	noise	sound	noise	0.362	omitted	USF:Cue_Target_Pairs.S:5100	no	yes	yes	yes	no	yes	
CAND_GRAM_002992	plus	candidate_pending_human_review			plurality_violation	0	Every day he sounds two noise	present_3s	sounds	noise	sound	noise	0.362	omitted	USF:Cue_Target_Pairs.S:5100	no	yes	yes	yes	no	yes	
CAND_GRAM_002993	plus	candidate_pending_human_review			plurality_violation	0	Last week he sounded two noise	simple_past	sounded	noise	sound	noise	0.362	omitted	USF:Cue_Target_Pairs.S:5100	no	yes	yes	yes	no	yes	
CAND_GRAM_002994	plus	candidate_pending_human_review			plurality_violation	0	They are sounding two noise	be_progressive	sounding	noise	sound	noise	0.362	omitted	USF:Cue_Target_Pairs.S:5100	no	yes	yes	yes	no	yes	
CAND_GRAM_002995	plus	candidate_pending_human_review			plurality_violation	0	They do not sound two noise	do_negation	sound	noise	sound	noise	0.362	omitted	USF:Cue_Target_Pairs.S:5100	no	yes	yes	yes	no	yes	
CAND_GRAM_002996	plus	candidate_pending_human_review			plurality_violation	0	Every day they sound two noise	present_3s	sound	noise	sound	noise	0.362	omitted	USF:Cue_Target_Pairs.S:5100	no	yes	yes	yes	no	yes	
CAND_GRAM_002997	plus	candidate_pending_human_review			plurality_violation	0	Last week they sounded two noise	simple_past	sounded	noise	sound	noise	0.362	omitted	USF:Cue_Target_Pairs.S:5100	no	yes	yes	yes	no	yes	
CAND_GRAM_002998	plus	candidate_pending_human_review			plurality_violation	0	She is sounding three noise	be_progressive	sounding	noise	sound	noise	0.362	omitted	USF:Cue_Target_Pairs.S:5100	no	yes	yes	yes	no	yes	
CAND_GRAM_002999	plus	candidate_pending_human_review			plurality_violation	0	She does not sound three noise	do_negation	sound	noise	sound	noise	0.362	omitted	USF:Cue_Target_Pairs.S:5100	no	yes	yes	yes	no	yes	
CAND_GRAM_003000	plus	candidate_pending_human_review			plurality_violation	0	Every day she sounds three noise	present_3s	sounds	noise	sound	noise	0.362	omitted	USF:Cue_Target_Pairs.S:5100	no	yes	yes	yes	no	yes	
CAND_GRAM_003001	plus	candidate_pending_human_review			plurality_violation	0	Last week she sounded three noise	simple_past	sounded	noise	sound	noise	0.362	omitted	USF:Cue_Target_Pairs.S:5100	no	yes	yes	yes	no	yes	
CAND_GRAM_003002	plus	candidate_pending_human_review			plurality_violation	0	He is sounding three noise	be_progressive	sounding	noise	sound	noise	0.362	omitted	USF:Cue_Target_Pairs.S:5100	no	yes	yes	yes	no	yes	
CAND_GRAM_003003	plus	candidate_pending_human_review			plurality_violation	0	He does not sound three noise	do_negation	sound	noise	sound	noise	0.362	omitted	USF:Cue_Target_Pairs.S:5100	no	yes	yes	yes	no	yes	
CAND_GRAM_003004	plus	candidate_pending_human_review			plurality_violation	0	Every day he sounds three noise	present_3s	sounds	noise	sound	noise	0.362	omitted	USF:Cue_Target_Pairs.S:5100	no	yes	yes	yes	no	yes	
CAND_GRAM_003005	plus	candidate_pending_human_review			plurality_violation	0	Last week he sounded three noise	simple_past	sounded	noise	sound	noise	0.362	omitted	USF:Cue_Target_Pairs.S:5100	no	yes	yes	yes	no	yes	
CAND_GRAM_003006	plus	candidate_pending_human_review			plurality_violation	0	They are sounding three noise	be_progressive	sounding	noise	sound	noise	0.362	omitted	USF:Cue_Target_Pairs.S:5100	no	yes	yes	yes	no	yes	
CAND_GRAM_003007	plus	candidate_pending_human_review			plurality_violation	0	They do not sound three noise	do_negation	sound	noise	sound	noise	0.362	omitted	USF:Cue_Target_Pairs.S:5100	no	yes	yes	yes	no	yes	
CAND_GRAM_003008	plus	candidate_pending_human_review			plurality_violation	0	Every day they sound three noise	present_3s	sound	noise	sound	noise	0.362	omitted	USF:Cue_Target_Pairs.S:5100	no	yes	yes	yes	no	yes	
CAND_GRAM_003009	plus	candidate_pending_human_review			plurality_violation	0	Last week they sounded three noise	simple_past	sounded	noise	sound	noise	0.362	omitted	USF:Cue_Target_Pairs.S:5100	no	yes	yes	yes	no	yes	
CAND_GRAM_003010	plus	candidate_pending_human_review			plurality_violation	0	She is sounding four noise	be_progressive	sounding	noise	sound	noise	0.362	omitted	USF:Cue_Target_Pairs.S:5100	no	yes	yes	yes	no	yes	
CAND_GRAM_003011	plus	candidate_pending_human_review			plurality_violation	0	She does not sound four noise	do_negation	sound	noise	sound	noise	0.362	omitted	USF:Cue_Target_Pairs.S:5100	no	yes	yes	yes	no	yes	
CAND_GRAM_003012	plus	candidate_pending_human_review			plurality_violation	0	Every day she sounds four noise	present_3s	sounds	noise	sound	noise	0.362	omitted	USF:Cue_Target_Pairs.S:5100	no	yes	yes	yes	no	yes	
CAND_GRAM_003013	plus	candidate_pending_human_review			plurality_violation	0	Last week she sounded four noise	simple_past	sounded	noise	sound	noise	0.362	omitted	USF:Cue_Target_Pairs.S:5100	no	yes	yes	yes	no	yes	
CAND_GRAM_003014	plus	candidate_pending_human_review			plurality_violation	0	He is sounding four noise	be_progressive	sounding	noise	sound	noise	0.362	omitted	USF:Cue_Target_Pairs.S:5100	no	yes	yes	yes	no	yes	
CAND_GRAM_003015	plus	candidate_pending_human_review			plurality_violation	0	He does not sound four noise	do_negation	sound	noise	sound	noise	0.362	omitted	USF:Cue_Target_Pairs.S:5100	no	yes	yes	yes	no	yes	
CAND_GRAM_003016	plus	candidate_pending_human_review			plurality_violation	0	Every day he sounds four noise	present_3s	sounds	noise	sound	noise	0.362	omitted	USF:Cue_Target_Pairs.S:5100	no	yes	yes	yes	no	yes	
CAND_GRAM_003017	plus	candidate_pending_human_review			plurality_violation	0	Last week he sounded four noise	simple_past	sounded	noise	sound	noise	0.362	omitted	USF:Cue_Target_Pairs.S:5100	no	yes	yes	yes	no	yes	
CAND_GRAM_003018	plus	candidate_pending_human_review			plurality_violation	0	They are sounding four noise	be_progressive	sounding	noise	sound	noise	0.362	omitted	USF:Cue_Target_Pairs.S:5100	no	yes	yes	yes	no	yes	
CAND_GRAM_003019	plus	candidate_pending_human_review			plurality_violation	0	They do not sound four noise	do_negation	sound	noise	sound	noise	0.362	omitted	USF:Cue_Target_Pairs.S:5100	no	yes	yes	yes	no	yes	
CAND_GRAM_003020	plus	candidate_pending_human_review			plurality_violation	0	Every day they sound four noise	present_3s	sound	noise	sound	noise	0.362	omitted	USF:Cue_Target_Pairs.S:5100	no	yes	yes	yes	no	yes	
CAND_GRAM_003021	plus	candidate_pending_human_review			plurality_violation	0	Last week they sounded four noise	simple_past	sounded	noise	sound	noise	0.362	omitted	USF:Cue_Target_Pairs.S:5100	no	yes	yes	yes	no	yes	
CAND_GRAM_003022	plus	candidate_pending_human_review			plurality_violation	0	She is sounding five noise	be_progressive	sounding	noise	sound	noise	0.362	omitted	USF:Cue_Target_Pairs.S:5100	no	yes	yes	yes	no	yes	
CAND_GRAM_003023	plus	candidate_pending_human_review			plurality_violation	0	She does not sound five noise	do_negation	sound	noise	sound	noise	0.362	omitted	USF:Cue_Target_Pairs.S:5100	no	yes	yes	yes	no	yes	
CAND_GRAM_003024	plus	candidate_pending_human_review			plurality_violation	0	Every day she sounds five noise	present_3s	sounds	noise	sound	noise	0.362	omitted	USF:Cue_Target_Pairs.S:5100	no	yes	yes	yes	no	yes	
CAND_GRAM_003025	plus	candidate_pending_human_review			plurality_violation	0	Last week she sounded five noise	simple_past	sounded	noise	sound	noise	0.362	omitted	USF:Cue_Target_Pairs.S:5100	no	yes	yes	yes	no	yes	
CAND_GRAM_003026	plus	candidate_pending_human_review			plurality_violation	0	He is sounding five noise	be_progressive	sounding	noise	sound	noise	0.362	omitted	USF:Cue_Target_Pairs.S:5100	no	yes	yes	yes	no	yes	
CAND_GRAM_003027	plus	candidate_pending_human_review			plurality_violation	0	He does not sound five noise	do_negation	sound	noise	sound	noise	0.362	omitted	USF:Cue_Target_Pairs.S:5100	no	yes	yes	yes	no	yes	
CAND_GRAM_003028	plus	candidate_pending_human_review			plurality_violation	0	Every day he sounds five noise	present_3s	sounds	noise	sound	noise	0.362	omitted	USF:Cue_Target_Pairs.S:5100	no	yes	yes	yes	no	yes	
CAND_GRAM_003029	plus	candidate_pending_human_review			plurality_violation	0	Last week he sounded five noise	simple_past	sounded	noise	sound	noise	0.362	omitted	USF:Cue_Target_Pairs.S:5100	no	yes	yes	yes	no	yes	
CAND_GRAM_003030	plus	candidate_pending_human_review			plurality_violation	0	They are sounding five noise	be_progressive	sounding	noise	sound	noise	0.362	omitted	USF:Cue_Target_Pairs.S:5100	no	yes	yes	yes	no	yes	
CAND_GRAM_003031	plus	candidate_pending_human_review			plurality_violation	0	They do not sound five noise	do_negation	sound	noise	sound	noise	0.362	omitted	USF:Cue_Target_Pairs.S:5100	no	yes	yes	yes	no	yes	
CAND_GRAM_003032	plus	candidate_pending_human_review			plurality_violation	0	Every day they sound five noise	present_3s	sound	noise	sound	noise	0.362	omitted	USF:Cue_Target_Pairs.S:5100	no	yes	yes	yes	no	yes	
CAND_GRAM_003033	plus	candidate_pending_human_review			plurality_violation	0	Last week they sounded five noise	simple_past	sounded	noise	sound	noise	0.362	omitted	USF:Cue_Target_Pairs.S:5100	no	yes	yes	yes	no	yes	
CAND_GRAM_003034	plus	candidate_pending_human_review			plurality_violation	0	She is sounding six noise	be_progressive	sounding	noise	sound	noise	0.362	omitted	USF:Cue_Target_Pairs.S:5100	no	yes	yes	yes	no	yes	
CAND_GRAM_003035	plus	candidate_pending_human_review			plurality_violation	0	She does not sound six noise	do_negation	sound	noise	sound	noise	0.362	omitted	USF:Cue_Target_Pairs.S:5100	no	yes	yes	yes	no	yes	
CAND_GRAM_003036	plus	candidate_pending_human_review			plurality_violation	0	Every day she sounds six noise	present_3s	sounds	noise	sound	noise	0.362	omitted	USF:Cue_Target_Pairs.S:5100	no	yes	yes	yes	no	yes	
CAND_GRAM_003037	plus	candidate_pending_human_review			plurality_violation	0	Last week she sounded six noise	simple_past	sounded	noise	sound	noise	0.362	omitted	USF:Cue_Target_Pairs.S:5100	no	yes	yes	yes	no	yes	
CAND_GRAM_003038	plus	candidate_pending_human_review			plurality_violation	0	He is sounding six noise	be_progressive	sounding	noise	sound	noise	0.362	omitted	USF:Cue_Target_Pairs.S:5100	no	yes	yes	yes	no	yes	
CAND_GRAM_003039	plus	candidate_pending_human_review			plurality_violation	0	He does not sound six noise	do_negation	sound	noise	sound	noise	0.362	omitted	USF:Cue_Target_Pairs.S:5100	no	yes	yes	yes	no	yes	
CAND_GRAM_003040	plus	candidate_pending_human_review			plurality_violation	0	Every day he sounds six noise	present_3s	sounds	noise	sound	noise	0.362	omitted	USF:Cue_Target_Pairs.S:5100	no	yes	yes	yes	no	yes	
CAND_GRAM_003041	plus	candidate_pending_human_review			plurality_violation	0	Last week he sounded six noise	simple_past	sounded	noise	sound	noise	0.362	omitted	USF:Cue_Target_Pairs.S:5100	no	yes	yes	yes	no	yes	
CAND_GRAM_003042	plus	candidate_pending_human_review			plurality_violation	0	They are sounding six noise	be_progressive	sounding	noise	sound	noise	0.362	omitted	USF:Cue_Target_Pairs.S:5100	no	yes	yes	yes	no	yes	
CAND_GRAM_003043	plus	candidate_pending_human_review			plurality_violation	0	They do not sound six noise	do_negation	sound	noise	sound	noise	0.362	omitted	USF:Cue_Target_Pairs.S:5100	no	yes	yes	yes	no	yes	
CAND_GRAM_003044	plus	candidate_pending_human_review			plurality_violation	0	Every day they sound six noise	present_3s	sound	noise	sound	noise	0.362	omitted	USF:Cue_Target_Pairs.S:5100	no	yes	yes	yes	no	yes	
CAND_GRAM_003045	plus	candidate_pending_human_review			plurality_violation	0	Last week they sounded six noise	simple_past	sounded	noise	sound	noise	0.362	omitted	USF:Cue_Target_Pairs.S:5100	no	yes	yes	yes	no	yes	
CAND_GRAM_003046	plus	candidate_pending_human_review			plurality_violation	0	She is breathing one airs	be_progressive	breathing	airs	breathe	air	0.368	added	USF:Cue_Target_Pairs.A-B:7355	no	yes	yes	yes	no	yes	
CAND_GRAM_003047	plus	candidate_pending_human_review			plurality_violation	0	She does not breathe one airs	do_negation	breathe	airs	breathe	air	0.368	added	USF:Cue_Target_Pairs.A-B:7355	no	yes	yes	yes	no	yes	
CAND_GRAM_003048	plus	candidate_pending_human_review			plurality_violation	0	Every day she breathes one airs	present_3s	breathes	airs	breathe	air	0.368	added	USF:Cue_Target_Pairs.A-B:7355	no	yes	yes	yes	no	yes	
CAND_GRAM_003049	plus	candidate_pending_human_review			plurality_violation	0	Last week she breathed one airs	simple_past	breathed	airs	breathe	air	0.368	added	USF:Cue_Target_Pairs.A-B:7355	no	yes	yes	yes	no	yes	
CAND_GRAM_003050	plus	candidate_pending_human_review			plurality_violation	0	He is breathing one airs	be_progressive	breathing	airs	breathe	air	0.368	added	USF:Cue_Target_Pairs.A-B:7355	no	yes	yes	yes	no	yes	
CAND_GRAM_003051	plus	candidate_pending_human_review			plurality_violation	0	He does not breathe one airs	do_negation	breathe	airs	breathe	air	0.368	added	USF:Cue_Target_Pairs.A-B:7355	no	yes	yes	yes	no	yes	
CAND_GRAM_003052	plus	candidate_pending_human_review			plurality_violation	0	Every day he breathes one airs	present_3s	breathes	airs	breathe	air	0.368	added	USF:Cue_Target_Pairs.A-B:7355	no	yes	yes	yes	no	yes	
CAND_GRAM_003053	plus	candidate_pending_human_review			plurality_violation	0	Last week he breathed one airs	simple_past	breathed	airs	breathe	air	0.368	added	USF:Cue_Target_Pairs.A-B:7355	no	yes	yes	yes	no	yes	
CAND_GRAM_003054	plus	candidate_pending_human_review			plurality_violation	0	They are breathing one airs	be_progressive	breathing	airs	breathe	air	0.368	added	USF:Cue_Target_Pairs.A-B:7355	no	yes	yes	yes	no	yes	
CAND_GRAM_003055	plus	candidate_pending_human_review			plurality_violation	0	They do not breathe one airs	do_negation	breathe	airs	breathe	air	0.368	added	USF:Cue_Target_Pairs.A-B:7355	no	yes	yes	yes	no	yes	
CAND_GRAM_003056	plus	candidate_pending_human_review			plurality_violation	0	Every day they breathe one airs	present_3s	breathe	airs	breathe	air	0.368	added	USF:Cue_Target_Pairs.A-B:7355	no	yes	yes	yes	no	yes	
CAND_GRAM_003057	plus	candidate_pending_human_review			plurality_violation	0	Last week they breathed one airs	simple_past	breathed	airs	breathe	air	0.368	added	USF:Cue_Target_Pairs.A-B:7355	no	yes	yes	yes	no	yes	
CAND_GRAM_003058	plus	candidate_pending_human_review			plurality_violation	0	She is breathing two air	be_progressive	breathing	air	breathe	air	0.368	omitted	USF:Cue_Target_Pairs.A-B:7355	no	yes	yes	yes	no	yes	
CAND_GRAM_003059	plus	candidate_pending_human_review			plurality_violation	0	She does not breathe two air	do_negation	breathe	air	breathe	air	0.368	omitted	USF:Cue_Target_Pairs.A-B:7355	no	yes	yes	yes	no	yes	
CAND_GRAM_003060	plus	candidate_pending_human_review			plurality_violation	0	Every day she breathes two air	present_3s	breathes	air	breathe	air	0.368	omitted	USF:Cue_Target_Pairs.A-B:7355	no	yes	yes	yes	no	yes	
CAND_GRAM_003061	plus	candidate_pending_human_review			plurality_violation	0	Last week she breathed two air	simple_past	breathed	air	breathe	air	0.368	omitted	USF:Cue_Target_Pairs.A-B:7355	no	yes	yes	yes	no	yes	
CAND_GRAM_003062	plus	candidate_pending_human_review			plurality_violation	0	He is breathing two air	be_progressive	breathing	air	breathe	air	0.368	omitted	USF:Cue_Target_Pairs.A-B:7355	no	yes	yes	yes	no	yes	
CAND_GRAM_003063	plus	candidate_pending_human_review			plurality_violation	0	He does not breathe two air	do_negation	breathe	air	breathe	air	0.368	omitted	USF:Cue_Target_Pairs.A-B:7355	no	yes	yes	yes	no	yes	
CAND_GRAM_003064	plus	candidate_pending_human_review			plurality_violation	0	Every day he breathes two air	present_3s	breathes	air	breathe	air	0.368	omitted	USF:Cue_Target_Pairs.A-B:7355	no	yes	yes	yes	no	yes	
CAND_GRAM_003065	plus	candidate_pending_human_review			plurality_violation	0	Last week he breathed two air	simple_past	breathed	air	breathe	air	0.368	omitted	USF:Cue_Target_Pairs.A-B:7355	no	yes	yes	yes	no	yes	
CAND_GRAM_003066	plus	candidate_pending_human_review			plurality_violation	0	They are breathing two air	be_progressive	breathing	air	breathe	air	0.368	omitted	USF:Cue_Target_Pairs.A-B:7355	no	yes	yes	yes	no	yes	
CAND_GRAM_003067	plus	candidate_pending_human_review			plurality_violation	0	They do not breathe two air	do_negation	breathe	air	breathe	air	0.368	omitted	USF:Cue_Target_Pairs.A-B:7355	no	yes	yes	yes	no	yes	
CAND_GRAM_003068	plus	candidate_pending_human_review			plurality_violation	0	Every day they breathe two air	present_3s	breathe	air	breathe	air	0.368	omitted	USF:Cue_Target_Pairs.A-B:7355	no	yes	yes	yes	no	yes	
CAND_GRAM_003069	plus	candidate_pending_human_review			plurality_violation	0	Last week they breathed two air	simple_past	breathed	air	breathe	air	0.368	omitted	USF:Cue_Target_Pairs.A-B:7355	no	yes	yes	yes	no	yes	
CAND_GRAM_003070	plus	candidate_pending_human_review			plurality_violation	0	She is breathing three air	be_progressive	breathing	air	breathe	air	0.368	omitted	USF:Cue_Target_Pairs.A-B:7355	no	yes	yes	yes	no	yes	
CAND_GRAM_003071	plus	candidate_pending_human_review			plurality_violation	0	She does not breathe three air	do_negation	breathe	air	breathe	air	0.368	omitted	USF:Cue_Target_Pairs.A-B:7355	no	yes	yes	yes	no	yes	
CAND_GRAM_003072	plus	candidate_pending_human_review			plurality_violation	0	Every day she breathes three air	present_3s	breathes	air	breathe	air	0.368	omitted	USF:Cue_Target_Pairs.A-B:7355	no	yes	yes	yes	no	yes	
CAND_GRAM_003073	plus	candidate_pending_human_review			plurality_violation	0	Last week she breathed three air	simple_past	breathed	air	breathe	air	0.368	omitted	USF:Cue_Target_Pairs.A-B:7355	no	yes	yes	yes	no	yes	
CAND_GRAM_003074	plus	candidate_pending_human_review			plurality_violation	0	He is breathing three air	be_progressive	breathing	air	breathe	air	0.368	omitted	USF:Cue_Target_Pairs.A-B:7355	no	yes	yes	yes	no	yes	
CAND_GRAM_003075	plus	candidate_pending_human_review			plurality_violation	0	He does not breathe three air	do_negation	breathe	air	breathe	air	0.368	omitted	USF:Cue_Target_Pairs.A-B:7355	no	yes	yes	yes	no	yes	
CAND_GRAM_003076	plus	candidate_pending_human_review			plurality_violation	0	Every day he breathes three air	present_3s	breathes	air	breathe	air	0.368	omitted	USF:Cue_Target_Pairs.A-B:7355	no	yes	yes	yes	no	yes	
CAND_GRAM_003077	plus	candidate_pending_human_review			plurality_violation	0	Last week he breathed three air	simple_past	breathed	air	breathe	air	0.368	omitted	USF:Cue_Target_Pairs.A-B:7355	no	yes	yes	yes	no	yes	
CAND_GRAM_003078	plus	candidate_pending_human_review			plurality_violation	0	They are breathing three air	be_progressive	breathing	air	breathe	air	0.368	omitted	USF:Cue_Target_Pairs.A-B:7355	no	yes	yes	yes	no	yes	
CAND_GRAM_003079	plus	candidate_pending_human_review			plurality_violation	0	They do not breathe three air	do_negation	breathe	air	breathe	air	0.368	omitted	USF:Cue_Target_Pairs.A-B:7355	no	yes	yes	yes	no	yes	
CAND_GRAM_003080	plus	candidate_pending_human_review			plurality_violation	0	Every day they breathe three air	present_3s	breathe	air	breathe	air	0.368	omitted	USF:Cue_Target_Pairs.A-B:7355	no	yes	yes	yes	no	yes	
CAND_GRAM_003081	plus	candidate_pending_human_review			plurality_violation	0	Last week they breathed three air	simple_past	breathed	air	breathe	air	0.368	omitted	USF:Cue_Target_Pairs.A-B:7355	no	yes	yes	yes	no	yes	
CAND_GRAM_003082	plus	candidate_pending_human_review			plurality_violation	0	She is breathing four air	be_progressive	breathing	air	breathe	air	0.368	omitted	USF:Cue_Target_Pairs.A-B:7355	no	yes	yes	yes	no	yes	
CAND_GRAM_003083	plus	candidate_pending_human_review			plurality_violation	0	She does not breathe four air	do_negation	breathe	air	breathe	air	0.368	omitted	USF:Cue_Target_Pairs.A-B:7355	no	yes	yes	yes	no	yes	
CAND_GRAM_003084	plus	candidate_pending_human_review			plurality_violation	0	Every day she breathes four air	present_3s	breathes	air	breathe	air	0.368	omitted	USF:Cue_Target_Pairs.A-B:7355	no	yes	yes	yes	no	yes	
CAND_GRAM_003085	plus	candidate_pending_human_review			plurality_violation	0	Last week she breathed four air	simple_past	breathed	air	breathe	air	0.368	omitted	USF:Cue_Target_Pairs.A-B:7355	no	yes	yes	yes	no	yes	
CAND_GRAM_003086	plus	candidate_pending_human_review			plurality_violation	0	He is breathing four air	be_progressive	breathing	air	breathe	air	0.368	omitted	USF:Cue_Target_Pairs.A-B:7355	no	yes	yes	yes	no	yes	
CAND_GRAM_003087	plus	candidate_pending_human_review			plurality_violation	0	He does not breathe four air	do_negation	breathe	air	breathe	air	0.368	omitted	USF:Cue_Target_Pairs.A-B:7355	no	yes	yes	yes	no	yes	
CAND_GRAM_003088	plus	candidate_pending_human_review			plurality_violation	0	Every day he breathes four air	present_3s	breathes	air	breathe	air	0.368	omitted	USF:Cue_Target_Pairs.A-B:7355	no	yes	yes	yes	no	yes	
CAND_GRAM_003089	plus	candidate_pending_human_review			plurality_violation	0	Last week he breathed four air	simple_past	breathed	air	breathe	air	0.368	omitted	USF:Cue_Target_Pairs.A-B:7355	no	yes	yes	yes	no	yes	
CAND_GRAM_003090	plus	candidate_pending_human_review			plurality_violation	0	They are breathing four air	be_progressive	breathing	air	breathe	air	0.368	omitted	USF:Cue_Target_Pairs.A-B:7355	no	yes	yes	yes	no	yes	
CAND_GRAM_003091	plus	candidate_pending_human_review			plurality_violation	0	They do not breathe four air	do_negation	breathe	air	breathe	air	0.368	omitted	USF:Cue_Target_Pairs.A-B:7355	no	yes	yes	yes	no	yes	
CAND_GRAM_003092	plus	candidate_pending_human_review			plurality_violation	0	Every day they breathe four air	present_3s	breathe	air	breathe	air	0.368	omitted	USF:Cue_Target_Pairs.A-B:7355	no	yes	yes	yes	no	yes	
CAND_GRAM_003093	plus	candidate_pending_human_review			plurality_violation	0	Last week they breathed four air	simple_past	breathed	air	breathe	air	0.368	omitted	USF:Cue_Target_Pairs.A-B:7355	no	yes	yes	yes	no	yes	
CAND_GRAM_003094	plus	candidate_pending_human_review			plurality_violation	0	She is breathing five air	be_progressive	breathing	air	breathe	air	0.368	omitted	USF:Cue_Target_Pairs.A-B:7355	no	yes	yes	yes	no	yes	
CAND_GRAM_003095	plus	candidate_pending_human_review			plurality_violation	0	She does not breathe five air	do_negation	breathe	air	breathe	air	0.368	omitted	USF:Cue_Target_Pairs.A-B:7355	no	yes	yes	yes	no	yes	
CAND_GRAM_003096	plus	candidate_pending_human_review			plurality_violation	0	Every day she breathes five air	present_3s	breathes	air	breathe	air	0.368	omitted	USF:Cue_Target_Pairs.A-B:7355	no	yes	yes	yes	no	yes	
CAND_GRAM_003097	plus	candidate_pending_human_review			plurality_violation	0	Last week she breathed five air	simple_past	breathed	air	breathe	air	0.368	omitted	USF:Cue_Target_Pairs.A-B:7355	no	yes	yes	yes	no	yes	
CAND_GRAM_003098	plus	candidate_pending_human_review			plurality_violation	0	He is breathing five air	be_progressive	breathing	air	breathe	air	0.368	omitted	USF:Cue_Target_Pairs.A-B:7355	no	yes	yes	yes	no	yes	
CAND_GRAM_003099	plus	candidate_pending_human_review			plurality_violation	0	He does not breathe five air	do_negation	breathe	air	breathe	air	0.368	omitted	USF:Cue_Target_Pairs.A-B:7355	no	yes	yes	yes	no	yes	
CAND_GRAM_003100	plus	candidate_pending_human_review			plurality_violation	0	Every day he breathes five air	present_3s	breathes	air	breathe	air	0.368	omitted	USF:Cue_Target_Pairs.A-B:7355	no	yes	yes	yes	no	yes	
