item_id	task	condition	binary_label	split	stimulus_origin	adaptation_eligibility	original_trial_type	original_stimulus_file	source_resource	source_record_id	word1	word2	sentence	word1_ipa	word2_ipa	sentence_ipa	template_id	critical_word	critical_region	association_forward	association_backward	word1_subtlex	word2_subtlex	mean_content_subtlex	word1_n_phonemes	word2_n_phonemes	sentence_n_phonemes	word1_n_syllables	word2_n_syllables	childes_count_word1	childes_count_word2	subject	verb_lemma	verb_surface	object_lemma	object_surface	number_word	negation	overlap_ds003604_exact	overlap_ds003604_critical_vocab	qc_pass	qc_notes	shared_onset	shared_rime	shared_phoneme_count	phonological_relation_verified	cue	target	FSG	BSG	verb_object_FSG	verb_object_BSG	congruence_level	template_family	grammar_subtype	violation_type	violation_location	expected_form	observed_form	childes_count_verb	childes_count_object	content_word_childes_counts
GRAM_0001	Grammaticality	finiteness_violation	0	train	plus	human_reviewed_selected			USF+ds003604-template-abstraction	USF:Cue_Target_Pairs.A-B:7781			Every day he buckle one belt			"[""ɛ"", ""v"", ""ɹ"", ""i"", ""d"", ""eɪ"", ""h"", ""iː"", ""b"", ""ʌ"", ""k"", ""ə"", ""l"", ""w"", ""ʌ"", ""n"", ""b"", ""ɛ"", ""l"", ""t""]"	present_3s	belt	buckles belt	0.667	0.213			4.044457183487992			20					he	buckle	buckle	belt	belt	one	0	0	0	1										0.667	0.213	finiteness_violation	present_3s	finiteness_violation	omitted	verb_phrase	buckles	buckle	191	538	"{""belt"": 538, ""buckle"": 191}"
GRAM_0002	Grammaticality	finiteness_violation	0	train	plus	human_reviewed_selected			USF+ds003604-template-abstraction	USF:Cue_Target_Pairs.C:6319			Every day he crawl one baby			"[""ɛ"", ""v"", ""ɹ"", ""i"", ""d"", ""eɪ"", ""h"", ""iː"", ""k"", ""ɹ"", ""ɔ"", ""l"", ""w"", ""ʌ"", ""n"", ""b"", ""eɪ"", ""b"", ""i""]"	present_3s	baby	crawls baby	0.345	0.0			4.893816865704922			19					he	crawl	crawl	baby	baby	one	0	0	0	1										0.345	0.0	finiteness_violation	present_3s	finiteness_violation	omitted	verb_phrase	crawls	crawl	396	23715	"{""baby"": 23715, ""crawl"": 396}"
GRAM_0003	Grammaticality	finiteness_violation	0	train	plus	human_reviewed_selected			USF+ds003604-template-abstraction	USF:Cue_Target_Pairs.D-F:8939			Every day he fold one letter			"[""ɛ"", ""v"", ""ɹ"", ""i"", ""d"", ""eɪ"", ""h"", ""iː"", ""f"", ""oʊ"", ""l"", ""d"", ""w"", ""ʌ"", ""n"", ""l"", ""ɛ"", ""t"", ""ə"", ""ɹ""]"	present_3s	letter	folds letter	0.026	0.0			4.426451891708581			20					he	fold	fold	letter	letter	one	0	0	0	1										0.026	0.0	finiteness_violation	present_3s	finiteness_violation	omitted	verb_phrase	folds	fold	351	1678	"{""fold"": 351, ""letter"": 1678}"
GRAM_0004	Grammaticality	finiteness_violation	0	train	plus	human_reviewed_selected			USF+ds003604-template-abstraction	USF:Cue_Target_Pairs.S:1140			Every day he screw one driver			"[""ɛ"", ""v"", ""ɹ"", ""i"", ""d"", ""eɪ"", ""h"", ""iː"", ""s"", ""k"", ""ɹ"", ""uː"", ""w"", ""ʌ"", ""n"", ""d"", ""ɹ"", ""aɪ"", ""v"", ""ə"", ""ɹ""]"	present_3s	driver	screws driver	0.302	0.0			4.6247222328466515			21					he	screw	screw	driver	driver	one	0	0	0	1										0.302	0.0	finiteness_violation	present_3s	finiteness_violation	omitted	verb_phrase	screws	screw	816	850	"{""driver"": 850, ""screw"": 816}"
GRAM_0005	Grammaticality	finiteness_violation	0	train	plus	human_reviewed_selected			USF+ds003604-template-abstraction	USF:Cue_Target_Pairs.A-B:7781			Every day she buckle one belt			"[""ɛ"", ""v"", ""ɹ"", ""i"", ""d"", ""eɪ"", ""ʃ"", ""iː"", ""b"", ""ʌ"", ""k"", ""ə"", ""l"", ""w"", ""ʌ"", ""n"", ""b"", ""ɛ"", ""l"", ""t""]"	present_3s	belt	buckles belt	0.667	0.213			4.044457183487992			20					she	buckle	buckle	belt	belt	one	0	0	0	1										0.667	0.213	finiteness_violation	present_3s	finiteness_violation	omitted	verb_phrase	buckles	buckle	191	538	"{""belt"": 538, ""buckle"": 191}"
GRAM_0006	Grammaticality	finiteness_violation	0	train	plus	human_reviewed_selected			USF+ds003604-template-abstraction	USF:Cue_Target_Pairs.A-B:7781			Every day she buckle two belts			"[""ɛ"", ""v"", ""ɹ"", ""i"", ""d"", ""eɪ"", ""ʃ"", ""iː"", ""b"", ""ʌ"", ""k"", ""ə"", ""l"", ""t"", ""uː"", ""b"", ""ɛ"", ""l"", ""t"", ""s""]"	present_3s	belts	buckles belts	0.667	0.213			4.044457183487992			20					she	buckle	buckle	belt	belts	two	0	0	0	1										0.667	0.213	finiteness_violation	present_3s	finiteness_violation	omitted	verb_phrase	buckles	buckle	191	538	"{""belt"": 538, ""buckle"": 191}"
GRAM_0007	Grammaticality	finiteness_violation	0	train	plus	human_reviewed_selected			USF+ds003604-template-abstraction	USF:Cue_Target_Pairs.C:6319			Every day she crawl one baby			"[""ɛ"", ""v"", ""ɹ"", ""i"", ""d"", ""eɪ"", ""ʃ"", ""iː"", ""k"", ""ɹ"", ""ɔ"", ""l"", ""w"", ""ʌ"", ""n"", ""b"", ""eɪ"", ""b"", ""i""]"	present_3s	baby	crawls baby	0.345	0.0			4.893816865704922			19					she	crawl	crawl	baby	baby	one	0	0	0	1										0.345	0.0	finiteness_violation	present_3s	finiteness_violation	omitted	verb_phrase	crawls	crawl	396	23715	"{""baby"": 23715, ""crawl"": 396}"
GRAM_0008	Grammaticality	finiteness_violation	0	train	plus	human_reviewed_selected			USF+ds003604-template-abstraction	USF:Cue_Target_Pairs.C:6319			Every day she crawl two babies			"[""ɛ"", ""v"", ""ɹ"", ""i"", ""d"", ""eɪ"", ""ʃ"", ""iː"", ""k"", ""ɹ"", ""ɔ"", ""l"", ""t"", ""uː"", ""b"", ""eɪ"", ""b"", ""i"", ""z""]"	present_3s	babies	crawls babies	0.345	0.0			4.893816865704922			19					she	crawl	crawl	baby	babies	two	0	0	0	1										0.345	0.0	finiteness_violation	present_3s	finiteness_violation	omitted	verb_phrase	crawls	crawl	396	23715	"{""baby"": 23715, ""crawl"": 396}"
GRAM_0009	Grammaticality	finiteness_violation	0	train	plus	human_reviewed_selected			USF+ds003604-template-abstraction	USF:Cue_Target_Pairs.D-F:8939			Every day she fold one letter			"[""ɛ"", ""v"", ""ɹ"", ""i"", ""d"", ""eɪ"", ""ʃ"", ""iː"", ""f"", ""oʊ"", ""l"", ""d"", ""w"", ""ʌ"", ""n"", ""l"", ""ɛ"", ""t"", ""ə"", ""ɹ""]"	present_3s	letter	folds letter	0.026	0.0			4.426451891708581			20					she	fold	fold	letter	letter	one	0	0	0	1										0.026	0.0	finiteness_violation	present_3s	finiteness_violation	omitted	verb_phrase	folds	fold	351	1678	"{""fold"": 351, ""letter"": 1678}"
GRAM_0010	Grammaticality	finiteness_violation	0	train	plus	human_reviewed_selected			USF+ds003604-template-abstraction	USF:Cue_Target_Pairs.D-F:8939			Every day she fold two letters			"[""ɛ"", ""v"", ""ɹ"", ""i"", ""d"", ""eɪ"", ""ʃ"", ""iː"", ""f"", ""oʊ"", ""l"", ""d"", ""t"", ""uː"", ""l"", ""ɛ"", ""t"", ""ə"", ""ɹ"", ""z""]"	present_3s	letters	folds letters	0.026	0.0			4.426451891708581			20					she	fold	fold	letter	letters	two	0	0	0	1										0.026	0.0	finiteness_violation	present_3s	finiteness_violation	omitted	verb_phrase	folds	fold	351	1678	"{""fold"": 351, ""letter"": 1678}"
GRAM_0011	Grammaticality	finiteness_violation	0	train	plus	human_reviewed_selected			USF+ds003604-template-abstraction	USF:Cue_Target_Pairs.S:1140			Every day she screw four drivers			"[""ɛ"", ""v"", ""ɹ"", ""i"", ""d"", ""eɪ"", ""ʃ"", ""iː"", ""s"", ""k"", ""ɹ"", ""uː"", ""f"", ""ɔ"", ""ɹ"", ""d"", ""ɹ"", ""aɪ"", ""v"", ""ə"", ""ɹ"", ""z""]"	present_3s	drivers	screws drivers	0.302	0.0			4.6247222328466515			22					she	screw	screw	driver	drivers	four	0	0	0	1										0.302	0.0	finiteness_violation	present_3s	finiteness_violation	omitted	verb_phrase	screws	screw	816	850	"{""driver"": 850, ""screw"": 816}"
GRAM_0012	Grammaticality	finiteness_violation	0	train	plus	human_reviewed_selected			USF+ds003604-template-abstraction	USF:Cue_Target_Pairs.S:1140			Every day she screw one driver			"[""ɛ"", ""v"", ""ɹ"", ""i"", ""d"", ""eɪ"", ""ʃ"", ""iː"", ""s"", ""k"", ""ɹ"", ""uː"", ""w"", ""ʌ"", ""n"", ""d"", ""ɹ"", ""aɪ"", ""v"", ""ə"", ""ɹ""]"	present_3s	driver	screws driver	0.302	0.0			4.6247222328466515			21					she	screw	screw	driver	driver	one	0	0	0	1										0.302	0.0	finiteness_violation	present_3s	finiteness_violation	omitted	verb_phrase	screws	screw	816	850	"{""driver"": 850, ""screw"": 816}"
GRAM_0013	Grammaticality	finiteness_violation	0	train	plus	human_reviewed_selected			USF+ds003604-template-abstraction	USF:Cue_Target_Pairs.A-B:7781			Every day they buckles four belts			"[""ɛ"", ""v"", ""ɹ"", ""i"", ""d"", ""eɪ"", ""ð"", ""eɪ"", ""b"", ""ʌ"", ""k"", ""ə"", ""l"", ""z"", ""f"", ""ɔ"", ""ɹ"", ""b"", ""ɛ"", ""l"", ""t"", ""s""]"	present_3s	belts	buckle belts	0.667	0.213			4.044457183487992			22					they	buckle	buckles	belt	belts	four	0	0	0	1										0.667	0.213	finiteness_violation	present_3s	finiteness_violation	added	verb_phrase	buckle	buckles	191	538	"{""belt"": 538, ""buckle"": 191}"
GRAM_0014	Grammaticality	finiteness_violation	0	train	plus	human_reviewed_selected			USF+ds003604-template-abstraction	USF:Cue_Target_Pairs.A-B:7781			Every day they buckles one belt			"[""ɛ"", ""v"", ""ɹ"", ""i"", ""d"", ""eɪ"", ""ð"", ""eɪ"", ""b"", ""ʌ"", ""k"", ""ə"", ""l"", ""z"", ""w"", ""ʌ"", ""n"", ""b"", ""ɛ"", ""l"", ""t""]"	present_3s	belt	buckle belt	0.667	0.213			4.044457183487992			21					they	buckle	buckles	belt	belt	one	0	0	0	1										0.667	0.213	finiteness_violation	present_3s	finiteness_violation	added	verb_phrase	buckle	buckles	191	538	"{""belt"": 538, ""buckle"": 191}"
GRAM_0015	Grammaticality	finiteness_violation	0	train	plus	human_reviewed_selected			USF+ds003604-template-abstraction	USF:Cue_Target_Pairs.C:6319			Every day they crawls one baby			"[""ɛ"", ""v"", ""ɹ"", ""i"", ""d"", ""eɪ"", ""ð"", ""eɪ"", ""k"", ""ɹ"", ""ɔ"", ""l"", ""z"", ""w"", ""ʌ"", ""n"", ""b"", ""eɪ"", ""b"", ""i""]"	present_3s	baby	crawl baby	0.345	0.0			4.893816865704922			20					they	crawl	crawls	baby	baby	one	0	0	0	1										0.345	0.0	finiteness_violation	present_3s	finiteness_violation	added	verb_phrase	crawl	crawls	396	23715	"{""baby"": 23715, ""crawl"": 396}"
GRAM_0016	Grammaticality	finiteness_violation	0	train	plus	human_reviewed_selected			USF+ds003604-template-abstraction	USF:Cue_Target_Pairs.C:6319			Every day they crawls six babies			"[""ɛ"", ""v"", ""ɹ"", ""i"", ""d"", ""eɪ"", ""ð"", ""eɪ"", ""k"", ""ɹ"", ""ɔ"", ""l"", ""z"", ""s"", ""ɪ"", ""k"", ""s"", ""b"", ""eɪ"", ""b"", ""i"", ""z""]"	present_3s	babies	crawl babies	0.345	0.0			4.893816865704922			22					they	crawl	crawls	baby	babies	six	0	0	0	1										0.345	0.0	finiteness_violation	present_3s	finiteness_violation	added	verb_phrase	crawl	crawls	396	23715	"{""baby"": 23715, ""crawl"": 396}"
GRAM_0017	Grammaticality	finiteness_violation	0	train	plus	human_reviewed_selected			USF+ds003604-template-abstraction	USF:Cue_Target_Pairs.D-F:8939			Every day they folds one letter			"[""ɛ"", ""v"", ""ɹ"", ""i"", ""d"", ""eɪ"", ""ð"", ""eɪ"", ""f"", ""oʊ"", ""l"", ""d"", ""z"", ""w"", ""ʌ"", ""n"", ""l"", ""ɛ"", ""t"", ""ə"", ""ɹ""]"	present_3s	letter	fold letter	0.026	0.0			4.426451891708581			21					they	fold	folds	letter	letter	one	0	0	0	1										0.026	0.0	finiteness_violation	present_3s	finiteness_violation	added	verb_phrase	fold	folds	351	1678	"{""fold"": 351, ""letter"": 1678}"
GRAM_0018	Grammaticality	finiteness_violation	0	train	plus	human_reviewed_selected			USF+ds003604-template-abstraction	USF:Cue_Target_Pairs.S:1140			Every day they screws one driver			"[""ɛ"", ""v"", ""ɹ"", ""i"", ""d"", ""eɪ"", ""ð"", ""eɪ"", ""s"", ""k"", ""ɹ"", ""uː"", ""z"", ""w"", ""ʌ"", ""n"", ""d"", ""ɹ"", ""aɪ"", ""v"", ""ə"", ""ɹ""]"	present_3s	driver	screw driver	0.302	0.0			4.6247222328466515			22					they	screw	screws	driver	driver	one	0	0	0	1										0.302	0.0	finiteness_violation	present_3s	finiteness_violation	added	verb_phrase	screw	screws	816	850	"{""driver"": 850, ""screw"": 816}"
GRAM_0019	Grammaticality	finiteness_violation	0	train	plus	human_reviewed_selected			USF+ds003604-template-abstraction	USF:Cue_Target_Pairs.S:1140			Every day they screws two drivers			"[""ɛ"", ""v"", ""ɹ"", ""i"", ""d"", ""eɪ"", ""ð"", ""eɪ"", ""s"", ""k"", ""ɹ"", ""uː"", ""z"", ""t"", ""uː"", ""d"", ""ɹ"", ""aɪ"", ""v"", ""ə"", ""ɹ"", ""z""]"	present_3s	drivers	screw drivers	0.302	0.0			4.6247222328466515			22					they	screw	screws	driver	drivers	two	0	0	0	1										0.302	0.0	finiteness_violation	present_3s	finiteness_violation	added	verb_phrase	screw	screws	816	850	"{""driver"": 850, ""screw"": 816}"
GRAM_0020	Grammaticality	finiteness_violation	0	train	plus	human_reviewed_selected			USF+ds003604-template-abstraction	USF:Cue_Target_Pairs.A-B:7781			He are buckling four belts			"[""h"", ""iː"", ""ɑ"", ""ɹ"", ""b"", ""ʌ"", ""k"", ""l"", ""ɪ"", ""ŋ"", ""f"", ""ɔ"", ""ɹ"", ""b"", ""ɛ"", ""l"", ""t"", ""s""]"	be_progressive	belts	is buckling belts	0.667	0.213			4.044457183487992			18					he	buckle	are	belt	belts	four	0	0	0	1										0.667	0.213	finiteness_violation	be_progressive	finiteness_violation	substituted	verb_phrase	is	are	191	538	"{""belt"": 538, ""buckle"": 191}"
GRAM_0021	Grammaticality	finiteness_violation	0	train	plus	human_reviewed_selected			USF+ds003604-template-abstraction	USF:Cue_Target_Pairs.A-B:7781			He are buckling one belt			"[""h"", ""iː"", ""ɑ"", ""ɹ"", ""b"", ""ʌ"", ""k"", ""l"", ""ɪ"", ""ŋ"", ""w"", ""ʌ"", ""n"", ""b"", ""ɛ"", ""l"", ""t""]"	be_progressive	belt	is buckling belt	0.667	0.213			4.044457183487992			17					he	buckle	are	belt	belt	one	0	0	0	1										0.667	0.213	finiteness_violation	be_progressive	finiteness_violation	substituted	verb_phrase	is	are	191	538	"{""belt"": 538, ""buckle"": 191}"
GRAM_0022	Grammaticality	finiteness_violation	0	train	plus	human_reviewed_selected			USF+ds003604-template-abstraction	USF:Cue_Target_Pairs.C:6319			He are crawling four babies			"[""h"", ""iː"", ""ɑ"", ""ɹ"", ""k"", ""ɹ"", ""ɔ"", ""l"", ""ɪ"", ""ŋ"", ""f"", ""ɔ"", ""ɹ"", ""b"", ""eɪ"", ""b"", ""i"", ""z""]"	be_progressive	babies	is crawling babies	0.345	0.0			4.893816865704922			18					he	crawl	are	baby	babies	four	0	0	0	1										0.345	0.0	finiteness_violation	be_progressive	finiteness_violation	substituted	verb_phrase	is	are	396	23715	"{""baby"": 23715, ""crawl"": 396}"
GRAM_0023	Grammaticality	finiteness_violation	0	train	plus	human_reviewed_selected			USF+ds003604-template-abstraction	USF:Cue_Target_Pairs.C:6319			He are crawling one baby			"[""h"", ""iː"", ""ɑ"", ""ɹ"", ""k"", ""ɹ"", ""ɔ"", ""l"", ""ɪ"", ""ŋ"", ""w"", ""ʌ"", ""n"", ""b"", ""eɪ"", ""b"", ""i""]"	be_progressive	baby	is crawling baby	0.345	0.0			4.893816865704922			17					he	crawl	are	baby	baby	one	0	0	0	1										0.345	0.0	finiteness_violation	be_progressive	finiteness_violation	substituted	verb_phrase	is	are	396	23715	"{""baby"": 23715, ""crawl"": 396}"
GRAM_0024	Grammaticality	finiteness_violation	0	train	plus	human_reviewed_selected			USF+ds003604-template-abstraction	USF:Cue_Target_Pairs.C:6319			He are crawling three babies			"[""h"", ""iː"", ""ɑ"", ""ɹ"", ""k"", ""ɹ"", ""ɔ"", ""l"", ""ɪ"", ""ŋ"", ""θ"", ""ɹ"", ""iː"", ""b"", ""eɪ"", ""b"", ""i"", ""z""]"	be_progressive	babies	is crawling babies	0.345	0.0			4.893816865704922			18					he	crawl	are	baby	babies	three	0	0	0	1										0.345	0.0	finiteness_violation	be_progressive	finiteness_violation	substituted	verb_phrase	is	are	396	23715	"{""baby"": 23715, ""crawl"": 396}"
GRAM_0025	Grammaticality	finiteness_violation	0	train	plus	human_reviewed_selected			USF+ds003604-template-abstraction	USF:Cue_Target_Pairs.C:6319			He are crawling two babies			"[""h"", ""iː"", ""ɑ"", ""ɹ"", ""k"", ""ɹ"", ""ɔ"", ""l"", ""ɪ"", ""ŋ"", ""t"", ""uː"", ""b"", ""eɪ"", ""b"", ""i"", ""z""]"	be_progressive	babies	is crawling babies	0.345	0.0			4.893816865704922			17					he	crawl	are	baby	babies	two	0	0	0	1										0.345	0.0	finiteness_violation	be_progressive	finiteness_violation	substituted	verb_phrase	is	are	396	23715	"{""baby"": 23715, ""crawl"": 396}"
GRAM_0026	Grammaticality	finiteness_violation	0	train	plus	human_reviewed_selected			USF+ds003604-template-abstraction	USF:Cue_Target_Pairs.D-F:8939			He are folding five letters			"[""h"", ""iː"", ""ɑ"", ""ɹ"", ""f"", ""oʊ"", ""l"", ""d"", ""ɪ"", ""ŋ"", ""f"", ""aɪ"", ""v"", ""l"", ""ɛ"", ""t"", ""ə"", ""ɹ"", ""z""]"	be_progressive	letters	is folding letters	0.026	0.0			4.426451891708581			19					he	fold	are	letter	letters	five	0	0	0	1										0.026	0.0	finiteness_violation	be_progressive	finiteness_violation	substituted	verb_phrase	is	are	351	1678	"{""fold"": 351, ""letter"": 1678}"
GRAM_0027	Grammaticality	finiteness_violation	0	train	plus	human_reviewed_selected			USF+ds003604-template-abstraction	USF:Cue_Target_Pairs.D-F:8939			He are folding four letters			"[""h"", ""iː"", ""ɑ"", ""ɹ"", ""f"", ""oʊ"", ""l"", ""d"", ""ɪ"", ""ŋ"", ""f"", ""ɔ"", ""ɹ"", ""l"", ""ɛ"", ""t"", ""ə"", ""ɹ"", ""z""]"	be_progressive	letters	is folding letters	0.026	0.0			4.426451891708581			19					he	fold	are	letter	letters	four	0	0	0	1										0.026	0.0	finiteness_violation	be_progressive	finiteness_violation	substituted	verb_phrase	is	are	351	1678	"{""fold"": 351, ""letter"": 1678}"
GRAM_0028	Grammaticality	finiteness_violation	0	train	plus	human_reviewed_selected			USF+ds003604-template-abstraction	USF:Cue_Target_Pairs.D-F:8939			He are folding one letter			"[""h"", ""iː"", ""ɑ"", ""ɹ"", ""f"", ""oʊ"", ""l"", ""d"", ""ɪ"", ""ŋ"", ""w"", ""ʌ"", ""n"", ""l"", ""ɛ"", ""t"", ""ə"", ""ɹ""]"	be_progressive	letter	is folding letter	0.026	0.0			4.426451891708581			18					he	fold	are	letter	letter	one	0	0	0	1										0.026	0.0	finiteness_violation	be_progressive	finiteness_violation	substituted	verb_phrase	is	are	351	1678	"{""fold"": 351, ""letter"": 1678}"
GRAM_0029	Grammaticality	finiteness_violation	0	train	plus	human_reviewed_selected			USF+ds003604-template-abstraction	USF:Cue_Target_Pairs.L-O:6425			He are nailing two hammers			"[""h"", ""iː"", ""ɑ"", ""ɹ"", ""n"", ""eɪ"", ""l"", ""ɪ"", ""ŋ"", ""t"", ""uː"", ""h"", ""æ"", ""m"", ""ə"", ""ɹ"", ""z""]"	be_progressive	hammers	is nailing hammers	0.622	0.8			4.183248640194977			17					he	nail	are	hammer	hammers	two	0	0	0	1										0.622	0.8	finiteness_violation	be_progressive	finiteness_violation	substituted	verb_phrase	is	are	310	904	"{""hammer"": 904, ""nail"": 310}"
GRAM_0030	Grammaticality	finiteness_violation	0	train	plus	human_reviewed_selected			USF+ds003604-template-abstraction	USF:Cue_Target_Pairs.S:1140			He are screwing four drivers			"[""h"", ""iː"", ""ɑ"", ""ɹ"", ""s"", ""k"", ""ɹ"", ""uː"", ""ɪ"", ""ŋ"", ""f"", ""ɔ"", ""ɹ"", ""d"", ""ɹ"", ""aɪ"", ""v"", ""ə"", ""ɹ"", ""z""]"	be_progressive	drivers	is screwing drivers	0.302	0.0			4.6247222328466515			20					he	screw	are	driver	drivers	four	0	0	0	1										0.302	0.0	finiteness_violation	be_progressive	finiteness_violation	substituted	verb_phrase	is	are	816	850	"{""driver"": 850, ""screw"": 816}"
GRAM_0031	Grammaticality	finiteness_violation	0	train	plus	human_reviewed_selected			USF+ds003604-template-abstraction	USF:Cue_Target_Pairs.S:1140			He are screwing one driver			"[""h"", ""iː"", ""ɑ"", ""ɹ"", ""s"", ""k"", ""ɹ"", ""uː"", ""ɪ"", ""ŋ"", ""w"", ""ʌ"", ""n"", ""d"", ""ɹ"", ""aɪ"", ""v"", ""ə"", ""ɹ""]"	be_progressive	driver	is screwing driver	0.302	0.0			4.6247222328466515			19					he	screw	are	driver	driver	one	0	0	0	1										0.302	0.0	finiteness_violation	be_progressive	finiteness_violation	substituted	verb_phrase	is	are	816	850	"{""driver"": 850, ""screw"": 816}"
GRAM_0032	Grammaticality	finiteness_violation	0	train	plus	human_reviewed_selected			USF+ds003604-template-abstraction	USF:Cue_Target_Pairs.A-B:7781			He do not buckle one belt			"[""h"", ""iː"", ""d"", ""uː"", ""n"", ""ɑ"", ""t"", ""b"", ""ʌ"", ""k"", ""ə"", ""l"", ""w"", ""ʌ"", ""n"", ""b"", ""ɛ"", ""l"", ""t""]"	do_negation	belt	does not buckle belt	0.667	0.213			4.044457183487992			19					he	buckle	do	belt	belt	one	1	0	0	1										0.667	0.213	finiteness_violation	do_negation	finiteness_violation	substituted	verb_phrase	does	do	191	538	"{""belt"": 538, ""buckle"": 191}"
GRAM_0033	Grammaticality	finiteness_violation	0	train	plus	human_reviewed_selected			USF+ds003604-template-abstraction	USF:Cue_Target_Pairs.C:6319			He do not crawl five babies			"[""h"", ""iː"", ""d"", ""uː"", ""n"", ""ɑ"", ""t"", ""k"", ""ɹ"", ""ɔ"", ""l"", ""f"", ""aɪ"", ""v"", ""b"", ""eɪ"", ""b"", ""i"", ""z""]"	do_negation	babies	does not crawl babies	0.345	0.0			4.893816865704922			19					he	crawl	do	baby	babies	five	1	0	0	1										0.345	0.0	finiteness_violation	do_negation	finiteness_violation	substituted	verb_phrase	does	do	396	23715	"{""baby"": 23715, ""crawl"": 396}"
GRAM_0034	Grammaticality	finiteness_violation	0	train	plus	human_reviewed_selected			USF+ds003604-template-abstraction	USF:Cue_Target_Pairs.C:6319			He do not crawl one baby			"[""h"", ""iː"", ""d"", ""uː"", ""n"", ""ɑ"", ""t"", ""k"", ""ɹ"", ""ɔ"", ""l"", ""w"", ""ʌ"", ""n"", ""b"", ""eɪ"", ""b"", ""i""]"	do_negation	baby	does not crawl baby	0.345	0.0			4.893816865704922			18					he	crawl	do	baby	baby	one	1	0	0	1										0.345	0.0	finiteness_violation	do_negation	finiteness_violation	substituted	verb_phrase	does	do	396	23715	"{""baby"": 23715, ""crawl"": 396}"
GRAM_0035	Grammaticality	finiteness_violation	0	train	plus	human_reviewed_selected			USF+ds003604-template-abstraction	USF:Cue_Target_Pairs.D-F:8939			He do not fold one letter			"[""h"", ""iː"", ""d"", ""uː"", ""n"", ""ɑ"", ""t"", ""f"", ""oʊ"", ""l"", ""d"", ""w"", ""ʌ"", ""n"", ""l"", ""ɛ"", ""t"", ""ə"", ""ɹ""]"	do_negation	letter	does not fold letter	0.026	0.0			4.426451891708581			19					he	fold	do	letter	letter	one	1	0	0	1										0.026	0.0	finiteness_violation	do_negation	finiteness_violation	substituted	verb_phrase	does	do	351	1678	"{""fold"": 351, ""letter"": 1678}"
GRAM_0036	Grammaticality	finiteness_violation	0	train	plus	human_reviewed_selected			USF+ds003604-template-abstraction	USF:Cue_Target_Pairs.S:1140			He do not screw one driver			"[""h"", ""iː"", ""d"", ""uː"", ""n"", ""ɑ"", ""t"", ""s"", ""k"", ""ɹ"", ""uː"", ""w"", ""ʌ"", ""n"", ""d"", ""ɹ"", ""aɪ"", ""v"", ""ə"", ""ɹ""]"	do_negation	driver	does not screw driver	0.302	0.0			4.6247222328466515			20					he	screw	do	driver	driver	one	1	0	0	1										0.302	0.0	finiteness_violation	do_negation	finiteness_violation	substituted	verb_phrase	does	do	816	850	"{""driver"": 850, ""screw"": 816}"
GRAM_0037	Grammaticality	finiteness_violation	0	train	plus	human_reviewed_selected			USF+ds003604-template-abstraction	USF:Cue_Target_Pairs.S:1140			He do not screw two drivers			"[""h"", ""iː"", ""d"", ""uː"", ""n"", ""ɑ"", ""t"", ""s"", ""k"", ""ɹ"", ""uː"", ""t"", ""uː"", ""d"", ""ɹ"", ""aɪ"", ""v"", ""ə"", ""ɹ"", ""z""]"	do_negation	drivers	does not screw drivers	0.302	0.0			4.6247222328466515			20					he	screw	do	driver	drivers	two	1	0	0	1										0.302	0.0	finiteness_violation	do_negation	finiteness_violation	substituted	verb_phrase	does	do	816	850	"{""driver"": 850, ""screw"": 816}"
GRAM_0038	Grammaticality	finiteness_violation	0	train	plus	human_reviewed_selected			USF+ds003604-template-abstraction	USF:Cue_Target_Pairs.A-B:7781			Last week he buckle one belt			"[""l"", ""æ"", ""s"", ""t"", ""w"", ""iː"", ""k"", ""h"", ""iː"", ""b"", ""ʌ"", ""k"", ""ə"", ""l"", ""w"", ""ʌ"", ""n"", ""b"", ""ɛ"", ""l"", ""t""]"	simple_past	belt	buckled belt	0.667	0.213			4.044457183487992			21					he	buckle	buckle	belt	belt	one	0	0	0	1										0.667	0.213	finiteness_violation	simple_past	finiteness_violation	omitted	verb_phrase	buckled	buckle	191	538	"{""belt"": 538, ""buckle"": 191}"
GRAM_0039	Grammaticality	finiteness_violation	0	train	plus	human_reviewed_selected			USF+ds003604-template-abstraction	USF:Cue_Target_Pairs.C:6319			Last week he crawl one baby			"[""l"", ""æ"", ""s"", ""t"", ""w"", ""iː"", ""k"", ""h"", ""iː"", ""k"", ""ɹ"", ""ɔ"", ""l"", ""w"", ""ʌ"", ""n"", ""b"", ""eɪ"", ""b"", ""i""]"	simple_past	baby	crawled baby	0.345	0.0			4.893816865704922			20					he	crawl	crawl	baby	baby	one	0	0	0	1										0.345	0.0	finiteness_violation	simple_past	finiteness_violation	omitted	verb_phrase	crawled	crawl	396	23715	"{""baby"": 23715, ""crawl"": 396}"
GRAM_0040	Grammaticality	finiteness_violation	0	train	plus	human_reviewed_selected			USF+ds003604-template-abstraction	USF:Cue_Target_Pairs.C:6319			Last week he crawl two babies			"[""l"", ""æ"", ""s"", ""t"", ""w"", ""iː"", ""k"", ""h"", ""iː"", ""k"", ""ɹ"", ""ɔ"", ""l"", ""t"", ""uː"", ""b"", ""eɪ"", ""b"", ""i"", ""z""]"	simple_past	babies	crawled babies	0.345	0.0			4.893816865704922			20					he	crawl	crawl	baby	babies	two	0	0	0	1										0.345	0.0	finiteness_violation	simple_past	finiteness_violation	omitted	verb_phrase	crawled	crawl	396	23715	"{""baby"": 23715, ""crawl"": 396}"
GRAM_0041	Grammaticality	finiteness_violation	0	train	plus	human_reviewed_selected			USF+ds003604-template-abstraction	USF:Cue_Target_Pairs.D-F:8939			Last week he fold one letter			"[""l"", ""æ"", ""s"", ""t"", ""w"", ""iː"", ""k"", ""h"", ""iː"", ""f"", ""oʊ"", ""l"", ""d"", ""w"", ""ʌ"", ""n"", ""l"", ""ɛ"", ""t"", ""ə"", ""ɹ""]"	simple_past	letter	folded letter	0.026	0.0			4.426451891708581			21					he	fold	fold	letter	letter	one	0	0	0	1										0.026	0.0	finiteness_violation	simple_past	finiteness_violation	omitted	verb_phrase	folded	fold	351	1678	"{""fold"": 351, ""letter"": 1678}"
GRAM_0042	Grammaticality	finiteness_violation	0	train	plus	human_reviewed_selected			USF+ds003604-template-abstraction	USF:Cue_Target_Pairs.D-F:8939			Last week he fold six letters			"[""l"", ""æ"", ""s"", ""t"", ""w"", ""iː"", ""k"", ""h"", ""iː"", ""f"", ""oʊ"", ""l"", ""d"", ""s"", ""ɪ"", ""k"", ""s"", ""l"", ""ɛ"", ""t"", ""ə"", ""ɹ"", ""z""]"	simple_past	letters	folded letters	0.026	0.0			4.426451891708581			23					he	fold	fold	letter	letters	six	0	0	0	1										0.026	0.0	finiteness_violation	simple_past	finiteness_violation	omitted	verb_phrase	folded	fold	351	1678	"{""fold"": 351, ""letter"": 1678}"
GRAM_0043	Grammaticality	finiteness_violation	0	train	plus	human_reviewed_selected			USF+ds003604-template-abstraction	USF:Cue_Target_Pairs.S:1140			Last week he screw four drivers			"[""l"", ""æ"", ""s"", ""t"", ""w"", ""iː"", ""k"", ""h"", ""iː"", ""s"", ""k"", ""ɹ"", ""uː"", ""f"", ""ɔ"", ""ɹ"", ""d"", ""ɹ"", ""aɪ"", ""v"", ""ə"", ""ɹ"", ""z""]"	simple_past	drivers	screwed drivers	0.302	0.0			4.6247222328466515			23					he	screw	screw	driver	drivers	four	0	0	0	1										0.302	0.0	finiteness_violation	simple_past	finiteness_violation	omitted	verb_phrase	screwed	screw	816	850	"{""driver"": 850, ""screw"": 816}"
GRAM_0044	Grammaticality	finiteness_violation	0	train	plus	human_reviewed_selected			USF+ds003604-template-abstraction	USF:Cue_Target_Pairs.S:1140			Last week he screw one driver			"[""l"", ""æ"", ""s"", ""t"", ""w"", ""iː"", ""k"", ""h"", ""iː"", ""s"", ""k"", ""ɹ"", ""uː"", ""w"", ""ʌ"", ""n"", ""d"", ""ɹ"", ""aɪ"", ""v"", ""ə"", ""ɹ""]"	simple_past	driver	screwed driver	0.302	0.0			4.6247222328466515			22					he	screw	screw	driver	driver	one	0	0	0	1										0.302	0.0	finiteness_violation	simple_past	finiteness_violation	omitted	verb_phrase	screwed	screw	816	850	"{""driver"": 850, ""screw"": 816}"
GRAM_0045	Grammaticality	finiteness_violation	0	train	plus	human_reviewed_selected			USF+ds003604-template-abstraction	USF:Cue_Target_Pairs.S:1140			Last week he screw two drivers			"[""l"", ""æ"", ""s"", ""t"", ""w"", ""iː"", ""k"", ""h"", ""iː"", ""s"", ""k"", ""ɹ"", ""uː"", ""t"", ""uː"", ""d"", ""ɹ"", ""aɪ"", ""v"", ""ə"", ""ɹ"", ""z""]"	simple_past	drivers	screwed drivers	0.302	0.0			4.6247222328466515			22					he	screw	screw	driver	drivers	two	0	0	0	1										0.302	0.0	finiteness_violation	simple_past	finiteness_violation	omitted	verb_phrase	screwed	screw	816	850	"{""driver"": 850, ""screw"": 816}"
GRAM_0046	Grammaticality	finiteness_violation	0	train	plus	human_reviewed_selected			USF+ds003604-template-abstraction	USF:Cue_Target_Pairs.A-B:7781			Last week she buckle one belt			"[""l"", ""æ"", ""s"", ""t"", ""w"", ""iː"", ""k"", ""ʃ"", ""iː"", ""b"", ""ʌ"", ""k"", ""ə"", ""l"", ""w"", ""ʌ"", ""n"", ""b"", ""ɛ"", ""l"", ""t""]"	simple_past	belt	buckled belt	0.667	0.213			4.044457183487992			21					she	buckle	buckle	belt	belt	one	0	0	0	1										0.667	0.213	finiteness_violation	simple_past	finiteness_violation	omitted	verb_phrase	buckled	buckle	191	538	"{""belt"": 538, ""buckle"": 191}"
GRAM_0047	Grammaticality	finiteness_violation	0	train	plus	human_reviewed_selected			USF+ds003604-template-abstraction	USF:Cue_Target_Pairs.A-B:7781			Last week she buckling two belts			"[""l"", ""æ"", ""s"", ""t"", ""w"", ""iː"", ""k"", ""ʃ"", ""iː"", ""b"", ""ʌ"", ""k"", ""l"", ""ɪ"", ""ŋ"", ""t"", ""uː"", ""b"", ""ɛ"", ""l"", ""t"", ""s""]"	simple_past	belts	buckled belts	0.667	0.213			4.044457183487992			22					she	buckle	buckling	belt	belts	two	0	0	0	1										0.667	0.213	finiteness_violation	simple_past	finiteness_violation	omitted	verb_phrase	buckled	buckling	191	538	"{""belt"": 538, ""buckle"": 191}"
GRAM_0048	Grammaticality	finiteness_violation	0	train	plus	human_reviewed_selected			USF+ds003604-template-abstraction	USF:Cue_Target_Pairs.C:6319			Last week she crawling two babies			"[""l"", ""æ"", ""s"", ""t"", ""w"", ""iː"", ""k"", ""ʃ"", ""iː"", ""k"", ""ɹ"", ""ɔ"", ""l"", ""ɪ"", ""ŋ"", ""t"", ""uː"", ""b"", ""eɪ"", ""b"", ""i"", ""z""]"	simple_past	babies	crawled babies	0.345	0.0			4.893816865704922			22					she	crawl	crawling	baby	babies	two	0	0	0	1										0.345	0.0	finiteness_violation	simple_past	finiteness_violation	omitted	verb_phrase	crawled	crawling	396	23715	"{""baby"": 23715, ""crawl"": 396}"
GRAM_0049	Grammaticality	finiteness_violation	0	train	plus	human_reviewed_selected			USF+ds003604-template-abstraction	USF:Cue_Target_Pairs.D-F:8939			Last week she fold five letters			"[""l"", ""æ"", ""s"", ""t"", ""w"", ""iː"", ""k"", ""ʃ"", ""iː"", ""f"", ""oʊ"", ""l"", ""d"", ""f"", ""aɪ"", ""v"", ""l"", ""ɛ"", ""t"", ""ə"", ""ɹ"", ""z""]"	simple_past	letters	folded letters	0.026	0.0			4.426451891708581			22					she	fold	fold	letter	letters	five	0	0	0	1										0.026	0.0	finiteness_violation	simple_past	finiteness_violation	omitted	verb_phrase	folded	fold	351	1678	"{""fold"": 351, ""letter"": 1678}"
GRAM_0050	Grammaticality	finiteness_violation	0	train	plus	human_reviewed_selected			USF+ds003604-template-abstraction	USF:Cue_Target_Pairs.D-F:8939			Last week she folding two letters			"[""l"", ""æ"", ""s"", ""t"", ""w"", ""iː"", ""k"", ""ʃ"", ""iː"", ""f"", ""oʊ"", ""l"", ""d"", ""ɪ"", ""ŋ"", ""t"", ""uː"", ""l"", ""ɛ"", ""t"", ""ə"", ""ɹ"", ""z""]"	simple_past	letters	folded letters	0.026	0.0			4.426451891708581			23					she	fold	folding	letter	letters	two	0	0	0	1										0.026	0.0	finiteness_violation	simple_past	finiteness_violation	omitted	verb_phrase	folded	folding	351	1678	"{""fold"": 351, ""letter"": 1678}"
GRAM_0051	Grammaticality	finiteness_violation	0	train	plus	human_reviewed_selected			USF+ds003604-template-abstraction	USF:Cue_Target_Pairs.S:1140			Last week she screw one driver			"[""l"", ""æ"", ""s"", ""t"", ""w"", ""iː"", ""k"", ""ʃ"", ""iː"", ""s"", ""k"", ""ɹ"", ""uː"", ""w"", ""ʌ"", ""n"", ""d"", ""ɹ"", ""aɪ"", ""v"", ""ə"", ""ɹ""]"	simple_past	driver	screwed driver	0.302	0.0			4.6247222328466515			22					she	screw	screw	driver	driver	one	0	0	0	1										0.302	0.0	finiteness_violation	simple_past	finiteness_violation	omitted	verb_phrase	screwed	screw	816	850	"{""driver"": 850, ""screw"": 816}"
GRAM_0052	Grammaticality	finiteness_violation	0	train	plus	human_reviewed_selected			USF+ds003604-template-abstraction	USF:Cue_Target_Pairs.A-B:7781			Last week they buckle four belts			"[""l"", ""æ"", ""s"", ""t"", ""w"", ""iː"", ""k"", ""ð"", ""eɪ"", ""b"", ""ʌ"", ""k"", ""ə"", ""l"", ""f"", ""ɔ"", ""ɹ"", ""b"", ""ɛ"", ""l"", ""t"", ""s""]"	simple_past	belts	buckled belts	0.667	0.213			4.044457183487992			22					they	buckle	buckle	belt	belts	four	0	0	0	1										0.667	0.213	finiteness_violation	simple_past	finiteness_violation	omitted	verb_phrase	buckled	buckle	191	538	"{""belt"": 538, ""buckle"": 191}"
GRAM_0053	Grammaticality	finiteness_violation	0	train	plus	human_reviewed_selected			USF+ds003604-template-abstraction	USF:Cue_Target_Pairs.A-B:7781			Last week they buckle one belt			"[""l"", ""æ"", ""s"", ""t"", ""w"", ""iː"", ""k"", ""ð"", ""eɪ"", ""b"", ""ʌ"", ""k"", ""ə"", ""l"", ""w"", ""ʌ"", ""n"", ""b"", ""ɛ"", ""l"", ""t""]"	simple_past	belt	buckled belt	0.667	0.213			4.044457183487992			21					they	buckle	buckle	belt	belt	one	0	0	0	1										0.667	0.213	finiteness_violation	simple_past	finiteness_violation	omitted	verb_phrase	buckled	buckle	191	538	"{""belt"": 538, ""buckle"": 191}"
GRAM_0054	Grammaticality	finiteness_violation	0	train	plus	human_reviewed_selected			USF+ds003604-template-abstraction	USF:Cue_Target_Pairs.A-B:7781			Last week they buckle two belts			"[""l"", ""æ"", ""s"", ""t"", ""w"", ""iː"", ""k"", ""ð"", ""eɪ"", ""b"", ""ʌ"", ""k"", ""ə"", ""l"", ""t"", ""uː"", ""b"", ""ɛ"", ""l"", ""t"", ""s""]"	simple_past	belts	buckled belts	0.667	0.213			4.044457183487992			21					they	buckle	buckle	belt	belts	two	0	0	0	1										0.667	0.213	finiteness_violation	simple_past	finiteness_violation	omitted	verb_phrase	buckled	buckle	191	538	"{""belt"": 538, ""buckle"": 191}"
GRAM_0055	Grammaticality	finiteness_violation	0	train	plus	human_reviewed_selected			USF+ds003604-template-abstraction	USF:Cue_Target_Pairs.C:6319			Last week they crawl one baby			"[""l"", ""æ"", ""s"", ""t"", ""w"", ""iː"", ""k"", ""ð"", ""eɪ"", ""k"", ""ɹ"", ""ɔ"", ""l"", ""w"", ""ʌ"", ""n"", ""b"", ""eɪ"", ""b"", ""i""]"	simple_past	baby	crawled baby	0.345	0.0			4.893816865704922			20					they	crawl	crawl	baby	baby	one	0	0	0	1										0.345	0.0	finiteness_violation	simple_past	finiteness_violation	omitted	verb_phrase	crawled	crawl	396	23715	"{""baby"": 23715, ""crawl"": 396}"
GRAM_0056	Grammaticality	finiteness_violation	0	train	plus	human_reviewed_selected			USF+ds003604-template-abstraction	USF:Cue_Target_Pairs.D-F:8939			Last week they fold one letter			"[""l"", ""æ"", ""s"", ""t"", ""w"", ""iː"", ""k"", ""ð"", ""eɪ"", ""f"", ""oʊ"", ""l"", ""d"", ""w"", ""ʌ"", ""n"", ""l"", ""ɛ"", ""t"", ""ə"", ""ɹ""]"	simple_past	letter	folded letter	0.026	0.0			4.426451891708581			21					they	fold	fold	letter	letter	one	0	0	0	1										0.026	0.0	finiteness_violation	simple_past	finiteness_violation	omitted	verb_phrase	folded	fold	351	1678	"{""fold"": 351, ""letter"": 1678}"
GRAM_0057	Grammaticality	finiteness_violation	0	train	plus	human_reviewed_selected			USF+ds003604-template-abstraction	USF:Cue_Target_Pairs.D-F:8939			Last week they fold two letters			"[""l"", ""æ"", ""s"", ""t"", ""w"", ""iː"", ""k"", ""ð"", ""eɪ"", ""f"", ""oʊ"", ""l"", ""d"", ""t"", ""uː"", ""l"", ""ɛ"", ""t"", ""ə"", ""ɹ"", ""z""]"	simple_past	letters	folded letters	0.026	0.0			4.426451891708581			21					they	fold	fold	letter	letters	two	0	0	0	1										0.026	0.0	finiteness_violation	simple_past	finiteness_violation	omitted	verb_phrase	folded	fold	351	1678	"{""fold"": 351, ""letter"": 1678}"
GRAM_0058	Grammaticality	finiteness_violation	0	train	plus	human_reviewed_selected			USF+ds003604-template-abstraction	USF:Cue_Target_Pairs.S:1140			Last week they screw one driver			"[""l"", ""æ"", ""s"", ""t"", ""w"", ""iː"", ""k"", ""ð"", ""eɪ"", ""s"", ""k"", ""ɹ"", ""uː"", ""w"", ""ʌ"", ""n"", ""d"", ""ɹ"", ""aɪ"", ""v"", ""ə"", ""ɹ""]"	simple_past	driver	screwed driver	0.302	0.0			4.6247222328466515			22					they	screw	screw	driver	driver	one	0	0	0	1										0.302	0.0	finiteness_violation	simple_past	finiteness_violation	omitted	verb_phrase	screwed	screw	816	850	"{""driver"": 850, ""screw"": 816}"
GRAM_0059	Grammaticality	finiteness_violation	0	train	plus	human_reviewed_selected			USF+ds003604-template-abstraction	USF:Cue_Target_Pairs.S:1140			Last week they screw two drivers			"[""l"", ""æ"", ""s"", ""t"", ""w"", ""iː"", ""k"", ""ð"", ""eɪ"", ""s"", ""k"", ""ɹ"", ""uː"", ""t"", ""uː"", ""d"", ""ɹ"", ""aɪ"", ""v"", ""ə"", ""ɹ"", ""z""]"	simple_past	drivers	screwed drivers	0.302	0.0			4.6247222328466515			22					they	screw	screw	driver	drivers	two	0	0	0	1										0.302	0.0	finiteness_violation	simple_past	finiteness_violation	omitted	verb_phrase	screwed	screw	816	850	"{""driver"": 850, ""screw"": 816}"
GRAM_0060	Grammaticality	finiteness_violation	0	train	plus	human_reviewed_selected			USF+ds003604-template-abstraction	USF:Cue_Target_Pairs.A-B:7781			She are buckling one belt			"[""ʃ"", ""iː"", ""ɑ"", ""ɹ"", ""b"", ""ʌ"", ""k"", ""l"", ""ɪ"", ""ŋ"", ""w"", ""ʌ"", ""n"", ""b"", ""ɛ"", ""l"", ""t""]"	be_progressive	belt	is buckling belt	0.667	0.213			4.044457183487992			17					she	buckle	are	belt	belt	one	0	0	0	1										0.667	0.213	finiteness_violation	be_progressive	finiteness_violation	substituted	verb_phrase	is	are	191	538	"{""belt"": 538, ""buckle"": 191}"
GRAM_0061	Grammaticality	finiteness_violation	0	train	plus	human_reviewed_selected			USF+ds003604-template-abstraction	USF:Cue_Target_Pairs.A-B:7781			She are buckling three belts			"[""ʃ"", ""iː"", ""ɑ"", ""ɹ"", ""b"", ""ʌ"", ""k"", ""l"", ""ɪ"", ""ŋ"", ""θ"", ""ɹ"", ""iː"", ""b"", ""ɛ"", ""l"", ""t"", ""s""]"	be_progressive	belts	is buckling belts	0.667	0.213			4.044457183487992			18					she	buckle	are	belt	belts	three	0	0	0	1										0.667	0.213	finiteness_violation	be_progressive	finiteness_violation	substituted	verb_phrase	is	are	191	538	"{""belt"": 538, ""buckle"": 191}"
GRAM_0062	Grammaticality	finiteness_violation	0	train	plus	human_reviewed_selected			USF+ds003604-template-abstraction	USF:Cue_Target_Pairs.C:6319			She are crawling one baby			"[""ʃ"", ""iː"", ""ɑ"", ""ɹ"", ""k"", ""ɹ"", ""ɔ"", ""l"", ""ɪ"", ""ŋ"", ""w"", ""ʌ"", ""n"", ""b"", ""eɪ"", ""b"", ""i""]"	be_progressive	baby	is crawling baby	0.345	0.0			4.893816865704922			17					she	crawl	are	baby	baby	one	0	0	0	1										0.345	0.0	finiteness_violation	be_progressive	finiteness_violation	substituted	verb_phrase	is	are	396	23715	"{""baby"": 23715, ""crawl"": 396}"
GRAM_0063	Grammaticality	finiteness_violation	0	train	plus	human_reviewed_selected			USF+ds003604-template-abstraction	USF:Cue_Target_Pairs.C:6319			She are crawling three babies			"[""ʃ"", ""iː"", ""ɑ"", ""ɹ"", ""k"", ""ɹ"", ""ɔ"", ""l"", ""ɪ"", ""ŋ"", ""θ"", ""ɹ"", ""iː"", ""b"", ""eɪ"", ""b"", ""i"", ""z""]"	be_progressive	babies	is crawling babies	0.345	0.0			4.893816865704922			18					she	crawl	are	baby	babies	three	0	0	0	1										0.345	0.0	finiteness_violation	be_progressive	finiteness_violation	substituted	verb_phrase	is	are	396	23715	"{""baby"": 23715, ""crawl"": 396}"
GRAM_0064	Grammaticality	finiteness_violation	0	train	plus	human_reviewed_selected			USF+ds003604-template-abstraction	USF:Cue_Target_Pairs.C:6319			She are crawling two babies			"[""ʃ"", ""iː"", ""ɑ"", ""ɹ"", ""k"", ""ɹ"", ""ɔ"", ""l"", ""ɪ"", ""ŋ"", ""t"", ""uː"", ""b"", ""eɪ"", ""b"", ""i"", ""z""]"	be_progressive	babies	is crawling babies	0.345	0.0			4.893816865704922			17					she	crawl	are	baby	babies	two	0	0	0	1										0.345	0.0	finiteness_violation	be_progressive	finiteness_violation	substituted	verb_phrase	is	are	396	23715	"{""baby"": 23715, ""crawl"": 396}"
GRAM_0065	Grammaticality	finiteness_violation	0	train	plus	human_reviewed_selected			USF+ds003604-template-abstraction	USF:Cue_Target_Pairs.D-F:8939			She are folding one letter			"[""ʃ"", ""iː"", ""ɑ"", ""ɹ"", ""f"", ""oʊ"", ""l"", ""d"", ""ɪ"", ""ŋ"", ""w"", ""ʌ"", ""n"", ""l"", ""ɛ"", ""t"", ""ə"", ""ɹ""]"	be_progressive	letter	is folding letter	0.026	0.0			4.426451891708581			18					she	fold	are	letter	letter	one	0	0	0	1										0.026	0.0	finiteness_violation	be_progressive	finiteness_violation	substituted	verb_phrase	is	are	351	1678	"{""fold"": 351, ""letter"": 1678}"
GRAM_0066	Grammaticality	finiteness_violation	0	train	plus	human_reviewed_selected			USF+ds003604-template-abstraction	USF:Cue_Target_Pairs.D-F:8939			She are folding two letters			"[""ʃ"", ""iː"", ""ɑ"", ""ɹ"", ""f"", ""oʊ"", ""l"", ""d"", ""ɪ"", ""ŋ"", ""t"", ""uː"", ""l"", ""ɛ"", ""t"", ""ə"", ""ɹ"", ""z""]"	be_progressive	letters	is folding letters	0.026	0.0			4.426451891708581			18					she	fold	are	letter	letters	two	0	0	0	1										0.026	0.0	finiteness_violation	be_progressive	finiteness_violation	substituted	verb_phrase	is	are	351	1678	"{""fold"": 351, ""letter"": 1678}"
GRAM_0067	Grammaticality	finiteness_violation	0	train	plus	human_reviewed_selected			USF+ds003604-template-abstraction	USF:Cue_Target_Pairs.S:1140			She are screwing one driver			"[""ʃ"", ""iː"", ""ɑ"", ""ɹ"", ""s"", ""k"", ""ɹ"", ""uː"", ""ɪ"", ""ŋ"", ""w"", ""ʌ"", ""n"", ""d"", ""ɹ"", ""aɪ"", ""v"", ""ə"", ""ɹ""]"	be_progressive	driver	is screwing driver	0.302	0.0			4.6247222328466515			19					she	screw	are	driver	driver	one	0	0	0	1										0.302	0.0	finiteness_violation	be_progressive	finiteness_violation	substituted	verb_phrase	is	are	816	850	"{""driver"": 850, ""screw"": 816}"
GRAM_0068	Grammaticality	finiteness_violation	0	train	plus	human_reviewed_selected			USF+ds003604-template-abstraction	USF:Cue_Target_Pairs.S:1140			She are screwing two drivers			"[""ʃ"", ""iː"", ""ɑ"", ""ɹ"", ""s"", ""k"", ""ɹ"", ""uː"", ""ɪ"", ""ŋ"", ""t"", ""uː"", ""d"", ""ɹ"", ""aɪ"", ""v"", ""ə"", ""ɹ"", ""z""]"	be_progressive	drivers	is screwing drivers	0.302	0.0			4.6247222328466515			19					she	screw	are	driver	drivers	two	0	0	0	1										0.302	0.0	finiteness_violation	be_progressive	finiteness_violation	substituted	verb_phrase	is	are	816	850	"{""driver"": 850, ""screw"": 816}"
GRAM_0069	Grammaticality	finiteness_violation	0	train	plus	human_reviewed_selected			USF+ds003604-template-abstraction	USF:Cue_Target_Pairs.A-B:7781			She do not buckle one belt			"[""ʃ"", ""iː"", ""d"", ""uː"", ""n"", ""ɑ"", ""t"", ""b"", ""ʌ"", ""k"", ""ə"", ""l"", ""w"", ""ʌ"", ""n"", ""b"", ""ɛ"", ""l"", ""t""]"	do_negation	belt	does not buckle belt	0.667	0.213			4.044457183487992			19					she	buckle	do	belt	belt	one	1	0	0	1										0.667	0.213	finiteness_violation	do_negation	finiteness_violation	substituted	verb_phrase	does	do	191	538	"{""belt"": 538, ""buckle"": 191}"
GRAM_0070	Grammaticality	finiteness_violation	0	train	plus	human_reviewed_selected			USF+ds003604-template-abstraction	USF:Cue_Target_Pairs.A-B:7781			She do not buckle three belts			"[""ʃ"", ""iː"", ""d"", ""uː"", ""n"", ""ɑ"", ""t"", ""b"", ""ʌ"", ""k"", ""ə"", ""l"", ""θ"", ""ɹ"", ""iː"", ""b"", ""ɛ"", ""l"", ""t"", ""s""]"	do_negation	belts	does not buckle belts	0.667	0.213			4.044457183487992			20					she	buckle	do	belt	belts	three	1	0	0	1										0.667	0.213	finiteness_violation	do_negation	finiteness_violation	substituted	verb_phrase	does	do	191	538	"{""belt"": 538, ""buckle"": 191}"
GRAM_0071	Grammaticality	finiteness_violation	0	train	plus	human_reviewed_selected			USF+ds003604-template-abstraction	USF:Cue_Target_Pairs.A-B:7781			She do not buckle two belts			"[""ʃ"", ""iː"", ""d"", ""uː"", ""n"", ""ɑ"", ""t"", ""b"", ""ʌ"", ""k"", ""ə"", ""l"", ""t"", ""uː"", ""b"", ""ɛ"", ""l"", ""t"", ""s""]"	do_negation	belts	does not buckle belts	0.667	0.213			4.044457183487992			19					she	buckle	do	belt	belts	two	1	0	0	1										0.667	0.213	finiteness_violation	do_negation	finiteness_violation	substituted	verb_phrase	does	do	191	538	"{""belt"": 538, ""buckle"": 191}"
GRAM_0072	Grammaticality	finiteness_violation	0	train	plus	human_reviewed_selected			USF+ds003604-template-abstraction	USF:Cue_Target_Pairs.C:6319			She do not crawl four babies			"[""ʃ"", ""iː"", ""d"", ""uː"", ""n"", ""ɑ"", ""t"", ""k"", ""ɹ"", ""ɔ"", ""l"", ""f"", ""ɔ"", ""ɹ"", ""b"", ""eɪ"", ""b"", ""i"", ""z""]"	do_negation	babies	does not crawl babies	0.345	0.0			4.893816865704922			19					she	crawl	do	baby	babies	four	1	0	0	1										0.345	0.0	finiteness_violation	do_negation	finiteness_violation	substituted	verb_phrase	does	do	396	23715	"{""baby"": 23715, ""crawl"": 396}"
GRAM_0073	Grammaticality	finiteness_violation	0	train	plus	human_reviewed_selected			USF+ds003604-template-abstraction	USF:Cue_Target_Pairs.C:6319			She do not crawl one baby			"[""ʃ"", ""iː"", ""d"", ""uː"", ""n"", ""ɑ"", ""t"", ""k"", ""ɹ"", ""ɔ"", ""l"", ""w"", ""ʌ"", ""n"", ""b"", ""eɪ"", ""b"", ""i""]"	do_negation	baby	does not crawl baby	0.345	0.0			4.893816865704922			18					she	crawl	do	baby	baby	one	1	0	0	1										0.345	0.0	finiteness_violation	do_negation	finiteness_violation	substituted	verb_phrase	does	do	396	23715	"{""baby"": 23715, ""crawl"": 396}"
GRAM_0074	Grammaticality	finiteness_violation	0	train	plus	human_reviewed_selected			USF+ds003604-template-abstraction	USF:Cue_Target_Pairs.C:6319			She do not crawl three babies			"[""ʃ"", ""iː"", ""d"", ""uː"", ""n"", ""ɑ"", ""t"", ""k"", ""ɹ"", ""ɔ"", ""l"", ""θ"", ""ɹ"", ""iː"", ""b"", ""eɪ"", ""b"", ""i"", ""z""]"	do_negation	babies	does not crawl babies	0.345	0.0			4.893816865704922			19					she	crawl	do	baby	babies	three	1	0	0	1										0.345	0.0	finiteness_violation	do_negation	finiteness_violation	substituted	verb_phrase	does	do	396	23715	"{""baby"": 23715, ""crawl"": 396}"
GRAM_0075	Grammaticality	finiteness_violation	0	train	plus	human_reviewed_selected			USF+ds003604-template-abstraction	USF:Cue_Target_Pairs.D-F:8939			She do not fold one letter			"[""ʃ"", ""iː"", ""d"", ""uː"", ""n"", ""ɑ"", ""t"", ""f"", ""oʊ"", ""l"", ""d"", ""w"", ""ʌ"", ""n"", ""l"", ""ɛ"", ""t"", ""ə"", ""ɹ""]"	do_negation	letter	does not fold letter	0.026	0.0			4.426451891708581			19					she	fold	do	letter	letter	one	1	0	0	1										0.026	0.0	finiteness_violation	do_negation	finiteness_violation	substituted	verb_phrase	does	do	351	1678	"{""fold"": 351, ""letter"": 1678}"
GRAM_0076	Grammaticality	finiteness_violation	0	train	plus	human_reviewed_selected			USF+ds003604-template-abstraction	USF:Cue_Target_Pairs.S:1140			She do not screw five drivers			"[""ʃ"", ""iː"", ""d"", ""uː"", ""n"", ""ɑ"", ""t"", ""s"", ""k"", ""ɹ"", ""uː"", ""f"", ""aɪ"", ""v"", ""d"", ""ɹ"", ""aɪ"", ""v"", ""ə"", ""ɹ"", ""z""]"	do_negation	drivers	does not screw drivers	0.302	0.0			4.6247222328466515			21					she	screw	do	driver	drivers	five	1	0	0	1										0.302	0.0	finiteness_violation	do_negation	finiteness_violation	substituted	verb_phrase	does	do	816	850	"{""driver"": 850, ""screw"": 816}"
GRAM_0077	Grammaticality	finiteness_violation	0	train	plus	human_reviewed_selected			USF+ds003604-template-abstraction	USF:Cue_Target_Pairs.S:1140			She do not screw one driver			"[""ʃ"", ""iː"", ""d"", ""uː"", ""n"", ""ɑ"", ""t"", ""s"", ""k"", ""ɹ"", ""uː"", ""w"", ""ʌ"", ""n"", ""d"", ""ɹ"", ""aɪ"", ""v"", ""ə"", ""ɹ""]"	do_negation	driver	does not screw driver	0.302	0.0			4.6247222328466515			20					she	screw	do	driver	driver	one	1	0	0	1										0.302	0.0	finiteness_violation	do_negation	finiteness_violation	substituted	verb_phrase	does	do	816	850	"{""driver"": 850, ""screw"": 816}"
GRAM_0078	Grammaticality	finiteness_violation	0	train	plus	human_reviewed_selected			USF+ds003604-template-abstraction	USF:Cue_Target_Pairs.S:1140			She do not screw two drivers			"[""ʃ"", ""iː"", ""d"", ""uː"", ""n"", ""ɑ"", ""t"", ""s"", ""k"", ""ɹ"", ""uː"", ""t"", ""uː"", ""d"", ""ɹ"", ""aɪ"", ""v"", ""ə"", ""ɹ"", ""z""]"	do_negation	drivers	does not screw drivers	0.302	0.0			4.6247222328466515			20					she	screw	do	driver	drivers	two	1	0	0	1										0.302	0.0	finiteness_violation	do_negation	finiteness_violation	substituted	verb_phrase	does	do	816	850	"{""driver"": 850, ""screw"": 816}"
GRAM_0079	Grammaticality	finiteness_violation	0	train	plus	human_reviewed_selected			USF+ds003604-template-abstraction	USF:Cue_Target_Pairs.A-B:7781			They does not buckle one belt			"[""ð"", ""eɪ"", ""d"", ""ʌ"", ""z"", ""n"", ""ɑ"", ""t"", ""b"", ""ʌ"", ""k"", ""ə"", ""l"", ""w"", ""ʌ"", ""n"", ""b"", ""ɛ"", ""l"", ""t""]"	do_negation	belt	do not buckle belt	0.667	0.213			4.044457183487992			20					they	buckle	does	belt	belt	one	1	0	0	1										0.667	0.213	finiteness_violation	do_negation	finiteness_violation	substituted	verb_phrase	do	does	191	538	"{""belt"": 538, ""buckle"": 191}"
GRAM_0080	Grammaticality	finiteness_violation	0	train	plus	human_reviewed_selected			USF+ds003604-template-abstraction	USF:Cue_Target_Pairs.C:6319			They does not crawl two babies			"[""ð"", ""eɪ"", ""d"", ""ʌ"", ""z"", ""n"", ""ɑ"", ""t"", ""k"", ""ɹ"", ""ɔ"", ""l"", ""t"", ""uː"", ""b"", ""eɪ"", ""b"", ""i"", ""z""]"	do_negation	babies	do not crawl babies	0.345	0.0			4.893816865704922			19					they	crawl	does	baby	babies	two	1	0	0	1										0.345	0.0	finiteness_violation	do_negation	finiteness_violation	substituted	verb_phrase	do	does	396	23715	"{""baby"": 23715, ""crawl"": 396}"
GRAM_0081	Grammaticality	finiteness_violation	0	train	plus	human_reviewed_selected			USF+ds003604-template-abstraction	USF:Cue_Target_Pairs.D-F:8939			They does not fold one letter			"[""ð"", ""eɪ"", ""d"", ""ʌ"", ""z"", ""n"", ""ɑ"", ""t"", ""f"", ""oʊ"", ""l"", ""d"", ""w"", ""ʌ"", ""n"", ""l"", ""ɛ"", ""t"", ""ə"", ""ɹ""]"	do_negation	letter	do not fold letter	0.026	0.0			4.426451891708581			20					they	fold	does	letter	letter	one	1	0	0	1										0.026	0.0	finiteness_violation	do_negation	finiteness_violation	substituted	verb_phrase	do	does	351	1678	"{""fold"": 351, ""letter"": 1678}"
GRAM_0082	Grammaticality	finiteness_violation	0	train	plus	human_reviewed_selected			USF+ds003604-template-abstraction	USF:Cue_Target_Pairs.S:1140			They does not screw one driver			"[""ð"", ""eɪ"", ""d"", ""ʌ"", ""z"", ""n"", ""ɑ"", ""t"", ""s"", ""k"", ""ɹ"", ""uː"", ""w"", ""ʌ"", ""n"", ""d"", ""ɹ"", ""aɪ"", ""v"", ""ə"", ""ɹ""]"	do_negation	driver	do not screw driver	0.302	0.0			4.6247222328466515			21					they	screw	does	driver	driver	one	1	0	0	1										0.302	0.0	finiteness_violation	do_negation	finiteness_violation	substituted	verb_phrase	do	does	816	850	"{""driver"": 850, ""screw"": 816}"
GRAM_0083	Grammaticality	finiteness_violation	0	train	plus	human_reviewed_selected			USF+ds003604-template-abstraction	USF:Cue_Target_Pairs.A-B:7781			They is buckling one belt			"[""ð"", ""eɪ"", ""ɪ"", ""z"", ""b"", ""ʌ"", ""k"", ""l"", ""ɪ"", ""ŋ"", ""w"", ""ʌ"", ""n"", ""b"", ""ɛ"", ""l"", ""t""]"	be_progressive	belt	are buckling belt	0.667	0.213			4.044457183487992			17					they	buckle	is	belt	belt	one	0	0	0	1										0.667	0.213	finiteness_violation	be_progressive	finiteness_violation	substituted	verb_phrase	are	is	191	538	"{""belt"": 538, ""buckle"": 191}"
GRAM_0084	Grammaticality	finiteness_violation	0	train	plus	human_reviewed_selected			USF+ds003604-template-abstraction	USF:Cue_Target_Pairs.C:6319			They is crawling one baby			"[""ð"", ""eɪ"", ""ɪ"", ""z"", ""k"", ""ɹ"", ""ɔ"", ""l"", ""ɪ"", ""ŋ"", ""w"", ""ʌ"", ""n"", ""b"", ""eɪ"", ""b"", ""i""]"	be_progressive	baby	are crawling baby	0.345	0.0			4.893816865704922			17					they	crawl	is	baby	baby	one	0	0	0	1										0.345	0.0	finiteness_violation	be_progressive	finiteness_violation	substituted	verb_phrase	are	is	396	23715	"{""baby"": 23715, ""crawl"": 396}"
GRAM_0085	Grammaticality	finiteness_violation	0	train	plus	human_reviewed_selected			USF+ds003604-template-abstraction	USF:Cue_Target_Pairs.C:6319			They is crawling six babies			"[""ð"", ""eɪ"", ""ɪ"", ""z"", ""k"", ""ɹ"", ""ɔ"", ""l"", ""ɪ"", ""ŋ"", ""s"", ""ɪ"", ""k"", ""s"", ""b"", ""eɪ"", ""b"", ""i"", ""z""]"	be_progressive	babies	are crawling babies	0.345	0.0			4.893816865704922			19					they	crawl	is	baby	babies	six	0	0	0	1										0.345	0.0	finiteness_violation	be_progressive	finiteness_violation	substituted	verb_phrase	are	is	396	23715	"{""baby"": 23715, ""crawl"": 396}"
GRAM_0086	Grammaticality	finiteness_violation	0	train	plus	human_reviewed_selected			USF+ds003604-template-abstraction	USF:Cue_Target_Pairs.C:6319			They is crawling two babies			"[""ð"", ""eɪ"", ""ɪ"", ""z"", ""k"", ""ɹ"", ""ɔ"", ""l"", ""ɪ"", ""ŋ"", ""t"", ""uː"", ""b"", ""eɪ"", ""b"", ""i"", ""z""]"	be_progressive	babies	are crawling babies	0.345	0.0			4.893816865704922			17					they	crawl	is	baby	babies	two	0	0	0	1										0.345	0.0	finiteness_violation	be_progressive	finiteness_violation	substituted	verb_phrase	are	is	396	23715	"{""baby"": 23715, ""crawl"": 396}"
GRAM_0087	Grammaticality	finiteness_violation	0	train	plus	human_reviewed_selected			USF+ds003604-template-abstraction	USF:Cue_Target_Pairs.D-F:8939			They is folding four letters			"[""ð"", ""eɪ"", ""ɪ"", ""z"", ""f"", ""oʊ"", ""l"", ""d"", ""ɪ"", ""ŋ"", ""f"", ""ɔ"", ""ɹ"", ""l"", ""ɛ"", ""t"", ""ə"", ""ɹ"", ""z""]"	be_progressive	letters	are folding letters	0.026	0.0			4.426451891708581			19					they	fold	is	letter	letters	four	0	0	0	1										0.026	0.0	finiteness_violation	be_progressive	finiteness_violation	substituted	verb_phrase	are	is	351	1678	"{""fold"": 351, ""letter"": 1678}"
GRAM_0088	Grammaticality	finiteness_violation	0	train	plus	human_reviewed_selected			USF+ds003604-template-abstraction	USF:Cue_Target_Pairs.S:1140			They is screwing one driver			"[""ð"", ""eɪ"", ""ɪ"", ""z"", ""s"", ""k"", ""ɹ"", ""uː"", ""ɪ"", ""ŋ"", ""w"", ""ʌ"", ""n"", ""d"", ""ɹ"", ""aɪ"", ""v"", ""ə"", ""ɹ""]"	be_progressive	driver	are screwing driver	0.302	0.0			4.6247222328466515			19					they	screw	is	driver	driver	one	0	0	0	1										0.302	0.0	finiteness_violation	be_progressive	finiteness_violation	substituted	verb_phrase	are	is	816	850	"{""driver"": 850, ""screw"": 816}"
GRAM_0089	Grammaticality	finiteness_violation	0	train	plus	human_reviewed_selected			USF+ds003604-template-abstraction	USF:Cue_Target_Pairs.S:1140			They is screwing three drivers			"[""ð"", ""eɪ"", ""ɪ"", ""z"", ""s"", ""k"", ""ɹ"", ""uː"", ""ɪ"", ""ŋ"", ""θ"", ""ɹ"", ""iː"", ""d"", ""ɹ"", ""aɪ"", ""v"", ""ə"", ""ɹ"", ""z""]"	be_progressive	drivers	are screwing drivers	0.302	0.0			4.6247222328466515			20					they	screw	is	driver	drivers	three	0	0	0	1										0.302	0.0	finiteness_violation	be_progressive	finiteness_violation	substituted	verb_phrase	are	is	816	850	"{""driver"": 850, ""screw"": 816}"
GRAM_0090	Grammaticality	finiteness_violation	0	train	plus	human_reviewed_selected			USF+ds003604-template-abstraction	USF:Cue_Target_Pairs.S:1140			They is screwing two drivers			"[""ð"", ""eɪ"", ""ɪ"", ""z"", ""s"", ""k"", ""ɹ"", ""uː"", ""ɪ"", ""ŋ"", ""t"", ""uː"", ""d"", ""ɹ"", ""aɪ"", ""v"", ""ə"", ""ɹ"", ""z""]"	be_progressive	drivers	are screwing drivers	0.302	0.0			4.6247222328466515			19					they	screw	is	driver	drivers	two	0	0	0	1										0.302	0.0	finiteness_violation	be_progressive	finiteness_violation	substituted	verb_phrase	are	is	816	850	"{""driver"": 850, ""screw"": 816}"
GRAM_0091	Grammaticality	grammatical	1	train	plus	human_reviewed_selected			USF+ds003604-template-abstraction	USF:Cue_Target_Pairs.A-B:7781			Every day he buckles four belts			"[""ɛ"", ""v"", ""ɹ"", ""i"", ""d"", ""eɪ"", ""h"", ""iː"", ""b"", ""ʌ"", ""k"", ""ə"", ""l"", ""z"", ""f"", ""ɔ"", ""ɹ"", ""b"", ""ɛ"", ""l"", ""t"", ""s""]"	present_3s	belts	buckles belts	0.667	0.213			4.044457183487992			22					he	buckle	buckles	belt	belts	four	0	0	0	1										0.667	0.213	grammatical	present_3s	grammatical	none				191	538	"{""belt"": 538, ""buckle"": 191}"
GRAM_0092	Grammaticality	grammatical	1	train	plus	human_reviewed_selected			USF+ds003604-template-abstraction	USF:Cue_Target_Pairs.A-B:7781			Every day he buckles one belt			"[""ɛ"", ""v"", ""ɹ"", ""i"", ""d"", ""eɪ"", ""h"", ""iː"", ""b"", ""ʌ"", ""k"", ""ə"", ""l"", ""z"", ""w"", ""ʌ"", ""n"", ""b"", ""ɛ"", ""l"", ""t""]"	present_3s	belt	buckles belt	0.667	0.213			4.044457183487992			21					he	buckle	buckles	belt	belt	one	0	0	0	1										0.667	0.213	grammatical	present_3s	grammatical	none				191	538	"{""belt"": 538, ""buckle"": 191}"
GRAM_0093	Grammaticality	grammatical	1	train	plus	human_reviewed_selected			USF+ds003604-template-abstraction	USF:Cue_Target_Pairs.A-B:7781			Every day he buckles two belts			"[""ɛ"", ""v"", ""ɹ"", ""i"", ""d"", ""eɪ"", ""h"", ""iː"", ""b"", ""ʌ"", ""k"", ""ə"", ""l"", ""z"", ""t"", ""uː"", ""b"", ""ɛ"", ""l"", ""t"", ""s""]"	present_3s	belts	buckles belts	0.667	0.213			4.044457183487992			21					he	buckle	buckles	belt	belts	two	0	0	0	1										0.667	0.213	grammatical	present_3s	grammatical	none				191	538	"{""belt"": 538, ""buckle"": 191}"
GRAM_0094	Grammaticality	grammatical	1	train	plus	human_reviewed_selected			USF+ds003604-template-abstraction	USF:Cue_Target_Pairs.C:1357			Every day he celebrates one birthday			"[""ɛ"", ""v"", ""ɹ"", ""i"", ""d"", ""eɪ"", ""h"", ""iː"", ""s"", ""ɛ"", ""l"", ""ə"", ""b"", ""ɹ"", ""eɪ"", ""t"", ""s"", ""w"", ""ʌ"", ""n"", ""b"", ""ɜː"", ""θ"", ""d"", ""eɪ""]"	present_3s	birthday	celebrates birthday	0.13	0.02			4.691642711890822			25					he	celebrate	celebrates	birthday	birthday	one	0	0	0	1										0.13	0.02	grammatical	present_3s	grammatical	none				38	3339	"{""birthday"": 3339, ""celebrate"": 38}"
GRAM_0095	Grammaticality	grammatical	1	train	plus	human_reviewed_selected			USF+ds003604-template-abstraction	USF:Cue_Target_Pairs.C:1357			Every day he celebrates six birthdays			"[""ɛ"", ""v"", ""ɹ"", ""i"", ""d"", ""eɪ"", ""h"", ""iː"", ""s"", ""ɛ"", ""l"", ""ə"", ""b"", ""ɹ"", ""eɪ"", ""t"", ""s"", ""s"", ""ɪ"", ""k"", ""s"", ""b"", ""ɜː"", ""θ"", ""d"", ""eɪ"", ""z""]"	present_3s	birthdays	celebrates birthdays	0.13	0.02			4.691642711890822			27					he	celebrate	celebrates	birthday	birthdays	six	0	0	0	1										0.13	0.02	grammatical	present_3s	grammatical	none				38	3339	"{""birthday"": 3339, ""celebrate"": 38}"
GRAM_0096	Grammaticality	grammatical	1	train	plus	human_reviewed_selected			USF+ds003604-template-abstraction	USF:Cue_Target_Pairs.C:1357			Every day he celebrates three birthdays			"[""ɛ"", ""v"", ""ɹ"", ""i"", ""d"", ""eɪ"", ""h"", ""iː"", ""s"", ""ɛ"", ""l"", ""ə"", ""b"", ""ɹ"", ""eɪ"", ""t"", ""s"", ""θ"", ""ɹ"", ""iː"", ""b"", ""ɜː"", ""θ"", ""d"", ""eɪ"", ""z""]"	present_3s	birthdays	celebrates birthdays	0.13	0.02			4.691642711890822			26					he	celebrate	celebrates	birthday	birthdays	three	0	0	0	1										0.13	0.02	grammatical	present_3s	grammatical	none				38	3339	"{""birthday"": 3339, ""celebrate"": 38}"
GRAM_0097	Grammaticality	grammatical	1	train	plus	human_reviewed_selected			USF+ds003604-template-abstraction	USF:Cue_Target_Pairs.C:1356			Every day he celebrates two parties			"[""ɛ"", ""v"", ""ɹ"", ""i"", ""d"", ""eɪ"", ""h"", ""iː"", ""s"", ""ɛ"", ""l"", ""ə"", ""b"", ""ɹ"", ""eɪ"", ""t"", ""s"", ""t"", ""uː"", ""p"", ""ɑ"", ""ɹ"", ""t"", ""i"", ""z""]"	present_3s	parties	celebrates parties	0.603	0.0			4.881580377984266			25					he	celebrate	celebrates	party	parties	two	0	0	0	1										0.603	0.0	grammatical	present_3s	grammatical	none				38	1661	"{""celebrate"": 38, ""party"": 1661}"
GRAM_0098	Grammaticality	grammatical	1	train	plus	human_reviewed_selected			USF+ds003604-template-abstraction	USF:Cue_Target_Pairs.C:6319			Every day he crawls four babies			"[""ɛ"", ""v"", ""ɹ"", ""i"", ""d"", ""eɪ"", ""h"", ""iː"", ""k"", ""ɹ"", ""ɔ"", ""l"", ""z"", ""f"", ""ɔ"", ""ɹ"", ""b"", ""eɪ"", ""b"", ""i"", ""z""]"	present_3s	babies	crawls babies	0.345	0.0			4.893816865704922			21					he	crawl	crawls	baby	babies	four	0	0	0	1										0.345	0.0	grammatical	present_3s	grammatical	none				396	23715	"{""baby"": 23715, ""crawl"": 396}"
GRAM_0099	Grammaticality	grammatical	1	train	plus	human_reviewed_selected			USF+ds003604-template-abstraction	USF:Cue_Target_Pairs.C:6319			Every day he crawls one baby			"[""ɛ"", ""v"", ""ɹ"", ""i"", ""d"", ""eɪ"", ""h"", ""iː"", ""k"", ""ɹ"", ""ɔ"", ""l"", ""z"", ""w"", ""ʌ"", ""n"", ""b"", ""eɪ"", ""b"", ""i""]"	present_3s	baby	crawls baby	0.345	0.0			4.893816865704922			20					he	crawl	crawls	baby	baby	one	0	0	0	1										0.345	0.0	grammatical	present_3s	grammatical	none				396	23715	"{""baby"": 23715, ""crawl"": 396}"
GRAM_0100	Grammaticality	grammatical	1	train	plus	human_reviewed_selected			USF+ds003604-template-abstraction	USF:Cue_Target_Pairs.D-F:8939			Every day he folds one letter			"[""ɛ"", ""v"", ""ɹ"", ""i"", ""d"", ""eɪ"", ""h"", ""iː"", ""f"", ""oʊ"", ""l"", ""d"", ""z"", ""w"", ""ʌ"", ""n"", ""l"", ""ɛ"", ""t"", ""ə"", ""ɹ""]"	present_3s	letter	folds letter	0.026	0.0			4.426451891708581			21					he	fold	folds	letter	letter	one	0	0	0	1										0.026	0.0	grammatical	present_3s	grammatical	none				351	1678	"{""fold"": 351, ""letter"": 1678}"
GRAM_0101	Grammaticality	grammatical	1	train	plus	human_reviewed_selected			USF+ds003604-template-abstraction	USF:Cue_Target_Pairs.G-K:1362			Every day he grabs one bag			"[""ɛ"", ""v"", ""ɹ"", ""i"", ""d"", ""eɪ"", ""h"", ""iː"", ""ɡ"", ""ɹ"", ""æ"", ""b"", ""z"", ""w"", ""ʌ"", ""n"", ""b"", ""æ"", ""ɡ""]"	present_3s	bag	grabs bag	0.102	0.0			4.911863485227926			19					he	grab	grabs	bag	bag	one	0	0	0	1										0.102	0.0	grammatical	present_3s	grammatical	none				539	1813	"{""bag"": 1813, ""grab"": 539}"
GRAM_0102	Grammaticality	grammatical	1	train	plus	human_reviewed_selected			USF+ds003604-template-abstraction	USF:Cue_Target_Pairs.G-K:1362			Every day he grabs three bags			"[""ɛ"", ""v"", ""ɹ"", ""i"", ""d"", ""eɪ"", ""h"", ""iː"", ""ɡ"", ""ɹ"", ""æ"", ""b"", ""z"", ""θ"", ""ɹ"", ""iː"", ""b"", ""æ"", ""ɡ"", ""z""]"	present_3s	bags	grabs bags	0.102	0.0			4.911863485227926			20					he	grab	grabs	bag	bags	three	0	0	0	1										0.102	0.0	grammatical	present_3s	grammatical	none				539	1813	"{""bag"": 1813, ""grab"": 539}"
GRAM_0103	Grammaticality	grammatical	1	train	plus	human_reviewed_selected			USF+ds003604-template-abstraction	USF:Cue_Target_Pairs.L-O:5174			Every day he mixes one drink			"[""ɛ"", ""v"", ""ɹ"", ""i"", ""d"", ""eɪ"", ""h"", ""iː"", ""m"", ""ɪ"", ""k"", ""s"", ""ɪ"", ""z"", ""w"", ""ʌ"", ""n"", ""d"", ""ɹ"", ""ɪ"", ""ŋ"", ""k""]"	present_3s	drink	mixes drink	0.068	0.0			4.803490900750679			22					he	mix	mixes	drink	drink	one	0	0	0	1										0.068	0.0	grammatical	present_3s	grammatical	none				605	4698	"{""drink"": 4698, ""mix"": 605}"
GRAM_0104	Grammaticality	grammatical	1	train	plus	human_reviewed_selected			USF+ds003604-template-abstraction	USF:Cue_Target_Pairs.L-O:5174			Every day he mixes three drinks			"[""ɛ"", ""v"", ""ɹ"", ""i"", ""d"", ""eɪ"", ""h"", ""iː"", ""m"", ""ɪ"", ""k"", ""s"", ""ɪ"", ""z"", ""θ"", ""ɹ"", ""iː"", ""d"", ""ɹ"", ""ɪ"", ""ŋ"", ""k"", ""s""]"	present_3s	drinks	mixes drinks	0.068	0.0			4.803490900750679			23					he	mix	mixes	drink	drinks	three	0	0	0	1										0.068	0.0	grammatical	present_3s	grammatical	none				605	4698	"{""drink"": 4698, ""mix"": 605}"
GRAM_0105	Grammaticality	grammatical	1	train	plus	human_reviewed_selected			USF+ds003604-template-abstraction	USF:Cue_Target_Pairs.L-O:7533			Every day he notifies four contacts			"[""ɛ"", ""v"", ""ɹ"", ""i"", ""d"", ""eɪ"", ""h"", ""iː"", ""n"", ""oʊ"", ""t"", ""ɪ"", ""f"", ""aɪ"", ""z"", ""f"", ""ɔ"", ""ɹ"", ""k"", ""ɑ"", ""n"", ""t"", ""æ"", ""k"", ""t"", ""s""]"	present_3s	contacts	notifies contacts	0.058	0.0			4.334348587938938			26					he	notify	notifies	contact	contacts	four	0	0	0	1										0.058	0.0	grammatical	present_3s	grammatical	none				1	20	"{""contact"": 20, ""notify"": 1}"
GRAM_0106	Grammaticality	grammatical	1	train	plus	human_reviewed_selected			USF+ds003604-template-abstraction	USF:Cue_Target_Pairs.L-O:7533			Every day he notifies one contact			"[""ɛ"", ""v"", ""ɹ"", ""i"", ""d"", ""eɪ"", ""h"", ""iː"", ""n"", ""oʊ"", ""t"", ""ɪ"", ""f"", ""aɪ"", ""z"", ""w"", ""ʌ"", ""n"", ""k"", ""ɑ"", ""n"", ""t"", ""æ"", ""k"", ""t""]"	present_3s	contact	notifies contact	0.058	0.0			4.334348587938938			25					he	notify	notifies	contact	contact	one	0	0	0	1										0.058	0.0	grammatical	present_3s	grammatical	none				1	20	"{""contact"": 20, ""notify"": 1}"
GRAM_0107	Grammaticality	grammatical	1	train	plus	human_reviewed_selected			USF+ds003604-template-abstraction	USF:Cue_Target_Pairs.S:120			Every day he sails four boats			"[""ɛ"", ""v"", ""ɹ"", ""i"", ""d"", ""eɪ"", ""h"", ""iː"", ""s"", ""eɪ"", ""l"", ""z"", ""f"", ""ɔ"", ""ɹ"", ""b"", ""oʊ"", ""t"", ""s""]"	present_3s	boats	sails boats	0.589	0.134			4.5597211169127885			19					he	sail	sails	boat	boats	four	0	0	0	1										0.589	0.134	grammatical	present_3s	grammatical	none				164	1945	"{""boat"": 1945, ""sail"": 164}"
GRAM_0108	Grammaticality	grammatical	1	train	plus	human_reviewed_selected			USF+ds003604-template-abstraction	USF:Cue_Target_Pairs.S:120			Every day he sails one boat			"[""ɛ"", ""v"", ""ɹ"", ""i"", ""d"", ""eɪ"", ""h"", ""iː"", ""s"", ""eɪ"", ""l"", ""z"", ""w"", ""ʌ"", ""n"", ""b"", ""oʊ"", ""t""]"	present_3s	boat	sails boat	0.589	0.134			4.5597211169127885			18					he	sail	sails	boat	boat	one	0	0	0	1										0.589	0.134	grammatical	present_3s	grammatical	none				164	1945	"{""boat"": 1945, ""sail"": 164}"
GRAM_0109	Grammaticality	grammatical	1	train	plus	human_reviewed_selected			USF+ds003604-template-abstraction	USF:Cue_Target_Pairs.S:120			Every day he sails three boats			"[""ɛ"", ""v"", ""ɹ"", ""i"", ""d"", ""eɪ"", ""h"", ""iː"", ""s"", ""eɪ"", ""l"", ""z"", ""θ"", ""ɹ"", ""iː"", ""b"", ""oʊ"", ""t"", ""s""]"	present_3s	boats	sails boats	0.589	0.134			4.5597211169127885			19					he	sail	sails	boat	boats	three	0	0	0	1										0.589	0.134	grammatical	present_3s	grammatical	none				164	1945	"{""boat"": 1945, ""sail"": 164}"
GRAM_0110	Grammaticality	grammatical	1	train	plus	human_reviewed_selected			USF+ds003604-template-abstraction	USF:Cue_Target_Pairs.S:3258			Every day he sings one song			"[""ɛ"", ""v"", ""ɹ"", ""i"", ""d"", ""eɪ"", ""h"", ""iː"", ""s"", ""ɪ"", ""ŋ"", ""z"", ""w"", ""ʌ"", ""n"", ""s"", ""ɔ"", ""ŋ""]"	present_3s	song	sings song	0.456	0.291			4.980536716981005			18					he	sing	sings	song	song	one	0	0	0	1										0.456	0.291	grammatical	present_3s	grammatical	none				2560	1841	"{""sing"": 2560, ""song"": 1841}"
GRAM_0111	Grammaticality	grammatical	1	train	plus	human_reviewed_selected			USF+ds003604-template-abstraction	USF:Cue_Target_Pairs.S:3258			Every day he sings three songs			"[""ɛ"", ""v"", ""ɹ"", ""i"", ""d"", ""eɪ"", ""h"", ""iː"", ""s"", ""ɪ"", ""ŋ"", ""z"", ""θ"", ""ɹ"", ""iː"", ""s"", ""ɔ"", ""ŋ"", ""z""]"	present_3s	songs	sings songs	0.456	0.291			4.980536716981005			19					he	sing	sings	song	songs	three	0	0	0	1										0.456	0.291	grammatical	present_3s	grammatical	none				2560	1841	"{""sing"": 2560, ""song"": 1841}"
GRAM_0112	Grammaticality	grammatical	1	train	plus	human_reviewed_selected			USF+ds003604-template-abstraction	USF:Cue_Target_Pairs.S:3258			Every day he sings two songs			"[""ɛ"", ""v"", ""ɹ"", ""i"", ""d"", ""eɪ"", ""h"", ""iː"", ""s"", ""ɪ"", ""ŋ"", ""z"", ""t"", ""uː"", ""s"", ""ɔ"", ""ŋ"", ""z""]"	present_3s	songs	sings songs	0.456	0.291			4.980536716981005			18					he	sing	sings	song	songs	two	0	0	0	1										0.456	0.291	grammatical	present_3s	grammatical	none				2560	1841	"{""sing"": 2560, ""song"": 1841}"
GRAM_0113	Grammaticality	grammatical	1	train	plus	human_reviewed_selected			USF+ds003604-template-abstraction	USF:Cue_Target_Pairs.A-B:7781			Every day she buckles four belts			"[""ɛ"", ""v"", ""ɹ"", ""i"", ""d"", ""eɪ"", ""ʃ"", ""iː"", ""b"", ""ʌ"", ""k"", ""ə"", ""l"", ""z"", ""f"", ""ɔ"", ""ɹ"", ""b"", ""ɛ"", ""l"", ""t"", ""s""]"	present_3s	belts	buckles belts	0.667	0.213			4.044457183487992			22					she	buckle	buckles	belt	belts	four	0	0	0	1										0.667	0.213	grammatical	present_3s	grammatical	none				191	538	"{""belt"": 538, ""buckle"": 191}"
GRAM_0114	Grammaticality	grammatical	1	train	plus	human_reviewed_selected			USF+ds003604-template-abstraction	USF:Cue_Target_Pairs.A-B:7781			Every day she buckles one belt			"[""ɛ"", ""v"", ""ɹ"", ""i"", ""d"", ""eɪ"", ""ʃ"", ""iː"", ""b"", ""ʌ"", ""k"", ""ə"", ""l"", ""z"", ""w"", ""ʌ"", ""n"", ""b"", ""ɛ"", ""l"", ""t""]"	present_3s	belt	buckles belt	0.667	0.213			4.044457183487992			21					she	buckle	buckles	belt	belt	one	0	0	0	1										0.667	0.213	grammatical	present_3s	grammatical	none				191	538	"{""belt"": 538, ""buckle"": 191}"
GRAM_0115	Grammaticality	grammatical	1	train	plus	human_reviewed_selected			USF+ds003604-template-abstraction	USF:Cue_Target_Pairs.A-B:7781			Every day she buckles three belts			"[""ɛ"", ""v"", ""ɹ"", ""i"", ""d"", ""eɪ"", ""ʃ"", ""iː"", ""b"", ""ʌ"", ""k"", ""ə"", ""l"", ""z"", ""θ"", ""ɹ"", ""iː"", ""b"", ""ɛ"", ""l"", ""t"", ""s""]"	present_3s	belts	buckles belts	0.667	0.213			4.044457183487992			22					she	buckle	buckles	belt	belts	three	0	0	0	1										0.667	0.213	grammatical	present_3s	grammatical	none				191	538	"{""belt"": 538, ""buckle"": 191}"
GRAM_0116	Grammaticality	grammatical	1	train	plus	human_reviewed_selected			USF+ds003604-template-abstraction	USF:Cue_Target_Pairs.A-B:7781			Every day she buckles two belts			"[""ɛ"", ""v"", ""ɹ"", ""i"", ""d"", ""eɪ"", ""ʃ"", ""iː"", ""b"", ""ʌ"", ""k"", ""ə"", ""l"", ""z"", ""t"", ""uː"", ""b"", ""ɛ"", ""l"", ""t"", ""s""]"	present_3s	belts	buckles belts	0.667	0.213			4.044457183487992			21					she	buckle	buckles	belt	belts	two	0	0	0	1										0.667	0.213	grammatical	present_3s	grammatical	none				191	538	"{""belt"": 538, ""buckle"": 191}"
GRAM_0117	Grammaticality	grammatical	1	train	plus	human_reviewed_selected			USF+ds003604-template-abstraction	USF:Cue_Target_Pairs.C:1357			Every day she celebrates two birthdays			"[""ɛ"", ""v"", ""ɹ"", ""i"", ""d"", ""eɪ"", ""ʃ"", ""iː"", ""s"", ""ɛ"", ""l"", ""ə"", ""b"", ""ɹ"", ""eɪ"", ""t"", ""s"", ""t"", ""uː"", ""b"", ""ɜː"", ""θ"", ""d"", ""eɪ"", ""z""]"	present_3s	birthdays	celebrates birthdays	0.13	0.02			4.691642711890822			25					she	celebrate	celebrates	birthday	birthdays	two	0	0	0	1										0.13	0.02	grammatical	present_3s	grammatical	none				38	3339	"{""birthday"": 3339, ""celebrate"": 38}"
GRAM_0118	Grammaticality	grammatical	1	train	plus	human_reviewed_selected			USF+ds003604-template-abstraction	USF:Cue_Target_Pairs.C:6319			Every day she crawls two babies			"[""ɛ"", ""v"", ""ɹ"", ""i"", ""d"", ""eɪ"", ""ʃ"", ""iː"", ""k"", ""ɹ"", ""ɔ"", ""l"", ""z"", ""t"", ""uː"", ""b"", ""eɪ"", ""b"", ""i"", ""z""]"	present_3s	babies	crawls babies	0.345	0.0			4.893816865704922			20					she	crawl	crawls	baby	babies	two	0	0	0	1										0.345	0.0	grammatical	present_3s	grammatical	none				396	23715	"{""baby"": 23715, ""crawl"": 396}"
GRAM_0119	Grammaticality	grammatical	1	train	plus	human_reviewed_selected			USF+ds003604-template-abstraction	USF:Cue_Target_Pairs.D-F:8939			Every day she folds one letter			"[""ɛ"", ""v"", ""ɹ"", ""i"", ""d"", ""eɪ"", ""ʃ"", ""iː"", ""f"", ""oʊ"", ""l"", ""d"", ""z"", ""w"", ""ʌ"", ""n"", ""l"", ""ɛ"", ""t"", ""ə"", ""ɹ""]"	present_3s	letter	folds letter	0.026	0.0			4.426451891708581			21					she	fold	folds	letter	letter	one	0	0	0	1										0.026	0.0	grammatical	present_3s	grammatical	none				351	1678	"{""fold"": 351, ""letter"": 1678}"
GRAM_0120	Grammaticality	grammatical	1	train	plus	human_reviewed_selected			USF+ds003604-template-abstraction	USF:Cue_Target_Pairs.D-F:8939			Every day she folds two letters			"[""ɛ"", ""v"", ""ɹ"", ""i"", ""d"", ""eɪ"", ""ʃ"", ""iː"", ""f"", ""oʊ"", ""l"", ""d"", ""z"", ""t"", ""uː"", ""l"", ""ɛ"", ""t"", ""ə"", ""ɹ"", ""z""]"	present_3s	letters	folds letters	0.026	0.0			4.426451891708581			21					she	fold	folds	letter	letters	two	0	0	0	1										0.026	0.0	grammatical	present_3s	grammatical	none				351	1678	"{""fold"": 351, ""letter"": 1678}"
GRAM_0121	Grammaticality	grammatical	1	train	plus	human_reviewed_selected			USF+ds003604-template-abstraction	USF:Cue_Target_Pairs.L-O:5174			Every day she mixes two drinks			"[""ɛ"", ""v"", ""ɹ"", ""i"", ""d"", ""eɪ"", ""ʃ"", ""iː"", ""m"", ""ɪ"", ""k"", ""s"", ""ɪ"", ""z"", ""t"", ""uː"", ""d"", ""ɹ"", ""ɪ"", ""ŋ"", ""k"", ""s""]"	present_3s	drinks	mixes drinks	0.068	0.0			4.803490900750679			22					she	mix	mixes	drink	drinks	two	0	0	0	1										0.068	0.0	grammatical	present_3s	grammatical	none				605	4698	"{""drink"": 4698, ""mix"": 605}"
GRAM_0122	Grammaticality	grammatical	1	train	plus	human_reviewed_selected			USF+ds003604-template-abstraction	USF:Cue_Target_Pairs.L-O:7533			Every day she notifies one contact			"[""ɛ"", ""v"", ""ɹ"", ""i"", ""d"", ""eɪ"", ""ʃ"", ""iː"", ""n"", ""oʊ"", ""t"", ""ɪ"", ""f"", ""aɪ"", ""z"", ""w"", ""ʌ"", ""n"", ""k"", ""ɑ"", ""n"", ""t"", ""æ"", ""k"", ""t""]"	present_3s	contact	notifies contact	0.058	0.0			4.334348587938938			25					she	notify	notifies	contact	contact	one	0	0	0	1										0.058	0.0	grammatical	present_3s	grammatical	none				1	20	"{""contact"": 20, ""notify"": 1}"
GRAM_0123	Grammaticality	grammatical	1	train	plus	human_reviewed_selected			USF+ds003604-template-abstraction	USF:Cue_Target_Pairs.S:120			Every day she sails one boat			"[""ɛ"", ""v"", ""ɹ"", ""i"", ""d"", ""eɪ"", ""ʃ"", ""iː"", ""s"", ""eɪ"", ""l"", ""z"", ""w"", ""ʌ"", ""n"", ""b"", ""oʊ"", ""t""]"	present_3s	boat	sails boat	0.589	0.134			4.5597211169127885			18					she	sail	sails	boat	boat	one	0	0	0	1										0.589	0.134	grammatical	present_3s	grammatical	none				164	1945	"{""boat"": 1945, ""sail"": 164}"
GRAM_0124	Grammaticality	grammatical	1	train	plus	human_reviewed_selected			USF+ds003604-template-abstraction	USF:Cue_Target_Pairs.S:120			Every day she sails two boats			"[""ɛ"", ""v"", ""ɹ"", ""i"", ""d"", ""eɪ"", ""ʃ"", ""iː"", ""s"", ""eɪ"", ""l"", ""z"", ""t"", ""uː"", ""b"", ""oʊ"", ""t"", ""s""]"	present_3s	boats	sails boats	0.589	0.134			4.5597211169127885			18					she	sail	sails	boat	boats	two	0	0	0	1										0.589	0.134	grammatical	present_3s	grammatical	none				164	1945	"{""boat"": 1945, ""sail"": 164}"
GRAM_0125	Grammaticality	grammatical	1	train	plus	human_reviewed_selected			USF+ds003604-template-abstraction	USF:Cue_Target_Pairs.S:3258			Every day she sings two songs			"[""ɛ"", ""v"", ""ɹ"", ""i"", ""d"", ""eɪ"", ""ʃ"", ""iː"", ""s"", ""ɪ"", ""ŋ"", ""z"", ""t"", ""uː"", ""s"", ""ɔ"", ""ŋ"", ""z""]"	present_3s	songs	sings songs	0.456	0.291			4.980536716981005			18					she	sing	sings	song	songs	two	0	0	0	1										0.456	0.291	grammatical	present_3s	grammatical	none				2560	1841	"{""sing"": 2560, ""song"": 1841}"
GRAM_0126	Grammaticality	grammatical	1	train	plus	human_reviewed_selected			USF+ds003604-template-abstraction	USF:Cue_Target_Pairs.A-B:7781			Every day they buckle one belt			"[""ɛ"", ""v"", ""ɹ"", ""i"", ""d"", ""eɪ"", ""ð"", ""eɪ"", ""b"", ""ʌ"", ""k"", ""ə"", ""l"", ""w"", ""ʌ"", ""n"", ""b"", ""ɛ"", ""l"", ""t""]"	present_3s	belt	buckle belt	0.667	0.213			4.044457183487992			20					they	buckle	buckle	belt	belt	one	0	0	0	1										0.667	0.213	grammatical	present_3s	grammatical	none				191	538	"{""belt"": 538, ""buckle"": 191}"
GRAM_0127	Grammaticality	grammatical	1	train	plus	human_reviewed_selected			USF+ds003604-template-abstraction	USF:Cue_Target_Pairs.A-B:7781			Every day they buckle three belts			"[""ɛ"", ""v"", ""ɹ"", ""i"", ""d"", ""eɪ"", ""ð"", ""eɪ"", ""b"", ""ʌ"", ""k"", ""ə"", ""l"", ""θ"", ""ɹ"", ""iː"", ""b"", ""ɛ"", ""l"", ""t"", ""s""]"	present_3s	belts	buckle belts	0.667	0.213			4.044457183487992			21					they	buckle	buckle	belt	belts	three	0	0	0	1										0.667	0.213	grammatical	present_3s	grammatical	none				191	538	"{""belt"": 538, ""buckle"": 191}"
GRAM_0128	Grammaticality	grammatical	1	train	plus	human_reviewed_selected			USF+ds003604-template-abstraction	USF:Cue_Target_Pairs.A-B:7781			Every day they buckle two belts			"[""ɛ"", ""v"", ""ɹ"", ""i"", ""d"", ""eɪ"", ""ð"", ""eɪ"", ""b"", ""ʌ"", ""k"", ""ə"", ""l"", ""t"", ""uː"", ""b"", ""ɛ"", ""l"", ""t"", ""s""]"	present_3s	belts	buckle belts	0.667	0.213			4.044457183487992			20					they	buckle	buckle	belt	belts	two	0	0	0	1										0.667	0.213	grammatical	present_3s	grammatical	none				191	538	"{""belt"": 538, ""buckle"": 191}"
GRAM_0129	Grammaticality	grammatical	1	train	plus	human_reviewed_selected			USF+ds003604-template-abstraction	USF:Cue_Target_Pairs.D-F:8939			Every day they fold three letters			"[""ɛ"", ""v"", ""ɹ"", ""i"", ""d"", ""eɪ"", ""ð"", ""eɪ"", ""f"", ""oʊ"", ""l"", ""d"", ""θ"", ""ɹ"", ""iː"", ""l"", ""ɛ"", ""t"", ""ə"", ""ɹ"", ""z""]"	present_3s	letters	fold letters	0.026	0.0			4.426451891708581			21					they	fold	fold	letter	letters	three	0	0	0	1										0.026	0.0	grammatical	present_3s	grammatical	none				351	1678	"{""fold"": 351, ""letter"": 1678}"
GRAM_0130	Grammaticality	grammatical	1	train	plus	human_reviewed_selected			USF+ds003604-template-abstraction	USF:Cue_Target_Pairs.G-K:1362			Every day they grab two bags			"[""ɛ"", ""v"", ""ɹ"", ""i"", ""d"", ""eɪ"", ""ð"", ""eɪ"", ""ɡ"", ""ɹ"", ""æ"", ""b"", ""t"", ""uː"", ""b"", ""æ"", ""ɡ"", ""z""]"	present_3s	bags	grab bags	0.102	0.0			4.911863485227926			18					they	grab	grab	bag	bags	two	0	0	0	1										0.102	0.0	grammatical	present_3s	grammatical	none				539	1813	"{""bag"": 1813, ""grab"": 539}"
GRAM_0131	Grammaticality	grammatical	1	train	plus	human_reviewed_selected			USF+ds003604-template-abstraction	USF:Cue_Target_Pairs.L-O:7533			Every day they notify one contact			"[""ɛ"", ""v"", ""ɹ"", ""i"", ""d"", ""eɪ"", ""ð"", ""eɪ"", ""n"", ""oʊ"", ""t"", ""ɪ"", ""f"", ""aɪ"", ""w"", ""ʌ"", ""n"", ""k"", ""ɑ"", ""n"", ""t"", ""æ"", ""k"", ""t""]"	present_3s	contact	notify contact	0.058	0.0			4.334348587938938			24					they	notify	notify	contact	contact	one	0	0	0	1										0.058	0.0	grammatical	present_3s	grammatical	none				1	20	"{""contact"": 20, ""notify"": 1}"
GRAM_0132	Grammaticality	grammatical	1	train	plus	human_reviewed_selected			USF+ds003604-template-abstraction	USF:Cue_Target_Pairs.S:120			Every day they sail two boats			"[""ɛ"", ""v"", ""ɹ"", ""i"", ""d"", ""eɪ"", ""ð"", ""eɪ"", ""s"", ""eɪ"", ""l"", ""t"", ""uː"", ""b"", ""oʊ"", ""t"", ""s""]"	present_3s	boats	sail boats	0.589	0.134			4.5597211169127885			17					they	sail	sail	boat	boats	two	0	0	0	1										0.589	0.134	grammatical	present_3s	grammatical	none				164	1945	"{""boat"": 1945, ""sail"": 164}"
GRAM_0133	Grammaticality	grammatical	1	train	plus	human_reviewed_selected			USF+ds003604-template-abstraction	USF:Cue_Target_Pairs.A-B:7781			He does not buckle four belts			"[""h"", ""iː"", ""d"", ""ʌ"", ""z"", ""n"", ""ɑ"", ""t"", ""b"", ""ʌ"", ""k"", ""ə"", ""l"", ""f"", ""ɔ"", ""ɹ"", ""b"", ""ɛ"", ""l"", ""t"", ""s""]"	do_negation	belts	does not buckle belts	0.667	0.213			4.044457183487992			21					he	buckle	buckle	belt	belts	four	1	0	0	1										0.667	0.213	grammatical	do_negation	grammatical	none				191	538	"{""belt"": 538, ""buckle"": 191}"
GRAM_0134	Grammaticality	grammatical	1	train	plus	human_reviewed_selected			USF+ds003604-template-abstraction	USF:Cue_Target_Pairs.A-B:7781			He does not buckle one belt			"[""h"", ""iː"", ""d"", ""ʌ"", ""z"", ""n"", ""ɑ"", ""t"", ""b"", ""ʌ"", ""k"", ""ə"", ""l"", ""w"", ""ʌ"", ""n"", ""b"", ""ɛ"", ""l"", ""t""]"	do_negation	belt	does not buckle belt	0.667	0.213			4.044457183487992			20					he	buckle	buckle	belt	belt	one	1	0	0	1										0.667	0.213	grammatical	do_negation	grammatical	none				191	538	"{""belt"": 538, ""buckle"": 191}"
GRAM_0135	Grammaticality	grammatical	1	train	plus	human_reviewed_selected			USF+ds003604-template-abstraction	USF:Cue_Target_Pairs.A-B:7781			He does not buckle three belts			"[""h"", ""iː"", ""d"", ""ʌ"", ""z"", ""n"", ""ɑ"", ""t"", ""b"", ""ʌ"", ""k"", ""ə"", ""l"", ""θ"", ""ɹ"", ""iː"", ""b"", ""ɛ"", ""l"", ""t"", ""s""]"	do_negation	belts	does not buckle belts	0.667	0.213			4.044457183487992			21					he	buckle	buckle	belt	belts	three	1	0	0	1										0.667	0.213	grammatical	do_negation	grammatical	none				191	538	"{""belt"": 538, ""buckle"": 191}"
GRAM_0136	Grammaticality	grammatical	1	train	plus	human_reviewed_selected			USF+ds003604-template-abstraction	USF:Cue_Target_Pairs.A-B:7781			He does not buckle two belts			"[""h"", ""iː"", ""d"", ""ʌ"", ""z"", ""n"", ""ɑ"", ""t"", ""b"", ""ʌ"", ""k"", ""ə"", ""l"", ""t"", ""uː"", ""b"", ""ɛ"", ""l"", ""t"", ""s""]"	do_negation	belts	does not buckle belts	0.667	0.213			4.044457183487992			20					he	buckle	buckle	belt	belts	two	1	0	0	1										0.667	0.213	grammatical	do_negation	grammatical	none				191	538	"{""belt"": 538, ""buckle"": 191}"
GRAM_0137	Grammaticality	grammatical	1	train	plus	human_reviewed_selected			USF+ds003604-template-abstraction	USF:Cue_Target_Pairs.D-F:8939			He does not fold three letters			"[""h"", ""iː"", ""d"", ""ʌ"", ""z"", ""n"", ""ɑ"", ""t"", ""f"", ""oʊ"", ""l"", ""d"", ""θ"", ""ɹ"", ""iː"", ""l"", ""ɛ"", ""t"", ""ə"", ""ɹ"", ""z""]"	do_negation	letters	does not fold letters	0.026	0.0			4.426451891708581			21					he	fold	fold	letter	letters	three	1	0	0	1										0.026	0.0	grammatical	do_negation	grammatical	none				351	1678	"{""fold"": 351, ""letter"": 1678}"
GRAM_0138	Grammaticality	grammatical	1	train	plus	human_reviewed_selected			USF+ds003604-template-abstraction	USF:Cue_Target_Pairs.G-K:1362			He does not grab three bags			"[""h"", ""iː"", ""d"", ""ʌ"", ""z"", ""n"", ""ɑ"", ""t"", ""ɡ"", ""ɹ"", ""æ"", ""b"", ""θ"", ""ɹ"", ""iː"", ""b"", ""æ"", ""ɡ"", ""z""]"	do_negation	bags	does not grab bags	0.102	0.0			4.911863485227926			19					he	grab	grab	bag	bags	three	1	0	0	1										0.102	0.0	grammatical	do_negation	grammatical	none				539	1813	"{""bag"": 1813, ""grab"": 539}"
GRAM_0139	Grammaticality	grammatical	1	train	plus	human_reviewed_selected			USF+ds003604-template-abstraction	USF:Cue_Target_Pairs.G-K:1362			He does not grab two bags			"[""h"", ""iː"", ""d"", ""ʌ"", ""z"", ""n"", ""ɑ"", ""t"", ""ɡ"", ""ɹ"", ""æ"", ""b"", ""t"", ""uː"", ""b"", ""æ"", ""ɡ"", ""z""]"	do_negation	bags	does not grab bags	0.102	0.0			4.911863485227926			18					he	grab	grab	bag	bags	two	1	0	0	1										0.102	0.0	grammatical	do_negation	grammatical	none				539	1813	"{""bag"": 1813, ""grab"": 539}"
GRAM_0140	Grammaticality	grammatical	1	train	plus	human_reviewed_selected			USF+ds003604-template-abstraction	USF:Cue_Target_Pairs.L-O:5174			He does not mix three drinks			"[""h"", ""iː"", ""d"", ""ʌ"", ""z"", ""n"", ""ɑ"", ""t"", ""m"", ""ɪ"", ""k"", ""s"", ""θ"", ""ɹ"", ""iː"", ""d"", ""ɹ"", ""ɪ"", ""ŋ"", ""k"", ""s""]"	do_negation	drinks	does not mix drinks	0.068	0.0			4.803490900750679			21					he	mix	mix	drink	drinks	three	1	0	0	1										0.068	0.0	grammatical	do_negation	grammatical	none				605	4698	"{""drink"": 4698, ""mix"": 605}"
GRAM_0141	Grammaticality	grammatical	1	train	plus	human_reviewed_selected			USF+ds003604-template-abstraction	USF:Cue_Target_Pairs.L-O:5174			He does not mix two drinks			"[""h"", ""iː"", ""d"", ""ʌ"", ""z"", ""n"", ""ɑ"", ""t"", ""m"", ""ɪ"", ""k"", ""s"", ""t"", ""uː"", ""d"", ""ɹ"", ""ɪ"", ""ŋ"", ""k"", ""s""]"	do_negation	drinks	does not mix drinks	0.068	0.0			4.803490900750679			20					he	mix	mix	drink	drinks	two	1	0	0	1										0.068	0.0	grammatical	do_negation	grammatical	none				605	4698	"{""drink"": 4698, ""mix"": 605}"
GRAM_0142	Grammaticality	grammatical	1	train	plus	human_reviewed_selected			USF+ds003604-template-abstraction	USF:Cue_Target_Pairs.L-O:7533			He does not notify four contacts			"[""h"", ""iː"", ""d"", ""ʌ"", ""z"", ""n"", ""ɑ"", ""t"", ""n"", ""oʊ"", ""t"", ""ɪ"", ""f"", ""aɪ"", ""f"", ""ɔ"", ""ɹ"", ""k"", ""ɑ"", ""n"", ""t"", ""æ"", ""k"", ""t"", ""s""]"	do_negation	contacts	does not notify contacts	0.058	0.0			4.334348587938938			25					he	notify	notify	contact	contacts	four	1	0	0	1										0.058	0.0	grammatical	do_negation	grammatical	none				1	20	"{""contact"": 20, ""notify"": 1}"
GRAM_0143	Grammaticality	grammatical	1	train	plus	human_reviewed_selected			USF+ds003604-template-abstraction	USF:Cue_Target_Pairs.S:120			He does not sail four boats			"[""h"", ""iː"", ""d"", ""ʌ"", ""z"", ""n"", ""ɑ"", ""t"", ""s"", ""eɪ"", ""l"", ""f"", ""ɔ"", ""ɹ"", ""b"", ""oʊ"", ""t"", ""s""]"	do_negation	boats	does not sail boats	0.589	0.134			4.5597211169127885			18					he	sail	sail	boat	boats	four	1	0	0	1										0.589	0.134	grammatical	do_negation	grammatical	none				164	1945	"{""boat"": 1945, ""sail"": 164}"
GRAM_0144	Grammaticality	grammatical	1	train	plus	human_reviewed_selected			USF+ds003604-template-abstraction	USF:Cue_Target_Pairs.S:120			He does not sail one boat			"[""h"", ""iː"", ""d"", ""ʌ"", ""z"", ""n"", ""ɑ"", ""t"", ""s"", ""eɪ"", ""l"", ""w"", ""ʌ"", ""n"", ""b"", ""oʊ"", ""t""]"	do_negation	boat	does not sail boat	0.589	0.134			4.5597211169127885			17					he	sail	sail	boat	boat	one	1	0	0	1										0.589	0.134	grammatical	do_negation	grammatical	none				164	1945	"{""boat"": 1945, ""sail"": 164}"
GRAM_0145	Grammaticality	grammatical	1	train	plus	human_reviewed_selected			USF+ds003604-template-abstraction	USF:Cue_Target_Pairs.S:120			He does not sail six boats			"[""h"", ""iː"", ""d"", ""ʌ"", ""z"", ""n"", ""ɑ"", ""t"", ""s"", ""eɪ"", ""l"", ""s"", ""ɪ"", ""k"", ""s"", ""b"", ""oʊ"", ""t"", ""s""]"	do_negation	boats	does not sail boats	0.589	0.134			4.5597211169127885			19					he	sail	sail	boat	boats	six	1	0	0	1										0.589	0.134	grammatical	do_negation	grammatical	none				164	1945	"{""boat"": 1945, ""sail"": 164}"
GRAM_0146	Grammaticality	grammatical	1	train	plus	human_reviewed_selected			USF+ds003604-template-abstraction	USF:Cue_Target_Pairs.S:120			He does not sail three boats			"[""h"", ""iː"", ""d"", ""ʌ"", ""z"", ""n"", ""ɑ"", ""t"", ""s"", ""eɪ"", ""l"", ""θ"", ""ɹ"", ""iː"", ""b"", ""oʊ"", ""t"", ""s""]"	do_negation	boats	does not sail boats	0.589	0.134			4.5597211169127885			18					he	sail	sail	boat	boats	three	1	0	0	1										0.589	0.134	grammatical	do_negation	grammatical	none				164	1945	"{""boat"": 1945, ""sail"": 164}"
GRAM_0147	Grammaticality	grammatical	1	train	plus	human_reviewed_selected			USF+ds003604-template-abstraction	USF:Cue_Target_Pairs.S:120			He does not sail two boats			"[""h"", ""iː"", ""d"", ""ʌ"", ""z"", ""n"", ""ɑ"", ""t"", ""s"", ""eɪ"", ""l"", ""t"", ""uː"", ""b"", ""oʊ"", ""t"", ""s""]"	do_negation	boats	does not sail boats	0.589	0.134			4.5597211169127885			17					he	sail	sail	boat	boats	two	1	0	0	1										0.589	0.134	grammatical	do_negation	grammatical	none				164	1945	"{""boat"": 1945, ""sail"": 164}"
GRAM_0148	Grammaticality	grammatical	1	train	plus	human_reviewed_selected			USF+ds003604-template-abstraction	USF:Cue_Target_Pairs.S:3258			He does not sing one song			"[""h"", ""iː"", ""d"", ""ʌ"", ""z"", ""n"", ""ɑ"", ""t"", ""s"", ""ɪ"", ""ŋ"", ""w"", ""ʌ"", ""n"", ""s"", ""ɔ"", ""ŋ""]"	do_negation	song	does not sing song	0.456	0.291			4.980536716981005			17					he	sing	sing	song	song	one	1	0	0	1										0.456	0.291	grammatical	do_negation	grammatical	none				2560	1841	"{""sing"": 2560, ""song"": 1841}"
GRAM_0149	Grammaticality	grammatical	1	train	plus	human_reviewed_selected			USF+ds003604-template-abstraction	USF:Cue_Target_Pairs.S:3258			He does not sing two songs			"[""h"", ""iː"", ""d"", ""ʌ"", ""z"", ""n"", ""ɑ"", ""t"", ""s"", ""ɪ"", ""ŋ"", ""t"", ""uː"", ""s"", ""ɔ"", ""ŋ"", ""z""]"	do_negation	songs	does not sing songs	0.456	0.291			4.980536716981005			17					he	sing	sing	song	songs	two	1	0	0	1										0.456	0.291	grammatical	do_negation	grammatical	none				2560	1841	"{""sing"": 2560, ""song"": 1841}"
GRAM_0150	Grammaticality	grammatical	1	train	plus	human_reviewed_selected			USF+ds003604-template-abstraction	USF:Cue_Target_Pairs.A-B:7781			He is buckling five belts			"[""h"", ""iː"", ""ɪ"", ""z"", ""b"", ""ʌ"", ""k"", ""l"", ""ɪ"", ""ŋ"", ""f"", ""aɪ"", ""v"", ""b"", ""ɛ"", ""l"", ""t"", ""s""]"	be_progressive	belts	is buckling belts	0.667	0.213			4.044457183487992			18					he	buckle	buckling	belt	belts	five	0	0	0	1										0.667	0.213	grammatical	be_progressive	grammatical	none				191	538	"{""belt"": 538, ""buckle"": 191}"
GRAM_0151	Grammaticality	grammatical	1	train	plus	human_reviewed_selected			USF+ds003604-template-abstraction	USF:Cue_Target_Pairs.A-B:7781			He is buckling four belts			"[""h"", ""iː"", ""ɪ"", ""z"", ""b"", ""ʌ"", ""k"", ""l"", ""ɪ"", ""ŋ"", ""f"", ""ɔ"", ""ɹ"", ""b"", ""ɛ"", ""l"", ""t"", ""s""]"	be_progressive	belts	is buckling belts	0.667	0.213			4.044457183487992			18					he	buckle	buckling	belt	belts	four	0	0	0	1										0.667	0.213	grammatical	be_progressive	grammatical	none				191	538	"{""belt"": 538, ""buckle"": 191}"
GRAM_0152	Grammaticality	grammatical	1	train	plus	human_reviewed_selected			USF+ds003604-template-abstraction	USF:Cue_Target_Pairs.A-B:7781			He is buckling one belt			"[""h"", ""iː"", ""ɪ"", ""z"", ""b"", ""ʌ"", ""k"", ""l"", ""ɪ"", ""ŋ"", ""w"", ""ʌ"", ""n"", ""b"", ""ɛ"", ""l"", ""t""]"	be_progressive	belt	is buckling belt	0.667	0.213			4.044457183487992			17					he	buckle	buckling	belt	belt	one	0	0	0	1										0.667	0.213	grammatical	be_progressive	grammatical	none				191	538	"{""belt"": 538, ""buckle"": 191}"
GRAM_0153	Grammaticality	grammatical	1	train	plus	human_reviewed_selected			USF+ds003604-template-abstraction	USF:Cue_Target_Pairs.A-B:7781			He is buckling six belts			"[""h"", ""iː"", ""ɪ"", ""z"", ""b"", ""ʌ"", ""k"", ""l"", ""ɪ"", ""ŋ"", ""s"", ""ɪ"", ""k"", ""s"", ""b"", ""ɛ"", ""l"", ""t"", ""s""]"	be_progressive	belts	is buckling belts	0.667	0.213			4.044457183487992			19					he	buckle	buckling	belt	belts	six	0	0	0	1										0.667	0.213	grammatical	be_progressive	grammatical	none				191	538	"{""belt"": 538, ""buckle"": 191}"
GRAM_0154	Grammaticality	grammatical	1	train	plus	human_reviewed_selected			USF+ds003604-template-abstraction	USF:Cue_Target_Pairs.A-B:7781			He is buckling three belts			"[""h"", ""iː"", ""ɪ"", ""z"", ""b"", ""ʌ"", ""k"", ""l"", ""ɪ"", ""ŋ"", ""θ"", ""ɹ"", ""iː"", ""b"", ""ɛ"", ""l"", ""t"", ""s""]"	be_progressive	belts	is buckling belts	0.667	0.213			4.044457183487992			18					he	buckle	buckling	belt	belts	three	0	0	0	1										0.667	0.213	grammatical	be_progressive	grammatical	none				191	538	"{""belt"": 538, ""buckle"": 191}"
GRAM_0155	Grammaticality	grammatical	1	train	plus	human_reviewed_selected			USF+ds003604-template-abstraction	USF:Cue_Target_Pairs.A-B:7781			He is buckling two belts			"[""h"", ""iː"", ""ɪ"", ""z"", ""b"", ""ʌ"", ""k"", ""l"", ""ɪ"", ""ŋ"", ""t"", ""uː"", ""b"", ""ɛ"", ""l"", ""t"", ""s""]"	be_progressive	belts	is buckling belts	0.667	0.213			4.044457183487992			17					he	buckle	buckling	belt	belts	two	0	0	0	1										0.667	0.213	grammatical	be_progressive	grammatical	none				191	538	"{""belt"": 538, ""buckle"": 191}"
GRAM_0156	Grammaticality	grammatical	1	train	plus	human_reviewed_selected			USF+ds003604-template-abstraction	USF:Cue_Target_Pairs.C:1356			He is celebrating four parties			"[""h"", ""iː"", ""ɪ"", ""z"", ""s"", ""ɛ"", ""l"", ""ə"", ""b"", ""ɹ"", ""eɪ"", ""t"", ""ɪ"", ""ŋ"", ""f"", ""ɔ"", ""ɹ"", ""p"", ""ɑ"", ""ɹ"", ""t"", ""i"", ""z""]"	be_progressive	parties	is celebrating parties	0.603	0.0			4.881580377984266			23					he	celebrate	celebrating	party	parties	four	0	0	0	1										0.603	0.0	grammatical	be_progressive	grammatical	none				38	1661	"{""celebrate"": 38, ""party"": 1661}"
GRAM_0157	Grammaticality	grammatical	1	train	plus	human_reviewed_selected			USF+ds003604-template-abstraction	USF:Cue_Target_Pairs.C:1357			He is celebrating three birthdays			"[""h"", ""iː"", ""ɪ"", ""z"", ""s"", ""ɛ"", ""l"", ""ə"", ""b"", ""ɹ"", ""eɪ"", ""t"", ""ɪ"", ""ŋ"", ""θ"", ""ɹ"", ""iː"", ""b"", ""ɜː"", ""θ"", ""d"", ""eɪ"", ""z""]"	be_progressive	birthdays	is celebrating birthdays	0.13	0.02			4.691642711890822			23					he	celebrate	celebrating	birthday	birthdays	three	0	0	0	1										0.13	0.02	grammatical	be_progressive	grammatical	none				38	3339	"{""birthday"": 3339, ""celebrate"": 38}"
GRAM_0158	Grammaticality	grammatical	1	train	plus	human_reviewed_selected			USF+ds003604-template-abstraction	USF:Cue_Target_Pairs.C:1357			He is celebrating two birthdays			"[""h"", ""iː"", ""ɪ"", ""z"", ""s"", ""ɛ"", ""l"", ""ə"", ""b"", ""ɹ"", ""eɪ"", ""t"", ""ɪ"", ""ŋ"", ""t"", ""uː"", ""b"", ""ɜː"", ""θ"", ""d"", ""eɪ"", ""z""]"	be_progressive	birthdays	is celebrating birthdays	0.13	0.02			4.691642711890822			22					he	celebrate	celebrating	birthday	birthdays	two	0	0	0	1										0.13	0.02	grammatical	be_progressive	grammatical	none				38	3339	"{""birthday"": 3339, ""celebrate"": 38}"
GRAM_0159	Grammaticality	grammatical	1	train	plus	human_reviewed_selected			USF+ds003604-template-abstraction	USF:Cue_Target_Pairs.C:6319			He is crawling one baby			"[""h"", ""iː"", ""ɪ"", ""z"", ""k"", ""ɹ"", ""ɔ"", ""l"", ""ɪ"", ""ŋ"", ""w"", ""ʌ"", ""n"", ""b"", ""eɪ"", ""b"", ""i""]"	be_progressive	baby	is crawling baby	0.345	0.0			4.893816865704922			17					he	crawl	crawling	baby	baby	one	0	0	0	1										0.345	0.0	grammatical	be_progressive	grammatical	none				396	23715	"{""baby"": 23715, ""crawl"": 396}"
GRAM_0160	Grammaticality	grammatical	1	train	plus	human_reviewed_selected			USF+ds003604-template-abstraction	USF:Cue_Target_Pairs.C:6319			He is crawling six babies			"[""h"", ""iː"", ""ɪ"", ""z"", ""k"", ""ɹ"", ""ɔ"", ""l"", ""ɪ"", ""ŋ"", ""s"", ""ɪ"", ""k"", ""s"", ""b"", ""eɪ"", ""b"", ""i"", ""z""]"	be_progressive	babies	is crawling babies	0.345	0.0			4.893816865704922			19					he	crawl	crawling	baby	babies	six	0	0	0	1										0.345	0.0	grammatical	be_progressive	grammatical	none				396	23715	"{""baby"": 23715, ""crawl"": 396}"
GRAM_0161	Grammaticality	grammatical	1	train	plus	human_reviewed_selected			USF+ds003604-template-abstraction	USF:Cue_Target_Pairs.C:6319			He is crawling three babies			"[""h"", ""iː"", ""ɪ"", ""z"", ""k"", ""ɹ"", ""ɔ"", ""l"", ""ɪ"", ""ŋ"", ""θ"", ""ɹ"", ""iː"", ""b"", ""eɪ"", ""b"", ""i"", ""z""]"	be_progressive	babies	is crawling babies	0.345	0.0			4.893816865704922			18					he	crawl	crawling	baby	babies	three	0	0	0	1										0.345	0.0	grammatical	be_progressive	grammatical	none				396	23715	"{""baby"": 23715, ""crawl"": 396}"
GRAM_0162	Grammaticality	grammatical	1	train	plus	human_reviewed_selected			USF+ds003604-template-abstraction	USF:Cue_Target_Pairs.D-F:7547			He is feeding three birds			"[""h"", ""iː"", ""ɪ"", ""z"", ""f"", ""iː"", ""d"", ""ɪ"", ""ŋ"", ""θ"", ""ɹ"", ""iː"", ""b"", ""ɜː"", ""d"", ""z""]"	be_progressive	birds	is feeding birds	0.024	0.0			4.642414384524498			16					he	feed	feeding	bird	birds	three	0	0	0	1										0.024	0.0	grammatical	be_progressive	grammatical	none				1747	4830	"{""bird"": 4830, ""feed"": 1747}"
GRAM_0163	Grammaticality	grammatical	1	train	plus	human_reviewed_selected			USF+ds003604-template-abstraction	USF:Cue_Target_Pairs.D-F:8939			He is folding one letter			"[""h"", ""iː"", ""ɪ"", ""z"", ""f"", ""oʊ"", ""l"", ""d"", ""ɪ"", ""ŋ"", ""w"", ""ʌ"", ""n"", ""l"", ""ɛ"", ""t"", ""ə"", ""ɹ""]"	be_progressive	letter	is folding letter	0.026	0.0			4.426451891708581			18					he	fold	folding	letter	letter	one	0	0	0	1										0.026	0.0	grammatical	be_progressive	grammatical	none				351	1678	"{""fold"": 351, ""letter"": 1678}"
GRAM_0164	Grammaticality	grammatical	1	train	plus	human_reviewed_selected			USF+ds003604-template-abstraction	USF:Cue_Target_Pairs.D-F:8939			He is folding three letters			"[""h"", ""iː"", ""ɪ"", ""z"", ""f"", ""oʊ"", ""l"", ""d"", ""ɪ"", ""ŋ"", ""θ"", ""ɹ"", ""iː"", ""l"", ""ɛ"", ""t"", ""ə"", ""ɹ"", ""z""]"	be_progressive	letters	is folding letters	0.026	0.0			4.426451891708581			19					he	fold	folding	letter	letters	three	0	0	0	1										0.026	0.0	grammatical	be_progressive	grammatical	none				351	1678	"{""fold"": 351, ""letter"": 1678}"
GRAM_0165	Grammaticality	grammatical	1	train	plus	human_reviewed_selected			USF+ds003604-template-abstraction	USF:Cue_Target_Pairs.G-K:1362			He is grabbing two bags			"[""h"", ""iː"", ""ɪ"", ""z"", ""ɡ"", ""ɹ"", ""æ"", ""b"", ""ɪ"", ""ŋ"", ""t"", ""uː"", ""b"", ""æ"", ""ɡ"", ""z""]"	be_progressive	bags	is grabbing bags	0.102	0.0			4.911863485227926			16					he	grab	grabbing	bag	bags	two	0	0	0	1										0.102	0.0	grammatical	be_progressive	grammatical	none				539	1813	"{""bag"": 1813, ""grab"": 539}"
GRAM_0166	Grammaticality	grammatical	1	train	plus	human_reviewed_selected			USF+ds003604-template-abstraction	USF:Cue_Target_Pairs.L-O:5174			He is mixing one drink			"[""h"", ""iː"", ""ɪ"", ""z"", ""m"", ""ɪ"", ""k"", ""s"", ""ɪ"", ""ŋ"", ""w"", ""ʌ"", ""n"", ""d"", ""ɹ"", ""ɪ"", ""ŋ"", ""k""]"	be_progressive	drink	is mixing drink	0.068	0.0			4.803490900750679			18					he	mix	mixing	drink	drink	one	0	0	0	1										0.068	0.0	grammatical	be_progressive	grammatical	none				605	4698	"{""drink"": 4698, ""mix"": 605}"
GRAM_0167	Grammaticality	grammatical	1	train	plus	human_reviewed_selected			USF+ds003604-template-abstraction	USF:Cue_Target_Pairs.L-O:5174			He is mixing three drinks			"[""h"", ""iː"", ""ɪ"", ""z"", ""m"", ""ɪ"", ""k"", ""s"", ""ɪ"", ""ŋ"", ""θ"", ""ɹ"", ""iː"", ""d"", ""ɹ"", ""ɪ"", ""ŋ"", ""k"", ""s""]"	be_progressive	drinks	is mixing drinks	0.068	0.0			4.803490900750679			19					he	mix	mixing	drink	drinks	three	0	0	0	1										0.068	0.0	grammatical	be_progressive	grammatical	none				605	4698	"{""drink"": 4698, ""mix"": 605}"
GRAM_0168	Grammaticality	grammatical	1	train	plus	human_reviewed_selected			USF+ds003604-template-abstraction	USF:Cue_Target_Pairs.L-O:5174			He is mixing two drinks			"[""h"", ""iː"", ""ɪ"", ""z"", ""m"", ""ɪ"", ""k"", ""s"", ""ɪ"", ""ŋ"", ""t"", ""uː"", ""d"", ""ɹ"", ""ɪ"", ""ŋ"", ""k"", ""s""]"	be_progressive	drinks	is mixing drinks	0.068	0.0			4.803490900750679			18					he	mix	mixing	drink	drinks	two	0	0	0	1										0.068	0.0	grammatical	be_progressive	grammatical	none				605	4698	"{""drink"": 4698, ""mix"": 605}"
GRAM_0169	Grammaticality	grammatical	1	train	plus	human_reviewed_selected			USF+ds003604-template-abstraction	USF:Cue_Target_Pairs.L-O:7533			He is notifying one contact			"[""h"", ""iː"", ""ɪ"", ""z"", ""n"", ""oʊ"", ""t"", ""ɪ"", ""f"", ""aɪ"", ""ɪ"", ""ŋ"", ""w"", ""ʌ"", ""n"", ""k"", ""ɑ"", ""n"", ""t"", ""æ"", ""k"", ""t""]"	be_progressive	contact	is notifying contact	0.058	0.0			4.334348587938938			22					he	notify	notifying	contact	contact	one	0	0	0	1										0.058	0.0	grammatical	be_progressive	grammatical	none				1	20	"{""contact"": 20, ""notify"": 1}"
GRAM_0170	Grammaticality	grammatical	1	train	plus	human_reviewed_selected			USF+ds003604-template-abstraction	USF:Cue_Target_Pairs.L-O:7533			He is notifying three contacts			"[""h"", ""iː"", ""ɪ"", ""z"", ""n"", ""oʊ"", ""t"", ""ɪ"", ""f"", ""aɪ"", ""ɪ"", ""ŋ"", ""θ"", ""ɹ"", ""iː"", ""k"", ""ɑ"", ""n"", ""t"", ""æ"", ""k"", ""t"", ""s""]"	be_progressive	contacts	is notifying contacts	0.058	0.0			4.334348587938938			23					he	notify	notifying	contact	contacts	three	0	0	0	1										0.058	0.0	grammatical	be_progressive	grammatical	none				1	20	"{""contact"": 20, ""notify"": 1}"
GRAM_0171	Grammaticality	grammatical	1	train	plus	human_reviewed_selected			USF+ds003604-template-abstraction	USF:Cue_Target_Pairs.S:120			He is sailing one boat			"[""h"", ""iː"", ""ɪ"", ""z"", ""s"", ""eɪ"", ""l"", ""ɪ"", ""ŋ"", ""w"", ""ʌ"", ""n"", ""b"", ""oʊ"", ""t""]"	be_progressive	boat	is sailing boat	0.589	0.134			4.5597211169127885			15					he	sail	sailing	boat	boat	one	0	0	0	1										0.589	0.134	grammatical	be_progressive	grammatical	none				164	1945	"{""boat"": 1945, ""sail"": 164}"
GRAM_0172	Grammaticality	grammatical	1	train	plus	human_reviewed_selected			USF+ds003604-template-abstraction	USF:Cue_Target_Pairs.S:120			He is sailing six boats			"[""h"", ""iː"", ""ɪ"", ""z"", ""s"", ""eɪ"", ""l"", ""ɪ"", ""ŋ"", ""s"", ""ɪ"", ""k"", ""s"", ""b"", ""oʊ"", ""t"", ""s""]"	be_progressive	boats	is sailing boats	0.589	0.134			4.5597211169127885			17					he	sail	sailing	boat	boats	six	0	0	0	1										0.589	0.134	grammatical	be_progressive	grammatical	none				164	1945	"{""boat"": 1945, ""sail"": 164}"
GRAM_0173	Grammaticality	grammatical	1	train	plus	human_reviewed_selected			USF+ds003604-template-abstraction	USF:Cue_Target_Pairs.S:120			He is sailing three boats			"[""h"", ""iː"", ""ɪ"", ""z"", ""s"", ""eɪ"", ""l"", ""ɪ"", ""ŋ"", ""θ"", ""ɹ"", ""iː"", ""b"", ""oʊ"", ""t"", ""s""]"	be_progressive	boats	is sailing boats	0.589	0.134			4.5597211169127885			16					he	sail	sailing	boat	boats	three	0	0	0	1										0.589	0.134	grammatical	be_progressive	grammatical	none				164	1945	"{""boat"": 1945, ""sail"": 164}"
GRAM_0174	Grammaticality	grammatical	1	train	plus	human_reviewed_selected			USF+ds003604-template-abstraction	USF:Cue_Target_Pairs.S:120			He is sailing two boats			"[""h"", ""iː"", ""ɪ"", ""z"", ""s"", ""eɪ"", ""l"", ""ɪ"", ""ŋ"", ""t"", ""uː"", ""b"", ""oʊ"", ""t"", ""s""]"	be_progressive	boats	is sailing boats	0.589	0.134			4.5597211169127885			15					he	sail	sailing	boat	boats	two	0	0	0	1										0.589	0.134	grammatical	be_progressive	grammatical	none				164	1945	"{""boat"": 1945, ""sail"": 164}"
GRAM_0175	Grammaticality	grammatical	1	train	plus	human_reviewed_selected			USF+ds003604-template-abstraction	USF:Cue_Target_Pairs.S:3258			He is singing four songs			"[""h"", ""iː"", ""ɪ"", ""z"", ""s"", ""ɪ"", ""ŋ"", ""ɪ"", ""ŋ"", ""f"", ""ɔ"", ""ɹ"", ""s"", ""ɔ"", ""ŋ"", ""z""]"	be_progressive	songs	is singing songs	0.456	0.291			4.980536716981005			16					he	sing	singing	song	songs	four	0	0	0	1										0.456	0.291	grammatical	be_progressive	grammatical	none				2560	1841	"{""sing"": 2560, ""song"": 1841}"
GRAM_0176	Grammaticality	grammatical	1	train	plus	human_reviewed_selected			USF+ds003604-template-abstraction	USF:Cue_Target_Pairs.S:3258			He is singing one song			"[""h"", ""iː"", ""ɪ"", ""z"", ""s"", ""ɪ"", ""ŋ"", ""ɪ"", ""ŋ"", ""w"", ""ʌ"", ""n"", ""s"", ""ɔ"", ""ŋ""]"	be_progressive	song	is singing song	0.456	0.291			4.980536716981005			15					he	sing	singing	song	song	one	0	0	0	1										0.456	0.291	grammatical	be_progressive	grammatical	none				2560	1841	"{""sing"": 2560, ""song"": 1841}"
GRAM_0177	Grammaticality	grammatical	1	train	plus	human_reviewed_selected			USF+ds003604-template-abstraction	USF:Cue_Target_Pairs.S:3258			He is singing three songs			"[""h"", ""iː"", ""ɪ"", ""z"", ""s"", ""ɪ"", ""ŋ"", ""ɪ"", ""ŋ"", ""θ"", ""ɹ"", ""iː"", ""s"", ""ɔ"", ""ŋ"", ""z""]"	be_progressive	songs	is singing songs	0.456	0.291			4.980536716981005			16					he	sing	singing	song	songs	three	0	0	0	1										0.456	0.291	grammatical	be_progressive	grammatical	none				2560	1841	"{""sing"": 2560, ""song"": 1841}"
GRAM_0178	Grammaticality	grammatical	1	train	plus	human_reviewed_selected			USF+ds003604-template-abstraction	USF:Cue_Target_Pairs.S:3258			He is singing two songs			"[""h"", ""iː"", ""ɪ"", ""z"", ""s"", ""ɪ"", ""ŋ"", ""ɪ"", ""ŋ"", ""t"", ""uː"", ""s"", ""ɔ"", ""ŋ"", ""z""]"	be_progressive	songs	is singing songs	0.456	0.291			4.980536716981005			15					he	sing	singing	song	songs	two	0	0	0	1										0.456	0.291	grammatical	be_progressive	grammatical	none				2560	1841	"{""sing"": 2560, ""song"": 1841}"
GRAM_0179	Grammaticality	grammatical	1	train	plus	human_reviewed_selected			USF+ds003604-template-abstraction	USF:Cue_Target_Pairs.A-B:7781			Last week he buckled four belts			"[""l"", ""æ"", ""s"", ""t"", ""w"", ""iː"", ""k"", ""h"", ""iː"", ""b"", ""ʌ"", ""k"", ""ə"", ""l"", ""d"", ""f"", ""ɔ"", ""ɹ"", ""b"", ""ɛ"", ""l"", ""t"", ""s""]"	simple_past	belts	buckled belts	0.667	0.213			4.044457183487992			23					he	buckle	buckled	belt	belts	four	0	0	0	1										0.667	0.213	grammatical	simple_past	grammatical	none				191	538	"{""belt"": 538, ""buckle"": 191}"
GRAM_0180	Grammaticality	grammatical	1	train	plus	human_reviewed_selected			USF+ds003604-template-abstraction	USF:Cue_Target_Pairs.C:1356			Last week he celebrated one party			"[""l"", ""æ"", ""s"", ""t"", ""w"", ""iː"", ""k"", ""h"", ""iː"", ""s"", ""ɛ"", ""l"", ""ə"", ""b"", ""ɹ"", ""eɪ"", ""t"", ""ɪ"", ""d"", ""w"", ""ʌ"", ""n"", ""p"", ""ɑ"", ""ɹ"", ""t"", ""i""]"	simple_past	party	celebrated party	0.603	0.0			4.881580377984266			27					he	celebrate	celebrated	party	party	one	0	0	0	1										0.603	0.0	grammatical	simple_past	grammatical	none				38	1661	"{""celebrate"": 38, ""party"": 1661}"
GRAM_0181	Grammaticality	grammatical	1	train	plus	human_reviewed_selected			USF+ds003604-template-abstraction	USF:Cue_Target_Pairs.C:6319			Last week he crawled four babies			"[""l"", ""æ"", ""s"", ""t"", ""w"", ""iː"", ""k"", ""h"", ""iː"", ""k"", ""ɹ"", ""ɔ"", ""l"", ""d"", ""f"", ""ɔ"", ""ɹ"", ""b"", ""eɪ"", ""b"", ""i"", ""z""]"	simple_past	babies	crawled babies	0.345	0.0			4.893816865704922			22					he	crawl	crawled	baby	babies	four	0	0	0	1										0.345	0.0	grammatical	simple_past	grammatical	none				396	23715	"{""baby"": 23715, ""crawl"": 396}"
GRAM_0182	Grammaticality	grammatical	1	train	plus	human_reviewed_selected			USF+ds003604-template-abstraction	USF:Cue_Target_Pairs.C:6319			Last week he crawled two babies			"[""l"", ""æ"", ""s"", ""t"", ""w"", ""iː"", ""k"", ""h"", ""iː"", ""k"", ""ɹ"", ""ɔ"", ""l"", ""d"", ""t"", ""uː"", ""b"", ""eɪ"", ""b"", ""i"", ""z""]"	simple_past	babies	crawled babies	0.345	0.0			4.893816865704922			21					he	crawl	crawled	baby	babies	two	0	0	0	1										0.345	0.0	grammatical	simple_past	grammatical	none				396	23715	"{""baby"": 23715, ""crawl"": 396}"
GRAM_0183	Grammaticality	grammatical	1	train	plus	human_reviewed_selected			USF+ds003604-template-abstraction	USF:Cue_Target_Pairs.D-F:8939			Last week he folded two letters			"[""l"", ""æ"", ""s"", ""t"", ""w"", ""iː"", ""k"", ""h"", ""iː"", ""f"", ""oʊ"", ""l"", ""d"", ""ɪ"", ""d"", ""t"", ""uː"", ""l"", ""ɛ"", ""t"", ""ə"", ""ɹ"", ""z""]"	simple_past	letters	folded letters	0.026	0.0			4.426451891708581			23					he	fold	folded	letter	letters	two	0	0	0	1										0.026	0.0	grammatical	simple_past	grammatical	none				351	1678	"{""fold"": 351, ""letter"": 1678}"
GRAM_0184	Grammaticality	grammatical	1	train	plus	human_reviewed_selected			USF+ds003604-template-abstraction	USF:Cue_Target_Pairs.G-K:1362			Last week he grabbed one bag			"[""l"", ""æ"", ""s"", ""t"", ""w"", ""iː"", ""k"", ""h"", ""iː"", ""ɡ"", ""ɹ"", ""æ"", ""b"", ""d"", ""w"", ""ʌ"", ""n"", ""b"", ""æ"", ""ɡ""]"	simple_past	bag	grabbed bag	0.102	0.0			4.911863485227926			20					he	grab	grabbed	bag	bag	one	0	0	0	1										0.102	0.0	grammatical	simple_past	grammatical	none				539	1813	"{""bag"": 1813, ""grab"": 539}"
GRAM_0185	Grammaticality	grammatical	1	train	plus	human_reviewed_selected			USF+ds003604-template-abstraction	USF:Cue_Target_Pairs.G-K:1362			Last week he grabbed three bags			"[""l"", ""æ"", ""s"", ""t"", ""w"", ""iː"", ""k"", ""h"", ""iː"", ""ɡ"", ""ɹ"", ""æ"", ""b"", ""d"", ""θ"", ""ɹ"", ""iː"", ""b"", ""æ"", ""ɡ"", ""z""]"	simple_past	bags	grabbed bags	0.102	0.0			4.911863485227926			21					he	grab	grabbed	bag	bags	three	0	0	0	1										0.102	0.0	grammatical	simple_past	grammatical	none				539	1813	"{""bag"": 1813, ""grab"": 539}"
GRAM_0186	Grammaticality	grammatical	1	train	plus	human_reviewed_selected			USF+ds003604-template-abstraction	USF:Cue_Target_Pairs.L-O:5174			Last week he mixed one drink			"[""l"", ""æ"", ""s"", ""t"", ""w"", ""iː"", ""k"", ""h"", ""iː"", ""m"", ""ɪ"", ""k"", ""s"", ""t"", ""w"", ""ʌ"", ""n"", ""d"", ""ɹ"", ""ɪ"", ""ŋ"", ""k""]"	simple_past	drink	mixed drink	0.068	0.0			4.803490900750679			22					he	mix	mixed	drink	drink	one	0	0	0	1										0.068	0.0	grammatical	simple_past	grammatical	none				605	4698	"{""drink"": 4698, ""mix"": 605}"
GRAM_0187	Grammaticality	grammatical	1	train	plus	human_reviewed_selected			USF+ds003604-template-abstraction	USF:Cue_Target_Pairs.L-O:5174			Last week he mixed three drinks			"[""l"", ""æ"", ""s"", ""t"", ""w"", ""iː"", ""k"", ""h"", ""iː"", ""m"", ""ɪ"", ""k"", ""s"", ""t"", ""θ"", ""ɹ"", ""iː"", ""d"", ""ɹ"", ""ɪ"", ""ŋ"", ""k"", ""s""]"	simple_past	drinks	mixed drinks	0.068	0.0			4.803490900750679			23					he	mix	mixed	drink	drinks	three	0	0	0	1										0.068	0.0	grammatical	simple_past	grammatical	none				605	4698	"{""drink"": 4698, ""mix"": 605}"
GRAM_0188	Grammaticality	grammatical	1	train	plus	human_reviewed_selected			USF+ds003604-template-abstraction	USF:Cue_Target_Pairs.L-O:5174			Last week he mixed two drinks			"[""l"", ""æ"", ""s"", ""t"", ""w"", ""iː"", ""k"", ""h"", ""iː"", ""m"", ""ɪ"", ""k"", ""s"", ""t"", ""t"", ""uː"", ""d"", ""ɹ"", ""ɪ"", ""ŋ"", ""k"", ""s""]"	simple_past	drinks	mixed drinks	0.068	0.0			4.803490900750679			22					he	mix	mixed	drink	drinks	two	0	0	0	1										0.068	0.0	grammatical	simple_past	grammatical	none				605	4698	"{""drink"": 4698, ""mix"": 605}"
GRAM_0189	Grammaticality	grammatical	1	train	plus	human_reviewed_selected			USF+ds003604-template-abstraction	USF:Cue_Target_Pairs.L-O:7533			Last week he notified one contact			"[""l"", ""æ"", ""s"", ""t"", ""w"", ""iː"", ""k"", ""h"", ""iː"", ""n"", ""oʊ"", ""t"", ""ɪ"", ""f"", ""aɪ"", ""d"", ""w"", ""ʌ"", ""n"", ""k"", ""ɑ"", ""n"", ""t"", ""æ"", ""k"", ""t""]"	simple_past	contact	notified contact	0.058	0.0			4.334348587938938			26					he	notify	notified	contact	contact	one	0	0	0	1										0.058	0.0	grammatical	simple_past	grammatical	none				1	20	"{""contact"": 20, ""notify"": 1}"
GRAM_0190	Grammaticality	grammatical	1	train	plus	human_reviewed_selected			USF+ds003604-template-abstraction	USF:Cue_Target_Pairs.L-O:7533			Last week he notified six contacts			"[""l"", ""æ"", ""s"", ""t"", ""w"", ""iː"", ""k"", ""h"", ""iː"", ""n"", ""oʊ"", ""t"", ""ɪ"", ""f"", ""aɪ"", ""d"", ""s"", ""ɪ"", ""k"", ""s"", ""k"", ""ɑ"", ""n"", ""t"", ""æ"", ""k"", ""t"", ""s""]"	simple_past	contacts	notified contacts	0.058	0.0			4.334348587938938			28					he	notify	notified	contact	contacts	six	0	0	0	1										0.058	0.0	grammatical	simple_past	grammatical	none				1	20	"{""contact"": 20, ""notify"": 1}"
GRAM_0191	Grammaticality	grammatical	1	train	plus	human_reviewed_selected			USF+ds003604-template-abstraction	USF:Cue_Target_Pairs.L-O:7533			Last week he notified three contacts			"[""l"", ""æ"", ""s"", ""t"", ""w"", ""iː"", ""k"", ""h"", ""iː"", ""n"", ""oʊ"", ""t"", ""ɪ"", ""f"", ""aɪ"", ""d"", ""θ"", ""ɹ"", ""iː"", ""k"", ""ɑ"", ""n"", ""t"", ""æ"", ""k"", ""t"", ""s""]"	simple_past	contacts	notified contacts	0.058	0.0			4.334348587938938			27					he	notify	notified	contact	contacts	three	0	0	0	1										0.058	0.0	grammatical	simple_past	grammatical	none				1	20	"{""contact"": 20, ""notify"": 1}"
GRAM_0192	Grammaticality	grammatical	1	train	plus	human_reviewed_selected			USF+ds003604-template-abstraction	USF:Cue_Target_Pairs.S:120			Last week he sailed four boats			"[""l"", ""æ"", ""s"", ""t"", ""w"", ""iː"", ""k"", ""h"", ""iː"", ""s"", ""eɪ"", ""l"", ""d"", ""f"", ""ɔ"", ""ɹ"", ""b"", ""oʊ"", ""t"", ""s""]"	simple_past	boats	sailed boats	0.589	0.134			4.5597211169127885			20					he	sail	sailed	boat	boats	four	0	0	0	1										0.589	0.134	grammatical	simple_past	grammatical	none				164	1945	"{""boat"": 1945, ""sail"": 164}"
GRAM_0193	Grammaticality	grammatical	1	train	plus	human_reviewed_selected			USF+ds003604-template-abstraction	USF:Cue_Target_Pairs.S:120			Last week he sailed one boat			"[""l"", ""æ"", ""s"", ""t"", ""w"", ""iː"", ""k"", ""h"", ""iː"", ""s"", ""eɪ"", ""l"", ""d"", ""w"", ""ʌ"", ""n"", ""b"", ""oʊ"", ""t""]"	simple_past	boat	sailed boat	0.589	0.134			4.5597211169127885			19					he	sail	sailed	boat	boat	one	0	0	0	1										0.589	0.134	grammatical	simple_past	grammatical	none				164	1945	"{""boat"": 1945, ""sail"": 164}"
GRAM_0194	Grammaticality	grammatical	1	train	plus	human_reviewed_selected			USF+ds003604-template-abstraction	USF:Cue_Target_Pairs.S:120			Last week he sailed three boats			"[""l"", ""æ"", ""s"", ""t"", ""w"", ""iː"", ""k"", ""h"", ""iː"", ""s"", ""eɪ"", ""l"", ""d"", ""θ"", ""ɹ"", ""iː"", ""b"", ""oʊ"", ""t"", ""s""]"	simple_past	boats	sailed boats	0.589	0.134			4.5597211169127885			20					he	sail	sailed	boat	boats	three	0	0	0	1										0.589	0.134	grammatical	simple_past	grammatical	none				164	1945	"{""boat"": 1945, ""sail"": 164}"
GRAM_0195	Grammaticality	grammatical	1	train	plus	human_reviewed_selected			USF+ds003604-template-abstraction	USF:Cue_Target_Pairs.S:120			Last week he sailed two boats			"[""l"", ""æ"", ""s"", ""t"", ""w"", ""iː"", ""k"", ""h"", ""iː"", ""s"", ""eɪ"", ""l"", ""d"", ""t"", ""uː"", ""b"", ""oʊ"", ""t"", ""s""]"	simple_past	boats	sailed boats	0.589	0.134			4.5597211169127885			19					he	sail	sailed	boat	boats	two	0	0	0	1										0.589	0.134	grammatical	simple_past	grammatical	none				164	1945	"{""boat"": 1945, ""sail"": 164}"
GRAM_0196	Grammaticality	grammatical	1	train	plus	human_reviewed_selected			USF+ds003604-template-abstraction	USF:Cue_Target_Pairs.S:3258			Last week he sang three songs			"[""l"", ""æ"", ""s"", ""t"", ""w"", ""iː"", ""k"", ""h"", ""iː"", ""s"", ""æ"", ""ŋ"", ""θ"", ""ɹ"", ""iː"", ""s"", ""ɔ"", ""ŋ"", ""z""]"	simple_past	songs	sang songs	0.456	0.291			4.980536716981005			19					he	sing	sang	song	songs	three	0	0	0	1										0.456	0.291	grammatical	simple_past	grammatical	none				2560	1841	"{""sing"": 2560, ""song"": 1841}"
GRAM_0197	Grammaticality	grammatical	1	train	plus	human_reviewed_selected			USF+ds003604-template-abstraction	USF:Cue_Target_Pairs.A-B:7781			Last week she buckled four belts			"[""l"", ""æ"", ""s"", ""t"", ""w"", ""iː"", ""k"", ""ʃ"", ""iː"", ""b"", ""ʌ"", ""k"", ""ə"", ""l"", ""d"", ""f"", ""ɔ"", ""ɹ"", ""b"", ""ɛ"", ""l"", ""t"", ""s""]"	simple_past	belts	buckled belts	0.667	0.213			4.044457183487992			23					she	buckle	buckled	belt	belts	four	0	0	0	1										0.667	0.213	grammatical	simple_past	grammatical	none				191	538	"{""belt"": 538, ""buckle"": 191}"
GRAM_0198	Grammaticality	grammatical	1	train	plus	human_reviewed_selected			USF+ds003604-template-abstraction	USF:Cue_Target_Pairs.A-B:7781			Last week she buckled one belt			"[""l"", ""æ"", ""s"", ""t"", ""w"", ""iː"", ""k"", ""ʃ"", ""iː"", ""b"", ""ʌ"", ""k"", ""ə"", ""l"", ""d"", ""w"", ""ʌ"", ""n"", ""b"", ""ɛ"", ""l"", ""t""]"	simple_past	belt	buckled belt	0.667	0.213			4.044457183487992			22					she	buckle	buckled	belt	belt	one	0	0	0	1										0.667	0.213	grammatical	simple_past	grammatical	none				191	538	"{""belt"": 538, ""buckle"": 191}"
GRAM_0199	Grammaticality	grammatical	1	train	plus	human_reviewed_selected			USF+ds003604-template-abstraction	USF:Cue_Target_Pairs.A-B:7781			Last week she buckled three belts			"[""l"", ""æ"", ""s"", ""t"", ""w"", ""iː"", ""k"", ""ʃ"", ""iː"", ""b"", ""ʌ"", ""k"", ""ə"", ""l"", ""d"", ""θ"", ""ɹ"", ""iː"", ""b"", ""ɛ"", ""l"", ""t"", ""s""]"	simple_past	belts	buckled belts	0.667	0.213			4.044457183487992			23					she	buckle	buckled	belt	belts	three	0	0	0	1										0.667	0.213	grammatical	simple_past	grammatical	none				191	538	"{""belt"": 538, ""buckle"": 191}"
GRAM_0200	Grammaticality	grammatical	1	train	plus	human_reviewed_selected			USF+ds003604-template-abstraction	USF:Cue_Target_Pairs.A-B:7781			Last week she buckled two belts			"[""l"", ""æ"", ""s"", ""t"", ""w"", ""iː"", ""k"", ""ʃ"", ""iː"", ""b"", ""ʌ"", ""k"", ""ə"", ""l"", ""d"", ""t"", ""uː"", ""b"", ""ɛ"", ""l"", ""t"", ""s""]"	simple_past	belts	buckled belts	0.667	0.213			4.044457183487992			22					she	buckle	buckled	belt	belts	two	0	0	0	1										0.667	0.213	grammatical	simple_past	grammatical	none				191	538	"{""belt"": 538, ""buckle"": 191}"
GRAM_0201	Grammaticality	grammatical	1	train	plus	human_reviewed_selected			USF+ds003604-template-abstraction	USF:Cue_Target_Pairs.C:1357			Last week she celebrated five birthdays			"[""l"", ""æ"", ""s"", ""t"", ""w"", ""iː"", ""k"", ""ʃ"", ""iː"", ""s"", ""ɛ"", ""l"", ""ə"", ""b"", ""ɹ"", ""eɪ"", ""t"", ""ɪ"", ""d"", ""f"", ""aɪ"", ""v"", ""b"", ""ɜː"", ""θ"", ""d"", ""eɪ"", ""z""]"	simple_past	birthdays	celebrated birthdays	0.13	0.02			4.691642711890822			28					she	celebrate	celebrated	birthday	birthdays	five	0	0	0	1										0.13	0.02	grammatical	simple_past	grammatical	none				38	3339	"{""birthday"": 3339, ""celebrate"": 38}"
GRAM_0202	Grammaticality	grammatical	1	train	plus	human_reviewed_selected			USF+ds003604-template-abstraction	USF:Cue_Target_Pairs.C:1357			Last week she celebrated four birthdays			"[""l"", ""æ"", ""s"", ""t"", ""w"", ""iː"", ""k"", ""ʃ"", ""iː"", ""s"", ""ɛ"", ""l"", ""ə"", ""b"", ""ɹ"", ""eɪ"", ""t"", ""ɪ"", ""d"", ""f"", ""ɔ"", ""ɹ"", ""b"", ""ɜː"", ""θ"", ""d"", ""eɪ"", ""z""]"	simple_past	birthdays	celebrated birthdays	0.13	0.02			4.691642711890822			28					she	celebrate	celebrated	birthday	birthdays	four	0	0	0	1										0.13	0.02	grammatical	simple_past	grammatical	none				38	3339	"{""birthday"": 3339, ""celebrate"": 38}"
GRAM_0203	Grammaticality	grammatical	1	train	plus	human_reviewed_selected			USF+ds003604-template-abstraction	USF:Cue_Target_Pairs.C:1356			Last week she celebrated six parties			"[""l"", ""æ"", ""s"", ""t"", ""w"", ""iː"", ""k"", ""ʃ"", ""iː"", ""s"", ""ɛ"", ""l"", ""ə"", ""b"", ""ɹ"", ""eɪ"", ""t"", ""ɪ"", ""d"", ""s"", ""ɪ"", ""k"", ""s"", ""p"", ""ɑ"", ""ɹ"", ""t"", ""i"", ""z""]"	simple_past	parties	celebrated parties	0.603	0.0			4.881580377984266			29					she	celebrate	celebrated	party	parties	six	0	0	0	1										0.603	0.0	grammatical	simple_past	grammatical	none				38	1661	"{""celebrate"": 38, ""party"": 1661}"
GRAM_0204	Grammaticality	grammatical	1	train	plus	human_reviewed_selected			USF+ds003604-template-abstraction	USF:Cue_Target_Pairs.C:6319			Last week she crawled one baby			"[""l"", ""æ"", ""s"", ""t"", ""w"", ""iː"", ""k"", ""ʃ"", ""iː"", ""k"", ""ɹ"", ""ɔ"", ""l"", ""d"", ""w"", ""ʌ"", ""n"", ""b"", ""eɪ"", ""b"", ""i""]"	simple_past	baby	crawled baby	0.345	0.0			4.893816865704922			21					she	crawl	crawled	baby	baby	one	0	0	0	1										0.345	0.0	grammatical	simple_past	grammatical	none				396	23715	"{""baby"": 23715, ""crawl"": 396}"
GRAM_0205	Grammaticality	grammatical	1	train	plus	human_reviewed_selected			USF+ds003604-template-abstraction	USF:Cue_Target_Pairs.D-F:8939			Last week she folded one letter			"[""l"", ""æ"", ""s"", ""t"", ""w"", ""iː"", ""k"", ""ʃ"", ""iː"", ""f"", ""oʊ"", ""l"", ""d"", ""ɪ"", ""d"", ""w"", ""ʌ"", ""n"", ""l"", ""ɛ"", ""t"", ""ə"", ""ɹ""]"	simple_past	letter	folded letter	0.026	0.0			4.426451891708581			23					she	fold	folded	letter	letter	one	0	0	0	1										0.026	0.0	grammatical	simple_past	grammatical	none				351	1678	"{""fold"": 351, ""letter"": 1678}"
GRAM_0206	Grammaticality	grammatical	1	train	plus	human_reviewed_selected			USF+ds003604-template-abstraction	USF:Cue_Target_Pairs.D-F:8939			Last week she folded three letters			"[""l"", ""æ"", ""s"", ""t"", ""w"", ""iː"", ""k"", ""ʃ"", ""iː"", ""f"", ""oʊ"", ""l"", ""d"", ""ɪ"", ""d"", ""θ"", ""ɹ"", ""iː"", ""l"", ""ɛ"", ""t"", ""ə"", ""ɹ"", ""z""]"	simple_past	letters	folded letters	0.026	0.0			4.426451891708581			24					she	fold	folded	letter	letters	three	0	0	0	1										0.026	0.0	grammatical	simple_past	grammatical	none				351	1678	"{""fold"": 351, ""letter"": 1678}"
GRAM_0207	Grammaticality	grammatical	1	train	plus	human_reviewed_selected			USF+ds003604-template-abstraction	USF:Cue_Target_Pairs.D-F:8939			Last week she folded two letters			"[""l"", ""æ"", ""s"", ""t"", ""w"", ""iː"", ""k"", ""ʃ"", ""iː"", ""f"", ""oʊ"", ""l"", ""d"", ""ɪ"", ""d"", ""t"", ""uː"", ""l"", ""ɛ"", ""t"", ""ə"", ""ɹ"", ""z""]"	simple_past	letters	folded letters	0.026	0.0			4.426451891708581			23					she	fold	folded	letter	letters	two	0	0	0	1										0.026	0.0	grammatical	simple_past	grammatical	none				351	1678	"{""fold"": 351, ""letter"": 1678}"
GRAM_0208	Grammaticality	grammatical	1	train	plus	human_reviewed_selected			USF+ds003604-template-abstraction	USF:Cue_Target_Pairs.G-K:1362			Last week she grabbed three bags			"[""l"", ""æ"", ""s"", ""t"", ""w"", ""iː"", ""k"", ""ʃ"", ""iː"", ""ɡ"", ""ɹ"", ""æ"", ""b"", ""d"", ""θ"", ""ɹ"", ""iː"", ""b"", ""æ"", ""ɡ"", ""z""]"	simple_past	bags	grabbed bags	0.102	0.0			4.911863485227926			21					she	grab	grabbed	bag	bags	three	0	0	0	1										0.102	0.0	grammatical	simple_past	grammatical	none				539	1813	"{""bag"": 1813, ""grab"": 539}"
GRAM_0209	Grammaticality	grammatical	1	train	plus	human_reviewed_selected			USF+ds003604-template-abstraction	USF:Cue_Target_Pairs.L-O:5174			Last week she mixed three drinks			"[""l"", ""æ"", ""s"", ""t"", ""w"", ""iː"", ""k"", ""ʃ"", ""iː"", ""m"", ""ɪ"", ""k"", ""s"", ""t"", ""θ"", ""ɹ"", ""iː"", ""d"", ""ɹ"", ""ɪ"", ""ŋ"", ""k"", ""s""]"	simple_past	drinks	mixed drinks	0.068	0.0			4.803490900750679			23					she	mix	mixed	drink	drinks	three	0	0	0	1										0.068	0.0	grammatical	simple_past	grammatical	none				605	4698	"{""drink"": 4698, ""mix"": 605}"
GRAM_0210	Grammaticality	grammatical	1	train	plus	human_reviewed_selected			USF+ds003604-template-abstraction	USF:Cue_Target_Pairs.L-O:7533			Last week she notified one contact			"[""l"", ""æ"", ""s"", ""t"", ""w"", ""iː"", ""k"", ""ʃ"", ""iː"", ""n"", ""oʊ"", ""t"", ""ɪ"", ""f"", ""aɪ"", ""d"", ""w"", ""ʌ"", ""n"", ""k"", ""ɑ"", ""n"", ""t"", ""æ"", ""k"", ""t""]"	simple_past	contact	notified contact	0.058	0.0			4.334348587938938			26					she	notify	notified	contact	contact	one	0	0	0	1										0.058	0.0	grammatical	simple_past	grammatical	none				1	20	"{""contact"": 20, ""notify"": 1}"
GRAM_0211	Grammaticality	grammatical	1	train	plus	human_reviewed_selected			USF+ds003604-template-abstraction	USF:Cue_Target_Pairs.L-O:7533			Last week she notified six contacts			"[""l"", ""æ"", ""s"", ""t"", ""w"", ""iː"", ""k"", ""ʃ"", ""iː"", ""n"", ""oʊ"", ""t"", ""ɪ"", ""f"", ""aɪ"", ""d"", ""s"", ""ɪ"", ""k"", ""s"", ""k"", ""ɑ"", ""n"", ""t"", ""æ"", ""k"", ""t"", ""s""]"	simple_past	contacts	notified contacts	0.058	0.0			4.334348587938938			28					she	notify	notified	contact	contacts	six	0	0	0	1										0.058	0.0	grammatical	simple_past	grammatical	none				1	20	"{""contact"": 20, ""notify"": 1}"
GRAM_0212	Grammaticality	grammatical	1	train	plus	human_reviewed_selected			USF+ds003604-template-abstraction	USF:Cue_Target_Pairs.S:120			Last week she sailed three boats			"[""l"", ""æ"", ""s"", ""t"", ""w"", ""iː"", ""k"", ""ʃ"", ""iː"", ""s"", ""eɪ"", ""l"", ""d"", ""θ"", ""ɹ"", ""iː"", ""b"", ""oʊ"", ""t"", ""s""]"	simple_past	boats	sailed boats	0.589	0.134			4.5597211169127885			20					she	sail	sailed	boat	boats	three	0	0	0	1										0.589	0.134	grammatical	simple_past	grammatical	none				164	1945	"{""boat"": 1945, ""sail"": 164}"
GRAM_0213	Grammaticality	grammatical	1	train	plus	human_reviewed_selected			USF+ds003604-template-abstraction	USF:Cue_Target_Pairs.S:3258			Last week she sang one song			"[""l"", ""æ"", ""s"", ""t"", ""w"", ""iː"", ""k"", ""ʃ"", ""iː"", ""s"", ""æ"", ""ŋ"", ""w"", ""ʌ"", ""n"", ""s"", ""ɔ"", ""ŋ""]"	simple_past	song	sang song	0.456	0.291			4.980536716981005			18					she	sing	sang	song	song	one	0	0	0	1										0.456	0.291	grammatical	simple_past	grammatical	none				2560	1841	"{""sing"": 2560, ""song"": 1841}"
GRAM_0214	Grammaticality	grammatical	1	train	plus	human_reviewed_selected			USF+ds003604-template-abstraction	USF:Cue_Target_Pairs.S:3258			Last week she sang two songs			"[""l"", ""æ"", ""s"", ""t"", ""w"", ""iː"", ""k"", ""ʃ"", ""iː"", ""s"", ""æ"", ""ŋ"", ""t"", ""uː"", ""s"", ""ɔ"", ""ŋ"", ""z""]"	simple_past	songs	sang songs	0.456	0.291			4.980536716981005			18					she	sing	sang	song	songs	two	0	0	0	1										0.456	0.291	grammatical	simple_past	grammatical	none				2560	1841	"{""sing"": 2560, ""song"": 1841}"
GRAM_0215	Grammaticality	grammatical	1	train	plus	human_reviewed_selected			USF+ds003604-template-abstraction	USF:Cue_Target_Pairs.A-B:7781			Last week they buckled one belt			"[""l"", ""æ"", ""s"", ""t"", ""w"", ""iː"", ""k"", ""ð"", ""eɪ"", ""b"", ""ʌ"", ""k"", ""ə"", ""l"", ""d"", ""w"", ""ʌ"", ""n"", ""b"", ""ɛ"", ""l"", ""t""]"	simple_past	belt	buckled belt	0.667	0.213			4.044457183487992			22					they	buckle	buckled	belt	belt	one	0	0	0	1										0.667	0.213	grammatical	simple_past	grammatical	none				191	538	"{""belt"": 538, ""buckle"": 191}"
GRAM_0216	Grammaticality	grammatical	1	train	plus	human_reviewed_selected			USF+ds003604-template-abstraction	USF:Cue_Target_Pairs.A-B:7781			Last week they buckled three belts			"[""l"", ""æ"", ""s"", ""t"", ""w"", ""iː"", ""k"", ""ð"", ""eɪ"", ""b"", ""ʌ"", ""k"", ""ə"", ""l"", ""d"", ""θ"", ""ɹ"", ""iː"", ""b"", ""ɛ"", ""l"", ""t"", ""s""]"	simple_past	belts	buckled belts	0.667	0.213			4.044457183487992			23					they	buckle	buckled	belt	belts	three	0	0	0	1										0.667	0.213	grammatical	simple_past	grammatical	none				191	538	"{""belt"": 538, ""buckle"": 191}"
GRAM_0217	Grammaticality	grammatical	1	train	plus	human_reviewed_selected			USF+ds003604-template-abstraction	USF:Cue_Target_Pairs.A-B:7781			Last week they buckled two belts			"[""l"", ""æ"", ""s"", ""t"", ""w"", ""iː"", ""k"", ""ð"", ""eɪ"", ""b"", ""ʌ"", ""k"", ""ə"", ""l"", ""d"", ""t"", ""uː"", ""b"", ""ɛ"", ""l"", ""t"", ""s""]"	simple_past	belts	buckled belts	0.667	0.213			4.044457183487992			22					they	buckle	buckled	belt	belts	two	0	0	0	1										0.667	0.213	grammatical	simple_past	grammatical	none				191	538	"{""belt"": 538, ""buckle"": 191}"
GRAM_0218	Grammaticality	grammatical	1	train	plus	human_reviewed_selected			USF+ds003604-template-abstraction	USF:Cue_Target_Pairs.C:1357			Last week they celebrated one birthday			"[""l"", ""æ"", ""s"", ""t"", ""w"", ""iː"", ""k"", ""ð"", ""eɪ"", ""s"", ""ɛ"", ""l"", ""ə"", ""b"", ""ɹ"", ""eɪ"", ""t"", ""ɪ"", ""d"", ""w"", ""ʌ"", ""n"", ""b"", ""ɜː"", ""θ"", ""d"", ""eɪ""]"	simple_past	birthday	celebrated birthday	0.13	0.02			4.691642711890822			27					they	celebrate	celebrated	birthday	birthday	one	0	0	0	1										0.13	0.02	grammatical	simple_past	grammatical	none				38	3339	"{""birthday"": 3339, ""celebrate"": 38}"
GRAM_0219	Grammaticality	grammatical	1	train	plus	human_reviewed_selected			USF+ds003604-template-abstraction	USF:Cue_Target_Pairs.C:6319			Last week they crawled one baby			"[""l"", ""æ"", ""s"", ""t"", ""w"", ""iː"", ""k"", ""ð"", ""eɪ"", ""k"", ""ɹ"", ""ɔ"", ""l"", ""d"", ""w"", ""ʌ"", ""n"", ""b"", ""eɪ"", ""b"", ""i""]"	simple_past	baby	crawled baby	0.345	0.0			4.893816865704922			21					they	crawl	crawled	baby	baby	one	0	0	0	1										0.345	0.0	grammatical	simple_past	grammatical	none				396	23715	"{""baby"": 23715, ""crawl"": 396}"
GRAM_0220	Grammaticality	grammatical	1	train	plus	human_reviewed_selected			USF+ds003604-template-abstraction	USF:Cue_Target_Pairs.D-F:8939			Last week they folded one letter			"[""l"", ""æ"", ""s"", ""t"", ""w"", ""iː"", ""k"", ""ð"", ""eɪ"", ""f"", ""oʊ"", ""l"", ""d"", ""ɪ"", ""d"", ""w"", ""ʌ"", ""n"", ""l"", ""ɛ"", ""t"", ""ə"", ""ɹ""]"	simple_past	letter	folded letter	0.026	0.0			4.426451891708581			23					they	fold	folded	letter	letter	one	0	0	0	1										0.026	0.0	grammatical	simple_past	grammatical	none				351	1678	"{""fold"": 351, ""letter"": 1678}"
GRAM_0221	Grammaticality	grammatical	1	train	plus	human_reviewed_selected			USF+ds003604-template-abstraction	USF:Cue_Target_Pairs.L-O:7533			Last week they notified three contacts			"[""l"", ""æ"", ""s"", ""t"", ""w"", ""iː"", ""k"", ""ð"", ""eɪ"", ""n"", ""oʊ"", ""t"", ""ɪ"", ""f"", ""aɪ"", ""d"", ""θ"", ""ɹ"", ""iː"", ""k"", ""ɑ"", ""n"", ""t"", ""æ"", ""k"", ""t"", ""s""]"	simple_past	contacts	notified contacts	0.058	0.0			4.334348587938938			27					they	notify	notified	contact	contacts	three	0	0	0	1										0.058	0.0	grammatical	simple_past	grammatical	none				1	20	"{""contact"": 20, ""notify"": 1}"
GRAM_0222	Grammaticality	grammatical	1	train	plus	human_reviewed_selected			USF+ds003604-template-abstraction	USF:Cue_Target_Pairs.S:120			Last week they sailed two boats			"[""l"", ""æ"", ""s"", ""t"", ""w"", ""iː"", ""k"", ""ð"", ""eɪ"", ""s"", ""eɪ"", ""l"", ""d"", ""t"", ""uː"", ""b"", ""oʊ"", ""t"", ""s""]"	simple_past	boats	sailed boats	0.589	0.134			4.5597211169127885			19					they	sail	sailed	boat	boats	two	0	0	0	1										0.589	0.134	grammatical	simple_past	grammatical	none				164	1945	"{""boat"": 1945, ""sail"": 164}"
GRAM_0223	Grammaticality	grammatical	1	train	plus	human_reviewed_selected			USF+ds003604-template-abstraction	USF:Cue_Target_Pairs.S:3258			Last week they sang two songs			"[""l"", ""æ"", ""s"", ""t"", ""w"", ""iː"", ""k"", ""ð"", ""eɪ"", ""s"", ""æ"", ""ŋ"", ""t"", ""uː"", ""s"", ""ɔ"", ""ŋ"", ""z""]"	simple_past	songs	sang songs	0.456	0.291			4.980536716981005			18					they	sing	sang	song	songs	two	0	0	0	1										0.456	0.291	grammatical	simple_past	grammatical	none				2560	1841	"{""sing"": 2560, ""song"": 1841}"
GRAM_0224	Grammaticality	grammatical	1	train	plus	human_reviewed_selected			USF+ds003604-template-abstraction	USF:Cue_Target_Pairs.A-B:7781			She does not buckle four belts			"[""ʃ"", ""iː"", ""d"", ""ʌ"", ""z"", ""n"", ""ɑ"", ""t"", ""b"", ""ʌ"", ""k"", ""ə"", ""l"", ""f"", ""ɔ"", ""ɹ"", ""b"", ""ɛ"", ""l"", ""t"", ""s""]"	do_negation	belts	does not buckle belts	0.667	0.213			4.044457183487992			21					she	buckle	buckle	belt	belts	four	1	0	0	1										0.667	0.213	grammatical	do_negation	grammatical	none				191	538	"{""belt"": 538, ""buckle"": 191}"
GRAM_0225	Grammaticality	grammatical	1	train	plus	human_reviewed_selected			USF+ds003604-template-abstraction	USF:Cue_Target_Pairs.A-B:7781			She does not buckle one belt			"[""ʃ"", ""iː"", ""d"", ""ʌ"", ""z"", ""n"", ""ɑ"", ""t"", ""b"", ""ʌ"", ""k"", ""ə"", ""l"", ""w"", ""ʌ"", ""n"", ""b"", ""ɛ"", ""l"", ""t""]"	do_negation	belt	does not buckle belt	0.667	0.213			4.044457183487992			20					she	buckle	buckle	belt	belt	one	1	0	0	1										0.667	0.213	grammatical	do_negation	grammatical	none				191	538	"{""belt"": 538, ""buckle"": 191}"
GRAM_0226	Grammaticality	grammatical	1	train	plus	human_reviewed_selected			USF+ds003604-template-abstraction	USF:Cue_Target_Pairs.A-B:7781			She does not buckle three belts			"[""ʃ"", ""iː"", ""d"", ""ʌ"", ""z"", ""n"", ""ɑ"", ""t"", ""b"", ""ʌ"", ""k"", ""ə"", ""l"", ""θ"", ""ɹ"", ""iː"", ""b"", ""ɛ"", ""l"", ""t"", ""s""]"	do_negation	belts	does not buckle belts	0.667	0.213			4.044457183487992			21					she	buckle	buckle	belt	belts	three	1	0	0	1										0.667	0.213	grammatical	do_negation	grammatical	none				191	538	"{""belt"": 538, ""buckle"": 191}"
GRAM_0227	Grammaticality	grammatical	1	train	plus	human_reviewed_selected			USF+ds003604-template-abstraction	USF:Cue_Target_Pairs.A-B:7781			She does not buckle two belts			"[""ʃ"", ""iː"", ""d"", ""ʌ"", ""z"", ""n"", ""ɑ"", ""t"", ""b"", ""ʌ"", ""k"", ""ə"", ""l"", ""t"", ""uː"", ""b"", ""ɛ"", ""l"", ""t"", ""s""]"	do_negation	belts	does not buckle belts	0.667	0.213			4.044457183487992			20					she	buckle	buckle	belt	belts	two	1	0	0	1										0.667	0.213	grammatical	do_negation	grammatical	none				191	538	"{""belt"": 538, ""buckle"": 191}"
GRAM_0228	Grammaticality	grammatical	1	train	plus	human_reviewed_selected			USF+ds003604-template-abstraction	USF:Cue_Target_Pairs.C:6319			She does not crawl one baby			"[""ʃ"", ""iː"", ""d"", ""ʌ"", ""z"", ""n"", ""ɑ"", ""t"", ""k"", ""ɹ"", ""ɔ"", ""l"", ""w"", ""ʌ"", ""n"", ""b"", ""eɪ"", ""b"", ""i""]"	do_negation	baby	does not crawl baby	0.345	0.0			4.893816865704922			19					she	crawl	crawl	baby	baby	one	1	0	0	1										0.345	0.0	grammatical	do_negation	grammatical	none				396	23715	"{""baby"": 23715, ""crawl"": 396}"
GRAM_0229	Grammaticality	grammatical	1	train	plus	human_reviewed_selected			USF+ds003604-template-abstraction	USF:Cue_Target_Pairs.D-F:8939			She does not fold one letter			"[""ʃ"", ""iː"", ""d"", ""ʌ"", ""z"", ""n"", ""ɑ"", ""t"", ""f"", ""oʊ"", ""l"", ""d"", ""w"", ""ʌ"", ""n"", ""l"", ""ɛ"", ""t"", ""ə"", ""ɹ""]"	do_negation	letter	does not fold letter	0.026	0.0			4.426451891708581			20					she	fold	fold	letter	letter	one	1	0	0	1										0.026	0.0	grammatical	do_negation	grammatical	none				351	1678	"{""fold"": 351, ""letter"": 1678}"
GRAM_0230	Grammaticality	grammatical	1	train	plus	human_reviewed_selected			USF+ds003604-template-abstraction	USF:Cue_Target_Pairs.D-F:8939			She does not fold three letters			"[""ʃ"", ""iː"", ""d"", ""ʌ"", ""z"", ""n"", ""ɑ"", ""t"", ""f"", ""oʊ"", ""l"", ""d"", ""θ"", ""ɹ"", ""iː"", ""l"", ""ɛ"", ""t"", ""ə"", ""ɹ"", ""z""]"	do_negation	letters	does not fold letters	0.026	0.0			4.426451891708581			21					she	fold	fold	letter	letters	three	1	0	0	1										0.026	0.0	grammatical	do_negation	grammatical	none				351	1678	"{""fold"": 351, ""letter"": 1678}"
GRAM_0231	Grammaticality	grammatical	1	train	plus	human_reviewed_selected			USF+ds003604-template-abstraction	USF:Cue_Target_Pairs.G-K:1362			She does not grab four bags			"[""ʃ"", ""iː"", ""d"", ""ʌ"", ""z"", ""n"", ""ɑ"", ""t"", ""ɡ"", ""ɹ"", ""æ"", ""b"", ""f"", ""ɔ"", ""ɹ"", ""b"", ""æ"", ""ɡ"", ""z""]"	do_negation	bags	does not grab bags	0.102	0.0			4.911863485227926			19					she	grab	grab	bag	bags	four	1	0	0	1										0.102	0.0	grammatical	do_negation	grammatical	none				539	1813	"{""bag"": 1813, ""grab"": 539}"
GRAM_0232	Grammaticality	grammatical	1	train	plus	human_reviewed_selected			USF+ds003604-template-abstraction	USF:Cue_Target_Pairs.L-O:5174			She does not mix three drinks			"[""ʃ"", ""iː"", ""d"", ""ʌ"", ""z"", ""n"", ""ɑ"", ""t"", ""m"", ""ɪ"", ""k"", ""s"", ""θ"", ""ɹ"", ""iː"", ""d"", ""ɹ"", ""ɪ"", ""ŋ"", ""k"", ""s""]"	do_negation	drinks	does not mix drinks	0.068	0.0			4.803490900750679			21					she	mix	mix	drink	drinks	three	1	0	0	1										0.068	0.0	grammatical	do_negation	grammatical	none				605	4698	"{""drink"": 4698, ""mix"": 605}"
GRAM_0233	Grammaticality	grammatical	1	train	plus	human_reviewed_selected			USF+ds003604-template-abstraction	USF:Cue_Target_Pairs.S:120			She does not sail four boats			"[""ʃ"", ""iː"", ""d"", ""ʌ"", ""z"", ""n"", ""ɑ"", ""t"", ""s"", ""eɪ"", ""l"", ""f"", ""ɔ"", ""ɹ"", ""b"", ""oʊ"", ""t"", ""s""]"	do_negation	boats	does not sail boats	0.589	0.134			4.5597211169127885			18					she	sail	sail	boat	boats	four	1	0	0	1										0.589	0.134	grammatical	do_negation	grammatical	none				164	1945	"{""boat"": 1945, ""sail"": 164}"
GRAM_0234	Grammaticality	grammatical	1	train	plus	human_reviewed_selected			USF+ds003604-template-abstraction	USF:Cue_Target_Pairs.S:120			She does not sail three boats			"[""ʃ"", ""iː"", ""d"", ""ʌ"", ""z"", ""n"", ""ɑ"", ""t"", ""s"", ""eɪ"", ""l"", ""θ"", ""ɹ"", ""iː"", ""b"", ""oʊ"", ""t"", ""s""]"	do_negation	boats	does not sail boats	0.589	0.134			4.5597211169127885			18					she	sail	sail	boat	boats	three	1	0	0	1										0.589	0.134	grammatical	do_negation	grammatical	none				164	1945	"{""boat"": 1945, ""sail"": 164}"
GRAM_0235	Grammaticality	grammatical	1	train	plus	human_reviewed_selected			USF+ds003604-template-abstraction	USF:Cue_Target_Pairs.S:120			She does not sail two boats			"[""ʃ"", ""iː"", ""d"", ""ʌ"", ""z"", ""n"", ""ɑ"", ""t"", ""s"", ""eɪ"", ""l"", ""t"", ""uː"", ""b"", ""oʊ"", ""t"", ""s""]"	do_negation	boats	does not sail boats	0.589	0.134			4.5597211169127885			17					she	sail	sail	boat	boats	two	1	0	0	1										0.589	0.134	grammatical	do_negation	grammatical	none				164	1945	"{""boat"": 1945, ""sail"": 164}"
GRAM_0236	Grammaticality	grammatical	1	train	plus	human_reviewed_selected			USF+ds003604-template-abstraction	USF:Cue_Target_Pairs.S:3258			She does not sing one song			"[""ʃ"", ""iː"", ""d"", ""ʌ"", ""z"", ""n"", ""ɑ"", ""t"", ""s"", ""ɪ"", ""ŋ"", ""w"", ""ʌ"", ""n"", ""s"", ""ɔ"", ""ŋ""]"	do_negation	song	does not sing song	0.456	0.291			4.980536716981005			17					she	sing	sing	song	song	one	1	0	0	1										0.456	0.291	grammatical	do_negation	grammatical	none				2560	1841	"{""sing"": 2560, ""song"": 1841}"
GRAM_0237	Grammaticality	grammatical	1	train	plus	human_reviewed_selected			USF+ds003604-template-abstraction	USF:Cue_Target_Pairs.S:3258			She does not sing two songs			"[""ʃ"", ""iː"", ""d"", ""ʌ"", ""z"", ""n"", ""ɑ"", ""t"", ""s"", ""ɪ"", ""ŋ"", ""t"", ""uː"", ""s"", ""ɔ"", ""ŋ"", ""z""]"	do_negation	songs	does not sing songs	0.456	0.291			4.980536716981005			17					she	sing	sing	song	songs	two	1	0	0	1										0.456	0.291	grammatical	do_negation	grammatical	none				2560	1841	"{""sing"": 2560, ""song"": 1841}"
GRAM_0238	Grammaticality	grammatical	1	train	plus	human_reviewed_selected			USF+ds003604-template-abstraction	USF:Cue_Target_Pairs.A-B:7781			She is buckling one belt			"[""ʃ"", ""iː"", ""ɪ"", ""z"", ""b"", ""ʌ"", ""k"", ""l"", ""ɪ"", ""ŋ"", ""w"", ""ʌ"", ""n"", ""b"", ""ɛ"", ""l"", ""t""]"	be_progressive	belt	is buckling belt	0.667	0.213			4.044457183487992			17					she	buckle	buckling	belt	belt	one	0	0	0	1										0.667	0.213	grammatical	be_progressive	grammatical	none				191	538	"{""belt"": 538, ""buckle"": 191}"
GRAM_0239	Grammaticality	grammatical	1	train	plus	human_reviewed_selected			USF+ds003604-template-abstraction	USF:Cue_Target_Pairs.A-B:7781			She is buckling three belts			"[""ʃ"", ""iː"", ""ɪ"", ""z"", ""b"", ""ʌ"", ""k"", ""l"", ""ɪ"", ""ŋ"", ""θ"", ""ɹ"", ""iː"", ""b"", ""ɛ"", ""l"", ""t"", ""s""]"	be_progressive	belts	is buckling belts	0.667	0.213			4.044457183487992			18					she	buckle	buckling	belt	belts	three	0	0	0	1										0.667	0.213	grammatical	be_progressive	grammatical	none				191	538	"{""belt"": 538, ""buckle"": 191}"
GRAM_0240	Grammaticality	grammatical	1	train	plus	human_reviewed_selected			USF+ds003604-template-abstraction	USF:Cue_Target_Pairs.A-B:7781			She is buckling two belts			"[""ʃ"", ""iː"", ""ɪ"", ""z"", ""b"", ""ʌ"", ""k"", ""l"", ""ɪ"", ""ŋ"", ""t"", ""uː"", ""b"", ""ɛ"", ""l"", ""t"", ""s""]"	be_progressive	belts	is buckling belts	0.667	0.213			4.044457183487992			17					she	buckle	buckling	belt	belts	two	0	0	0	1										0.667	0.213	grammatical	be_progressive	grammatical	none				191	538	"{""belt"": 538, ""buckle"": 191}"
GRAM_0241	Grammaticality	grammatical	1	train	plus	human_reviewed_selected			USF+ds003604-template-abstraction	USF:Cue_Target_Pairs.C:1357			She is celebrating three birthdays			"[""ʃ"", ""iː"", ""ɪ"", ""z"", ""s"", ""ɛ"", ""l"", ""ə"", ""b"", ""ɹ"", ""eɪ"", ""t"", ""ɪ"", ""ŋ"", ""θ"", ""ɹ"", ""iː"", ""b"", ""ɜː"", ""θ"", ""d"", ""eɪ"", ""z""]"	be_progressive	birthdays	is celebrating birthdays	0.13	0.02			4.691642711890822			23					she	celebrate	celebrating	birthday	birthdays	three	0	0	0	1										0.13	0.02	grammatical	be_progressive	grammatical	none				38	3339	"{""birthday"": 3339, ""celebrate"": 38}"
GRAM_0242	Grammaticality	grammatical	1	train	plus	human_reviewed_selected			USF+ds003604-template-abstraction	USF:Cue_Target_Pairs.C:1356			She is celebrating three parties			"[""ʃ"", ""iː"", ""ɪ"", ""z"", ""s"", ""ɛ"", ""l"", ""ə"", ""b"", ""ɹ"", ""eɪ"", ""t"", ""ɪ"", ""ŋ"", ""θ"", ""ɹ"", ""iː"", ""p"", ""ɑ"", ""ɹ"", ""t"", ""i"", ""z""]"	be_progressive	parties	is celebrating parties	0.603	0.0			4.881580377984266			23					she	celebrate	celebrating	party	parties	three	0	0	0	1										0.603	0.0	grammatical	be_progressive	grammatical	none				38	1661	"{""celebrate"": 38, ""party"": 1661}"
GRAM_0243	Grammaticality	grammatical	1	train	plus	human_reviewed_selected			USF+ds003604-template-abstraction	USF:Cue_Target_Pairs.C:6319			She is crawling two babies			"[""ʃ"", ""iː"", ""ɪ"", ""z"", ""k"", ""ɹ"", ""ɔ"", ""l"", ""ɪ"", ""ŋ"", ""t"", ""uː"", ""b"", ""eɪ"", ""b"", ""i"", ""z""]"	be_progressive	babies	is crawling babies	0.345	0.0			4.893816865704922			17					she	crawl	crawling	baby	babies	two	0	0	0	1										0.345	0.0	grammatical	be_progressive	grammatical	none				396	23715	"{""baby"": 23715, ""crawl"": 396}"
GRAM_0244	Grammaticality	grammatical	1	train	plus	human_reviewed_selected			USF+ds003604-template-abstraction	USF:Cue_Target_Pairs.D-F:8939			She is folding three letters			"[""ʃ"", ""iː"", ""ɪ"", ""z"", ""f"", ""oʊ"", ""l"", ""d"", ""ɪ"", ""ŋ"", ""θ"", ""ɹ"", ""iː"", ""l"", ""ɛ"", ""t"", ""ə"", ""ɹ"", ""z""]"	be_progressive	letters	is folding letters	0.026	0.0			4.426451891708581			19					she	fold	folding	letter	letters	three	0	0	0	1										0.026	0.0	grammatical	be_progressive	grammatical	none				351	1678	"{""fold"": 351, ""letter"": 1678}"
GRAM_0245	Grammaticality	grammatical	1	train	plus	human_reviewed_selected			USF+ds003604-template-abstraction	USF:Cue_Target_Pairs.G-K:1362			She is grabbing three bags			"[""ʃ"", ""iː"", ""ɪ"", ""z"", ""ɡ"", ""ɹ"", ""æ"", ""b"", ""ɪ"", ""ŋ"", ""θ"", ""ɹ"", ""iː"", ""b"", ""æ"", ""ɡ"", ""z""]"	be_progressive	bags	is grabbing bags	0.102	0.0			4.911863485227926			17					she	grab	grabbing	bag	bags	three	0	0	0	1										0.102	0.0	grammatical	be_progressive	grammatical	none				539	1813	"{""bag"": 1813, ""grab"": 539}"
GRAM_0246	Grammaticality	grammatical	1	train	plus	human_reviewed_selected			USF+ds003604-template-abstraction	USF:Cue_Target_Pairs.L-O:5174			She is mixing one drink			"[""ʃ"", ""iː"", ""ɪ"", ""z"", ""m"", ""ɪ"", ""k"", ""s"", ""ɪ"", ""ŋ"", ""w"", ""ʌ"", ""n"", ""d"", ""ɹ"", ""ɪ"", ""ŋ"", ""k""]"	be_progressive	drink	is mixing drink	0.068	0.0			4.803490900750679			18					she	mix	mixing	drink	drink	one	0	0	0	1										0.068	0.0	grammatical	be_progressive	grammatical	none				605	4698	"{""drink"": 4698, ""mix"": 605}"
GRAM_0247	Grammaticality	grammatical	1	train	plus	human_reviewed_selected			USF+ds003604-template-abstraction	USF:Cue_Target_Pairs.L-O:7533			She is notifying four contacts			"[""ʃ"", ""iː"", ""ɪ"", ""z"", ""n"", ""oʊ"", ""t"", ""ɪ"", ""f"", ""aɪ"", ""ɪ"", ""ŋ"", ""f"", ""ɔ"", ""ɹ"", ""k"", ""ɑ"", ""n"", ""t"", ""æ"", ""k"", ""t"", ""s""]"	be_progressive	contacts	is notifying contacts	0.058	0.0			4.334348587938938			23					she	notify	notifying	contact	contacts	four	0	0	0	1										0.058	0.0	grammatical	be_progressive	grammatical	none				1	20	"{""contact"": 20, ""notify"": 1}"
GRAM_0248	Grammaticality	grammatical	1	train	plus	human_reviewed_selected			USF+ds003604-template-abstraction	USF:Cue_Target_Pairs.L-O:7533			She is notifying one contact			"[""ʃ"", ""iː"", ""ɪ"", ""z"", ""n"", ""oʊ"", ""t"", ""ɪ"", ""f"", ""aɪ"", ""ɪ"", ""ŋ"", ""w"", ""ʌ"", ""n"", ""k"", ""ɑ"", ""n"", ""t"", ""æ"", ""k"", ""t""]"	be_progressive	contact	is notifying contact	0.058	0.0			4.334348587938938			22					she	notify	notifying	contact	contact	one	0	0	0	1										0.058	0.0	grammatical	be_progressive	grammatical	none				1	20	"{""contact"": 20, ""notify"": 1}"
GRAM_0249	Grammaticality	grammatical	1	train	plus	human_reviewed_selected			USF+ds003604-template-abstraction	USF:Cue_Target_Pairs.S:120			She is sailing three boats			"[""ʃ"", ""iː"", ""ɪ"", ""z"", ""s"", ""eɪ"", ""l"", ""ɪ"", ""ŋ"", ""θ"", ""ɹ"", ""iː"", ""b"", ""oʊ"", ""t"", ""s""]"	be_progressive	boats	is sailing boats	0.589	0.134			4.5597211169127885			16					she	sail	sailing	boat	boats	three	0	0	0	1										0.589	0.134	grammatical	be_progressive	grammatical	none				164	1945	"{""boat"": 1945, ""sail"": 164}"
GRAM_0250	Grammaticality	grammatical	1	train	plus	human_reviewed_selected			USF+ds003604-template-abstraction	USF:Cue_Target_Pairs.S:3258			She is singing five songs			"[""ʃ"", ""iː"", ""ɪ"", ""z"", ""s"", ""ɪ"", ""ŋ"", ""ɪ"", ""ŋ"", ""f"", ""aɪ"", ""v"", ""s"", ""ɔ"", ""ŋ"", ""z""]"	be_progressive	songs	is singing songs	0.456	0.291			4.980536716981005			16					she	sing	singing	song	songs	five	0	0	0	1										0.456	0.291	grammatical	be_progressive	grammatical	none				2560	1841	"{""sing"": 2560, ""song"": 1841}"
GRAM_0251	Grammaticality	grammatical	1	train	plus	human_reviewed_selected			USF+ds003604-template-abstraction	USF:Cue_Target_Pairs.S:3258			She is singing three songs			"[""ʃ"", ""iː"", ""ɪ"", ""z"", ""s"", ""ɪ"", ""ŋ"", ""ɪ"", ""ŋ"", ""θ"", ""ɹ"", ""iː"", ""s"", ""ɔ"", ""ŋ"", ""z""]"	be_progressive	songs	is singing songs	0.456	0.291			4.980536716981005			16					she	sing	singing	song	songs	three	0	0	0	1										0.456	0.291	grammatical	be_progressive	grammatical	none				2560	1841	"{""sing"": 2560, ""song"": 1841}"
GRAM_0252	Grammaticality	grammatical	1	train	plus	human_reviewed_selected			USF+ds003604-template-abstraction	USF:Cue_Target_Pairs.S:3258			She is singing two songs			"[""ʃ"", ""iː"", ""ɪ"", ""z"", ""s"", ""ɪ"", ""ŋ"", ""ɪ"", ""ŋ"", ""t"", ""uː"", ""s"", ""ɔ"", ""ŋ"", ""z""]"	be_progressive	songs	is singing songs	0.456	0.291			4.980536716981005			15					she	sing	singing	song	songs	two	0	0	0	1										0.456	0.291	grammatical	be_progressive	grammatical	none				2560	1841	"{""sing"": 2560, ""song"": 1841}"
GRAM_0253	Grammaticality	grammatical	1	train	plus	human_reviewed_selected			USF+ds003604-template-abstraction	USF:Cue_Target_Pairs.A-B:7781			They are buckling four belts			"[""ð"", ""eɪ"", ""ɑ"", ""ɹ"", ""b"", ""ʌ"", ""k"", ""l"", ""ɪ"", ""ŋ"", ""f"", ""ɔ"", ""ɹ"", ""b"", ""ɛ"", ""l"", ""t"", ""s""]"	be_progressive	belts	are buckling belts	0.667	0.213			4.044457183487992			18					they	buckle	buckling	belt	belts	four	0	0	0	1										0.667	0.213	grammatical	be_progressive	grammatical	none				191	538	"{""belt"": 538, ""buckle"": 191}"
GRAM_0254	Grammaticality	grammatical	1	train	plus	human_reviewed_selected			USF+ds003604-template-abstraction	USF:Cue_Target_Pairs.A-B:7781			They are buckling one belt			"[""ð"", ""eɪ"", ""ɑ"", ""ɹ"", ""b"", ""ʌ"", ""k"", ""l"", ""ɪ"", ""ŋ"", ""w"", ""ʌ"", ""n"", ""b"", ""ɛ"", ""l"", ""t""]"	be_progressive	belt	are buckling belt	0.667	0.213			4.044457183487992			17					they	buckle	buckling	belt	belt	one	0	0	0	1										0.667	0.213	grammatical	be_progressive	grammatical	none				191	538	"{""belt"": 538, ""buckle"": 191}"
GRAM_0255	Grammaticality	grammatical	1	train	plus	human_reviewed_selected			USF+ds003604-template-abstraction	USF:Cue_Target_Pairs.A-B:7781			They are buckling three belts			"[""ð"", ""eɪ"", ""ɑ"", ""ɹ"", ""b"", ""ʌ"", ""k"", ""l"", ""ɪ"", ""ŋ"", ""θ"", ""ɹ"", ""iː"", ""b"", ""ɛ"", ""l"", ""t"", ""s""]"	be_progressive	belts	are buckling belts	0.667	0.213			4.044457183487992			18					they	buckle	buckling	belt	belts	three	0	0	0	1										0.667	0.213	grammatical	be_progressive	grammatical	none				191	538	"{""belt"": 538, ""buckle"": 191}"
GRAM_0256	Grammaticality	grammatical	1	train	plus	human_reviewed_selected			USF+ds003604-template-abstraction	USF:Cue_Target_Pairs.A-B:7781			They are buckling two belts			"[""ð"", ""eɪ"", ""ɑ"", ""ɹ"", ""b"", ""ʌ"", ""k"", ""l"", ""ɪ"", ""ŋ"", ""t"", ""uː"", ""b"", ""ɛ"", ""l"", ""t"", ""s""]"	be_progressive	belts	are buckling belts	0.667	0.213			4.044457183487992			17					they	buckle	buckling	belt	belts	two	0	0	0	1										0.667	0.213	grammatical	be_progressive	grammatical	none				191	538	"{""belt"": 538, ""buckle"": 191}"
GRAM_0257	Grammaticality	grammatical	1	train	plus	human_reviewed_selected			USF+ds003604-template-abstraction	USF:Cue_Target_Pairs.C:6319			They are crawling three babies			"[""ð"", ""eɪ"", ""ɑ"", ""ɹ"", ""k"", ""ɹ"", ""ɔ"", ""l"", ""ɪ"", ""ŋ"", ""θ"", ""ɹ"", ""iː"", ""b"", ""eɪ"", ""b"", ""i"", ""z""]"	be_progressive	babies	are crawling babies	0.345	0.0			4.893816865704922			18					they	crawl	crawling	baby	babies	three	0	0	0	1										0.345	0.0	grammatical	be_progressive	grammatical	none				396	23715	"{""baby"": 23715, ""crawl"": 396}"
GRAM_0258	Grammaticality	grammatical	1	train	plus	human_reviewed_selected			USF+ds003604-template-abstraction	USF:Cue_Target_Pairs.C:6319			They are crawling two babies			"[""ð"", ""eɪ"", ""ɑ"", ""ɹ"", ""k"", ""ɹ"", ""ɔ"", ""l"", ""ɪ"", ""ŋ"", ""t"", ""uː"", ""b"", ""eɪ"", ""b"", ""i"", ""z""]"	be_progressive	babies	are crawling babies	0.345	0.0			4.893816865704922			17					they	crawl	crawling	baby	babies	two	0	0	0	1										0.345	0.0	grammatical	be_progressive	grammatical	none				396	23715	"{""baby"": 23715, ""crawl"": 396}"
GRAM_0259	Grammaticality	grammatical	1	train	plus	human_reviewed_selected			USF+ds003604-template-abstraction	USF:Cue_Target_Pairs.L-O:5174			They are mixing one drink			"[""ð"", ""eɪ"", ""ɑ"", ""ɹ"", ""m"", ""ɪ"", ""k"", ""s"", ""ɪ"", ""ŋ"", ""w"", ""ʌ"", ""n"", ""d"", ""ɹ"", ""ɪ"", ""ŋ"", ""k""]"	be_progressive	drink	are mixing drink	0.068	0.0			4.803490900750679			18					they	mix	mixing	drink	drink	one	0	0	0	1										0.068	0.0	grammatical	be_progressive	grammatical	none				605	4698	"{""drink"": 4698, ""mix"": 605}"
GRAM_0260	Grammaticality	grammatical	1	train	plus	human_reviewed_selected			USF+ds003604-template-abstraction	USF:Cue_Target_Pairs.A-B:7781			They do not buckle four belts			"[""ð"", ""eɪ"", ""d"", ""uː"", ""n"", ""ɑ"", ""t"", ""b"", ""ʌ"", ""k"", ""ə"", ""l"", ""f"", ""ɔ"", ""ɹ"", ""b"", ""ɛ"", ""l"", ""t"", ""s""]"	do_negation	belts	do not buckle belts	0.667	0.213			4.044457183487992			20					they	buckle	buckle	belt	belts	four	1	0	0	1										0.667	0.213	grammatical	do_negation	grammatical	none				191	538	"{""belt"": 538, ""buckle"": 191}"
GRAM_0261	Grammaticality	grammatical	1	train	plus	human_reviewed_selected			USF+ds003604-template-abstraction	USF:Cue_Target_Pairs.A-B:7781			They do not buckle one belt			"[""ð"", ""eɪ"", ""d"", ""uː"", ""n"", ""ɑ"", ""t"", ""b"", ""ʌ"", ""k"", ""ə"", ""l"", ""w"", ""ʌ"", ""n"", ""b"", ""ɛ"", ""l"", ""t""]"	do_negation	belt	do not buckle belt	0.667	0.213			4.044457183487992			19					they	buckle	buckle	belt	belt	one	1	0	0	1										0.667	0.213	grammatical	do_negation	grammatical	none				191	538	"{""belt"": 538, ""buckle"": 191}"
GRAM_0262	Grammaticality	grammatical	1	train	plus	human_reviewed_selected			USF+ds003604-template-abstraction	USF:Cue_Target_Pairs.A-B:7781			They do not buckle six belts			"[""ð"", ""eɪ"", ""d"", ""uː"", ""n"", ""ɑ"", ""t"", ""b"", ""ʌ"", ""k"", ""ə"", ""l"", ""s"", ""ɪ"", ""k"", ""s"", ""b"", ""ɛ"", ""l"", ""t"", ""s""]"	do_negation	belts	do not buckle belts	0.667	0.213			4.044457183487992			21					they	buckle	buckle	belt	belts	six	1	0	0	1										0.667	0.213	grammatical	do_negation	grammatical	none				191	538	"{""belt"": 538, ""buckle"": 191}"
GRAM_0263	Grammaticality	grammatical	1	train	plus	human_reviewed_selected			USF+ds003604-template-abstraction	USF:Cue_Target_Pairs.A-B:7781			They do not buckle two belts			"[""ð"", ""eɪ"", ""d"", ""uː"", ""n"", ""ɑ"", ""t"", ""b"", ""ʌ"", ""k"", ""ə"", ""l"", ""t"", ""uː"", ""b"", ""ɛ"", ""l"", ""t"", ""s""]"	do_negation	belts	do not buckle belts	0.667	0.213			4.044457183487992			19					they	buckle	buckle	belt	belts	two	1	0	0	1										0.667	0.213	grammatical	do_negation	grammatical	none				191	538	"{""belt"": 538, ""buckle"": 191}"
GRAM_0264	Grammaticality	grammatical	1	train	plus	human_reviewed_selected			USF+ds003604-template-abstraction	USF:Cue_Target_Pairs.C:6319			They do not crawl three babies			"[""ð"", ""eɪ"", ""d"", ""uː"", ""n"", ""ɑ"", ""t"", ""k"", ""ɹ"", ""ɔ"", ""l"", ""θ"", ""ɹ"", ""iː"", ""b"", ""eɪ"", ""b"", ""i"", ""z""]"	do_negation	babies	do not crawl babies	0.345	0.0			4.893816865704922			19					they	crawl	crawl	baby	babies	three	1	0	0	1										0.345	0.0	grammatical	do_negation	grammatical	none				396	23715	"{""baby"": 23715, ""crawl"": 396}"
GRAM_0265	Grammaticality	grammatical	1	train	plus	human_reviewed_selected			USF+ds003604-template-abstraction	USF:Cue_Target_Pairs.D-F:8939			They do not fold one letter			"[""ð"", ""eɪ"", ""d"", ""uː"", ""n"", ""ɑ"", ""t"", ""f"", ""oʊ"", ""l"", ""d"", ""w"", ""ʌ"", ""n"", ""l"", ""ɛ"", ""t"", ""ə"", ""ɹ""]"	do_negation	letter	do not fold letter	0.026	0.0			4.426451891708581			19					they	fold	fold	letter	letter	one	1	0	0	1										0.026	0.0	grammatical	do_negation	grammatical	none				351	1678	"{""fold"": 351, ""letter"": 1678}"
GRAM_0266	Grammaticality	grammatical	1	train	plus	human_reviewed_selected			USF+ds003604-template-abstraction	USF:Cue_Target_Pairs.D-F:8939			They do not fold three letters			"[""ð"", ""eɪ"", ""d"", ""uː"", ""n"", ""ɑ"", ""t"", ""f"", ""oʊ"", ""l"", ""d"", ""θ"", ""ɹ"", ""iː"", ""l"", ""ɛ"", ""t"", ""ə"", ""ɹ"", ""z""]"	do_negation	letters	do not fold letters	0.026	0.0			4.426451891708581			20					they	fold	fold	letter	letters	three	1	0	0	1										0.026	0.0	grammatical	do_negation	grammatical	none				351	1678	"{""fold"": 351, ""letter"": 1678}"
GRAM_0267	Grammaticality	grammatical	1	train	plus	human_reviewed_selected			USF+ds003604-template-abstraction	USF:Cue_Target_Pairs.D-F:8939			They do not fold two letters			"[""ð"", ""eɪ"", ""d"", ""uː"", ""n"", ""ɑ"", ""t"", ""f"", ""oʊ"", ""l"", ""d"", ""t"", ""uː"", ""l"", ""ɛ"", ""t"", ""ə"", ""ɹ"", ""z""]"	do_negation	letters	do not fold letters	0.026	0.0			4.426451891708581			19					they	fold	fold	letter	letters	two	1	0	0	1										0.026	0.0	grammatical	do_negation	grammatical	none				351	1678	"{""fold"": 351, ""letter"": 1678}"
GRAM_0268	Grammaticality	grammatical	1	train	plus	human_reviewed_selected			USF+ds003604-template-abstraction	USF:Cue_Target_Pairs.S:3258			They do not sing one song			"[""ð"", ""eɪ"", ""d"", ""uː"", ""n"", ""ɑ"", ""t"", ""s"", ""ɪ"", ""ŋ"", ""w"", ""ʌ"", ""n"", ""s"", ""ɔ"", ""ŋ""]"	do_negation	song	do not sing song	0.456	0.291			4.980536716981005			16					they	sing	sing	song	song	one	1	0	0	1										0.456	0.291	grammatical	do_negation	grammatical	none				2560	1841	"{""sing"": 2560, ""song"": 1841}"
GRAM_0269	Grammaticality	grammatical	1	train	plus	human_reviewed_selected			USF+ds003604-template-abstraction	USF:Cue_Target_Pairs.S:3258			They do not sing three songs			"[""ð"", ""eɪ"", ""d"", ""uː"", ""n"", ""ɑ"", ""t"", ""s"", ""ɪ"", ""ŋ"", ""θ"", ""ɹ"", ""iː"", ""s"", ""ɔ"", ""ŋ"", ""z""]"	do_negation	songs	do not sing songs	0.456	0.291			4.980536716981005			17					they	sing	sing	song	songs	three	1	0	0	1										0.456	0.291	grammatical	do_negation	grammatical	none				2560	1841	"{""sing"": 2560, ""song"": 1841}"
GRAM_0270	Grammaticality	grammatical	1	train	plus	human_reviewed_selected			USF+ds003604-template-abstraction	USF:Cue_Target_Pairs.S:3258			They do not sing two songs			"[""ð"", ""eɪ"", ""d"", ""uː"", ""n"", ""ɑ"", ""t"", ""s"", ""ɪ"", ""ŋ"", ""t"", ""uː"", ""s"", ""ɔ"", ""ŋ"", ""z""]"	do_negation	songs	do not sing songs	0.456	0.291			4.980536716981005			16					they	sing	sing	song	songs	two	1	0	0	1										0.456	0.291	grammatical	do_negation	grammatical	none				2560	1841	"{""sing"": 2560, ""song"": 1841}"
GRAM_0271	Grammaticality	plurality_violation	0	train	plus	human_reviewed_selected			USF+ds003604-template-abstraction	USF:Cue_Target_Pairs.D-F:4061			Every day he dumps five garbage			"[""ɛ"", ""v"", ""ɹ"", ""i"", ""d"", ""eɪ"", ""h"", ""iː"", ""d"", ""ʌ"", ""m"", ""p"", ""s"", ""f"", ""aɪ"", ""v"", ""ɡ"", ""ɑ"", ""ɹ"", ""b"", ""ɪ"", ""d̠ʒ""]"	present_3s	garbage	dumps garbage	0.326	0.0			4.43817751901349			22					he	dump	dumps	garbage	garbage	five	0	0	0	1										0.326	0.0	plurality_violation	present_3s	plurality_violation	omitted	object_number	garbage	garbage	987	651	"{""dump"": 987, ""garbage"": 651}"
GRAM_0272	Grammaticality	plurality_violation	0	train	plus	human_reviewed_selected			USF+ds003604-template-abstraction	USF:Cue_Target_Pairs.D-F:4061			Every day he dumps six garbage			"[""ɛ"", ""v"", ""ɹ"", ""i"", ""d"", ""eɪ"", ""h"", ""iː"", ""d"", ""ʌ"", ""m"", ""p"", ""s"", ""s"", ""ɪ"", ""k"", ""s"", ""ɡ"", ""ɑ"", ""ɹ"", ""b"", ""ɪ"", ""d̠ʒ""]"	present_3s	garbage	dumps garbage	0.326	0.0			4.43817751901349			23					he	dump	dumps	garbage	garbage	six	0	0	0	1										0.326	0.0	plurality_violation	present_3s	plurality_violation	omitted	object_number	garbage	garbage	987	651	"{""dump"": 987, ""garbage"": 651}"
GRAM_0273	Grammaticality	plurality_violation	0	train	plus	human_reviewed_selected			USF+ds003604-template-abstraction	USF:Cue_Target_Pairs.S:120			Every day he sails two boat			"[""ɛ"", ""v"", ""ɹ"", ""i"", ""d"", ""eɪ"", ""h"", ""iː"", ""s"", ""eɪ"", ""l"", ""z"", ""t"", ""uː"", ""b"", ""oʊ"", ""t""]"	present_3s	boats	sails boats	0.589	0.134			4.5597211169127885			17					he	sail	sails	boat	boat	two	0	0	0	1										0.589	0.134	plurality_violation	present_3s	plurality_violation	omitted	object_number	boats	boat	164	1945	"{""boat"": 1945, ""sail"": 164}"
GRAM_0274	Grammaticality	plurality_violation	0	train	plus	human_reviewed_selected			USF+ds003604-template-abstraction	USF:Cue_Target_Pairs.S:1140			Every day he screws six driver			"[""ɛ"", ""v"", ""ɹ"", ""i"", ""d"", ""eɪ"", ""h"", ""iː"", ""s"", ""k"", ""ɹ"", ""uː"", ""z"", ""s"", ""ɪ"", ""k"", ""s"", ""d"", ""ɹ"", ""aɪ"", ""v"", ""ə"", ""ɹ""]"	present_3s	drivers	screws drivers	0.302	0.0			4.6247222328466515			23					he	screw	screws	driver	driver	six	0	0	0	1										0.302	0.0	plurality_violation	present_3s	plurality_violation	omitted	object_number	drivers	driver	816	850	"{""driver"": 850, ""screw"": 816}"
GRAM_0275	Grammaticality	plurality_violation	0	train	plus	human_reviewed_selected			USF+ds003604-template-abstraction	USF:Cue_Target_Pairs.S:1140			Every day he screws two driver			"[""ɛ"", ""v"", ""ɹ"", ""i"", ""d"", ""eɪ"", ""h"", ""iː"", ""s"", ""k"", ""ɹ"", ""uː"", ""z"", ""t"", ""uː"", ""d"", ""ɹ"", ""aɪ"", ""v"", ""ə"", ""ɹ""]"	present_3s	drivers	screws drivers	0.302	0.0			4.6247222328466515			21					he	screw	screws	driver	driver	two	0	0	0	1										0.302	0.0	plurality_violation	present_3s	plurality_violation	omitted	object_number	drivers	driver	816	850	"{""driver"": 850, ""screw"": 816}"
GRAM_0276	Grammaticality	plurality_violation	0	train	plus	human_reviewed_selected			USF+ds003604-template-abstraction	USF:Cue_Target_Pairs.S:5100			Every day he sounds one noises			"[""ɛ"", ""v"", ""ɹ"", ""i"", ""d"", ""eɪ"", ""h"", ""iː"", ""s"", ""aʊ"", ""n"", ""d"", ""z"", ""w"", ""ʌ"", ""n"", ""n"", ""ɔɪ"", ""z"", ""ɪ"", ""z""]"	present_3s	noise	sounds noise	0.362	0.147			4.849565584656149			21					he	sound	sounds	noise	noises	one	0	0	0	1										0.362	0.147	plurality_violation	present_3s	plurality_violation	added	object_number	noise	noises	1757	2351	"{""noise"": 2351, ""sound"": 1757}"
GRAM_0277	Grammaticality	plurality_violation	0	train	plus	human_reviewed_selected			USF+ds003604-template-abstraction	USF:Cue_Target_Pairs.S:5100			Every day he sounds two noise			"[""ɛ"", ""v"", ""ɹ"", ""i"", ""d"", ""eɪ"", ""h"", ""iː"", ""s"", ""aʊ"", ""n"", ""d"", ""z"", ""t"", ""uː"", ""n"", ""ɔɪ"", ""z""]"	present_3s	noises	sounds noises	0.362	0.147			4.849565584656149			18					he	sound	sounds	noise	noise	two	0	0	0	1										0.362	0.147	plurality_violation	present_3s	plurality_violation	omitted	object_number	noises	noise	1757	2351	"{""noise"": 2351, ""sound"": 1757}"
GRAM_0278	Grammaticality	plurality_violation	0	train	plus	human_reviewed_selected			USF+ds003604-template-abstraction	USF:Cue_Target_Pairs.T-Z:81			Every day he tackles six football			"[""ɛ"", ""v"", ""ɹ"", ""i"", ""d"", ""eɪ"", ""h"", ""iː"", ""t"", ""æ"", ""k"", ""ə"", ""l"", ""z"", ""s"", ""ɪ"", ""k"", ""s"", ""f"", ""ʊ"", ""t"", ""b"", ""ɔ"", ""l""]"	present_3s	footballs	tackles footballs	0.361	0.014			4.103622848042535			24					he	tackle	tackles	football	football	six	0	0	0	1										0.361	0.014	plurality_violation	present_3s	plurality_violation	omitted	object_number	footballs	football	28	1185	"{""football"": 1185, ""tackle"": 28}"
GRAM_0279	Grammaticality	plurality_violation	0	train	plus	human_reviewed_selected			USF+ds003604-template-abstraction	USF:Cue_Target_Pairs.T-Z:81			Every day he tackles two football			"[""ɛ"", ""v"", ""ɹ"", ""i"", ""d"", ""eɪ"", ""h"", ""iː"", ""t"", ""æ"", ""k"", ""ə"", ""l"", ""z"", ""t"", ""uː"", ""f"", ""ʊ"", ""t"", ""b"", ""ɔ"", ""l""]"	present_3s	footballs	tackles footballs	0.361	0.014			4.103622848042535			22					he	tackle	tackles	football	football	two	0	0	0	1										0.361	0.014	plurality_violation	present_3s	plurality_violation	omitted	object_number	footballs	football	28	1185	"{""football"": 1185, ""tackle"": 28}"
GRAM_0280	Grammaticality	plurality_violation	0	train	plus	human_reviewed_selected			USF+ds003604-template-abstraction	USF:Cue_Target_Pairs.A-B:7745			Every day she brushes two hair			"[""ɛ"", ""v"", ""ɹ"", ""i"", ""d"", ""eɪ"", ""ʃ"", ""iː"", ""b"", ""ɹ"", ""ʌ"", ""ʃ"", ""ɪ"", ""z"", ""t"", ""uː"", ""h"", ""ɛ"", ""ɹ""]"	present_3s	hairs	brushes hairs	0.44	0.207			4.6686070346706146			19					she	brush	brushes	hair	hair	two	0	0	0	1										0.44	0.207	plurality_violation	present_3s	plurality_violation	omitted	object_number	hairs	hair	1955	5390	"{""brush"": 1955, ""hair"": 5390}"
GRAM_0281	Grammaticality	plurality_violation	0	train	plus	human_reviewed_selected			USF+ds003604-template-abstraction	USF:Cue_Target_Pairs.D-F:4061			Every day she dumps one garbage			"[""ɛ"", ""v"", ""ɹ"", ""i"", ""d"", ""eɪ"", ""ʃ"", ""iː"", ""d"", ""ʌ"", ""m"", ""p"", ""s"", ""w"", ""ʌ"", ""n"", ""ɡ"", ""ɑ"", ""ɹ"", ""b"", ""ɪ"", ""d̠ʒ""]"	present_3s	garbage	dumps garbage	0.326	0.0			4.43817751901349			22					she	dump	dumps	garbage	garbage	one	0	0	0	1										0.326	0.0	plurality_violation	present_3s	plurality_violation	added	object_number	garbage	garbage	987	651	"{""dump"": 987, ""garbage"": 651}"
GRAM_0282	Grammaticality	plurality_violation	0	train	plus	human_reviewed_selected			USF+ds003604-template-abstraction	USF:Cue_Target_Pairs.S:120			Every day she sails two boat			"[""ɛ"", ""v"", ""ɹ"", ""i"", ""d"", ""eɪ"", ""ʃ"", ""iː"", ""s"", ""eɪ"", ""l"", ""z"", ""t"", ""uː"", ""b"", ""oʊ"", ""t""]"	present_3s	boats	sails boats	0.589	0.134			4.5597211169127885			17					she	sail	sails	boat	boat	two	0	0	0	1										0.589	0.134	plurality_violation	present_3s	plurality_violation	omitted	object_number	boats	boat	164	1945	"{""boat"": 1945, ""sail"": 164}"
GRAM_0283	Grammaticality	plurality_violation	0	train	plus	human_reviewed_selected			USF+ds003604-template-abstraction	USF:Cue_Target_Pairs.S:1140			Every day she screws two driver			"[""ɛ"", ""v"", ""ɹ"", ""i"", ""d"", ""eɪ"", ""ʃ"", ""iː"", ""s"", ""k"", ""ɹ"", ""uː"", ""z"", ""t"", ""uː"", ""d"", ""ɹ"", ""aɪ"", ""v"", ""ə"", ""ɹ""]"	present_3s	drivers	screws drivers	0.302	0.0			4.6247222328466515			21					she	screw	screws	driver	driver	two	0	0	0	1										0.302	0.0	plurality_violation	present_3s	plurality_violation	omitted	object_number	drivers	driver	816	850	"{""driver"": 850, ""screw"": 816}"
GRAM_0284	Grammaticality	plurality_violation	0	train	plus	human_reviewed_selected			USF+ds003604-template-abstraction	USF:Cue_Target_Pairs.T-Z:81			Every day she tackles two football			"[""ɛ"", ""v"", ""ɹ"", ""i"", ""d"", ""eɪ"", ""ʃ"", ""iː"", ""t"", ""æ"", ""k"", ""ə"", ""l"", ""z"", ""t"", ""uː"", ""f"", ""ʊ"", ""t"", ""b"", ""ɔ"", ""l""]"	present_3s	footballs	tackles footballs	0.361	0.014			4.103622848042535			22					she	tackle	tackles	football	football	two	0	0	0	1										0.361	0.014	plurality_violation	present_3s	plurality_violation	omitted	object_number	footballs	football	28	1185	"{""football"": 1185, ""tackle"": 28}"
GRAM_0285	Grammaticality	plurality_violation	0	train	plus	human_reviewed_selected			USF+ds003604-template-abstraction	USF:Cue_Target_Pairs.A-B:7745			Every day they brush two hair			"[""ɛ"", ""v"", ""ɹ"", ""i"", ""d"", ""eɪ"", ""ð"", ""eɪ"", ""b"", ""ɹ"", ""ʌ"", ""ʃ"", ""t"", ""uː"", ""h"", ""ɛ"", ""ɹ""]"	present_3s	hairs	brush hairs	0.44	0.207			4.6686070346706146			17					they	brush	brush	hair	hair	two	0	0	0	1										0.44	0.207	plurality_violation	present_3s	plurality_violation	omitted	object_number	hairs	hair	1955	5390	"{""brush"": 1955, ""hair"": 5390}"
GRAM_0286	Grammaticality	plurality_violation	0	train	plus	human_reviewed_selected			USF+ds003604-template-abstraction	USF:Cue_Target_Pairs.D-F:4061			Every day they dump six garbage			"[""ɛ"", ""v"", ""ɹ"", ""i"", ""d"", ""eɪ"", ""ð"", ""eɪ"", ""d"", ""ʌ"", ""m"", ""p"", ""s"", ""ɪ"", ""k"", ""s"", ""ɡ"", ""ɑ"", ""ɹ"", ""b"", ""ɪ"", ""d̠ʒ""]"	present_3s	garbage	dump garbage	0.326	0.0			4.43817751901349			22					they	dump	dump	garbage	garbage	six	0	0	0	1										0.326	0.0	plurality_violation	present_3s	plurality_violation	omitted	object_number	garbage	garbage	987	651	"{""dump"": 987, ""garbage"": 651}"
GRAM_0287	Grammaticality	plurality_violation	0	train	plus	human_reviewed_selected			USF+ds003604-template-abstraction	USF:Cue_Target_Pairs.D-F:4061			Every day they dump two garbage			"[""ɛ"", ""v"", ""ɹ"", ""i"", ""d"", ""eɪ"", ""ð"", ""eɪ"", ""d"", ""ʌ"", ""m"", ""p"", ""t"", ""uː"", ""ɡ"", ""ɑ"", ""ɹ"", ""b"", ""ɪ"", ""d̠ʒ""]"	present_3s	garbage	dump garbage	0.326	0.0			4.43817751901349			20					they	dump	dump	garbage	garbage	two	0	0	0	1										0.326	0.0	plurality_violation	present_3s	plurality_violation	omitted	object_number	garbage	garbage	987	651	"{""dump"": 987, ""garbage"": 651}"
GRAM_0288	Grammaticality	plurality_violation	0	train	plus	human_reviewed_selected			USF+ds003604-template-abstraction	USF:Cue_Target_Pairs.D-F:5486			Every day they envy two jealousy			"[""ɛ"", ""v"", ""ɹ"", ""i"", ""d"", ""eɪ"", ""ð"", ""eɪ"", ""ɛ"", ""n"", ""v"", ""i"", ""t"", ""uː"", ""d̠ʒ"", ""ɛ"", ""l"", ""ə"", ""s"", ""i""]"	present_3s	jealousies	envy jealousies	0.513	0.187			3.8696281146864355			20					they	envy	envy	jealousy	jealousy	two	0	0	0	1	unseen_phase1:jealousy									0.513	0.187	plurality_violation	present_3s	plurality_violation	omitted	object_number	jealousies	jealousy	3	0	"{""envy"": 3, ""jealousy"": 0}"
GRAM_0289	Grammaticality	plurality_violation	0	train	plus	human_reviewed_selected			USF+ds003604-template-abstraction	USF:Cue_Target_Pairs.S:120			Every day they sail two boat			"[""ɛ"", ""v"", ""ɹ"", ""i"", ""d"", ""eɪ"", ""ð"", ""eɪ"", ""s"", ""eɪ"", ""l"", ""t"", ""uː"", ""b"", ""oʊ"", ""t""]"	present_3s	boats	sail boats	0.589	0.134			4.5597211169127885			16					they	sail	sail	boat	boat	two	0	0	0	1										0.589	0.134	plurality_violation	present_3s	plurality_violation	omitted	object_number	boats	boat	164	1945	"{""boat"": 1945, ""sail"": 164}"
GRAM_0290	Grammaticality	plurality_violation	0	train	plus	human_reviewed_selected			USF+ds003604-template-abstraction	USF:Cue_Target_Pairs.S:1140			Every day they screw two driver			"[""ɛ"", ""v"", ""ɹ"", ""i"", ""d"", ""eɪ"", ""ð"", ""eɪ"", ""s"", ""k"", ""ɹ"", ""uː"", ""t"", ""uː"", ""d"", ""ɹ"", ""aɪ"", ""v"", ""ə"", ""ɹ""]"	present_3s	drivers	screw drivers	0.302	0.0			4.6247222328466515			20					they	screw	screw	driver	driver	two	0	0	0	1										0.302	0.0	plurality_violation	present_3s	plurality_violation	omitted	object_number	drivers	driver	816	850	"{""driver"": 850, ""screw"": 816}"
GRAM_0291	Grammaticality	plurality_violation	0	train	plus	human_reviewed_selected			USF+ds003604-template-abstraction	USF:Cue_Target_Pairs.T-Z:81			Every day they tackle one footballs			"[""ɛ"", ""v"", ""ɹ"", ""i"", ""d"", ""eɪ"", ""ð"", ""eɪ"", ""t"", ""æ"", ""k"", ""ə"", ""l"", ""w"", ""ʌ"", ""n"", ""f"", ""ʊ"", ""t"", ""b"", ""ɔ"", ""l"", ""z""]"	present_3s	football	tackle football	0.361	0.014			4.103622848042535			23					they	tackle	tackle	football	footballs	one	0	0	0	1										0.361	0.014	plurality_violation	present_3s	plurality_violation	added	object_number	football	footballs	28	1185	"{""football"": 1185, ""tackle"": 28}"
GRAM_0292	Grammaticality	plurality_violation	0	train	plus	human_reviewed_selected			USF+ds003604-template-abstraction	USF:Cue_Target_Pairs.T-Z:81			Every day they tackle two football			"[""ɛ"", ""v"", ""ɹ"", ""i"", ""d"", ""eɪ"", ""ð"", ""eɪ"", ""t"", ""æ"", ""k"", ""ə"", ""l"", ""t"", ""uː"", ""f"", ""ʊ"", ""t"", ""b"", ""ɔ"", ""l""]"	present_3s	footballs	tackle footballs	0.361	0.014			4.103622848042535			21					they	tackle	tackle	football	football	two	0	0	0	1										0.361	0.014	plurality_violation	present_3s	plurality_violation	omitted	object_number	footballs	football	28	1185	"{""football"": 1185, ""tackle"": 28}"
GRAM_0293	Grammaticality	plurality_violation	0	train	plus	human_reviewed_selected			USF+ds003604-template-abstraction	USF:Cue_Target_Pairs.A-B:7745			He does not brush two hair			"[""h"", ""iː"", ""d"", ""ʌ"", ""z"", ""n"", ""ɑ"", ""t"", ""b"", ""ɹ"", ""ʌ"", ""ʃ"", ""t"", ""uː"", ""h"", ""ɛ"", ""ɹ""]"	do_negation	hairs	does not brush hairs	0.44	0.207			4.6686070346706146			17					he	brush	brush	hair	hair	two	1	0	0	1										0.44	0.207	plurality_violation	do_negation	plurality_violation	omitted	object_number	hairs	hair	1955	5390	"{""brush"": 1955, ""hair"": 5390}"
GRAM_0294	Grammaticality	plurality_violation	0	train	plus	human_reviewed_selected			USF+ds003604-template-abstraction	USF:Cue_Target_Pairs.D-F:4061			He does not dump two garbage			"[""h"", ""iː"", ""d"", ""ʌ"", ""z"", ""n"", ""ɑ"", ""t"", ""d"", ""ʌ"", ""m"", ""p"", ""t"", ""uː"", ""ɡ"", ""ɑ"", ""ɹ"", ""b"", ""ɪ"", ""d̠ʒ""]"	do_negation	garbage	does not dump garbage	0.326	0.0			4.43817751901349			20					he	dump	dump	garbage	garbage	two	1	0	0	1										0.326	0.0	plurality_violation	do_negation	plurality_violation	omitted	object_number	garbage	garbage	987	651	"{""dump"": 987, ""garbage"": 651}"
GRAM_0295	Grammaticality	plurality_violation	0	train	plus	human_reviewed_selected			USF+ds003604-template-abstraction	USF:Cue_Target_Pairs.S:1140			He does not screw four driver			"[""h"", ""iː"", ""d"", ""ʌ"", ""z"", ""n"", ""ɑ"", ""t"", ""s"", ""k"", ""ɹ"", ""uː"", ""f"", ""ɔ"", ""ɹ"", ""d"", ""ɹ"", ""aɪ"", ""v"", ""ə"", ""ɹ""]"	do_negation	drivers	does not screw drivers	0.302	0.0			4.6247222328466515			21					he	screw	screw	driver	driver	four	1	0	0	1										0.302	0.0	plurality_violation	do_negation	plurality_violation	omitted	object_number	drivers	driver	816	850	"{""driver"": 850, ""screw"": 816}"
GRAM_0296	Grammaticality	plurality_violation	0	train	plus	human_reviewed_selected			USF+ds003604-template-abstraction	USF:Cue_Target_Pairs.S:1140			He does not screw one drivers			"[""h"", ""iː"", ""d"", ""ʌ"", ""z"", ""n"", ""ɑ"", ""t"", ""s"", ""k"", ""ɹ"", ""uː"", ""w"", ""ʌ"", ""n"", ""d"", ""ɹ"", ""aɪ"", ""v"", ""ə"", ""ɹ"", ""z""]"	do_negation	driver	does not screw driver	0.302	0.0			4.6247222328466515			22					he	screw	screw	driver	drivers	one	1	0	0	1										0.302	0.0	plurality_violation	do_negation	plurality_violation	added	object_number	driver	drivers	816	850	"{""driver"": 850, ""screw"": 816}"
GRAM_0297	Grammaticality	plurality_violation	0	train	plus	human_reviewed_selected			USF+ds003604-template-abstraction	USF:Cue_Target_Pairs.S:1140			He does not screw two driver			"[""h"", ""iː"", ""d"", ""ʌ"", ""z"", ""n"", ""ɑ"", ""t"", ""s"", ""k"", ""ɹ"", ""uː"", ""t"", ""uː"", ""d"", ""ɹ"", ""aɪ"", ""v"", ""ə"", ""ɹ""]"	do_negation	drivers	does not screw drivers	0.302	0.0			4.6247222328466515			20					he	screw	screw	driver	driver	two	1	0	0	1										0.302	0.0	plurality_violation	do_negation	plurality_violation	omitted	object_number	drivers	driver	816	850	"{""driver"": 850, ""screw"": 816}"
GRAM_0298	Grammaticality	plurality_violation	0	train	plus	human_reviewed_selected			USF+ds003604-template-abstraction	USF:Cue_Target_Pairs.S:5100			He does not sound two noise			"[""h"", ""iː"", ""d"", ""ʌ"", ""z"", ""n"", ""ɑ"", ""t"", ""s"", ""aʊ"", ""n"", ""d"", ""t"", ""uː"", ""n"", ""ɔɪ"", ""z""]"	do_negation	noises	does not sound noises	0.362	0.147			4.849565584656149			17					he	sound	sound	noise	noise	two	1	0	0	1										0.362	0.147	plurality_violation	do_negation	plurality_violation	omitted	object_number	noises	noise	1757	2351	"{""noise"": 2351, ""sound"": 1757}"
GRAM_0299	Grammaticality	plurality_violation	0	train	plus	human_reviewed_selected			USF+ds003604-template-abstraction	USF:Cue_Target_Pairs.T-Z:81			He does not tackle one footballs			"[""h"", ""iː"", ""d"", ""ʌ"", ""z"", ""n"", ""ɑ"", ""t"", ""t"", ""æ"", ""k"", ""ə"", ""l"", ""w"", ""ʌ"", ""n"", ""f"", ""ʊ"", ""t"", ""b"", ""ɔ"", ""l"", ""z""]"	do_negation	football	does not tackle football	0.361	0.014			4.103622848042535			23					he	tackle	tackle	football	footballs	one	1	0	0	1										0.361	0.014	plurality_violation	do_negation	plurality_violation	added	object_number	football	footballs	28	1185	"{""football"": 1185, ""tackle"": 28}"
GRAM_0300	Grammaticality	plurality_violation	0	train	plus	human_reviewed_selected			USF+ds003604-template-abstraction	USF:Cue_Target_Pairs.D-F:5486			He is envying four jealousy			"[""h"", ""iː"", ""ɪ"", ""z"", ""ɛ"", ""n"", ""v"", ""i"", ""ɪ"", ""ŋ"", ""f"", ""ɔ"", ""ɹ"", ""d̠ʒ"", ""ɛ"", ""l"", ""ə"", ""s"", ""i""]"	be_progressive	jealousies	is envying jealousies	0.513	0.187			3.8696281146864355			19					he	envy	envying	jealousy	jealousy	four	0	0	0	1	unseen_phase1:jealousy									0.513	0.187	plurality_violation	be_progressive	plurality_violation	omitted	object_number	jealousies	jealousy	3	0	"{""envy"": 3, ""jealousy"": 0}"
GRAM_0301	Grammaticality	plurality_violation	0	train	plus	human_reviewed_selected			USF+ds003604-template-abstraction	USF:Cue_Target_Pairs.D-F:5486			He is envying two jealousy			"[""h"", ""iː"", ""ɪ"", ""z"", ""ɛ"", ""n"", ""v"", ""i"", ""ɪ"", ""ŋ"", ""t"", ""uː"", ""d̠ʒ"", ""ɛ"", ""l"", ""ə"", ""s"", ""i""]"	be_progressive	jealousies	is envying jealousies	0.513	0.187			3.8696281146864355			18					he	envy	envying	jealousy	jealousy	two	0	0	0	1	unseen_phase1:jealousy									0.513	0.187	plurality_violation	be_progressive	plurality_violation	omitted	object_number	jealousies	jealousy	3	0	"{""envy"": 3, ""jealousy"": 0}"
GRAM_0302	Grammaticality	plurality_violation	0	train	plus	human_reviewed_selected			USF+ds003604-template-abstraction	USF:Cue_Target_Pairs.S:120			He is sailing two boat			"[""h"", ""iː"", ""ɪ"", ""z"", ""s"", ""eɪ"", ""l"", ""ɪ"", ""ŋ"", ""t"", ""uː"", ""b"", ""oʊ"", ""t""]"	be_progressive	boats	is sailing boats	0.589	0.134			4.5597211169127885			14					he	sail	sailing	boat	boat	two	0	0	0	1										0.589	0.134	plurality_violation	be_progressive	plurality_violation	omitted	object_number	boats	boat	164	1945	"{""boat"": 1945, ""sail"": 164}"
GRAM_0303	Grammaticality	plurality_violation	0	train	plus	human_reviewed_selected			USF+ds003604-template-abstraction	USF:Cue_Target_Pairs.S:1140			He is screwing two driver			"[""h"", ""iː"", ""ɪ"", ""z"", ""s"", ""k"", ""ɹ"", ""uː"", ""ɪ"", ""ŋ"", ""t"", ""uː"", ""d"", ""ɹ"", ""aɪ"", ""v"", ""ə"", ""ɹ""]"	be_progressive	drivers	is screwing drivers	0.302	0.0			4.6247222328466515			18					he	screw	screwing	driver	driver	two	0	0	0	1										0.302	0.0	plurality_violation	be_progressive	plurality_violation	omitted	object_number	drivers	driver	816	850	"{""driver"": 850, ""screw"": 816}"
GRAM_0304	Grammaticality	plurality_violation	0	train	plus	human_reviewed_selected			USF+ds003604-template-abstraction	USF:Cue_Target_Pairs.T-Z:81			He is tackling one footballs			"[""h"", ""iː"", ""ɪ"", ""z"", ""t"", ""æ"", ""k"", ""l"", ""ɪ"", ""ŋ"", ""w"", ""ʌ"", ""n"", ""f"", ""ʊ"", ""t"", ""b"", ""ɔ"", ""l"", ""z""]"	be_progressive	football	is tackling football	0.361	0.014			4.103622848042535			20					he	tackle	tackling	football	footballs	one	0	0	0	1										0.361	0.014	plurality_violation	be_progressive	plurality_violation	added	object_number	football	footballs	28	1185	"{""football"": 1185, ""tackle"": 28}"
GRAM_0305	Grammaticality	plurality_violation	0	train	plus	human_reviewed_selected			USF+ds003604-template-abstraction	USF:Cue_Target_Pairs.A-B:7745			Last week he brushed two hair			"[""l"", ""æ"", ""s"", ""t"", ""w"", ""iː"", ""k"", ""h"", ""iː"", ""b"", ""ɹ"", ""ʌ"", ""ʃ"", ""t"", ""t"", ""uː"", ""h"", ""ɛ"", ""ɹ""]"	simple_past	hairs	brushed hairs	0.44	0.207			4.6686070346706146			19					he	brush	brushed	hair	hair	two	0	0	0	1										0.44	0.207	plurality_violation	simple_past	plurality_violation	omitted	object_number	hairs	hair	1955	5390	"{""brush"": 1955, ""hair"": 5390}"
GRAM_0306	Grammaticality	plurality_violation	0	train	plus	human_reviewed_selected			USF+ds003604-template-abstraction	USF:Cue_Target_Pairs.D-F:4061			Last week he dumped two garbage			"[""l"", ""æ"", ""s"", ""t"", ""w"", ""iː"", ""k"", ""h"", ""iː"", ""d"", ""ʌ"", ""m"", ""p"", ""t"", ""t"", ""uː"", ""ɡ"", ""ɑ"", ""ɹ"", ""b"", ""ɪ"", ""d̠ʒ""]"	simple_past	garbage	dumped garbage	0.326	0.0			4.43817751901349			22					he	dump	dumped	garbage	garbage	two	0	0	0	1										0.326	0.0	plurality_violation	simple_past	plurality_violation	omitted	object_number	garbage	garbage	987	651	"{""dump"": 987, ""garbage"": 651}"
GRAM_0307	Grammaticality	plurality_violation	0	train	plus	human_reviewed_selected			USF+ds003604-template-abstraction	USF:Cue_Target_Pairs.D-F:5486			Last week he envied two jealousy			"[""l"", ""æ"", ""s"", ""t"", ""w"", ""iː"", ""k"", ""h"", ""iː"", ""ɛ"", ""n"", ""v"", ""i"", ""d"", ""t"", ""uː"", ""d̠ʒ"", ""ɛ"", ""l"", ""ə"", ""s"", ""i""]"	simple_past	jealousies	envied jealousies	0.513	0.187			3.8696281146864355			22					he	envy	envied	jealousy	jealousy	two	0	0	0	1	unseen_phase1:jealousy									0.513	0.187	plurality_violation	simple_past	plurality_violation	omitted	object_number	jealousies	jealousy	3	0	"{""envy"": 3, ""jealousy"": 0}"
GRAM_0308	Grammaticality	plurality_violation	0	train	plus	human_reviewed_selected			USF+ds003604-template-abstraction	USF:Cue_Target_Pairs.S:120			Last week he sailed one boats			"[""l"", ""æ"", ""s"", ""t"", ""w"", ""iː"", ""k"", ""h"", ""iː"", ""s"", ""eɪ"", ""l"", ""d"", ""w"", ""ʌ"", ""n"", ""b"", ""oʊ"", ""t"", ""s""]"	simple_past	boat	sailed boat	0.589	0.134			4.5597211169127885			20					he	sail	sailed	boat	boats	one	0	0	0	1										0.589	0.134	plurality_violation	simple_past	plurality_violation	added	object_number	boat	boats	164	1945	"{""boat"": 1945, ""sail"": 164}"
GRAM_0309	Grammaticality	plurality_violation	0	train	plus	human_reviewed_selected			USF+ds003604-template-abstraction	USF:Cue_Target_Pairs.S:120			Last week he sailed two boat			"[""l"", ""æ"", ""s"", ""t"", ""w"", ""iː"", ""k"", ""h"", ""iː"", ""s"", ""eɪ"", ""l"", ""d"", ""t"", ""uː"", ""b"", ""oʊ"", ""t""]"	simple_past	boats	sailed boats	0.589	0.134			4.5597211169127885			18					he	sail	sailed	boat	boat	two	0	0	0	1										0.589	0.134	plurality_violation	simple_past	plurality_violation	omitted	object_number	boats	boat	164	1945	"{""boat"": 1945, ""sail"": 164}"
GRAM_0310	Grammaticality	plurality_violation	0	train	plus	human_reviewed_selected			USF+ds003604-template-abstraction	USF:Cue_Target_Pairs.S:1140			Last week he screwed three driver			"[""l"", ""æ"", ""s"", ""t"", ""w"", ""iː"", ""k"", ""h"", ""iː"", ""s"", ""k"", ""ɹ"", ""uː"", ""d"", ""θ"", ""ɹ"", ""iː"", ""d"", ""ɹ"", ""aɪ"", ""v"", ""ə"", ""ɹ""]"	simple_past	drivers	screwed drivers	0.302	0.0			4.6247222328466515			23					he	screw	screwed	driver	driver	three	0	0	0	1										0.302	0.0	plurality_violation	simple_past	plurality_violation	omitted	object_number	drivers	driver	816	850	"{""driver"": 850, ""screw"": 816}"
GRAM_0311	Grammaticality	plurality_violation	0	train	plus	human_reviewed_selected			USF+ds003604-template-abstraction	USF:Cue_Target_Pairs.S:1140			Last week he screwed two driver			"[""l"", ""æ"", ""s"", ""t"", ""w"", ""iː"", ""k"", ""h"", ""iː"", ""s"", ""k"", ""ɹ"", ""uː"", ""d"", ""t"", ""uː"", ""d"", ""ɹ"", ""aɪ"", ""v"", ""ə"", ""ɹ""]"	simple_past	drivers	screwed drivers	0.302	0.0			4.6247222328466515			22					he	screw	screwed	driver	driver	two	0	0	0	1										0.302	0.0	plurality_violation	simple_past	plurality_violation	omitted	object_number	drivers	driver	816	850	"{""driver"": 850, ""screw"": 816}"
GRAM_0312	Grammaticality	plurality_violation	0	train	plus	human_reviewed_selected			USF+ds003604-template-abstraction	USF:Cue_Target_Pairs.S:5100			Last week he sounded two noise			"[""l"", ""æ"", ""s"", ""t"", ""w"", ""iː"", ""k"", ""h"", ""iː"", ""s"", ""aʊ"", ""n"", ""d"", ""ɪ"", ""d"", ""t"", ""uː"", ""n"", ""ɔɪ"", ""z""]"	simple_past	noises	sounded noises	0.362	0.147			4.849565584656149			20					he	sound	sounded	noise	noise	two	0	0	0	1										0.362	0.147	plurality_violation	simple_past	plurality_violation	omitted	object_number	noises	noise	1757	2351	"{""noise"": 2351, ""sound"": 1757}"
GRAM_0313	Grammaticality	plurality_violation	0	train	plus	human_reviewed_selected			USF+ds003604-template-abstraction	USF:Cue_Target_Pairs.T-Z:81			Last week he tackled four football			"[""l"", ""æ"", ""s"", ""t"", ""w"", ""iː"", ""k"", ""h"", ""iː"", ""t"", ""æ"", ""k"", ""ə"", ""l"", ""d"", ""f"", ""ɔ"", ""ɹ"", ""f"", ""ʊ"", ""t"", ""b"", ""ɔ"", ""l""]"	simple_past	footballs	tackled footballs	0.361	0.014			4.103622848042535			24					he	tackle	tackled	football	football	four	0	0	0	1										0.361	0.014	plurality_violation	simple_past	plurality_violation	omitted	object_number	footballs	football	28	1185	"{""football"": 1185, ""tackle"": 28}"
GRAM_0314	Grammaticality	plurality_violation	0	train	plus	human_reviewed_selected			USF+ds003604-template-abstraction	USF:Cue_Target_Pairs.T-Z:81			Last week he tackled two football			"[""l"", ""æ"", ""s"", ""t"", ""w"", ""iː"", ""k"", ""h"", ""iː"", ""t"", ""æ"", ""k"", ""ə"", ""l"", ""d"", ""t"", ""uː"", ""f"", ""ʊ"", ""t"", ""b"", ""ɔ"", ""l""]"	simple_past	footballs	tackled footballs	0.361	0.014			4.103622848042535			23					he	tackle	tackled	football	football	two	0	0	0	1										0.361	0.014	plurality_violation	simple_past	plurality_violation	omitted	object_number	footballs	football	28	1185	"{""football"": 1185, ""tackle"": 28}"
GRAM_0315	Grammaticality	plurality_violation	0	train	plus	human_reviewed_selected			USF+ds003604-template-abstraction	USF:Cue_Target_Pairs.D-F:4061			Last week she dumped six garbage			"[""l"", ""æ"", ""s"", ""t"", ""w"", ""iː"", ""k"", ""ʃ"", ""iː"", ""d"", ""ʌ"", ""m"", ""p"", ""t"", ""s"", ""ɪ"", ""k"", ""s"", ""ɡ"", ""ɑ"", ""ɹ"", ""b"", ""ɪ"", ""d̠ʒ""]"	simple_past	garbage	dumped garbage	0.326	0.0			4.43817751901349			24					she	dump	dumped	garbage	garbage	six	0	0	0	1										0.326	0.0	plurality_violation	simple_past	plurality_violation	omitted	object_number	garbage	garbage	987	651	"{""dump"": 987, ""garbage"": 651}"
GRAM_0316	Grammaticality	plurality_violation	0	train	plus	human_reviewed_selected			USF+ds003604-template-abstraction	USF:Cue_Target_Pairs.D-F:4061			Last week she dumped two garbage			"[""l"", ""æ"", ""s"", ""t"", ""w"", ""iː"", ""k"", ""ʃ"", ""iː"", ""d"", ""ʌ"", ""m"", ""p"", ""t"", ""t"", ""uː"", ""ɡ"", ""ɑ"", ""ɹ"", ""b"", ""ɪ"", ""d̠ʒ""]"	simple_past	garbage	dumped garbage	0.326	0.0			4.43817751901349			22					she	dump	dumped	garbage	garbage	two	0	0	0	1										0.326	0.0	plurality_violation	simple_past	plurality_violation	omitted	object_number	garbage	garbage	987	651	"{""dump"": 987, ""garbage"": 651}"
GRAM_0317	Grammaticality	plurality_violation	0	train	plus	human_reviewed_selected			USF+ds003604-template-abstraction	USF:Cue_Target_Pairs.S:120			Last week she sailed two boat			"[""l"", ""æ"", ""s"", ""t"", ""w"", ""iː"", ""k"", ""ʃ"", ""iː"", ""s"", ""eɪ"", ""l"", ""d"", ""t"", ""uː"", ""b"", ""oʊ"", ""t""]"	simple_past	boats	sailed boats	0.589	0.134			4.5597211169127885			18					she	sail	sailed	boat	boat	two	0	0	0	1										0.589	0.134	plurality_violation	simple_past	plurality_violation	omitted	object_number	boats	boat	164	1945	"{""boat"": 1945, ""sail"": 164}"
GRAM_0318	Grammaticality	plurality_violation	0	train	plus	human_reviewed_selected			USF+ds003604-template-abstraction	USF:Cue_Target_Pairs.S:1140			Last week she screwed six driver			"[""l"", ""æ"", ""s"", ""t"", ""w"", ""iː"", ""k"", ""ʃ"", ""iː"", ""s"", ""k"", ""ɹ"", ""uː"", ""d"", ""s"", ""ɪ"", ""k"", ""s"", ""d"", ""ɹ"", ""aɪ"", ""v"", ""ə"", ""ɹ""]"	simple_past	drivers	screwed drivers	0.302	0.0			4.6247222328466515			24					she	screw	screwed	driver	driver	six	0	0	0	1										0.302	0.0	plurality_violation	simple_past	plurality_violation	omitted	object_number	drivers	driver	816	850	"{""driver"": 850, ""screw"": 816}"
GRAM_0319	Grammaticality	plurality_violation	0	train	plus	human_reviewed_selected			USF+ds003604-template-abstraction	USF:Cue_Target_Pairs.S:1140			Last week she screwed two driver			"[""l"", ""æ"", ""s"", ""t"", ""w"", ""iː"", ""k"", ""ʃ"", ""iː"", ""s"", ""k"", ""ɹ"", ""uː"", ""d"", ""t"", ""uː"", ""d"", ""ɹ"", ""aɪ"", ""v"", ""ə"", ""ɹ""]"	simple_past	drivers	screwed drivers	0.302	0.0			4.6247222328466515			22					she	screw	screwed	driver	driver	two	0	0	0	1										0.302	0.0	plurality_violation	simple_past	plurality_violation	omitted	object_number	drivers	driver	816	850	"{""driver"": 850, ""screw"": 816}"
GRAM_0320	Grammaticality	plurality_violation	0	train	plus	human_reviewed_selected			USF+ds003604-template-abstraction	USF:Cue_Target_Pairs.A-B:7745			Last week they brushed one hairs			"[""l"", ""æ"", ""s"", ""t"", ""w"", ""iː"", ""k"", ""ð"", ""eɪ"", ""b"", ""ɹ"", ""ʌ"", ""ʃ"", ""t"", ""w"", ""ʌ"", ""n"", ""h"", ""ɛ"", ""ɹ"", ""z""]"	simple_past	hair	brushed hair	0.44	0.207			4.6686070346706146			21					they	brush	brushed	hair	hairs	one	0	0	0	1										0.44	0.207	plurality_violation	simple_past	plurality_violation	added	object_number	hair	hairs	1955	5390	"{""brush"": 1955, ""hair"": 5390}"
GRAM_0321	Grammaticality	plurality_violation	0	train	plus	human_reviewed_selected			USF+ds003604-template-abstraction	USF:Cue_Target_Pairs.A-B:7745			Last week they brushed two hair			"[""l"", ""æ"", ""s"", ""t"", ""w"", ""iː"", ""k"", ""ð"", ""eɪ"", ""b"", ""ɹ"", ""ʌ"", ""ʃ"", ""t"", ""t"", ""uː"", ""h"", ""ɛ"", ""ɹ""]"	simple_past	hairs	brushed hairs	0.44	0.207			4.6686070346706146			19					they	brush	brushed	hair	hair	two	0	0	0	1										0.44	0.207	plurality_violation	simple_past	plurality_violation	omitted	object_number	hairs	hair	1955	5390	"{""brush"": 1955, ""hair"": 5390}"
GRAM_0322	Grammaticality	plurality_violation	0	train	plus	human_reviewed_selected			USF+ds003604-template-abstraction	USF:Cue_Target_Pairs.D-F:4061			Last week they dumped five garbage			"[""l"", ""æ"", ""s"", ""t"", ""w"", ""iː"", ""k"", ""ð"", ""eɪ"", ""d"", ""ʌ"", ""m"", ""p"", ""t"", ""f"", ""aɪ"", ""v"", ""ɡ"", ""ɑ"", ""ɹ"", ""b"", ""ɪ"", ""d̠ʒ""]"	simple_past	garbage	dumped garbage	0.326	0.0			4.43817751901349			23					they	dump	dumped	garbage	garbage	five	0	0	0	1										0.326	0.0	plurality_violation	simple_past	plurality_violation	omitted	object_number	garbage	garbage	987	651	"{""dump"": 987, ""garbage"": 651}"
GRAM_0323	Grammaticality	plurality_violation	0	train	plus	human_reviewed_selected			USF+ds003604-template-abstraction	USF:Cue_Target_Pairs.D-F:4061			Last week they dumped two garbage			"[""l"", ""æ"", ""s"", ""t"", ""w"", ""iː"", ""k"", ""ð"", ""eɪ"", ""d"", ""ʌ"", ""m"", ""p"", ""t"", ""t"", ""uː"", ""ɡ"", ""ɑ"", ""ɹ"", ""b"", ""ɪ"", ""d̠ʒ""]"	simple_past	garbage	dumped garbage	0.326	0.0			4.43817751901349			22					they	dump	dumped	garbage	garbage	two	0	0	0	1										0.326	0.0	plurality_violation	simple_past	plurality_violation	omitted	object_number	garbage	garbage	987	651	"{""dump"": 987, ""garbage"": 651}"
GRAM_0324	Grammaticality	plurality_violation	0	train	plus	human_reviewed_selected			USF+ds003604-template-abstraction	USF:Cue_Target_Pairs.S:120			Last week they sailed two boat			"[""l"", ""æ"", ""s"", ""t"", ""w"", ""iː"", ""k"", ""ð"", ""eɪ"", ""s"", ""eɪ"", ""l"", ""d"", ""t"", ""uː"", ""b"", ""oʊ"", ""t""]"	simple_past	boats	sailed boats	0.589	0.134			4.5597211169127885			18					they	sail	sailed	boat	boat	two	0	0	0	1										0.589	0.134	plurality_violation	simple_past	plurality_violation	omitted	object_number	boats	boat	164	1945	"{""boat"": 1945, ""sail"": 164}"
GRAM_0325	Grammaticality	plurality_violation	0	train	plus	human_reviewed_selected			USF+ds003604-template-abstraction	USF:Cue_Target_Pairs.S:5100			Last week they sounded one noises			"[""l"", ""æ"", ""s"", ""t"", ""w"", ""iː"", ""k"", ""ð"", ""eɪ"", ""s"", ""aʊ"", ""n"", ""d"", ""ɪ"", ""d"", ""w"", ""ʌ"", ""n"", ""n"", ""ɔɪ"", ""z"", ""ɪ"", ""z""]"	simple_past	noise	sounded noise	0.362	0.147			4.849565584656149			23					they	sound	sounded	noise	noises	one	0	0	0	1										0.362	0.147	plurality_violation	simple_past	plurality_violation	added	object_number	noise	noises	1757	2351	"{""noise"": 2351, ""sound"": 1757}"
GRAM_0326	Grammaticality	plurality_violation	0	train	plus	human_reviewed_selected			USF+ds003604-template-abstraction	USF:Cue_Target_Pairs.S:5100			Last week they sounded two noise			"[""l"", ""æ"", ""s"", ""t"", ""w"", ""iː"", ""k"", ""ð"", ""eɪ"", ""s"", ""aʊ"", ""n"", ""d"", ""ɪ"", ""d"", ""t"", ""uː"", ""n"", ""ɔɪ"", ""z""]"	simple_past	noises	sounded noises	0.362	0.147			4.849565584656149			20					they	sound	sounded	noise	noise	two	0	0	0	1										0.362	0.147	plurality_violation	simple_past	plurality_violation	omitted	object_number	noises	noise	1757	2351	"{""noise"": 2351, ""sound"": 1757}"
GRAM_0327	Grammaticality	plurality_violation	0	train	plus	human_reviewed_selected			USF+ds003604-template-abstraction	USF:Cue_Target_Pairs.T-Z:81			Last week they tackled one footballs			"[""l"", ""æ"", ""s"", ""t"", ""w"", ""iː"", ""k"", ""ð"", ""eɪ"", ""t"", ""æ"", ""k"", ""ə"", ""l"", ""d"", ""w"", ""ʌ"", ""n"", ""f"", ""ʊ"", ""t"", ""b"", ""ɔ"", ""l"", ""z""]"	simple_past	football	tackled football	0.361	0.014			4.103622848042535			25					they	tackle	tackled	football	footballs	one	0	0	0	1										0.361	0.014	plurality_violation	simple_past	plurality_violation	added	object_number	football	footballs	28	1185	"{""football"": 1185, ""tackle"": 28}"
GRAM_0328	Grammaticality	plurality_violation	0	train	plus	human_reviewed_selected			USF+ds003604-template-abstraction	USF:Cue_Target_Pairs.T-Z:81			Last week they tackled two football			"[""l"", ""æ"", ""s"", ""t"", ""w"", ""iː"", ""k"", ""ð"", ""eɪ"", ""t"", ""æ"", ""k"", ""ə"", ""l"", ""d"", ""t"", ""uː"", ""f"", ""ʊ"", ""t"", ""b"", ""ɔ"", ""l""]"	simple_past	footballs	tackled footballs	0.361	0.014			4.103622848042535			23					they	tackle	tackled	football	football	two	0	0	0	1										0.361	0.014	plurality_violation	simple_past	plurality_violation	omitted	object_number	footballs	football	28	1185	"{""football"": 1185, ""tackle"": 28}"
GRAM_0329	Grammaticality	plurality_violation	0	train	plus	human_reviewed_selected			USF+ds003604-template-abstraction	USF:Cue_Target_Pairs.D-F:4061			She does not dump five garbage			"[""ʃ"", ""iː"", ""d"", ""ʌ"", ""z"", ""n"", ""ɑ"", ""t"", ""d"", ""ʌ"", ""m"", ""p"", ""f"", ""aɪ"", ""v"", ""ɡ"", ""ɑ"", ""ɹ"", ""b"", ""ɪ"", ""d̠ʒ""]"	do_negation	garbage	does not dump garbage	0.326	0.0			4.43817751901349			21					she	dump	dump	garbage	garbage	five	1	0	0	1										0.326	0.0	plurality_violation	do_negation	plurality_violation	omitted	object_number	garbage	garbage	987	651	"{""dump"": 987, ""garbage"": 651}"
GRAM_0330	Grammaticality	plurality_violation	0	train	plus	human_reviewed_selected			USF+ds003604-template-abstraction	USF:Cue_Target_Pairs.D-F:4061			She does not dump two garbage			"[""ʃ"", ""iː"", ""d"", ""ʌ"", ""z"", ""n"", ""ɑ"", ""t"", ""d"", ""ʌ"", ""m"", ""p"", ""t"", ""uː"", ""ɡ"", ""ɑ"", ""ɹ"", ""b"", ""ɪ"", ""d̠ʒ""]"	do_negation	garbage	does not dump garbage	0.326	0.0			4.43817751901349			20					she	dump	dump	garbage	garbage	two	1	0	0	1										0.326	0.0	plurality_violation	do_negation	plurality_violation	omitted	object_number	garbage	garbage	987	651	"{""dump"": 987, ""garbage"": 651}"
GRAM_0331	Grammaticality	plurality_violation	0	train	plus	human_reviewed_selected			USF+ds003604-template-abstraction	USF:Cue_Target_Pairs.D-F:5486			She does not envy two jealousy			"[""ʃ"", ""iː"", ""d"", ""ʌ"", ""z"", ""n"", ""ɑ"", ""t"", ""ɛ"", ""n"", ""v"", ""i"", ""t"", ""uː"", ""d̠ʒ"", ""ɛ"", ""l"", ""ə"", ""s"", ""i""]"	do_negation	jealousies	does not envy jealousies	0.513	0.187			3.8696281146864355			20					she	envy	envy	jealousy	jealousy	two	1	0	0	1	unseen_phase1:jealousy									0.513	0.187	plurality_violation	do_negation	plurality_violation	omitted	object_number	jealousies	jealousy	3	0	"{""envy"": 3, ""jealousy"": 0}"
GRAM_0332	Grammaticality	plurality_violation	0	train	plus	human_reviewed_selected			USF+ds003604-template-abstraction	USF:Cue_Target_Pairs.S:1140			She does not screw four driver			"[""ʃ"", ""iː"", ""d"", ""ʌ"", ""z"", ""n"", ""ɑ"", ""t"", ""s"", ""k"", ""ɹ"", ""uː"", ""f"", ""ɔ"", ""ɹ"", ""d"", ""ɹ"", ""aɪ"", ""v"", ""ə"", ""ɹ""]"	do_negation	drivers	does not screw drivers	0.302	0.0			4.6247222328466515			21					she	screw	screw	driver	driver	four	1	0	0	1										0.302	0.0	plurality_violation	do_negation	plurality_violation	omitted	object_number	drivers	driver	816	850	"{""driver"": 850, ""screw"": 816}"
GRAM_0333	Grammaticality	plurality_violation	0	train	plus	human_reviewed_selected			USF+ds003604-template-abstraction	USF:Cue_Target_Pairs.S:1140			She does not screw one drivers			"[""ʃ"", ""iː"", ""d"", ""ʌ"", ""z"", ""n"", ""ɑ"", ""t"", ""s"", ""k"", ""ɹ"", ""uː"", ""w"", ""ʌ"", ""n"", ""d"", ""ɹ"", ""aɪ"", ""v"", ""ə"", ""ɹ"", ""z""]"	do_negation	driver	does not screw driver	0.302	0.0			4.6247222328466515			22					she	screw	screw	driver	drivers	one	1	0	0	1										0.302	0.0	plurality_violation	do_negation	plurality_violation	added	object_number	driver	drivers	816	850	"{""driver"": 850, ""screw"": 816}"
GRAM_0334	Grammaticality	plurality_violation	0	train	plus	human_reviewed_selected			USF+ds003604-template-abstraction	USF:Cue_Target_Pairs.S:1140			She does not screw two driver			"[""ʃ"", ""iː"", ""d"", ""ʌ"", ""z"", ""n"", ""ɑ"", ""t"", ""s"", ""k"", ""ɹ"", ""uː"", ""t"", ""uː"", ""d"", ""ɹ"", ""aɪ"", ""v"", ""ə"", ""ɹ""]"	do_negation	drivers	does not screw drivers	0.302	0.0			4.6247222328466515			20					she	screw	screw	driver	driver	two	1	0	0	1										0.302	0.0	plurality_violation	do_negation	plurality_violation	omitted	object_number	drivers	driver	816	850	"{""driver"": 850, ""screw"": 816}"
GRAM_0335	Grammaticality	plurality_violation	0	train	plus	human_reviewed_selected			USF+ds003604-template-abstraction	USF:Cue_Target_Pairs.S:5100			She does not sound one noises			"[""ʃ"", ""iː"", ""d"", ""ʌ"", ""z"", ""n"", ""ɑ"", ""t"", ""s"", ""aʊ"", ""n"", ""d"", ""w"", ""ʌ"", ""n"", ""n"", ""ɔɪ"", ""z"", ""ɪ"", ""z""]"	do_negation	noise	does not sound noise	0.362	0.147			4.849565584656149			20					she	sound	sound	noise	noises	one	1	0	0	1										0.362	0.147	plurality_violation	do_negation	plurality_violation	added	object_number	noise	noises	1757	2351	"{""noise"": 2351, ""sound"": 1757}"
GRAM_0336	Grammaticality	plurality_violation	0	train	plus	human_reviewed_selected			USF+ds003604-template-abstraction	USF:Cue_Target_Pairs.S:5100			She does not sound two noise			"[""ʃ"", ""iː"", ""d"", ""ʌ"", ""z"", ""n"", ""ɑ"", ""t"", ""s"", ""aʊ"", ""n"", ""d"", ""t"", ""uː"", ""n"", ""ɔɪ"", ""z""]"	do_negation	noises	does not sound noises	0.362	0.147			4.849565584656149			17					she	sound	sound	noise	noise	two	1	0	0	1										0.362	0.147	plurality_violation	do_negation	plurality_violation	omitted	object_number	noises	noise	1757	2351	"{""noise"": 2351, ""sound"": 1757}"
GRAM_0337	Grammaticality	plurality_violation	0	train	plus	human_reviewed_selected			USF+ds003604-template-abstraction	USF:Cue_Target_Pairs.A-B:7745			She is brushing two hair			"[""ʃ"", ""iː"", ""ɪ"", ""z"", ""b"", ""ɹ"", ""ʌ"", ""ʃ"", ""ɪ"", ""ŋ"", ""t"", ""uː"", ""h"", ""ɛ"", ""ɹ""]"	be_progressive	hairs	is brushing hairs	0.44	0.207			4.6686070346706146			15					she	brush	brushing	hair	hair	two	0	0	0	1										0.44	0.207	plurality_violation	be_progressive	plurality_violation	omitted	object_number	hairs	hair	1955	5390	"{""brush"": 1955, ""hair"": 5390}"
GRAM_0338	Grammaticality	plurality_violation	0	train	plus	human_reviewed_selected			USF+ds003604-template-abstraction	USF:Cue_Target_Pairs.D-F:4061			She is dumping one garbage			"[""ʃ"", ""iː"", ""ɪ"", ""z"", ""d"", ""ʌ"", ""m"", ""p"", ""ɪ"", ""ŋ"", ""w"", ""ʌ"", ""n"", ""ɡ"", ""ɑ"", ""ɹ"", ""b"", ""ɪ"", ""d̠ʒ""]"	be_progressive	garbage	is dumping garbage	0.326	0.0			4.43817751901349			19					she	dump	dumping	garbage	garbage	one	0	0	0	1										0.326	0.0	plurality_violation	be_progressive	plurality_violation	added	object_number	garbage	garbage	987	651	"{""dump"": 987, ""garbage"": 651}"
GRAM_0339	Grammaticality	plurality_violation	0	train	plus	human_reviewed_selected			USF+ds003604-template-abstraction	USF:Cue_Target_Pairs.D-F:5486			She is envying two jealousy			"[""ʃ"", ""iː"", ""ɪ"", ""z"", ""ɛ"", ""n"", ""v"", ""i"", ""ɪ"", ""ŋ"", ""t"", ""uː"", ""d̠ʒ"", ""ɛ"", ""l"", ""ə"", ""s"", ""i""]"	be_progressive	jealousies	is envying jealousies	0.513	0.187			3.8696281146864355			18					she	envy	envying	jealousy	jealousy	two	0	0	0	1	unseen_phase1:jealousy									0.513	0.187	plurality_violation	be_progressive	plurality_violation	omitted	object_number	jealousies	jealousy	3	0	"{""envy"": 3, ""jealousy"": 0}"
GRAM_0340	Grammaticality	plurality_violation	0	train	plus	human_reviewed_selected			USF+ds003604-template-abstraction	USF:Cue_Target_Pairs.S:120			She is sailing two boat			"[""ʃ"", ""iː"", ""ɪ"", ""z"", ""s"", ""eɪ"", ""l"", ""ɪ"", ""ŋ"", ""t"", ""uː"", ""b"", ""oʊ"", ""t""]"	be_progressive	boats	is sailing boats	0.589	0.134			4.5597211169127885			14					she	sail	sailing	boat	boat	two	0	0	0	1										0.589	0.134	plurality_violation	be_progressive	plurality_violation	omitted	object_number	boats	boat	164	1945	"{""boat"": 1945, ""sail"": 164}"
GRAM_0341	Grammaticality	plurality_violation	0	train	plus	human_reviewed_selected			USF+ds003604-template-abstraction	USF:Cue_Target_Pairs.S:1140			She is screwing four driver			"[""ʃ"", ""iː"", ""ɪ"", ""z"", ""s"", ""k"", ""ɹ"", ""uː"", ""ɪ"", ""ŋ"", ""f"", ""ɔ"", ""ɹ"", ""d"", ""ɹ"", ""aɪ"", ""v"", ""ə"", ""ɹ""]"	be_progressive	drivers	is screwing drivers	0.302	0.0			4.6247222328466515			19					she	screw	screwing	driver	driver	four	0	0	0	1										0.302	0.0	plurality_violation	be_progressive	plurality_violation	omitted	object_number	drivers	driver	816	850	"{""driver"": 850, ""screw"": 816}"
GRAM_0342	Grammaticality	plurality_violation	0	train	plus	human_reviewed_selected			USF+ds003604-template-abstraction	USF:Cue_Target_Pairs.S:1140			She is screwing six driver			"[""ʃ"", ""iː"", ""ɪ"", ""z"", ""s"", ""k"", ""ɹ"", ""uː"", ""ɪ"", ""ŋ"", ""s"", ""ɪ"", ""k"", ""s"", ""d"", ""ɹ"", ""aɪ"", ""v"", ""ə"", ""ɹ""]"	be_progressive	drivers	is screwing drivers	0.302	0.0			4.6247222328466515			20					she	screw	screwing	driver	driver	six	0	0	0	1										0.302	0.0	plurality_violation	be_progressive	plurality_violation	omitted	object_number	drivers	driver	816	850	"{""driver"": 850, ""screw"": 816}"
GRAM_0343	Grammaticality	plurality_violation	0	train	plus	human_reviewed_selected			USF+ds003604-template-abstraction	USF:Cue_Target_Pairs.T-Z:81			She is tackling two football			"[""ʃ"", ""iː"", ""ɪ"", ""z"", ""t"", ""æ"", ""k"", ""l"", ""ɪ"", ""ŋ"", ""t"", ""uː"", ""f"", ""ʊ"", ""t"", ""b"", ""ɔ"", ""l""]"	be_progressive	footballs	is tackling footballs	0.361	0.014			4.103622848042535			18					she	tackle	tackling	football	football	two	0	0	0	1										0.361	0.014	plurality_violation	be_progressive	plurality_violation	omitted	object_number	footballs	football	28	1185	"{""football"": 1185, ""tackle"": 28}"
GRAM_0344	Grammaticality	plurality_violation	0	train	plus	human_reviewed_selected			USF+ds003604-template-abstraction	USF:Cue_Target_Pairs.A-B:7745			They are brushing two hair			"[""ð"", ""eɪ"", ""ɑ"", ""ɹ"", ""b"", ""ɹ"", ""ʌ"", ""ʃ"", ""ɪ"", ""ŋ"", ""t"", ""uː"", ""h"", ""ɛ"", ""ɹ""]"	be_progressive	hairs	are brushing hairs	0.44	0.207			4.6686070346706146			15					they	brush	brushing	hair	hair	two	0	0	0	1										0.44	0.207	plurality_violation	be_progressive	plurality_violation	omitted	object_number	hairs	hair	1955	5390	"{""brush"": 1955, ""hair"": 5390}"
GRAM_0345	Grammaticality	plurality_violation	0	train	plus	human_reviewed_selected			USF+ds003604-template-abstraction	USF:Cue_Target_Pairs.D-F:4061			They are dumping one garbage			"[""ð"", ""eɪ"", ""ɑ"", ""ɹ"", ""d"", ""ʌ"", ""m"", ""p"", ""ɪ"", ""ŋ"", ""w"", ""ʌ"", ""n"", ""ɡ"", ""ɑ"", ""ɹ"", ""b"", ""ɪ"", ""d̠ʒ""]"	be_progressive	garbage	are dumping garbage	0.326	0.0			4.43817751901349			19					they	dump	dumping	garbage	garbage	one	0	0	0	1										0.326	0.0	plurality_violation	be_progressive	plurality_violation	added	object_number	garbage	garbage	987	651	"{""dump"": 987, ""garbage"": 651}"
GRAM_0346	Grammaticality	plurality_violation	0	train	plus	human_reviewed_selected			USF+ds003604-template-abstraction	USF:Cue_Target_Pairs.D-F:4061			They are dumping two garbage			"[""ð"", ""eɪ"", ""ɑ"", ""ɹ"", ""d"", ""ʌ"", ""m"", ""p"", ""ɪ"", ""ŋ"", ""t"", ""uː"", ""ɡ"", ""ɑ"", ""ɹ"", ""b"", ""ɪ"", ""d̠ʒ""]"	be_progressive	garbage	are dumping garbage	0.326	0.0			4.43817751901349			18					they	dump	dumping	garbage	garbage	two	0	0	0	1										0.326	0.0	plurality_violation	be_progressive	plurality_violation	omitted	object_number	garbage	garbage	987	651	"{""dump"": 987, ""garbage"": 651}"
GRAM_0347	Grammaticality	plurality_violation	0	train	plus	human_reviewed_selected			USF+ds003604-template-abstraction	USF:Cue_Target_Pairs.D-F:5486			They are envying two jealousy			"[""ð"", ""eɪ"", ""ɑ"", ""ɹ"", ""ɛ"", ""n"", ""v"", ""i"", ""ɪ"", ""ŋ"", ""t"", ""uː"", ""d̠ʒ"", ""ɛ"", ""l"", ""ə"", ""s"", ""i""]"	be_progressive	jealousies	are envying jealousies	0.513	0.187			3.8696281146864355			18					they	envy	envying	jealousy	jealousy	two	0	0	0	1	unseen_phase1:jealousy									0.513	0.187	plurality_violation	be_progressive	plurality_violation	omitted	object_number	jealousies	jealousy	3	0	"{""envy"": 3, ""jealousy"": 0}"
GRAM_0348	Grammaticality	plurality_violation	0	train	plus	human_reviewed_selected			USF+ds003604-template-abstraction	USF:Cue_Target_Pairs.S:120			They are sailing two boat			"[""ð"", ""eɪ"", ""ɑ"", ""ɹ"", ""s"", ""eɪ"", ""l"", ""ɪ"", ""ŋ"", ""t"", ""uː"", ""b"", ""oʊ"", ""t""]"	be_progressive	boats	are sailing boats	0.589	0.134			4.5597211169127885			14					they	sail	sailing	boat	boat	two	0	0	0	1										0.589	0.134	plurality_violation	be_progressive	plurality_violation	omitted	object_number	boats	boat	164	1945	"{""boat"": 1945, ""sail"": 164}"
GRAM_0349	Grammaticality	plurality_violation	0	train	plus	human_reviewed_selected			USF+ds003604-template-abstraction	USF:Cue_Target_Pairs.S:1140			They are screwing one drivers			"[""ð"", ""eɪ"", ""ɑ"", ""ɹ"", ""s"", ""k"", ""ɹ"", ""uː"", ""ɪ"", ""ŋ"", ""w"", ""ʌ"", ""n"", ""d"", ""ɹ"", ""aɪ"", ""v"", ""ə"", ""ɹ"", ""z""]"	be_progressive	driver	are screwing driver	0.302	0.0			4.6247222328466515			20					they	screw	screwing	driver	drivers	one	0	0	0	1										0.302	0.0	plurality_violation	be_progressive	plurality_violation	added	object_number	driver	drivers	816	850	"{""driver"": 850, ""screw"": 816}"
GRAM_0350	Grammaticality	plurality_violation	0	train	plus	human_reviewed_selected			USF+ds003604-template-abstraction	USF:Cue_Target_Pairs.S:1140			They are screwing two driver			"[""ð"", ""eɪ"", ""ɑ"", ""ɹ"", ""s"", ""k"", ""ɹ"", ""uː"", ""ɪ"", ""ŋ"", ""t"", ""uː"", ""d"", ""ɹ"", ""aɪ"", ""v"", ""ə"", ""ɹ""]"	be_progressive	drivers	are screwing drivers	0.302	0.0			4.6247222328466515			18					they	screw	screwing	driver	driver	two	0	0	0	1										0.302	0.0	plurality_violation	be_progressive	plurality_violation	omitted	object_number	drivers	driver	816	850	"{""driver"": 850, ""screw"": 816}"
GRAM_0351	Grammaticality	plurality_violation	0	train	plus	human_reviewed_selected			USF+ds003604-template-abstraction	USF:Cue_Target_Pairs.S:5100			They are sounding one noises			"[""ð"", ""eɪ"", ""ɑ"", ""ɹ"", ""s"", ""aʊ"", ""n"", ""d"", ""ɪ"", ""ŋ"", ""w"", ""ʌ"", ""n"", ""n"", ""ɔɪ"", ""z"", ""ɪ"", ""z""]"	be_progressive	noise	are sounding noise	0.362	0.147			4.849565584656149			18					they	sound	sounding	noise	noises	one	0	0	0	1										0.362	0.147	plurality_violation	be_progressive	plurality_violation	added	object_number	noise	noises	1757	2351	"{""noise"": 2351, ""sound"": 1757}"
GRAM_0352	Grammaticality	plurality_violation	0	train	plus	human_reviewed_selected			USF+ds003604-template-abstraction	USF:Cue_Target_Pairs.S:5100			They are sounding two noise			"[""ð"", ""eɪ"", ""ɑ"", ""ɹ"", ""s"", ""aʊ"", ""n"", ""d"", ""ɪ"", ""ŋ"", ""t"", ""uː"", ""n"", ""ɔɪ"", ""z""]"	be_progressive	noises	are sounding noises	0.362	0.147			4.849565584656149			15					they	sound	sounding	noise	noise	two	0	0	0	1										0.362	0.147	plurality_violation	be_progressive	plurality_violation	omitted	object_number	noises	noise	1757	2351	"{""noise"": 2351, ""sound"": 1757}"
GRAM_0353	Grammaticality	plurality_violation	0	train	plus	human_reviewed_selected			USF+ds003604-template-abstraction	USF:Cue_Target_Pairs.T-Z:81			They are tackling four football			"[""ð"", ""eɪ"", ""ɑ"", ""ɹ"", ""t"", ""æ"", ""k"", ""l"", ""ɪ"", ""ŋ"", ""f"", ""ɔ"", ""ɹ"", ""f"", ""ʊ"", ""t"", ""b"", ""ɔ"", ""l""]"	be_progressive	footballs	are tackling footballs	0.361	0.014			4.103622848042535			19					they	tackle	tackling	football	football	four	0	0	0	1										0.361	0.014	plurality_violation	be_progressive	plurality_violation	omitted	object_number	footballs	football	28	1185	"{""football"": 1185, ""tackle"": 28}"
GRAM_0354	Grammaticality	plurality_violation	0	train	plus	human_reviewed_selected			USF+ds003604-template-abstraction	USF:Cue_Target_Pairs.T-Z:81			They are tackling two football			"[""ð"", ""eɪ"", ""ɑ"", ""ɹ"", ""t"", ""æ"", ""k"", ""l"", ""ɪ"", ""ŋ"", ""t"", ""uː"", ""f"", ""ʊ"", ""t"", ""b"", ""ɔ"", ""l""]"	be_progressive	footballs	are tackling footballs	0.361	0.014			4.103622848042535			18					they	tackle	tackling	football	football	two	0	0	0	1										0.361	0.014	plurality_violation	be_progressive	plurality_violation	omitted	object_number	footballs	football	28	1185	"{""football"": 1185, ""tackle"": 28}"
GRAM_0355	Grammaticality	plurality_violation	0	train	plus	human_reviewed_selected			USF+ds003604-template-abstraction	USF:Cue_Target_Pairs.A-B:7745			They do not brush two hair			"[""ð"", ""eɪ"", ""d"", ""uː"", ""n"", ""ɑ"", ""t"", ""b"", ""ɹ"", ""ʌ"", ""ʃ"", ""t"", ""uː"", ""h"", ""ɛ"", ""ɹ""]"	do_negation	hairs	do not brush hairs	0.44	0.207			4.6686070346706146			16					they	brush	brush	hair	hair	two	1	0	0	1										0.44	0.207	plurality_violation	do_negation	plurality_violation	omitted	object_number	hairs	hair	1955	5390	"{""brush"": 1955, ""hair"": 5390}"
GRAM_0356	Grammaticality	plurality_violation	0	train	plus	human_reviewed_selected			USF+ds003604-template-abstraction	USF:Cue_Target_Pairs.D-F:5486			They do not envy two jealousy			"[""ð"", ""eɪ"", ""d"", ""uː"", ""n"", ""ɑ"", ""t"", ""ɛ"", ""n"", ""v"", ""i"", ""t"", ""uː"", ""d̠ʒ"", ""ɛ"", ""l"", ""ə"", ""s"", ""i""]"	do_negation	jealousies	do not envy jealousies	0.513	0.187			3.8696281146864355			19					they	envy	envy	jealousy	jealousy	two	1	0	0	1	unseen_phase1:jealousy									0.513	0.187	plurality_violation	do_negation	plurality_violation	omitted	object_number	jealousies	jealousy	3	0	"{""envy"": 3, ""jealousy"": 0}"
GRAM_0357	Grammaticality	plurality_violation	0	train	plus	human_reviewed_selected			USF+ds003604-template-abstraction	USF:Cue_Target_Pairs.S:120			They do not sail two boat			"[""ð"", ""eɪ"", ""d"", ""uː"", ""n"", ""ɑ"", ""t"", ""s"", ""eɪ"", ""l"", ""t"", ""uː"", ""b"", ""oʊ"", ""t""]"	do_negation	boats	do not sail boats	0.589	0.134			4.5597211169127885			15					they	sail	sail	boat	boat	two	1	0	0	1										0.589	0.134	plurality_violation	do_negation	plurality_violation	omitted	object_number	boats	boat	164	1945	"{""boat"": 1945, ""sail"": 164}"
GRAM_0358	Grammaticality	plurality_violation	0	train	plus	human_reviewed_selected			USF+ds003604-template-abstraction	USF:Cue_Target_Pairs.S:5100			They do not sound two noise			"[""ð"", ""eɪ"", ""d"", ""uː"", ""n"", ""ɑ"", ""t"", ""s"", ""aʊ"", ""n"", ""d"", ""t"", ""uː"", ""n"", ""ɔɪ"", ""z""]"	do_negation	noises	do not sound noises	0.362	0.147			4.849565584656149			16					they	sound	sound	noise	noise	two	1	0	0	1										0.362	0.147	plurality_violation	do_negation	plurality_violation	omitted	object_number	noises	noise	1757	2351	"{""noise"": 2351, ""sound"": 1757}"
GRAM_0359	Grammaticality	plurality_violation	0	train	plus	human_reviewed_selected			USF+ds003604-template-abstraction	USF:Cue_Target_Pairs.T-Z:81			They do not tackle one footballs			"[""ð"", ""eɪ"", ""d"", ""uː"", ""n"", ""ɑ"", ""t"", ""t"", ""æ"", ""k"", ""ə"", ""l"", ""w"", ""ʌ"", ""n"", ""f"", ""ʊ"", ""t"", ""b"", ""ɔ"", ""l"", ""z""]"	do_negation	football	do not tackle football	0.361	0.014			4.103622848042535			22					they	tackle	tackle	football	footballs	one	1	0	0	1										0.361	0.014	plurality_violation	do_negation	plurality_violation	added	object_number	football	footballs	28	1185	"{""football"": 1185, ""tackle"": 28}"
GRAM_0360	Grammaticality	plurality_violation	0	train	plus	human_reviewed_selected			USF+ds003604-template-abstraction	USF:Cue_Target_Pairs.T-Z:81			They do not tackle two football			"[""ð"", ""eɪ"", ""d"", ""uː"", ""n"", ""ɑ"", ""t"", ""t"", ""æ"", ""k"", ""ə"", ""l"", ""t"", ""uː"", ""f"", ""ʊ"", ""t"", ""b"", ""ɔ"", ""l""]"	do_negation	footballs	do not tackle footballs	0.361	0.014			4.103622848042535			20					they	tackle	tackle	football	football	two	1	0	0	1										0.361	0.014	plurality_violation	do_negation	plurality_violation	omitted	object_number	footballs	football	28	1185	"{""football"": 1185, ""tackle"": 28}"
