item_id	task	condition	binary_label	split	stimulus_origin	adaptation_eligibility	original_trial_type	original_stimulus_file	source_resource	source_record_id	word1	word2	sentence	word1_ipa	word2_ipa	sentence_ipa	template_id	critical_word	critical_region	association_forward	association_backward	word1_subtlex	word2_subtlex	mean_content_subtlex	word1_n_phonemes	word2_n_phonemes	sentence_n_phonemes	word1_n_syllables	word2_n_syllables	childes_count_word1	childes_count_word2	subject	verb_lemma	verb_surface	object_lemma	object_surface	number_word	negation	overlap_ds003604_exact	overlap_ds003604_critical_vocab	qc_pass	qc_notes	shared_onset	shared_rime	shared_phoneme_count	phonological_relation_verified	cue	target	FSG	BSG	verb_object_FSG	verb_object_BSG	congruence_level	template_family	grammar_subtype	violation_type	violation_location	expected_form	observed_form	childes_count_verb	childes_count_object	content_word_childes_counts
MEANING_0001	Meaning	high_association	1	train	plus	model_blind_selected			USF Appendix A	USF:Cue_Target_Pairs.D-F:7482	feathers	bird		"[""f"", ""ɛ"", ""ð"", ""ə"", ""ɹ"", ""z""]"	"[""b"", ""ɜː"", ""d""]"					0.692	0.0	3.756322812887971	4.6575432555296405	4.206933034208806	5	3		2	1	266	4830								0	0	1						feathers	bird	0.692	0.0
MEANING_0002	Meaning	high_association	1	train	plus	model_blind_selected			USF Appendix A	USF:Cue_Target_Pairs.C:3702	coffin	dead		"[""k"", ""ɔ"", ""f"", ""ɪ"", ""n""]"	"[""d"", ""ɛ"", ""d""]"					0.403	0.0	3.9561307492917117	5.652227374936464	4.804179062114088	5	3		2	1	3	839								0	0	1						coffin	dead	0.403	0.0
MEANING_0003	Meaning	high_association	1	train	plus	model_blind_selected			USF Appendix A	USF:Cue_Target_Pairs.D-F:8081	finished	done		"[""f"", ""ɪ"", ""n"", ""ɪ"", ""ʃ"", ""t""]"	"[""d"", ""ʌ"", ""n""]"					0.547	0.0	4.922755978706011	5.685776852968543	5.304266415837277	6	3		2	1	2324	6419								0	0	1						finished	done	0.547	0.0
MEANING_0004	Meaning	high_association	1	train	plus	model_blind_selected			USF Appendix A	USF:Cue_Target_Pairs.P-R:6440	railroad	train		"[""ɹ"", ""eɪ"", ""l"", ""ɹ"", ""oʊ"", ""d""]"	"[""t"", ""ɹ"", ""eɪ"", ""n""]"					0.5	0.045	4.094519081783797	4.977992435060294	4.536255758422046	6	4		2	1	112	3199								0	0	1						railroad	train	0.5	0.045
MEANING_0005	Meaning	high_association	1	train	plus	model_blind_selected			USF Appendix A	USF:Cue_Target_Pairs.G-K:1621	grasp	hold		"[""ɡ"", ""ɹ"", ""æ"", ""s"", ""p""]"	"[""h"", ""oʊ"", ""l"", ""d""]"					0.533	0.108	3.6597857449280826	5.6402085409674285	4.649997142947756	5	4		1	1	9	6360								0	0	1						grasp	hold	0.533	0.108
MEANING_0006	Meaning	high_association	1	train	plus	model_blind_selected			USF Appendix A	USF:Cue_Target_Pairs.T-Z:531	taxi	cab		"[""t"", ""æ"", ""k"", ""s"", ""i""]"	"[""k"", ""æ"", ""b""]"					0.537	0.386	4.412345234160055	4.553930597100344	4.483137915630199	5	3		2	1	127	59								0	0	1						taxi	cab	0.537	0.386
MEANING_0007	Meaning	high_association	1	train	plus	model_blind_selected			USF Appendix A	USF:Cue_Target_Pairs.S:1070	scrambled	eggs		"[""s"", ""k"", ""ɹ"", ""æ"", ""m"", ""b"", ""ə"", ""l"", ""d""]"	"[""ɛ"", ""ɡ"", ""z""]"					0.66	0.0	3.857095888154153	4.587116448181507	4.22210616816783	9	3		2	1	109	1548								0	0	1						scrambled	eggs	0.66	0.0
MEANING_0008	Meaning	high_association	1	train	plus	model_blind_selected			USF Appendix A	USF:Cue_Target_Pairs.S:1940	serpent	snake		"[""s"", ""ɜː"", ""p"", ""ə"", ""n"", ""t""]"	"[""s"", ""n"", ""eɪ"", ""k""]"					0.568	0.018	3.2880650184996134	4.349334675238536	3.818699846869075	6	4		2	1	9	1519								0	0	1						serpent	snake	0.568	0.018
MEANING_0009	Meaning	high_association	1	train	plus	model_blind_selected			USF Appendix A	USF:Cue_Target_Pairs.C:3326	closing	opening		"[""k"", ""l"", ""oʊ"", ""z"", ""ɪ"", ""ŋ""]"	"[""oʊ"", ""p"", ""ə"", ""n"", ""ɪ"", ""ŋ""]"					0.48	0.507	4.417259973315923	4.58468589525854	4.5009729342872316	6	6		2	3	144	205								0	0	1						closing	opening	0.48	0.507
MEANING_0010	Meaning	high_association	1	train	plus	model_blind_selected			USF Appendix A	USF:Cue_Target_Pairs.S:2656	shopping	mall		"[""ʃ"", ""ɑ"", ""p"", ""ɪ"", ""ŋ""]"	"[""m"", ""ɔ"", ""l""]"					0.514	0.261	4.477121254719663	4.276506857804894	4.376814056262278	5	3		2	1	495	113								0	0	1						shopping	mall	0.514	0.261
MEANING_0011	Meaning	high_association	1	train	plus	model_blind_selected			USF Appendix A	USF:Cue_Target_Pairs.T-Z:1856	tile	floor		"[""t"", ""aɪ"", ""l""]"	"[""f"", ""l"", ""ɔ"", ""ɹ""]"					0.578	0.17	3.325853579389013	5.002716471604955	4.164285025496984	3	4		1	1	22	970								0	0	1						tile	floor	0.578	0.17
MEANING_0012	Meaning	high_association	1	train	plus	model_blind_selected			USF Appendix A	USF:Cue_Target_Pairs.G-K:2381	guys	girls		"[""ɡ"", ""aɪ"", ""z""]"	"[""ɡ"", ""ɜː"", ""l"", ""z""]"					0.446	0.04	5.800258719947593	5.3187996354757825	5.5595291777116875	3	4		1	1	3001	1397								0	0	1						guys	girls	0.446	0.04
MEANING_0013	Meaning	high_association	1	train	plus	model_blind_selected			USF Appendix A	USF:Cue_Target_Pairs.S:754	scare	fright		"[""s"", ""k"", ""ɛ"", ""ɹ""]"	"[""f"", ""ɹ"", ""aɪ"", ""t""]"					0.464	0.636	4.525933584243198	3.4416489365574434	3.983791260400321	4	4		1	1	389	21								0	0	1						scare	fright	0.464	0.636
MEANING_0014	Meaning	high_association	1	train	plus	model_blind_selected			USF Appendix A	USF:Cue_Target_Pairs.S:40	sad	happy		"[""s"", ""æ"", ""d""]"	"[""h"", ""æ"", ""p"", ""i""]"					0.634	0.628	4.801901176004613	5.522699881313269	5.162300528658941	3	4		1	2	1096	3181								0	0	1						sad	happy	0.634	0.628
MEANING_0015	Meaning	high_association	1	train	plus	model_blind_selected			USF Appendix A	USF:Cue_Target_Pairs.G-K:4252	hog	pig		"[""h"", ""ɑ"", ""ɡ""]"	"[""p"", ""ɪ"", ""ɡ""]"					0.741	0.2	3.7090703312403446	4.592590360853416	4.15083034604688	3	3		1	1	70	2595								0	0	1						hog	pig	0.741	0.2
MEANING_0016	Meaning	high_association	1	train	plus	model_blind_selected			USF Appendix A	USF:Cue_Target_Pairs.A-B:7745	brush	hair		"[""b"", ""ɹ"", ""ʌ"", ""ʃ""]"	"[""h"", ""ɛ"", ""ɹ""]"					0.44	0.207	4.150967021471702	5.186247047869527	4.6686070346706146	4	3		1	1	1955	5390								0	0	1						brush	hair	0.44	0.207
MEANING_0017	Meaning	high_association	1	train	plus	model_blind_selected			USF Appendix A	USF:Cue_Target_Pairs.P-R:5656	puck	hockey		"[""p"", ""ʌ"", ""k""]"	"[""h"", ""ɑ"", ""k"", ""i""]"					0.554	0.258	3.4597471586502397	4.061807149978202	3.760777154314221	3	4		1	2	27	125								0	0	1						puck	hockey	0.554	0.258
MEANING_0018	Meaning	high_association	1	train	plus	model_blind_selected			USF Appendix A	USF:Cue_Target_Pairs.G-K:8198	kite	fly		"[""k"", ""aɪ"", ""t""]"	"[""f"", ""l"", ""aɪ""]"					0.575	0.0	3.3606156856482254	4.929418925714293	4.145017305681259	3	3		1	1	279	1822								0	0	1						kite	fly	0.575	0.0
MEANING_0019	Meaning	high_association	1	train	plus	model_blind_selected			USF Appendix A	USF:Cue_Target_Pairs.L-O:1197	library	book		"[""l"", ""aɪ"", ""b"", ""ɹ"", ""ɛ"", ""ɹ"", ""i""]"	"[""b"", ""ʊ"", ""k""]"					0.794	0.0	4.360615685648225	5.247925153086191	4.804270419367208	7	3		3	1	406	14341								0	0	1						library	book	0.794	0.0
MEANING_0020	Meaning	high_association	1	train	plus	model_blind_selected			USF Appendix A	USF:Cue_Target_Pairs.A-B:624	add	subtract		"[""æ"", ""d""]"	"[""s"", ""ʌ"", ""b"", ""t"", ""ɹ"", ""æ"", ""k"", ""t""]"					0.685	0.692	4.519287394190787	2.7395878552442827	3.629437624717535	2	8		1	2	268	3								0	0	1						add	subtract	0.685	0.692
MEANING_0021	Meaning	high_association	1	train	plus	model_blind_selected			USF Appendix A	USF:Cue_Target_Pairs.D-F:4388	easy	hard		"[""iː"", ""z"", ""i""]"	"[""h"", ""ɑ"", ""ɹ"", ""d""]"					0.582	0.034	5.42440116918312	5.488329476311297	5.456365322747208	3	4		2	1	1089	4028								0	0	1						easy	hard	0.582	0.034
MEANING_0022	Meaning	high_association	1	train	plus	model_blind_selected			USF Appendix A	USF:Cue_Target_Pairs.T-Z:4429	unhappy	sad		"[""ʌ"", ""n"", ""h"", ""æ"", ""p"", ""i""]"	"[""s"", ""æ"", ""d""]"					0.738	0.051	4.218257398526806	4.801901176004613	4.510079287265709	6	3		3	1	87	1096								0	0	1						unhappy	sad	0.738	0.051
MEANING_0023	Meaning	high_association	1	train	plus	model_blind_selected			USF Appendix A	USF:Cue_Target_Pairs.P-R:2361	pipe	smoke		"[""p"", ""aɪ"", ""p""]"	"[""s"", ""m"", ""oʊ"", ""k""]"					0.419	0.016	4.287626115499243	4.815786030556857	4.5517060730280505	3	4		1	1	437	383								0	0	1						pipe	smoke	0.419	0.016
MEANING_0024	Meaning	high_association	1	train	plus	model_blind_selected			USF Appendix A	USF:Cue_Target_Pairs.G-K:778	glad	happy		"[""ɡ"", ""l"", ""æ"", ""d""]"	"[""h"", ""æ"", ""p"", ""i""]"					0.549	0.041	5.2339412565364665	5.522699881313269	5.378320568924868	4	4		1	2	599	3181								0	0	1						glad	happy	0.549	0.041
MEANING_0025	Meaning	high_association	1	train	plus	model_blind_selected			USF Appendix A	USF:Cue_Target_Pairs.S:1348	search	find		"[""s"", ""ɜː"", ""t̠ʃ""]"	"[""f"", ""aɪ"", ""n"", ""d""]"					0.491	0.022	4.684598973391799	5.9195805285277645	5.302089750959782	3	4		1	1	33	7188								0	0	1						search	find	0.491	0.022
MEANING_0026	Meaning	high_association	1	train	plus	model_blind_selected			USF Appendix A	USF:Cue_Target_Pairs.S:617	scale	weight		"[""s"", ""k"", ""eɪ"", ""l""]"	"[""w"", ""eɪ"", ""t""]"					0.53	0.014	3.9781715625043272	4.559601552305077	4.268886557404702	4	3		1	1	45	87								0	0	1						scale	weight	0.53	0.014
MEANING_0027	Meaning	high_association	1	train	plus	model_blind_selected			USF Appendix A	USF:Cue_Target_Pairs.D-F:2043	dime	nickel		"[""d"", ""aɪ"", ""m""]"	"[""n"", ""ɪ"", ""k"", ""ə"", ""l""]"					0.527	0.469	4.08130493967748	3.9269070940627953	4.0041060168701375	3	5		1	2	216	227								0	0	1						dime	nickel	0.527	0.469
MEANING_0028	Meaning	high_association	1	train	plus	model_blind_selected			USF Appendix A	USF:Cue_Target_Pairs.A-B:2475	appearance	looks		"[""ə"", ""p"", ""ɪ"", ""ɹ"", ""ə"", ""n"", ""s""]"	"[""l"", ""ʊ"", ""k"", ""s""]"					0.427	0.103	4.064017304783319	5.493444382115436	4.778730843449377	7	4		3	1	1	9228								0	0	1						appearance	looks	0.427	0.103
MEANING_0029	Meaning	high_association	1	train	plus	model_blind_selected			USF Appendix A	USF:Cue_Target_Pairs.D-F:281	darkness	light		"[""d"", ""ɑ"", ""ɹ"", ""k"", ""n"", ""ə"", ""s""]"	"[""l"", ""aɪ"", ""t""]"					0.461	0.0	4.2427946782781865	5.21799973344544	4.730397205861813	7	3		2	1	14	3237								0	0	1						darkness	light	0.461	0.0
MEANING_0030	Meaning	high_association	1	train	plus	model_blind_selected			USF Appendix A	USF:Cue_Target_Pairs.A-B:4164	ballot	vote		"[""b"", ""æ"", ""l"", ""ə"", ""t""]"	"[""v"", ""oʊ"", ""t""]"					0.518	0.051	3.131278914639319	4.53571596998551	3.8334974423124146	5	3		2	1	1	49								0	0	1						ballot	vote	0.518	0.051
MEANING_0031	Meaning	high_association	1	train	plus	model_blind_selected			USF Appendix A	USF:Cue_Target_Pairs.G-K:8412	known	unknown		"[""n"", ""oʊ"", ""n""]"	"[""ʌ"", ""n"", ""n"", ""oʊ"", ""n""]"					0.438	0.174	5.091770373355645	4.181170784584956	4.6364705789703	3	5		1	2	63	6								0	0	1						known	unknown	0.438	0.174
MEANING_0032	Meaning	high_association	1	train	plus	model_blind_selected			USF Appendix A	USF:Cue_Target_Pairs.A-B:7139	branch	tree		"[""b"", ""ɹ"", ""æ"", ""n"", ""t̠ʃ""]"	"[""t"", ""ɹ"", ""iː""]"					0.528	0.027	4.00339294289734	4.812913356642856	4.408153149770097	5	3		1	1	139	2858								0	0	1						branch	tree	0.528	0.027
MEANING_0033	Meaning	high_association	1	train	plus	model_blind_selected			USF Appendix A	USF:Cue_Target_Pairs.S:2555	shiver	cold		"[""ʃ"", ""ɪ"", ""v"", ""ə"", ""ɹ""]"	"[""k"", ""oʊ"", ""l"", ""d""]"					0.669	0.011	3.184524426592544	5.114467071974649	4.149495749283597	4	4		2	1	17	3308								0	0	1						shiver	cold	0.669	0.011
MEANING_0034	Meaning	high_association	1	train	plus	model_blind_selected			USF Appendix A	USF:Cue_Target_Pairs.L-O:6631	nauseous	sick		"[""n"", ""ɔ"", ""s"", ""ɪ"", ""ə"", ""s""]"	"[""s"", ""ɪ"", ""k""]"					0.613	0.0	3.4910869108564864	5.21861787300927	4.354852391932878	5	3		2	1	3	1417								0	0	1						nauseous	sick	0.613	0.0
MEANING_0035	Meaning	high_association	1	train	plus	model_blind_selected			USF Appendix A	USF:Cue_Target_Pairs.A-B:4818	beam	light		"[""b"", ""iː"", ""m""]"	"[""l"", ""aɪ"", ""t""]"					0.454	0.0	3.9407898348829953	5.21799973344544	4.579394784164218	3	3		1	1	35	3237								0	0	1						beam	light	0.454	0.0
MEANING_0036	Meaning	high_association	1	train	plus	model_blind_selected			USF Appendix A	USF:Cue_Target_Pairs.L-O:6138	munch	eat		"[""m"", ""ʌ"", ""n"", ""t̠ʃ""]"	"[""iː"", ""t""]"					0.438	0.0	2.9258982794816504	5.4011977415801455	4.1635480105308975	4	2		1	1	66	21252								0	0	1						munch	eat	0.438	0.0
MEANING_0037	Meaning	high_association	1	train	plus	model_blind_selected			USF Appendix A	USF:Cue_Target_Pairs.G-K:2562	half	whole		"[""h"", ""æ"", ""f""]"	"[""h"", ""oʊ"", ""l""]"					0.447	0.345	5.299152516103748	5.58601333739818	5.442582926750964	3	3		1	1	1209	2521								0	0	1						half	whole	0.447	0.345
MEANING_0038	Meaning	high_association	1	train	plus	model_blind_selected			USF Appendix A	USF:Cue_Target_Pairs.G-K:2911	happy	sad		"[""h"", ""æ"", ""p"", ""i""]"	"[""s"", ""æ"", ""d""]"					0.628	0.634	5.522699881313269	4.801901176004613	5.162300528658941	4	3		2	1	3181	1096								0	0	1						happy	sad	0.628	0.634
MEANING_0039	Meaning	high_association	1	train	plus	model_blind_selected			USF Appendix A	USF:Cue_Target_Pairs.S:1430	second	first		"[""s"", ""ɛ"", ""k"", ""ə"", ""n"", ""d""]"	"[""f"", ""ɜː"", ""s"", ""t""]"					0.514	0.174	5.454187019163791	5.924573176795779	5.689380097979785	6	4		2	1	1552	6261								0	0	1						second	first	0.514	0.174
MEANING_0040	Meaning	high_association	1	train	plus	model_blind_selected			USF Appendix A	USF:Cue_Target_Pairs.C:2101	chef	cook		"[""ʃ"", ""ɛ"", ""f""]"	"[""k"", ""ʊ"", ""k""]"					0.622	0.047	4.07490244806835	4.6586659476203565	4.366784197844353	3	3		1	1	45	1844								0	0	1						chef	cook	0.622	0.047
MEANING_0041	Meaning	high_association	1	train	plus	model_blind_selected			USF Appendix A	USF:Cue_Target_Pairs.P-R:7383	reflect	mirror		"[""ɹ"", ""ɪ"", ""f"", ""l"", ""ɛ"", ""k"", ""t""]"	"[""m"", ""ɪ"", ""ɹ"", ""ə"", ""ɹ""]"					0.507	0.0	3.6208094273408014	4.383392900497795	4.002101163919298	7	4		2	2	3	535								0	0	1						reflect	mirror	0.507	0.0
MEANING_0042	Meaning	high_association	1	train	plus	model_blind_selected			USF Appendix A	USF:Cue_Target_Pairs.T-Z:1582	thread	needle		"[""θ"", ""ɹ"", ""ɛ"", ""d""]"	"[""n"", ""iː"", ""d"", ""ə"", ""l""]"					0.758	0.424	3.7123855723918213	4.076333403174798	3.89435948778331	4	5		1	2	105	200								0	0	1						thread	needle	0.758	0.424
MEANING_0043	Meaning	high_association	1	train	plus	model_blind_selected			USF Appendix A	USF:Cue_Target_Pairs.D-F:2069	dine	eat		"[""d"", ""aɪ"", ""n""]"	"[""iː"", ""t""]"					0.551	0.0	3.632873938742182	5.4011977415801455	4.517035840161164	3	2		1	1	9	21252								0	0	1						dine	eat	0.551	0.0
MEANING_0044	Meaning	high_association	1	train	plus	model_blind_selected			USF Appendix A	USF:Cue_Target_Pairs.P-R:6020	quack	duck		"[""k"", ""w"", ""æ"", ""k""]"	"[""d"", ""ʌ"", ""k""]"					0.818	0.115	3.6653418268721705	4.393833174457394	4.029587500664782	4	3		1	1	2359	3971								0	0	1						quack	duck	0.818	0.115
MEANING_0045	Meaning	high_association	1	train	plus	model_blind_selected			USF Appendix A	USF:Cue_Target_Pairs.C:355	campus	school		"[""k"", ""æ"", ""m"", ""p"", ""ə"", ""s""]"	"[""s"", ""k"", ""uː"", ""l""]"					0.466	0.0	4.029622466606801	5.5225976402482555	4.776110053427528	6	4		2	1	5	6413								0	0	1						campus	school	0.466	0.0
MEANING_0046	Meaning	high_association	1	train	plus	model_blind_selected			USF Appendix A	USF:Cue_Target_Pairs.T-Z:1804	tidy	neat		"[""t"", ""aɪ"", ""d"", ""i""]"	"[""n"", ""iː"", ""t""]"					0.432	0.114	3.568891628075308	4.095203549194039	3.8320475886346737	4	3		2	1	19	1165								0	0	1						tidy	neat	0.432	0.114
MEANING_0047	Meaning	high_association	1	train	plus	model_blind_selected			USF Appendix A	USF:Cue_Target_Pairs.D-F:3815	driveway	car		"[""d"", ""ɹ"", ""aɪ"", ""v"", ""w"", ""eɪ""]"	"[""k"", ""ɑ"", ""ɹ""]"					0.5	0.0	3.827723943944834	5.68400001932028	4.755861981632557	6	3		2	1	75	9830								0	0	1						driveway	car	0.5	0.0
MEANING_0048	Meaning	high_association	1	train	plus	model_blind_selected			USF Appendix A	USF:Cue_Target_Pairs.G-K:7223	jaws	shark		"[""d̠ʒ"", ""ɔ"", ""z""]"	"[""ʃ"", ""ɑ"", ""ɹ"", ""k""]"					0.587	0.155	3.4162814648691495	4.175523182477754	3.7959023236734515	3	4		1	1	35	512								0	0	1						jaws	shark	0.587	0.155
MEANING_0049	Meaning	high_association	1	train	plus	model_blind_selected			USF Appendix A	USF:Cue_Target_Pairs.D-F:2087	dinner	supper		"[""d"", ""ɪ"", ""n"", ""ə"", ""ɹ""]"	"[""s"", ""ʌ"", ""p"", ""ə"", ""ɹ""]"					0.535	0.545	5.3067823245530725	4.287186768489692	4.796984546521382	4	4		2	2	2597	1110								0	0	1						dinner	supper	0.535	0.545
MEANING_0050	Meaning	high_association	1	train	plus	model_blind_selected			USF Appendix A	USF:Cue_Target_Pairs.L-O:6112	multiply	divide		"[""m"", ""ʌ"", ""l"", ""t"", ""ɪ"", ""p"", ""l"", ""aɪ""]"	"[""d"", ""ɪ"", ""v"", ""aɪ"", ""d""]"					0.456	0.253	3.2880650184996134	3.7666460879783186	3.5273555532389658	8	5		3	2	3	11								0	0	1						multiply	divide	0.456	0.253
MEANING_0051	Meaning	high_association	1	train	plus	model_blind_selected			USF Appendix A	USF:Cue_Target_Pairs.P-R:7396	reflection	mirror		"[""ɹ"", ""ɪ"", ""f"", ""l"", ""ɛ"", ""k"", ""ʃ"", ""ə"", ""n""]"	"[""m"", ""ɪ"", ""ɹ"", ""ə"", ""ɹ""]"					0.715	0.383	3.7006697892139133	4.383392900497795	4.042031344855854	9	4		3	2	25	535								0	0	1						reflection	mirror	0.715	0.383
MEANING_0052	Meaning	high_association	1	train	plus	model_blind_selected			USF Appendix A	USF:Cue_Target_Pairs.T-Z:5465	venom	poison		"[""v"", ""ɛ"", ""n"", ""ə"", ""m""]"	"[""p"", ""ɔɪ"", ""z"", ""ə"", ""n""]"					0.509	0.0	3.3679767852945943	4.390034152776474	3.8790054690355342	5	5		2	2	4	101								0	0	1						venom	poison	0.509	0.0
MEANING_0053	Meaning	high_association	1	train	plus	model_blind_selected			USF Appendix A	USF:Cue_Target_Pairs.S:8158	suds	soap		"[""s"", ""ʌ"", ""d"", ""z""]"	"[""s"", ""oʊ"", ""p""]"					0.601	0.038	2.6726410656136697	4.181731526408374	3.4271862960110218	4	3		1	1	28	677								0	0	1						suds	soap	0.601	0.038
MEANING_0054	Meaning	high_association	1	train	plus	model_blind_selected			USF Appendix A	USF:Cue_Target_Pairs.P-R:602	parrot	bird		"[""p"", ""æ"", ""ɹ"", ""ə"", ""t""]"	"[""b"", ""ɜː"", ""d""]"					0.628	0.056	3.515146295049647	4.6575432555296405	4.086344775289644	5	3		2	1	440	4830								0	0	1						parrot	bird	0.628	0.056
MEANING_0055	Meaning	high_association	1	train	plus	model_blind_selected			USF Appendix A	USF:Cue_Target_Pairs.D-F:7742	fib	lie		"[""f"", ""ɪ"", ""b""]"	"[""l"", ""aɪ""]"					0.816	0.066	3.105343180544919	5.080102788589556	4.092722984567238	3	2		1	1	10	633								0	0	1						fib	lie	0.816	0.066
MEANING_0056	Meaning	high_association	1	train	plus	model_blind_selected			USF Appendix A	USF:Cue_Target_Pairs.A-B:2867	artery	vein		"[""ɑ"", ""ɹ"", ""t"", ""ə"", ""ɹ"", ""ɹ"", ""i""]"	"[""v"", ""eɪ"", ""n""]"					0.417	0.326	3.7253991147764696	3.554880913632493	3.6401400142044813	5	3		3	1	0	4								0	0	1	unseen_phase1:artery					artery	vein	0.417	0.326
MEANING_0057	Meaning	high_association	1	train	plus	model_blind_selected			USF Appendix A	USF:Cue_Target_Pairs.L-O:1278	life	death		"[""l"", ""aɪ"", ""f""]"	"[""d"", ""ɛ"", ""θ""]"					0.485	0.273	5.901265957086794	5.3358314028129445	5.618548679949869	3	3		1	1	520	57								0	0	1						life	death	0.485	0.273
MEANING_0058	Meaning	high_association	1	train	plus	model_blind_selected			USF Appendix A	USF:Cue_Target_Pairs.D-F:5732	etiquette	manners		"[""ɛ"", ""t"", ""ɪ"", ""k"", ""ə"", ""t""]"	"[""m"", ""æ"", ""n"", ""ə"", ""ɹ"", ""z""]"					0.444	0.166	3.274701056941632	4.106010812470256	3.690355934705944	6	5		3	2	0	43								0	0	1	unseen_phase1:etiquette					etiquette	manners	0.444	0.166
MEANING_0059	Meaning	high_association	1	train	plus	model_blind_selected			USF Appendix A	USF:Cue_Target_Pairs.T-Z:7671	wings	bird		"[""w"", ""ɪ"", ""ŋ"", ""z""]"	"[""b"", ""ɜː"", ""d""]"					0.476	0.035	4.293730756922482	4.6575432555296405	4.475637006226061	4	3		1	1	455	4830								0	0	1						wings	bird	0.476	0.035
MEANING_0060	Meaning	high_association	1	train	plus	model_blind_selected			USF Appendix A	USF:Cue_Target_Pairs.P-R:9253	rodent	rat		"[""ɹ"", ""oʊ"", ""d"", ""ə"", ""n"", ""t""]"	"[""ɹ"", ""æ"", ""t""]"					0.603	0.182	3.256217651247619	4.513322073121583	3.884769862184601	6	3		2	1	11	210								0	0	1						rodent	rat	0.603	0.182
MEANING_0061	Meaning	high_association	1	train	plus	model_blind_selected			USF Appendix A	USF:Cue_Target_Pairs.S:8052	subtract	add		"[""s"", ""ʌ"", ""b"", ""t"", ""ɹ"", ""æ"", ""k"", ""t""]"	"[""æ"", ""d""]"					0.692	0.685	2.7395878552442827	4.519287394190787	3.629437624717535	8	2		2	1	3	268								0	0	1						subtract	add	0.692	0.685
MEANING_0062	Meaning	high_association	1	train	plus	model_blind_selected			USF Appendix A	USF:Cue_Target_Pairs.A-B:5972	blend	mix		"[""b"", ""l"", ""ɛ"", ""n"", ""d""]"	"[""m"", ""ɪ"", ""k"", ""s""]"					0.565	0.114	3.6308863175066683	4.213595874539802	3.9222410960232352	5	4		1	1	16	605								0	0	1						blend	mix	0.565	0.114
MEANING_0063	Meaning	high_association	1	train	plus	model_blind_selected			USF Appendix A	USF:Cue_Target_Pairs.D-F:3785	drive	car		"[""d"", ""ɹ"", ""aɪ"", ""v""]"	"[""k"", ""ɑ"", ""ɹ""]"					0.48	0.122	5.185080857779364	5.68400001932028	5.434540438549822	4	3		1	1	1798	9830								0	0	1						drive	car	0.48	0.122
MEANING_0064	Meaning	high_association	1	train	plus	model_blind_selected			USF Appendix A	USF:Cue_Target_Pairs.S:2837	shrink	small		"[""ʃ"", ""ɹ"", ""ɪ"", ""ŋ"", ""k""]"	"[""s"", ""m"", ""ɔ"", ""l""]"					0.486	0.0	4.053605637057795	5.096773742381929	4.575189689719862	5	4		1	1	15	2187								0	0	1						shrink	small	0.486	0.0
MEANING_0065	Meaning	high_association	1	train	plus	model_blind_selected			USF Appendix A	USF:Cue_Target_Pairs.S:7299	story	book		"[""s"", ""t"", ""ɔ"", ""ɹ"", ""i""]"	"[""b"", ""ʊ"", ""k""]"					0.419	0.0	5.343968214417391	5.247925153086191	5.295946683751791	5	3		2	1	3357	14341								0	0	1						story	book	0.419	0.0
MEANING_0066	Meaning	high_association	1	train	plus	model_blind_selected			USF Appendix A	USF:Cue_Target_Pairs.D-F:2419	discomfort	pain		"[""d"", ""ɪ"", ""s"", ""k"", ""ʌ"", ""m"", ""f"", ""ə"", ""ɹ"", ""t""]"	"[""p"", ""eɪ"", ""n""]"					0.422	0.0	3.2009148427807133	4.990965316464065	4.095940079622389	9	3		3	1	0	62								0	0	1	unseen_phase1:discomfort					discomfort	pain	0.422	0.0
MEANING_0067	Meaning	high_association	1	train	plus	model_blind_selected			USF Appendix A	USF:Cue_Target_Pairs.D-F:8474	flex	muscle		"[""f"", ""l"", ""ɛ"", ""k"", ""s""]"	"[""m"", ""ʌ"", ""s"", ""ə"", ""l""]"					0.458	0.055	2.9913998282380825	4.1337892943569186	3.5625945612975007	5	5		1	2	0	97								0	0	1	unseen_phase1:flex					flex	muscle	0.458	0.055
MEANING_0068	Meaning	high_association	1	train	plus	model_blind_selected			USF Appendix A	USF:Cue_Target_Pairs.A-B:8044	bumper	car		"[""b"", ""ʌ"", ""m"", ""p"", ""ə"", ""ɹ""]"	"[""k"", ""ɑ"", ""ɹ""]"					0.647	0.0	3.5501083987712483	5.68400001932028	4.617054209045764	5	3		2	1	109	9830								0	0	1						bumper	car	0.647	0.0
MEANING_0069	Meaning	high_association	1	train	plus	model_blind_selected			USF Appendix A	USF:Cue_Target_Pairs.T-Z:8629	young	old		"[""j"", ""ʌ"", ""ŋ""]"	"[""oʊ"", ""l"", ""d""]"					0.595	0.236	5.385921550912995	5.7845753419463515	5.585248446429674	3	3		1	1	423	3976								0	0	1						young	old	0.595	0.236
MEANING_0070	Meaning	high_association	1	train	plus	model_blind_selected			USF Appendix A	USF:Cue_Target_Pairs.P-R:2307	pine	tree		"[""p"", ""aɪ"", ""n""]"	"[""t"", ""ɹ"", ""iː""]"					0.642	0.014	3.7921169065204676	4.812913356642856	4.302515131581662	3	3		1	1	156	2858								0	0	1						pine	tree	0.642	0.014
MEANING_0071	Meaning	high_association	1	train	plus	model_blind_selected			USF Appendix A	USF:Cue_Target_Pairs.D-F:4046	dull	boring		"[""d"", ""ʌ"", ""l""]"	"[""b"", ""ɔ"", ""ɹ"", ""ɪ"", ""ŋ""]"					0.458	0.142	4.082010536066489	4.437936995311726	4.259973765689107	3	5		1	2	10	227								0	0	1						dull	boring	0.458	0.142
MEANING_0072	Meaning	high_association	1	train	plus	model_blind_selected			USF Appendix A	USF:Cue_Target_Pairs.G-K:711	girls	boys		"[""ɡ"", ""ɜː"", ""l"", ""z""]"	"[""b"", ""ɔɪ"", ""z""]"					0.503	0.5	5.3187996354757825	5.3505520396849775	5.33467583758038	4	3		1	1	1397	1730								0	0	1						girls	boys	0.503	0.5
MEANING_0073	Meaning	high_association	1	train	plus	model_blind_selected			USF Appendix A	USF:Cue_Target_Pairs.G-K:3074	hatch	egg		"[""h"", ""æ"", ""t̠ʃ""]"	"[""ɛ"", ""ɡ""]"					0.405	0.0	4.108007572226331	4.415627898934062	4.2618177355801965	3	2		1	1	43	2230								0	0	1						hatch	egg	0.405	0.0
MEANING_0074	Meaning	high_association	1	train	plus	model_blind_selected			USF Appendix A	USF:Cue_Target_Pairs.L-O:803	leaves	tree		"[""l"", ""iː"", ""v"", ""z""]"	"[""t"", ""ɹ"", ""iː""]"					0.486	0.0	4.657168378957462	4.812913356642856	4.7350408678001585	4	3		1	1	706	2858								0	0	1						leaves	tree	0.486	0.0
MEANING_0075	Meaning	high_association	1	train	plus	model_blind_selected			USF Appendix A	USF:Cue_Target_Pairs.P-R:4755	print	write		"[""p"", ""ɹ"", ""ɪ"", ""n"", ""t""]"	"[""ɹ"", ""aɪ"", ""t""]"					0.49	0.156	4.300177601902804	5.1031326848491805	4.7016551433759926	5	3		1	1	55	3900								0	0	1						print	write	0.49	0.156
MEANING_0076	Meaning	high_association	1	train	plus	model_blind_selected			USF Appendix A	USF:Cue_Target_Pairs.A-B:4126	ballet	dance		"[""b"", ""æ"", ""l"", ""eɪ""]"	"[""d"", ""æ"", ""n"", ""s""]"					0.428	0.081	4.0109315127693375	5.170376775531252	4.590654144150294	4	4		2	1	386	1286								0	0	1						ballet	dance	0.428	0.081
MEANING_0077	Meaning	high_association	1	train	plus	model_blind_selected			USF Appendix A	USF:Cue_Target_Pairs.T-Z:8704	zest	soap		"[""z"", ""ɛ"", ""s"", ""t""]"	"[""s"", ""oʊ"", ""p""]"					0.574	0.0	2.8364978682523394	4.181731526408374	3.5091146973303564	4	3		1	1	4	677								0	0	1						zest	soap	0.574	0.0
MEANING_0078	Meaning	high_association	1	train	plus	model_blind_selected			USF Appendix A	USF:Cue_Target_Pairs.S:5919	spree	shopping		"[""s"", ""p"", ""ɹ"", ""iː""]"	"[""ʃ"", ""ɑ"", ""p"", ""ɪ"", ""ŋ""]"					0.473	0.05	3.329856321842687	4.477121254719663	3.903488788281175	4	5		1	2	1	495								0	0	1						spree	shopping	0.473	0.05
MEANING_0079	Meaning	high_association	1	train	plus	model_blind_selected			USF Appendix A	USF:Cue_Target_Pairs.L-O:6035	mower	lawn		"[""m"", ""oʊ"", ""ə"", ""ɹ""]"	"[""l"", ""ɔ"", ""n""]"					0.658	0.185	3.167491087293764	4.091770373355645	3.6296307303247044	3	3		2	1	62	118								0	0	1						mower	lawn	0.658	0.185
MEANING_0080	Meaning	high_association	1	train	plus	model_blind_selected			USF Appendix A	USF:Cue_Target_Pairs.P-R:9080	roar	lion		"[""ɹ"", ""ɔ"", ""ɹ""]"	"[""l"", ""aɪ"", ""ə"", ""n""]"					0.614	0.032	3.604183684957818	4.186191585960007	3.895187635458912	3	4		1	2	445	1917								0	0	1						roar	lion	0.614	0.032
MEANING_0081	Meaning	high_association	1	train	plus	model_blind_selected			USF Appendix A	USF:Cue_Target_Pairs.D-F:8865	foe	enemy		"[""f"", ""oʊ""]"	"[""ɛ"", ""n"", ""ə"", ""m"", ""i""]"					0.401	0.197	3.2655576775017625	4.685829519195165	3.975693598348464	2	5		1	3	12	30								0	0	1						foe	enemy	0.401	0.197
MEANING_0082	Meaning	high_association	1	train	plus	model_blind_selected			USF Appendix A	USF:Cue_Target_Pairs.D-F:8466	flesh	skin		"[""f"", ""l"", ""ɛ"", ""ʃ""]"	"[""s"", ""k"", ""ɪ"", ""n""]"					0.575	0.034	4.343582346349445	4.643839575827503	4.493710961088474	4	4		1	1	14	519								0	0	1						flesh	skin	0.575	0.034
MEANING_0083	Meaning	high_association	1	train	plus	model_blind_selected			USF Appendix A	USF:Cue_Target_Pairs.P-R:7571	rejoice	happy		"[""ɹ"", ""ɪ"", ""d̠ʒ"", ""ɔɪ"", ""s""]"	"[""h"", ""æ"", ""p"", ""i""]"					0.411	0.0	3.226928275145631	5.522699881313269	4.37481407822945	5	4		2	2	25	3181								0	0	1						rejoice	happy	0.411	0.0
MEANING_0084	Meaning	high_association	1	train	plus	model_blind_selected			USF Appendix A	USF:Cue_Target_Pairs.S:7086	stir	mix		"[""s"", ""t"", ""ɜː""]"	"[""m"", ""ɪ"", ""k"", ""s""]"					0.458	0.197	3.770996319495907	4.213595874539802	3.9922960970178547	3	4		1	1	589	605								0	0	1						stir	mix	0.458	0.197
MEANING_0085	Meaning	high_association	1	train	plus	model_blind_selected			USF Appendix A	USF:Cue_Target_Pairs.D-F:4115	dusk	dawn		"[""d"", ""ʌ"", ""s"", ""k""]"	"[""d"", ""ɔ"", ""n""]"					0.609	0.454	3.0777596589128304	4.40670712046365	3.74223338968824	4	3		1	1	6	39								0	0	1						dusk	dawn	0.609	0.454
MEANING_0086	Meaning	high_association	1	train	plus	model_blind_selected			USF Appendix A	USF:Cue_Target_Pairs.C:1780	chapel	church		"[""t̠ʃ"", ""æ"", ""p"", ""ə"", ""l""]"	"[""t̠ʃ"", ""ɜː"", ""t̠ʃ""]"					0.621	0.0	3.900955857479258	4.843025031391392	4.371990444435324	5	3		2	1	6	293								0	0	1						chapel	church	0.621	0.0
MEANING_0087	Meaning	high_association	1	train	plus	model_blind_selected			USF Appendix A	USF:Cue_Target_Pairs.A-B:8457	buyer	seller		"[""b"", ""aɪ"", ""ə"", ""ɹ""]"	"[""s"", ""ɛ"", ""l"", ""ə"", ""ɹ""]"					0.572	0.513	3.7140337507718946	3.3416478465722452	3.52784079867207	3	4		2	2	7	9								0	0	1						buyer	seller	0.572	0.513
MEANING_0088	Meaning	high_association	1	train	plus	model_blind_selected			USF Appendix A	USF:Cue_Target_Pairs.G-K:3244	haystack	needle		"[""h"", ""eɪ"", ""s"", ""t"", ""æ"", ""k""]"	"[""n"", ""iː"", ""d"", ""ə"", ""l""]"					0.418	0.03	3.1375278639163207	4.076333403174798	3.6069306335455593	6	5		2	2	38	200								0	0	1						haystack	needle	0.418	0.03
MEANING_0089	Meaning	high_association	1	train	plus	model_blind_selected			USF Appendix A	USF:Cue_Target_Pairs.P-R:6420	rage	anger		"[""ɹ"", ""eɪ"", ""d̠ʒ""]"	"[""æ"", ""ŋ"", ""ɡ"", ""ə"", ""ɹ""]"					0.541	0.042	4.053605637057795	4.288503478387339	4.171054557722567	3	4		1	2	3	11								0	0	1						rage	anger	0.541	0.042
MEANING_0090	Meaning	high_association	1	train	plus	model_blind_selected			USF Appendix A	USF:Cue_Target_Pairs.P-R:191	pair	two		"[""p"", ""ɛ"", ""ɹ""]"	"[""t"", ""uː""]"					0.456	0.034	4.571183424854892	6.027900971141048	5.299542197997971	3	2		1	1	245	20667								0	0	1						pair	two	0.456	0.034
MEANING_0091	Meaning	high_association	1	train	plus	model_blind_selected			USF Appendix A	USF:Cue_Target_Pairs.S:8421	sunrise	sunset		"[""s"", ""ʌ"", ""n"", ""ɹ"", ""aɪ"", ""z""]"	"[""s"", ""ʌ"", ""n"", ""s"", ""ɛ"", ""t""]"					0.48	0.297	3.7823883033268983	4.013415568055803	3.8979019356913502	6	6		2	2	7	37								0	0	1						sunrise	sunset	0.48	0.297
MEANING_0092	Meaning	high_association	1	train	plus	model_blind_selected			USF Appendix A	USF:Cue_Target_Pairs.S:1708	seller	buyer		"[""s"", ""ɛ"", ""l"", ""ə"", ""ɹ""]"	"[""b"", ""aɪ"", ""ə"", ""ɹ""]"					0.513	0.572	3.3416478465722452	3.7140337507718946	3.52784079867207	4	3		2	2	9	7								0	0	1						seller	buyer	0.513	0.572
MEANING_0093	Meaning	high_association	1	train	plus	model_blind_selected			USF Appendix A	USF:Cue_Target_Pairs.L-O:6334	mute	deaf		"[""m"", ""j"", ""uː"", ""t""]"	"[""d"", ""ɛ"", ""f""]"					0.435	0.071	3.3962335448580205	4.162248031881392	3.779240788369706	4	3		1	1	1	17								0	0	1						mute	deaf	0.435	0.071
MEANING_0094	Meaning	high_association	1	train	plus	model_blind_selected			USF Appendix A	USF:Cue_Target_Pairs.P-R:6025	quail	bird		"[""k"", ""w"", ""eɪ"", ""l""]"	"[""b"", ""ɜː"", ""d""]"					0.569	0.0	3.1249387366083	4.6575432555296405	3.8912409960689702	4	3		1	1	13	4830								0	0	1						quail	bird	0.569	0.0
MEANING_0095	Meaning	high_association	1	train	plus	model_blind_selected			USF Appendix A	USF:Cue_Target_Pairs.S:5724	spoiled	rotten		"[""s"", ""p"", ""ɔɪ"", ""l"", ""d""]"	"[""ɹ"", ""ɑ"", ""t"", ""ə"", ""n""]"					0.507	0.11	3.9279135707169757	4.242307527938938	4.085110549327957	5	5		1	2	48	80								0	0	1						spoiled	rotten	0.507	0.11
MEANING_0096	Meaning	high_association	1	train	plus	model_blind_selected			USF Appendix A	USF:Cue_Target_Pairs.C:3892	comb	brush		"[""k"", ""oʊ"", ""m""]"	"[""b"", ""ɹ"", ""ʌ"", ""ʃ""]"					0.636	0.163	3.7823883033268983	4.150967021471702	3.9666776623993005	3	4		1	1	829	1955								0	0	1						comb	brush	0.636	0.163
MEANING_0097	Meaning	high_association	1	train	plus	model_blind_selected			USF Appendix A	USF:Cue_Target_Pairs.L-O:2891	male	female		"[""m"", ""eɪ"", ""l""]"	"[""f"", ""iː"", ""m"", ""eɪ"", ""l""]"					0.648	0.552	4.530726891777458	4.499794861371136	4.515260876574297	3	5		1	2	202	187								0	0	1						male	female	0.648	0.552
MEANING_0098	Meaning	high_association	1	train	plus	model_blind_selected			USF Appendix A	USF:Cue_Target_Pairs.A-B:40	abduct	kidnap		"[""ə"", ""b"", ""d"", ""ʌ"", ""k"", ""t""]"	"[""k"", ""ɪ"", ""d"", ""n"", ""æ"", ""p""]"					0.453	0.079	2.848732324669351	3.812257817677782	3.3304950711735666	6	6		2	2	0	8								0	0	1	unseen_phase1:abduct					abduct	kidnap	0.453	0.079
MEANING_0099	Meaning	high_association	1	train	plus	model_blind_selected			USF Appendix A	USF:Cue_Target_Pairs.D-F:370	dawn	dusk		"[""d"", ""ɔ"", ""n""]"	"[""d"", ""ʌ"", ""s"", ""k""]"					0.454	0.609	4.40670712046365	3.0777596589128304	3.74223338968824	3	4		1	1	39	6								0	0	1						dawn	dusk	0.454	0.609
MEANING_0100	Meaning	high_association	1	train	plus	model_blind_selected			USF Appendix A	USF:Cue_Target_Pairs.G-K:7164	jam	jelly		"[""d̠ʒ"", ""æ"", ""m""]"	"[""d̠ʒ"", ""ɛ"", ""l"", ""i""]"					0.453	0.213	4.131278914639319	3.852336448938176	3.991807681788748	3	4		1	2	269	664								0	0	1						jam	jelly	0.453	0.213
MEANING_0101	Meaning	high_association	1	train	plus	model_blind_selected			USF Appendix A	USF:Cue_Target_Pairs.S:8563	supper	dinner		"[""s"", ""ʌ"", ""p"", ""ə"", ""ɹ""]"	"[""d"", ""ɪ"", ""n"", ""ə"", ""ɹ""]"					0.545	0.535	4.287186768489692	5.3067823245530725	4.796984546521382	4	4		2	2	1110	2597								0	0	1						supper	dinner	0.545	0.535
MEANING_0102	Meaning	high_association	1	train	plus	model_blind_selected			USF Appendix A	USF:Cue_Target_Pairs.C:59	caboose	train		"[""k"", ""æ"", ""b"", ""uː"", ""s""]"	"[""t"", ""ɹ"", ""eɪ"", ""n""]"					0.721	0.051	2.769551078621726	4.977992435060294	3.87377175684101	5	4		2	1	158	3199								0	0	1						caboose	train	0.721	0.051
MEANING_0103	Meaning	high_association	1	train	plus	model_blind_selected			USF Appendix A	USF:Cue_Target_Pairs.L-O:1539	link	chain		"[""l"", ""ɪ"", ""ŋ"", ""k""]"	"[""t̠ʃ"", ""eɪ"", ""n""]"					0.4	0.106	4.0770471165349385	4.326657084672615	4.201852100603777	4	3		1	1	15	148								0	0	1						link	chain	0.4	0.106
MEANING_0104	Meaning	high_association	1	train	plus	model_blind_selected			USF Appendix A	USF:Cue_Target_Pairs.L-O:6028	mow	lawn		"[""m"", ""oʊ""]"	"[""l"", ""ɔ"", ""n""]"					0.449	0.092	3.3606156856482254	4.091770373355645	3.7261930295019354	2	3		1	1	76	118								0	0	1						mow	lawn	0.449	0.092
MEANING_0105	Meaning	high_association	1	train	plus	model_blind_selected			USF Appendix A	USF:Cue_Target_Pairs.S:3563	skillet	pan		"[""s"", ""k"", ""ɪ"", ""l"", ""ɪ"", ""t""]"	"[""p"", ""æ"", ""n""]"					0.48	0.027	3.0848215134003176	4.08969736473278	3.587259439066549	6	3		2	1	3	447								0	0	1						skillet	pan	0.48	0.027
MEANING_0106	Meaning	high_association	1	train	plus	model_blind_selected			USF Appendix A	USF:Cue_Target_Pairs.S:5777	spool	thread		"[""s"", ""p"", ""uː"", ""l""]"	"[""θ"", ""ɹ"", ""ɛ"", ""d""]"					0.739	0.0	2.7074031718728815	3.7123855723918213	3.2098943721323514	4	4		1	1	7	105								0	0	1						spool	thread	0.739	0.0
MEANING_0107	Meaning	high_association	1	train	plus	model_blind_selected			USF Appendix A	USF:Cue_Target_Pairs.T-Z:2974	transportation	car		"[""t"", ""ɹ"", ""æ"", ""n"", ""s"", ""p"", ""ɔ"", ""ɹ"", ""t"", ""eɪ"", ""ʃ"", ""ə"", ""n""]"	"[""k"", ""ɑ"", ""ɹ""]"					0.595	0.033	3.744216259426354	5.68400001932028	4.714108139373317	12	3		4	1	20	9830								0	0	1						transportation	car	0.595	0.033
MEANING_0108	Meaning	high_association	1	train	plus	model_blind_selected			USF Appendix A	USF:Cue_Target_Pairs.T-Z:5466	venom	snake		"[""v"", ""ɛ"", ""n"", ""ə"", ""m""]"	"[""s"", ""n"", ""eɪ"", ""k""]"					0.446	0.012	3.3679767852945943	4.349334675238536	3.858655730266565	5	4		2	1	4	1519								0	0	1						venom	snake	0.446	0.012
MEANING_0109	Meaning	high_association	1	train	plus	model_blind_selected			USF Appendix A	USF:Cue_Target_Pairs.L-O:8297	omelet	eggs		"[""ɑ"", ""m"", ""l"", ""ə"", ""t""]"	"[""ɛ"", ""ɡ"", ""z""]"					0.836	0.0	3.3752151942185136	4.587116448181507	3.98116582120001	5	3		2	1	6	1548								0	0	1						omelet	eggs	0.836	0.0
MEANING_0110	Meaning	high_association	1	train	plus	model_blind_selected			USF Appendix A	USF:Cue_Target_Pairs.A-B:3062	aspirin	headache		"[""æ"", ""s"", ""p"", ""ɹ"", ""ɪ"", ""n""]"	"[""h"", ""ɛ"", ""d"", ""eɪ"", ""k""]"					0.417	0.218	3.889026919528524	4.149158714284946	4.019092816906735	6	5		2	2	57	84								0	0	1						aspirin	headache	0.417	0.218
MEANING_0111	Meaning	high_association	1	train	plus	model_blind_selected			USF Appendix A	USF:Cue_Target_Pairs.T-Z:5006	vacate	leave		"[""v"", ""eɪ"", ""k"", ""eɪ"", ""t""]"	"[""l"", ""iː"", ""v""]"					0.633	0.0	3.040617850908264	5.748735112296145	4.394676481602204	5	3		2	1	0	3601								0	0	1	unseen_phase1:vacate					vacate	leave	0.633	0.0
MEANING_0112	Meaning	high_association	1	train	plus	model_blind_selected			USF Appendix A	USF:Cue_Target_Pairs.D-F:316	dashboard	car		"[""d"", ""æ"", ""ʃ"", ""b"", ""ɔ"", ""ɹ"", ""d""]"	"[""k"", ""ɑ"", ""ɹ""]"					0.74	0.0	2.9913998282380825	5.68400001932028	4.337699923779181	7	3		2	1	1	9830								0	0	1						dashboard	car	0.74	0.0
MEANING_0113	Meaning	high_association	1	train	plus	model_blind_selected			USF Appendix A	USF:Cue_Target_Pairs.S:1963	server	waiter		"[""s"", ""ɜː"", ""v"", ""ə"", ""ɹ""]"	"[""w"", ""eɪ"", ""t"", ""ə"", ""ɹ""]"					0.467	0.108	3.5934598195660445	4.12044488812604	3.8569523538460424	4	4		2	2	4	20								0	0	1						server	waiter	0.467	0.108
MEANING_0114	Meaning	high_association	1	train	plus	model_blind_selected			USF Appendix A	USF:Cue_Target_Pairs.G-K:5440	identical	twin		"[""aɪ"", ""d"", ""ɛ"", ""n"", ""t"", ""ɪ"", ""k"", ""ə"", ""l""]"	"[""t"", ""w"", ""ɪ"", ""n""]"					0.429	0.072	3.7426789322214247	4.018341456197112	3.8805101942092683	9	4		4	1	9	41								0	0	1						identical	twin	0.429	0.072
MEANING_0115	Meaning	high_association	1	train	plus	model_blind_selected			USF Appendix A	USF:Cue_Target_Pairs.D-F:1925	difficult	hard		"[""d"", ""ɪ"", ""f"", ""ɪ"", ""k"", ""ə"", ""l"", ""t""]"	"[""h"", ""ɑ"", ""ɹ"", ""d""]"					0.594	0.0	4.779285179179007	5.488329476311297	5.133807327745153	8	4		3	1	134	4028								0	0	1						difficult	hard	0.594	0.0
MEANING_0116	Meaning	high_association	1	train	plus	model_blind_selected			USF Appendix A	USF:Cue_Target_Pairs.S:7362	strand	hair		"[""s"", ""t"", ""ɹ"", ""æ"", ""n"", ""d""]"	"[""h"", ""ɛ"", ""ɹ""]"					0.453	0.0	3.2655576775017625	5.186247047869527	4.225902362685645	6	3		1	1	0	5390								0	0	1	unseen_phase1:strand					strand	hair	0.453	0.0
MEANING_0117	Meaning	high_association	1	train	plus	model_blind_selected			USF Appendix A	USF:Cue_Target_Pairs.S:289	saloon	bar		"[""s"", ""ə"", ""l"", ""uː"", ""n""]"	"[""b"", ""ɑ"", ""ɹ""]"					0.571	0.0	3.710731115221809	4.934399421604123	4.322565268412966	5	3		2	1	4	223								0	0	1						saloon	bar	0.571	0.0
MEANING_0118	Meaning	high_association	1	train	plus	model_blind_selected			USF Appendix A	USF:Cue_Target_Pairs.A-B:372	ache	pain		"[""eɪ"", ""k""]"	"[""p"", ""eɪ"", ""n""]"					0.507	0.013	3.3962335448580205	4.990965316464065	4.193599430661043	2	3		1	1	331	62								0	0	1						ache	pain	0.507	0.013
MEANING_0119	Meaning	high_association	1	train	plus	model_blind_selected			USF Appendix A	USF:Cue_Target_Pairs.C:3648	cocoon	butterfly		"[""k"", ""ə"", ""k"", ""uː"", ""n""]"	"[""b"", ""ʌ"", ""t"", ""ə"", ""ɹ"", ""f"", ""l"", ""aɪ""]"					0.412	0.024	3.048304679574555	3.7411361438071435	3.3947204116908494	5	7		2	3	470	1425								0	0	1						cocoon	butterfly	0.412	0.024
MEANING_0120	Meaning	high_association	1	train	plus	model_blind_selected			USF Appendix A	USF:Cue_Target_Pairs.L-O:369	lather	soap		"[""l"", ""æ"", ""ð"", ""ə"", ""ɹ""]"	"[""s"", ""oʊ"", ""p""]"					0.673	0.027	2.7395878552442827	4.181731526408374	3.4606596908263283	4	3		2	1	1	677								0	0	1						lather	soap	0.673	0.027
MEANING_0121	Meaning	high_association	1	train	plus	model_blind_selected			USF Appendix A	USF:Cue_Target_Pairs.D-F:9967	fright	scare		"[""f"", ""ɹ"", ""aɪ"", ""t""]"	"[""s"", ""k"", ""ɛ"", ""ɹ""]"					0.636	0.464	3.4416489365574434	4.525933584243198	3.983791260400321	4	4		1	1	21	389								0	0	1						fright	scare	0.636	0.464
MEANING_0122	Meaning	high_association	1	train	plus	model_blind_selected			USF Appendix A	USF:Cue_Target_Pairs.A-B:7054	boys	girls		"[""b"", ""ɔɪ"", ""z""]"	"[""ɡ"", ""ɜː"", ""l"", ""z""]"					0.5	0.503	5.3505520396849775	5.3187996354757825	5.33467583758038	3	4		1	1	1730	1397								0	0	1						boys	girls	0.5	0.503
MEANING_0123	Meaning	high_association	1	train	plus	model_blind_selected			USF Appendix A	USF:Cue_Target_Pairs.L-O:1348	lightheaded	dizzy		"[""l"", ""aɪ"", ""t"", ""h"", ""ɛ"", ""d"", ""ɪ"", ""d""]"	"[""d"", ""ɪ"", ""z"", ""i""]"					0.439	0.0	2.7395878552442827	3.9258982794816504	3.3327430673629665	8	4		3	2	0	157								0	0	1	unseen_phase1:lightheaded					lightheaded	dizzy	0.439	0.0
MEANING_0124	Meaning	high_association	1	train	plus	model_blind_selected			USF Appendix A	USF:Cue_Target_Pairs.A-B:1338	aid	help		"[""eɪ"", ""d""]"	"[""h"", ""ɛ"", ""l"", ""p""]"					0.432	0.065	4.14307605908513	5.964315102732613	5.0536955809088715	2	4		1	1	353	8958								0	0	1						aid	help	0.432	0.065
MEANING_0125	Meaning	high_association	1	train	plus	model_blind_selected			USF Appendix A	USF:Cue_Target_Pairs.T-Z:7751	wise	smart		"[""w"", ""aɪ"", ""z""]"	"[""s"", ""m"", ""ɑ"", ""ɹ"", ""t""]"					0.432	0.013	4.454396440266138	4.983422856001933	4.718909648134035	3	5		1	1	129	690								0	0	1						wise	smart	0.432	0.013
MEANING_0126	Meaning	high_association	1	train	plus	model_blind_selected			USF Appendix A	USF:Cue_Target_Pairs.D-F:2507	discussion	talk		"[""d"", ""ɪ"", ""s"", ""k"", ""ʌ"", ""ʃ"", ""ə"", ""n""]"	"[""t"", ""ɔ"", ""k""]"					0.55	0.0	4.084120472922182	5.931966114728173	5.008043293825177	8	3		3	1	26	5412								0	0	1						discussion	talk	0.55	0.0
MEANING_0127	Meaning	high_association	1	train	plus	model_blind_selected			USF Appendix A	USF:Cue_Target_Pairs.P-R:1503	perch	bird		"[""p"", ""ɜː"", ""t̠ʃ""]"	"[""b"", ""ɜː"", ""d""]"					0.547	0.0	2.9913998282380825	4.6575432555296405	3.8244715418838613	3	3		1	1	16	4830								0	0	1						perch	bird	0.547	0.0
MEANING_0128	Meaning	high_association	1	train	plus	model_blind_selected			USF Appendix A	USF:Cue_Target_Pairs.G-K:5663	immediate	now		"[""ɪ"", ""m"", ""iː"", ""d"", ""ɪ"", ""ə"", ""t""]"	"[""n"", ""aʊ""]"					0.609	0.028	4.049065932147911	6.505503762894741	5.277284847521326	7	2		4	1	2	35739								0	0	1						immediate	now	0.609	0.028
MEANING_0129	Meaning	high_association	1	train	plus	model_blind_selected			USF Appendix A	USF:Cue_Target_Pairs.T-Z:8679	zebra	stripe		"[""z"", ""iː"", ""b"", ""ɹ"", ""ə""]"	"[""s"", ""t"", ""ɹ"", ""aɪ"", ""p""]"					0.455	0.045	3.399639793549932	3.16166154363304	3.280650668591486	5	5		2	1	1001	55								0	0	1						zebra	stripe	0.455	0.045
MEANING_0130	Meaning	high_association	1	train	plus	model_blind_selected			USF Appendix A	USF:Cue_Target_Pairs.L-O:7139	nickel	dime		"[""n"", ""ɪ"", ""k"", ""ə"", ""l""]"	"[""d"", ""aɪ"", ""m""]"					0.469	0.527	3.9269070940627953	4.08130493967748	4.0041060168701375	5	3		2	1	227	216								0	0	1						nickel	dime	0.469	0.527
MEANING_0131	Meaning	high_association	1	train	plus	model_blind_selected			USF Appendix A	USF:Cue_Target_Pairs.L-O:4630	migraine	headache		"[""m"", ""aɪ"", ""ɡ"", ""ɹ"", ""eɪ"", ""n""]"	"[""h"", ""ɛ"", ""d"", ""eɪ"", ""k""]"					0.803	0.061	3.2701534291909113	4.149158714284946	3.7096560717379283	6	5		2	2	0	84								0	0	1	unseen_phase1:migraine					migraine	headache	0.803	0.061
MEANING_0132	Meaning	high_association	1	train	plus	model_blind_selected			USF Appendix A	USF:Cue_Target_Pairs.L-O:6728	needle	thread		"[""n"", ""iː"", ""d"", ""ə"", ""l""]"	"[""θ"", ""ɹ"", ""ɛ"", ""d""]"					0.424	0.758	4.076333403174798	3.7123855723918213	3.89435948778331	5	4		2	1	200	105								0	0	1						needle	thread	0.424	0.758
MEANING_0133	Meaning	high_association	1	train	plus	model_blind_selected			USF Appendix A	USF:Cue_Target_Pairs.T-Z:2023	toad	frog		"[""t"", ""oʊ"", ""d""]"	"[""f"", ""ɹ"", ""ɑ"", ""ɡ""]"					0.828	0.263	3.75482782180102	4.072747136042215	3.9137874789216176	3	4		1	1	188	1899								0	0	1						toad	frog	0.828	0.263
MEANING_0134	Meaning	high_association	1	train	plus	model_blind_selected			USF Appendix A	USF:Cue_Target_Pairs.A-B:6235	blubber	fat		"[""b"", ""l"", ""ʌ"", ""b"", ""ə"", ""ɹ""]"	"[""f"", ""æ"", ""t""]"					0.588	0.0	2.9258982794816504	4.899992067085652	3.912945173283651	5	3		2	1	2	1129								0	0	1						blubber	fat	0.588	0.0
MEANING_0135	Meaning	high_association	1	train	plus	model_blind_selected			USF Appendix A	USF:Cue_Target_Pairs.T-Z:2644	town	city		"[""t"", ""aʊ"", ""n""]"	"[""s"", ""ɪ"", ""t"", ""i""]"					0.529	0.307	5.394314311069605	5.2281385717447275	5.311226441407166	3	4		1	2	492	347								0	0	1						town	city	0.529	0.307
MEANING_0136	Meaning	high_association	1	train	plus	model_blind_selected			USF Appendix A	USF:Cue_Target_Pairs.P-R:3665	pork	pig		"[""p"", ""ɔ"", ""ɹ"", ""k""]"	"[""p"", ""ɪ"", ""ɡ""]"					0.594	0.106	4.022404109601619	4.592590360853416	4.307497235227517	4	3		1	1	185	2595								0	0	1						pork	pig	0.594	0.106
MEANING_0137	Meaning	high_association	1	train	plus	model_blind_selected			USF Appendix A	USF:Cue_Target_Pairs.C:1337	cavity	tooth		"[""k"", ""æ"", ""v"", ""ɪ"", ""t"", ""i""]"	"[""t"", ""uː"", ""θ""]"					0.543	0.043	3.4742734118468364	4.132535918358822	3.8034046651028293	6	3		3	1	19	469								0	0	1						cavity	tooth	0.543	0.043
MEANING_0138	Meaning	high_association	1	train	plus	model_blind_selected			USF Appendix A	USF:Cue_Target_Pairs.S:3529	ski	snow		"[""s"", ""k"", ""iː""]"	"[""s"", ""n"", ""oʊ""]"					0.412	0.038	3.908379875558465	4.496278287648298	4.202329081603382	3	3		1	1	54	1617								0	0	1						ski	snow	0.412	0.038
MEANING_0139	Meaning	high_association	1	train	plus	model_blind_selected			USF Appendix A	USF:Cue_Target_Pairs.T-Z:549	teach	learn		"[""t"", ""iː"", ""t̠ʃ""]"	"[""l"", ""ɜː"", ""n""]"					0.415	0.178	4.862388641998658	5.073969792508006	4.968179217253332	3	3		1	1	519	922								0	0	1						teach	learn	0.415	0.178
MEANING_0140	Meaning	high_association	1	train	plus	model_blind_selected			USF Appendix A	USF:Cue_Target_Pairs.G-K:5560	illness	sick		"[""ɪ"", ""l"", ""n"", ""ə"", ""s""]"	"[""s"", ""ɪ"", ""k""]"					0.723	0.024	3.8618037335171094	5.21861787300927	4.540210803263189	5	3		2	1	3	1417								0	0	1						illness	sick	0.723	0.024
MEANING_0141	Meaning	high_association	1	train	plus	model_blind_selected			USF Appendix A	USF:Cue_Target_Pairs.L-O:8357	opening	closing		"[""oʊ"", ""p"", ""ə"", ""n"", ""ɪ"", ""ŋ""]"	"[""k"", ""l"", ""oʊ"", ""z"", ""ɪ"", ""ŋ""]"					0.507	0.48	4.58468589525854	4.417259973315923	4.5009729342872316	6	6		3	2	205	144								0	0	1						opening	closing	0.507	0.48
MEANING_0142	Meaning	high_association	1	train	plus	model_blind_selected			USF Appendix A	USF:Cue_Target_Pairs.D-F:8731	flunk	fail		"[""f"", ""l"", ""ʌ"", ""ŋ"", ""k""]"	"[""f"", ""eɪ"", ""l""]"					0.621	0.089	3.256217651247619	4.390727360396761	3.82347250582219	5	3		1	1	2	12								0	0	1						flunk	fail	0.621	0.089
MEANING_0143	Meaning	high_association	1	train	plus	model_blind_selected			USF Appendix A	USF:Cue_Target_Pairs.C:3126	clever	smart		"[""k"", ""l"", ""ɛ"", ""v"", ""ə"", ""ɹ""]"	"[""s"", ""m"", ""ɑ"", ""ɹ"", ""t""]"					0.615	0.0	4.43575695389411	4.983422856001933	4.709589904948022	5	5		2	1	103	690								0	0	1						clever	smart	0.615	0.0
MEANING_0144	Meaning	high_association	1	train	plus	model_blind_selected			USF Appendix A	USF:Cue_Target_Pairs.L-O:4232	mend	fix		"[""m"", ""ɛ"", ""n"", ""d""]"	"[""f"", ""ɪ"", ""k"", ""s""]"					0.476	0.041	3.4162814648691495	4.938441233493303	4.1773613491812265	4	4		1	1	11	3461								0	0	1						mend	fix	0.476	0.041
MEANING_0145	Meaning	high_association	1	train	plus	model_blind_selected			USF Appendix A	USF:Cue_Target_Pairs.P-R:5855	purchase	buy		"[""p"", ""ɜː"", ""t̠ʃ"", ""ɪ"", ""s""]"	"[""b"", ""aɪ""]"					0.577	0.133	3.8043131848809377	5.2842758775469605	4.544294531213949	5	2		2	1	6	2776								0	0	1						purchase	buy	0.577	0.133
MEANING_0146	Meaning	low_association	1	train	plus	model_blind_selected			USF Appendix A	USF:Cue_Target_Pairs.T-Z:3691	tumor	brain		"[""t"", ""uː"", ""m"", ""ə"", ""ɹ""]"	"[""b"", ""ɹ"", ""eɪ"", ""n""]"					0.189	0.017	3.7123855723918213	4.886601303016976	4.299493437704399	4	4		2	1	1	130								0	0	1						tumor	brain	0.189	0.017
MEANING_0147	Meaning	low_association	1	train	plus	model_blind_selected			USF Appendix A	USF:Cue_Target_Pairs.L-O:8511	optimistic	happy		"[""ɑ"", ""p"", ""t"", ""ɪ"", ""m"", ""ɪ"", ""s"", ""t"", ""ɪ"", ""k""]"	"[""h"", ""æ"", ""p"", ""i""]"					0.195	0.0	3.530475927030859	5.522699881313269	4.5265879041720645	10	4		4	2	4	3181								0	0	1						optimistic	happy	0.195	0.0
MEANING_0148	Meaning	low_association	1	train	plus	model_blind_selected			USF Appendix A	USF:Cue_Target_Pairs.D-F:7975	fin	shark		"[""f"", ""ɪ"", ""n""]"	"[""ʃ"", ""ɑ"", ""ɹ"", ""k""]"					0.228	0.014	3.5329790721846632	4.175523182477754	3.8542511273312083	3	4		1	1	54	512								0	0	1						fin	shark	0.228	0.014
MEANING_0149	Meaning	low_association	1	train	plus	model_blind_selected			USF Appendix A	USF:Cue_Target_Pairs.C:7257	curb	street		"[""k"", ""ɜː"", ""b""]"	"[""s"", ""t"", ""ɹ"", ""iː"", ""t""]"					0.196	0.013	3.6125761100131175	5.170779246119839	4.391677678066478	3	5		1	1	8	1293								0	0	1						curb	street	0.196	0.013
MEANING_0150	Meaning	low_association	1	train	plus	model_blind_selected			USF Appendix A	USF:Cue_Target_Pairs.P-R:1234	pear	apple		"[""p"", ""ɛ"", ""ɹ""]"	"[""æ"", ""p"", ""ə"", ""l""]"					0.252	0.047	3.1249387366083	4.374137093999413	3.7495379153038564	3	4		1	2	549	4300								0	0	1						pear	apple	0.252	0.047
MEANING_0151	Meaning	low_association	1	train	plus	model_blind_selected			USF Appendix A	USF:Cue_Target_Pairs.A-B:7850	buggy	car		"[""b"", ""ʌ"", ""ɡ"", ""i""]"	"[""k"", ""ɑ"", ""ɹ""]"					0.236	0.0	3.3962335448580205	5.68400001932028	4.54011678208915	4	3		2	1	146	9830								0	0	1						buggy	car	0.236	0.0
MEANING_0152	Meaning	low_association	1	train	plus	model_blind_selected			USF Appendix A	USF:Cue_Target_Pairs.T-Z:2983	trap	mouse		"[""t"", ""ɹ"", ""æ"", ""p""]"	"[""m"", ""aʊ"", ""s""]"					0.197	0.029	4.37736339883878	4.2814344396006	4.32939891921969	4	3		1	1	96	2275								0	0	1						trap	mouse	0.197	0.029
MEANING_0153	Meaning	low_association	1	train	plus	model_blind_selected			USF Appendix A	USF:Cue_Target_Pairs.L-O:1540	link	connect		"[""l"", ""ɪ"", ""ŋ"", ""k""]"	"[""k"", ""ə"", ""n"", ""ɛ"", ""k"", ""t""]"					0.179	0.02	4.0770471165349385	3.984394926669424	4.030721021602181	4	6		1	2	15	84								0	0	1						link	connect	0.179	0.02
MEANING_0154	Meaning	low_association	1	train	plus	model_blind_selected			USF Appendix A	USF:Cue_Target_Pairs.G-K:238	gather	together		"[""ɡ"", ""æ"", ""ð"", ""ə"", ""ɹ""]"	"[""t"", ""ə"", ""ɡ"", ""ɛ"", ""ð"", ""ə"", ""ɹ""]"					0.145	0.0	4.194976603216055	5.583643224175661	4.8893099136958575	4	6		2	3	22	3657								0	0	1						gather	together	0.145	0.0
MEANING_0155	Meaning	low_association	1	train	plus	model_blind_selected			USF Appendix A	USF:Cue_Target_Pairs.G-K:2	gag	choke		"[""ɡ"", ""æ"", ""ɡ""]"	"[""t̠ʃ"", ""oʊ"", ""k""]"					0.173	0.128	3.848732324669351	3.8109437637799513	3.829838044224651	3	3		1	1	22	267								0	0	1						gag	choke	0.173	0.128
MEANING_0156	Meaning	low_association	1	train	plus	model_blind_selected			USF Appendix A	USF:Cue_Target_Pairs.P-R:6805	razor	shave		"[""ɹ"", ""eɪ"", ""z"", ""ə"", ""ɹ""]"	"[""ʃ"", ""eɪ"", ""v""]"					0.172	0.151	3.8377369403678876	4.138766936031869	3.9882519381998787	4	3		2	1	54	134								0	0	1						razor	shave	0.172	0.151
MEANING_0157	Meaning	low_association	1	train	plus	model_blind_selected			USF Appendix A	USF:Cue_Target_Pairs.A-B:5596	binder	book		"[""b"", ""aɪ"", ""n"", ""d"", ""ə"", ""ɹ""]"	"[""b"", ""ʊ"", ""k""]"					0.143	0.0	2.883494430928563	5.247925153086191	4.065709792007377	5	3		2	1	2	14341								0	0	1						binder	book	0.143	0.0
MEANING_0158	Meaning	low_association	1	train	plus	model_blind_selected			USF Appendix A	USF:Cue_Target_Pairs.D-F:142	dancer	ballet		"[""d"", ""æ"", ""n"", ""s"", ""ə"", ""ɹ""]"	"[""b"", ""æ"", ""l"", ""eɪ""]"					0.255	0.076	4.212030847686174	4.0109315127693375	4.111481180227756	5	4		2	2	190	386								0	0	1						dancer	ballet	0.255	0.076
MEANING_0159	Meaning	low_association	1	train	plus	model_blind_selected			USF Appendix A	USF:Cue_Target_Pairs.A-B:7747	brush	comb		"[""b"", ""ɹ"", ""ʌ"", ""ʃ""]"	"[""k"", ""oʊ"", ""m""]"					0.163	0.636	4.150967021471702	3.7823883033268983	3.9666776623993005	4	3		1	1	1955	829								0	0	1						brush	comb	0.163	0.636
MEANING_0160	Meaning	low_association	1	train	plus	model_blind_selected			USF Appendix A	USF:Cue_Target_Pairs.A-B:4085	bald	hair		"[""b"", ""ɔ"", ""l"", ""d""]"	"[""h"", ""ɛ"", ""ɹ""]"					0.222	0.0	3.987911500392261	5.186247047869527	4.587079274130894	4	3		1	1	56	5390								0	0	1						bald	hair	0.222	0.0
MEANING_0161	Meaning	low_association	1	train	plus	model_blind_selected			USF Appendix A	USF:Cue_Target_Pairs.C:856	careless	reckless		"[""k"", ""ɛ"", ""ɹ"", ""l"", ""ə"", ""s""]"	"[""ɹ"", ""ɛ"", ""k"", ""l"", ""ə"", ""s""]"					0.184	0.136	3.6921035453831017	3.6921035453831017	3.6921035453831017	6	6		2	2	18	6								0	0	1						careless	reckless	0.184	0.136
MEANING_0162	Meaning	low_association	1	train	plus	model_blind_selected			USF Appendix A	USF:Cue_Target_Pairs.S:6241	stain	spot		"[""s"", ""t"", ""eɪ"", ""n""]"	"[""s"", ""p"", ""ɑ"", ""t""]"					0.188	0.345	3.7921169065204676	4.789359471975279	4.2907381892478735	4	4		1	1	26	625								0	0	1						stain	spot	0.188	0.345
MEANING_0163	Meaning	low_association	1	train	plus	model_blind_selected			USF Appendix A	USF:Cue_Target_Pairs.D-F:4593	eggs	chicken		"[""ɛ"", ""ɡ"", ""z""]"	"[""t̠ʃ"", ""ɪ"", ""k"", ""ɪ"", ""n""]"					0.176	0.022	4.587116448181507	4.790464547589091	4.688790497885298	3	5		1	2	1548	2514								0	0	1						eggs	chicken	0.176	0.022
MEANING_0164	Meaning	low_association	1	train	plus	model_blind_selected			USF Appendix A	USF:Cue_Target_Pairs.T-Z:3447	truce	peace		"[""t"", ""ɹ"", ""uː"", ""s""]"	"[""p"", ""iː"", ""s""]"					0.351	0.0	3.63485250472427	4.8426581769571575	4.238755340840713	4	3		1	1	0	70								0	0	1	unseen_phase1:truce					truce	peace	0.351	0.0
MEANING_0165	Meaning	low_association	1	train	plus	model_blind_selected			USF Appendix A	USF:Cue_Target_Pairs.L-O:5382	moment	second		"[""m"", ""oʊ"", ""m"", ""ə"", ""n"", ""t""]"	"[""s"", ""ɛ"", ""k"", ""ə"", ""n"", ""d""]"					0.23	0.0	5.271932672689465	5.454187019163791	5.363059845926628	6	6		2	2	144	1552								0	0	1						moment	second	0.23	0.0
MEANING_0166	Meaning	low_association	1	train	plus	model_blind_selected			USF Appendix A	USF:Cue_Target_Pairs.L-O:6259	musk	cologne		"[""m"", ""ʌ"", ""s"", ""k""]"	"[""k"", ""ə"", ""l"", ""oʊ"", ""n""]"					0.25	0.0	2.723793588061051	3.4992556999339133	3.111524643997482	4	5		1	2	4	4								0	0	1						musk	cologne	0.25	0.0
MEANING_0167	Meaning	low_association	1	train	plus	model_blind_selected			USF Appendix A	USF:Cue_Target_Pairs.T-Z:7093	weight	fat		"[""w"", ""eɪ"", ""t""]"	"[""f"", ""æ"", ""t""]"					0.265	0.0	4.559601552305077	4.899992067085652	4.729796809695364	3	3		1	1	87	1129								0	0	1						weight	fat	0.265	0.0
MEANING_0168	Meaning	low_association	1	train	plus	model_blind_selected			USF Appendix A	USF:Cue_Target_Pairs.A-B:7486	bright	light		"[""b"", ""ɹ"", ""aɪ"", ""t""]"	"[""l"", ""aɪ"", ""t""]"					0.214	0.053	4.647498030250914	5.21799973344544	4.932748881848177	4	3		1	1	381	3237								0	0	1						bright	light	0.214	0.053
MEANING_0169	Meaning	low_association	1	train	plus	model_blind_selected			USF Appendix A	USF:Cue_Target_Pairs.L-O:1548	lint	dust		"[""l"", ""ɪ"", ""n"", ""t""]"	"[""d"", ""ʌ"", ""s"", ""t""]"					0.204	0.0	3.1249387366083	4.37736339883878	3.75115106772354	4	4		1	1	14	202								0	0	1						lint	dust	0.204	0.0
MEANING_0170	Meaning	low_association	1	train	plus	model_blind_selected			USF Appendix A	USF:Cue_Target_Pairs.A-B:5383	bent	straight		"[""b"", ""ɛ"", ""n"", ""t""]"	"[""s"", ""t"", ""ɹ"", ""eɪ"", ""t""]"					0.204	0.041	3.8582776425755814	5.087892718292443	4.473085180434012	4	5		1	1	86	677								0	0	1						bent	straight	0.204	0.041
MEANING_0171	Meaning	low_association	1	train	plus	model_blind_selected			USF Appendix A	USF:Cue_Target_Pairs.L-O:7968	obstacle	course		"[""ɑ"", ""b"", ""s"", ""t"", ""ə"", ""k"", ""ə"", ""l""]"	"[""k"", ""ɔ"", ""ɹ"", ""s""]"					0.14	0.0	3.4130037551079138	5.687721262286547	4.55036250869723	8	4		3	1	10	746								0	0	1						obstacle	course	0.14	0.0
MEANING_0172	Meaning	low_association	1	train	plus	model_blind_selected			USF Appendix A	USF:Cue_Target_Pairs.C:1944	cheat	lie		"[""t̠ʃ"", ""iː"", ""t""]"	"[""l"", ""aɪ""]"					0.176	0.121	4.2471546148811266	5.080102788589556	4.663628701735341	3	2		1	1	72	633								0	0	1						cheat	lie	0.176	0.121
MEANING_0173	Meaning	low_association	1	train	plus	model_blind_selected			USF Appendix A	USF:Cue_Target_Pairs.P-R:2094	pie	apple		"[""p"", ""aɪ""]"	"[""æ"", ""p"", ""ə"", ""l""]"					0.228	0.074	4.458563794207173	4.374137093999413	4.416350444103292	2	4		1	2	2176	4300								0	0	1						pie	apple	0.228	0.074
MEANING_0174	Meaning	low_association	1	train	plus	model_blind_selected			USF Appendix A	USF:Cue_Target_Pairs.D-F:1425	despair	sad		"[""d"", ""ɪ"", ""s"", ""p"", ""ɛ"", ""ɹ""]"	"[""s"", ""æ"", ""d""]"					0.214	0.0	3.7681010122264933	4.801901176004613	4.285001094115553	6	3		2	1	0	1096								0	0	1	unseen_phase1:despair					despair	sad	0.214	0.0
MEANING_0175	Meaning	low_association	1	train	plus	model_blind_selected			USF Appendix A	USF:Cue_Target_Pairs.T-Z:5324	vast	large		"[""v"", ""æ"", ""s"", ""t""]"	"[""l"", ""ɑ"", ""ɹ"", ""d̠ʒ""]"					0.207	0.0	3.7851902129289012	4.617534806873471	4.201362509901186	4	4		1	1	1	188								0	0	1						vast	large	0.207	0.0
MEANING_0176	Meaning	low_association	1	train	plus	model_blind_selected			USF Appendix A	USF:Cue_Target_Pairs.D-F:8866	foe	friend		"[""f"", ""oʊ""]"	"[""f"", ""ɹ"", ""ɛ"", ""n"", ""d""]"					0.338	0.078	3.2655576775017625	5.6225187696505445	4.444038223576154	2	5		1	1	12	2252								0	0	1						foe	friend	0.338	0.078
MEANING_0177	Meaning	low_association	1	train	plus	model_blind_selected			USF Appendix A	USF:Cue_Target_Pairs.G-K:105	games	play		"[""ɡ"", ""eɪ"", ""m"", ""z""]"	"[""p"", ""l"", ""eɪ""]"					0.164	0.0	4.651695988508812	5.549652270089638	5.100674129299225	4	3		1	1	526	19767								0	0	1						games	play	0.164	0.0
MEANING_0178	Meaning	low_association	1	train	plus	model_blind_selected			USF Appendix A	USF:Cue_Target_Pairs.T-Z:576	team	football		"[""t"", ""iː"", ""m""]"	"[""f"", ""ʊ"", ""t"", ""b"", ""ɔ"", ""l""]"					0.189	0.028	5.169109434321264	4.574371757342888	4.871740595832076	3	6		1	2	212	1185								0	0	1						team	football	0.189	0.028
MEANING_0179	Meaning	low_association	1	train	plus	model_blind_selected			USF Appendix A	USF:Cue_Target_Pairs.D-F:7717	fever	sick		"[""f"", ""iː"", ""v"", ""ə"", ""ɹ""]"	"[""s"", ""ɪ"", ""k""]"					0.288	0.016	4.299750776824808	5.21861787300927	4.759184324917039	4	3		2	1	66	1417								0	0	1						fever	sick	0.288	0.016
MEANING_0180	Meaning	low_association	1	train	plus	model_blind_selected			USF Appendix A	USF:Cue_Target_Pairs.T-Z:2263	tongue	mouth		"[""t"", ""ʌ"", ""ŋ""]"	"[""m"", ""aʊ"", ""θ""]"					0.383	0.114	4.493553721109443	5.018749436012839	4.756151578561141	3	3		1	1	771	4899								0	0	1						tongue	mouth	0.383	0.114
MEANING_0181	Meaning	low_association	1	train	plus	model_blind_selected			USF Appendix A	USF:Cue_Target_Pairs.G-K:5804	impression	first		"[""ɪ"", ""m"", ""p"", ""ɹ"", ""ɛ"", ""ʃ"", ""ə"", ""n""]"	"[""f"", ""ɜː"", ""s"", ""t""]"					0.244	0.0	4.268320960303856	5.924573176795779	5.096447068549818	8	4		3	1	10	6261								0	0	1						impression	first	0.244	0.0
MEANING_0182	Meaning	low_association	1	train	plus	model_blind_selected			USF Appendix A	USF:Cue_Target_Pairs.A-B:450	acorn	tree		"[""eɪ"", ""k"", ""ɔ"", ""ɹ"", ""n""]"	"[""t"", ""ɹ"", ""iː""]"					0.374	0.0	2.8606315479690587	4.812913356642856	3.836772452305957	5	3		2	1	53	2858								0	0	1						acorn	tree	0.374	0.0
MEANING_0183	Meaning	low_association	1	train	plus	model_blind_selected			USF Appendix A	USF:Cue_Target_Pairs.G-K:7211	jaw	shark		"[""d̠ʒ"", ""ɔ""]"	"[""ʃ"", ""ɑ"", ""ɹ"", ""k""]"					0.199	0.0	3.8535312075511197	4.175523182477754	4.014527195014437	2	4		1	1	20	512								0	0	1						jaw	shark	0.199	0.0
MEANING_0184	Meaning	low_association	1	train	plus	model_blind_selected			USF Appendix A	USF:Cue_Target_Pairs.S:6958	sticker	bumper		"[""s"", ""t"", ""ɪ"", ""k"", ""ə"", ""ɹ""]"	"[""b"", ""ʌ"", ""m"", ""p"", ""ə"", ""ɹ""]"					0.166	0.163	3.44471816828512	3.5501083987712483	3.497413283528184	5	5		2	2	386	109								0	0	1						sticker	bumper	0.166	0.163
MEANING_0185	Meaning	low_association	1	train	plus	model_blind_selected			USF Appendix A	USF:Cue_Target_Pairs.A-B:262	accomplish	do		"[""ə"", ""k"", ""ɑ"", ""m"", ""p"", ""l"", ""ɪ"", ""ʃ""]"	"[""d"", ""uː""]"					0.143	0.039	3.7666460879783186	6.787856206035433	5.277251147006876	8	2		3	1	1	107496								0	0	1						accomplish	do	0.143	0.039
MEANING_0186	Meaning	low_association	1	train	plus	model_blind_selected			USF Appendix A	USF:Cue_Target_Pairs.D-F:5197	enemy	friend		"[""ɛ"", ""n"", ""ə"", ""m"", ""i""]"	"[""f"", ""ɹ"", ""ɛ"", ""n"", ""d""]"					0.313	0.215	4.685829519195165	5.6225187696505445	5.154174144422855	5	5		3	1	30	2252								0	0	1						enemy	friend	0.313	0.215
MEANING_0187	Meaning	low_association	1	train	plus	model_blind_selected			USF Appendix A	USF:Cue_Target_Pairs.S:4558	snuggle	hug		"[""s"", ""n"", ""ʌ"", ""ɡ"", ""ə"", ""l""]"	"[""h"", ""ʌ"", ""ɡ""]"					0.171	0.0	3.1119737594439325	4.286306738843274	3.6991402491436034	6	3		2	1	159	1169								0	0	1						snuggle	hug	0.171	0.0
MEANING_0188	Meaning	low_association	1	train	plus	model_blind_selected			USF Appendix A	USF:Cue_Target_Pairs.S:5637	spit	saliva		"[""s"", ""p"", ""ɪ"", ""t""]"	"[""s"", ""ə"", ""l"", ""aɪ"", ""v"", ""ə""]"					0.263	0.365	4.286746976571701	3.42276359239707	3.8547552844843853	4	6		1	3	351	3								0	0	1						spit	saliva	0.263	0.365
MEANING_0189	Meaning	low_association	1	train	plus	model_blind_selected			USF Appendix A	USF:Cue_Target_Pairs.C:462	cane	old		"[""k"", ""eɪ"", ""n""]"	"[""oʊ"", ""l"", ""d""]"					0.18	0.0	3.9208187539523753	5.7845753419463515	4.852697047949364	3	3		1	1	217	3976								0	0	1						cane	old	0.18	0.0
MEANING_0190	Meaning	low_association	1	train	plus	model_blind_selected			USF Appendix A	USF:Cue_Target_Pairs.D-F:1854	diet	fat		"[""d"", ""aɪ"", ""ə"", ""t""]"	"[""f"", ""æ"", ""t""]"					0.194	0.011	4.186745886586502	4.899992067085652	4.543368976836077	4	3		2	1	98	1129								0	0	1						diet	fat	0.194	0.011
MEANING_0191	Meaning	low_association	1	train	plus	model_blind_selected			USF Appendix A	USF:Cue_Target_Pairs.C:3803	college	school		"[""k"", ""ɑ"", ""l"", ""ɪ"", ""d̠ʒ""]"	"[""s"", ""k"", ""uː"", ""l""]"					0.238	0.112	4.930319640482854	5.5225976402482555	5.226458640365555	5	4		2	1	114	6413								0	0	1						college	school	0.238	0.112
MEANING_0192	Meaning	low_association	1	train	plus	model_blind_selected			USF Appendix A	USF:Cue_Target_Pairs.C:1096	casket	death		"[""k"", ""æ"", ""s"", ""k"", ""ɪ"", ""t""]"	"[""d"", ""ɛ"", ""θ""]"					0.354	0.0	3.5019448384446945	5.3358314028129445	4.41888812062882	6	3		2	1	0	57								0	0	1	unseen_phase1:casket					casket	death	0.354	0.0
MEANING_0193	Meaning	low_association	1	train	plus	model_blind_selected			USF Appendix A	USF:Cue_Target_Pairs.S:8870	sway	swing		"[""s"", ""w"", ""eɪ""]"	"[""s"", ""w"", ""ɪ"", ""ŋ""]"					0.185	0.041	3.4030195342013125	4.414645702174891	3.908832618188102	3	4		1	1	3	904								0	0	1						sway	swing	0.185	0.041
MEANING_0194	Meaning	low_association	1	train	plus	model_blind_selected			USF Appendix A	USF:Cue_Target_Pairs.S:3832	slide	slip		"[""s"", ""l"", ""aɪ"", ""d""]"	"[""s"", ""l"", ""ɪ"", ""p""]"					0.2	0.066	4.250993707124032	4.413003755107914	4.331998731115973	4	4		1	1	1366	176								0	0	1						slide	slip	0.2	0.066
MEANING_0195	Meaning	low_association	1	train	plus	model_blind_selected			USF Appendix A	USF:Cue_Target_Pairs.D-F:10002	frisk	police		"[""f"", ""ɹ"", ""ɪ"", ""s"", ""k""]"	"[""p"", ""ə"", ""l"", ""iː"", ""s""]"					0.176	0.0	3.190056915192505	5.373200570742785	4.281628742967645	5	5		1	2	4	748								0	0	1						frisk	police	0.176	0.0
MEANING_0196	Meaning	low_association	1	train	plus	model_blind_selected			USF Appendix A	USF:Cue_Target_Pairs.S:274	saliva	mouth		"[""s"", ""ə"", ""l"", ""aɪ"", ""v"", ""ə""]"	"[""m"", ""aʊ"", ""θ""]"					0.262	0.0	3.42276359239707	5.018749436012839	4.220756514204954	6	3		3	1	3	4899								0	0	1						saliva	mouth	0.262	0.0
MEANING_0197	Meaning	low_association	1	train	plus	model_blind_selected			USF Appendix A	USF:Cue_Target_Pairs.S:6605	statement	sentence		"[""s"", ""t"", ""eɪ"", ""t"", ""m"", ""ə"", ""n"", ""t""]"	"[""s"", ""ɛ"", ""n"", ""t"", ""ə"", ""n"", ""s""]"					0.216	0.0	4.465907467355058	4.312376505580906	4.3891419864679815	8	7		2	2	11	112								0	0	1						statement	sentence	0.216	0.0
MEANING_0198	Meaning	low_association	1	train	plus	model_blind_selected			USF Appendix A	USF:Cue_Target_Pairs.G-K:3317	headache	pain		"[""h"", ""ɛ"", ""d"", ""eɪ"", ""k""]"	"[""p"", ""eɪ"", ""n""]"					0.361	0.032	4.149158714284946	4.990965316464065	4.570062015374505	5	3		2	1	84	62								0	0	1						headache	pain	0.361	0.032
MEANING_0199	Meaning	low_association	1	train	plus	model_blind_selected			USF Appendix A	USF:Cue_Target_Pairs.L-O:295	laser	beam		"[""l"", ""eɪ"", ""z"", ""ə"", ""ɹ""]"	"[""b"", ""iː"", ""m""]"					0.363	0.041	3.928917720255429	3.9407898348829953	3.934853777569212	4	3		2	1	15	35								0	0	1						laser	beam	0.363	0.041
MEANING_0200	Meaning	low_association	1	train	plus	model_blind_selected			USF Appendix A	USF:Cue_Target_Pairs.S:8192	suffocate	die		"[""s"", ""ʌ"", ""f"", ""ə"", ""k"", ""eɪ"", ""t""]"	"[""d"", ""aɪ""]"					0.255	0.0	3.1789205490745456	5.416868834458589	4.297894691766567	7	2		3	1	6	403								0	0	1						suffocate	die	0.255	0.0
MEANING_0201	Meaning	low_association	1	train	plus	model_blind_selected			USF Appendix A	USF:Cue_Target_Pairs.L-O:157	lake	river		"[""l"", ""eɪ"", ""k""]"	"[""ɹ"", ""ɪ"", ""v"", ""ə"", ""ɹ""]"					0.142	0.118	4.556302500767288	4.744062771359054	4.650182636063171	3	4		1	2	153	263								0	0	1						lake	river	0.142	0.118
MEANING_0202	Meaning	low_association	1	train	plus	model_blind_selected			USF Appendix A	USF:Cue_Target_Pairs.C:4964	conquer	defeat		"[""k"", ""ɑ"", ""ŋ"", ""k"", ""ə"", ""ɹ""]"	"[""d"", ""ɪ"", ""f"", ""iː"", ""t""]"					0.16	0.033	3.697263540522002	4.055857817465001	3.8765606789935014	5	5		2	2	0	1								0	0	1	unseen_phase1:conquer					conquer	defeat	0.16	0.033
MEANING_0203	Meaning	low_association	1	train	plus	model_blind_selected			USF Appendix A	USF:Cue_Target_Pairs.S:9155	synagogue	church		"[""s"", ""ɪ"", ""n"", ""ə"", ""ɡ"", ""ɑ"", ""ɡ""]"	"[""t̠ʃ"", ""ɜː"", ""t̠ʃ""]"					0.375	0.0	2.982625903930577	4.843025031391392	3.9128254676609844	7	3		3	1	0	293								0	0	1	unseen_phase1:synagogue					synagogue	church	0.375	0.0
MEANING_0204	Meaning	low_association	1	train	plus	model_blind_selected			USF Appendix A	USF:Cue_Target_Pairs.P-R:9238	rod	reel		"[""ɹ"", ""ɑ"", ""d""]"	"[""ɹ"", ""iː"", ""l""]"					0.279	0.291	4.030417150235494	3.5125379119421187	3.7714775310888067	3	3		1	1	50	35								0	0	1						rod	reel	0.279	0.291
MEANING_0205	Meaning	low_association	1	train	plus	model_blind_selected			USF Appendix A	USF:Cue_Target_Pairs.C:1514	ceramic	pottery		"[""s"", ""ɪ"", ""ɹ"", ""æ"", ""m"", ""ɪ"", ""k""]"	"[""p"", ""ɑ"", ""t"", ""ə"", ""ɹ"", ""ɹ"", ""i""]"					0.236	0.046	3.0848215134003176	3.2655576775017625	3.17518959545104	6	5		3	3	6	10								0	0	1						ceramic	pottery	0.236	0.046
MEANING_0206	Meaning	low_association	1	train	plus	model_blind_selected			USF Appendix A	USF:Cue_Target_Pairs.G-K:6976	irritate	annoy		"[""ɪ"", ""ɹ"", ""ɪ"", ""t"", ""eɪ"", ""t""]"	"[""ə"", ""n"", ""ɔɪ""]"					0.205	0.089	2.973671061277651	3.399639793549932	3.1866554274137915	6	3		3	2	0	8								0	0	1	unseen_phase1:irritate					irritate	annoy	0.205	0.089
MEANING_0207	Meaning	low_association	1	train	plus	model_blind_selected			USF Appendix A	USF:Cue_Target_Pairs.D-F:1461	destiny	future		"[""d"", ""ɛ"", ""s"", ""t"", ""ɪ"", ""n"", ""i""]"	"[""f"", ""j"", ""uː"", ""t̠ʃ"", ""ə"", ""ɹ""]"					0.221	0.0	4.362467690509819	5.014899209786094	4.688683450147956	7	5		3	2	0	14								0	0	1	unseen_phase1:destiny					destiny	future	0.221	0.0
MEANING_0208	Meaning	low_association	1	train	plus	model_blind_selected			USF Appendix A	USF:Cue_Target_Pairs.G-K:7210	jaw	mouth		"[""d̠ʒ"", ""ɔ""]"	"[""m"", ""aʊ"", ""θ""]"					0.253	0.0	3.8535312075511197	5.018749436012839	4.436140321781979	2	3		1	1	20	4899								0	0	1						jaw	mouth	0.253	0.0
MEANING_0209	Meaning	low_association	1	train	plus	model_blind_selected			USF Appendix A	USF:Cue_Target_Pairs.D-F:8604	floor	tile		"[""f"", ""l"", ""ɔ"", ""ɹ""]"	"[""t"", ""aɪ"", ""l""]"					0.17	0.578	5.002716471604955	3.325853579389013	4.164285025496984	4	3		1	1	970	22								0	0	1						floor	tile	0.17	0.578
MEANING_0210	Meaning	low_association	1	train	plus	model_blind_selected			USF Appendix A	USF:Cue_Target_Pairs.G-K:8314	knit	sew		"[""n"", ""ɪ"", ""t""]"	"[""s"", ""oʊ""]"					0.284	0.039	3.2792015581683085	3.7395878552442827	3.5093947067062956	3	2		1	1	194	275								0	0	1						knit	sew	0.284	0.039
MEANING_0211	Meaning	low_association	1	train	plus	model_blind_selected			USF Appendix A	USF:Cue_Target_Pairs.G-K:3041	harvest	crops		"[""h"", ""ɑ"", ""ɹ"", ""v"", ""ɪ"", ""s"", ""t""]"	"[""k"", ""ɹ"", ""ɑ"", ""p"", ""s""]"					0.185	0.034	3.5824644352645816	3.4162814648691495	3.4993729500668653	7	5		2	1	33	5								0	0	1						harvest	crops	0.185	0.034
MEANING_0212	Meaning	low_association	1	train	plus	model_blind_selected			USF Appendix A	USF:Cue_Target_Pairs.P-R:5690	puff	smoke		"[""p"", ""ʌ"", ""f""]"	"[""s"", ""m"", ""oʊ"", ""k""]"					0.24	0.0	3.6484556810951863	4.815786030556857	4.232120855826022	3	4		1	1	163	383								0	0	1						puff	smoke	0.24	0.0
MEANING_0213	Meaning	low_association	1	train	plus	model_blind_selected			USF Appendix A	USF:Cue_Target_Pairs.C:7461	custard	pie		"[""k"", ""ʌ"", ""s"", ""t"", ""ə"", ""ɹ"", ""d""]"	"[""p"", ""aɪ""]"					0.257	0.0	3.098609797885951	4.458563794207173	3.778586796046562	6	2		2	1	20	2176								0	0	1						custard	pie	0.257	0.0
MEANING_0214	Meaning	low_association	1	train	plus	model_blind_selected			USF Appendix A	USF:Cue_Target_Pairs.L-O:3048	manufacturer	maker		"[""m"", ""æ"", ""n"", ""j"", ""uː"", ""f"", ""æ"", ""k"", ""t̠ʃ"", ""ə"", ""ɹ"", ""ɹ"", ""ə"", ""ɹ""]"	"[""m"", ""eɪ"", ""k"", ""ə"", ""ɹ""]"					0.227	0.0	3.251471216223157	3.6921035453831017	3.4717873808031294	11	4		5	2	0	75								0	0	1	unseen_phase1:manufacturer					manufacturer	maker	0.227	0.0
MEANING_0215	Meaning	low_association	1	train	plus	model_blind_selected			USF Appendix A	USF:Cue_Target_Pairs.P-R:8972	risk	chance		"[""ɹ"", ""ɪ"", ""s"", ""k""]"	"[""t̠ʃ"", ""æ"", ""n"", ""s""]"					0.241	0.101	4.690543515632566	5.38244084790921	5.036492181770888	4	4		1	1	9	234								0	0	1						risk	chance	0.241	0.101
MEANING_0216	Meaning	low_association	1	train	plus	model_blind_selected			USF Appendix A	USF:Cue_Target_Pairs.P-R:6703	rat	mouse		"[""ɹ"", ""æ"", ""t""]"	"[""m"", ""aʊ"", ""s""]"					0.318	0.087	4.513322073121583	4.2814344396006	4.397378256361092	3	3		1	1	210	2275								0	0	1						rat	mouse	0.318	0.087
MEANING_0217	Meaning	low_association	1	train	plus	model_blind_selected			USF Appendix A	USF:Cue_Target_Pairs.C:1104	cast	play		"[""k"", ""æ"", ""s"", ""t""]"	"[""p"", ""l"", ""eɪ""]"					0.155	0.0	4.364311831208189	5.549652270089638	4.9569820506489135	4	3		1	1	55	19767								0	0	1						cast	play	0.155	0.0
MEANING_0218	Meaning	low_association	1	train	plus	model_blind_selected			USF Appendix A	USF:Cue_Target_Pairs.P-R:4361	prescription	medicine		"[""p"", ""ɹ"", ""ɪ"", ""s"", ""k"", ""ɹ"", ""ɪ"", ""p"", ""ʃ"", ""ə"", ""n""]"	"[""m"", ""ɛ"", ""d"", ""ə"", ""s"", ""ə"", ""n""]"					0.248	0.022	3.8676176688297246	4.533976304498612	4.200796986664169	11	7		3	3	8	754								0	0	1						prescription	medicine	0.248	0.022
MEANING_0219	Meaning	low_association	1	train	plus	model_blind_selected			USF Appendix A	USF:Cue_Target_Pairs.S:6576	starve	eat		"[""s"", ""t"", ""ɑ"", ""ɹ"", ""v""]"	"[""iː"", ""t""]"					0.172	0.011	3.7893594719752786	5.4011977415801455	4.595278606777712	5	2		1	1	19	21252								0	0	1						starve	eat	0.172	0.011
MEANING_0220	Meaning	low_association	1	train	plus	model_blind_selected			USF Appendix A	USF:Cue_Target_Pairs.P-R:253	pan	pot		"[""p"", ""æ"", ""n""]"	"[""p"", ""ɑ"", ""t""]"					0.351	0.286	4.08969736473278	4.352749852590349	4.221223608661564	3	3		1	1	447	785								0	0	1						pan	pot	0.351	0.286
MEANING_0221	Meaning	low_association	1	train	plus	model_blind_selected			USF Appendix A	USF:Cue_Target_Pairs.S:8871	sway	move		"[""s"", ""w"", ""eɪ""]"	"[""m"", ""uː"", ""v""]"					0.168	0.0	3.4030195342013125	5.6213188637416245	4.512169198971469	3	3		1	1	3	3545								0	0	1						sway	move	0.168	0.0
MEANING_0222	Meaning	low_association	1	train	plus	model_blind_selected			USF Appendix A	USF:Cue_Target_Pairs.D-F:10410	fuse	box		"[""f"", ""j"", ""uː"", ""z""]"	"[""b"", ""ɑ"", ""k"", ""s""]"					0.155	0.0	3.68688150472828	4.953010736329363	4.319946120528821	4	4		1	1	4	3695								0	0	1						fuse	box	0.155	0.0
MEANING_0223	Meaning	low_association	1	train	plus	model_blind_selected			USF Appendix A	USF:Cue_Target_Pairs.G-K:863	glide	slide		"[""ɡ"", ""l"", ""aɪ"", ""d""]"	"[""s"", ""l"", ""aɪ"", ""d""]"					0.215	0.014	3.3716110699496884	4.250993707124032	3.81130238853686	4	4		1	1	10	1366								0	0	1						glide	slide	0.215	0.014
MEANING_0224	Meaning	low_association	1	train	plus	model_blind_selected			USF Appendix A	USF:Cue_Target_Pairs.C:1515	ceramic	tile		"[""s"", ""ɪ"", ""ɹ"", ""æ"", ""m"", ""ɪ"", ""k""]"	"[""t"", ""aɪ"", ""l""]"					0.157	0.068	3.0848215134003176	3.325853579389013	3.2053375463946656	6	3		3	1	6	22								0	0	1						ceramic	tile	0.157	0.068
MEANING_0225	Meaning	low_association	1	train	plus	model_blind_selected			USF Appendix A	USF:Cue_Target_Pairs.D-F:4002	ducks	quack		"[""d"", ""ʌ"", ""k"", ""s""]"	"[""k"", ""w"", ""æ"", ""k""]"					0.233	0.0	3.9279135707169757	3.6653418268721705	3.7966276987945733	4	4		1	1	834	2359								0	0	1						ducks	quack	0.233	0.0
MEANING_0226	Meaning	low_association	1	train	plus	model_blind_selected			USF Appendix A	USF:Cue_Target_Pairs.P-R:5578	pub	bar		"[""p"", ""ʌ"", ""b""]"	"[""b"", ""ɑ"", ""ɹ""]"					0.273	0.014	3.5711834248548926	4.934399421604123	4.252791423229508	3	3		1	1	0	223								0	0	1	unseen_phase1:pub					pub	bar	0.273	0.014
MEANING_0227	Meaning	low_association	1	train	plus	model_blind_selected			USF Appendix A	USF:Cue_Target_Pairs.G-K:7278	jeep	car		"[""d̠ʒ"", ""iː"", ""p""]"	"[""k"", ""ɑ"", ""ɹ""]"					0.24	0.0	4.01176111088579	5.68400001932028	4.8478805651030346	3	3		1	1	162	9830								0	0	1						jeep	car	0.24	0.0
MEANING_0228	Meaning	low_association	1	train	plus	model_blind_selected			USF Appendix A	USF:Cue_Target_Pairs.G-K:4166	hitchhike	thumb		"[""h"", ""ɪ"", ""t̠ʃ"", ""h"", ""aɪ"", ""k""]"	"[""θ"", ""ʌ"", ""m""]"					0.203	0.061	2.973671061277651	4.072747136042215	3.523209098659933	6	3		2	1	0	409								0	0	1	unseen_phase1:hitchhike					hitchhike	thumb	0.203	0.061
MEANING_0229	Meaning	low_association	1	train	plus	model_blind_selected			USF Appendix A	USF:Cue_Target_Pairs.A-B:6746	boring	dull		"[""b"", ""ɔ"", ""ɹ"", ""ɪ"", ""ŋ""]"	"[""d"", ""ʌ"", ""l""]"					0.142	0.458	4.437936995311726	4.082010536066489	4.259973765689107	5	3		2	1	227	10								0	0	1						boring	dull	0.142	0.458
MEANING_0230	Meaning	low_association	1	train	plus	model_blind_selected			USF Appendix A	USF:Cue_Target_Pairs.P-R:254	pan	cook		"[""p"", ""æ"", ""n""]"	"[""k"", ""ʊ"", ""k""]"					0.155	0.0	4.08969736473278	4.6586659476203565	4.374181656176568	3	3		1	1	447	1844								0	0	1						pan	cook	0.155	0.0
MEANING_0231	Meaning	low_association	1	train	plus	model_blind_selected			USF Appendix A	USF:Cue_Target_Pairs.A-B:4191	banana	apple		"[""b"", ""ə"", ""n"", ""æ"", ""n"", ""ə""]"	"[""æ"", ""p"", ""ə"", ""l""]"					0.153	0.02	4.030417150235494	4.374137093999413	4.2022771221174535	6	4		3	2	1959	4300								0	0	1						banana	apple	0.153	0.02
MEANING_0232	Meaning	low_association	1	train	plus	model_blind_selected			USF Appendix A	USF:Cue_Target_Pairs.L-O:1678	lit	bright		"[""l"", ""ɪ"", ""t""]"	"[""b"", ""ɹ"", ""aɪ"", ""t""]"					0.144	0.0	3.987911500392261	4.647498030250914	4.317704765321587	3	4		1	1	59	381								0	0	1						lit	bright	0.144	0.0
MEANING_0233	Meaning	low_association	1	train	plus	model_blind_selected			USF Appendix A	USF:Cue_Target_Pairs.T-Z:3199	trees	green		"[""t"", ""ɹ"", ""iː"", ""z""]"	"[""ɡ"", ""ɹ"", ""iː"", ""n""]"					0.2	0.0	4.486944165784531	4.860161786450133	4.673552976117332	4	4		1	1	997	6670								0	0	1						trees	green	0.2	0.0
MEANING_0234	Meaning	low_association	1	train	plus	model_blind_selected			USF Appendix A	USF:Cue_Target_Pairs.D-F:8301	flakes	snow		"[""f"", ""l"", ""eɪ"", ""k"", ""s""]"	"[""s"", ""n"", ""oʊ""]"					0.224	0.0	3.2701534291909113	4.496278287648298	3.8832158584196046	5	3		1	1	135	1617								0	0	1						flakes	snow	0.224	0.0
MEANING_0235	Meaning	low_association	1	train	plus	model_blind_selected			USF Appendix A	USF:Cue_Target_Pairs.T-Z:2777	traffic	car		"[""t"", ""ɹ"", ""æ"", ""f"", ""ɪ"", ""k""]"	"[""k"", ""ɑ"", ""ɹ""]"					0.195	0.0	4.454994230425083	5.68400001932028	5.069497124872681	6	3		2	1	106	9830								0	0	1						traffic	car	0.195	0.0
MEANING_0236	Meaning	low_association	1	train	plus	model_blind_selected			USF Appendix A	USF:Cue_Target_Pairs.T-Z:5031	vacuum	suck		"[""v"", ""æ"", ""k"", ""j"", ""uː"", ""m""]"	"[""s"", ""ʌ"", ""k""]"					0.222	0.0	3.760777154314221	4.542605771985989	4.1516914631501045	6	3		2	1	335	171								0	0	1						vacuum	suck	0.222	0.0
MEANING_0237	Meaning	low_association	1	train	plus	model_blind_selected			USF Appendix A	USF:Cue_Target_Pairs.G-K:3950	highway	road		"[""h"", ""aɪ"", ""w"", ""eɪ""]"	"[""ɹ"", ""oʊ"", ""d""]"					0.345	0.061	4.251948200875062	5.048989866908746	4.650469033891904	4	3		2	1	20	652								0	0	1						highway	road	0.345	0.061
MEANING_0238	Meaning	low_association	1	train	plus	model_blind_selected			USF Appendix A	USF:Cue_Target_Pairs.T-Z:1734	thumb	finger		"[""θ"", ""ʌ"", ""m""]"	"[""f"", ""ɪ"", ""ŋ"", ""ɡ"", ""ə"", ""ɹ""]"					0.257	0.141	4.072747136042215	4.564271430438563	4.318509283240389	3	5		1	2	409	1743								0	0	1						thumb	finger	0.257	0.141
MEANING_0239	Meaning	low_association	1	train	plus	model_blind_selected			USF Appendix A	USF:Cue_Target_Pairs.P-R:9390	root	tree		"[""ɹ"", ""uː"", ""t""]"	"[""t"", ""ɹ"", ""iː""]"					0.353	0.0	4.01997108093062	4.812913356642856	4.416442218786738	3	3		1	1	93	2858								0	0	1						root	tree	0.353	0.0
MEANING_0240	Meaning	low_association	1	train	plus	model_blind_selected			USF Appendix A	USF:Cue_Target_Pairs.A-B:2502	apple	red		"[""æ"", ""p"", ""ə"", ""l""]"	"[""ɹ"", ""ɛ"", ""d""]"					0.208	0.0	4.374137093999413	5.170434294170089	4.772285694084751	4	3		2	1	4300	7515								0	0	1						apple	red	0.208	0.0
MEANING_0241	Meaning	low_association	1	train	plus	model_blind_selected			USF Appendix A	USF:Cue_Target_Pairs.D-F:8700	flu	cold		"[""f"", ""l"", ""uː""]"	"[""k"", ""oʊ"", ""l"", ""d""]"					0.155	0.027	3.9398127940166834	5.114467071974649	4.5271399329956665	3	4		1	1	22	3308								0	0	1						flu	cold	0.155	0.027
MEANING_0242	Meaning	low_association	1	train	plus	model_blind_selected			USF Appendix A	USF:Cue_Target_Pairs.A-B:7615	broke	fix		"[""b"", ""ɹ"", ""oʊ"", ""k""]"	"[""f"", ""ɪ"", ""k"", ""s""]"					0.149	0.0	5.021189299069938	4.938441233493303	4.979815266281621	4	4		1	1	1758	3461								0	0	1						broke	fix	0.149	0.0
MEANING_0243	Meaning	low_association	1	train	plus	model_blind_selected			USF Appendix A	USF:Cue_Target_Pairs.L-O:472	lawn	mower		"[""l"", ""ɔ"", ""n""]"	"[""m"", ""oʊ"", ""ə"", ""ɹ""]"					0.185	0.658	4.091770373355645	3.167491087293764	3.6296307303247044	3	3		1	2	118	62								0	0	1						lawn	mower	0.185	0.658
MEANING_0244	Meaning	low_association	1	train	plus	model_blind_selected			USF Appendix A	USF:Cue_Target_Pairs.G-K:2518	hairspray	sticky		"[""h"", ""ɛ"", ""ɹ"", ""s"", ""p"", ""ɹ"", ""eɪ""]"	"[""s"", ""t"", ""ɪ"", ""k"", ""i""]"					0.241	0.0	2.872213420518874	3.7578126753504817	3.315013047934678	7	5		2	2	0	702								0	0	1	unseen_phase1:hairspray					hairspray	sticky	0.241	0.0
MEANING_0245	Meaning	low_association	1	train	plus	model_blind_selected			USF Appendix A	USF:Cue_Target_Pairs.T-Z:6287	waiter	waitress		"[""w"", ""eɪ"", ""t"", ""ə"", ""ɹ""]"	"[""w"", ""eɪ"", ""t"", ""ɹ"", ""ə"", ""s""]"					0.311	0.232	4.12044488812604	4.061807149978202	4.091126019052121	4	6		2	2	20	11								0	0	1						waiter	waitress	0.311	0.232
MEANING_0246	Meaning	low_association	1	train	plus	model_blind_selected			USF Appendix A	USF:Cue_Target_Pairs.D-F:9660	freckle	spot		"[""f"", ""ɹ"", ""ɛ"", ""k"", ""ə"", ""l""]"	"[""s"", ""p"", ""ɑ"", ""t""]"					0.162	0.0	2.769551078621726	4.789359471975279	3.7794552752985022	6	4		2	1	27	625								0	0	1						freckle	spot	0.162	0.0
MEANING_0247	Meaning	low_association	1	train	plus	model_blind_selected			USF Appendix A	USF:Cue_Target_Pairs.C:3492	coach	team		"[""k"", ""oʊ"", ""t̠ʃ""]"	"[""t"", ""iː"", ""m""]"					0.283	0.016	4.677857338707194	5.169109434321264	4.92348338651423	3	3		1	1	46	212								0	0	1						coach	team	0.283	0.016
MEANING_0248	Meaning	low_association	1	train	plus	model_blind_selected			USF Appendix A	USF:Cue_Target_Pairs.T-Z:493	tavern	pub		"[""t"", ""æ"", ""v"", ""ə"", ""ɹ"", ""n""]"	"[""p"", ""ʌ"", ""b""]"					0.259	0.0	3.4910869108564864	3.5711834248548926	3.5311351678556893	5	3		2	1	3	0								0	0	1	unseen_phase1:pub					tavern	pub	0.259	0.0
MEANING_0249	Meaning	low_association	1	train	plus	model_blind_selected			USF Appendix A	USF:Cue_Target_Pairs.P-R:7860	remorse	sad		"[""ɹ"", ""ɪ"", ""m"", ""ɔ"", ""ɹ"", ""s""]"	"[""s"", ""æ"", ""d""]"					0.205	0.0	3.479950544738527	4.801901176004613	4.14092586037157	6	3		2	1	2	1096								0	0	1						remorse	sad	0.205	0.0
MEANING_0250	Meaning	low_association	1	train	plus	model_blind_selected			USF Appendix A	USF:Cue_Target_Pairs.T-Z:5032	vacuum	clean		"[""v"", ""æ"", ""k"", ""j"", ""uː"", ""m""]"	"[""k"", ""l"", ""iː"", ""n""]"					0.208	0.0	3.760777154314221	5.083629070400939	4.42220311235758	6	4		2	1	335	3376								0	0	1						vacuum	clean	0.208	0.0
MEANING_0251	Meaning	low_association	1	train	plus	model_blind_selected			USF Appendix A	USF:Cue_Target_Pairs.D-F:766	defeat	lose		"[""d"", ""ɪ"", ""f"", ""iː"", ""t""]"	"[""l"", ""uː"", ""z""]"					0.289	0.014	4.055857817465001	5.21577748039989	4.635817648932445	5	3		2	1	1	492								0	0	1						defeat	lose	0.289	0.014
MEANING_0252	Meaning	low_association	1	train	plus	model_blind_selected			USF Appendix A	USF:Cue_Target_Pairs.G-K:8176	kitchen	cook		"[""k"", ""ɪ"", ""t̠ʃ"", ""ə"", ""n""]"	"[""k"", ""ʊ"", ""k""]"					0.183	0.016	4.765770788087999	4.6586659476203565	4.712218367854177	5	3		2	1	1003	1844								0	0	1						kitchen	cook	0.183	0.016
MEANING_0253	Meaning	low_association	1	train	plus	model_blind_selected			USF Appendix A	USF:Cue_Target_Pairs.D-F:7454	feast	eat		"[""f"", ""iː"", ""s"", ""t""]"	"[""iː"", ""t""]"					0.236	0.0	3.8264559299581986	5.4011977415801455	4.6138268357691725	4	2		1	1	15	21252								0	0	1						feast	eat	0.236	0.0
MEANING_0254	Meaning	low_association	1	train	plus	model_blind_selected			USF Appendix A	USF:Cue_Target_Pairs.G-K:4627	horizon	sunset		"[""h"", ""ə"", ""ɹ"", ""ɹ"", ""aɪ"", ""z"", ""ə"", ""n""]"	"[""s"", ""ʌ"", ""n"", ""s"", ""ɛ"", ""t""]"					0.155	0.0	3.6503646709025173	4.013415568055803	3.83189011947916	6	6		3	2	5	37								0	0	1						horizon	sunset	0.155	0.0
MEANING_0255	Meaning	low_association	1	train	plus	model_blind_selected			USF Appendix A	USF:Cue_Target_Pairs.A-B:1346	aids	death		"[""eɪ"", ""d"", ""z""]"	"[""d"", ""ɛ"", ""θ""]"					0.224	0.0	3.0248235837250323	5.3358314028129445	4.1803274932689884	3	3		1	1	58	57								0	0	1						aids	death	0.224	0.0
MEANING_0256	Meaning	low_association	1	train	plus	model_blind_selected			USF Appendix A	USF:Cue_Target_Pairs.S:5826	spot	stain		"[""s"", ""p"", ""ɑ"", ""t""]"	"[""s"", ""t"", ""eɪ"", ""n""]"					0.345	0.188	4.789359471975279	3.7921169065204676	4.2907381892478735	4	4		1	1	625	26								0	0	1						spot	stain	0.345	0.188
MEANING_0257	Meaning	low_association	1	train	plus	model_blind_selected			USF Appendix A	USF:Cue_Target_Pairs.G-K:4167	hitchhike	car		"[""h"", ""ɪ"", ""t̠ʃ"", ""h"", ""aɪ"", ""k""]"	"[""k"", ""ɑ"", ""ɹ""]"					0.162	0.0	2.973671061277651	5.68400001932028	4.328835540298965	6	3		2	1	0	9830								0	0	1	unseen_phase1:hitchhike					hitchhike	car	0.162	0.0
MEANING_0258	Meaning	low_association	1	train	plus	model_blind_selected			USF Appendix A	USF:Cue_Target_Pairs.S:1335	seam	sew		"[""s"", ""iː"", ""m""]"	"[""s"", ""oʊ""]"					0.186	0.011	2.8109437637799513	3.7395878552442827	3.275265809512117	3	2		1	1	14	275								0	0	1						seam	sew	0.186	0.011
MEANING_0259	Meaning	low_association	1	train	plus	model_blind_selected			USF Appendix A	USF:Cue_Target_Pairs.G-K:4751	hose	garden		"[""h"", ""oʊ"", ""z""]"	"[""ɡ"", ""ɑ"", ""ɹ"", ""d"", ""ə"", ""n""]"					0.176	0.132	3.9062716457781326	4.42404848825119	4.165160067014661	3	6		1	2	234	503								0	0	1						hose	garden	0.176	0.132
MEANING_0260	Meaning	low_association	1	train	plus	model_blind_selected			USF Appendix A	USF:Cue_Target_Pairs.P-R:9384	rooster	chicken		"[""ɹ"", ""uː"", ""s"", ""t"", ""ə"", ""ɹ""]"	"[""t̠ʃ"", ""ɪ"", ""k"", ""ɪ"", ""n""]"					0.299	0.022	3.5868960500636566	4.790464547589091	4.188680298826373	5	5		2	2	507	2514								0	0	1						rooster	chicken	0.299	0.022
MEANING_0261	Meaning	low_association	1	train	plus	model_blind_selected			USF Appendix A	USF:Cue_Target_Pairs.T-Z:2166	toll	pay		"[""t"", ""oʊ"", ""l""]"	"[""p"", ""eɪ""]"					0.142	0.0	3.5254259342942174	5.405871777867385	4.465648856080801	3	2		1	1	3	571								0	0	1						toll	pay	0.142	0.0
MEANING_0262	Meaning	low_association	1	train	plus	model_blind_selected			USF Appendix A	USF:Cue_Target_Pairs.D-F:9224	foresight	future		"[""f"", ""ɔ"", ""ɹ"", ""s"", ""aɪ"", ""t""]"	"[""f"", ""j"", ""uː"", ""t̠ʃ"", ""ə"", ""ɹ""]"					0.145	0.0	2.872213420518874	5.014899209786094	3.9435563151524837	6	5		2	2	1	14								0	0	1						foresight	future	0.145	0.0
MEANING_0263	Meaning	low_association	1	train	plus	model_blind_selected			USF Appendix A	USF:Cue_Target_Pairs.C:5428	cook	eat		"[""k"", ""ʊ"", ""k""]"	"[""iː"", ""t""]"					0.181	0.0	4.6586659476203565	5.4011977415801455	5.029931844600251	3	2		1	1	1844	21252								0	0	1						cook	eat	0.181	0.0
MEANING_0264	Meaning	low_association	1	train	plus	model_blind_selected			USF Appendix A	USF:Cue_Target_Pairs.L-O:699	learn	school		"[""l"", ""ɜː"", ""n""]"	"[""s"", ""k"", ""uː"", ""l""]"					0.167	0.066	5.073969792508006	5.5225976402482555	5.298283716378131	3	4		1	1	922	6413								0	0	1						learn	school	0.167	0.066
MEANING_0265	Meaning	low_association	1	train	plus	model_blind_selected			USF Appendix A	USF:Cue_Target_Pairs.G-K:2480	hair	brush		"[""h"", ""ɛ"", ""ɹ""]"	"[""b"", ""ɹ"", ""ʌ"", ""ʃ""]"					0.207	0.44	5.186247047869527	4.150967021471702	4.6686070346706146	3	4		1	1	5390	1955								0	0	1						hair	brush	0.207	0.44
MEANING_0266	Meaning	low_association	1	train	plus	model_blind_selected			USF Appendix A	USF:Cue_Target_Pairs.G-K:5280	hymn	church		"[""h"", ""ɪ"", ""m""]"	"[""t̠ʃ"", ""ɜː"", ""t̠ʃ""]"					0.179	0.0	3.2115079162781375	4.843025031391392	4.027266473834764	3	3		1	1	0	293								0	0	1	unseen_phase1:hymn					hymn	church	0.179	0.0
MEANING_0267	Meaning	low_association	1	train	plus	model_blind_selected			USF Appendix A	USF:Cue_Target_Pairs.G-K:5263	hygiene	clean		"[""h"", ""aɪ"", ""d̠ʒ"", ""iː"", ""n""]"	"[""k"", ""l"", ""iː"", ""n""]"					0.389	0.0	3.325853579389013	5.083629070400939	4.204741324894976	5	4		2	1	1	3376								0	0	1						hygiene	clean	0.389	0.0
MEANING_0268	Meaning	low_association	1	train	plus	model_blind_selected			USF Appendix A	USF:Cue_Target_Pairs.A-B:5984	blender	mix		"[""b"", ""l"", ""ɛ"", ""n"", ""d"", ""ə"", ""ɹ""]"	"[""m"", ""ɪ"", ""k"", ""s""]"					0.183	0.023	3.2218487496163566	4.213595874539802	3.717722312078079	6	4		2	1	49	605								0	0	1						blender	mix	0.183	0.023
MEANING_0269	Meaning	low_association	1	train	plus	model_blind_selected			USF Appendix A	USF:Cue_Target_Pairs.T-Z:6242	wagon	red		"[""w"", ""æ"", ""ɡ"", ""ə"", ""n""]"	"[""ɹ"", ""ɛ"", ""d""]"					0.196	0.0	4.249558021578877	5.170434294170089	4.709996157874484	5	3		2	1	340	7515								0	0	1						wagon	red	0.196	0.0
MEANING_0270	Meaning	low_association	1	train	plus	model_blind_selected			USF Appendix A	USF:Cue_Target_Pairs.A-B:3608	autumn	leaves		"[""ɔ"", ""t"", ""ʌ"", ""m""]"	"[""l"", ""iː"", ""v"", ""z""]"					0.208	0.1	3.577987132909837	4.657168378957462	4.11757775593365	4	4		2	1	22	706								0	0	1						autumn	leaves	0.208	0.1
MEANING_0271	Meaning	low_association	1	train	plus	model_blind_selected			USF Appendix A	USF:Cue_Target_Pairs.A-B:1443	alarm	clock		"[""ə"", ""l"", ""ɑ"", ""ɹ"", ""m""]"	"[""k"", ""l"", ""ɑ"", ""k""]"					0.388	0.079	4.474844476336617	4.768101012226493	4.621472744281555	5	4		2	1	63	1526								0	0	1						alarm	clock	0.388	0.079
MEANING_0272	Meaning	low_association	1	train	plus	model_blind_selected			USF Appendix A	USF:Cue_Target_Pairs.G-K:6425	instant	now		"[""ɪ"", ""n"", ""s"", ""t"", ""ə"", ""n"", ""t""]"	"[""n"", ""aʊ""]"					0.241	0.028	4.032792513396307	6.505503762894741	5.269148138145525	7	2		2	1	19	35739								0	0	1						instant	now	0.241	0.028
MEANING_0273	Meaning	low_association	1	train	plus	model_blind_selected			USF Appendix A	USF:Cue_Target_Pairs.L-O:401	launch	rocket		"[""l"", ""ɑ"", ""n"", ""t̠ʃ""]"	"[""ɹ"", ""ɑ"", ""k"", ""ɪ"", ""t""]"					0.311	0.069	4.300177601902804	4.0734667625231955	4.186822182213	4	5		1	2	14	586								0	0	1						launch	rocket	0.311	0.069
MEANING_0274	Meaning	low_association	1	train	plus	model_blind_selected			USF Appendix A	USF:Cue_Target_Pairs.L-O:2426	lump	bump		"[""l"", ""ʌ"", ""m"", ""p""]"	"[""b"", ""ʌ"", ""m"", ""p""]"					0.188	0.041	3.5501083987712483	4.091770373355645	3.820939386063447	4	4		1	1	68	1088								0	0	1						lump	bump	0.188	0.041
MEANING_0275	Meaning	low_association	1	train	plus	model_blind_selected			USF Appendix A	USF:Cue_Target_Pairs.G-K:342	geese	ducks		"[""ɡ"", ""iː"", ""s""]"	"[""d"", ""ʌ"", ""k"", ""s""]"					0.291	0.067	3.2009148427807133	3.9279135707169757	3.5644142067488445	3	4		1	1	200	834								0	0	1						geese	ducks	0.291	0.067
MEANING_0276	Meaning	low_association	1	train	plus	model_blind_selected			USF Appendix A	USF:Cue_Target_Pairs.A-B:7746	brush	tooth		"[""b"", ""ɹ"", ""ʌ"", ""ʃ""]"	"[""t"", ""uː"", ""θ""]"					0.277	0.123	4.150967021471702	4.132535918358822	4.1417514699152616	4	3		1	1	1955	469								0	0	1						brush	tooth	0.277	0.123
MEANING_0277	Meaning	low_association	1	train	plus	model_blind_selected			USF Appendix A	USF:Cue_Target_Pairs.C:5408	convince	persuade		"[""k"", ""ə"", ""n"", ""v"", ""ɪ"", ""n"", ""s""]"	"[""p"", ""ə"", ""ɹ"", ""s"", ""w"", ""eɪ"", ""d""]"					0.251	0.158	4.27243319548581	3.8056474239700027	4.039040309727906	7	6		2	2	7	4								0	0	1						convince	persuade	0.251	0.158
MEANING_0278	Meaning	low_association	1	train	plus	model_blind_selected			USF Appendix A	USF:Cue_Target_Pairs.D-F:8357	flash	light		"[""f"", ""l"", ""æ"", ""ʃ""]"	"[""l"", ""aɪ"", ""t""]"					0.204	0.0	4.186191585960007	5.21799973344544	4.7020956597027235	4	3		1	1	89	3237								0	0	1						flash	light	0.204	0.0
MEANING_0279	Meaning	low_association	1	train	plus	model_blind_selected			USF Appendix A	USF:Cue_Target_Pairs.L-O:8612	orderly	neat		"[""ɔ"", ""ɹ"", ""d"", ""ə"", ""ɹ"", ""l"", ""i""]"	"[""n"", ""iː"", ""t""]"					0.216	0.0	3.6407346869502244	4.095203549194039	3.867969118072132	6	3		3	1	2	1165								0	0	1						orderly	neat	0.216	0.0
MEANING_0280	Meaning	low_association	1	train	plus	model_blind_selected			USF Appendix A	USF:Cue_Target_Pairs.A-B:6133	blonde	hair		"[""b"", ""l"", ""ɑ"", ""n"", ""d""]"	"[""h"", ""ɛ"", ""ɹ""]"					0.163	0.033	4.143688172621139	5.186247047869527	4.664967610245332	5	3		1	1	73	5390								0	0	1						blonde	hair	0.163	0.033
MEANING_0281	Meaning	low_association	1	train	plus	model_blind_selected			USF Appendix A	USF:Cue_Target_Pairs.G-K:894	gloomy	sad		"[""ɡ"", ""l"", ""uː"", ""m"", ""i""]"	"[""s"", ""æ"", ""d""]"					0.171	0.0	3.3823349353414613	4.801901176004613	4.092118055673037	5	3		2	1	11	1096								0	0	1						gloomy	sad	0.171	0.0
MEANING_0282	Meaning	low_association	1	train	plus	model_blind_selected			USF Appendix A	USF:Cue_Target_Pairs.T-Z:3230	trend	fad		"[""t"", ""ɹ"", ""ɛ"", ""n"", ""d""]"	"[""f"", ""æ"", ""d""]"					0.214	0.129	3.3177356891668337	2.883494430928563	3.1006150600476983	5	3		1	1	4	0								0	0	1	unseen_phase1:fad					trend	fad	0.214	0.129
MEANING_0283	Meaning	low_association	1	train	plus	model_blind_selected			USF Appendix A	USF:Cue_Target_Pairs.S:3296	single	one		"[""s"", ""ɪ"", ""ŋ"", ""ɡ"", ""ə"", ""l""]"	"[""w"", ""ʌ"", ""n""]"					0.197	0.101	4.857805326616138	6.487454474062504	5.672629900339321	6	3		2	1	131	51951								0	0	1						single	one	0.197	0.101
MEANING_0284	Meaning	low_association	1	train	plus	model_blind_selected			USF Appendix A	USF:Cue_Target_Pairs.P-R:777	passenger	car		"[""p"", ""æ"", ""s"", ""ɪ"", ""n"", ""d̠ʒ"", ""ə"", ""ɹ""]"	"[""k"", ""ɑ"", ""ɹ""]"					0.222	0.0	4.032002168352156	5.68400001932028	4.858001093836218	7	3		3	1	55	9830								0	0	1						passenger	car	0.222	0.0
MEANING_0285	Meaning	low_association	1	train	plus	model_blind_selected			USF Appendix A	USF:Cue_Target_Pairs.A-B:6147	blood	red		"[""b"", ""l"", ""ʌ"", ""d""]"	"[""ɹ"", ""ɛ"", ""d""]"					0.337	0.047	5.269787553447365	5.170434294170089	5.220110923808727	4	3		1	1	296	7515								0	0	1						blood	red	0.337	0.047
MEANING_0286	Meaning	low_association	1	train	plus	model_blind_selected			USF Appendix A	USF:Cue_Target_Pairs.S:4544	snow	cold		"[""s"", ""n"", ""oʊ""]"	"[""k"", ""oʊ"", ""l"", ""d""]"					0.199	0.033	4.496278287648298	5.114467071974649	4.805372679811473	3	4		1	1	1617	3308								0	0	1						snow	cold	0.199	0.033
MEANING_0287	Meaning	low_association	1	train	plus	model_blind_selected			USF Appendix A	USF:Cue_Target_Pairs.L-O:3525	mate	friend		"[""m"", ""eɪ"", ""t""]"	"[""f"", ""ɹ"", ""ɛ"", ""n"", ""d""]"					0.181	0.0	4.465907467355058	5.6225187696505445	5.044213118502801	3	5		1	1	22	2252								0	0	1						mate	friend	0.181	0.0
MEANING_0288	Meaning	low_association	1	train	plus	model_blind_selected			USF Appendix A	USF:Cue_Target_Pairs.S:1652	selection	choice		"[""s"", ""ɪ"", ""l"", ""ɛ"", ""k"", ""ʃ"", ""ə"", ""n""]"	"[""t̠ʃ"", ""ɔɪ"", ""s""]"					0.3	0.041	3.657917808792963	4.989222908983808	4.323570358888386	8	3		3	1	12	195								0	0	1						selection	choice	0.3	0.041
MEANING_0289	Meaning	low_association	1	train	plus	model_blind_selected			USF Appendix A	USF:Cue_Target_Pairs.T-Z:2243	tone	sound		"[""t"", ""oʊ"", ""n""]"	"[""s"", ""aʊ"", ""n"", ""d""]"					0.204	0.0	4.226928275145632	5.156525397326311	4.691726836235971	3	4		1	1	60	1757								0	0	1						tone	sound	0.204	0.0
MEANING_0290	Meaning	low_association	1	train	plus	model_blind_selected			USF Appendix A	USF:Cue_Target_Pairs.T-Z:5107	valor	bravery		"[""v"", ""æ"", ""l"", ""ə"", ""ɹ""]"	"[""b"", ""ɹ"", ""eɪ"", ""v"", ""ə"", ""ɹ"", ""ɹ"", ""i""]"					0.158	0.014	3.098609797885951	3.4597471586502397	3.2791784782680953	4	6		2	3	0	2								0	0	1	unseen_phase1:valor					valor	bravery	0.158	0.014
MEANING_0291	Meaning	unrelated	0	train	plus	model_blind_selected			USF Appendix A	USF:absent-both-directions	darkness	dust		"[""d"", ""ɑ"", ""ɹ"", ""k"", ""n"", ""ə"", ""s""]"	"[""d"", ""ʌ"", ""s"", ""t""]"					0.0	0.0	4.2427946782781865	4.37736339883878	4.310079038558483	7	4		2	1	14	202								0	0	1						darkness	dust	0.0	0.0
MEANING_0292	Meaning	unrelated	0	train	plus	model_blind_selected			USF Appendix A	USF:absent-both-directions	birthday	pardon		"[""b"", ""ɜː"", ""θ"", ""d"", ""eɪ""]"	"[""p"", ""ɑ"", ""ɹ"", ""d"", ""ə"", ""n""]"					0.0	0.0	4.987736346333866	4.810548771045217	4.899142558689542	5	6		2	2	3339	152								0	0	1						birthday	pardon	0.0	0.0
MEANING_0293	Meaning	unrelated	0	train	plus	model_blind_selected			USF Appendix A	USF:absent-both-directions	cards	dismiss		"[""k"", ""ɑ"", ""ɹ"", ""d"", ""z""]"	"[""d"", ""ɪ"", ""s"", ""m"", ""ɪ"", ""s""]"					0.0	0.0	4.681418609026778	3.738034027175661	4.20972631810122	5	6		1	2	611	1								0	0	1						cards	dismiss	0.0	0.0
MEANING_0294	Meaning	unrelated	0	train	plus	model_blind_selected			USF Appendix A	USF:absent-both-directions	trend	eating		"[""t"", ""ɹ"", ""ɛ"", ""n"", ""d""]"	"[""iː"", ""t"", ""ɪ"", ""ŋ""]"					0.0	0.0	3.3177356891668337	4.78407161737965	4.050903653273242	5	4		1	2	4	4642								0	0	1						trend	eating	0.0	0.0
MEANING_0295	Meaning	unrelated	0	train	plus	model_blind_selected			USF Appendix A	USF:absent-both-directions	wave	girls		"[""w"", ""eɪ"", ""v""]"	"[""ɡ"", ""ɜː"", ""l"", ""z""]"					0.0	0.0	4.327459106104431	5.3187996354757825	4.823129370790107	3	4		1	1	302	1397								0	0	1						wave	girls	0.0	0.0
MEANING_0296	Meaning	unrelated	0	train	plus	model_blind_selected			USF Appendix A	USF:absent-both-directions	claw	omelet		"[""k"", ""l"", ""ɔ""]"	"[""ɑ"", ""m"", ""l"", ""ə"", ""t""]"					0.0	0.0	3.6407346869502244	3.3752151942185136	3.507974940584369	3	5		1	2	41	6								0	0	1						claw	omelet	0.0	0.0
MEANING_0297	Meaning	unrelated	0	train	plus	model_blind_selected			USF Appendix A	USF:absent-both-directions	sash	opening		"[""s"", ""æ"", ""ʃ""]"	"[""oʊ"", ""p"", ""ə"", ""n"", ""ɪ"", ""ŋ""]"					0.0	0.0	3.055857817465001	4.58468589525854	3.8202718563617704	3	6		1	3	20	205								0	0	1						sash	opening	0.0	0.0
MEANING_0298	Meaning	unrelated	0	train	plus	model_blind_selected			USF Appendix A	USF:absent-both-directions	birthday	have		"[""b"", ""ɜː"", ""θ"", ""d"", ""eɪ""]"	"[""h"", ""æ"", ""v""]"					0.0	0.0	4.987736346333866	6.789680233491348	5.888708289912607	5	3		2	1	3339	66729								0	0	1						birthday	have	0.0	0.0
MEANING_0299	Meaning	unrelated	0	train	plus	model_blind_selected			USF Appendix A	USF:absent-both-directions	birthday	pill		"[""b"", ""ɜː"", ""θ"", ""d"", ""eɪ""]"	"[""p"", ""ɪ"", ""l""]"					0.0	0.0	4.987736346333866	4.072747136042215	4.530241741188041	5	3		2	1	3339	79								0	0	1						birthday	pill	0.0	0.0
MEANING_0300	Meaning	unrelated	0	train	plus	model_blind_selected			USF Appendix A	USF:absent-both-directions	rim	keys		"[""ɹ"", ""ɪ"", ""m""]"	"[""k"", ""iː"", ""z""]"					0.0	0.0	3.38933983691012	4.707570176097937	4.048455006504028	3	3		1	1	7	1445								0	0	1						rim	keys	0.0	0.0
MEANING_0301	Meaning	unrelated	0	train	plus	model_blind_selected			USF Appendix A	USF:absent-both-directions	oil	wait		"[""ɔɪ"", ""l""]"	"[""w"", ""eɪ"", ""t""]"					0.0	0.0	4.613613851204378	5.919211448423671	5.266412649814025	2	3		1	1	365	8266								0	0	1						oil	wait	0.0	0.0
MEANING_0302	Meaning	unrelated	0	train	plus	model_blind_selected			USF Appendix A	USF:absent-both-directions	suck	rotten		"[""s"", ""ʌ"", ""k""]"	"[""ɹ"", ""ɑ"", ""t"", ""ə"", ""n""]"					0.0	0.0	4.542605771985989	4.242307527938938	4.3924566499624635	3	5		1	2	171	80								0	0	1						suck	rotten	0.0	0.0
MEANING_0303	Meaning	unrelated	0	train	plus	model_blind_selected			USF Appendix A	USF:absent-both-directions	dine	stray		"[""d"", ""aɪ"", ""n""]"	"[""s"", ""t"", ""ɹ"", ""eɪ""]"					0.0	0.0	3.632873938742182	3.7269987279362624	3.679936333339222	3	4		1	1	9	2								0	0	1						dine	stray	0.0	0.0
MEANING_0304	Meaning	unrelated	0	train	plus	model_blind_selected			USF Appendix A	USF:absent-both-directions	school	driver		"[""s"", ""k"", ""uː"", ""l""]"	"[""d"", ""ɹ"", ""aɪ"", ""v"", ""ə"", ""ɹ""]"					0.0	0.0	5.5225976402482555	4.675526753851158	5.099062197049706	4	5		1	2	6413	850								0	0	1						school	driver	0.0	0.0
MEANING_0305	Meaning	unrelated	0	train	plus	model_blind_selected			USF Appendix A	USF:absent-both-directions	flask	connect		"[""f"", ""l"", ""æ"", ""s"", ""k""]"	"[""k"", ""ə"", ""n"", ""ɛ"", ""k"", ""t""]"					0.0	0.0	3.048304679574555	3.984394926669424	3.5163498031219893	5	6		1	2	2	84								0	0	1						flask	connect	0.0	0.0
MEANING_0306	Meaning	unrelated	0	train	plus	model_blind_selected			USF Appendix A	USF:absent-both-directions	rim	legend		"[""ɹ"", ""ɪ"", ""m""]"	"[""l"", ""ɛ"", ""d̠ʒ"", ""ə"", ""n"", ""d""]"					0.0	0.0	3.38933983691012	4.2344378769243765	3.811888856917248	3	6		1	2	7	5								0	0	1						rim	legend	0.0	0.0
MEANING_0307	Meaning	unrelated	0	train	plus	model_blind_selected			USF Appendix A	USF:absent-both-directions	upstairs	price		"[""ʌ"", ""p"", ""s"", ""t"", ""ɛ"", ""ɹ"", ""z""]"	"[""p"", ""ɹ"", ""aɪ"", ""s""]"					0.0	0.0	4.849575966220427	4.727317944769379	4.788446955494903	7	4		2	1	1196	93								0	0	1						upstairs	price	0.0	0.0
MEANING_0308	Meaning	unrelated	0	train	plus	model_blind_selected			USF Appendix A	USF:absent-both-directions	rim	anger		"[""ɹ"", ""ɪ"", ""m""]"	"[""æ"", ""ŋ"", ""ɡ"", ""ə"", ""ɹ""]"					0.0	0.0	3.38933983691012	4.288503478387339	3.8389216576487293	3	4		1	2	7	11								0	0	1						rim	anger	0.0	0.0
MEANING_0309	Meaning	unrelated	0	train	plus	model_blind_selected			USF Appendix A	USF:absent-both-directions	racket	move		"[""ɹ"", ""æ"", ""k"", ""ɪ"", ""t""]"	"[""m"", ""uː"", ""v""]"					0.0	0.0	3.871069033870136	5.6213188637416245	4.74619394880588	5	3		2	1	110	3545								0	0	1						racket	move	0.0	0.0
MEANING_0310	Meaning	unrelated	0	train	plus	model_blind_selected			USF Appendix A	USF:absent-both-directions	sash	thing		"[""s"", ""æ"", ""ʃ""]"	"[""θ"", ""ɪ"", ""ŋ""]"					0.0	0.0	3.055857817465001	6.036894925680986	4.546376371572993	3	3		1	1	20	8522								0	0	1						sash	thing	0.0	0.0
MEANING_0311	Meaning	unrelated	0	train	plus	model_blind_selected			USF Appendix A	USF:absent-both-directions	racket	fuss		"[""ɹ"", ""æ"", ""k"", ""ɪ"", ""t""]"	"[""f"", ""ʌ"", ""s""]"					0.0	0.0	3.871069033870136	3.8535312075511197	3.8623001207106276	5	3		2	1	110	84								0	0	1						racket	fuss	0.0	0.0
MEANING_0312	Meaning	unrelated	0	train	plus	model_blind_selected			USF Appendix A	USF:absent-both-directions	foot	reel		"[""f"", ""ʊ"", ""t""]"	"[""ɹ"", ""iː"", ""l""]"					0.0	0.0	4.812389004654132	3.5125379119421187	4.1624634582981255	3	3		1	1	2920	35								0	0	1						foot	reel	0.0	0.0
MEANING_0313	Meaning	unrelated	0	train	plus	model_blind_selected			USF Appendix A	USF:absent-both-directions	suck	lack		"[""s"", ""ʌ"", ""k""]"	"[""l"", ""æ"", ""k""]"					0.0	0.0	4.542605771985989	4.2490784031072675	4.395842087546628	3	3		1	1	171	13								0	0	1						suck	lack	0.0	0.0
MEANING_0314	Meaning	unrelated	0	train	plus	model_blind_selected			USF Appendix A	USF:absent-both-directions	sash	blend		"[""s"", ""æ"", ""ʃ""]"	"[""b"", ""l"", ""ɛ"", ""n"", ""d""]"					0.0	0.0	3.055857817465001	3.6308863175066683	3.3433720674858347	3	5		1	1	20	16								0	0	1						sash	blend	0.0	0.0
MEANING_0315	Meaning	unrelated	0	train	plus	model_blind_selected			USF Appendix A	USF:absent-both-directions	claw	puzzle		"[""k"", ""l"", ""ɔ""]"	"[""p"", ""ʌ"", ""z"", ""ə"", ""l""]"					0.0	0.0	3.6407346869502244	3.865301426102544	3.7530180565263844	3	5		1	2	41	1498								0	0	1						claw	puzzle	0.0	0.0
MEANING_0316	Meaning	unrelated	0	train	plus	model_blind_selected			USF Appendix A	USF:absent-both-directions	server	tense		"[""s"", ""ɜː"", ""v"", ""ə"", ""ɹ""]"	"[""t"", ""ɛ"", ""n"", ""s""]"					0.0	0.0	3.5934598195660445	4.010100326904325	3.801780073235185	4	4		2	1	4	13								0	0	1						server	tense	0.0	0.0
MEANING_0317	Meaning	unrelated	0	train	plus	model_blind_selected			USF Appendix A	USF:absent-both-directions	pay	puff		"[""p"", ""eɪ""]"	"[""p"", ""ʌ"", ""f""]"					0.0	0.0	5.405871777867385	3.6484556810951863	4.527163729481286	2	3		1	1	571	163								0	0	1						pay	puff	0.0	0.0
MEANING_0318	Meaning	unrelated	0	train	plus	model_blind_selected			USF Appendix A	USF:absent-both-directions	hostage	void		"[""h"", ""ɑ"", ""s"", ""t"", ""ɪ"", ""d̠ʒ""]"	"[""v"", ""ɔɪ"", ""d""]"					0.0	0.0	4.163418637662639	3.6125761100131175	3.8879973738378784	6	3		2	1	0	5								0	0	1	unseen_phase1:hostage					hostage	void	0.0	0.0
MEANING_0319	Meaning	unrelated	0	train	plus	model_blind_selected			USF Appendix A	USF:absent-both-directions	component	dip		"[""k"", ""ə"", ""m"", ""p"", ""oʊ"", ""n"", ""ə"", ""n"", ""t""]"	"[""d"", ""ɪ"", ""p""]"					0.0	0.0	3.2009148427807133	3.900955857479258	3.5509353501299854	9	3		3	1	1	197								0	0	1						component	dip	0.0	0.0
MEANING_0320	Meaning	unrelated	0	train	plus	model_blind_selected			USF Appendix A	USF:absent-both-directions	claw	shiver		"[""k"", ""l"", ""ɔ""]"	"[""ʃ"", ""ɪ"", ""v"", ""ə"", ""ɹ""]"					0.0	0.0	3.6407346869502244	3.184524426592544	3.4126295567713845	3	4		1	2	41	17								0	0	1						claw	shiver	0.0	0.0
MEANING_0321	Meaning	unrelated	0	train	plus	model_blind_selected			USF Appendix A	USF:absent-both-directions	upstairs	way		"[""ʌ"", ""p"", ""s"", ""t"", ""ɛ"", ""ɹ"", ""z""]"	"[""w"", ""eɪ""]"					0.0	0.0	4.849575966220427	6.153731194465553	5.50165358034299	7	2		2	1	1196	10293								0	0	1						upstairs	way	0.0	0.0
MEANING_0322	Meaning	unrelated	0	train	plus	model_blind_selected			USF Appendix A	USF:absent-both-directions	fad	broth		"[""f"", ""æ"", ""d""]"	"[""b"", ""ɹ"", ""ɑ"", ""θ""]"					0.0	0.0	2.883494430928563	2.9456423376774072	2.914568384302985	3	4		1	1	0	22								0	0	1	unseen_phase1:fad					fad	broth	0.0	0.0
MEANING_0323	Meaning	unrelated	0	train	plus	model_blind_selected			USF Appendix A	USF:absent-both-directions	cards	tragedy		"[""k"", ""ɑ"", ""ɹ"", ""d"", ""z""]"	"[""t"", ""ɹ"", ""æ"", ""d̠ʒ"", ""ə"", ""d"", ""i""]"					0.0	0.0	4.681418609026778	4.151568121196594	4.416493365111686	5	7		1	3	611	3								0	0	1						cards	tragedy	0.0	0.0
MEANING_0324	Meaning	unrelated	0	train	plus	model_blind_selected			USF Appendix A	USF:absent-both-directions	suck	pendulum		"[""s"", ""ʌ"", ""k""]"	"[""p"", ""ɛ"", ""n"", ""d̠ʒ"", ""uː"", ""l"", ""ə"", ""m""]"					0.0	0.0	4.542605771985989	2.723793588061051	3.63319968002352	3	8		1	3	171	1								0	0	1						suck	pendulum	0.0	0.0
MEANING_0325	Meaning	unrelated	0	train	plus	model_blind_selected			USF Appendix A	USF:absent-both-directions	claw	snuggle		"[""k"", ""l"", ""ɔ""]"	"[""s"", ""n"", ""ʌ"", ""ɡ"", ""ə"", ""l""]"					0.0	0.0	3.6407346869502244	3.1119737594439325	3.3763542231970787	3	6		1	2	41	159								0	0	1						claw	snuggle	0.0	0.0
MEANING_0326	Meaning	unrelated	0	train	plus	model_blind_selected			USF Appendix A	USF:absent-both-directions	calculator	chance		"[""k"", ""æ"", ""l"", ""k"", ""j"", ""ʊ"", ""l"", ""eɪ"", ""t"", ""ə"", ""ɹ""]"	"[""t̠ʃ"", ""æ"", ""n"", ""s""]"					0.0	0.0	3.1119737594439325	5.38244084790921	4.247207303676571	10	4		4	1	31	234								0	0	1						calculator	chance	0.0	0.0
MEANING_0327	Meaning	unrelated	0	train	plus	model_blind_selected			USF Appendix A	USF:absent-both-directions	foggy	mail		"[""f"", ""ɑ"", ""ɡ"", ""i""]"	"[""m"", ""eɪ"", ""l""]"					0.0	0.0	3.1119737594439325	4.566356604002589	3.839165181723261	4	3		2	1	37	784								0	0	1						foggy	mail	0.0	0.0
MEANING_0328	Meaning	unrelated	0	train	plus	model_blind_selected			USF Appendix A	USF:absent-both-directions	fancy	stay		"[""f"", ""æ"", ""n"", ""s"", ""i""]"	"[""s"", ""t"", ""eɪ""]"					0.0	0.0	4.542117251707365	5.712352544939666	5.127234898323516	5	3		2	1	207	3520								0	0	1						fancy	stay	0.0	0.0
MEANING_0329	Meaning	unrelated	0	train	plus	model_blind_selected			USF Appendix A	USF:absent-both-directions	school	branch		"[""s"", ""k"", ""uː"", ""l""]"	"[""b"", ""ɹ"", ""æ"", ""n"", ""t̠ʃ""]"					0.0	0.0	5.5225976402482555	4.00339294289734	4.762995291572798	4	5		1	1	6413	139								0	0	1						school	branch	0.0	0.0
MEANING_0330	Meaning	unrelated	0	train	plus	model_blind_selected			USF Appendix A	USF:absent-both-directions	racket	write		"[""ɹ"", ""æ"", ""k"", ""ɪ"", ""t""]"	"[""ɹ"", ""aɪ"", ""t""]"					0.0	0.0	3.871069033870136	5.1031326848491805	4.487100859359658	5	3		2	1	110	3900								0	0	1						racket	write	0.0	0.0
MEANING_0331	Meaning	unrelated	0	train	plus	model_blind_selected			USF Appendix A	USF:absent-both-directions	oil	aggressive		"[""ɔɪ"", ""l""]"	"[""ə"", ""ɡ"", ""ɹ"", ""ɛ"", ""s"", ""ɪ"", ""v""]"					0.0	0.0	4.613613851204378	3.8998848471167324	4.256749349160556	2	7		1	3	365	18								0	0	1						oil	aggressive	0.0	0.0
MEANING_0332	Meaning	unrelated	0	train	plus	model_blind_selected			USF Appendix A	USF:absent-both-directions	rim	state		"[""ɹ"", ""ɪ"", ""m""]"	"[""s"", ""t"", ""eɪ"", ""t""]"					0.0	0.0	3.38933983691012	5.032792513396307	4.2110661751532135	3	4		1	1	7	258								0	0	1						rim	state	0.0	0.0
MEANING_0333	Meaning	unrelated	0	train	plus	model_blind_selected			USF Appendix A	USF:absent-both-directions	upstairs	etiquette		"[""ʌ"", ""p"", ""s"", ""t"", ""ɛ"", ""ɹ"", ""z""]"	"[""ɛ"", ""t"", ""ɪ"", ""k"", ""ə"", ""t""]"					0.0	0.0	4.849575966220427	3.274701056941632	4.062138511581029	7	6		2	3	1196	0								0	0	1	unseen_phase1:etiquette					upstairs	etiquette	0.0	0.0
MEANING_0334	Meaning	unrelated	0	train	plus	model_blind_selected			USF Appendix A	USF:absent-both-directions	dine	voodoo		"[""d"", ""aɪ"", ""n""]"	"[""v"", ""uː"", ""d"", ""uː""]"					0.0	0.0	3.632873938742182	3.678036097500376	3.6554550181212786	3	4		1	2	9	0								0	0	1	unseen_phase1:voodoo					dine	voodoo	0.0	0.0
MEANING_0335	Meaning	unrelated	0	train	plus	model_blind_selected			USF Appendix A	USF:absent-both-directions	fad	blood		"[""f"", ""æ"", ""d""]"	"[""b"", ""l"", ""ʌ"", ""d""]"					0.0	0.0	2.883494430928563	5.269787553447365	4.076640992187964	3	4		1	1	0	296								0	0	1	unseen_phase1:fad					fad	blood	0.0	0.0
MEANING_0336	Meaning	unrelated	0	train	plus	model_blind_selected			USF Appendix A	USF:absent-both-directions	dine	blueberry		"[""d"", ""aɪ"", ""n""]"	"[""b"", ""l"", ""uː"", ""b"", ""ɛ"", ""ɹ"", ""i""]"					0.0	0.0	3.632873938742182	3.4097011195578277	3.5212875291500048	3	7		1	3	9	266								0	0	1						dine	blueberry	0.0	0.0
MEANING_0337	Meaning	unrelated	0	train	plus	model_blind_selected			USF Appendix A	USF:absent-both-directions	server	loud		"[""s"", ""ɜː"", ""v"", ""ə"", ""ɹ""]"	"[""l"", ""aʊ"", ""d""]"					0.0	0.0	3.5934598195660445	4.60013974730687	4.096799783436458	4	3		2	1	4	882								0	0	1						server	loud	0.0	0.0
MEANING_0338	Meaning	unrelated	0	train	plus	model_blind_selected			USF Appendix A	USF:absent-both-directions	rim	bald		"[""ɹ"", ""ɪ"", ""m""]"	"[""b"", ""ɔ"", ""l"", ""d""]"					0.0	0.0	3.38933983691012	3.987911500392261	3.6886256686511905	3	4		1	1	7	56								0	0	1						rim	bald	0.0	0.0
MEANING_0339	Meaning	unrelated	0	train	plus	model_blind_selected			USF Appendix A	USF:absent-both-directions	foggy	eager		"[""f"", ""ɑ"", ""ɡ"", ""i""]"	"[""iː"", ""ɡ"", ""ə"", ""ɹ""]"					0.0	0.0	3.1119737594439325	3.8364978682523394	3.4742358138481357	4	3		2	2	37	7								0	0	1						foggy	eager	0.0	0.0
MEANING_0340	Meaning	unrelated	0	train	plus	model_blind_selected			USF Appendix A	USF:absent-both-directions	foggy	date		"[""f"", ""ɑ"", ""ɡ"", ""i""]"	"[""d"", ""eɪ"", ""t""]"					0.0	0.0	3.1119737594439325	5.150846701625552	4.131410230534742	4	3		2	1	37	157								0	0	1						foggy	date	0.0	0.0
MEANING_0341	Meaning	unrelated	0	train	plus	model_blind_selected			USF Appendix A	USF:absent-both-directions	school	sound		"[""s"", ""k"", ""uː"", ""l""]"	"[""s"", ""aʊ"", ""n"", ""d""]"					0.0	0.0	5.5225976402482555	5.156525397326311	5.339561518787283	4	4		1	1	6413	1757								0	0	1						school	sound	0.0	0.0
MEANING_0342	Meaning	unrelated	0	train	plus	model_blind_selected			USF Appendix A	USF:absent-both-directions	oil	stack		"[""ɔɪ"", ""l""]"	"[""s"", ""t"", ""æ"", ""k""]"					0.0	0.0	4.613613851204378	3.7851902129289012	4.19940203206664	2	4		1	1	365	336								0	0	1						oil	stack	0.0	0.0
MEANING_0343	Meaning	unrelated	0	train	plus	model_blind_selected			USF Appendix A	USF:absent-both-directions	foot	bump		"[""f"", ""ʊ"", ""t""]"	"[""b"", ""ʌ"", ""m"", ""p""]"					0.0	0.0	4.812389004654132	4.091770373355645	4.452079689004888	3	4		1	1	2920	1088								0	0	1						foot	bump	0.0	0.0
MEANING_0344	Meaning	unrelated	0	train	plus	model_blind_selected			USF Appendix A	USF:absent-both-directions	fad	sky		"[""f"", ""æ"", ""d""]"	"[""s"", ""k"", ""aɪ""]"					0.0	0.0	2.883494430928563	4.6513160283079324	3.7674052296182476	3	3		1	1	0	522								0	0	1	unseen_phase1:fad					fad	sky	0.0	0.0
MEANING_0345	Meaning	unrelated	0	train	plus	model_blind_selected			USF Appendix A	USF:absent-both-directions	cards	king		"[""k"", ""ɑ"", ""ɹ"", ""d"", ""z""]"	"[""k"", ""ɪ"", ""ŋ""]"					0.0	0.0	4.681418609026778	5.111447022591123	4.89643281580895	5	3		1	1	611	955								0	0	1						cards	king	0.0	0.0
MEANING_0346	Meaning	unrelated	0	train	plus	model_blind_selected			USF Appendix A	USF:absent-both-directions	school	flip		"[""s"", ""k"", ""uː"", ""l""]"	"[""f"", ""l"", ""ɪ"", ""p""]"					0.0	0.0	5.5225976402482555	4.154561203215101	4.838579421731678	4	4		1	1	6413	372								0	0	1						school	flip	0.0	0.0
MEANING_0347	Meaning	unrelated	0	train	plus	model_blind_selected			USF Appendix A	USF:absent-both-directions	racket	full		"[""ɹ"", ""æ"", ""k"", ""ɪ"", ""t""]"	"[""f"", ""ʊ"", ""l""]"					0.0	0.0	3.871069033870136	5.222461438853037	4.546765236361586	5	3		2	1	110	1380								0	0	1						racket	full	0.0	0.0
MEANING_0348	Meaning	unrelated	0	train	plus	model_blind_selected			USF Appendix A	USF:absent-both-directions	pay	transportation		"[""p"", ""eɪ""]"	"[""t"", ""ɹ"", ""æ"", ""n"", ""s"", ""p"", ""ɔ"", ""ɹ"", ""t"", ""eɪ"", ""ʃ"", ""ə"", ""n""]"					0.0	0.0	5.405871777867385	3.744216259426354	4.575044018646869	2	12		1	4	571	20								0	0	1						pay	transportation	0.0	0.0
MEANING_0349	Meaning	unrelated	0	train	plus	model_blind_selected			USF Appendix A	USF:absent-both-directions	upstairs	honey		"[""ʌ"", ""p"", ""s"", ""t"", ""ɛ"", ""ɹ"", ""z""]"	"[""h"", ""ʌ"", ""n"", ""i""]"					0.0	0.0	4.849575966220427	5.477830307092516	5.163703136656471	7	4		2	2	1196	6366								0	0	1						upstairs	honey	0.0	0.0
MEANING_0350	Meaning	unrelated	0	train	plus	model_blind_selected			USF Appendix A	USF:absent-both-directions	pay	signature		"[""p"", ""eɪ""]"	"[""s"", ""ɪ"", ""ɡ"", ""n"", ""ɪ"", ""t̠ʃ"", ""ə"", ""ɹ""]"					0.0	0.0	5.405871777867385	4.0862202085928825	4.746045993230133	2	7		1	3	571	4								0	0	1						pay	signature	0.0	0.0
MEANING_0351	Meaning	unrelated	0	train	plus	model_blind_selected			USF Appendix A	USF:absent-both-directions	foot	topping		"[""f"", ""ʊ"", ""t""]"	"[""t"", ""ɑ"", ""p"", ""ɪ"", ""ŋ""]"					0.0	0.0	4.812389004654132	2.9456423376774072	3.8790156711657695	3	5		1	2	2920	22								0	0	1						foot	topping	0.0	0.0
MEANING_0352	Meaning	unrelated	0	train	plus	model_blind_selected			USF Appendix A	USF:absent-both-directions	pay	room		"[""p"", ""eɪ""]"	"[""ɹ"", ""uː"", ""m""]"					0.0	0.0	5.405871777867385	5.642968567103875	5.52442017248563	2	3		1	1	571	4554								0	0	1						pay	room	0.0	0.0
MEANING_0353	Meaning	unrelated	0	train	plus	model_blind_selected			USF Appendix A	USF:absent-both-directions	claw	meek		"[""k"", ""l"", ""ɔ""]"	"[""m"", ""iː"", ""k""]"					0.0	0.0	3.6407346869502244	3.2369124960522324	3.4388235915012286	3	3		1	1	41	16								0	0	1						claw	meek	0.0	0.0
MEANING_0354	Meaning	unrelated	0	train	plus	model_blind_selected			USF Appendix A	USF:absent-both-directions	sash	light		"[""s"", ""æ"", ""ʃ""]"	"[""l"", ""aɪ"", ""t""]"					0.0	0.0	3.055857817465001	5.21799973344544	4.136928775455221	3	3		1	1	20	3237								0	0	1						sash	light	0.0	0.0
MEANING_0355	Meaning	unrelated	0	train	plus	model_blind_selected			USF Appendix A	USF:absent-both-directions	brave	desk		"[""b"", ""ɹ"", ""eɪ"", ""v""]"	"[""d"", ""ɛ"", ""s"", ""k""]"					0.0	0.0	4.501139843808465	4.642483917481094	4.57181188064478	4	4		1	1	175	297								0	0	1						brave	desk	0.0	0.0
MEANING_0356	Meaning	unrelated	0	train	plus	model_blind_selected			USF Appendix A	USF:absent-both-directions	fad	far		"[""f"", ""æ"", ""d""]"	"[""f"", ""ɑ"", ""ɹ""]"					0.0	0.0	2.883494430928563	5.343929643034809	4.113712036981686	3	3		1	1	0	1293								0	0	1	unseen_phase1:fad					fad	far	0.0	0.0
MEANING_0357	Meaning	unrelated	0	train	plus	model_blind_selected			USF Appendix A	USF:absent-both-directions	hostage	add		"[""h"", ""ɑ"", ""s"", ""t"", ""ɪ"", ""d̠ʒ""]"	"[""æ"", ""d""]"					0.0	0.0	4.163418637662639	4.519287394190787	4.341353015926713	6	2		2	1	0	268								0	0	1	unseen_phase1:hostage					hostage	add	0.0	0.0
MEANING_0358	Meaning	unrelated	0	train	plus	model_blind_selected			USF Appendix A	USF:absent-both-directions	pay	identity		"[""p"", ""eɪ""]"	"[""aɪ"", ""d"", ""ɛ"", ""n"", ""t"", ""ɪ"", ""t"", ""i""]"					0.0	0.0	5.405871777867385	4.113287813341763	4.759579795604575	2	8		1	4	571	1								0	0	1						pay	identity	0.0	0.0
MEANING_0359	Meaning	unrelated	0	train	plus	model_blind_selected			USF Appendix A	USF:absent-both-directions	fancy	beggar		"[""f"", ""æ"", ""n"", ""s"", ""i""]"	"[""b"", ""ɛ"", ""ɡ"", ""ə"", ""ɹ""]"					0.0	0.0	4.542117251707365	3.3928003690196267	3.967458810363496	5	4		2	2	207	7								0	0	1						fancy	beggar	0.0	0.0
MEANING_0360	Meaning	unrelated	0	train	plus	model_blind_selected			USF Appendix A	USF:absent-both-directions	dine	dungeon		"[""d"", ""aɪ"", ""n""]"	"[""d"", ""ʌ"", ""n"", ""d̠ʒ"", ""ə"", ""n""]"					0.0	0.0	3.632873938742182	3.4097011195578277	3.5212875291500048	3	6		1	2	9	14								0	0	1						dine	dungeon	0.0	0.0
MEANING_0361	Meaning	unrelated	0	train	plus	model_blind_selected			USF Appendix A	USF:absent-both-directions	wave	buggy		"[""w"", ""eɪ"", ""v""]"	"[""b"", ""ʌ"", ""ɡ"", ""i""]"					0.0	0.0	4.327459106104431	3.3962335448580205	3.861846325481226	3	4		1	2	302	146								0	0	1						wave	buggy	0.0	0.0
MEANING_0362	Meaning	unrelated	0	train	plus	model_blind_selected			USF Appendix A	USF:absent-both-directions	pay	confident		"[""p"", ""eɪ""]"	"[""k"", ""ɑ"", ""n"", ""f"", ""ɪ"", ""d"", ""ə"", ""n"", ""t""]"					0.0	0.0	5.405871777867385	4.02722965349091	4.716550715679148	2	9		1	3	571	9								0	0	1						pay	confident	0.0	0.0
MEANING_0363	Meaning	unrelated	0	train	plus	model_blind_selected			USF Appendix A	USF:absent-both-directions	wave	poison		"[""w"", ""eɪ"", ""v""]"	"[""p"", ""ɔɪ"", ""z"", ""ə"", ""n""]"					0.0	0.0	4.327459106104431	4.390034152776474	4.358746629440453	3	5		1	2	302	101								0	0	1						wave	poison	0.0	0.0
MEANING_0364	Meaning	unrelated	0	train	plus	model_blind_selected			USF Appendix A	USF:absent-both-directions	flask	shower		"[""f"", ""l"", ""æ"", ""s"", ""k""]"	"[""ʃ"", ""aʊ"", ""ə"", ""ɹ""]"					0.0	0.0	3.048304679574555	4.614028254367407	3.8311664669709815	5	3		1	2	2	407								0	0	1						flask	shower	0.0	0.0
MEANING_0365	Meaning	unrelated	0	train	plus	model_blind_selected			USF Appendix A	USF:absent-both-directions	school	boot		"[""s"", ""k"", ""uː"", ""l""]"	"[""b"", ""uː"", ""t""]"					0.0	0.0	5.5225976402482555	4.0467781596130825	4.784687899930669	4	3		1	1	6413	425								0	0	1						school	boot	0.0	0.0
MEANING_0366	Meaning	unrelated	0	train	plus	model_blind_selected			USF Appendix A	USF:absent-both-directions	claw	peak		"[""k"", ""l"", ""ɔ""]"	"[""p"", ""iː"", ""k""]"					0.0	0.0	3.6407346869502244	3.7738724524043685	3.7073035696772965	3	3		1	1	41	26								0	0	1						claw	peak	0.0	0.0
MEANING_0367	Meaning	unrelated	0	train	plus	model_blind_selected			USF Appendix A	USF:absent-both-directions	claw	apple		"[""k"", ""l"", ""ɔ""]"	"[""æ"", ""p"", ""ə"", ""l""]"					0.0	0.0	3.6407346869502244	4.374137093999413	4.007435890474818	3	4		1	2	41	4300								0	0	1						claw	apple	0.0	0.0
MEANING_0368	Meaning	unrelated	0	train	plus	model_blind_selected			USF Appendix A	USF:absent-both-directions	school	moment		"[""s"", ""k"", ""uː"", ""l""]"	"[""m"", ""oʊ"", ""m"", ""ə"", ""n"", ""t""]"					0.0	0.0	5.5225976402482555	5.271932672689465	5.39726515646886	4	6		1	2	6413	144								0	0	1						school	moment	0.0	0.0
MEANING_0369	Meaning	unrelated	0	train	plus	model_blind_selected			USF Appendix A	USF:absent-both-directions	dine	radish		"[""d"", ""aɪ"", ""n""]"	"[""ɹ"", ""æ"", ""d"", ""ɪ"", ""ʃ""]"					0.0	0.0	3.632873938742182	2.7837915177363364	3.208332728239259	3	5		1	2	9	24								0	0	1						dine	radish	0.0	0.0
MEANING_0370	Meaning	unrelated	0	train	plus	model_blind_selected			USF Appendix A	USF:absent-both-directions	pay	hectic		"[""p"", ""eɪ""]"	"[""h"", ""ɛ"", ""k"", ""t"", ""ɪ"", ""k""]"					0.0	0.0	5.405871777867385	3.2655576775017625	4.335714727684573	2	6		1	2	571	2								0	0	1						pay	hectic	0.0	0.0
MEANING_0371	Meaning	unrelated	0	train	plus	model_blind_selected			USF Appendix A	USF:absent-both-directions	wave	own		"[""w"", ""eɪ"", ""v""]"	"[""oʊ"", ""n""]"					0.0	0.0	4.327459106104431	5.661998170498611	4.994728638301521	3	2		1	1	302	1684								0	0	1						wave	own	0.0	0.0
MEANING_0372	Meaning	unrelated	0	train	plus	model_blind_selected			USF Appendix A	USF:absent-both-directions	foggy	gauge		"[""f"", ""ɑ"", ""ɡ"", ""i""]"	"[""ɡ"", ""eɪ"", ""d̠ʒ""]"					0.0	0.0	3.1119737594439325	3.3416478465722452	3.226810803008089	4	3		2	1	37	3								0	0	1						foggy	gauge	0.0	0.0
MEANING_0373	Meaning	unrelated	0	train	plus	model_blind_selected			USF Appendix A	USF:absent-both-directions	fancy	frisk		"[""f"", ""æ"", ""n"", ""s"", ""i""]"	"[""f"", ""ɹ"", ""ɪ"", ""s"", ""k""]"					0.0	0.0	4.542117251707365	3.190056915192505	3.8660870834499352	5	5		2	1	207	4								0	0	1						fancy	frisk	0.0	0.0
MEANING_0374	Meaning	unrelated	0	train	plus	model_blind_selected			USF Appendix A	USF:absent-both-directions	cards	principle		"[""k"", ""ɑ"", ""ɹ"", ""d"", ""z""]"	"[""p"", ""ɹ"", ""ɪ"", ""n"", ""s"", ""ɪ"", ""p"", ""ə"", ""l""]"					0.0	0.0	4.681418609026778	3.889026919528524	4.285222764277651	5	9		1	3	611	8								0	0	1						cards	principle	0.0	0.0
MEANING_0375	Meaning	unrelated	0	train	plus	model_blind_selected			USF Appendix A	USF:absent-both-directions	claw	function		"[""k"", ""l"", ""ɔ""]"	"[""f"", ""ʌ"", ""ŋ"", ""k"", ""ʃ"", ""ə"", ""n""]"					0.0	0.0	3.6407346869502244	4.044478271721502	3.8426064793358634	3	7		1	2	41	7								0	0	1						claw	function	0.0	0.0
MEANING_0376	Meaning	unrelated	0	train	plus	model_blind_selected			USF Appendix A	USF:absent-both-directions	school	afraid		"[""s"", ""k"", ""uː"", ""l""]"	"[""ə"", ""f"", ""ɹ"", ""eɪ"", ""d""]"					0.0	0.0	5.5225976402482555	5.393867559040913	5.458232599644584	4	5		1	2	6413	626								0	0	1						school	afraid	0.0	0.0
MEANING_0377	Meaning	unrelated	0	train	plus	model_blind_selected			USF Appendix A	USF:absent-both-directions	bathtub	done		"[""b"", ""æ"", ""θ"", ""t"", ""ʌ"", ""b""]"	"[""d"", ""ʌ"", ""n""]"					0.0	0.0	3.7851902129289012	5.685776852968543	4.735483532948722	6	3		2	1	140	6419								0	0	1						bathtub	done	0.0	0.0
MEANING_0378	Meaning	unrelated	0	train	plus	model_blind_selected			USF Appendix A	USF:absent-both-directions	upstairs	snotty		"[""ʌ"", ""p"", ""s"", ""t"", ""ɛ"", ""ɹ"", ""z""]"	"[""s"", ""n"", ""ɑ"", ""t"", ""i""]"					0.0	0.0	4.849575966220427	3.105343180544919	3.977459573382673	7	5		2	2	1196	8								0	0	1						upstairs	snotty	0.0	0.0
MEANING_0379	Meaning	unrelated	0	train	plus	model_blind_selected			USF Appendix A	USF:absent-both-directions	foggy	buyer		"[""f"", ""ɑ"", ""ɡ"", ""i""]"	"[""b"", ""aɪ"", ""ə"", ""ɹ""]"					0.0	0.0	3.1119737594439325	3.7140337507718946	3.4130037551079138	4	3		2	2	37	7								0	0	1						foggy	buyer	0.0	0.0
MEANING_0380	Meaning	unrelated	0	train	plus	model_blind_selected			USF Appendix A	USF:absent-both-directions	oil	pay		"[""ɔɪ"", ""l""]"	"[""p"", ""eɪ""]"					0.0	0.0	4.613613851204378	5.405871777867385	5.0097428145358815	2	2		1	1	365	571								0	0	1						oil	pay	0.0	0.0
MEANING_0381	Meaning	unrelated	0	train	plus	model_blind_selected			USF Appendix A	USF:absent-both-directions	trend	rod		"[""t"", ""ɹ"", ""ɛ"", ""n"", ""d""]"	"[""ɹ"", ""ɑ"", ""d""]"					0.0	0.0	3.3177356891668337	4.030417150235494	3.674076419701164	5	3		1	1	4	50								0	0	1						trend	rod	0.0	0.0
MEANING_0382	Meaning	unrelated	0	train	plus	model_blind_selected			USF Appendix A	USF:absent-both-directions	oil	road		"[""ɔɪ"", ""l""]"	"[""ɹ"", ""oʊ"", ""d""]"					0.0	0.0	4.613613851204378	5.048989866908746	4.831301859056563	2	3		1	1	365	652								0	0	1						oil	road	0.0	0.0
MEANING_0383	Meaning	unrelated	0	train	plus	model_blind_selected			USF Appendix A	USF:absent-both-directions	foggy	dairy		"[""f"", ""ɑ"", ""ɡ"", ""i""]"	"[""d"", ""ɛ"", ""ɹ"", ""i""]"					0.0	0.0	3.1119737594439325	3.44471816828512	3.2783459638645263	4	4		2	2	37	43								0	0	1						foggy	dairy	0.0	0.0
MEANING_0384	Meaning	unrelated	0	train	plus	model_blind_selected			USF Appendix A	USF:absent-both-directions	cards	all		"[""k"", ""ɑ"", ""ɹ"", ""d"", ""z""]"	"[""ɔ"", ""l""]"					0.0	0.0	4.681418609026778	6.712806452389362	5.69711253070807	5	2		1	1	611	37275								0	0	1						cards	all	0.0	0.0
MEANING_0385	Meaning	unrelated	0	train	plus	model_blind_selected			USF Appendix A	USF:absent-both-directions	birthday	reach		"[""b"", ""ɜː"", ""θ"", ""d"", ""eɪ""]"	"[""ɹ"", ""iː"", ""t̠ʃ""]"					0.0	0.0	4.987736346333866	4.755276859733737	4.871506603033802	5	3		2	1	3339	864								0	0	1						birthday	reach	0.0	0.0
MEANING_0386	Meaning	unrelated	0	train	plus	model_blind_selected			USF Appendix A	USF:absent-both-directions	pay	litter		"[""p"", ""eɪ""]"	"[""l"", ""ɪ"", ""t"", ""ə"", ""ɹ""]"					0.0	0.0	5.405871777867385	3.5934598195660445	4.499665798716714	2	4		1	2	571	42								0	0	1						pay	litter	0.0	0.0
MEANING_0387	Meaning	unrelated	0	train	plus	model_blind_selected			USF Appendix A	USF:absent-both-directions	cards	risk		"[""k"", ""ɑ"", ""ɹ"", ""d"", ""z""]"	"[""ɹ"", ""ɪ"", ""s"", ""k""]"					0.0	0.0	4.681418609026778	4.690543515632566	4.685981062329672	5	4		1	1	611	9								0	0	1						cards	risk	0.0	0.0
MEANING_0388	Meaning	unrelated	0	train	plus	model_blind_selected			USF Appendix A	USF:absent-both-directions	foot	section		"[""f"", ""ʊ"", ""t""]"	"[""s"", ""ɛ"", ""k"", ""ʃ"", ""ə"", ""n""]"					0.0	0.0	4.812389004654132	4.436692597664054	4.6245408011590925	3	6		1	2	2920	28								0	0	1						foot	section	0.0	0.0
MEANING_0389	Meaning	unrelated	0	train	plus	model_blind_selected			USF Appendix A	USF:absent-both-directions	racket	shove		"[""ɹ"", ""æ"", ""k"", ""ɪ"", ""t""]"	"[""ʃ"", ""ʌ"", ""v""]"					0.0	0.0	3.871069033870136	4.121089720437384	3.9960793771537597	5	3		2	1	110	34								0	0	1						racket	shove	0.0	0.0
MEANING_0390	Meaning	unrelated	0	train	plus	model_blind_selected			USF Appendix A	USF:absent-both-directions	calculator	college		"[""k"", ""æ"", ""l"", ""k"", ""j"", ""ʊ"", ""l"", ""eɪ"", ""t"", ""ə"", ""ɹ""]"	"[""k"", ""ɑ"", ""l"", ""ɪ"", ""d̠ʒ""]"					0.0	0.0	3.1119737594439325	4.930319640482854	4.021146699963394	10	5		4	2	31	114								0	0	1						calculator	college	0.0	0.0
MEANING_0391	Meaning	unrelated	0	train	plus	model_blind_selected			USF Appendix A	USF:absent-both-directions	rim	thinking		"[""ɹ"", ""ɪ"", ""m""]"	"[""θ"", ""ɪ"", ""ŋ"", ""k"", ""ɪ"", ""ŋ""]"					0.0	0.0	3.38933983691012	5.449372508754289	4.419356172832204	3	6		1	2	7	903								0	0	1						rim	thinking	0.0	0.0
MEANING_0392	Meaning	unrelated	0	train	plus	model_blind_selected			USF Appendix A	USF:absent-both-directions	sash	alert		"[""s"", ""æ"", ""ʃ""]"	"[""ə"", ""l"", ""ɜː"", ""t""]"					0.0	0.0	3.055857817465001	4.314032539930306	3.6849451786976535	3	4		1	2	20	14								0	0	1						sash	alert	0.0	0.0
MEANING_0393	Meaning	unrelated	0	train	plus	model_blind_selected			USF Appendix A	USF:absent-both-directions	foot	times		"[""f"", ""ʊ"", ""t""]"	"[""t"", ""aɪ"", ""m"", ""z""]"					0.0	0.0	4.812389004654132	5.3424613862704655	5.077425195462299	3	4		1	1	2920	936								0	0	1						foot	times	0.0	0.0
MEANING_0394	Meaning	unrelated	0	train	plus	model_blind_selected			USF Appendix A	USF:absent-both-directions	racket	loose		"[""ɹ"", ""æ"", ""k"", ""ɪ"", ""t""]"	"[""l"", ""uː"", ""s""]"					0.0	0.0	3.871069033870136	4.621013273616265	4.2460411537432	5	3		2	1	110	226								0	0	1						racket	loose	0.0	0.0
MEANING_0395	Meaning	unrelated	0	train	plus	model_blind_selected			USF Appendix A	USF:absent-both-directions	birthday	made		"[""b"", ""ɜː"", ""θ"", ""d"", ""eɪ""]"	"[""m"", ""eɪ"", ""d""]"					0.0	0.0	4.987736346333866	5.749190490844633	5.36846341858925	5	3		2	1	3339	4566								0	0	1						birthday	made	0.0	0.0
MEANING_0396	Meaning	unrelated	0	train	plus	model_blind_selected			USF Appendix A	USF:absent-both-directions	foggy	pinch		"[""f"", ""ɑ"", ""ɡ"", ""i""]"	"[""p"", ""ɪ"", ""n"", ""t̠ʃ""]"					0.0	0.0	3.1119737594439325	3.7865844179205066	3.4492790886822196	4	4		2	1	37	235								0	0	1						foggy	pinch	0.0	0.0
MEANING_0397	Meaning	unrelated	0	train	plus	model_blind_selected			USF Appendix A	USF:absent-both-directions	fancy	ham		"[""f"", ""æ"", ""n"", ""s"", ""i""]"	"[""h"", ""æ"", ""m""]"					0.0	0.0	4.542117251707365	4.064017304783319	4.303067278245342	5	3		2	1	207	367								0	0	1						fancy	ham	0.0	0.0
MEANING_0398	Meaning	unrelated	0	train	plus	model_blind_selected			USF Appendix A	USF:absent-both-directions	server	dam		"[""s"", ""ɜː"", ""v"", ""ə"", ""ɹ""]"	"[""d"", ""æ"", ""m""]"					0.0	0.0	3.5934598195660445	3.7592974442561733	3.676378631911109	4	3		2	1	4	25								0	0	1						server	dam	0.0	0.0
MEANING_0399	Meaning	unrelated	0	train	plus	model_blind_selected			USF Appendix A	USF:absent-both-directions	cards	cap		"[""k"", ""ɑ"", ""ɹ"", ""d"", ""z""]"	"[""k"", ""æ"", ""p""]"					0.0	0.0	4.681418609026778	4.272887716178164	4.477153162602471	5	3		1	1	611	215								0	0	1						cards	cap	0.0	0.0
MEANING_0400	Meaning	unrelated	0	train	plus	model_blind_selected			USF Appendix A	USF:absent-both-directions	pay	games		"[""p"", ""eɪ""]"	"[""ɡ"", ""eɪ"", ""m"", ""z""]"					0.0	0.0	5.405871777867385	4.651695988508812	5.028783883188098	2	4		1	1	571	526								0	0	1						pay	games	0.0	0.0
MEANING_0401	Meaning	unrelated	0	train	plus	model_blind_selected			USF Appendix A	USF:absent-both-directions	flask	bite		"[""f"", ""l"", ""æ"", ""s"", ""k""]"	"[""b"", ""aɪ"", ""t""]"					0.0	0.0	3.048304679574555	4.610493158864825	3.82939891921969	5	3		1	1	2	3276								0	0	1						flask	bite	0.0	0.0
MEANING_0402	Meaning	unrelated	0	train	plus	model_blind_selected			USF Appendix A	USF:absent-both-directions	school	pan		"[""s"", ""k"", ""uː"", ""l""]"	"[""p"", ""æ"", ""n""]"					0.0	0.0	5.5225976402482555	4.08969736473278	4.806147502490518	4	3		1	1	6413	447								0	0	1						school	pan	0.0	0.0
MEANING_0403	Meaning	unrelated	0	train	plus	model_blind_selected			USF Appendix A	USF:absent-both-directions	racket	relative		"[""ɹ"", ""æ"", ""k"", ""ɪ"", ""t""]"	"[""ɹ"", ""ɛ"", ""l"", ""ə"", ""t"", ""ɪ"", ""v""]"					0.0	0.0	3.871069033870136	3.8912203306651785	3.8811446822676574	5	7		2	3	110	45								0	0	1						racket	relative	0.0	0.0
MEANING_0404	Meaning	unrelated	0	train	plus	model_blind_selected			USF Appendix A	USF:absent-both-directions	measurement	hard		"[""m"", ""ɛ"", ""ʒ"", ""ə"", ""ɹ"", ""m"", ""ə"", ""n"", ""t""]"	"[""h"", ""ɑ"", ""ɹ"", ""d""]"					0.0	0.0	2.723793588061051	5.488329476311297	4.106061532186175	8	4		3	1	1	4028								0	0	1						measurement	hard	0.0	0.0
MEANING_0405	Meaning	unrelated	0	train	plus	model_blind_selected			USF Appendix A	USF:absent-both-directions	school	feet		"[""s"", ""k"", ""uː"", ""l""]"	"[""f"", ""iː"", ""t""]"					0.0	0.0	5.5225976402482555	5.081798977493545	5.3021983088709	4	3		1	1	6413	3634								0	0	1						school	feet	0.0	0.0
MEANING_0406	Meaning	unrelated	0	train	plus	model_blind_selected			USF Appendix A	USF:absent-both-directions	flask	slope		"[""f"", ""l"", ""æ"", ""s"", ""k""]"	"[""s"", ""l"", ""oʊ"", ""p""]"					0.0	0.0	3.048304679574555	3.468521082957745	3.25841288126615	5	4		1	1	2	2								0	0	1						flask	slope	0.0	0.0
MEANING_0407	Meaning	unrelated	0	train	plus	model_blind_selected			USF Appendix A	USF:absent-both-directions	fancy	sad		"[""f"", ""æ"", ""n"", ""s"", ""i""]"	"[""s"", ""æ"", ""d""]"					0.0	0.0	4.542117251707365	4.801901176004613	4.672009213855989	5	3		2	1	207	1096								0	0	1						fancy	sad	0.0	0.0
MEANING_0408	Meaning	unrelated	0	train	plus	model_blind_selected			USF Appendix A	USF:absent-both-directions	server	curb		"[""s"", ""ɜː"", ""v"", ""ə"", ""ɹ""]"	"[""k"", ""ɜː"", ""b""]"					0.0	0.0	3.5934598195660445	3.6125761100131175	3.603017964789581	4	3		2	1	4	8								0	0	1						server	curb	0.0	0.0
MEANING_0409	Meaning	unrelated	0	train	plus	model_blind_selected			USF Appendix A	USF:absent-both-directions	trend	bit		"[""t"", ""ɹ"", ""ɛ"", ""n"", ""d""]"	"[""b"", ""ɪ"", ""t""]"					0.0	0.0	3.3177356891668337	5.3711403292303395	4.344438009198587	5	3		1	1	4	4676								0	0	1						trend	bit	0.0	0.0
MEANING_0410	Meaning	unrelated	0	train	plus	model_blind_selected			USF Appendix A	USF:absent-both-directions	brave	robber		"[""b"", ""ɹ"", ""eɪ"", ""v""]"	"[""ɹ"", ""ɑ"", ""b"", ""ə"", ""ɹ""]"					0.0	0.0	4.501139843808465	3.6708277248502013	4.085983784329333	4	4		1	2	175	46								0	0	1						brave	robber	0.0	0.0
MEANING_0411	Meaning	unrelated	0	train	plus	model_blind_selected			USF Appendix A	USF:absent-both-directions	wave	cheat		"[""w"", ""eɪ"", ""v""]"	"[""t̠ʃ"", ""iː"", ""t""]"					0.0	0.0	4.327459106104431	4.2471546148811266	4.287306860492778	3	3		1	1	302	72								0	0	1						wave	cheat	0.0	0.0
MEANING_0412	Meaning	unrelated	0	train	plus	model_blind_selected			USF Appendix A	USF:absent-both-directions	foot	spool		"[""f"", ""ʊ"", ""t""]"	"[""s"", ""p"", ""uː"", ""l""]"					0.0	0.0	4.812389004654132	2.7074031718728815	3.7598960882635066	3	4		1	1	2920	7								0	0	1						foot	spool	0.0	0.0
MEANING_0413	Meaning	unrelated	0	train	plus	model_blind_selected			USF Appendix A	USF:absent-both-directions	pay	rat		"[""p"", ""eɪ""]"	"[""ɹ"", ""æ"", ""t""]"					0.0	0.0	5.405871777867385	4.513322073121583	4.959596925494484	2	3		1	1	571	210								0	0	1						pay	rat	0.0	0.0
MEANING_0414	Meaning	unrelated	0	train	plus	model_blind_selected			USF Appendix A	USF:absent-both-directions	claw	turnip		"[""k"", ""l"", ""ɔ""]"	"[""t"", ""ɜː"", ""n"", ""ɪ"", ""p""]"					0.0	0.0	3.6407346869502244	3.2369124960522324	3.4388235915012286	3	5		1	2	41	23								0	0	1						claw	turnip	0.0	0.0
MEANING_0415	Meaning	unrelated	0	train	plus	model_blind_selected			USF Appendix A	USF:absent-both-directions	brave	see		"[""b"", ""ɹ"", ""eɪ"", ""v""]"	"[""s"", ""iː""]"					0.0	0.0	4.501139843808465	6.407684101318111	5.454411972563288	4	2		1	1	175	60705								0	0	1						brave	see	0.0	0.0
MEANING_0416	Meaning	unrelated	0	train	plus	model_blind_selected			USF Appendix A	USF:absent-both-directions	server	gag		"[""s"", ""ɜː"", ""v"", ""ə"", ""ɹ""]"	"[""ɡ"", ""æ"", ""ɡ""]"					0.0	0.0	3.5934598195660445	3.848732324669351	3.7210960721176978	4	3		2	1	4	22								0	0	1						server	gag	0.0	0.0
MEANING_0417	Meaning	unrelated	0	train	plus	model_blind_selected			USF Appendix A	USF:absent-both-directions	wave	dress		"[""w"", ""eɪ"", ""v""]"	"[""d"", ""ɹ"", ""ɛ"", ""s""]"					0.0	0.0	4.327459106104431	4.940496953350999	4.633978029727714	3	4		1	1	302	1388								0	0	1						wave	dress	0.0	0.0
MEANING_0418	Meaning	unrelated	0	train	plus	model_blind_selected			USF Appendix A	USF:absent-both-directions	cards	acid		"[""k"", ""ɑ"", ""ɹ"", ""d"", ""z""]"	"[""æ"", ""s"", ""ɪ"", ""d""]"					0.0	0.0	4.681418609026778	3.998293536185983	4.339856072606381	5	4		1	2	611	8								0	0	1						cards	acid	0.0	0.0
MEANING_0419	Meaning	unrelated	0	train	plus	model_blind_selected			USF Appendix A	USF:absent-both-directions	birthday	cooler		"[""b"", ""ɜː"", ""θ"", ""d"", ""eɪ""]"	"[""k"", ""uː"", ""l"", ""ə"", ""ɹ""]"					0.0	0.0	4.987736346333866	3.848732324669351	4.418234335501609	5	4		2	2	3339	43								0	0	1						birthday	cooler	0.0	0.0
MEANING_0420	Meaning	unrelated	0	train	plus	model_blind_selected			USF Appendix A	USF:absent-both-directions	fancy	dust		"[""f"", ""æ"", ""n"", ""s"", ""i""]"	"[""d"", ""ʌ"", ""s"", ""t""]"					0.0	0.0	4.542117251707365	4.37736339883878	4.4597403252730725	5	4		2	1	207	202								0	0	1						fancy	dust	0.0	0.0
MEANING_0421	Meaning	unrelated	0	train	plus	model_blind_selected			USF Appendix A	USF:absent-both-directions	oil	dunk		"[""ɔɪ"", ""l""]"	"[""d"", ""ʌ"", ""ŋ"", ""k""]"					0.0	0.0	4.613613851204378	3.4130037551079138	4.013308803156146	2	4		1	1	365	45								0	0	1						oil	dunk	0.0	0.0
MEANING_0422	Meaning	unrelated	0	train	plus	model_blind_selected			USF Appendix A	USF:absent-both-directions	birthday	hilarious		"[""b"", ""ɜː"", ""θ"", ""d"", ""eɪ""]"	"[""h"", ""ɪ"", ""l"", ""ɛ"", ""ɹ"", ""iə"", ""s""]"					0.0	0.0	4.987736346333866	3.7622518398802267	4.374994093107047	5	8		2	4	3339	16								0	0	1						birthday	hilarious	0.0	0.0
MEANING_0423	Meaning	unrelated	0	train	plus	model_blind_selected			USF Appendix A	USF:absent-both-directions	brave	vote		"[""b"", ""ɹ"", ""eɪ"", ""v""]"	"[""v"", ""oʊ"", ""t""]"					0.0	0.0	4.501139843808465	4.53571596998551	4.518427906896988	4	3		1	1	175	49								0	0	1						brave	vote	0.0	0.0
MEANING_0424	Meaning	unrelated	0	train	plus	model_blind_selected			USF Appendix A	USF:absent-both-directions	claw	essence		"[""k"", ""l"", ""ɔ""]"	"[""ɛ"", ""s"", ""ə"", ""n"", ""s""]"					0.0	0.0	3.6407346869502244	3.750311720636056	3.6955232037931403	3	5		1	2	41	0								0	0	1	unseen_phase1:essence					claw	essence	0.0	0.0
MEANING_0425	Meaning	unrelated	0	train	plus	model_blind_selected			USF Appendix A	USF:absent-both-directions	bathtub	feet		"[""b"", ""æ"", ""θ"", ""t"", ""ʌ"", ""b""]"	"[""f"", ""iː"", ""t""]"					0.0	0.0	3.7851902129289012	5.081798977493545	4.433494595211223	6	3		2	1	140	3634								0	0	1						bathtub	feet	0.0	0.0
MEANING_0426	Meaning	unrelated	0	train	plus	model_blind_selected			USF Appendix A	USF:absent-both-directions	school	racket		"[""s"", ""k"", ""uː"", ""l""]"	"[""ɹ"", ""æ"", ""k"", ""ɪ"", ""t""]"					0.0	0.0	5.5225976402482555	3.871069033870136	4.6968333370591955	4	5		1	2	6413	110								0	0	1						school	racket	0.0	0.0
MEANING_0427	Meaning	unrelated	0	train	plus	model_blind_selected			USF Appendix A	USF:absent-both-directions	foot	casket		"[""f"", ""ʊ"", ""t""]"	"[""k"", ""æ"", ""s"", ""k"", ""ɪ"", ""t""]"					0.0	0.0	4.812389004654132	3.5019448384446945	4.157166921549413	3	6		1	2	2920	0								0	0	1	unseen_phase1:casket					foot	casket	0.0	0.0
MEANING_0428	Meaning	unrelated	0	train	plus	model_blind_selected			USF Appendix A	USF:absent-both-directions	fad	swing		"[""f"", ""æ"", ""d""]"	"[""s"", ""w"", ""ɪ"", ""ŋ""]"					0.0	0.0	2.883494430928563	4.414645702174891	3.649070066551727	3	4		1	1	0	904								0	0	1	unseen_phase1:fad					fad	swing	0.0	0.0
MEANING_0429	Meaning	unrelated	0	train	plus	model_blind_selected			USF Appendix A	USF:absent-both-directions	sash	all		"[""s"", ""æ"", ""ʃ""]"	"[""ɔ"", ""l""]"					0.0	0.0	3.055857817465001	6.712806452389362	4.884332134927181	3	2		1	1	20	37275								0	0	1						sash	all	0.0	0.0
MEANING_0430	Meaning	unrelated	0	train	plus	model_blind_selected			USF Appendix A	USF:absent-both-directions	hostage	play		"[""h"", ""ɑ"", ""s"", ""t"", ""ɪ"", ""d̠ʒ""]"	"[""p"", ""l"", ""eɪ""]"					0.0	0.0	4.163418637662639	5.549652270089638	4.8565354538761385	6	3		2	1	0	19767								0	0	1	unseen_phase1:hostage					hostage	play	0.0	0.0
MEANING_0431	Meaning	unrelated	0	train	plus	model_blind_selected			USF Appendix A	USF:absent-both-directions	hostage	suck		"[""h"", ""ɑ"", ""s"", ""t"", ""ɪ"", ""d̠ʒ""]"	"[""s"", ""ʌ"", ""k""]"					0.0	0.0	4.163418637662639	4.542605771985989	4.353012204824314	6	3		2	1	0	171								0	0	1	unseen_phase1:hostage					hostage	suck	0.0	0.0
MEANING_0432	Meaning	unrelated	0	train	plus	model_blind_selected			USF Appendix A	USF:absent-both-directions	claw	maker		"[""k"", ""l"", ""ɔ""]"	"[""m"", ""eɪ"", ""k"", ""ə"", ""ɹ""]"					0.0	0.0	3.6407346869502244	3.6921035453831017	3.6664191161666633	3	4		1	2	41	75								0	0	1						claw	maker	0.0	0.0
MEANING_0433	Meaning	unrelated	0	train	plus	model_blind_selected			USF Appendix A	USF:absent-both-directions	claw	another		"[""k"", ""l"", ""ɔ""]"	"[""ə"", ""n"", ""ʌ"", ""ð"", ""ə"", ""ɹ""]"					0.0	0.0	3.6407346869502244	5.706901773531366	4.673818230240795	3	5		1	3	41	11447								0	0	1						claw	another	0.0	0.0
MEANING_0434	Meaning	unrelated	0	train	plus	model_blind_selected			USF Appendix A	USF:absent-both-directions	dine	first		"[""d"", ""aɪ"", ""n""]"	"[""f"", ""ɜː"", ""s"", ""t""]"					0.0	0.0	3.632873938742182	5.924573176795779	4.778723557768981	3	4		1	1	9	6261								0	0	1						dine	first	0.0	0.0
MEANING_0435	Meaning	unrelated	0	train	plus	model_blind_selected			USF Appendix A	USF:absent-both-directions	racket	meadow		"[""ɹ"", ""æ"", ""k"", ""ɪ"", ""t""]"	"[""m"", ""ɛ"", ""d"", ""oʊ""]"					0.0	0.0	3.871069033870136	3.3568878131289823	3.6139784234995593	5	4		2	2	110	33								0	0	1						racket	meadow	0.0	0.0
MEANING_0436	Meaning	unrelated	0	train	plus	model_blind_selected			USF Appendix A	USF:absent-both-directions	school	done		"[""s"", ""k"", ""uː"", ""l""]"	"[""d"", ""ʌ"", ""n""]"					0.0	0.0	5.5225976402482555	5.685776852968543	5.604187246608399	4	3		1	1	6413	6419								0	0	1						school	done	0.0	0.0
MEANING_0437	Meaning	unrelated	0	train	plus	model_blind_selected			USF Appendix A	USF:absent-both-directions	sash	active		"[""s"", ""æ"", ""ʃ""]"	"[""æ"", ""k"", ""t"", ""ɪ"", ""v""]"					0.0	0.0	3.055857817465001	4.058842671014463	3.557350244239732	3	5		1	2	20	59								0	0	1						sash	active	0.0	0.0
MEANING_0438	Meaning	unrelated	0	train	plus	model_blind_selected			USF Appendix A	USF:absent-both-directions	pay	passenger		"[""p"", ""eɪ""]"	"[""p"", ""æ"", ""s"", ""ɪ"", ""n"", ""d̠ʒ"", ""ə"", ""ɹ""]"					0.0	0.0	5.405871777867385	4.032002168352156	4.71893697310977	2	7		1	3	571	55								0	0	1						pay	passenger	0.0	0.0
MEANING_0439	Meaning	unrelated	0	train	plus	model_blind_selected			USF Appendix A	USF:absent-both-directions	wave	fresh		"[""w"", ""eɪ"", ""v""]"	"[""f"", ""ɹ"", ""ɛ"", ""ʃ""]"					0.0	0.0	4.327459106104431	4.7364746198201395	4.531966862962285	3	4		1	1	302	421								0	0	1						wave	fresh	0.0	0.0
MEANING_0440	Meaning	unrelated	0	train	plus	model_blind_selected			USF Appendix A	USF:absent-both-directions	dine	reckless		"[""d"", ""aɪ"", ""n""]"	"[""ɹ"", ""ɛ"", ""k"", ""l"", ""ə"", ""s""]"					0.0	0.0	3.632873938742182	3.6921035453831017	3.6624887420626417	3	6		1	2	9	6								0	0	1						dine	reckless	0.0	0.0
MEANING_0441	Meaning	unrelated	0	train	plus	model_blind_selected			USF Appendix A	USF:absent-both-directions	pay	mint		"[""p"", ""eɪ""]"	"[""m"", ""ɪ"", ""n"", ""t""]"					0.0	0.0	5.405871777867385	3.7349095929665124	4.570390685416949	2	4		1	1	571	25								0	0	1						pay	mint	0.0	0.0
MEANING_0442	Meaning	unrelated	0	train	plus	model_blind_selected			USF Appendix A	USF:absent-both-directions	rim	youth		"[""ɹ"", ""ɪ"", ""m""]"	"[""j"", ""uː"", ""θ""]"					0.0	0.0	3.38933983691012	4.2259171117507695	3.8076284743304445	3	3		1	1	7	9								0	0	1						rim	youth	0.0	0.0
MEANING_0443	Meaning	unrelated	0	train	plus	model_blind_selected			USF Appendix A	USF:absent-both-directions	school	retreat		"[""s"", ""k"", ""uː"", ""l""]"	"[""ɹ"", ""ɪ"", ""t"", ""ɹ"", ""iː"", ""t""]"					0.0	0.0	5.5225976402482555	3.977275185546476	4.749936412897366	4	6		1	2	6413	2								0	0	1						school	retreat	0.0	0.0
MEANING_0444	Meaning	unrelated	0	train	plus	model_blind_selected			USF Appendix A	USF:absent-both-directions	flask	express		"[""f"", ""l"", ""æ"", ""s"", ""k""]"	"[""ɛ"", ""k"", ""s"", ""p"", ""ɹ"", ""ɛ"", ""s""]"					0.0	0.0	3.048304679574555	4.253376019635895	3.6508403496052253	5	7		1	2	2	37								0	0	1						flask	express	0.0	0.0
MEANING_0445	Meaning	unrelated	0	train	plus	model_blind_selected			USF Appendix A	USF:absent-both-directions	claw	together		"[""k"", ""l"", ""ɔ""]"	"[""t"", ""ə"", ""ɡ"", ""ɛ"", ""ð"", ""ə"", ""ɹ""]"					0.0	0.0	3.6407346869502244	5.583643224175661	4.612188955562942	3	6		1	3	41	3657								0	0	1						claw	together	0.0	0.0
MEANING_0446	Meaning	unrelated	0	train	plus	model_blind_selected			USF Appendix A	USF:absent-both-directions	fad	mix		"[""f"", ""æ"", ""d""]"	"[""m"", ""ɪ"", ""k"", ""s""]"					0.0	0.0	2.883494430928563	4.213595874539802	3.5485451527341825	3	4		1	1	0	605								0	0	1	unseen_phase1:fad					fad	mix	0.0	0.0
MEANING_0447	Meaning	unrelated	0	train	plus	model_blind_selected			USF Appendix A	USF:absent-both-directions	cards	clinic		"[""k"", ""ɑ"", ""ɹ"", ""d"", ""z""]"	"[""k"", ""l"", ""ɪ"", ""n"", ""ɪ"", ""k""]"					0.0	0.0	4.681418609026778	4.146128035678238	4.413773322352508	5	6		1	2	611	3								0	0	1						cards	clinic	0.0	0.0
MEANING_0448	Meaning	unrelated	0	train	plus	model_blind_selected			USF Appendix A	USF:absent-both-directions	fad	scene		"[""f"", ""æ"", ""d""]"	"[""s"", ""iː"", ""n""]"					0.0	0.0	2.883494430928563	4.873012700716431	3.878253565822497	3	3		1	1	0	37								0	0	1	unseen_phase1:fad					fad	scene	0.0	0.0
MEANING_0449	Meaning	unrelated	0	train	plus	model_blind_selected			USF Appendix A	USF:absent-both-directions	brave	queen		"[""b"", ""ɹ"", ""eɪ"", ""v""]"	"[""k"", ""w"", ""iː"", ""n""]"					0.0	0.0	4.501139843808465	4.737878338168113	4.61950909098829	4	4		1	1	175	315								0	0	1						brave	queen	0.0	0.0
MEANING_0450	Meaning	unrelated	0	train	plus	model_blind_selected			USF Appendix A	USF:absent-both-directions	oil	apart		"[""ɔɪ"", ""l""]"	"[""ə"", ""p"", ""ɑ"", ""ɹ"", ""t""]"					0.0	0.0	4.613613851204378	4.672279002664894	4.642946426934635	2	5		1	2	365	1134								0	0	1						oil	apart	0.0	0.0
MEANING_0451	Meaning	unrelated	0	train	plus	model_blind_selected			USF Appendix A	USF:absent-both-directions	school	space		"[""s"", ""k"", ""uː"", ""l""]"	"[""s"", ""p"", ""eɪ"", ""s""]"					0.0	0.0	5.5225976402482555	4.819930834883184	5.17126423756572	4	4		1	1	6413	742								0	0	1						school	space	0.0	0.0
MEANING_0452	Meaning	unrelated	0	train	plus	model_blind_selected			USF Appendix A	USF:absent-both-directions	fancy	power		"[""f"", ""æ"", ""n"", ""s"", ""i""]"	"[""p"", ""aʊ"", ""ə"", ""ɹ""]"					0.0	0.0	4.542117251707365	5.173243416182855	4.85768033394511	5	3		2	2	207	186								0	0	1						fancy	power	0.0	0.0
MEANING_0453	Meaning	unrelated	0	train	plus	model_blind_selected			USF Appendix A	USF:absent-both-directions	oil	unhappy		"[""ɔɪ"", ""l""]"	"[""ʌ"", ""n"", ""h"", ""æ"", ""p"", ""i""]"					0.0	0.0	4.613613851204378	4.218257398526806	4.415935624865591	2	6		1	3	365	87								0	0	1						oil	unhappy	0.0	0.0
MEANING_0454	Meaning	unrelated	0	train	plus	model_blind_selected			USF Appendix A	USF:absent-both-directions	sash	cinema		"[""s"", ""æ"", ""ʃ""]"	"[""s"", ""ɪ"", ""n"", ""ə"", ""m"", ""ə""]"					0.0	0.0	3.055857817465001	3.5890950141635947	3.3224764158142976	3	6		1	3	20	2								0	0	1						sash	cinema	0.0	0.0
MEANING_0455	Meaning	unrelated	0	train	plus	model_blind_selected			USF Appendix A	USF:absent-both-directions	claw	perish		"[""k"", ""l"", ""ɔ""]"	"[""p"", ""ɛ"", ""ɹ"", ""ɪ"", ""ʃ""]"					0.0	0.0	3.6407346869502244	3.4130037551079138	3.5268692210290693	3	5		1	2	41	0								0	0	1	unseen_phase1:perish					claw	perish	0.0	0.0
MEANING_0456	Meaning	unrelated	0	train	plus	model_blind_selected			USF Appendix A	USF:absent-both-directions	school	pretty		"[""s"", ""k"", ""uː"", ""l""]"	"[""p"", ""ɹ"", ""ɪ"", ""t"", ""i""]"					0.0	0.0	5.5225976402482555	5.593524958853006	5.558061299550631	4	5		1	2	6413	7156								0	0	1						school	pretty	0.0	0.0
MEANING_0457	Meaning	unrelated	0	train	plus	model_blind_selected			USF Appendix A	USF:absent-both-directions	pay	hoop		"[""p"", ""eɪ""]"	"[""h"", ""uː"", ""p""]"					0.0	0.0	5.405871777867385	3.4291503910584704	4.4175110844629275	2	3		1	1	571	83								0	0	1						pay	hoop	0.0	0.0
MEANING_0458	Meaning	unrelated	0	train	plus	model_blind_selected			USF Appendix A	USF:absent-both-directions	pay	princess		"[""p"", ""eɪ""]"	"[""p"", ""ɹ"", ""ɪ"", ""n"", ""s"", ""ɛ"", ""s""]"					0.0	0.0	5.405871777867385	4.597566142845703	5.001718960356544	2	7		1	2	571	377								0	0	1						pay	princess	0.0	0.0
MEANING_0459	Meaning	unrelated	0	train	plus	model_blind_selected			USF Appendix A	USF:absent-both-directions	fad	medicine		"[""f"", ""æ"", ""d""]"	"[""m"", ""ɛ"", ""d"", ""ə"", ""s"", ""ə"", ""n""]"					0.0	0.0	2.883494430928563	4.533976304498612	3.7087353677135875	3	7		1	3	0	754								0	0	1	unseen_phase1:fad					fad	medicine	0.0	0.0
MEANING_0460	Meaning	unrelated	0	train	plus	model_blind_selected			USF Appendix A	USF:absent-both-directions	fancy	police		"[""f"", ""æ"", ""n"", ""s"", ""i""]"	"[""p"", ""ə"", ""l"", ""iː"", ""s""]"					0.0	0.0	4.542117251707365	5.373200570742785	4.957658911225075	5	5		2	2	207	748								0	0	1						fancy	police	0.0	0.0
MEANING_0461	Meaning	unrelated	0	train	plus	model_blind_selected			USF Appendix A	USF:absent-both-directions	trend	wimp		"[""t"", ""ɹ"", ""ɛ"", ""n"", ""d""]"	"[""w"", ""ɪ"", ""m"", ""p""]"					0.0	0.0	3.3177356891668337	3.493826948222515	3.4057813186946744	5	4		1	1	4	2								0	0	1						trend	wimp	0.0	0.0
MEANING_0462	Meaning	unrelated	0	train	plus	model_blind_selected			USF Appendix A	USF:absent-both-directions	foot	cover		"[""f"", ""ʊ"", ""t""]"	"[""k"", ""ʌ"", ""v"", ""ə"", ""ɹ""]"					0.0	0.0	4.812389004654132	4.974394282896746	4.8933916437754394	3	4		1	2	2920	848								0	0	1						foot	cover	0.0	0.0
MEANING_0463	Meaning	unrelated	0	train	plus	model_blind_selected			USF Appendix A	USF:absent-both-directions	pay	payment		"[""p"", ""eɪ""]"	"[""p"", ""eɪ"", ""m"", ""ə"", ""n"", ""t""]"					0.0	0.0	5.405871777867385	4.023212099568453	4.714541938717919	2	6		1	2	571	6								0	0	1						pay	payment	0.0	0.0
MEANING_0464	Meaning	unrelated	0	train	plus	model_blind_selected			USF Appendix A	USF:absent-both-directions	pay	alternative		"[""p"", ""eɪ""]"	"[""ɔ"", ""l"", ""t"", ""ɜː"", ""n"", ""ə"", ""t"", ""ɪ"", ""v""]"					0.0	0.0	5.405871777867385	3.970036776622557	4.687954277244971	2	9		1	4	571	2								0	0	1						pay	alternative	0.0	0.0
MEANING_0465	Meaning	unrelated	0	train	plus	model_blind_selected			USF Appendix A	USF:absent-both-directions	pay	hose		"[""p"", ""eɪ""]"	"[""h"", ""oʊ"", ""z""]"					0.0	0.0	5.405871777867385	3.9062716457781326	4.656071711822759	2	3		1	1	571	234								0	0	1						pay	hose	0.0	0.0
MEANING_0466	Meaning	unrelated	0	train	plus	model_blind_selected			USF Appendix A	USF:absent-both-directions	school	owner		"[""s"", ""k"", ""uː"", ""l""]"	"[""oʊ"", ""n"", ""ə"", ""ɹ""]"					0.0	0.0	5.5225976402482555	4.3661481742481865	4.944372907248221	4	3		1	2	6413	39								0	0	1						school	owner	0.0	0.0
MEANING_0467	Meaning	unrelated	0	train	plus	model_blind_selected			USF Appendix A	USF:absent-both-directions	claw	lecture		"[""k"", ""l"", ""ɔ""]"	"[""l"", ""ɛ"", ""k"", ""t̠ʃ"", ""ə"", ""ɹ""]"					0.0	0.0	3.6407346869502244	4.01997108093062	3.8303528839404226	3	5		1	2	41	8								0	0	1						claw	lecture	0.0	0.0
MEANING_0468	Meaning	unrelated	0	train	plus	model_blind_selected			USF Appendix A	USF:absent-both-directions	oil	flap		"[""ɔɪ"", ""l""]"	"[""f"", ""l"", ""æ"", ""p""]"					0.0	0.0	4.613613851204378	3.42276359239707	4.018188721800724	2	4		1	1	365	190								0	0	1						oil	flap	0.0	0.0
MEANING_0469	Meaning	unrelated	0	train	plus	model_blind_selected			USF Appendix A	USF:absent-both-directions	fancy	thaw		"[""f"", ""æ"", ""n"", ""s"", ""i""]"	"[""θ"", ""ɔ""]"					0.0	0.0	4.542117251707365	3.2009148427807133	3.8715160472440395	5	2		2	1	207	10								0	0	1						fancy	thaw	0.0	0.0
MEANING_0470	Meaning	unrelated	0	train	plus	model_blind_selected			USF Appendix A	USF:absent-both-directions	school	manner		"[""s"", ""k"", ""uː"", ""l""]"	"[""m"", ""æ"", ""n"", ""ə"", ""ɹ""]"					0.0	0.0	5.5225976402482555	4.061807149978202	4.792202395113229	4	4		1	2	6413	4								0	0	1						school	manner	0.0	0.0
MEANING_0471	Meaning	unrelated	0	train	plus	model_blind_selected			USF Appendix A	USF:absent-both-directions	dine	mayonnaise		"[""d"", ""aɪ"", ""n""]"	"[""m"", ""eɪ"", ""ə"", ""n"", ""eɪ"", ""z""]"					0.0	0.0	3.632873938742182	3.353127664255675	3.4930008014989284	3	6		1	3	9	118								0	0	1						dine	mayonnaise	0.0	0.0
MEANING_0472	Meaning	unrelated	0	train	plus	model_blind_selected			USF Appendix A	USF:absent-both-directions	racket	eat		"[""ɹ"", ""æ"", ""k"", ""ɪ"", ""t""]"	"[""iː"", ""t""]"					0.0	0.0	3.871069033870136	5.4011977415801455	4.636133387725141	5	2		2	1	110	21252								0	0	1						racket	eat	0.0	0.0
MEANING_0473	Meaning	unrelated	0	train	plus	model_blind_selected			USF Appendix A	USF:absent-both-directions	upstairs	saw		"[""ʌ"", ""p"", ""s"", ""t"", ""ɛ"", ""ɹ"", ""z""]"	"[""s"", ""ɔ""]"					0.0	0.0	4.849575966220427	5.604755306217195	5.22716563621881	7	2		2	1	1196	4261								0	0	1						upstairs	saw	0.0	0.0
MEANING_0474	Meaning	unrelated	0	train	plus	model_blind_selected			USF Appendix A	USF:absent-both-directions	hostage	mate		"[""h"", ""ɑ"", ""s"", ""t"", ""ɪ"", ""d̠ʒ""]"	"[""m"", ""eɪ"", ""t""]"					0.0	0.0	4.163418637662639	4.465907467355058	4.314663052508848	6	3		2	1	0	22								0	0	1	unseen_phase1:hostage					hostage	mate	0.0	0.0
MEANING_0475	Meaning	unrelated	0	train	plus	model_blind_selected			USF Appendix A	USF:absent-both-directions	cards	pine		"[""k"", ""ɑ"", ""ɹ"", ""d"", ""z""]"	"[""p"", ""aɪ"", ""n""]"					0.0	0.0	4.681418609026778	3.7921169065204676	4.236767757773623	5	3		1	1	611	156								0	0	1						cards	pine	0.0	0.0
MEANING_0476	Meaning	unrelated	0	train	plus	model_blind_selected			USF Appendix A	USF:absent-both-directions	foot	rodent		"[""f"", ""ʊ"", ""t""]"	"[""ɹ"", ""oʊ"", ""d"", ""ə"", ""n"", ""t""]"					0.0	0.0	4.812389004654132	3.256217651247619	4.034303327950875	3	6		1	2	2920	11								0	0	1						foot	rodent	0.0	0.0
MEANING_0477	Meaning	unrelated	0	train	plus	model_blind_selected			USF Appendix A	USF:absent-both-directions	wave	bird		"[""w"", ""eɪ"", ""v""]"	"[""b"", ""ɜː"", ""d""]"					0.0	0.0	4.327459106104431	4.6575432555296405	4.492501180817036	3	3		1	1	302	4830								0	0	1						wave	bird	0.0	0.0
MEANING_0478	Meaning	unrelated	0	train	plus	model_blind_selected			USF Appendix A	USF:absent-both-directions	suck	wax		"[""s"", ""ʌ"", ""k""]"	"[""w"", ""æ"", ""k"", ""s""]"					0.0	0.0	4.542605771985989	3.9561307492917117	4.2493682606388505	3	4		1	1	171	89								0	0	1						suck	wax	0.0	0.0
MEANING_0479	Meaning	unrelated	0	train	plus	model_blind_selected			USF Appendix A	USF:absent-both-directions	trend	skin		"[""t"", ""ɹ"", ""ɛ"", ""n"", ""d""]"	"[""s"", ""k"", ""ɪ"", ""n""]"					0.0	0.0	3.3177356891668337	4.643839575827503	3.9807876324971683	5	4		1	1	4	519								0	0	1						trend	skin	0.0	0.0
MEANING_0480	Meaning	unrelated	0	train	plus	model_blind_selected			USF Appendix A	USF:absent-both-directions	rim	haven		"[""ɹ"", ""ɪ"", ""m""]"	"[""h"", ""eɪ"", ""v"", ""ə"", ""n""]"					0.0	0.0	3.38933983691012	5.56760291946826	4.47847137818919	3	5		1	2	7	5								0	0	1						rim	haven	0.0	0.0
MEANING_0481	Meaning	unrelated	0	train	plus	model_blind_selected			USF Appendix A	USF:absent-both-directions	birthday	release		"[""b"", ""ɜː"", ""θ"", ""d"", ""eɪ""]"	"[""ɹ"", ""ɪ"", ""l"", ""iː"", ""s""]"					0.0	0.0	4.987736346333866	4.559836242654968	4.773786294494418	5	5		2	2	3339	7								0	0	1						birthday	release	0.0	0.0
MEANING_0482	Meaning	unrelated	0	train	plus	model_blind_selected			USF Appendix A	USF:absent-both-directions	school	trap		"[""s"", ""k"", ""uː"", ""l""]"	"[""t"", ""ɹ"", ""æ"", ""p""]"					0.0	0.0	5.5225976402482555	4.37736339883878	4.949980519543518	4	4		1	1	6413	96								0	0	1						school	trap	0.0	0.0
MEANING_0483	Meaning	unrelated	0	train	plus	model_blind_selected			USF Appendix A	USF:absent-both-directions	school	cross		"[""s"", ""k"", ""uː"", ""l""]"	"[""k"", ""ɹ"", ""ɔ"", ""s""]"					0.0	0.0	5.5225976402482555	4.740672236536502	5.131634938392379	4	4		1	1	6413	403								0	0	1						school	cross	0.0	0.0
MEANING_0484	Meaning	unrelated	0	train	plus	model_blind_selected			USF Appendix A	USF:absent-both-directions	server	lump		"[""s"", ""ɜː"", ""v"", ""ə"", ""ɹ""]"	"[""l"", ""ʌ"", ""m"", ""p""]"					0.0	0.0	3.5934598195660445	3.5501083987712483	3.5717841091686466	4	4		2	1	4	68								0	0	1						server	lump	0.0	0.0
MEANING_0485	Meaning	unrelated	0	train	plus	model_blind_selected			USF Appendix A	USF:absent-both-directions	cards	icing		"[""k"", ""ɑ"", ""ɹ"", ""d"", ""z""]"	"[""aɪ"", ""s"", ""ɪ"", ""ŋ""]"					0.0	0.0	4.681418609026778	3.1436881726211388	3.9125533908239585	5	4		1	2	611	74								0	0	1						cards	icing	0.0	0.0
MEANING_0486	Meaning	unrelated	0	train	plus	model_blind_selected			USF Appendix A	USF:absent-both-directions	birthday	truce		"[""b"", ""ɜː"", ""θ"", ""d"", ""eɪ""]"	"[""t"", ""ɹ"", ""uː"", ""s""]"					0.0	0.0	4.987736346333866	3.63485250472427	4.311294425529068	5	4		2	1	3339	0								0	0	1	unseen_phase1:truce					birthday	truce	0.0	0.0
MEANING_0487	Meaning	unrelated	0	train	plus	model_blind_selected			USF Appendix A	USF:absent-both-directions	server	righteousness		"[""s"", ""ɜː"", ""v"", ""ə"", ""ɹ""]"	"[""ɹ"", ""aɪ"", ""t̠ʃ"", ""ə"", ""s"", ""n"", ""ə"", ""s""]"					0.0	0.0	3.5934598195660445	3.2418198305469765	3.4176398250565105	4	8		2	3	4	1								0	0	1						server	righteousness	0.0	0.0
MEANING_0488	Meaning	unrelated	0	train	plus	model_blind_selected			USF Appendix A	USF:absent-both-directions	cards	remorse		"[""k"", ""ɑ"", ""ɹ"", ""d"", ""z""]"	"[""ɹ"", ""ɪ"", ""m"", ""ɔ"", ""ɹ"", ""s""]"					0.0	0.0	4.681418609026778	3.479950544738527	4.0806845768826525	5	6		1	2	611	2								0	0	1						cards	remorse	0.0	0.0
MEANING_0489	Meaning	unrelated	0	train	plus	model_blind_selected			USF Appendix A	USF:absent-both-directions	school	starving		"[""s"", ""k"", ""uː"", ""l""]"	"[""s"", ""t"", ""ɑ"", ""ɹ"", ""v"", ""ɪ"", ""ŋ""]"					0.0	0.0	5.5225976402482555	4.229445931366878	4.876021785807566	4	7		1	2	6413	67								0	0	1						school	starving	0.0	0.0
MEANING_0490	Meaning	unrelated	0	train	plus	model_blind_selected			USF Appendix A	USF:absent-both-directions	darkness	pot		"[""d"", ""ɑ"", ""ɹ"", ""k"", ""n"", ""ə"", ""s""]"	"[""p"", ""ɑ"", ""t""]"					0.0	0.0	4.2427946782781865	4.352749852590349	4.297772265434268	7	3		2	1	14	785								0	0	1						darkness	pot	0.0	0.0
MEANING_0491	Meaning	unrelated	0	train	plus	model_blind_selected			USF Appendix A	USF:absent-both-directions	foot	knees		"[""f"", ""ʊ"", ""t""]"	"[""n"", ""iː"", ""z""]"					0.0	0.0	4.812389004654132	4.413003755107914	4.612696379881022	3	3		1	1	2920	325								0	0	1						foot	knees	0.0	0.0
MEANING_0492	Meaning	unrelated	0	train	plus	model_blind_selected			USF Appendix A	USF:absent-both-directions	oil	plain		"[""ɔɪ"", ""l""]"	"[""p"", ""l"", ""eɪ"", ""n""]"					0.0	0.0	4.613613851204378	4.338924988236772	4.476269419720575	2	4		1	1	365	300								0	0	1						oil	plain	0.0	0.0
MEANING_0493	Meaning	unrelated	0	train	plus	model_blind_selected			USF Appendix A	USF:absent-both-directions	rim	male		"[""ɹ"", ""ɪ"", ""m""]"	"[""m"", ""eɪ"", ""l""]"					0.0	0.0	3.38933983691012	4.530726891777458	3.960033364343789	3	3		1	1	7	202								0	0	1						rim	male	0.0	0.0
MEANING_0494	Meaning	unrelated	0	train	plus	model_blind_selected			USF Appendix A	USF:absent-both-directions	sash	floor		"[""s"", ""æ"", ""ʃ""]"	"[""f"", ""l"", ""ɔ"", ""ɹ""]"					0.0	0.0	3.055857817465001	5.002716471604955	4.029287144534978	3	4		1	1	20	970								0	0	1						sash	floor	0.0	0.0
MEANING_0495	Meaning	unrelated	0	train	plus	model_blind_selected			USF Appendix A	USF:absent-both-directions	claw	straight		"[""k"", ""l"", ""ɔ""]"	"[""s"", ""t"", ""ɹ"", ""eɪ"", ""t""]"					0.0	0.0	3.6407346869502244	5.087892718292443	4.364313702621334	3	5		1	1	41	677								0	0	1						claw	straight	0.0	0.0
MEANING_0496	Meaning	unrelated	0	train	plus	model_blind_selected			USF Appendix A	USF:absent-both-directions	darkness	luck		"[""d"", ""ɑ"", ""ɹ"", ""k"", ""n"", ""ə"", ""s""]"	"[""l"", ""ʌ"", ""k""]"					0.0	0.0	4.2427946782781865	5.186745886586502	4.714770282432344	7	3		2	1	14	140								0	0	1						darkness	luck	0.0	0.0
MEANING_0497	Meaning	unrelated	0	train	plus	model_blind_selected			USF Appendix A	USF:absent-both-directions	upstairs	banjo		"[""ʌ"", ""p"", ""s"", ""t"", ""ɛ"", ""ɹ"", ""z""]"	"[""b"", ""æ"", ""n"", ""d̠ʒ"", ""oʊ""]"					0.0	0.0	4.849575966220427	3.2115079162781375	4.0305419412492824	7	5		2	2	1196	100								0	0	1						upstairs	banjo	0.0	0.0
MEANING_0498	Meaning	unrelated	0	train	plus	model_blind_selected			USF Appendix A	USF:absent-both-directions	fancy	church		"[""f"", ""æ"", ""n"", ""s"", ""i""]"	"[""t̠ʃ"", ""ɜː"", ""t̠ʃ""]"					0.0	0.0	4.542117251707365	4.843025031391392	4.6925711415493785	5	3		2	1	207	293								0	0	1						fancy	church	0.0	0.0
MEANING_0499	Meaning	unrelated	0	train	plus	model_blind_selected			USF Appendix A	USF:absent-both-directions	cards	seat		"[""k"", ""ɑ"", ""ɹ"", ""d"", ""z""]"	"[""s"", ""iː"", ""t""]"					0.0	0.0	4.681418609026778	4.896439756314294	4.788929182670536	5	3		1	1	611	1018								0	0	1						cards	seat	0.0	0.0
MEANING_0500	Meaning	unrelated	0	train	plus	model_blind_selected			USF Appendix A	USF:absent-both-directions	cards	bully		"[""k"", ""ɑ"", ""ɹ"", ""d"", ""z""]"	"[""b"", ""ʊ"", ""l"", ""i""]"					0.0	0.0	4.681418609026778	3.8582776425755814	4.26984812580118	5	4		1	2	611	22								0	0	1						cards	bully	0.0	0.0
MEANING_0501	Meaning	unrelated	0	train	plus	model_blind_selected			USF Appendix A	USF:absent-both-directions	racket	jaw		"[""ɹ"", ""æ"", ""k"", ""ɪ"", ""t""]"	"[""d̠ʒ"", ""ɔ""]"					0.0	0.0	3.871069033870136	3.8535312075511197	3.8623001207106276	5	2		2	1	110	20								0	0	1						racket	jaw	0.0	0.0
MEANING_0502	Meaning	unrelated	0	train	plus	model_blind_selected			USF Appendix A	USF:absent-both-directions	server	pane		"[""s"", ""ɜː"", ""v"", ""ə"", ""ɹ""]"	"[""p"", ""eɪ"", ""n""]"					0.0	0.0	3.5934598195660445	2.6726410656136697	3.133050442589857	4	3		2	1	4	1								0	0	1						server	pane	0.0	0.0
MEANING_0503	Meaning	unrelated	0	train	plus	model_blind_selected			USF Appendix A	USF:absent-both-directions	trend	office		"[""t"", ""ɹ"", ""ɛ"", ""n"", ""d""]"	"[""ɑ"", ""f"", ""ɪ"", ""s""]"					0.0	0.0	3.3177356891668337	5.309421402108269	4.313578545637551	5	4		1	2	4	368								0	0	1						trend	office	0.0	0.0
MEANING_0504	Meaning	unrelated	0	train	plus	model_blind_selected			USF Appendix A	USF:absent-both-directions	foot	state		"[""f"", ""ʊ"", ""t""]"	"[""s"", ""t"", ""eɪ"", ""t""]"					0.0	0.0	4.812389004654132	5.032792513396307	4.922590759025219	3	4		1	1	2920	258								0	0	1						foot	state	0.0	0.0
MEANING_0505	Meaning	unrelated	0	train	plus	model_blind_selected			USF Appendix A	USF:absent-both-directions	school	tower		"[""s"", ""k"", ""uː"", ""l""]"	"[""t"", ""aʊ"", ""ə"", ""ɹ""]"					0.0	0.0	5.5225976402482555	4.358755749264102	4.940676694756179	4	3		1	2	6413	799								0	0	1						school	tower	0.0	0.0
MEANING_0506	Meaning	unrelated	0	train	plus	model_blind_selected			USF Appendix A	USF:absent-both-directions	upstairs	hole		"[""ʌ"", ""p"", ""s"", ""t"", ""ɛ"", ""ɹ"", ""z""]"	"[""h"", ""oʊ"", ""l""]"					0.0	0.0	4.849575966220427	4.765040021498108	4.8073079938592675	7	3		2	1	1196	1438								0	0	1						upstairs	hole	0.0	0.0
MEANING_0507	Meaning	unrelated	0	train	plus	model_blind_selected			USF Appendix A	USF:absent-both-directions	fad	library		"[""f"", ""æ"", ""d""]"	"[""l"", ""aɪ"", ""b"", ""ɹ"", ""ɛ"", ""ɹ"", ""i""]"					0.0	0.0	2.883494430928563	4.360615685648225	3.622055058288394	3	7		1	3	0	406								0	0	1	unseen_phase1:fad					fad	library	0.0	0.0
MEANING_0508	Meaning	unrelated	0	train	plus	model_blind_selected			USF Appendix A	USF:absent-both-directions	wave	feast		"[""w"", ""eɪ"", ""v""]"	"[""f"", ""iː"", ""s"", ""t""]"					0.0	0.0	4.327459106104431	3.8264559299581986	4.076957518031315	3	4		1	1	302	15								0	0	1						wave	feast	0.0	0.0
MEANING_0509	Meaning	unrelated	0	train	plus	model_blind_selected			USF Appendix A	USF:absent-both-directions	dine	remorse		"[""d"", ""aɪ"", ""n""]"	"[""ɹ"", ""ɪ"", ""m"", ""ɔ"", ""ɹ"", ""s""]"					0.0	0.0	3.632873938742182	3.479950544738527	3.5564122417403543	3	6		1	2	9	2								0	0	1						dine	remorse	0.0	0.0
MEANING_0510	Meaning	unrelated	0	train	plus	model_blind_selected			USF Appendix A	USF:absent-both-directions	pay	runner		"[""p"", ""eɪ""]"	"[""ɹ"", ""ʌ"", ""n"", ""ə"", ""ɹ""]"					0.0	0.0	5.405871777867385	3.6955503450778817	4.550711061472633	2	4		1	2	571	13								0	0	1						pay	runner	0.0	0.0
MEANING_0511	Meaning	unrelated	0	train	plus	model_blind_selected			USF Appendix A	USF:absent-both-directions	oil	unaware		"[""ɔɪ"", ""l""]"	"[""ʌ"", ""n"", ""ə"", ""w"", ""ɛ"", ""ɹ""]"					0.0	0.0	4.613613851204378	3.3716110699496884	3.9926124605770332	2	6		1	3	365	2								0	0	1						oil	unaware	0.0	0.0
MEANING_0512	Meaning	unrelated	0	train	plus	model_blind_selected			USF Appendix A	USF:absent-both-directions	cards	scare		"[""k"", ""ɑ"", ""ɹ"", ""d"", ""z""]"	"[""s"", ""k"", ""ɛ"", ""ɹ""]"					0.0	0.0	4.681418609026778	4.525933584243198	4.603676096634988	5	4		1	1	611	389								0	0	1						cards	scare	0.0	0.0
MEANING_0513	Meaning	unrelated	0	train	plus	model_blind_selected			USF Appendix A	USF:absent-both-directions	darkness	lake		"[""d"", ""ɑ"", ""ɹ"", ""k"", ""n"", ""ə"", ""s""]"	"[""l"", ""eɪ"", ""k""]"					0.0	0.0	4.2427946782781865	4.556302500767288	4.3995485895227375	7	3		2	1	14	153								0	0	1						darkness	lake	0.0	0.0
MEANING_0514	Meaning	unrelated	0	train	plus	model_blind_selected			USF Appendix A	USF:absent-both-directions	foot	zest		"[""f"", ""ʊ"", ""t""]"	"[""z"", ""ɛ"", ""s"", ""t""]"					0.0	0.0	4.812389004654132	2.8364978682523394	3.824443436453236	3	4		1	1	2920	4								0	0	1						foot	zest	0.0	0.0
MEANING_0515	Meaning	unrelated	0	train	plus	model_blind_selected			USF Appendix A	USF:absent-both-directions	claw	parrot		"[""k"", ""l"", ""ɔ""]"	"[""p"", ""æ"", ""ɹ"", ""ə"", ""t""]"					0.0	0.0	3.6407346869502244	3.515146295049647	3.5779404909999357	3	5		1	2	41	440								0	0	1						claw	parrot	0.0	0.0
MEANING_0516	Meaning	unrelated	0	train	plus	model_blind_selected			USF Appendix A	USF:absent-both-directions	trend	newspaper		"[""t"", ""ɹ"", ""ɛ"", ""n"", ""d""]"	"[""n"", ""uː"", ""z"", ""p"", ""eɪ"", ""p"", ""ə"", ""ɹ""]"					0.0	0.0	3.3177356891668337	4.374496758187177	3.8461162236770052	5	7		1	3	4	325								0	0	1						trend	newspaper	0.0	0.0
MEANING_0517	Meaning	unrelated	0	train	plus	model_blind_selected			USF Appendix A	USF:absent-both-directions	birthday	vote		"[""b"", ""ɜː"", ""θ"", ""d"", ""eɪ""]"	"[""v"", ""oʊ"", ""t""]"					0.0	0.0	4.987736346333866	4.53571596998551	4.761726158159688	5	3		2	1	3339	49								0	0	1						birthday	vote	0.0	0.0
MEANING_0518	Meaning	unrelated	0	train	plus	model_blind_selected			USF Appendix A	USF:absent-both-directions	birthday	beach		"[""b"", ""ɜː"", ""θ"", ""d"", ""eɪ""]"	"[""b"", ""iː"", ""t̠ʃ""]"					0.0	0.0	4.987736346333866	4.753027012799665	4.870381679566766	5	3		2	1	3339	956								0	0	1						birthday	beach	0.0	0.0
MEANING_0519	Meaning	unrelated	0	train	plus	model_blind_selected			USF Appendix A	USF:absent-both-directions	suck	stare		"[""s"", ""ʌ"", ""k""]"	"[""s"", ""t"", ""ɛ"", ""ɹ""]"					0.0	0.0	4.542605771985989	3.998293536185983	4.270449654085986	3	4		1	1	171	23								0	0	1						suck	stare	0.0	0.0
MEANING_0520	Meaning	unrelated	0	train	plus	model_blind_selected			USF Appendix A	USF:absent-both-directions	upstairs	ego		"[""ʌ"", ""p"", ""s"", ""t"", ""ɛ"", ""ɹ"", ""z""]"	"[""iː"", ""ɡ"", ""oʊ""]"					0.0	0.0	4.849575966220427	3.8744931868137726	4.3620345765171	7	3		2	2	1196	1								0	0	1						upstairs	ego	0.0	0.0
MEANING_0521	Meaning	unrelated	0	train	plus	model_blind_selected			USF Appendix A	USF:absent-both-directions	server	make		"[""s"", ""ɜː"", ""v"", ""ə"", ""ɹ""]"	"[""m"", ""eɪ"", ""k""]"					0.0	0.0	3.5934598195660445	6.142309701939205	4.8678847607526246	4	3		2	1	4	20509								0	0	1						server	make	0.0	0.0
MEANING_0522	Meaning	unrelated	0	train	plus	model_blind_selected			USF Appendix A	USF:absent-both-directions	blur	future		"[""b"", ""l"", ""ɜː""]"	"[""f"", ""j"", ""uː"", ""t̠ʃ"", ""ə"", ""ɹ""]"					0.0	0.0	3.329856321842687	5.014899209786094	4.172377765814391	3	5		1	2	6	14								0	0	1						blur	future	0.0	0.0
MEANING_0523	Meaning	unrelated	0	train	plus	model_blind_selected			USF Appendix A	USF:absent-both-directions	upstairs	stick		"[""ʌ"", ""p"", ""s"", ""t"", ""ɛ"", ""ɹ"", ""z""]"	"[""s"", ""t"", ""ɪ"", ""k""]"					0.0	0.0	4.849575966220427	4.98729815188452	4.918437059052474	7	4		2	1	1196	2181								0	0	1						upstairs	stick	0.0	0.0
MEANING_0524	Meaning	unrelated	0	train	plus	model_blind_selected			USF Appendix A	USF:absent-both-directions	racket	pile		"[""ɹ"", ""æ"", ""k"", ""ɪ"", ""t""]"	"[""p"", ""aɪ"", ""l""]"					0.0	0.0	3.871069033870136	4.119799096955889	3.9954340654130123	5	3		2	1	110	311								0	0	1						racket	pile	0.0	0.0
MEANING_0525	Meaning	unrelated	0	train	plus	model_blind_selected			USF Appendix A	USF:absent-both-directions	fad	worry		"[""f"", ""æ"", ""d""]"	"[""w"", ""ʌ"", ""ɹ"", ""i""]"					0.0	0.0	2.883494430928563	5.457911566724228	4.170702998826395	3	3		1	2	0	538								0	0	1	unseen_phase1:fad					fad	worry	0.0	0.0
MEANING_0526	Meaning	unrelated	0	train	plus	model_blind_selected			USF Appendix A	USF:absent-both-directions	brave	pardon		"[""b"", ""ɹ"", ""eɪ"", ""v""]"	"[""p"", ""ɑ"", ""ɹ"", ""d"", ""ə"", ""n""]"					0.0	0.0	4.501139843808465	4.810548771045217	4.655844307426841	4	6		1	2	175	152								0	0	1						brave	pardon	0.0	0.0
MEANING_0527	Meaning	unrelated	0	train	plus	model_blind_selected			USF Appendix A	USF:absent-both-directions	flask	fuse		"[""f"", ""l"", ""æ"", ""s"", ""k""]"	"[""f"", ""j"", ""uː"", ""z""]"					0.0	0.0	3.048304679574555	3.68688150472828	3.3675930921514174	5	4		1	1	2	4								0	0	1						flask	fuse	0.0	0.0
MEANING_0528	Meaning	unrelated	0	train	plus	model_blind_selected			USF Appendix A	USF:absent-both-directions	brave	bumper		"[""b"", ""ɹ"", ""eɪ"", ""v""]"	"[""b"", ""ʌ"", ""m"", ""p"", ""ə"", ""ɹ""]"					0.0	0.0	4.501139843808465	3.5501083987712483	4.025624121289857	4	5		1	2	175	109								0	0	1						brave	bumper	0.0	0.0
MEANING_0529	Meaning	unrelated	0	train	plus	model_blind_selected			USF Appendix A	USF:absent-both-directions	trend	alone		"[""t"", ""ɹ"", ""ɛ"", ""n"", ""d""]"	"[""ə"", ""l"", ""oʊ"", ""n""]"					0.0	0.0	3.3177356891668337	5.489296571151303	4.403516130159068	5	4		1	2	4	1016								0	0	1						trend	alone	0.0	0.0
MEANING_0530	Meaning	unrelated	0	train	plus	model_blind_selected			USF Appendix A	USF:absent-both-directions	racket	coast		"[""ɹ"", ""æ"", ""k"", ""ɪ"", ""t""]"	"[""k"", ""oʊ"", ""s"", ""t""]"					0.0	0.0	3.871069033870136	4.426287949105398	4.148678491487767	5	4		2	1	110	12								0	0	1						racket	coast	0.0	0.0
MEANING_0531	Meaning	unrelated	0	train	plus	model_blind_selected			USF Appendix A	USF:absent-both-directions	foot	main		"[""f"", ""ʊ"", ""t""]"	"[""m"", ""eɪ"", ""n""]"					0.0	0.0	4.812389004654132	4.63068705414832	4.721538029401225	3	3		1	1	2920	77								0	0	1						foot	main	0.0	0.0
MEANING_0532	Meaning	unrelated	0	train	plus	model_blind_selected			USF Appendix A	USF:absent-both-directions	rim	plain		"[""ɹ"", ""ɪ"", ""m""]"	"[""p"", ""l"", ""eɪ"", ""n""]"					0.0	0.0	3.38933983691012	4.338924988236772	3.864132412573446	3	4		1	1	7	300								0	0	1						rim	plain	0.0	0.0
MEANING_0533	Meaning	unrelated	0	train	plus	model_blind_selected			USF Appendix A	USF:absent-both-directions	rim	haul		"[""ɹ"", ""ɪ"", ""m""]"	"[""h"", ""ɔ"", ""l""]"					0.0	0.0	3.38933983691012	3.8499370258077215	3.6196384313589207	3	3		1	1	7	9								0	0	1						rim	haul	0.0	0.0
MEANING_0534	Meaning	unrelated	0	train	plus	model_blind_selected			USF Appendix A	USF:absent-both-directions	school	network		"[""s"", ""k"", ""uː"", ""l""]"	"[""n"", ""ɛ"", ""t"", ""w"", ""ɜː"", ""k""]"					0.0	0.0	5.5225976402482555	4.218257398526806	4.870427519387531	4	6		1	2	6413	4								0	0	1						school	network	0.0	0.0
MEANING_0535	Meaning	unrelated	0	train	plus	model_blind_selected			USF Appendix A	USF:absent-both-directions	racket	sip		"[""ɹ"", ""æ"", ""k"", ""ɪ"", ""t""]"	"[""s"", ""ɪ"", ""p""]"					0.0	0.0	3.871069033870136	3.7074031718728815	3.7892361028715085	5	3		2	1	110	164								0	0	1						racket	sip	0.0	0.0
MEANING_0536	Meaning	unrelated	0	train	plus	model_blind_selected			USF Appendix A	USF:absent-both-directions	oil	foresight		"[""ɔɪ"", ""l""]"	"[""f"", ""ɔ"", ""ɹ"", ""s"", ""aɪ"", ""t""]"					0.0	0.0	4.613613851204378	2.872213420518874	3.742913635861626	2	6		1	2	365	1								0	0	1						oil	foresight	0.0	0.0
MEANING_0537	Meaning	unrelated	0	train	plus	model_blind_selected			USF Appendix A	USF:absent-both-directions	fancy	canal		"[""f"", ""æ"", ""n"", ""s"", ""i""]"	"[""k"", ""ə"", ""n"", ""æ"", ""l""]"					0.0	0.0	4.542117251707365	3.8056474239700027	4.173882337838684	5	5		2	2	207	18								0	0	1						fancy	canal	0.0	0.0
MEANING_0538	Meaning	unrelated	0	train	plus	model_blind_selected			USF Appendix A	USF:absent-both-directions	birthday	pair		"[""b"", ""ɜː"", ""θ"", ""d"", ""eɪ""]"	"[""p"", ""ɛ"", ""ɹ""]"					0.0	0.0	4.987736346333866	4.571183424854892	4.779459885594379	5	3		2	1	3339	245								0	0	1						birthday	pair	0.0	0.0
MEANING_0539	Meaning	unrelated	0	train	plus	model_blind_selected			USF Appendix A	USF:absent-both-directions	suck	tidy		"[""s"", ""ʌ"", ""k""]"	"[""t"", ""aɪ"", ""d"", ""i""]"					0.0	0.0	4.542605771985989	3.568891628075308	4.055748700030648	3	4		1	2	171	19								0	0	1						suck	tidy	0.0	0.0
MEANING_0540	Meaning	unrelated	0	train	plus	model_blind_selected			USF Appendix A	USF:absent-both-directions	component	able		"[""k"", ""ə"", ""m"", ""p"", ""oʊ"", ""n"", ""ə"", ""n"", ""t""]"	"[""eɪ"", ""b"", ""ə"", ""l""]"					0.0	0.0	3.2009148427807133	5.203853789278359	4.202384316029536	9	4		3	2	1	731								0	0	1						component	able	0.0	0.0
MEANING_0541	Meaning	unrelated	0	train	plus	model_blind_selected			USF Appendix A	USF:absent-both-directions	trend	body		"[""t"", ""ɹ"", ""ɛ"", ""n"", ""d""]"	"[""b"", ""ɑ"", ""d"", ""i""]"					0.0	0.0	3.3177356891668337	5.291212093733799	4.304473891450316	5	4		1	2	4	783								0	0	1						trend	body	0.0	0.0
MEANING_0542	Meaning	unrelated	0	train	plus	model_blind_selected			USF Appendix A	USF:absent-both-directions	oil	winding		"[""ɔɪ"", ""l""]"	"[""w"", ""aɪ"", ""n"", ""d"", ""ɪ"", ""ŋ""]"					0.0	0.0	4.613613851204378	3.2924298239020637	3.953021837553221	2	6		1	2	365	52								0	0	1						oil	winding	0.0	0.0
MEANING_0543	Meaning	unrelated	0	train	plus	model_blind_selected			USF Appendix A	USF:absent-both-directions	cards	policy		"[""k"", ""ɑ"", ""ɹ"", ""d"", ""z""]"	"[""p"", ""ɑ"", ""l"", ""ɪ"", ""s"", ""i""]"					0.0	0.0	4.681418609026778	4.431679041473671	4.556548825250225	5	6		1	3	611	0								0	0	1	unseen_phase1:policy					cards	policy	0.0	0.0
MEANING_0544	Meaning	unrelated	0	train	plus	model_blind_selected			USF Appendix A	USF:absent-both-directions	wave	chase		"[""w"", ""eɪ"", ""v""]"	"[""t̠ʃ"", ""eɪ"", ""s""]"					0.0	0.0	4.327459106104431	4.515925764864458	4.421692435484445	3	3		1	1	302	298								0	0	1						wave	chase	0.0	0.0
MEANING_0545	Meaning	unrelated	0	train	plus	model_blind_selected			USF Appendix A	USF:absent-both-directions	suck	aircraft		"[""s"", ""ʌ"", ""k""]"	"[""ɛ"", ""ɹ"", ""k"", ""ɹ"", ""æ"", ""f"", ""t""]"					0.0	0.0	4.542605771985989	3.9754768621409133	4.259041317063451	3	7		1	2	171	5								0	0	1						suck	aircraft	0.0	0.0
MEANING_0546	Meaning	unrelated	0	train	plus	model_blind_selected			USF Appendix A	USF:absent-both-directions	pay	adversary		"[""p"", ""eɪ""]"	"[""æ"", ""d"", ""v"", ""ə"", ""ɹ"", ""s"", ""ə"", ""ɹ"", ""ɹ"", ""i""]"					0.0	0.0	5.405871777867385	3.1789205490745456	4.292396163470965	2	8		1	4	571	0								0	0	1	unseen_phase1:adversary					pay	adversary	0.0	0.0
MEANING_0547	Meaning	unrelated	0	train	plus	model_blind_selected			USF Appendix A	USF:absent-both-directions	fad	twin		"[""f"", ""æ"", ""d""]"	"[""t"", ""w"", ""ɪ"", ""n""]"					0.0	0.0	2.883494430928563	4.018341456197112	3.450917943562837	3	4		1	1	0	41								0	0	1	unseen_phase1:fad					fad	twin	0.0	0.0
MEANING_0548	Meaning	unrelated	0	train	plus	model_blind_selected			USF Appendix A	USF:absent-both-directions	foot	fleet		"[""f"", ""ʊ"", ""t""]"	"[""f"", ""l"", ""iː"", ""t""]"					0.0	0.0	4.812389004654132	4.024823583725032	4.418606294189582	3	4		1	1	2920	1								0	0	1						foot	fleet	0.0	0.0
MEANING_0549	Meaning	unrelated	0	train	plus	model_blind_selected			USF Appendix A	USF:absent-both-directions	pay	student		"[""p"", ""eɪ""]"	"[""s"", ""t"", ""uː"", ""d"", ""ə"", ""n"", ""t""]"					0.0	0.0	5.405871777867385	4.633864348480204	5.019868063173794	2	7		1	2	571	46								0	0	1						pay	student	0.0	0.0
MEANING_0550	Meaning	unrelated	0	train	plus	model_blind_selected			USF Appendix A	USF:absent-both-directions	racket	canary		"[""ɹ"", ""æ"", ""k"", ""ɪ"", ""t""]"	"[""k"", ""ə"", ""n"", ""ɛ"", ""ɹ"", ""i""]"					0.0	0.0	3.871069033870136	3.4656160923143378	3.668342563092237	5	6		2	3	110	16								0	0	1						racket	canary	0.0	0.0
MEANING_0551	Meaning	unrelated	0	train	plus	model_blind_selected			USF Appendix A	USF:absent-both-directions	suck	spank		"[""s"", ""ʌ"", ""k""]"	"[""s"", ""p"", ""æ"", ""ŋ"", ""k""]"					0.0	0.0	4.542605771985989	3.530475927030859	4.036540849508424	3	5		1	1	171	267								0	0	1						suck	spank	0.0	0.0
MEANING_0552	Meaning	unrelated	0	train	plus	model_blind_selected			USF Appendix A	USF:absent-both-directions	fad	shopping		"[""f"", ""æ"", ""d""]"	"[""ʃ"", ""ɑ"", ""p"", ""ɪ"", ""ŋ""]"					0.0	0.0	2.883494430928563	4.477121254719663	3.6803078428241127	3	5		1	2	0	495								0	0	1	unseen_phase1:fad					fad	shopping	0.0	0.0
MEANING_0553	Meaning	unrelated	0	train	plus	model_blind_selected			USF Appendix A	USF:absent-both-directions	bathtub	set		"[""b"", ""æ"", ""θ"", ""t"", ""ʌ"", ""b""]"	"[""s"", ""ɛ"", ""t""]"					0.0	0.0	3.7851902129289012	5.364495815316809	4.574843014122855	6	3		2	1	140	1896								0	0	1						bathtub	set	0.0	0.0
MEANING_0554	Meaning	unrelated	0	train	plus	model_blind_selected			USF Appendix A	USF:absent-both-directions	birthday	sharp		"[""b"", ""ɜː"", ""θ"", ""d"", ""eɪ""]"	"[""ʃ"", ""ɑ"", ""ɹ"", ""p""]"					0.0	0.0	4.987736346333866	4.376290624768637	4.682013485551252	5	4		2	1	3339	587								0	0	1						birthday	sharp	0.0	0.0
MEANING_0555	Meaning	unrelated	0	train	plus	model_blind_selected			USF Appendix A	USF:absent-both-directions	pay	blood		"[""p"", ""eɪ""]"	"[""b"", ""l"", ""ʌ"", ""d""]"					0.0	0.0	5.405871777867385	5.269787553447365	5.337829665657376	2	4		1	1	571	296								0	0	1						pay	blood	0.0	0.0
MEANING_0556	Meaning	unrelated	0	train	plus	model_blind_selected			USF Appendix A	USF:absent-both-directions	dine	grease		"[""d"", ""aɪ"", ""n""]"	"[""ɡ"", ""ɹ"", ""iː"", ""s""]"					0.0	0.0	3.632873938742182	3.8414330859278514	3.7371535123350164	3	4		1	1	9	38								0	0	1						dine	grease	0.0	0.0
MEANING_0557	Meaning	unrelated	0	train	plus	model_blind_selected			USF Appendix A	USF:absent-both-directions	pay	fascism		"[""p"", ""eɪ""]"	"[""f"", ""æ"", ""ʃ"", ""ɪ"", ""z"", ""ə"", ""m""]"					0.0	0.0	5.405871777867385	2.883494430928563	4.1446831043979735	2	7		1	3	571	0								0	0	1	unseen_phase1:fascism					pay	fascism	0.0	0.0
MEANING_0558	Meaning	unrelated	0	train	plus	model_blind_selected			USF Appendix A	USF:absent-both-directions	foot	cradle		"[""f"", ""ʊ"", ""t""]"	"[""k"", ""ɹ"", ""eɪ"", ""d"", ""ə"", ""l""]"					0.0	0.0	4.812389004654132	3.4537978261370386	4.133093415395585	3	6		1	2	2920	108								0	0	1						foot	cradle	0.0	0.0
MEANING_0559	Meaning	unrelated	0	train	plus	model_blind_selected			USF Appendix A	USF:absent-both-directions	fad	traffic		"[""f"", ""æ"", ""d""]"	"[""t"", ""ɹ"", ""æ"", ""f"", ""ɪ"", ""k""]"					0.0	0.0	2.883494430928563	4.454994230425083	3.6692443306768228	3	6		1	2	0	106								0	0	1	unseen_phase1:fad					fad	traffic	0.0	0.0
MEANING_0560	Meaning	unrelated	0	train	plus	model_blind_selected			USF Appendix A	USF:absent-both-directions	school	limb		"[""s"", ""k"", ""uː"", ""l""]"	"[""l"", ""ɪ"", ""m""]"					0.0	0.0	5.5225976402482555	3.6690067809585756	4.5958022106034155	4	3		1	1	6413	11								0	0	1						school	limb	0.0	0.0
MEANING_0561	Meaning	unrelated	0	train	plus	model_blind_selected			USF Appendix A	USF:absent-both-directions	upstairs	small		"[""ʌ"", ""p"", ""s"", ""t"", ""ɛ"", ""ɹ"", ""z""]"	"[""s"", ""m"", ""ɔ"", ""l""]"					0.0	0.0	4.849575966220427	5.096773742381929	4.973174854301178	7	4		2	1	1196	2187								0	0	1						upstairs	small	0.0	0.0
MEANING_0562	Meaning	unrelated	0	train	plus	model_blind_selected			USF Appendix A	USF:absent-both-directions	darkness	bed		"[""d"", ""ɑ"", ""ɹ"", ""k"", ""n"", ""ə"", ""s""]"	"[""b"", ""ɛ"", ""d""]"					0.0	0.0	4.2427946782781865	5.2721147477290895	4.7574547130036375	7	3		2	1	14	5182								0	0	1						darkness	bed	0.0	0.0
MEANING_0563	Meaning	unrelated	0	train	plus	model_blind_selected			USF Appendix A	USF:absent-both-directions	upstairs	dependent		"[""ʌ"", ""p"", ""s"", ""t"", ""ɛ"", ""ɹ"", ""z""]"	"[""d"", ""ɪ"", ""p"", ""ɛ"", ""n"", ""d"", ""ə"", ""n"", ""t""]"					0.0	0.0	4.849575966220427	3.349334675238536	4.099455320729481	7	9		2	3	1196	1								0	0	1						upstairs	dependent	0.0	0.0
MEANING_0564	Meaning	unrelated	0	train	plus	model_blind_selected			USF Appendix A	USF:absent-both-directions	cards	unite		"[""k"", ""ɑ"", ""ɹ"", ""d"", ""z""]"	"[""j"", ""uː"", ""n"", ""aɪ"", ""t""]"					0.0	0.0	4.681418609026778	3.479950544738527	4.0806845768826525	5	5		1	2	611	2								0	0	1						cards	unite	0.0	0.0
MEANING_0565	Meaning	unrelated	0	train	plus	model_blind_selected			USF Appendix A	USF:absent-both-directions	bathtub	space		"[""b"", ""æ"", ""θ"", ""t"", ""ʌ"", ""b""]"	"[""s"", ""p"", ""eɪ"", ""s""]"					0.0	0.0	3.7851902129289012	4.819930834883184	4.302560523906043	6	4		2	1	140	742								0	0	1						bathtub	space	0.0	0.0
MEANING_0566	Meaning	unrelated	0	train	plus	model_blind_selected			USF Appendix A	USF:absent-both-directions	fad	mint		"[""f"", ""æ"", ""d""]"	"[""m"", ""ɪ"", ""n"", ""t""]"					0.0	0.0	2.883494430928563	3.7349095929665124	3.3092020119475376	3	4		1	1	0	25								0	0	1	unseen_phase1:fad					fad	mint	0.0	0.0
MEANING_0567	Meaning	unrelated	0	train	plus	model_blind_selected			USF Appendix A	USF:absent-both-directions	fancy	condition		"[""f"", ""æ"", ""n"", ""s"", ""i""]"	"[""k"", ""ə"", ""n"", ""d"", ""ɪ"", ""ʃ"", ""ə"", ""n""]"					0.0	0.0	4.542117251707365	4.579335176874439	4.560726214290902	5	8		2	3	207	5								0	0	1						fancy	condition	0.0	0.0
MEANING_0568	Meaning	unrelated	0	train	plus	model_blind_selected			USF Appendix A	USF:absent-both-directions	fancy	comb		"[""f"", ""æ"", ""n"", ""s"", ""i""]"	"[""k"", ""oʊ"", ""m""]"					0.0	0.0	4.542117251707365	3.7823883033268983	4.162252777517132	5	3		2	1	207	829								0	0	1						fancy	comb	0.0	0.0
MEANING_0569	Meaning	unrelated	0	train	plus	model_blind_selected			USF Appendix A	USF:absent-both-directions	racket	predator		"[""ɹ"", ""æ"", ""k"", ""ɪ"", ""t""]"	"[""p"", ""ɹ"", ""ɛ"", ""d"", ""ə"", ""t"", ""ə"", ""ɹ""]"					0.0	0.0	3.871069033870136	3.4195346222668714	3.6453018280685034	5	7		2	3	110	3								0	0	1						racket	predator	0.0	0.0
MEANING_0570	Meaning	unrelated	0	train	plus	model_blind_selected			USF Appendix A	USF:absent-both-directions	birthday	sports		"[""b"", ""ɜː"", ""θ"", ""d"", ""eɪ""]"	"[""s"", ""p"", ""ɔ"", ""ɹ"", ""t"", ""s""]"					0.0	0.0	4.987736346333866	4.44072392133681	4.714230133835338	5	6		2	1	3339	66								0	0	1						birthday	sports	0.0	0.0
MEANING_0571	Meaning	unrelated	0	train	plus	model_blind_selected			USF Appendix A	USF:absent-both-directions	rim	host		"[""ɹ"", ""ɪ"", ""m""]"	"[""h"", ""oʊ"", ""s"", ""t""]"					0.0	0.0	3.38933983691012	4.176658593534667	3.782999215222394	3	4		1	1	7	4								0	0	1						rim	host	0.0	0.0
MEANING_0572	Meaning	unrelated	0	train	plus	model_blind_selected			USF Appendix A	USF:absent-both-directions	school	supply		"[""s"", ""k"", ""uː"", ""l""]"	"[""s"", ""ə"", ""p"", ""l"", ""aɪ""]"					0.0	0.0	5.5225976402482555	4.271066772286538	4.896832206267397	4	5		1	2	6413	15								0	0	1						school	supply	0.0	0.0
MEANING_0573	Meaning	unrelated	0	train	plus	model_blind_selected			USF Appendix A	USF:absent-both-directions	brave	phase		"[""b"", ""ɹ"", ""eɪ"", ""v""]"	"[""f"", ""eɪ"", ""z""]"					0.0	0.0	4.501139843808465	4.091080469347332	4.296110156577899	4	3		1	1	175	20								0	0	1						brave	phase	0.0	0.0
MEANING_0574	Meaning	unrelated	0	train	plus	model_blind_selected			USF Appendix A	USF:absent-both-directions	fad	leopard		"[""f"", ""æ"", ""d""]"	"[""l"", ""ɛ"", ""p"", ""ə"", ""ɹ"", ""d""]"					0.0	0.0	2.883494430928563	3.7333389059672815	3.308416668447922	3	5		1	2	0	103								0	0	1	unseen_phase1:fad					fad	leopard	0.0	0.0
MEANING_0575	Meaning	unrelated	0	train	plus	model_blind_selected			USF Appendix A	USF:absent-both-directions	claw	pouch		"[""k"", ""l"", ""ɔ""]"	"[""p"", ""aʊ"", ""t̠ʃ""]"					0.0	0.0	3.6407346869502244	3.231949076520682	3.436341881735453	3	3		1	1	41	81								0	0	1						claw	pouch	0.0	0.0
MEANING_0576	Meaning	unrelated	0	train	plus	model_blind_selected			USF Appendix A	USF:absent-both-directions	cards	ahead		"[""k"", ""ɑ"", ""ɹ"", ""d"", ""z""]"	"[""ə"", ""h"", ""ɛ"", ""d""]"					0.0	0.0	4.681418609026778	5.297395711008887	4.989407160017833	5	4		1	2	611	2538								0	0	1						cards	ahead	0.0	0.0
MEANING_0577	Meaning	unrelated	0	train	plus	model_blind_selected			USF Appendix A	USF:absent-both-directions	oil	week		"[""ɔɪ"", ""l""]"	"[""w"", ""iː"", ""k""]"					0.0	0.0	4.613613851204378	5.377506235374158	4.995560043289268	2	3		1	1	365	1118								0	0	1						oil	week	0.0	0.0
MEANING_0578	Meaning	unrelated	0	train	plus	model_blind_selected			USF Appendix A	USF:absent-both-directions	flask	expert		"[""f"", ""l"", ""æ"", ""s"", ""k""]"	"[""ɛ"", ""k"", ""s"", ""p"", ""ɜː"", ""t""]"					0.0	0.0	3.048304679574555	4.344738923549388	3.696521801561971	5	6		1	2	2	16								0	0	1						flask	expert	0.0	0.0
MEANING_0579	Meaning	unrelated	0	train	plus	model_blind_selected			USF Appendix A	USF:absent-both-directions	school	frog		"[""s"", ""k"", ""uː"", ""l""]"	"[""f"", ""ɹ"", ""ɑ"", ""ɡ""]"					0.0	0.0	5.5225976402482555	4.072747136042215	4.7976723881452354	4	4		1	1	6413	1899								0	0	1						school	frog	0.0	0.0
MEANING_0580	Meaning	unrelated	0	train	plus	model_blind_selected			USF Appendix A	USF:absent-both-directions	foot	cage		"[""f"", ""ʊ"", ""t""]"	"[""k"", ""eɪ"", ""d̠ʒ""]"					0.0	0.0	4.812389004654132	4.306950362659987	4.559669683657059	3	3		1	1	2920	335								0	0	1						foot	cage	0.0	0.0
MEANING_0581	Meaning	high_association	1	validation	plus	model_blind_selected			USF Appendix A	USF:Cue_Target_Pairs.D-F:8525	flight	airplane		"[""f"", ""l"", ""aɪ"", ""t""]"	"[""ɛ"", ""ɹ"", ""p"", ""l"", ""eɪ"", ""n""]"					0.669	0.051	4.775874472000599	4.038285019075793	4.407079745538196	4	6		1	2	22	1727								0	0	1						flight	airplane	0.669	0.051
MEANING_0582	Meaning	high_association	1	validation	plus	model_blind_selected			USF Appendix A	USF:Cue_Target_Pairs.S:4393	sneaker	shoe		"[""s"", ""n"", ""iː"", ""k"", ""ə"", ""ɹ""]"	"[""ʃ"", ""uː""]"					0.628	0.045	2.8364978682523394	4.482761522072355	3.659629695162347	5	2		2	1	38	2510								0	0	1						sneaker	shoe	0.628	0.045
MEANING_0583	Meaning	high_association	1	validation	plus	model_blind_selected			USF Appendix A	USF:Cue_Target_Pairs.A-B:7429	brick	house		"[""b"", ""ɹ"", ""ɪ"", ""k""]"	"[""h"", ""aʊ"", ""s""]"					0.404	0.012	4.007597181750521	5.710963118995275	4.859280150372898	4	3		1	1	88	9367								0	0	1						brick	house	0.404	0.012
MEANING_0584	Meaning	high_association	1	validation	plus	model_blind_selected			USF Appendix A	USF:Cue_Target_Pairs.L-O:9054	over	under		"[""oʊ"", ""v"", ""ə"", ""ɹ""]"	"[""ʌ"", ""n"", ""d"", ""ə"", ""ɹ""]"					0.542	0.48	6.121656381961456	5.418171263030779	5.769913822496117	3	4		2	2	19086	3582								0	0	1						over	under	0.542	0.48
MEANING_0585	Meaning	high_association	1	validation	plus	model_blind_selected			USF Appendix A	USF:Cue_Target_Pairs.S:1217	scuba	dive		"[""s"", ""k"", ""uː"", ""b"", ""ə""]"	"[""d"", ""aɪ"", ""v""]"					0.51	0.041	3.184524426592544	4.108007572226331	3.6462659994094375	5	3		2	1	15	78								0	0	1						scuba	dive	0.51	0.041
MEANING_0586	Meaning	high_association	1	validation	plus	model_blind_selected			USF Appendix A	USF:Cue_Target_Pairs.T-Z:7475	wife	husband		"[""w"", ""aɪ"", ""f""]"	"[""h"", ""ʌ"", ""s"", ""b"", ""ə"", ""n"", ""d""]"					0.677	0.885	5.5427278162419285	5.289597695347897	5.416162755794913	3	7		1	2	191	251								0	0	1						wife	husband	0.677	0.885
MEANING_0587	Meaning	high_association	1	validation	plus	model_blind_selected			USF Appendix A	USF:Cue_Target_Pairs.L-O:7548	noun	verb		"[""n"", ""aʊ"", ""n""]"	"[""v"", ""ɜː"", ""b""]"					0.69	0.642	2.723793588061051	3.0248235837250323	2.8743085858930417	3	3		1	1	23	9								0	0	1						noun	verb	0.69	0.642
MEANING_0588	Meaning	high_association	1	validation	plus	model_blind_selected			USF Appendix A	USF:Cue_Target_Pairs.G-K:5995	indoors	outdoors		"[""ɪ"", ""n"", ""d"", ""ɔ"", ""ɹ"", ""z""]"	"[""aʊ"", ""t"", ""d"", ""ɔ"", ""ɹ"", ""z""]"					0.561	0.224	3.3928003690196267	3.3218136015872735	3.35730698530345	6	6		2	2	22	82								0	0	1						indoors	outdoors	0.561	0.224
MEANING_0589	Meaning	high_association	1	validation	plus	model_blind_selected			USF Appendix A	USF:Cue_Target_Pairs.G-K:4062	hinge	door		"[""h"", ""ɪ"", ""n"", ""d̠ʒ""]"	"[""d"", ""ɔ"", ""ɹ""]"					0.63	0.033	2.75482782180102	5.465470331453126	4.1101490766270725	4	3		1	1	5	4199								0	0	1						hinge	door	0.63	0.033
MEANING_0590	Meaning	high_association	1	validation	plus	model_blind_selected			USF Appendix A	USF:Cue_Target_Pairs.C:1975	checkbook	money		"[""t̠ʃ"", ""ɛ"", ""k"", ""b"", ""ʊ"", ""k""]"	"[""m"", ""ʌ"", ""n"", ""i""]"					0.527	0.0	3.3716110699496884	5.806698582254281	4.589154826101985	6	4		2	2	9	2700								0	0	1						checkbook	money	0.527	0.0
MEANING_0591	Meaning	high_association	1	validation	plus	model_blind_selected			USF Appendix A	USF:Cue_Target_Pairs.P-R:9652	rug	carpet		"[""ɹ"", ""ʌ"", ""ɡ""]"	"[""k"", ""ɑ"", ""ɹ"", ""p"", ""ɪ"", ""t""]"					0.468	0.248	4.017524344983533	4.066216268883258	4.041870306933395	3	6		1	2	362	207								0	0	1						rug	carpet	0.468	0.248
MEANING_0592	Meaning	high_association	1	validation	plus	model_blind_selected			USF Appendix A	USF:Cue_Target_Pairs.L-O:6425	nail	hammer		"[""n"", ""eɪ"", ""l""]"	"[""h"", ""æ"", ""m"", ""ə"", ""ɹ""]"					0.622	0.8	4.270610340839477	4.095886939550478	4.183248640194977	3	4		1	2	310	904								0	0	1						nail	hammer	0.622	0.8
MEANING_0593	Meaning	high_association	1	validation	plus	model_blind_selected			USF Appendix A	USF:Cue_Target_Pairs.C:5875	count	number		"[""k"", ""aʊ"", ""n"", ""t""]"	"[""n"", ""ʌ"", ""m"", ""b"", ""ə"", ""ɹ""]"					0.451	0.0	4.954053233131294	5.381911026589501	5.167982129860397	4	5		1	2	1597	1805								0	0	1						count	number	0.451	0.0
MEANING_0594	Meaning	high_association	1	validation	plus	model_blind_selected			USF Appendix A	USF:Cue_Target_Pairs.A-B:6187	blot	ink		"[""b"", ""l"", ""ɑ"", ""t""]"	"[""ɪ"", ""ŋ"", ""k""]"					0.441	0.06	2.973671061277651	3.8744931868137726	3.4240821240457118	4	3		1	1	4	129								0	0	1						blot	ink	0.441	0.06
MEANING_0595	Meaning	high_association	1	validation	plus	model_blind_selected			USF Appendix A	USF:Cue_Target_Pairs.S:7579	strike	hit		"[""s"", ""t"", ""ɹ"", ""aɪ"", ""k""]"	"[""h"", ""ɪ"", ""t""]"					0.447	0.0	4.6586659476203565	5.439332693830263	5.04899932072531	5	3		1	1	49	2330								0	0	1						strike	hit	0.447	0.0
MEANING_0596	Meaning	high_association	1	validation	plus	model_blind_selected			USF Appendix A	USF:Cue_Target_Pairs.T-Z:7899	woman	man		"[""w"", ""ʊ"", ""m"", ""ə"", ""n""]"	"[""m"", ""æ"", ""n""]"					0.595	0.66	5.638117152800911	6.266171723689466	5.952144438245188	5	3		2	1	540	6392								0	0	1						woman	man	0.595	0.66
MEANING_0597	Meaning	high_association	1	validation	plus	model_blind_selected			USF Appendix A	USF:Cue_Target_Pairs.S:8926	sweep	broom		"[""s"", ""w"", ""iː"", ""p""]"	"[""b"", ""ɹ"", ""uː"", ""m""]"					0.406	0.504	3.9781715625043272	3.678036097500376	3.8281038300023518	4	4		1	1	226	453								0	0	1						sweep	broom	0.406	0.504
MEANING_0598	Meaning	high_association	1	validation	plus	model_blind_selected			USF Appendix A	USF:Cue_Target_Pairs.D-F:7959	filth	dirt		"[""f"", ""ɪ"", ""l"", ""θ""]"	"[""d"", ""ɜː"", ""t""]"					0.693	0.037	3.656041803794208	4.409701119557828	4.032871461676018	4	3		1	1	1	532								0	0	1						filth	dirt	0.693	0.037
MEANING_0599	Meaning	high_association	1	validation	plus	model_blind_selected			USF Appendix A	USF:Cue_Target_Pairs.L-O:3072	many	few		"[""m"", ""ɛ"", ""n"", ""i""]"	"[""f"", ""j"", ""uː""]"					0.425	0.465	5.5556159813157695	5.479753093277111	5.51768453729644	4	3		2	1	4168	962								0	0	1						many	few	0.425	0.465
MEANING_0600	Meaning	high_association	1	validation	plus	model_blind_selected			USF Appendix A	USF:Cue_Target_Pairs.A-B:7751	bubble	gum		"[""b"", ""ʌ"", ""b"", ""ə"", ""l""]"	"[""ɡ"", ""ʌ"", ""m""]"					0.609	0.054	3.9030899869919438	4.1268505275835965	4.01497025728777	5	3		2	1	655	792								0	0	1						bubble	gum	0.609	0.054
MEANING_0601	Meaning	high_association	1	validation	plus	model_blind_selected			USF Appendix A	USF:Cue_Target_Pairs.S:5610	spine	back		"[""s"", ""p"", ""aɪ"", ""n""]"	"[""b"", ""æ"", ""k""]"					0.538	0.054	3.7592974442561733	6.303013845143055	5.031155644699615	4	3		1	1	13	18502								0	0	1						spine	back	0.538	0.054
MEANING_0602	Meaning	high_association	1	validation	plus	model_blind_selected			USF Appendix A	USF:Cue_Target_Pairs.P-R:9697	ruler	measure		"[""ɹ"", ""uː"", ""l"", ""ə"", ""ɹ""]"	"[""m"", ""ɛ"", ""ʒ"", ""ə"", ""ɹ""]"					0.415	0.169	3.5019448384446945	4.022404109601619	3.7621744740231566	4	4		2	2	66	170								0	0	1						ruler	measure	0.415	0.169
MEANING_0603	Meaning	high_association	1	validation	plus	model_blind_selected			USF Appendix A	USF:Cue_Target_Pairs.G-K:8346	knob	door		"[""n"", ""ɑ"", ""b""]"	"[""d"", ""ɔ"", ""ɹ""]"					0.672	0.139	3.38933983691012	5.465470331453126	4.427405084181623	3	3		1	1	83	4199								0	0	1						knob	door	0.672	0.139
MEANING_0604	Meaning	high_association	1	validation	plus	model_blind_selected			USF Appendix A	USF:Cue_Target_Pairs.C:2589	chore	work		"[""t̠ʃ"", ""ɔ"", ""ɹ""]"	"[""w"", ""ɜː"", ""k""]"					0.408	0.0	3.0	5.902013562370102	4.45100678118505	3	3		1	1	5	4417								0	0	1						chore	work	0.408	0.0
MEANING_0605	Meaning	high_association	1	validation	plus	model_blind_selected			USF Appendix A	USF:Cue_Target_Pairs.L-O:919	legs	arms		"[""l"", ""ɛ"", ""ɡ"", ""z""]"	"[""ɑ"", ""ɹ"", ""m"", ""z""]"					0.541	0.549	4.744982887130989	4.776729663248849	4.760856275189919	4	4		1	1	1415	707								0	0	1						legs	arms	0.541	0.549
MEANING_0606	Meaning	high_association	1	validation	plus	model_blind_selected			USF Appendix A	USF:Cue_Target_Pairs.S:4939	sonnet	poem		"[""s"", ""ɑ"", ""n"", ""ɪ"", ""t""]"	"[""p"", ""oʊ"", ""ɪ"", ""m""]"					0.471	0.02	2.883494430928563	4.135039063512625	3.509266747220594	5	4		2	2	0	29								0	0	1	unseen_phase1:sonnet					sonnet	poem	0.471	0.02
MEANING_0607	Meaning	high_association	1	validation	plus	model_blind_selected			USF Appendix A	USF:Cue_Target_Pairs.A-B:4558	bashful	shy		"[""b"", ""æ"", ""ʃ"", ""f"", ""ə"", ""l""]"	"[""ʃ"", ""aɪ""]"					0.73	0.076	3.0917703733556454	4.264169414789842	3.677969894072744	6	2		2	1	16	166								0	0	1						bashful	shy	0.73	0.076
MEANING_0608	Meaning	high_association	1	validation	plus	model_blind_selected			USF Appendix A	USF:Cue_Target_Pairs.A-B:7671	broom	sweep		"[""b"", ""ɹ"", ""uː"", ""m""]"	"[""s"", ""w"", ""iː"", ""p""]"					0.504	0.406	3.678036097500376	3.9781715625043272	3.8281038300023518	4	4		1	1	453	226								0	0	1						broom	sweep	0.504	0.406
MEANING_0609	Meaning	high_association	1	validation	plus	model_blind_selected			USF Appendix A	USF:Cue_Target_Pairs.D-F:6932	fairy	tale		"[""f"", ""ɛ"", ""ɹ"", ""i""]"	"[""t"", ""eɪ"", ""l""]"					0.543	0.067	4.222359383986651	4.079181246047625	4.150770315017138	4	3		2	1	182	25								0	0	1						fairy	tale	0.543	0.067
MEANING_0610	Meaning	high_association	1	validation	plus	model_blind_selected			USF Appendix A	USF:Cue_Target_Pairs.D-F:5166	ending	beginning		"[""ɛ"", ""n"", ""d"", ""ɪ"", ""ŋ""]"	"[""b"", ""ɪ"", ""ɡ"", ""ɪ"", ""n"", ""ɪ"", ""ŋ""]"					0.486	0.0	4.201985853143239	4.800150800587677	4.501068326865458	5	7		2	3	32	220								0	0	1						ending	beginning	0.486	0.0
MEANING_0611	Meaning	high_association	1	validation	plus	model_blind_selected			USF Appendix A	USF:Cue_Target_Pairs.G-K:3765	herd	cow		"[""h"", ""ɜː"", ""d""]"	"[""k"", ""aʊ""]"					0.562	0.0	3.848732324669351	4.40670712046365	4.1277197225665	3	2		1	1	43	3147								0	0	1						herd	cow	0.562	0.0
MEANING_0612	Meaning	high_association	1	validation	plus	model_blind_selected			USF Appendix A	USF:Cue_Target_Pairs.T-Z:5490	verb	noun		"[""v"", ""ɜː"", ""b""]"	"[""n"", ""aʊ"", ""n""]"					0.642	0.69	3.0248235837250323	2.723793588061051	2.8743085858930417	3	3		1	1	9	23								0	0	1						verb	noun	0.642	0.69
MEANING_0613	Meaning	high_association	1	validation	plus	model_blind_selected			USF Appendix A	USF:Cue_Target_Pairs.A-B:2631	architecture	building		"[""ɑ"", ""ɹ"", ""k"", ""ɪ"", ""t"", ""ɛ"", ""k"", ""t̠ʃ"", ""ə"", ""ɹ""]"	"[""b"", ""ɪ"", ""l"", ""d"", ""ɪ"", ""ŋ""]"					0.51	0.0	3.5019448384446945	4.998122520439767	4.250033679442231	9	6		4	2	0	919								0	0	1	unseen_phase1:architecture					architecture	building	0.51	0.0
MEANING_0614	Meaning	high_association	1	validation	plus	model_blind_selected			USF Appendix A	USF:Cue_Target_Pairs.D-F:9384	forward	backward		"[""f"", ""ɔ"", ""ɹ"", ""w"", ""ə"", ""ɹ"", ""d""]"	"[""b"", ""æ"", ""k"", ""w"", ""ə"", ""ɹ"", ""d""]"					0.5	0.709	4.859338479128867	3.493826948222515	4.176582713675691	6	6		2	2	153	41								0	0	1						forward	backward	0.5	0.709
MEANING_0615	Meaning	high_association	1	validation	plus	model_blind_selected			USF Appendix A	USF:Cue_Target_Pairs.P-R:7407	refrain	stop		"[""ɹ"", ""ɪ"", ""f"", ""ɹ"", ""eɪ"", ""n""]"	"[""s"", ""t"", ""ɑ"", ""p""]"					0.514	0.0	3.309463163200844	5.849588006377395	4.57952558478912	6	4		2	1	0	5089								0	0	1	unseen_phase1:refrain					refrain	stop	0.514	0.0
MEANING_0616	Meaning	high_association	1	validation	plus	model_blind_selected			USF Appendix A	USF:Cue_Target_Pairs.D-F:3870	drowsy	sleep		"[""d"", ""ɹ"", ""aʊ"", ""s"", ""i""]"	"[""s"", ""l"", ""iː"", ""p""]"					0.551	0.0	2.8606315479690587	5.357822785464055	4.109227166716557	5	4		2	1	8	3452								0	0	1						drowsy	sleep	0.551	0.0
MEANING_0617	Meaning	high_association	1	validation	plus	model_blind_selected			USF Appendix A	USF:Cue_Target_Pairs.S:4255	smooth	rough		"[""s"", ""m"", ""uː"", ""ð""]"	"[""ɹ"", ""ʌ"", ""f""]"					0.416	0.352	4.261845736256045	4.572780516948069	4.417313126602057	4	3		1	1	207	348								0	0	1						smooth	rough	0.416	0.352
MEANING_0618	Meaning	high_association	1	validation	plus	model_blind_selected			USF Appendix A	USF:Cue_Target_Pairs.S:5876	sprain	ankle		"[""s"", ""p"", ""ɹ"", ""eɪ"", ""n""]"	"[""æ"", ""ŋ"", ""k"", ""ə"", ""l""]"					0.601	0.049	2.9258982794816504	3.904153131909405	3.4150257056955278	5	5		1	2	3	50								0	0	1						sprain	ankle	0.601	0.049
MEANING_0619	Meaning	high_association	1	validation	plus	model_blind_selected			USF Appendix A	USF:Cue_Target_Pairs.D-F:7730	few	many		"[""f"", ""j"", ""uː""]"	"[""m"", ""ɛ"", ""n"", ""i""]"					0.465	0.425	5.479753093277111	5.5556159813157695	5.51768453729644	3	4		1	2	962	4168								0	0	1						few	many	0.465	0.425
MEANING_0620	Meaning	high_association	1	validation	plus	model_blind_selected			USF Appendix A	USF:Cue_Target_Pairs.G-K:144	gangster	mob		"[""ɡ"", ""æ"", ""ŋ"", ""s"", ""t"", ""ə"", ""ɹ""]"	"[""m"", ""ɑ"", ""b""]"					0.434	0.016	3.7269987279362624	4.1119737594439325	3.9194862436900975	6	3		2	1	4	0								0	0	1	unseen_phase1:mob					gangster	mob	0.434	0.016
MEANING_0621	Meaning	low_association	1	validation	plus	model_blind_selected			USF Appendix A	USF:Cue_Target_Pairs.L-O:5661	mop	broom		"[""m"", ""ɑ"", ""p""]"	"[""b"", ""ɹ"", ""uː"", ""m""]"					0.181	0.079	3.6167122791997564	3.678036097500376	3.6473741883500663	3	4		1	1	148	453								0	0	1						mop	broom	0.181	0.079
MEANING_0622	Meaning	low_association	1	validation	plus	model_blind_selected			USF Appendix A	USF:Cue_Target_Pairs.C:2212	chew	gum		"[""t̠ʃ"", ""uː""]"	"[""ɡ"", ""ʌ"", ""m""]"					0.361	0.563	3.957071799458189	4.1268505275835965	4.0419611635208925	2	3		1	1	1069	792								0	0	1						chew	gum	0.361	0.563
MEANING_0623	Meaning	low_association	1	validation	plus	model_blind_selected			USF Appendix A	USF:Cue_Target_Pairs.T-Z:1468	things	stuff		"[""θ"", ""ɪ"", ""ŋ"", ""z""]"	"[""s"", ""t"", ""ʌ"", ""f""]"					0.288	0.25	5.8406595004041755	5.487027409144574	5.663843454774375	4	4		1	1	8095	4989								0	0	1						things	stuff	0.288	0.25
MEANING_0624	Meaning	low_association	1	validation	plus	model_blind_selected			USF Appendix A	USF:Cue_Target_Pairs.P-R:9737	rummy	game		"[""ɹ"", ""ʌ"", ""m"", ""i""]"	"[""ɡ"", ""eɪ"", ""m""]"					0.155	0.0	3.16166154363304	5.368924628911785	4.265293086272412	4	3		2	1	2	2314								0	0	1						rummy	game	0.155	0.0
MEANING_0625	Meaning	low_association	1	validation	plus	model_blind_selected			USF Appendix A	USF:Cue_Target_Pairs.C:7365	curtain	drapes		"[""k"", ""ɜː"", ""t"", ""ə"", ""n""]"	"[""d"", ""ɹ"", ""eɪ"", ""p"", ""s""]"					0.26	0.0	4.01258912730802	3.4742734118468364	3.743431269577428	5	5		2	1	230	8								0	0	1						curtain	drapes	0.26	0.0
MEANING_0626	Meaning	low_association	1	validation	plus	model_blind_selected			USF Appendix A	USF:Cue_Target_Pairs.G-K:5910	income	tax		"[""ɪ"", ""ŋ"", ""k"", ""ʌ"", ""m""]"	"[""t"", ""æ"", ""k"", ""s""]"					0.225	0.141	3.869921623739289	4.162833729181091	4.0163776764601895	5	4		2	1	6	3								0	0	1						income	tax	0.225	0.141
MEANING_0627	Meaning	low_association	1	validation	plus	model_blind_selected			USF Appendix A	USF:Cue_Target_Pairs.D-F:9290	form	shape		"[""f"", ""ɔ"", ""ɹ"", ""m""]"	"[""ʃ"", ""eɪ"", ""p""]"					0.176	0.094	4.630886317506668	4.480514197617001	4.555700257561835	4	3		1	1	86	599								0	0	1						form	shape	0.176	0.094
MEANING_0628	Meaning	low_association	1	validation	plus	model_blind_selected			USF Appendix A	USF:Cue_Target_Pairs.L-O:5284	modest	shy		"[""m"", ""ɑ"", ""d"", ""ɪ"", ""s"", ""t""]"	"[""ʃ"", ""aɪ""]"					0.308	0.0	3.769551078621726	4.264169414789842	4.016860246705784	6	2		2	1	0	166								0	0	1	unseen_phase1:modest					modest	shy	0.308	0.0
MEANING_0629	Meaning	low_association	1	validation	plus	model_blind_selected			USF Appendix A	USF:Cue_Target_Pairs.S:2957	sickle	cell		"[""s"", ""ɪ"", ""k"", ""ə"", ""l""]"	"[""s"", ""ɛ"", ""l""]"					0.265	0.0	2.7395878552442827	4.735223049841833	3.737405452543058	5	3		2	1	5	19								0	0	1						sickle	cell	0.265	0.0
MEANING_0630	Meaning	low_association	1	validation	plus	model_blind_selected			USF Appendix A	USF:Cue_Target_Pairs.A-B:3689	aware	know		"[""ə"", ""w"", ""ɛ"", ""ɹ""]"	"[""n"", ""oʊ""]"					0.171	0.016	4.552023702788013	6.757485343853885	5.654754523320949	4	2		2	1	32	55693								0	0	1						aware	know	0.171	0.016
MEANING_0631	Meaning	low_association	1	validation	plus	model_blind_selected			USF Appendix A	USF:Cue_Target_Pairs.T-Z:2813	trail	path		"[""t"", ""ɹ"", ""eɪ"", ""l""]"	"[""p"", ""æ"", ""θ""]"					0.248	0.17	4.283212515705202	4.390034152776474	4.336623334240838	4	3		1	1	39	77								0	0	1						trail	path	0.248	0.17
MEANING_0632	Meaning	low_association	1	validation	plus	model_blind_selected			USF Appendix A	USF:Cue_Target_Pairs.A-B:3708	awareness	know		"[""ə"", ""w"", ""ɛ"", ""ɹ"", ""n"", ""ə"", ""s""]"	"[""n"", ""oʊ""]"					0.168	0.0	3.353127664255675	6.757485343853885	5.05530650405478	7	2		3	1	0	55693								0	0	1	unseen_phase1:awareness					awareness	know	0.168	0.0
MEANING_0633	Meaning	low_association	1	validation	plus	model_blind_selected			USF Appendix A	USF:Cue_Target_Pairs.C:743	carbon	copy		"[""k"", ""ɑ"", ""ɹ"", ""b"", ""ə"", ""n""]"	"[""k"", ""ɑ"", ""p"", ""i""]"					0.373	0.03	3.718941085266639	4.718289968979904	4.218615527123271	6	4		2	2	8	147								0	0	1						carbon	copy	0.373	0.03
MEANING_0634	Meaning	low_association	1	validation	plus	model_blind_selected			USF Appendix A	USF:Cue_Target_Pairs.C:5316	contractor	building		"[""k"", ""ə"", ""n"", ""t"", ""ɹ"", ""æ"", ""k"", ""t"", ""ə"", ""ɹ""]"	"[""b"", ""ɪ"", ""l"", ""d"", ""ɪ"", ""ŋ""]"					0.149	0.0	3.4965498065579883	4.998122520439767	4.247336163498877	9	6		3	2	0	919								0	0	1	unseen_phase1:contractor					contractor	building	0.149	0.0
MEANING_0635	Meaning	low_association	1	validation	plus	model_blind_selected			USF Appendix A	USF:Cue_Target_Pairs.L-O:5884	motorcycle	bike		"[""m"", ""oʊ"", ""t"", ""ə"", ""ɹ"", ""s"", ""aɪ"", ""k"", ""ə"", ""l""]"	"[""b"", ""aɪ"", ""k""]"					0.174	0.027	3.950441220559176	4.413003755107914	4.181722487833545	9	3		4	1	567	1224								0	0	1						motorcycle	bike	0.174	0.027
MEANING_0636	Meaning	low_association	1	validation	plus	model_blind_selected			USF Appendix A	USF:Cue_Target_Pairs.S:9039	switch	change		"[""s"", ""w"", ""ɪ"", ""t̠ʃ""]"	"[""t̠ʃ"", ""eɪ"", ""n"", ""d̠ʒ""]"					0.236	0.024	4.448978975233845	5.380849440918155	4.914914208076	4	4		1	1	307	1362								0	0	1						switch	change	0.236	0.024
MEANING_0637	Meaning	low_association	1	validation	plus	model_blind_selected			USF Appendix A	USF:Cue_Target_Pairs.G-K:7245	jealousy	envy		"[""d̠ʒ"", ""ɛ"", ""l"", ""ə"", ""s"", ""i""]"	"[""ɛ"", ""n"", ""v"", ""i""]"					0.187	0.513	3.7592974442561733	3.9799587851166978	3.8696281146864355	6	4		3	2	0	3								0	0	1	unseen_phase1:jealousy					jealousy	envy	0.187	0.513
MEANING_0638	Meaning	low_association	1	validation	plus	model_blind_selected			USF Appendix A	USF:Cue_Target_Pairs.A-B:2122	annihilate	destroy		"[""ə"", ""n"", ""aɪ"", ""ə"", ""l"", ""eɪ"", ""t""]"	"[""d"", ""ɪ"", ""s"", ""t"", ""ɹ"", ""ɔɪ""]"					0.232	0.028	2.848732324669351	4.673725446905889	3.76122888578762	7	6		4	2	0	41								0	0	1	unseen_phase1:annihilate					annihilate	destroy	0.232	0.028
MEANING_0639	Meaning	low_association	1	validation	plus	model_blind_selected			USF Appendix A	USF:Cue_Target_Pairs.D-F:2951	dive	swim		"[""d"", ""aɪ"", ""v""]"	"[""s"", ""w"", ""ɪ"", ""m""]"					0.152	0.117	4.108007572226331	4.502480673777201	4.305244123001766	3	4		1	1	78	999								0	0	1						dive	swim	0.152	0.117
MEANING_0640	Meaning	low_association	1	validation	plus	model_blind_selected			USF Appendix A	USF:Cue_Target_Pairs.S:6277	stairs	climb		"[""s"", ""t"", ""ɛ"", ""ɹ"", ""z""]"	"[""k"", ""l"", ""aɪ"", ""m""]"					0.225	0.0	4.3759324437323315	4.295459294455682	4.335695869094007	5	4		1	1	715	927								0	0	1						stairs	climb	0.225	0.0
MEANING_0641	Meaning	low_association	1	validation	plus	model_blind_selected			USF Appendix A	USF:Cue_Target_Pairs.L-O:8660	organ	donor		"[""ɔ"", ""ɹ"", ""ɡ"", ""ə"", ""n""]"	"[""d"", ""oʊ"", ""n"", ""ə"", ""ɹ""]"					0.19	0.063	3.8606315479690587	3.6104931588648252	3.7355623534169418	5	4		2	2	15	0								0	0	1	unseen_phase1:donor					organ	donor	0.19	0.063
MEANING_0642	Meaning	low_association	1	validation	plus	model_blind_selected			USF Appendix A	USF:Cue_Target_Pairs.T-Z:3962	twist	turn		"[""t"", ""w"", ""ɪ"", ""s"", ""t""]"	"[""t"", ""ɜː"", ""n""]"					0.275	0.05	4.100640796826285	5.486388801921251	4.793514799373768	5	3		1	1	135	10257								0	0	1						twist	turn	0.275	0.05
MEANING_0643	Meaning	low_association	1	validation	plus	model_blind_selected			USF Appendix A	USF:Cue_Target_Pairs.C:1386	cell	jail		"[""s"", ""ɛ"", ""l""]"	"[""d̠ʒ"", ""eɪ"", ""l""]"					0.243	0.071	4.735223049841833	4.848973532385578	4.792098291113706	3	3		1	1	19	228								0	0	1						cell	jail	0.243	0.071
MEANING_0644	Meaning	low_association	1	validation	plus	model_blind_selected			USF Appendix A	USF:Cue_Target_Pairs.S:8323	sum	money		"[""s"", ""ʌ"", ""m""]"	"[""m"", ""ʌ"", ""n"", ""i""]"					0.169	0.0	4.0109315127693375	5.806698582254281	4.908815047511809	3	4		1	2	24	2700								0	0	1						sum	money	0.169	0.0
MEANING_0645	Meaning	low_association	1	validation	plus	model_blind_selected			USF Appendix A	USF:Cue_Target_Pairs.T-Z:1748	tick	flea		"[""t"", ""ɪ"", ""k""]"	"[""f"", ""l"", ""iː""]"					0.256	0.281	3.8606315479690587	3.520316528515737	3.6904740382423977	3	3		1	1	512	28								0	0	1						tick	flea	0.256	0.281
MEANING_0646	Meaning	low_association	1	validation	plus	model_blind_selected			USF Appendix A	USF:Cue_Target_Pairs.S:5866	spouse	wife		"[""s"", ""p"", ""aʊ"", ""s""]"	"[""w"", ""aɪ"", ""f""]"					0.267	0.047	3.2792015581683085	5.5427278162419285	4.4109646872051185	4	3		1	1	0	191								0	0	1	unseen_phase1:spouse					spouse	wife	0.267	0.047
MEANING_0647	Meaning	low_association	1	validation	plus	model_blind_selected			USF Appendix A	USF:Cue_Target_Pairs.S:6044	squeal	tell		"[""s"", ""k"", ""w"", ""iː"", ""l""]"	"[""t"", ""ɛ"", ""l""]"					0.182	0.0	3.425968732272281	6.236660729697238	4.83131473098476	5	3		1	1	19	17927								0	0	1						squeal	tell	0.182	0.0
MEANING_0648	Meaning	low_association	1	validation	plus	model_blind_selected			USF Appendix A	USF:Cue_Target_Pairs.L-O:3943	medal	honor		"[""m"", ""ɛ"", ""d"", ""ə"", ""l""]"	"[""ɑ"", ""n"", ""ə"", ""ɹ""]"					0.156	0.02	4.063281835544208	4.983688182035175	4.523485008789692	5	3		2	2	14	5								0	0	1						medal	honor	0.156	0.02
MEANING_0649	Meaning	low_association	1	validation	plus	model_blind_selected			USF Appendix A	USF:Cue_Target_Pairs.L-O:5396	monarch	ruler		"[""m"", ""ɑ"", ""n"", ""ə"", ""ɹ"", ""k""]"	"[""ɹ"", ""uː"", ""l"", ""ə"", ""ɹ""]"					0.143	0.0	2.915679114299964	3.5019448384446945	3.2088119763723295	6	4		2	2	79	66								0	0	1						monarch	ruler	0.143	0.0
MEANING_0650	Meaning	low_association	1	validation	plus	model_blind_selected			USF Appendix A	USF:Cue_Target_Pairs.L-O:7675	nursery	rhyme		"[""n"", ""ɜː"", ""s"", ""ə"", ""ɹ"", ""ɹ"", ""i""]"	"[""ɹ"", ""aɪ"", ""m""]"					0.153	0.062	3.6084001693589816	3.644612342013426	3.6265062556862038	5	3		3	1	239	98								0	0	1						nursery	rhyme	0.153	0.062
MEANING_0651	Meaning	low_association	1	validation	plus	model_blind_selected			USF Appendix A	USF:Cue_Target_Pairs.S:8179	suede	shoes		"[""s"", ""w"", ""eɪ"", ""d""]"	"[""ʃ"", ""uː"", ""z""]"					0.24	0.0	3.256217651247619	4.870151348411085	4.063184499829352	4	3		1	1	3	4162								0	0	1						suede	shoes	0.24	0.0
MEANING_0652	Meaning	low_association	1	validation	plus	model_blind_selected			USF Appendix A	USF:Cue_Target_Pairs.T-Z:7920	wonder	think		"[""w"", ""ʌ"", ""n"", ""d"", ""ə"", ""ɹ""]"	"[""θ"", ""ɪ"", ""ŋ"", ""k""]"					0.185	0.011	5.068113072928107	6.42997698247318	5.749045027700644	5	4		2	1	1481	35496								0	0	1						wonder	think	0.185	0.011
MEANING_0653	Meaning	low_association	1	validation	plus	model_blind_selected			USF Appendix A	USF:Cue_Target_Pairs.T-Z:6417	walnut	nut		"[""w"", ""ɔ"", ""l"", ""n"", ""ʌ"", ""t""]"	"[""n"", ""ʌ"", ""t""]"					0.17	0.041	3.2924298239020637	4.193888145298176	3.74315898460012	6	3		2	1	16	387								0	0	1						walnut	nut	0.17	0.041
MEANING_0654	Meaning	low_association	1	validation	plus	model_blind_selected			USF Appendix A	USF:Cue_Target_Pairs.T-Z:5344	vault	bank		"[""v"", ""ɔ"", ""l"", ""t""]"	"[""b"", ""æ"", ""ŋ"", ""k""]"					0.2	0.014	4.0805981950432315	4.929318730885862	4.504958462964547	4	4		1	1	2	213								0	0	1						vault	bank	0.2	0.014
MEANING_0655	Meaning	low_association	1	validation	plus	model_blind_selected			USF Appendix A	USF:Cue_Target_Pairs.S:2974	sickness	ill		"[""s"", ""ɪ"", ""k"", ""n"", ""ə"", ""s""]"	"[""ɪ"", ""l""]"					0.189	0.0	3.8998848471167324	4.327859562086612	4.113872204601672	6	2		2	1	19	46								0	0	1						sickness	ill	0.189	0.0
MEANING_0656	Meaning	low_association	1	validation	plus	model_blind_selected			USF Appendix A	USF:Cue_Target_Pairs.S:306	salute	flag		"[""s"", ""ə"", ""l"", ""uː"", ""t""]"	"[""f"", ""l"", ""æ"", ""ɡ""]"					0.229	0.041	3.8606315479690587	4.2427946782781865	4.051713113123623	5	4		2	1	6	188								0	0	1						salute	flag	0.229	0.041
MEANING_0657	Meaning	low_association	1	validation	plus	model_blind_selected			USF Appendix A	USF:Cue_Target_Pairs.P-R:912	path	trail		"[""p"", ""æ"", ""θ""]"	"[""t"", ""ɹ"", ""eɪ"", ""l""]"					0.17	0.248	4.390034152776474	4.283212515705202	4.336623334240838	3	4		1	1	77	39								0	0	1						path	trail	0.17	0.248
MEANING_0658	Meaning	low_association	1	validation	plus	model_blind_selected			USF Appendix A	USF:Cue_Target_Pairs.T-Z:8567	yield	stop		"[""j"", ""iː"", ""l"", ""d""]"	"[""s"", ""t"", ""ɑ"", ""p""]"					0.243	0.0	3.606297044271217	5.849588006377395	4.727942525324306	4	4		1	1	0	5089								0	0	1	unseen_phase1:yield					yield	stop	0.243	0.0
MEANING_0659	Meaning	low_association	1	validation	plus	model_blind_selected			USF Appendix A	USF:Cue_Target_Pairs.D-F:3716	drift	float		"[""d"", ""ɹ"", ""ɪ"", ""f"", ""t""]"	"[""f"", ""l"", ""oʊ"", ""t""]"					0.196	0.0	3.8069775765623497	3.873354799577683	3.8401661880700164	5	4		1	1	4	95								0	0	1						drift	float	0.196	0.0
MEANING_0660	Meaning	low_association	1	validation	plus	model_blind_selected			USF Appendix A	USF:Cue_Target_Pairs.D-F:7849	fig	leaf		"[""f"", ""ɪ"", ""ɡ""]"	"[""l"", ""iː"", ""f""]"					0.192	0.0	3.0848215134003176	3.7156756978388716	3.400248605619595	3	3		1	1	26	849								0	0	1						fig	leaf	0.192	0.0
MEANING_0661	Meaning	unrelated	0	validation	plus	model_blind_selected			USF Appendix A	USF:absent-both-directions	garage	freezer		"[""ɡ"", ""ə"", ""ɹ"", ""ɹ"", ""ɑ"", ""ʒ""]"	"[""f"", ""ɹ"", ""iː"", ""z"", ""ə"", ""ɹ""]"					0.0	0.0	4.4348192900209	3.7123855723918213	4.073602431206361	4	5		2	2	503	45								0	0	1						garage	freezer	0.0	0.0
MEANING_0662	Meaning	unrelated	0	validation	plus	model_blind_selected			USF Appendix A	USF:absent-both-directions	form	pour		"[""f"", ""ɔ"", ""ɹ"", ""m""]"	"[""p"", ""ɔ"", ""ɹ""]"					0.0	0.0	4.630886317506668	4.17948420195302	4.405185259729844	4	3		1	1	86	1107								0	0	1						form	pour	0.0	0.0
MEANING_0663	Meaning	unrelated	0	validation	plus	model_blind_selected			USF Appendix A	USF:absent-both-directions	rest	flutter		"[""ɹ"", ""ɛ"", ""s"", ""t""]"	"[""f"", ""l"", ""ʌ"", ""t"", ""ə"", ""ɹ""]"					0.0	0.0	5.328299637597617	2.935882500388251	4.132091068992934	4	5		1	2	1094	6								0	0	1						rest	flutter	0.0	0.0
MEANING_0664	Meaning	unrelated	0	validation	plus	model_blind_selected			USF Appendix A	USF:absent-both-directions	form	dresser		"[""f"", ""ɔ"", ""ɹ"", ""m""]"	"[""d"", ""ɹ"", ""ɛ"", ""s"", ""ə"", ""ɹ""]"					0.0	0.0	4.630886317506668	3.5525012118871384	4.091693764696903	4	5		1	2	86	64								0	0	1						form	dresser	0.0	0.0
MEANING_0665	Meaning	unrelated	0	validation	plus	model_blind_selected			USF Appendix A	USF:absent-both-directions	trot	spatula		"[""t"", ""ɹ"", ""ɑ"", ""t""]"	"[""s"", ""p"", ""æ"", ""t̠ʃ"", ""ə"", ""l"", ""ə""]"					0.0	0.0	3.256217651247619	3.040617850908264	3.1484177510779414	4	7		1	3	37	34								0	0	1						trot	spatula	0.0	0.0
MEANING_0666	Meaning	unrelated	0	validation	plus	model_blind_selected			USF Appendix A	USF:absent-both-directions	neck	crack		"[""n"", ""ɛ"", ""k""]"	"[""k"", ""ɹ"", ""æ"", ""k""]"					0.0	0.0	4.77458851931334	4.516444635274928	4.645516577294134	3	4		1	1	898	358								0	0	1						neck	crack	0.0	0.0
MEANING_0667	Meaning	unrelated	0	validation	plus	model_blind_selected			USF Appendix A	USF:absent-both-directions	rest	sickness		"[""ɹ"", ""ɛ"", ""s"", ""t""]"	"[""s"", ""ɪ"", ""k"", ""n"", ""ə"", ""s""]"					0.0	0.0	5.328299637597617	3.8998848471167324	4.614092242357175	4	6		1	2	1094	19								0	0	1						rest	sickness	0.0	0.0
MEANING_0668	Meaning	unrelated	0	validation	plus	model_blind_selected			USF Appendix A	USF:absent-both-directions	neck	fragile		"[""n"", ""ɛ"", ""k""]"	"[""f"", ""ɹ"", ""æ"", ""d̠ʒ"", ""ə"", ""l""]"					0.0	0.0	4.77458851931334	3.710731115221809	4.242659817267574	3	6		1	2	898	30								0	0	1						neck	fragile	0.0	0.0
MEANING_0669	Meaning	unrelated	0	validation	plus	model_blind_selected			USF Appendix A	USF:absent-both-directions	garage	funny		"[""ɡ"", ""ə"", ""ɹ"", ""ɹ"", ""ɑ"", ""ʒ""]"	"[""f"", ""ʌ"", ""n"", ""i""]"					0.0	0.0	4.4348192900209	5.338807911950337	4.886813600985619	4	4		2	2	503	4937								0	0	1						garage	funny	0.0	0.0
MEANING_0670	Meaning	unrelated	0	validation	plus	model_blind_selected			USF Appendix A	USF:absent-both-directions	garage	ass		"[""ɡ"", ""ə"", ""ɹ"", ""ɹ"", ""ɑ"", ""ʒ""]"	"[""æ"", ""s""]"					0.0	0.0	4.4348192900209	5.354823761155259	4.89482152558808	4	2		2	1	503	37								0	0	1						garage	ass	0.0	0.0
MEANING_0671	Meaning	unrelated	0	validation	plus	model_blind_selected			USF Appendix A	USF:absent-both-directions	form	attitude		"[""f"", ""ɔ"", ""ɹ"", ""m""]"	"[""æ"", ""t"", ""ɪ"", ""t"", ""uː"", ""d""]"					0.0	0.0	4.630886317506668	4.416281464869149	4.523583891187909	4	6		1	3	86	17								0	0	1						form	attitude	0.0	0.0
MEANING_0672	Meaning	unrelated	0	validation	plus	model_blind_selected			USF Appendix A	USF:absent-both-directions	trot	switch		"[""t"", ""ɹ"", ""ɑ"", ""t""]"	"[""s"", ""w"", ""ɪ"", ""t̠ʃ""]"					0.0	0.0	3.256217651247619	4.448978975233845	3.852598313240732	4	4		1	1	37	307								0	0	1						trot	switch	0.0	0.0
MEANING_0673	Meaning	unrelated	0	validation	plus	model_blind_selected			USF Appendix A	USF:absent-both-directions	neck	naive		"[""n"", ""ɛ"", ""k""]"	"[""n"", ""aɪ"", ""iː"", ""v""]"					0.0	0.0	4.77458851931334	3.809625721852038	4.292107120582689	3	4		1	2	898	0								0	0	1	unseen_phase1:naive					neck	naive	0.0	0.0
MEANING_0674	Meaning	unrelated	0	validation	plus	model_blind_selected			USF Appendix A	USF:absent-both-directions	form	backbone		"[""f"", ""ɔ"", ""ɹ"", ""m""]"	"[""b"", ""æ"", ""k"", ""b"", ""oʊ"", ""n""]"					0.0	0.0	4.630886317506668	3.2167091099639453	3.923797713735307	4	6		1	2	86	4								0	0	1						form	backbone	0.0	0.0
MEANING_0675	Meaning	unrelated	0	validation	plus	model_blind_selected			USF Appendix A	USF:absent-both-directions	rest	spy		"[""ɹ"", ""ɛ"", ""s"", ""t""]"	"[""s"", ""p"", ""aɪ""]"					0.0	0.0	5.328299637597617	4.302305457614224	4.815302547605921	4	3		1	1	1094	87								0	0	1						rest	spy	0.0	0.0
MEANING_0676	Meaning	unrelated	0	validation	plus	model_blind_selected			USF Appendix A	USF:absent-both-directions	rest	suitcase		"[""ɹ"", ""ɛ"", ""s"", ""t""]"	"[""s"", ""uː"", ""t"", ""k"", ""eɪ"", ""s""]"					0.0	0.0	5.328299637597617	4.1268505275835965	4.727575082590606	4	6		1	2	1094	302								0	0	1						rest	suitcase	0.0	0.0
MEANING_0677	Meaning	unrelated	0	validation	plus	model_blind_selected			USF Appendix A	USF:absent-both-directions	rest	hunting		"[""ɹ"", ""ɛ"", ""s"", ""t""]"	"[""h"", ""ʌ"", ""n"", ""t"", ""ɪ"", ""ŋ""]"					0.0	0.0	5.328299637597617	4.326255517855374	4.827277577726496	4	6		1	2	1094	106								0	0	1						rest	hunting	0.0	0.0
MEANING_0678	Meaning	unrelated	0	validation	plus	model_blind_selected			USF Appendix A	USF:absent-both-directions	trot	croak		"[""t"", ""ɹ"", ""ɑ"", ""t""]"	"[""k"", ""ɹ"", ""oʊ"", ""k""]"					0.0	0.0	3.256217651247619	3.063281835544208	3.1597497433959134	4	4		1	1	37	26								0	0	1						trot	croak	0.0	0.0
MEANING_0679	Meaning	unrelated	0	validation	plus	model_blind_selected			USF Appendix A	USF:absent-both-directions	garage	scoop		"[""ɡ"", ""ə"", ""ɹ"", ""ɹ"", ""ɑ"", ""ʒ""]"	"[""s"", ""k"", ""uː"", ""p""]"					0.0	0.0	4.4348192900209	3.7533276666586115	4.094073478339755	4	4		2	1	503	301								0	0	1						garage	scoop	0.0	0.0
MEANING_0680	Meaning	unrelated	0	validation	plus	model_blind_selected			USF Appendix A	USF:absent-both-directions	neck	ax		"[""n"", ""ɛ"", ""k""]"	"[""æ"", ""k"", ""s""]"					0.0	0.0	4.77458851931334	3.6368220975871743	4.205705308450257	3	3		1	1	898	97								0	0	1						neck	ax	0.0	0.0
MEANING_0681	Meaning	unrelated	0	validation	plus	model_blind_selected			USF Appendix A	USF:absent-both-directions	garage	spoil		"[""ɡ"", ""ə"", ""ɹ"", ""ɹ"", ""ɑ"", ""ʒ""]"	"[""s"", ""p"", ""ɔɪ"", ""l""]"					0.0	0.0	4.4348192900209	4.065484517266326	4.250151903643613	4	4		2	1	503	28								0	0	1						garage	spoil	0.0	0.0
MEANING_0682	Meaning	unrelated	0	validation	plus	model_blind_selected			USF Appendix A	USF:absent-both-directions	conscious	hope		"[""k"", ""ɑ"", ""n"", ""ʃ"", ""ə"", ""s""]"	"[""h"", ""oʊ"", ""p""]"					0.0	0.0	3.8327592986929373	5.506000702356682	4.66938000052481	6	3		2	1	13	1152								0	0	1						conscious	hope	0.0	0.0
MEANING_0683	Meaning	unrelated	0	validation	plus	model_blind_selected			USF Appendix A	USF:absent-both-directions	electrician	back		"[""ɪ"", ""l"", ""ɛ"", ""k"", ""t"", ""ɹ"", ""ɪ"", ""ʃ"", ""ə"", ""n""]"	"[""b"", ""æ"", ""k""]"					0.0	0.0	3.173243416182855	6.303013845143055	4.738128630662955	10	3		4	1	5	18502								0	0	1						electrician	back	0.0	0.0
MEANING_0684	Meaning	unrelated	0	validation	plus	model_blind_selected			USF Appendix A	USF:absent-both-directions	trot	tobacco		"[""t"", ""ɹ"", ""ɑ"", ""t""]"	"[""t"", ""ə"", ""b"", ""æ"", ""k"", ""oʊ""]"					0.0	0.0	3.256217651247619	3.843879821874939	3.550048736561279	4	6		1	3	37	12								0	0	1						trot	tobacco	0.0	0.0
MEANING_0685	Meaning	unrelated	0	validation	plus	model_blind_selected			USF Appendix A	USF:absent-both-directions	rest	think		"[""ɹ"", ""ɛ"", ""s"", ""t""]"	"[""θ"", ""ɪ"", ""ŋ"", ""k""]"					0.0	0.0	5.328299637597617	6.42997698247318	5.879138310035398	4	4		1	1	1094	35496								0	0	1						rest	think	0.0	0.0
MEANING_0686	Meaning	unrelated	0	validation	plus	model_blind_selected			USF Appendix A	USF:absent-both-directions	trot	clippers		"[""t"", ""ɹ"", ""ɑ"", ""t""]"	"[""k"", ""l"", ""ɪ"", ""p"", ""ə"", ""ɹ"", ""z""]"					0.0	0.0	3.256217651247619	3.048304679574555	3.152261165411087	4	6		1	2	37	23								0	0	1						trot	clippers	0.0	0.0
MEANING_0687	Meaning	unrelated	0	validation	plus	model_blind_selected			USF Appendix A	USF:absent-both-directions	trot	soda		"[""t"", ""ɹ"", ""ɑ"", ""t""]"	"[""s"", ""oʊ"", ""d"", ""ə""]"					0.0	0.0	3.256217651247619	4.297610336405844	3.7769139938267315	4	4		1	2	37	466								0	0	1						trot	soda	0.0	0.0
MEANING_0688	Meaning	unrelated	0	validation	plus	model_blind_selected			USF Appendix A	USF:absent-both-directions	garage	pawn		"[""ɡ"", ""ə"", ""ɹ"", ""ɹ"", ""ɑ"", ""ʒ""]"	"[""p"", ""ɔ"", ""n""]"					0.0	0.0	4.4348192900209	3.6368220975871743	4.0358206938040375	4	3		2	1	503	3								0	0	1						garage	pawn	0.0	0.0
MEANING_0689	Meaning	unrelated	0	validation	plus	model_blind_selected			USF Appendix A	USF:absent-both-directions	garage	pail		"[""ɡ"", ""ə"", ""ɹ"", ""ɹ"", ""ɑ"", ""ʒ""]"	"[""p"", ""eɪ"", ""l""]"					0.0	0.0	4.4348192900209	2.973671061277651	3.7042451756492754	4	3		2	1	503	184								0	0	1						garage	pail	0.0	0.0
MEANING_0690	Meaning	unrelated	0	validation	plus	model_blind_selected			USF Appendix A	USF:absent-both-directions	form	components		"[""f"", ""ɔ"", ""ɹ"", ""m""]"	"[""k"", ""ə"", ""m"", ""p"", ""oʊ"", ""n"", ""ə"", ""n"", ""t"", ""s""]"					0.0	0.0	4.630886317506668	3.2167091099639453	3.923797713735307	4	10		1	3	86	1								0	0	1						form	components	0.0	0.0
MEANING_0691	Meaning	unrelated	0	validation	plus	model_blind_selected			USF Appendix A	USF:absent-both-directions	conscious	over		"[""k"", ""ɑ"", ""n"", ""ʃ"", ""ə"", ""s""]"	"[""oʊ"", ""v"", ""ə"", ""ɹ""]"					0.0	0.0	3.8327592986929373	6.121656381961456	4.977207840327196	6	3		2	2	13	19086								0	0	1						conscious	over	0.0	0.0
MEANING_0692	Meaning	unrelated	0	validation	plus	model_blind_selected			USF Appendix A	USF:absent-both-directions	neck	time		"[""n"", ""ɛ"", ""k""]"	"[""t"", ""aɪ"", ""m""]"					0.0	0.0	4.77458851931334	6.291951837030967	5.533270178172154	3	3		1	1	898	11142								0	0	1						neck	time	0.0	0.0
MEANING_0693	Meaning	unrelated	0	validation	plus	model_blind_selected			USF Appendix A	USF:absent-both-directions	neck	modest		"[""n"", ""ɛ"", ""k""]"	"[""m"", ""ɑ"", ""d"", ""ɪ"", ""s"", ""t""]"					0.0	0.0	4.77458851931334	3.769551078621726	4.272069798967533	3	6		1	2	898	0								0	0	1	unseen_phase1:modest					neck	modest	0.0	0.0
MEANING_0694	Meaning	unrelated	0	validation	plus	model_blind_selected			USF Appendix A	USF:absent-both-directions	garage	sole		"[""ɡ"", ""ə"", ""ɹ"", ""ɹ"", ""ɑ"", ""ʒ""]"	"[""s"", ""oʊ"", ""l""]"					0.0	0.0	4.4348192900209	3.7205646179308527	4.077691953975876	4	3		2	1	503	7								0	0	1						garage	sole	0.0	0.0
MEANING_0695	Meaning	unrelated	0	validation	plus	model_blind_selected			USF Appendix A	USF:absent-both-directions	neck	amp		"[""n"", ""ɛ"", ""k""]"	"[""æ"", ""m"", ""p""]"					0.0	0.0	4.77458851931334	3.260912772455999	4.01775064588467	3	3		1	1	898	0								0	0	1	unseen_phase1:amp					neck	amp	0.0	0.0
MEANING_0696	Meaning	unrelated	0	validation	plus	model_blind_selected			USF Appendix A	USF:absent-both-directions	form	wisdom		"[""f"", ""ɔ"", ""ɹ"", ""m""]"	"[""w"", ""ɪ"", ""z"", ""d"", ""ə"", ""m""]"					0.0	0.0	4.630886317506668	4.044478271721502	4.337682294614085	4	6		1	2	86	6								0	0	1						form	wisdom	0.0	0.0
MEANING_0697	Meaning	unrelated	0	validation	plus	model_blind_selected			USF Appendix A	USF:absent-both-directions	conscious	noose		"[""k"", ""ɑ"", ""n"", ""ʃ"", ""ə"", ""s""]"	"[""n"", ""uː"", ""s""]"					0.0	0.0	3.8327592986929373	3.337752802688721	3.585256050690829	6	3		2	1	13	0								0	0	1	unseen_phase1:noose					conscious	noose	0.0	0.0
MEANING_0698	Meaning	unrelated	0	validation	plus	model_blind_selected			USF Appendix A	USF:absent-both-directions	rest	lesson		"[""ɹ"", ""ɛ"", ""s"", ""t""]"	"[""l"", ""ɛ"", ""s"", ""ə"", ""n""]"					0.0	0.0	5.328299637597617	4.508331637106095	4.918315637351856	4	5		1	2	1094	62								0	0	1						rest	lesson	0.0	0.0
MEANING_0699	Meaning	unrelated	0	validation	plus	model_blind_selected			USF Appendix A	USF:absent-both-directions	neck	cute		"[""n"", ""ɛ"", ""k""]"	"[""k"", ""j"", ""uː"", ""t""]"					0.0	0.0	4.77458851931334	4.943222863553995	4.858905691433668	3	4		1	1	898	1867								0	0	1						neck	cute	0.0	0.0
MEANING_0700	Meaning	unrelated	0	validation	plus	model_blind_selected			USF Appendix A	USF:absent-both-directions	form	mellow		"[""f"", ""ɔ"", ""ɹ"", ""m""]"	"[""m"", ""ɛ"", ""l"", ""oʊ""]"					0.0	0.0	4.630886317506668	3.4771212547196626	4.0540037861131655	4	4		1	2	86	3								0	0	1						form	mellow	0.0	0.0
MEANING_0701	Meaning	unrelated	0	validation	plus	model_blind_selected			USF Appendix A	USF:absent-both-directions	form	bashful		"[""f"", ""ɔ"", ""ɹ"", ""m""]"	"[""b"", ""æ"", ""ʃ"", ""f"", ""ə"", ""l""]"					0.0	0.0	4.630886317506668	3.0917703733556454	3.861328345431157	4	6		1	2	86	16								0	0	1						form	bashful	0.0	0.0
MEANING_0702	Meaning	unrelated	0	validation	plus	model_blind_selected			USF Appendix A	USF:absent-both-directions	neck	worthless		"[""n"", ""ɛ"", ""k""]"	"[""w"", ""ɜː"", ""θ"", ""l"", ""ə"", ""s""]"					0.0	0.0	4.77458851931334	3.9672909646398753	4.370939741976608	3	6		1	2	898	3								0	0	1						neck	worthless	0.0	0.0
MEANING_0703	Meaning	unrelated	0	validation	plus	model_blind_selected			USF Appendix A	USF:absent-both-directions	form	brat		"[""f"", ""ɔ"", ""ɹ"", ""m""]"	"[""b"", ""ɹ"", ""æ"", ""t""]"					0.0	0.0	4.630886317506668	3.7934890861198154	4.212187701813242	4	4		1	1	86	20								0	0	1						form	brat	0.0	0.0
MEANING_0704	Meaning	unrelated	0	validation	plus	model_blind_selected			USF Appendix A	USF:absent-both-directions	rest	sap		"[""ɹ"", ""ɛ"", ""s"", ""t""]"	"[""s"", ""æ"", ""p""]"					0.0	0.0	5.328299637597617	3.542849826210958	4.435574731904287	4	3		1	1	1094	6								0	0	1						rest	sap	0.0	0.0
MEANING_0705	Meaning	unrelated	0	validation	plus	model_blind_selected			USF Appendix A	USF:absent-both-directions	neck	league		"[""n"", ""ɛ"", ""k""]"	"[""l"", ""iː"", ""ɡ""]"					0.0	0.0	4.77458851931334	4.270153429190911	4.522370974252126	3	3		1	1	898	17								0	0	1						neck	league	0.0	0.0
MEANING_0706	Meaning	unrelated	0	validation	plus	model_blind_selected			USF Appendix A	USF:absent-both-directions	trot	deal		"[""t"", ""ɹ"", ""ɑ"", ""t""]"	"[""d"", ""iː"", ""l""]"					0.0	0.0	3.256217651247619	5.4172599733159235	4.336738812281771	4	3		1	1	37	276								0	0	1						trot	deal	0.0	0.0
MEANING_0707	Meaning	unrelated	0	validation	plus	model_blind_selected			USF Appendix A	USF:absent-both-directions	garage	hooked		"[""ɡ"", ""ə"", ""ɹ"", ""ɹ"", ""ɑ"", ""ʒ""]"	"[""h"", ""ʊ"", ""k"", ""t""]"					0.0	0.0	4.4348192900209	4.1178559416698866	4.276337615845393	4	4		2	1	503	96								0	0	1						garage	hooked	0.0	0.0
MEANING_0708	Meaning	unrelated	0	validation	plus	model_blind_selected			USF Appendix A	USF:absent-both-directions	neck	neighbor		"[""n"", ""ɛ"", ""k""]"	"[""n"", ""eɪ"", ""b"", ""ə"", ""ɹ""]"					0.0	0.0	4.77458851931334	4.228943566380957	4.501766042847149	3	4		1	2	898	80								0	0	1						neck	neighbor	0.0	0.0
MEANING_0709	Meaning	unrelated	0	validation	plus	model_blind_selected			USF Appendix A	USF:absent-both-directions	garage	tote		"[""ɡ"", ""ə"", ""ɹ"", ""ɹ"", ""ɑ"", ""ʒ""]"	"[""t"", ""oʊ"", ""t""]"					0.0	0.0	4.4348192900209	3.0327925133963074	3.7338059017086036	4	3		2	1	503	2								0	0	1						garage	tote	0.0	0.0
MEANING_0710	Meaning	unrelated	0	validation	plus	model_blind_selected			USF Appendix A	USF:absent-both-directions	garage	march		"[""ɡ"", ""ə"", ""ɹ"", ""ɹ"", ""ɑ"", ""ʒ""]"	"[""m"", ""ɑ"", ""ɹ"", ""t̠ʃ""]"					0.0	0.0	4.4348192900209	4.380565912602615	4.407692601311757	4	4		2	1	503	287								0	0	1						garage	march	0.0	0.0
MEANING_0711	Meaning	unrelated	0	validation	plus	model_blind_selected			USF Appendix A	USF:absent-both-directions	trot	stomach		"[""t"", ""ɹ"", ""ɑ"", ""t""]"	"[""s"", ""t"", ""ʌ"", ""m"", ""ə"", ""k""]"					0.0	0.0	3.256217651247619	4.5292189233113564	3.8927182872794877	4	6		1	2	37	491								0	0	1						trot	stomach	0.0	0.0
MEANING_0712	Meaning	unrelated	0	validation	plus	model_blind_selected			USF Appendix A	USF:absent-both-directions	trot	rummy		"[""t"", ""ɹ"", ""ɑ"", ""t""]"	"[""ɹ"", ""ʌ"", ""m"", ""i""]"					0.0	0.0	3.256217651247619	3.16166154363304	3.208939597440329	4	4		1	2	37	2								0	0	1						trot	rummy	0.0	0.0
MEANING_0713	Meaning	unrelated	0	validation	plus	model_blind_selected			USF Appendix A	USF:absent-both-directions	form	bridge		"[""f"", ""ɔ"", ""ɹ"", ""m""]"	"[""b"", ""ɹ"", ""ɪ"", ""d̠ʒ""]"					0.0	0.0	4.630886317506668	4.65997209742264	4.645429207464654	4	4		1	1	86	735								0	0	1						form	bridge	0.0	0.0
MEANING_0714	Meaning	unrelated	0	validation	plus	model_blind_selected			USF Appendix A	USF:absent-both-directions	neck	blush		"[""n"", ""ɛ"", ""k""]"	"[""b"", ""l"", ""ʌ"", ""ʃ""]"					0.0	0.0	4.77458851931334	3.425968732272281	4.100278625792811	3	4		1	1	898	6								0	0	1						neck	blush	0.0	0.0
MEANING_0715	Meaning	unrelated	0	validation	plus	model_blind_selected			USF Appendix A	USF:absent-both-directions	neck	motor		"[""n"", ""ɛ"", ""k""]"	"[""m"", ""oʊ"", ""t"", ""ə"", ""ɹ""]"					0.0	0.0	4.77458851931334	4.119152344071056	4.446870431692198	3	4		1	2	898	377								0	0	1						neck	motor	0.0	0.0
MEANING_0716	Meaning	unrelated	0	validation	plus	model_blind_selected			USF Appendix A	USF:absent-both-directions	form	thermometer		"[""f"", ""ɔ"", ""ɹ"", ""m""]"	"[""θ"", ""ɜː"", ""m"", ""ɑ"", ""m"", ""ɪ"", ""t"", ""ə"", ""ɹ""]"					0.0	0.0	4.630886317506668	3.3416478465722452	3.986267082039457	4	8		1	4	86	37								0	0	1						form	thermometer	0.0	0.0
MEANING_0717	Meaning	unrelated	0	validation	plus	model_blind_selected			USF Appendix A	USF:absent-both-directions	trot	obtain		"[""t"", ""ɹ"", ""ɑ"", ""t""]"	"[""ə"", ""b"", ""t"", ""eɪ"", ""n""]"					0.0	0.0	3.256217651247619	3.5711834248548926	3.4137005380512555	4	5		1	2	37	1								0	0	1						trot	obtain	0.0	0.0
MEANING_0718	Meaning	unrelated	0	validation	plus	model_blind_selected			USF Appendix A	USF:absent-both-directions	rest	fond		"[""ɹ"", ""ɛ"", ""s"", ""t""]"	"[""f"", ""ɑ"", ""n"", ""d""]"					0.0	0.0	5.328299637597617	4.091080469347332	4.709690053472475	4	4		1	1	1094	19								0	0	1						rest	fond	0.0	0.0
MEANING_0719	Meaning	unrelated	0	validation	plus	model_blind_selected			USF Appendix A	USF:absent-both-directions	garage	tax		"[""ɡ"", ""ə"", ""ɹ"", ""ɹ"", ""ɑ"", ""ʒ""]"	"[""t"", ""æ"", ""k"", ""s""]"					0.0	0.0	4.4348192900209	4.162833729181091	4.298826509600995	4	4		2	1	503	3								0	0	1						garage	tax	0.0	0.0
MEANING_0720	Meaning	unrelated	0	validation	plus	model_blind_selected			USF Appendix A	USF:absent-both-directions	trot	consider		"[""t"", ""ɹ"", ""ɑ"", ""t""]"	"[""k"", ""ə"", ""n"", ""s"", ""ɪ"", ""d"", ""ə"", ""ɹ""]"					0.0	0.0	3.256217651247619	4.719915932997849	3.988066792122734	4	7		1	3	37	8								0	0	1						trot	consider	0.0	0.0
MEANING_0721	Meaning	unrelated	0	validation	plus	model_blind_selected			USF Appendix A	USF:absent-both-directions	garage	pump		"[""ɡ"", ""ə"", ""ɹ"", ""ɹ"", ""ɑ"", ""ʒ""]"	"[""p"", ""ʌ"", ""m"", ""p""]"					0.0	0.0	4.4348192900209	4.101989538537332	4.268404414279116	4	4		2	1	503	95								0	0	1						garage	pump	0.0	0.0
MEANING_0722	Meaning	unrelated	0	validation	plus	model_blind_selected			USF Appendix A	USF:absent-both-directions	trot	rope		"[""t"", ""ɹ"", ""ɑ"", ""t""]"	"[""ɹ"", ""oʊ"", ""p""]"					0.0	0.0	3.256217651247619	4.356138383293481	3.80617801727055	4	3		1	1	37	425								0	0	1						trot	rope	0.0	0.0
MEANING_0723	Meaning	unrelated	0	validation	plus	model_blind_selected			USF Appendix A	USF:absent-both-directions	neck	humor		"[""n"", ""ɛ"", ""k""]"	"[""h"", ""j"", ""uː"", ""m"", ""ə"", ""ɹ""]"					0.0	0.0	4.77458851931334	4.2213375141460165	4.4979630167296785	3	5		1	2	898	19								0	0	1						neck	humor	0.0	0.0
MEANING_0724	Meaning	unrelated	0	validation	plus	model_blind_selected			USF Appendix A	USF:absent-both-directions	conscious	grief		"[""k"", ""ɑ"", ""n"", ""ʃ"", ""ə"", ""s""]"	"[""ɡ"", ""ɹ"", ""iː"", ""f""]"					0.0	0.0	3.8327592986929373	4.034368901631263	3.9335641001621	6	4		2	1	13	10								0	0	1						conscious	grief	0.0	0.0
MEANING_0725	Meaning	unrelated	0	validation	plus	model_blind_selected			USF Appendix A	USF:absent-both-directions	conscious	some		"[""k"", ""ɑ"", ""n"", ""ʃ"", ""ə"", ""s""]"	"[""s"", ""ʌ"", ""m""]"					0.0	0.0	3.8327592986929373	6.2373515037379	5.035055401215418	6	3		2	1	13	33937								0	0	1						conscious	some	0.0	0.0
MEANING_0726	Meaning	unrelated	0	validation	plus	model_blind_selected			USF Appendix A	USF:absent-both-directions	rest	fan		"[""ɹ"", ""ɛ"", ""s"", ""t""]"	"[""f"", ""æ"", ""n""]"					0.0	0.0	5.328299637597617	4.54576782922817	4.9370337334128935	4	3		1	1	1094	260								0	0	1						rest	fan	0.0	0.0
MEANING_0727	Meaning	unrelated	0	validation	plus	model_blind_selected			USF Appendix A	USF:absent-both-directions	electrician	chew		"[""ɪ"", ""l"", ""ɛ"", ""k"", ""t"", ""ɹ"", ""ɪ"", ""ʃ"", ""ə"", ""n""]"	"[""t̠ʃ"", ""uː""]"					0.0	0.0	3.173243416182855	3.957071799458189	3.565157607820522	10	2		4	1	5	1069								0	0	1						electrician	chew	0.0	0.0
MEANING_0728	Meaning	unrelated	0	validation	plus	model_blind_selected			USF Appendix A	USF:absent-both-directions	addiction	laws		"[""ə"", ""d"", ""ɪ"", ""k"", ""ʃ"", ""ə"", ""n""]"	"[""l"", ""ɔ"", ""z""]"					0.0	0.0	3.59128290031177	4.230949549078556	3.9111162246951627	7	3		3	1	0	7								0	0	1	unseen_phase1:addiction					addiction	laws	0.0	0.0
MEANING_0729	Meaning	unrelated	0	validation	plus	model_blind_selected			USF Appendix A	USF:absent-both-directions	neck	waves		"[""n"", ""ɛ"", ""k""]"	"[""w"", ""eɪ"", ""v"", ""z""]"					0.0	0.0	4.77458851931334	4.121089720437384	4.447839119875362	3	4		1	1	898	115								0	0	1						neck	waves	0.0	0.0
MEANING_0730	Meaning	unrelated	0	validation	plus	model_blind_selected			USF Appendix A	USF:absent-both-directions	garage	correct		"[""ɡ"", ""ə"", ""ɹ"", ""ɹ"", ""ɑ"", ""ʒ""]"	"[""k"", ""ə"", ""ɹ"", ""ɹ"", ""ɛ"", ""k"", ""t""]"					0.0	0.0	4.4348192900209	4.6526444371974165	4.543731863609159	4	5		2	2	503	83								0	0	1						garage	correct	0.0	0.0
MEANING_0731	Meaning	unrelated	0	validation	plus	model_blind_selected			USF Appendix A	USF:absent-both-directions	garage	need		"[""ɡ"", ""ə"", ""ɹ"", ""ɹ"", ""ɑ"", ""ʒ""]"	"[""n"", ""iː"", ""d""]"					0.0	0.0	4.4348192900209	6.11223688849282	5.27352808925686	4	3		2	1	503	10496								0	0	1						garage	need	0.0	0.0
MEANING_0732	Meaning	unrelated	0	validation	plus	model_blind_selected			USF Appendix A	USF:absent-both-directions	neck	hip		"[""n"", ""ɛ"", ""k""]"	"[""h"", ""ɪ"", ""p""]"					0.0	0.0	4.77458851931334	4.187852369941472	4.4812204446274055	3	3		1	1	898	95								0	0	1						neck	hip	0.0	0.0
MEANING_0733	Meaning	unrelated	0	validation	plus	model_blind_selected			USF Appendix A	USF:absent-both-directions	rest	wide		"[""ɹ"", ""ɛ"", ""s"", ""t""]"	"[""w"", ""aɪ"", ""d""]"					0.0	0.0	5.328299637597617	4.376648510641303	4.85247407411946	4	3		1	1	1094	343								0	0	1						rest	wide	0.0	0.0
MEANING_0734	Meaning	unrelated	0	validation	plus	model_blind_selected			USF Appendix A	USF:absent-both-directions	neck	fuzzy		"[""n"", ""ɛ"", ""k""]"	"[""f"", ""ʌ"", ""z"", ""i""]"					0.0	0.0	4.77458851931334	3.765186273219276	4.269887396266308	3	4		1	2	898	452								0	0	1						neck	fuzzy	0.0	0.0
MEANING_0735	Meaning	unrelated	0	validation	plus	model_blind_selected			USF Appendix A	USF:absent-both-directions	neck	siren		"[""n"", ""ɛ"", ""k""]"	"[""s"", ""aɪ"", ""ɹ"", ""ə"", ""n""]"					0.0	0.0	4.77458851931334	3.816176290713628	4.295382405013484	3	5		1	2	898	76								0	0	1						neck	siren	0.0	0.0
MEANING_0736	Meaning	unrelated	0	validation	plus	model_blind_selected			USF Appendix A	USF:absent-both-directions	garage	deal		"[""ɡ"", ""ə"", ""ɹ"", ""ɹ"", ""ɑ"", ""ʒ""]"	"[""d"", ""iː"", ""l""]"					0.0	0.0	4.4348192900209	5.4172599733159235	4.926039631668411	4	3		2	1	503	276								0	0	1						garage	deal	0.0	0.0
MEANING_0737	Meaning	unrelated	0	validation	plus	model_blind_selected			USF Appendix A	USF:absent-both-directions	rest	cord		"[""ɹ"", ""ɛ"", ""s"", ""t""]"	"[""k"", ""ɔ"", ""ɹ"", ""d""]"					0.0	0.0	5.328299637597617	3.846312850545938	4.587306244071778	4	4		1	1	1094	191								0	0	1						rest	cord	0.0	0.0
MEANING_0738	Meaning	unrelated	0	validation	plus	model_blind_selected			USF Appendix A	USF:absent-both-directions	neck	fairy		"[""n"", ""ɛ"", ""k""]"	"[""f"", ""ɛ"", ""ɹ"", ""i""]"					0.0	0.0	4.77458851931334	4.222359383986651	4.498473951649996	3	4		1	2	898	182								0	0	1						neck	fairy	0.0	0.0
MEANING_0739	Meaning	unrelated	0	validation	plus	model_blind_selected			USF Appendix A	USF:absent-both-directions	rest	gain		"[""ɹ"", ""ɛ"", ""s"", ""t""]"	"[""ɡ"", ""eɪ"", ""n""]"					0.0	0.0	5.328299637597617	4.13752786391632	4.7329137507569685	4	3		1	1	1094	21								0	0	1						rest	gain	0.0	0.0
MEANING_0740	Meaning	unrelated	0	validation	plus	model_blind_selected			USF Appendix A	USF:absent-both-directions	trot	peel		"[""t"", ""ɹ"", ""ɑ"", ""t""]"	"[""p"", ""iː"", ""l""]"					0.0	0.0	3.256217651247619	3.7285924709428198	3.4924050610952193	4	3		1	1	37	356								0	0	1						trot	peel	0.0	0.0
MEANING_0741	Meaning	high_association	1	test	plus	model_blind_selected			USF Appendix A	USF:Cue_Target_Pairs.S:1580	seed	plant		"[""s"", ""iː"", ""d""]"	"[""p"", ""l"", ""æ"", ""n"", ""t""]"					0.436	0.039	3.8790171285738184	4.441032478708157	4.160024803640988	3	5		1	1	265	501								0	0	1						seed	plant	0.436	0.039
MEANING_0742	Meaning	high_association	1	test	plus	model_blind_selected			USF Appendix A	USF:Cue_Target_Pairs.P-R:1344	pen	pencil		"[""p"", ""ɛ"", ""n""]"	"[""p"", ""ɛ"", ""n"", ""s"", ""ə"", ""l""]"					0.594	0.476	4.393144910475145	3.993997808957991	4.193571359716568	3	6		1	2	1247	1426								0	0	1						pen	pencil	0.594	0.476
MEANING_0743	Meaning	high_association	1	test	plus	model_blind_selected			USF Appendix A	USF:Cue_Target_Pairs.L-O:4870	mink	coat		"[""m"", ""ɪ"", ""ŋ"", ""k""]"	"[""k"", ""oʊ"", ""t""]"					0.517	0.014	3.568891628075308	4.624059541531996	4.0964755848036525	4	3		1	1	2	1029								0	0	1						mink	coat	0.517	0.014
MEANING_0744	Meaning	high_association	1	test	plus	model_blind_selected			USF Appendix A	USF:Cue_Target_Pairs.D-F:1095	denim	jeans		"[""d"", ""ɛ"", ""n"", ""ɪ"", ""m""]"	"[""d̠ʒ"", ""iː"", ""n"", ""z""]"					0.815	0.047	2.8109437637799513	3.8200597247734023	3.315501744276677	5	4		2	1	0	111								0	0	1	unseen_phase1:denim					denim	jeans	0.815	0.047
MEANING_0745	Meaning	high_association	1	test	plus	model_blind_selected			USF Appendix A	USF:Cue_Target_Pairs.L-O:1425	lime	lemon		"[""l"", ""aɪ"", ""m""]"	"[""l"", ""ɛ"", ""m"", ""ə"", ""n""]"					0.573	0.429	3.5177391056279266	4.079890298420478	3.7988147020242025	3	5		1	2	39	295								0	0	1						lime	lemon	0.573	0.429
MEANING_0746	Meaning	high_association	1	test	plus	model_blind_selected			USF Appendix A	USF:Cue_Target_Pairs.A-B:7781	buckle	belt		"[""b"", ""ʌ"", ""k"", ""ə"", ""l""]"	"[""b"", ""ɛ"", ""l"", ""t""]"					0.667	0.213	3.7023629472333583	4.386551419742625	4.044457183487992	5	4		2	1	191	538								0	0	1						buckle	belt	0.667	0.213
MEANING_0747	Meaning	high_association	1	test	plus	model_blind_selected			USF Appendix A	USF:Cue_Target_Pairs.P-R:6100	quench	thirst		"[""k"", ""w"", ""ɛ"", ""n"", ""t̠ʃ""]"	"[""θ"", ""ɜː"", ""s"", ""t""]"					0.815	0.097	2.7975798022219696	3.5711834248548926	3.184381613538431	5	4		1	1	2	9								0	0	1						quench	thirst	0.815	0.097
MEANING_0748	Meaning	high_association	1	test	plus	model_blind_selected			USF Appendix A	USF:Cue_Target_Pairs.P-R:6880	ready	go		"[""ɹ"", ""ɛ"", ""d"", ""i""]"	"[""ɡ"", ""oʊ""]"					0.415	0.0	5.588612196457499	6.578987332834114	6.083799764645806	4	2		2	1	6569	63730								0	0	1						ready	go	0.415	0.0
MEANING_0749	Meaning	high_association	1	test	plus	model_blind_selected			USF Appendix A	USF:Cue_Target_Pairs.A-B:7257	brawl	fight		"[""b"", ""ɹ"", ""ɔ"", ""l""]"	"[""f"", ""aɪ"", ""t""]"					0.8	0.0	3.325853579389013	5.303365488606449	4.314609533997731	4	3		1	1	1	624								0	0	1						brawl	fight	0.8	0.0
MEANING_0750	Meaning	high_association	1	test	plus	model_blind_selected			USF Appendix A	USF:Cue_Target_Pairs.D-F:10178	fudge	chocolate		"[""f"", ""ʌ"", ""d̠ʒ""]"	"[""t̠ʃ"", ""ɑ"", ""k"", ""l"", ""ə"", ""t""]"					0.517	0.014	3.5596015523050775	4.468231456750344	4.01391650452771	3	6		1	2	58	2771								0	0	1						fudge	chocolate	0.517	0.014
MEANING_0751	Meaning	high_association	1	test	plus	model_blind_selected			USF Appendix A	USF:Cue_Target_Pairs.G-K:3007	harp	music		"[""h"", ""ɑ"", ""ɹ"", ""p""]"	"[""m"", ""j"", ""uː"", ""z"", ""ɪ"", ""k""]"					0.412	0.0	3.4195346222668714	5.18083399163911	4.300184306952991	4	6		1	2	39	1133								0	0	1						harp	music	0.412	0.0
MEANING_0752	Meaning	high_association	1	test	plus	model_blind_selected			USF Appendix A	USF:Cue_Target_Pairs.L-O:4820	miner	coal		"[""m"", ""aɪ"", ""n"", ""ə"", ""ɹ""]"	"[""k"", ""oʊ"", ""l""]"					0.5	0.051	3.16166154363304	3.817474630938909	3.4895680872859742	4	3		2	1	5	78								0	0	1						miner	coal	0.5	0.051
MEANING_0753	Meaning	high_association	1	test	plus	model_blind_selected			USF Appendix A	USF:Cue_Target_Pairs.A-B:6762	borrow	lend		"[""b"", ""ɑ"", ""ɹ"", ""oʊ""]"	"[""l"", ""ɛ"", ""n"", ""d""]"					0.41	0.554	4.467071016562512	4.066946789630613	4.2670089030965626	4	4		2	1	114	11								0	0	1						borrow	lend	0.41	0.554
MEANING_0754	Meaning	high_association	1	test	plus	model_blind_selected			USF Appendix A	USF:Cue_Target_Pairs.D-F:357	daughter	son		"[""d"", ""ɔ"", ""t"", ""ə"", ""ɹ""]"	"[""s"", ""ʌ"", ""n""]"					0.444	0.586	5.233891563249394	5.613593120662743	5.423742341956068	4	3		2	1	267	402								0	0	1						daughter	son	0.444	0.586
MEANING_0755	Meaning	high_association	1	test	plus	model_blind_selected			USF Appendix A	USF:Cue_Target_Pairs.P-R:9888	rye	bread		"[""ɹ"", ""aɪ""]"	"[""b"", ""ɹ"", ""ɛ"", ""d""]"					0.791	0.0	3.618765684830815	4.45229767099463	4.035531677912722	2	4		1	1	24	2628								0	0	1						rye	bread	0.791	0.0
MEANING_0756	Meaning	high_association	1	test	plus	model_blind_selected			USF Appendix A	USF:Cue_Target_Pairs.D-F:4070	dune	sand		"[""d"", ""uː"", ""n""]"	"[""s"", ""æ"", ""n"", ""d""]"					0.568	0.016	3.0	4.307370173695	3.6536850868475	3	4		1	1	46	645								0	0	1						dune	sand	0.568	0.016
MEANING_0757	Meaning	high_association	1	test	plus	model_blind_selected			USF Appendix A	USF:Cue_Target_Pairs.D-F:7	dagger	knife		"[""d"", ""æ"", ""ɡ"", ""ə"", ""ɹ""]"	"[""n"", ""aɪ"", ""f""]"					0.614	0.0	3.6921035453831017	4.670282242908819	4.18119289414596	4	3		2	1	0	903								0	0	1	unseen_phase1:dagger					dagger	knife	0.614	0.0
MEANING_0758	Meaning	high_association	1	test	plus	model_blind_selected			USF Appendix A	USF:Cue_Target_Pairs.L-O:8339	oodles	noodles		"[""uː"", ""d"", ""ə"", ""l"", ""z""]"	"[""n"", ""uː"", ""d"", ""ə"", ""l"", ""z""]"					0.455	0.039	2.6541576599196564	3.7823883033268983	3.2182729816232776	5	6		2	2	1	310								0	0	1						oodles	noodles	0.455	0.039
MEANING_0759	Meaning	high_association	1	test	plus	model_blind_selected			USF Appendix A	USF:Cue_Target_Pairs.L-O:5360	molecule	atom		"[""m"", ""ɑ"", ""l"", ""ɪ"", ""k"", ""j"", ""uː"", ""l""]"	"[""æ"", ""t"", ""ə"", ""m""]"					0.46	0.092	2.894489815230026	3.4385578595803015	3.1665238374051636	8	4		3	2	0	1								0	0	1	unseen_phase1:molecule					molecule	atom	0.46	0.092
MEANING_0760	Meaning	high_association	1	test	plus	model_blind_selected			USF Appendix A	USF:Cue_Target_Pairs.T-Z:6220	wag	tail		"[""w"", ""æ"", ""ɡ""]"	"[""t"", ""eɪ"", ""l""]"					0.68	0.048	2.7074031718728815	4.3784335295204455	3.5429183506966635	3	3		1	1	53	2069								0	0	1						wag	tail	0.68	0.048
MEANING_0761	Meaning	high_association	1	test	plus	model_blind_selected			USF Appendix A	USF:Cue_Target_Pairs.S:5669	splinter	wood		"[""s"", ""p"", ""l"", ""ɪ"", ""n"", ""t"", ""ə"", ""ɹ""]"	"[""w"", ""ʊ"", ""d""]"					0.534	0.018	3.167491087293764	4.431363764158988	3.7994274257263756	7	3		2	1	134	852								0	0	1						splinter	wood	0.534	0.018
MEANING_0762	Meaning	high_association	1	test	plus	model_blind_selected			USF Appendix A	USF:Cue_Target_Pairs.C:2560	choose	pick		"[""t̠ʃ"", ""uː"", ""z""]"	"[""p"", ""ɪ"", ""k""]"					0.439	0.304	4.681773135154142	5.297524498974612	4.989648817064377	3	3		1	1	283	4409								0	0	1						choose	pick	0.439	0.304
MEANING_0763	Meaning	high_association	1	test	plus	model_blind_selected			USF Appendix A	USF:Cue_Target_Pairs.D-F:7072	famine	hunger		"[""f"", ""æ"", ""m"", ""ɪ"", ""n""]"	"[""h"", ""ʌ"", ""ŋ"", ""ɡ"", ""ə"", ""ɹ""]"					0.452	0.0	3.2009148427807133	3.769551078621726	3.48523296070122	5	5		2	2	1	5								0	0	1						famine	hunger	0.452	0.0
MEANING_0764	Meaning	high_association	1	test	plus	model_blind_selected			USF Appendix A	USF:Cue_Target_Pairs.P-R:7872	remove	take		"[""ɹ"", ""ɪ"", ""m"", ""uː"", ""v""]"	"[""t"", ""eɪ"", ""k""]"					0.446	0.0	4.327459106104431	6.276700535180079	5.3020798206422555	5	3		2	1	19	17928								0	0	1						remove	take	0.446	0.0
MEANING_0765	Meaning	high_association	1	test	plus	model_blind_selected			USF Appendix A	USF:Cue_Target_Pairs.G-K:4185	hive	bee		"[""h"", ""aɪ"", ""v""]"	"[""b"", ""iː""]"					0.809	0.173	2.9913998282380825	4.015063746435876	3.503231787336979	3	2		1	1	30	1478								0	0	1						hive	bee	0.809	0.173
MEANING_0766	Meaning	high_association	1	test	plus	model_blind_selected			USF Appendix A	USF:Cue_Target_Pairs.D-F:7709	feud	fight		"[""f"", ""j"", ""uː"", ""d""]"	"[""f"", ""aɪ"", ""t""]"					0.652	0.0	3.1119737594439325	5.303365488606449	4.207669624025191	4	3		1	1	0	624								0	0	1	unseen_phase1:feud					feud	fight	0.652	0.0
MEANING_0767	Meaning	high_association	1	test	plus	model_blind_selected			USF Appendix A	USF:Cue_Target_Pairs.L-O:2418	lumber	wood		"[""l"", ""ʌ"", ""m"", ""b"", ""ə"", ""ɹ""]"	"[""w"", ""ʊ"", ""d""]"					0.596	0.0	3.3928003690196267	4.431363764158988	3.9120820665893072	5	3		2	1	39	852								0	0	1						lumber	wood	0.596	0.0
MEANING_0768	Meaning	high_association	1	test	plus	model_blind_selected			USF Appendix A	USF:Cue_Target_Pairs.S:6823	stench	smell		"[""s"", ""t"", ""ɛ"", ""n"", ""t̠ʃ""]"	"[""s"", ""m"", ""ɛ"", ""l""]"					0.562	0.0	3.3455082673854832	4.919795680494796	4.13265197394014	5	4		1	1	2	1018								0	0	1						stench	smell	0.562	0.0
MEANING_0769	Meaning	high_association	1	test	plus	model_blind_selected			USF Appendix A	USF:Cue_Target_Pairs.G-K:6509	instructor	teacher		"[""ɪ"", ""n"", ""s"", ""t"", ""ɹ"", ""ʌ"", ""k"", ""t"", ""ə"", ""ɹ""]"	"[""t"", ""iː"", ""t̠ʃ"", ""ə"", ""ɹ""]"					0.566	0.074	3.6726410656136697	4.746053897493515	4.209347481553593	9	4		3	2	9	1306								0	0	1						instructor	teacher	0.566	0.074
MEANING_0770	Meaning	high_association	1	test	plus	model_blind_selected			USF Appendix A	USF:Cue_Target_Pairs.T-Z:3440	trousers	pants		"[""t"", ""ɹ"", ""aʊ"", ""s"", ""ə"", ""ɹ"", ""z""]"	"[""p"", ""æ"", ""n"", ""t"", ""s""]"					0.846	0.0	3.7123855723918213	4.768971632929492	4.240678602660656	6	5		2	1	10	2008								0	0	1						trousers	pants	0.846	0.0
MEANING_0771	Meaning	high_association	1	test	plus	model_blind_selected			USF Appendix A	USF:Cue_Target_Pairs.T-Z:8184	worse	better		"[""w"", ""ɜː"", ""s""]"	"[""b"", ""ɛ"", ""t"", ""ə"", ""ɹ""]"					0.403	0.435	4.991573511296547	5.899820502427096	5.445697006861822	3	4		1	2	127	6585								0	0	1						worse	better	0.403	0.435
MEANING_0772	Meaning	high_association	1	test	plus	model_blind_selected			USF Appendix A	USF:Cue_Target_Pairs.T-Z:8620	you	me		"[""j"", ""uː""]"	"[""m"", ""iː""]"					0.701	0.5	7.6217693187691165	6.965763199974124	7.293766259371621	2	2		1	1	405238	65148								0	0	1						you	me	0.701	0.5
MEANING_0773	Meaning	high_association	1	test	plus	model_blind_selected			USF Appendix A	USF:Cue_Target_Pairs.G-K:664	giggle	laugh		"[""ɡ"", ""ɪ"", ""ɡ"", ""ə"", ""l""]"	"[""l"", ""æ"", ""f""]"					0.78	0.073	3.231949076520682	4.79839334192019	4.015171209220436	5	3		2	1	61	413								0	0	1						giggle	laugh	0.78	0.073
MEANING_0774	Meaning	high_association	1	test	plus	model_blind_selected			USF Appendix A	USF:Cue_Target_Pairs.T-Z:8414	wrong	right		"[""ɹ"", ""ɔ"", ""ŋ""]"	"[""ɹ"", ""aɪ"", ""t""]"					0.723	0.392	5.718583092118043	6.602970203685071	6.160776647901557	3	3		1	1	2037	50489								0	0	1						wrong	right	0.723	0.392
MEANING_0775	Meaning	high_association	1	test	plus	model_blind_selected			USF Appendix A	USF:Cue_Target_Pairs.S:4900	son	daughter		"[""s"", ""ʌ"", ""n""]"	"[""d"", ""ɔ"", ""t"", ""ə"", ""ɹ""]"					0.586	0.444	5.613593120662743	5.233891563249394	5.423742341956068	3	4		1	2	402	267								0	0	1						son	daughter	0.586	0.444
MEANING_0776	Meaning	high_association	1	test	plus	model_blind_selected			USF Appendix A	USF:Cue_Target_Pairs.S:4314	snail	slow		"[""s"", ""n"", ""eɪ"", ""l""]"	"[""s"", ""l"", ""oʊ""]"					0.486	0.02	3.2466723333413885	4.880925624909274	4.063798979125331	4	3		1	1	195	676								0	0	1						snail	slow	0.486	0.02
MEANING_0777	Meaning	high_association	1	test	plus	model_blind_selected			USF Appendix A	USF:Cue_Target_Pairs.D-F:7268	fast	slow		"[""f"", ""æ"", ""s"", ""t""]"	"[""s"", ""l"", ""oʊ""]"					0.598	0.527	5.138147841868722	4.880925624909274	5.009536733388998	4	3		1	1	1925	676								0	0	1						fast	slow	0.598	0.527
MEANING_0778	Meaning	high_association	1	test	plus	model_blind_selected			USF Appendix A	USF:Cue_Target_Pairs.D-F:1825	dictionary	words		"[""d"", ""ɪ"", ""k"", ""ʃ"", ""ə"", ""n"", ""ɛ"", ""ɹ"", ""i""]"	"[""w"", ""ɜː"", ""d"", ""z""]"					0.52	0.055	3.5711834248548926	5.086429624886534	4.328806524870713	9	4		4	1	34	1207								0	0	1						dictionary	words	0.52	0.055
MEANING_0779	Meaning	high_association	1	test	plus	model_blind_selected			USF Appendix A	USF:Cue_Target_Pairs.D-F:3959	dry	wet		"[""d"", ""ɹ"", ""aɪ""]"	"[""w"", ""ɛ"", ""t""]"					0.495	0.459	4.6316824579347635	4.5934598195660445	4.612571138750404	3	3		1	1	1238	2057								0	0	1						dry	wet	0.495	0.459
MEANING_0780	Meaning	high_association	1	test	plus	model_blind_selected			USF Appendix A	USF:Cue_Target_Pairs.D-F:1761	diaper	baby		"[""d"", ""aɪ"", ""p"", ""ə"", ""ɹ""]"	"[""b"", ""eɪ"", ""b"", ""i""]"					0.591	0.019	3.6308863175066683	5.707035536366613	4.6689609269366406	4	4		2	2	1479	23715								0	0	1						diaper	baby	0.591	0.019
MEANING_0781	Meaning	high_association	1	test	plus	model_blind_selected			USF Appendix A	USF:Cue_Target_Pairs.S:6382	stallion	horse		"[""s"", ""t"", ""æ"", ""l"", ""iə"", ""n""]"	"[""h"", ""ɔ"", ""ɹ"", ""s""]"					0.632	0.0	3.5046174283060214	4.96793320863002	4.236275318468021	7	4		2	1	1	3331								0	0	1						stallion	horse	0.632	0.0
MEANING_0782	Meaning	high_association	1	test	plus	model_blind_selected			USF Appendix A	USF:Cue_Target_Pairs.L-O:54	labyrinth	maze		"[""l"", ""æ"", ""b"", ""ə"", ""ɹ"", ""ɹ"", ""ɪ"", ""n"", ""θ""]"	"[""m"", ""eɪ"", ""z""]"					0.465	0.016	2.905213680621799	3.4063731762089002	3.1557934284153495	7	3		3	1	0	27								0	0	1	unseen_phase1:labyrinth					labyrinth	maze	0.465	0.016
MEANING_0783	Meaning	high_association	1	test	plus	model_blind_selected			USF Appendix A	USF:Cue_Target_Pairs.T-Z:7017	weed	grass		"[""w"", ""iː"", ""d""]"	"[""ɡ"", ""ɹ"", ""æ"", ""s""]"					0.449	0.022	4.070581074285707	4.224903588579217	4.147742331432462	3	4		1	1	30	884								0	0	1						weed	grass	0.449	0.022
MEANING_0784	Meaning	high_association	1	test	plus	model_blind_selected			USF Appendix A	USF:Cue_Target_Pairs.G-K:884	globe	world		"[""ɡ"", ""l"", ""oʊ"", ""b""]"	"[""w"", ""ɜː"", ""l"", ""d""]"					0.679	0.182	3.7173114605331308	5.658217218995724	4.687764339764428	4	4		1	1	38	524								0	0	1						globe	world	0.679	0.182
MEANING_0785	Meaning	high_association	1	test	plus	model_blind_selected			USF Appendix A	USF:Cue_Target_Pairs.S:2890	shutter	window		"[""ʃ"", ""ʌ"", ""t"", ""ə"", ""ɹ""]"	"[""w"", ""ɪ"", ""n"", ""d"", ""oʊ""]"					0.48	0.0	3.16166154363304	4.9344984512435675	4.048079997438304	4	5		2	2	4	1421								0	0	1						shutter	window	0.48	0.0
MEANING_0786	Meaning	high_association	1	test	plus	model_blind_selected			USF Appendix A	USF:Cue_Target_Pairs.L-O:5368	molten	lava		"[""m"", ""oʊ"", ""l"", ""t"", ""ə"", ""n""]"	"[""l"", ""ɑ"", ""v"", ""ə""]"					0.453	0.026	3.063281835544208	3.5379424917162137	3.300612163630211	6	4		2	2	0	21								0	0	1	unseen_phase1:molten					molten	lava	0.453	0.026
MEANING_0787	Meaning	high_association	1	test	plus	model_blind_selected			USF Appendix A	USF:Cue_Target_Pairs.A-B:6201	blouse	shirt		"[""b"", ""l"", ""aʊ"", ""z""]"	"[""ʃ"", ""ɜː"", ""t""]"					0.647	0.135	3.7269987279362624	4.6662609689758945	4.1966298484560784	4	3		1	1	65	2628								0	0	1						blouse	shirt	0.647	0.135
MEANING_0788	Meaning	high_association	1	test	plus	model_blind_selected			USF Appendix A	USF:Cue_Target_Pairs.D-F:7321	father	mother		"[""f"", ""ɑ"", ""ð"", ""ə"", ""ɹ""]"	"[""m"", ""ʌ"", ""ð"", ""ə"", ""ɹ""]"					0.706	0.597	5.7438938718076695	5.6811702684266745	5.712532070117172	4	4		2	2	802	2706								0	0	1						father	mother	0.706	0.597
MEANING_0789	Meaning	high_association	1	test	plus	model_blind_selected			USF Appendix A	USF:Cue_Target_Pairs.D-F:1443	despise	hate		"[""d"", ""ɪ"", ""s"", ""p"", ""aɪ"", ""z""]"	"[""h"", ""eɪ"", ""t""]"					0.797	0.017	3.6541576599196564	5.331605908278105	4.492881784098881	6	3		2	1	1	702								0	0	1						despise	hate	0.797	0.017
MEANING_0790	Meaning	high_association	1	test	plus	model_blind_selected			USF Appendix A	USF:Cue_Target_Pairs.A-B:1511	algebra	math		"[""æ"", ""l"", ""d̠ʒ"", ""ɪ"", ""b"", ""ɹ"", ""ə""]"	"[""m"", ""æ"", ""θ""]"					0.655	0.061	3.2466723333413885	4.21463610134108	3.7306542173412343	7	3		3	1	7	221								0	0	1						algebra	math	0.655	0.061
MEANING_0791	Meaning	high_association	1	test	plus	model_blind_selected			USF Appendix A	USF:Cue_Target_Pairs.P-R:1348	pencil	pen		"[""p"", ""ɛ"", ""n"", ""s"", ""ə"", ""l""]"	"[""p"", ""ɛ"", ""n""]"					0.476	0.594	3.993997808957991	4.393144910475145	4.193571359716568	6	3		2	1	1426	1247								0	0	1						pencil	pen	0.476	0.594
MEANING_0792	Meaning	high_association	1	test	plus	model_blind_selected			USF Appendix A	USF:Cue_Target_Pairs.A-B:6872	bounce	ball		"[""b"", ""aʊ"", ""n"", ""s""]"	"[""b"", ""ɔ"", ""l""]"					0.564	0.06	3.993133541047083	5.021027067285495	4.507080304166289	4	3		1	1	699	8927								0	0	1						bounce	ball	0.564	0.06
MEANING_0793	Meaning	high_association	1	test	plus	model_blind_selected			USF Appendix A	USF:Cue_Target_Pairs.G-K:4219	hobo	bum		"[""h"", ""oʊ"", ""b"", ""oʊ""]"	"[""b"", ""ʌ"", ""m""]"					0.682	0.128	3.251471216223157	4.188404556261128	3.7199378862421426	4	3		2	1	3	292								0	0	1						hobo	bum	0.682	0.128
MEANING_0794	Meaning	high_association	1	test	plus	model_blind_selected			USF Appendix A	USF:Cue_Target_Pairs.D-F:9429	found	lost		"[""f"", ""aʊ"", ""n"", ""d""]"	"[""l"", ""ɔ"", ""s"", ""t""]"					0.813	0.747	5.597695185925512	5.437750562820388	5.51772287437295	4	4		1	1	2904	1316								0	0	1						found	lost	0.813	0.747
MEANING_0795	Meaning	high_association	1	test	plus	model_blind_selected			USF Appendix A	USF:Cue_Target_Pairs.T-Z:7204	wet	dry		"[""w"", ""ɛ"", ""t""]"	"[""d"", ""ɹ"", ""aɪ""]"					0.459	0.495	4.5934598195660445	4.6316824579347635	4.612571138750404	3	3		1	1	2057	1238								0	0	1						wet	dry	0.459	0.495
MEANING_0796	Meaning	high_association	1	test	plus	model_blind_selected			USF Appendix A	USF:Cue_Target_Pairs.S:7048	sting	bee		"[""s"", ""t"", ""ɪ"", ""ŋ""]"	"[""b"", ""iː""]"					0.603	0.362	3.846312850545938	4.015063746435876	3.930688298490907	4	2		1	1	97	1478								0	0	1						sting	bee	0.603	0.362
MEANING_0797	Meaning	high_association	1	test	plus	model_blind_selected			USF Appendix A	USF:Cue_Target_Pairs.L-O:6824	nephew	niece		"[""n"", ""ɛ"", ""f"", ""j"", ""uː""]"	"[""n"", ""iː"", ""s""]"					0.476	0.658	4.219800186941088	3.979066093164357	4.099433140052723	5	3		2	1	22	29								0	0	1						nephew	niece	0.476	0.658
MEANING_0798	Meaning	high_association	1	test	plus	model_blind_selected			USF Appendix A	USF:Cue_Target_Pairs.P-R:837	paste	glue		"[""p"", ""eɪ"", ""s"", ""t""]"	"[""ɡ"", ""l"", ""uː""]"					0.63	0.066	3.231949076520682	3.769551078621726	3.5007500775712037	4	3		1	1	110	440								0	0	1						paste	glue	0.63	0.066
MEANING_0799	Meaning	high_association	1	test	plus	model_blind_selected			USF Appendix A	USF:Cue_Target_Pairs.L-O:7156	niece	nephew		"[""n"", ""iː"", ""s""]"	"[""n"", ""ɛ"", ""f"", ""j"", ""uː""]"					0.658	0.476	3.979066093164357	4.219800186941088	4.099433140052723	3	5		1	2	29	22								0	0	1						niece	nephew	0.658	0.476
MEANING_0800	Meaning	high_association	1	test	plus	model_blind_selected			USF Appendix A	USF:Cue_Target_Pairs.L-O:961	lend	borrow		"[""l"", ""ɛ"", ""n"", ""d""]"	"[""b"", ""ɑ"", ""ɹ"", ""oʊ""]"					0.554	0.41	4.066946789630613	4.467071016562512	4.2670089030965626	4	4		1	2	11	114								0	0	1						lend	borrow	0.554	0.41
MEANING_0801	Meaning	high_association	1	test	plus	model_blind_selected			USF Appendix A	USF:Cue_Target_Pairs.G-K:66	gallop	horse		"[""ɡ"", ""æ"", ""l"", ""ə"", ""p""]"	"[""h"", ""ɔ"", ""ɹ"", ""s""]"					0.662	0.012	2.973671061277651	4.96793320863002	3.9708021349538356	5	4		2	1	24	3331								0	0	1						gallop	horse	0.662	0.012
MEANING_0802	Meaning	high_association	1	test	plus	model_blind_selected			USF Appendix A	USF:Cue_Target_Pairs.A-B:5187	behind	front		"[""b"", ""ɪ"", ""h"", ""aɪ"", ""n"", ""d""]"	"[""f"", ""ɹ"", ""ʌ"", ""n"", ""t""]"					0.466	0.0	5.2738406640679525	5.258993907999374	5.266417286033663	6	5		2	1	1890	966								0	0	1						behind	front	0.466	0.0
MEANING_0803	Meaning	high_association	1	test	plus	model_blind_selected			USF Appendix A	USF:Cue_Target_Pairs.T-Z:8716	zipper	pants		"[""z"", ""ɪ"", ""p"", ""ə"", ""ɹ""]"	"[""p"", ""æ"", ""n"", ""t"", ""s""]"					0.434	0.016	3.4507923159973135	4.768971632929492	4.109881974463403	4	5		2	1	319	2008								0	0	1						zipper	pants	0.434	0.016
MEANING_0804	Meaning	high_association	1	test	plus	model_blind_selected			USF Appendix A	USF:Cue_Target_Pairs.C:4464	comprehend	understand		"[""k"", ""ɑ"", ""m"", ""p"", ""ɹ"", ""i"", ""h"", ""ɛ"", ""n"", ""d""]"	"[""ʌ"", ""n"", ""d"", ""ə"", ""ɹ"", ""s"", ""t"", ""æ"", ""n"", ""d""]"					0.829	0.311	3.2655576775017625	5.683453193272163	4.474505435386963	10	9		3	3	2	942								0	0	1						comprehend	understand	0.829	0.311
MEANING_0805	Meaning	high_association	1	test	plus	model_blind_selected			USF Appendix A	USF:Cue_Target_Pairs.G-K:4570	hoot	owl		"[""h"", ""uː"", ""t""]"	"[""aʊ"", ""l""]"					0.456	0.176	3.4162814648691495	3.748795857031107	3.582538660950128	3	2		1	1	80	1374								0	0	1						hoot	owl	0.456	0.176
MEANING_0806	Meaning	low_association	1	test	plus	model_blind_selected			USF Appendix A	USF:Cue_Target_Pairs.S:8710	surroundings	environment		"[""s"", ""ə"", ""ɹ"", ""ɹ"", ""aʊ"", ""n"", ""d"", ""ɪ"", ""ŋ"", ""z""]"	"[""ɛ"", ""n"", ""v"", ""aɪ"", ""ɹ"", ""ə"", ""n"", ""m"", ""ə"", ""n"", ""t""]"					0.362	0.093	3.3218136015872735	4.106677419633984	3.7142455106106285	8	11		3	4	1	19								0	0	1						surroundings	environment	0.362	0.093
MEANING_0807	Meaning	low_association	1	test	plus	model_blind_selected			USF Appendix A	USF:Cue_Target_Pairs.T-Z:3383	trophy	award		"[""t"", ""ɹ"", ""oʊ"", ""f"", ""i""]"	"[""ə"", ""w"", ""ɔ"", ""ɹ"", ""d""]"					0.182	0.117	3.8778905534105643	4.109995193461844	3.9939428734362044	5	5		2	2	9	9								0	0	1						trophy	award	0.182	0.117
MEANING_0808	Meaning	low_association	1	test	plus	model_blind_selected			USF Appendix A	USF:Cue_Target_Pairs.D-F:5587	error	wrong		"[""ɛ"", ""ɹ"", ""ə"", ""ɹ""]"	"[""ɹ"", ""ɔ"", ""ŋ""]"					0.2	0.0	3.9672909646398753	5.718583092118043	4.842937028378959	3	3		2	1	4	2037								0	0	1						error	wrong	0.2	0.0
MEANING_0809	Meaning	low_association	1	test	plus	model_blind_selected			USF Appendix A	USF:Cue_Target_Pairs.S:7407	strap	belt		"[""s"", ""t"", ""ɹ"", ""æ"", ""p""]"	"[""b"", ""ɛ"", ""l"", ""t""]"					0.203	0.016	3.7123855723918213	4.386551419742625	4.049468496067224	5	4		1	1	53	538								0	0	1						strap	belt	0.203	0.016
MEANING_0810	Meaning	low_association	1	test	plus	model_blind_selected			USF Appendix A	USF:Cue_Target_Pairs.A-B:5046	bee	sting		"[""b"", ""iː""]"	"[""s"", ""t"", ""ɪ"", ""ŋ""]"					0.362	0.603	4.015063746435876	3.846312850545938	3.930688298490907	2	4		1	1	1478	97								0	0	1						bee	sting	0.362	0.603
MEANING_0811	Meaning	low_association	1	test	plus	model_blind_selected			USF Appendix A	USF:Cue_Target_Pairs.P-R:279	panel	wood		"[""p"", ""æ"", ""n"", ""ə"", ""l""]"	"[""w"", ""ʊ"", ""d""]"					0.149	0.0	3.862972763783961	4.431363764158988	4.147168263971475	5	3		2	1	7	852								0	0	1						panel	wood	0.149	0.0
MEANING_0812	Meaning	low_association	1	test	plus	model_blind_selected			USF Appendix A	USF:Cue_Target_Pairs.P-R:5256	proposal	marriage		"[""p"", ""ɹ"", ""ə"", ""p"", ""oʊ"", ""z"", ""ə"", ""l""]"	"[""m"", ""æ"", ""ɹ"", ""ɪ"", ""d̠ʒ""]"					0.236	0.0	3.9437078379002077	4.88682237427749	4.4152651060888495	8	5		3	2	3	10								0	0	1						proposal	marriage	0.236	0.0
MEANING_0813	Meaning	low_association	1	test	plus	model_blind_selected			USF Appendix A	USF:Cue_Target_Pairs.P-R:2492	pizza	food		"[""p"", ""iː"", ""t"", ""s"", ""ə""]"	"[""f"", ""uː"", ""d""]"					0.149	0.0	4.5251718866228	5.1887355313681445	4.856953708995473	5	3		2	1	2693	6222								0	0	1						pizza	food	0.149	0.0
MEANING_0814	Meaning	low_association	1	test	plus	model_blind_selected			USF Appendix A	USF:Cue_Target_Pairs.L-O:5771	mosquito	bug		"[""m"", ""ə"", ""s"", ""k"", ""iː"", ""t"", ""oʊ""]"	"[""b"", ""ʌ"", ""ɡ""]"					0.232	0.013	3.260912772455999	4.321001076594602	3.7909569245253003	7	3		3	1	76	1217								0	0	1						mosquito	bug	0.232	0.013
MEANING_0815	Meaning	low_association	1	test	plus	model_blind_selected			USF Appendix A	USF:Cue_Target_Pairs.T-Z:4555	universe	world		"[""j"", ""uː"", ""n"", ""ɪ"", ""v"", ""ɜː"", ""s""]"	"[""w"", ""ɜː"", ""l"", ""d""]"					0.385	0.152	4.402682741255466	5.658217218995724	5.030449980125596	7	4		3	1	3	524								0	0	1						universe	world	0.385	0.152
MEANING_0816	Meaning	low_association	1	test	plus	model_blind_selected			USF Appendix A	USF:Cue_Target_Pairs.S:7314	stove	oven		"[""s"", ""t"", ""oʊ"", ""v""]"	"[""ʌ"", ""v"", ""ə"", ""n""]"					0.279	0.224	3.880140788920975	3.9485280259148956	3.914334407417935	4	4		1	2	449	294								0	0	1						stove	oven	0.279	0.224
MEANING_0817	Meaning	low_association	1	test	plus	model_blind_selected			USF Appendix A	USF:Cue_Target_Pairs.T-Z:1108	terror	horror		"[""t"", ""ɛ"", ""ɹ"", ""ə"", ""ɹ""]"	"[""h"", ""ɔ"", ""ɹ"", ""ə"", ""ɹ""]"					0.173	0.042	3.9542425094393248	3.9626756769761875	3.958459093207756	4	4		2	2	5	5								0	0	1						terror	horror	0.173	0.042
MEANING_0818	Meaning	low_association	1	test	plus	model_blind_selected			USF Appendix A	USF:Cue_Target_Pairs.G-K:1610	graph	math		"[""ɡ"", ""ɹ"", ""æ"", ""f""]"	"[""m"", ""æ"", ""θ""]"					0.222	0.0	2.872213420518874	4.21463610134108	3.5434247609299767	4	3		1	1	4	221								0	0	1						graph	math	0.222	0.0
MEANING_0819	Meaning	low_association	1	test	plus	model_blind_selected			USF Appendix A	USF:Cue_Target_Pairs.S:6815	stem	plant		"[""s"", ""t"", ""ɛ"", ""m""]"	"[""p"", ""l"", ""æ"", ""n"", ""t""]"					0.158	0.0	3.349334675238536	4.441032478708157	3.8951835769733467	4	5		1	1	150	501								0	0	1						stem	plant	0.158	0.0
MEANING_0820	Meaning	low_association	1	test	plus	model_blind_selected			USF Appendix A	USF:Cue_Target_Pairs.P-R:2002	pick	choose		"[""p"", ""ɪ"", ""k""]"	"[""t̠ʃ"", ""uː"", ""z""]"					0.304	0.439	5.297524498974612	4.681773135154142	4.989648817064377	3	3		1	1	4409	283								0	0	1						pick	choose	0.304	0.439
MEANING_0821	Meaning	low_association	1	test	plus	model_blind_selected			USF Appendix A	USF:Cue_Target_Pairs.S:5989	squad	group		"[""s"", ""k"", ""w"", ""ɑ"", ""d""]"	"[""ɡ"", ""ɹ"", ""uː"", ""p""]"					0.159	0.0	4.332240378050414	4.867848615116424	4.600044496583418	5	4		1	1	11	234								0	0	1						squad	group	0.159	0.0
MEANING_0822	Meaning	low_association	1	test	plus	model_blind_selected			USF Appendix A	USF:Cue_Target_Pairs.L-O:4130	melt	butter		"[""m"", ""ɛ"", ""l"", ""t""]"	"[""b"", ""ʌ"", ""t"", ""ə"", ""ɹ""]"					0.194	0.024	3.864138655710751	4.31029754286557	4.08721809928816	4	4		1	2	99	2867								0	0	1						melt	butter	0.194	0.024
MEANING_0823	Meaning	low_association	1	test	plus	model_blind_selected			USF Appendix A	USF:Cue_Target_Pairs.L-O:3228	marker	pen		"[""m"", ""ɑ"", ""ɹ"", ""k"", ""ə"", ""ɹ""]"	"[""p"", ""ɛ"", ""n""]"					0.257	0.0	3.718941085266639	4.393144910475145	4.056042997870892	5	3		2	1	122	1247								0	0	1						marker	pen	0.257	0.0
MEANING_0824	Meaning	low_association	1	test	plus	model_blind_selected			USF Appendix A	USF:Cue_Target_Pairs.S:8883	swear	curse		"[""s"", ""w"", ""ɛ"", ""ɹ""]"	"[""k"", ""ɜː"", ""s""]"					0.382	0.135	4.945256126463068	4.260445537895706	4.602850832179387	4	3		1	1	35	19								0	0	1						swear	curse	0.382	0.135
MEANING_0825	Meaning	low_association	1	test	plus	model_blind_selected			USF Appendix A	USF:Cue_Target_Pairs.L-O:2471	lust	love		"[""l"", ""ʌ"", ""s"", ""t""]"	"[""l"", ""ʌ"", ""v""]"					0.305	0.0	3.7457481639491013	6.047267230027272	4.896507696988186	4	3		1	1	0	4637								0	0	1	unseen_phase1:lust					lust	love	0.305	0.0
MEANING_0826	Meaning	low_association	1	test	plus	model_blind_selected			USF Appendix A	USF:Cue_Target_Pairs.C:5823	couch	potato		"[""k"", ""aʊ"", ""t̠ʃ""]"	"[""p"", ""ə"", ""t"", ""eɪ"", ""t"", ""oʊ""]"					0.203	0.0	4.370523974308474	4.052852307325276	4.211688140816875	3	6		1	3	474	654								0	0	1						couch	potato	0.203	0.0
MEANING_0827	Meaning	low_association	1	test	plus	model_blind_selected			USF Appendix A	USF:Cue_Target_Pairs.S:8961	swift	slow		"[""s"", ""w"", ""ɪ"", ""f"", ""t""]"	"[""s"", ""l"", ""oʊ""]"					0.176	0.0	3.5868960500636566	4.880925624909274	4.233910837486466	5	3		1	1	4	676								0	0	1						swift	slow	0.176	0.0
MEANING_0828	Meaning	low_association	1	test	plus	model_blind_selected			USF Appendix A	USF:Cue_Target_Pairs.G-K:1612	graph	paper		"[""ɡ"", ""ɹ"", ""æ"", ""f""]"	"[""p"", ""eɪ"", ""p"", ""ə"", ""ɹ""]"					0.15	0.0	2.872213420518874	5.014322840117021	3.9432681303179473	4	4		1	2	4	3640								0	0	1						graph	paper	0.15	0.0
MEANING_0829	Meaning	low_association	1	test	plus	model_blind_selected			USF Appendix A	USF:Cue_Target_Pairs.T-Z:1237	theft	steal		"[""θ"", ""ɛ"", ""f"", ""t""]"	"[""s"", ""t"", ""iː"", ""l""]"					0.313	0.0	3.8289882664735937	4.726998727936262	4.277993497204928	4	4		1	1	0	150								0	0	1	unseen_phase1:theft					theft	steal	0.313	0.0
MEANING_0830	Meaning	low_association	1	test	plus	model_blind_selected			USF Appendix A	USF:Cue_Target_Pairs.S:5737	sponge	soak		"[""s"", ""p"", ""ʌ"", ""n"", ""d̠ʒ""]"	"[""s"", ""oʊ"", ""k""]"					0.147	0.086	3.8264559299581986	3.5379424917162137	3.682199210837206	5	3		1	1	169	17								0	0	1						sponge	soak	0.147	0.086
MEANING_0831	Meaning	low_association	1	test	plus	model_blind_selected			USF Appendix A	USF:Cue_Target_Pairs.T-Z:3064	tray	food		"[""t"", ""ɹ"", ""eɪ""]"	"[""f"", ""uː"", ""d""]"					0.184	0.0	3.905213680621799	5.1887355313681445	4.546974605994972	3	3		1	1	371	6222								0	0	1						tray	food	0.184	0.0
MEANING_0832	Meaning	low_association	1	test	plus	model_blind_selected			USF Appendix A	USF:Cue_Target_Pairs.L-O:1821	loaf	lazy		"[""l"", ""oʊ"", ""f""]"	"[""l"", ""eɪ"", ""z"", ""i""]"					0.147	0.0	3.6503646709025173	4.064017304783319	3.8571909878429183	3	4		1	2	129	115								0	0	1						loaf	lazy	0.147	0.0
MEANING_0833	Meaning	low_association	1	test	plus	model_blind_selected			USF Appendix A	USF:Cue_Target_Pairs.L-O:4871	mink	fur		"[""m"", ""ɪ"", ""ŋ"", ""k""]"	"[""f"", ""ɜː""]"					0.252	0.068	3.568891628075308	3.9177422748637376	3.743316951469523	4	2		1	1	2	449								0	0	1						mink	fur	0.252	0.068
MEANING_0834	Meaning	low_association	1	test	plus	model_blind_selected			USF Appendix A	USF:Cue_Target_Pairs.C:5454	cooked	food		"[""k"", ""ʊ"", ""k"", ""t""]"	"[""f"", ""uː"", ""d""]"					0.266	0.0	3.9781715625043272	5.1887355313681445	4.583453546936235	4	3		1	1	287	6222								0	0	1						cooked	food	0.266	0.0
MEANING_0835	Meaning	low_association	1	test	plus	model_blind_selected			USF Appendix A	USF:Cue_Target_Pairs.D-F:3407	dough	doughnut		"[""d"", ""oʊ""]"	"[""d"", ""oʊ"", ""n"", ""ʌ"", ""t""]"					0.228	0.0	4.200914842780714	3.624868283817669	3.9128915632991914	2	5		1	2	648	187								0	0	1						dough	doughnut	0.228	0.0
MEANING_0836	Meaning	low_association	1	test	plus	model_blind_selected			USF Appendix A	USF:Cue_Target_Pairs.C:6319	crawl	baby		"[""k"", ""ɹ"", ""ɔ"", ""l""]"	"[""b"", ""eɪ"", ""b"", ""i""]"					0.345	0.0	4.0805981950432315	5.707035536366613	4.893816865704922	4	4		1	2	396	23715								0	0	1						crawl	baby	0.345	0.0
MEANING_0837	Meaning	low_association	1	test	plus	model_blind_selected			USF Appendix A	USF:Cue_Target_Pairs.P-R:9771	rung	ladder		"[""ɹ"", ""ʌ"", ""ŋ""]"	"[""l"", ""æ"", ""d"", ""ə"", ""ɹ""]"					0.26	0.055	3.1436881726211388	3.9663718225361517	3.5550299975786452	3	4		1	2	22	586								0	0	1						rung	ladder	0.26	0.055
MEANING_0838	Meaning	low_association	1	test	plus	model_blind_selected			USF Appendix A	USF:Cue_Target_Pairs.S:3964	slogan	ad		"[""s"", ""l"", ""oʊ"", ""ɡ"", ""ə"", ""n""]"	"[""æ"", ""d""]"					0.217	0.0	3.3962335448580205	4.1337892943569186	3.7650114196074695	6	2		2	1	0	29								0	0	1	unseen_phase1:slogan					slogan	ad	0.217	0.0
MEANING_0839	Meaning	low_association	1	test	plus	model_blind_selected			USF Appendix A	USF:Cue_Target_Pairs.S:2360	sheep	lamb		"[""ʃ"", ""iː"", ""p""]"	"[""l"", ""æ"", ""m""]"					0.162	0.333	4.12812039539449	4.026429110440451	4.07727475291747	3	3		1	1	1614	685								0	0	1						sheep	lamb	0.162	0.333
MEANING_0840	Meaning	low_association	1	test	plus	model_blind_selected			USF Appendix A	USF:Cue_Target_Pairs.A-B:7716	bruise	hurt		"[""b"", ""ɹ"", ""uː"", ""z""]"	"[""h"", ""ɜː"", ""t""]"					0.204	0.0	3.50991376811597	5.391557751628531	4.45073575987225	4	3		1	1	18	3867								0	0	1						bruise	hurt	0.204	0.0
MEANING_0841	Meaning	low_association	1	test	plus	model_blind_selected			USF Appendix A	USF:Cue_Target_Pairs.P-R:6756	rattle	baby		"[""ɹ"", ""æ"", ""t"", ""ə"", ""l""]"	"[""b"", ""eɪ"", ""b"", ""i""]"					0.29	0.013	3.5279582708096124	5.707035536366613	4.617496903588113	5	4		2	2	340	23715								0	0	1						rattle	baby	0.29	0.013
MEANING_0842	Meaning	low_association	1	test	plus	model_blind_selected			USF Appendix A	USF:Cue_Target_Pairs.G-K:5123	hungry	food		"[""h"", ""ʌ"", ""ŋ"", ""ɡ"", ""ɹ"", ""i""]"	"[""f"", ""uː"", ""d""]"					0.274	0.033	4.886932867722153	5.1887355313681445	5.0378341995451486	6	3		2	1	4526	6222								0	0	1						hungry	food	0.274	0.033
MEANING_0843	Meaning	low_association	1	test	plus	model_blind_selected			USF Appendix A	USF:Cue_Target_Pairs.C:6376	crease	fold		"[""k"", ""ɹ"", ""iː"", ""s""]"	"[""f"", ""oʊ"", ""l"", ""d""]"					0.308	0.126	3.131278914639319	3.935882500388251	3.533580707513785	4	4		1	1	3	351								0	0	1						crease	fold	0.308	0.126
MEANING_0844	Meaning	low_association	1	test	plus	model_blind_selected			USF Appendix A	USF:Cue_Target_Pairs.T-Z:8352	wrist	hand		"[""ɹ"", ""ɪ"", ""s"", ""t""]"	"[""h"", ""æ"", ""n"", ""d""]"					0.196	0.0	4.0142404391146105	5.446610256013887	4.730425347564249	4	4		1	1	90	5090								0	0	1						wrist	hand	0.196	0.0
MEANING_0845	Meaning	low_association	1	test	plus	model_blind_selected			USF Appendix A	USF:Cue_Target_Pairs.L-O:5623	moonlight	night		"[""m"", ""uː"", ""n"", ""l"", ""aɪ"", ""t""]"	"[""n"", ""aɪ"", ""t""]"					0.203	0.0	3.8414330859278514	5.937537558034146	4.889485321980999	6	3		2	1	6	6304								0	0	1						moonlight	night	0.203	0.0
MEANING_0846	Meaning	low_association	1	test	plus	model_blind_selected			USF Appendix A	USF:Cue_Target_Pairs.T-Z:3218	trench	coat		"[""t"", ""ɹ"", ""ɛ"", ""n"", ""t̠ʃ""]"	"[""k"", ""oʊ"", ""t""]"					0.256	0.0	3.4883294763112973	4.624059541531996	4.056194508921647	5	3		1	1	3	1029								0	0	1						trench	coat	0.256	0.0
MEANING_0847	Meaning	low_association	1	test	plus	model_blind_selected			USF Appendix A	USF:Cue_Target_Pairs.A-B:8090	bun	hamburger		"[""b"", ""ʌ"", ""n""]"	"[""h"", ""æ"", ""m"", ""b"", ""ɜː"", ""ɡ"", ""ə"", ""ɹ""]"					0.193	0.129	3.4597471586502397	3.8912203306651785	3.675483744657709	3	7		1	3	125	583								0	0	1						bun	hamburger	0.193	0.129
MEANING_0848	Meaning	low_association	1	test	plus	model_blind_selected			USF Appendix A	USF:Cue_Target_Pairs.D-F:2075	diner	food		"[""d"", ""aɪ"", ""n"", ""ə"", ""ɹ""]"	"[""f"", ""uː"", ""d""]"					0.318	0.0	4.093146902184449	5.1887355313681445	4.640941216776296	4	3		2	1	19	6222								0	0	1						diner	food	0.318	0.0
MEANING_0849	Meaning	low_association	1	test	plus	model_blind_selected			USF Appendix A	USF:Cue_Target_Pairs.S:6468	staple	paper		"[""s"", ""t"", ""eɪ"", ""p"", ""ə"", ""l""]"	"[""p"", ""eɪ"", ""p"", ""ə"", ""ɹ""]"					0.283	0.0	3.048304679574555	5.014322840117021	4.031313759845788	6	4		2	2	30	3640								0	0	1						staple	paper	0.283	0.0
MEANING_0850	Meaning	low_association	1	test	plus	model_blind_selected			USF Appendix A	USF:Cue_Target_Pairs.P-R:7605	relationship	love		"[""ɹ"", ""ɪ"", ""l"", ""eɪ"", ""ʃ"", ""ə"", ""n"", ""ʃ"", ""ɪ"", ""p""]"	"[""l"", ""ʌ"", ""v""]"					0.266	0.0	4.8305006109452355	6.047267230027272	5.438883920486253	10	3		4	1	9	4637								0	0	1						relationship	love	0.266	0.0
MEANING_0851	Meaning	low_association	1	test	plus	model_blind_selected			USF Appendix A	USF:Cue_Target_Pairs.T-Z:6227	wage	salary		"[""w"", ""eɪ"", ""d̠ʒ""]"	"[""s"", ""æ"", ""l"", ""ə"", ""ɹ"", ""ɹ"", ""i""]"					0.229	0.082	3.493826948222515	4.0312103823864325	3.7625186653044738	3	5		1	3	0	0								0	0	1	unseen_phase1:wage,salary					wage	salary	0.229	0.082
MEANING_0852	Meaning	low_association	1	test	plus	model_blind_selected			USF Appendix A	USF:Cue_Target_Pairs.L-O:8091	offend	hurt		"[""ə"", ""f"", ""ɛ"", ""n"", ""d""]"	"[""h"", ""ɜː"", ""t""]"					0.322	0.0	3.7173114605331308	5.391557751628531	4.5544346060808305	5	3		2	1	0	3867								0	0	1	unseen_phase1:offend					offend	hurt	0.322	0.0
MEANING_0853	Meaning	low_association	1	test	plus	model_blind_selected			USF Appendix A	USF:Cue_Target_Pairs.G-K:7265	jeans	pants		"[""d̠ʒ"", ""iː"", ""n"", ""z""]"	"[""p"", ""æ"", ""n"", ""t"", ""s""]"					0.372	0.136	3.8200597247734023	4.768971632929492	4.294515678851448	4	5		1	1	111	2008								0	0	1						jeans	pants	0.372	0.136
MEANING_0854	Meaning	low_association	1	test	plus	model_blind_selected			USF Appendix A	USF:Cue_Target_Pairs.A-B:5875	blade	knife		"[""b"", ""l"", ""eɪ"", ""d""]"	"[""n"", ""aɪ"", ""f""]"					0.346	0.122	4.113943352306837	4.670282242908819	4.392112797607828	4	3		1	1	24	903								0	0	1						blade	knife	0.346	0.122
MEANING_0855	Meaning	low_association	1	test	plus	model_blind_selected			USF Appendix A	USF:Cue_Target_Pairs.D-F:8932	fold	paper		"[""f"", ""oʊ"", ""l"", ""d""]"	"[""p"", ""eɪ"", ""p"", ""ə"", ""ɹ""]"					0.192	0.0	3.935882500388251	5.014322840117021	4.475102670252636	4	4		1	2	351	3640								0	0	1						fold	paper	0.192	0.0
MEANING_0856	Meaning	low_association	1	test	plus	model_blind_selected			USF Appendix A	USF:Cue_Target_Pairs.S:6727	steal	take		"[""s"", ""t"", ""iː"", ""l""]"	"[""t"", ""eɪ"", ""k""]"					0.328	0.129	4.726998727936262	6.276700535180079	5.501849631558171	4	3		1	1	150	17928								0	0	1						steal	take	0.328	0.129
MEANING_0857	Meaning	low_association	1	test	plus	model_blind_selected			USF Appendix A	USF:Cue_Target_Pairs.S:5564	spill	milk		"[""s"", ""p"", ""ɪ"", ""l""]"	"[""m"", ""ɪ"", ""l"", ""k""]"					0.223	0.0	3.9279135707169757	4.628689375916257	4.278301473316616	4	4		1	1	647	6873								0	0	1						spill	milk	0.223	0.0
MEANING_0858	Meaning	low_association	1	test	plus	model_blind_selected			USF Appendix A	USF:Cue_Target_Pairs.L-O:5932	mousse	chocolate		"[""m"", ""uː"", ""s""]"	"[""t̠ʃ"", ""ɑ"", ""k"", ""l"", ""ə"", ""t""]"					0.211	0.02	3.063281835544208	4.468231456750344	3.765756646147276	3	6		1	2	21	2771								0	0	1						mousse	chocolate	0.211	0.02
MEANING_0859	Meaning	low_association	1	test	plus	model_blind_selected			USF Appendix A	USF:Cue_Target_Pairs.D-F:9960	fries	potato		"[""f"", ""ɹ"", ""aɪ"", ""z""]"	"[""p"", ""ə"", ""t"", ""eɪ"", ""t"", ""oʊ""]"					0.142	0.122	4.0676760836423	4.052852307325276	4.0602641954837875	4	6		1	3	234	654								0	0	1						fries	potato	0.142	0.122
MEANING_0860	Meaning	low_association	1	test	plus	model_blind_selected			USF Appendix A	USF:Cue_Target_Pairs.D-F:6724	fact	truth		"[""f"", ""æ"", ""k"", ""t""]"	"[""t"", ""ɹ"", ""uː"", ""θ""]"					0.185	0.046	5.236961844894045	5.2837002130971635	5.260331028995605	4	4		1	1	258	111								0	0	1						fact	truth	0.185	0.046
MEANING_0861	Meaning	low_association	1	test	plus	model_blind_selected			USF Appendix A	USF:Cue_Target_Pairs.L-O:522	lay	down		"[""l"", ""eɪ""]"	"[""d"", ""aʊ"", ""n""]"					0.223	0.0	4.7651862732192765	6.173266273185671	5.469226273202474	2	3		1	1	737	26544								0	0	1						lay	down	0.223	0.0
MEANING_0862	Meaning	low_association	1	test	plus	model_blind_selected			USF Appendix A	USF:Cue_Target_Pairs.L-O:830	ledge	window		"[""l"", ""ɛ"", ""d̠ʒ""]"	"[""w"", ""ɪ"", ""n"", ""d"", ""oʊ""]"					0.152	0.013	3.5452828548819566	4.9344984512435675	4.239890653062762	3	5		1	2	15	1421								0	0	1						ledge	window	0.152	0.013
MEANING_0863	Meaning	low_association	1	test	plus	model_blind_selected			USF Appendix A	USF:Cue_Target_Pairs.P-R:372	paper	pen		"[""p"", ""eɪ"", ""p"", ""ə"", ""ɹ""]"	"[""p"", ""ɛ"", ""n""]"					0.3	0.109	5.014322840117021	4.393144910475145	4.703733875296083	4	3		2	1	3640	1247								0	0	1						paper	pen	0.3	0.109
MEANING_0864	Meaning	low_association	1	test	plus	model_blind_selected			USF Appendix A	USF:Cue_Target_Pairs.P-R:3889	potato	chip		"[""p"", ""ə"", ""t"", ""eɪ"", ""t"", ""oʊ""]"	"[""t̠ʃ"", ""ɪ"", ""p""]"					0.142	0.188	4.052852307325276	4.314032539930306	4.183442423627791	6	3		3	1	654	552								0	0	1						potato	chip	0.142	0.188
MEANING_0865	Meaning	low_association	1	test	plus	model_blind_selected			USF Appendix A	USF:Cue_Target_Pairs.S:4417	sneaky	sly		"[""s"", ""n"", ""iː"", ""k"", ""i""]"	"[""s"", ""l"", ""aɪ""]"					0.201	0.219	3.6268835750529944	3.425968732272281	3.526426153662638	5	3		2	1	52	14								0	0	1						sneaky	sly	0.201	0.219
MEANING_0866	Meaning	low_association	1	test	plus	model_blind_selected			USF Appendix A	USF:Cue_Target_Pairs.T-Z:7107	weights	heavy		"[""w"", ""eɪ"", ""t"", ""s""]"	"[""h"", ""ɛ"", ""v"", ""i""]"					0.169	0.0	3.425968732272281	4.674807127370178	4.0503879298212295	4	4		1	2	58	1209								0	0	1						weights	heavy	0.169	0.0
MEANING_0867	Meaning	low_association	1	test	plus	model_blind_selected			USF Appendix A	USF:Cue_Target_Pairs.T-Z:6973	wed	marriage		"[""w"", ""ɛ"", ""d""]"	"[""m"", ""æ"", ""ɹ"", ""ɪ"", ""d̠ʒ""]"					0.162	0.0	3.38933983691012	4.88682237427749	4.138081105593805	3	5		1	2	45	10								0	0	1						wed	marriage	0.162	0.0
MEANING_0868	Meaning	low_association	1	test	plus	model_blind_selected			USF Appendix A	USF:Cue_Target_Pairs.A-B:7382	breeze	cool		"[""b"", ""ɹ"", ""iː"", ""z""]"	"[""k"", ""uː"", ""l""]"					0.152	0.068	3.905213680621799	5.291995312128046	4.598604496374922	4	3		1	1	29	2066								0	0	1						breeze	cool	0.152	0.068
MEANING_0869	Meaning	low_association	1	test	plus	model_blind_selected			USF Appendix A	USF:Cue_Target_Pairs.A-B:4026	baked	potato		"[""b"", ""eɪ"", ""k"", ""t""]"	"[""p"", ""ə"", ""t"", ""eɪ"", ""t"", ""oʊ""]"					0.179	0.122	3.8251842028945613	4.052852307325276	3.939018255109919	4	6		1	3	131	654								0	0	1						baked	potato	0.179	0.122
MEANING_0870	Meaning	low_association	1	test	plus	model_blind_selected			USF Appendix A	USF:Cue_Target_Pairs.S:6266	stair	case		"[""s"", ""t"", ""ɛ"", ""ɹ""]"	"[""k"", ""eɪ"", ""s""]"					0.143	0.0	3.131278914639319	5.450882784590892	4.291080849615105	4	3		1	1	48	470								0	0	1						stair	case	0.143	0.0
MEANING_0871	Meaning	unrelated	0	test	plus	model_blind_selected			USF Appendix A	USF:absent-both-directions	store	neighborhood		"[""s"", ""t"", ""ɔ"", ""ɹ""]"	"[""n"", ""eɪ"", ""b"", ""ə"", ""ɹ"", ""h"", ""ʊ"", ""d""]"					0.0	0.0	4.913398259546353	4.564503611402074	4.738950935474214	4	7		1	3	2220	66								0	0	1						store	neighborhood	0.0	0.0
MEANING_0872	Meaning	unrelated	0	test	plus	model_blind_selected			USF Appendix A	USF:absent-both-directions	wary	trouble		"[""w"", ""ɛ"", ""ɹ"", ""i""]"	"[""t"", ""ɹ"", ""ʌ"", ""b"", ""ə"", ""l""]"					0.0	0.0	2.872213420518874	5.349372769574941	4.110793095046907	4	6		2	2	2	705								0	0	1						wary	trouble	0.0	0.0
MEANING_0873	Meaning	unrelated	0	test	plus	model_blind_selected			USF Appendix A	USF:absent-both-directions	horse	owl		"[""h"", ""ɔ"", ""ɹ"", ""s""]"	"[""aʊ"", ""l""]"					0.0	0.0	4.96793320863002	3.748795857031107	4.358364532830564	4	2		1	1	3331	1374								0	0	1						horse	owl	0.0	0.0
MEANING_0874	Meaning	unrelated	0	test	plus	model_blind_selected			USF Appendix A	USF:absent-both-directions	clog	fate		"[""k"", ""l"", ""ɑ"", ""ɡ""]"	"[""f"", ""eɪ"", ""t""]"					0.0	0.0	2.905213680621799	4.430732522068345	3.667973101345072	4	3		1	1	1	2								0	0	1						clog	fate	0.0	0.0
MEANING_0875	Meaning	unrelated	0	test	plus	model_blind_selected			USF Appendix A	USF:absent-both-directions	damn	reason		"[""d"", ""æ"", ""m""]"	"[""ɹ"", ""iː"", ""z"", ""ə"", ""n""]"					0.0	0.0	5.4525981168605755	5.2862186377207685	5.3694083772906716	3	5		1	2	107	400								0	0	1						damn	reason	0.0	0.0
MEANING_0876	Meaning	unrelated	0	test	plus	model_blind_selected			USF Appendix A	USF:absent-both-directions	clog	confuse		"[""k"", ""l"", ""ɑ"", ""ɡ""]"	"[""k"", ""ə"", ""n"", ""f"", ""j"", ""uː"", ""z""]"					0.0	0.0	2.905213680621799	3.678036097500376	3.2916248890610875	4	7		1	2	1	8								0	0	1						clog	confuse	0.0	0.0
MEANING_0877	Meaning	unrelated	0	test	plus	model_blind_selected			USF Appendix A	USF:absent-both-directions	faint	throne		"[""f"", ""eɪ"", ""n"", ""t""]"	"[""θ"", ""ɹ"", ""oʊ"", ""n""]"					0.0	0.0	3.9672909646398753	3.9368684133699023	3.952079689004889	4	4		1	1	13	7								0	0	1						faint	throne	0.0	0.0
MEANING_0878	Meaning	unrelated	0	test	plus	model_blind_selected			USF Appendix A	USF:absent-both-directions	brake	melt		"[""b"", ""ɹ"", ""eɪ"", ""k""]"	"[""m"", ""ɛ"", ""l"", ""t""]"					0.0	0.0	3.7767296632488496	3.864138655710751	3.8204341594798006	4	4		1	1	20	99								0	0	1						brake	melt	0.0	0.0
MEANING_0879	Meaning	unrelated	0	test	plus	model_blind_selected			USF Appendix A	USF:absent-both-directions	horse	bull		"[""h"", ""ɔ"", ""ɹ"", ""s""]"	"[""b"", ""ʊ"", ""l""]"					0.0	0.0	4.96793320863002	4.4394874949304235	4.703710351780222	4	3		1	1	3331	84								0	0	1						horse	bull	0.0	0.0
MEANING_0880	Meaning	unrelated	0	test	plus	model_blind_selected			USF Appendix A	USF:absent-both-directions	reason	dart		"[""ɹ"", ""iː"", ""z"", ""ə"", ""n""]"	"[""d"", ""ɑ"", ""ɹ"", ""t""]"					0.0	0.0	5.2862186377207685	3.2836558995945584	4.2849372686576634	5	4		2	1	400	21								0	0	1						reason	dart	0.0	0.0
MEANING_0881	Meaning	unrelated	0	test	plus	model_blind_selected			USF Appendix A	USF:absent-both-directions	store	spill		"[""s"", ""t"", ""ɔ"", ""ɹ""]"	"[""s"", ""p"", ""ɪ"", ""l""]"					0.0	0.0	4.913398259546353	3.9279135707169757	4.420655915131665	4	4		1	1	2220	647								0	0	1						store	spill	0.0	0.0
MEANING_0882	Meaning	unrelated	0	test	plus	model_blind_selected			USF Appendix A	USF:absent-both-directions	faint	leap		"[""f"", ""eɪ"", ""n"", ""t""]"	"[""l"", ""iː"", ""p""]"					0.0	0.0	3.9672909646398753	3.8239087409443187	3.895599852792097	4	3		1	1	13	48								0	0	1						faint	leap	0.0	0.0
MEANING_0883	Meaning	unrelated	0	test	plus	model_blind_selected			USF Appendix A	USF:absent-both-directions	sales	rise		"[""s"", ""eɪ"", ""l"", ""z""]"	"[""ɹ"", ""aɪ"", ""z""]"					0.0	0.0	4.1040048297726575	4.438247538393892	4.271126184083275	4	3		1	1	26	37								0	0	1						sales	rise	0.0	0.0
MEANING_0884	Meaning	unrelated	0	test	plus	model_blind_selected			USF Appendix A	USF:absent-both-directions	pull	honest		"[""p"", ""ʊ"", ""l""]"	"[""ɑ"", ""n"", ""ɪ"", ""s"", ""t""]"					0.0	0.0	5.165692283340791	4.859338479128867	5.012515381234829	3	5		1	2	3396	16								0	0	1						pull	honest	0.0	0.0
MEANING_0885	Meaning	unrelated	0	test	plus	model_blind_selected			USF Appendix A	USF:absent-both-directions	faint	lonely		"[""f"", ""eɪ"", ""n"", ""t""]"	"[""l"", ""oʊ"", ""n"", ""l"", ""i""]"					0.0	0.0	3.9672909646398753	4.619788758288394	4.293539861464135	4	5		1	2	13	115								0	0	1						faint	lonely	0.0	0.0
MEANING_0886	Meaning	unrelated	0	test	plus	model_blind_selected			USF Appendix A	USF:absent-both-directions	snob	try		"[""s"", ""n"", ""ɑ"", ""b""]"	"[""t"", ""ɹ"", ""aɪ""]"					0.0	0.0	3.337752802688721	5.678286236263478	4.5080195194760995	4	3		1	1	0	7304								0	0	1	unseen_phase1:snob					snob	try	0.0	0.0
MEANING_0887	Meaning	unrelated	0	test	plus	model_blind_selected			USF Appendix A	USF:absent-both-directions	reason	slab		"[""ɹ"", ""iː"", ""z"", ""ə"", ""n""]"	"[""s"", ""l"", ""æ"", ""b""]"					0.0	0.0	5.2862186377207685	3.2655576775017625	4.2758881576112655	5	4		2	1	400	5								0	0	1						reason	slab	0.0	0.0
MEANING_0888	Meaning	unrelated	0	test	plus	model_blind_selected			USF Appendix A	USF:absent-both-directions	snob	behind		"[""s"", ""n"", ""ɑ"", ""b""]"	"[""b"", ""ɪ"", ""h"", ""aɪ"", ""n"", ""d""]"					0.0	0.0	3.337752802688721	5.2738406640679525	4.305796733378337	4	6		1	2	0	1890								0	0	1	unseen_phase1:snob					snob	behind	0.0	0.0
MEANING_0889	Meaning	unrelated	0	test	plus	model_blind_selected			USF Appendix A	USF:absent-both-directions	horse	virgin		"[""h"", ""ɔ"", ""ɹ"", ""s""]"	"[""v"", ""ɜː"", ""d̠ʒ"", ""ɪ"", ""n""]"					0.0	0.0	4.96793320863002	4.2751532115706095	4.621543210100315	4	5		1	2	3331	1								0	0	1						horse	virgin	0.0	0.0
MEANING_0890	Meaning	unrelated	0	test	plus	model_blind_selected			USF Appendix A	USF:absent-both-directions	horse	realize		"[""h"", ""ɔ"", ""ɹ"", ""s""]"	"[""ɹ"", ""iː"", ""ə"", ""l"", ""aɪ"", ""z""]"					0.0	0.0	4.96793320863002	4.897950347339533	4.932941777984777	4	6		1	3	3331	120								0	0	1						horse	realize	0.0	0.0
MEANING_0891	Meaning	unrelated	0	test	plus	model_blind_selected			USF Appendix A	USF:absent-both-directions	diaper	widow		"[""d"", ""aɪ"", ""p"", ""ə"", ""ɹ""]"	"[""w"", ""ɪ"", ""d"", ""oʊ""]"					0.0	0.0	3.6308863175066683	4.082714987935305	3.856800652720987	4	4		2	2	1479	1								0	0	1						diaper	widow	0.0	0.0
MEANING_0892	Meaning	unrelated	0	test	plus	model_blind_selected			USF Appendix A	USF:absent-both-directions	wary	wet		"[""w"", ""ɛ"", ""ɹ"", ""i""]"	"[""w"", ""ɛ"", ""t""]"					0.0	0.0	2.872213420518874	4.5934598195660445	3.732836620042459	4	3		2	1	2	2057								0	0	1						wary	wet	0.0	0.0
MEANING_0893	Meaning	unrelated	0	test	plus	model_blind_selected			USF Appendix A	USF:absent-both-directions	damn	flowers		"[""d"", ""æ"", ""m""]"	"[""f"", ""l"", ""aʊ"", ""ə"", ""ɹ"", ""z""]"					0.0	0.0	5.4525981168605755	4.677499600233999	5.0650488585472875	3	5		1	2	107	1624								0	0	1						damn	flowers	0.0	0.0
MEANING_0894	Meaning	unrelated	0	test	plus	model_blind_selected			USF Appendix A	USF:absent-both-directions	reason	soak		"[""ɹ"", ""iː"", ""z"", ""ə"", ""n""]"	"[""s"", ""oʊ"", ""k""]"					0.0	0.0	5.2862186377207685	3.5379424917162137	4.412080564718491	5	3		2	1	400	17								0	0	1						reason	soak	0.0	0.0
MEANING_0895	Meaning	unrelated	0	test	plus	model_blind_selected			USF Appendix A	USF:absent-both-directions	faint	journal		"[""f"", ""eɪ"", ""n"", ""t""]"	"[""d̠ʒ"", ""ɜː"", ""n"", ""ə"", ""l""]"					0.0	0.0	3.9672909646398753	3.9485280259148956	3.9579094952773852	4	5		1	2	13	7								0	0	1						faint	journal	0.0	0.0
MEANING_0896	Meaning	unrelated	0	test	plus	model_blind_selected			USF Appendix A	USF:absent-both-directions	sales	sponge		"[""s"", ""eɪ"", ""l"", ""z""]"	"[""s"", ""p"", ""ʌ"", ""n"", ""d̠ʒ""]"					0.0	0.0	4.1040048297726575	3.8264559299581986	3.965230379865428	4	5		1	1	26	169								0	0	1						sales	sponge	0.0	0.0
MEANING_0897	Meaning	unrelated	0	test	plus	model_blind_selected			USF Appendix A	USF:absent-both-directions	damn	royal		"[""d"", ""æ"", ""m""]"	"[""ɹ"", ""ɔɪ"", ""ə"", ""l""]"					0.0	0.0	5.4525981168605755	4.3661481742481865	4.909373145554381	3	4		1	2	107	31								0	0	1						damn	royal	0.0	0.0
MEANING_0898	Meaning	unrelated	0	test	plus	model_blind_selected			USF Appendix A	USF:absent-both-directions	brake	famous		"[""b"", ""ɹ"", ""eɪ"", ""k""]"	"[""f"", ""eɪ"", ""m"", ""ə"", ""s""]"					0.0	0.0	3.7767296632488496	4.653401707627999	4.215065685438424	4	5		1	2	20	40								0	0	1						brake	famous	0.0	0.0
MEANING_0899	Meaning	unrelated	0	test	plus	model_blind_selected			USF Appendix A	USF:absent-both-directions	snob	solve		"[""s"", ""n"", ""ɑ"", ""b""]"	"[""s"", ""ɑ"", ""l"", ""v""]"					0.0	0.0	3.337752802688721	4.289816208299377	3.813784505494049	4	4		1	1	0	24								0	0	1	unseen_phase1:snob					snob	solve	0.0	0.0
MEANING_0900	Meaning	unrelated	0	test	plus	model_blind_selected			USF Appendix A	USF:absent-both-directions	diaper	parade		"[""d"", ""aɪ"", ""p"", ""ə"", ""ɹ""]"	"[""p"", ""ə"", ""ɹ"", ""ɹ"", ""eɪ"", ""d""]"					0.0	0.0	3.6308863175066683	4.109995193461844	3.8704407554842564	4	4		2	2	1479	167								0	0	1						diaper	parade	0.0	0.0
MEANING_0901	Meaning	unrelated	0	test	plus	model_blind_selected			USF Appendix A	USF:absent-both-directions	diaper	pencil		"[""d"", ""aɪ"", ""p"", ""ə"", ""ɹ""]"	"[""p"", ""ɛ"", ""n"", ""s"", ""ə"", ""l""]"					0.0	0.0	3.6308863175066683	3.993997808957991	3.8124420632323295	4	6		2	2	1479	1426								0	0	1						diaper	pencil	0.0	0.0
MEANING_0902	Meaning	unrelated	0	test	plus	model_blind_selected			USF Appendix A	USF:absent-both-directions	damn	gallop		"[""d"", ""æ"", ""m""]"	"[""ɡ"", ""æ"", ""l"", ""ə"", ""p""]"					0.0	0.0	5.4525981168605755	2.973671061277651	4.213134589069114	3	5		1	2	107	24								0	0	1						damn	gallop	0.0	0.0
MEANING_0903	Meaning	unrelated	0	test	plus	model_blind_selected			USF Appendix A	USF:absent-both-directions	horse	sand		"[""h"", ""ɔ"", ""ɹ"", ""s""]"	"[""s"", ""æ"", ""n"", ""d""]"					0.0	0.0	4.96793320863002	4.307370173695	4.63765169116251	4	4		1	1	3331	645								0	0	1						horse	sand	0.0	0.0
MEANING_0904	Meaning	unrelated	0	test	plus	model_blind_selected			USF Appendix A	USF:absent-both-directions	shampoo	same		"[""ʃ"", ""æ"", ""m"", ""p"", ""uː""]"	"[""s"", ""eɪ"", ""m""]"					0.0	0.0	3.624868283817669	5.620319805550606	4.622594044684138	5	3		2	1	140	3016								0	0	1						shampoo	same	0.0	0.0
MEANING_0905	Meaning	unrelated	0	test	plus	model_blind_selected			USF Appendix A	USF:absent-both-directions	diaper	wed		"[""d"", ""aɪ"", ""p"", ""ə"", ""ɹ""]"	"[""w"", ""ɛ"", ""d""]"					0.0	0.0	3.6308863175066683	3.38933983691012	3.510113077208394	4	3		2	1	1479	45								0	0	1						diaper	wed	0.0	0.0
MEANING_0906	Meaning	unrelated	0	test	plus	model_blind_selected			USF Appendix A	USF:absent-both-directions	shampoo	trim		"[""ʃ"", ""æ"", ""m"", ""p"", ""uː""]"	"[""t"", ""ɹ"", ""ɪ"", ""m""]"					0.0	0.0	3.624868283817669	3.6308863175066683	3.6278773006621687	5	4		2	1	140	31								0	0	1						shampoo	trim	0.0	0.0
MEANING_0907	Meaning	unrelated	0	test	plus	model_blind_selected			USF Appendix A	USF:absent-both-directions	reason	sexy		"[""ɹ"", ""iː"", ""z"", ""ə"", ""n""]"	"[""s"", ""ɛ"", ""k"", ""s"", ""i""]"					0.0	0.0	5.2862186377207685	4.476837309314384	4.881527973517576	5	5		2	2	400	47								0	0	1						reason	sexy	0.0	0.0
MEANING_0908	Meaning	unrelated	0	test	plus	model_blind_selected			USF Appendix A	USF:absent-both-directions	sales	steel		"[""s"", ""eɪ"", ""l"", ""z""]"	"[""s"", ""t"", ""iː"", ""l""]"					0.0	0.0	4.1040048297726575	4.26601944732932	4.185012138550989	4	4		1	1	26	40								0	0	1						sales	steel	0.0	0.0
MEANING_0909	Meaning	unrelated	0	test	plus	model_blind_selected			USF Appendix A	USF:absent-both-directions	wary	diner		"[""w"", ""ɛ"", ""ɹ"", ""i""]"	"[""d"", ""aɪ"", ""n"", ""ə"", ""ɹ""]"					0.0	0.0	2.872213420518874	4.093146902184449	3.482680161351661	4	4		2	2	2	19								0	0	1						wary	diner	0.0	0.0
MEANING_0910	Meaning	unrelated	0	test	plus	model_blind_selected			USF Appendix A	USF:absent-both-directions	pull	routine		"[""p"", ""ʊ"", ""l""]"	"[""ɹ"", ""uː"", ""t"", ""iː"", ""n""]"					0.0	0.0	5.165692283340791	4.297610336405844	4.7316513098733175	3	5		1	2	3396	44								0	0	1						pull	routine	0.0	0.0
MEANING_0911	Meaning	unrelated	0	test	plus	model_blind_selected			USF Appendix A	USF:absent-both-directions	sales	curse		"[""s"", ""eɪ"", ""l"", ""z""]"	"[""k"", ""ɜː"", ""s""]"					0.0	0.0	4.1040048297726575	4.260445537895706	4.1822251838341815	4	3		1	1	26	19								0	0	1						sales	curse	0.0	0.0
MEANING_0912	Meaning	unrelated	0	test	plus	model_blind_selected			USF Appendix A	USF:absent-both-directions	sales	throne		"[""s"", ""eɪ"", ""l"", ""z""]"	"[""θ"", ""ɹ"", ""oʊ"", ""n""]"					0.0	0.0	4.1040048297726575	3.9368684133699023	4.02043662157128	4	4		1	1	26	7								0	0	1						sales	throne	0.0	0.0
MEANING_0913	Meaning	unrelated	0	test	plus	model_blind_selected			USF Appendix A	USF:absent-both-directions	store	saddle		"[""s"", ""t"", ""ɔ"", ""ɹ""]"	"[""s"", ""æ"", ""d"", ""ə"", ""l""]"					0.0	0.0	4.913398259546353	3.8934027195888117	4.4034004895675825	4	5		1	2	2220	53								0	0	1						store	saddle	0.0	0.0
MEANING_0914	Meaning	unrelated	0	test	plus	model_blind_selected			USF Appendix A	USF:absent-both-directions	diaper	niece		"[""d"", ""aɪ"", ""p"", ""ə"", ""ɹ""]"	"[""n"", ""iː"", ""s""]"					0.0	0.0	3.6308863175066683	3.979066093164357	3.804976205335513	4	3		2	1	1479	29								0	0	1						diaper	niece	0.0	0.0
MEANING_0915	Meaning	unrelated	0	test	plus	model_blind_selected			USF Appendix A	USF:absent-both-directions	reason	dry		"[""ɹ"", ""iː"", ""z"", ""ə"", ""n""]"	"[""d"", ""ɹ"", ""aɪ""]"					0.0	0.0	5.2862186377207685	4.6316824579347635	4.958950547827766	5	3		2	1	400	1238								0	0	1						reason	dry	0.0	0.0
MEANING_0916	Meaning	unrelated	0	test	plus	model_blind_selected			USF Appendix A	USF:absent-both-directions	faint	loan		"[""f"", ""eɪ"", ""n"", ""t""]"	"[""l"", ""oʊ"", ""n""]"					0.0	0.0	3.9672909646398753	4.298039269262344	4.1326651169511095	4	3		1	1	13	14								0	0	1						faint	loan	0.0	0.0
MEANING_0917	Meaning	unrelated	0	test	plus	model_blind_selected			USF Appendix A	USF:absent-both-directions	wary	booth		"[""w"", ""ɛ"", ""ɹ"", ""i""]"	"[""b"", ""uː"", ""θ""]"					0.0	0.0	2.872213420518874	4.309045371459241	3.5906293959890574	4	3		2	1	2	21								0	0	1						wary	booth	0.0	0.0
MEANING_0918	Meaning	unrelated	0	test	plus	model_blind_selected			USF Appendix A	USF:absent-both-directions	shampoo	noisy		"[""ʃ"", ""æ"", ""m"", ""p"", ""uː""]"	"[""n"", ""ɔɪ"", ""z"", ""i""]"					0.0	0.0	3.624868283817669	3.7023629472333583	3.6636156155255137	5	4		2	2	140	377								0	0	1						shampoo	noisy	0.0	0.0
MEANING_0919	Meaning	unrelated	0	test	plus	model_blind_selected			USF Appendix A	USF:absent-both-directions	pull	morning		"[""p"", ""ʊ"", ""l""]"	"[""m"", ""ɔ"", ""ɹ"", ""n"", ""ɪ"", ""ŋ""]"					0.0	0.0	5.165692283340791	5.642464520242122	5.404078401791456	3	6		1	2	3396	2440								0	0	1						pull	morning	0.0	0.0
MEANING_0920	Meaning	unrelated	0	test	plus	model_blind_selected			USF Appendix A	USF:absent-both-directions	please	sign		"[""p"", ""l"", ""iː"", ""z""]"	"[""s"", ""aɪ"", ""n""]"					0.0	0.0	6.041771849889581	5.124747093824325	5.5832594718569535	4	3		1	1	9152	449								0	0	1						please	sign	0.0	0.0
MEANING_0921	Meaning	unrelated	0	test	plus	model_blind_selected			USF Appendix A	USF:absent-both-directions	diaper	worn		"[""d"", ""aɪ"", ""p"", ""ə"", ""ɹ""]"	"[""w"", ""ɔ"", ""ɹ"", ""n""]"					0.0	0.0	3.6308863175066683	4.00339294289734	3.817139630202004	4	4		2	1	1479	42								0	0	1						diaper	worn	0.0	0.0
MEANING_0922	Meaning	unrelated	0	test	plus	model_blind_selected			USF Appendix A	USF:absent-both-directions	brake	honest		"[""b"", ""ɹ"", ""eɪ"", ""k""]"	"[""ɑ"", ""n"", ""ɪ"", ""s"", ""t""]"					0.0	0.0	3.7767296632488496	4.859338479128867	4.318034071188858	4	5		1	2	20	16								0	0	1						brake	honest	0.0	0.0
MEANING_0923	Meaning	unrelated	0	test	plus	model_blind_selected			USF Appendix A	USF:absent-both-directions	diaper	drunk		"[""d"", ""aɪ"", ""p"", ""ə"", ""ɹ""]"	"[""d"", ""ɹ"", ""ʌ"", ""ŋ"", ""k""]"					0.0	0.0	3.6308863175066683	4.883939632896718	4.257412975201693	4	5		2	1	1479	68								0	0	1						diaper	drunk	0.0	0.0
MEANING_0924	Meaning	unrelated	0	test	plus	model_blind_selected			USF Appendix A	USF:absent-both-directions	wary	damp		"[""w"", ""ɛ"", ""ɹ"", ""i""]"	"[""d"", ""æ"", ""m"", ""p""]"					0.0	0.0	2.872213420518874	3.4656160923143378	3.168914756416606	4	4		2	1	2	34								0	0	1						wary	damp	0.0	0.0
MEANING_0925	Meaning	unrelated	0	test	plus	model_blind_selected			USF Appendix A	USF:absent-both-directions	please	sock		"[""p"", ""l"", ""iː"", ""z""]"	"[""s"", ""ɑ"", ""k""]"					0.0	0.0	6.041771849889581	3.953295301905933	4.997533575897757	4	3		1	1	9152	788								0	0	1						please	sock	0.0	0.0
MEANING_0926	Meaning	unrelated	0	test	plus	model_blind_selected			USF Appendix A	USF:absent-both-directions	malaria	coat		"[""m"", ""æ"", ""l"", ""ɛ"", ""ɹ"", ""iə""]"	"[""k"", ""oʊ"", ""t""]"					0.0	0.0	3.2218487496163566	4.624059541531996	3.9229541455741765	7	3		4	1	0	1029								0	0	1	unseen_phase1:malaria					malaria	coat	0.0	0.0
MEANING_0927	Meaning	unrelated	0	test	plus	model_blind_selected			USF Appendix A	USF:absent-both-directions	diaper	slow		"[""d"", ""aɪ"", ""p"", ""ə"", ""ɹ""]"	"[""s"", ""l"", ""oʊ""]"					0.0	0.0	3.6308863175066683	4.880925624909274	4.255905971207971	4	3		2	1	1479	676								0	0	1						diaper	slow	0.0	0.0
MEANING_0928	Meaning	unrelated	0	test	plus	model_blind_selected			USF Appendix A	USF:absent-both-directions	clog	hound		"[""k"", ""l"", ""ɑ"", ""ɡ""]"	"[""h"", ""aʊ"", ""n"", ""d""]"					0.0	0.0	2.905213680621799	3.7023629472333583	3.303788313927579	4	4		1	1	1	25								0	0	1						clog	hound	0.0	0.0
MEANING_0929	Meaning	unrelated	0	test	plus	model_blind_selected			USF Appendix A	USF:absent-both-directions	horse	item		"[""h"", ""ɔ"", ""ɹ"", ""s""]"	"[""aɪ"", ""t"", ""ə"", ""m""]"					0.0	0.0	4.96793320863002	4.09038946763926	4.5291613381346405	4	4		1	2	3331	23								0	0	1						horse	item	0.0	0.0
MEANING_0930	Meaning	unrelated	0	test	plus	model_blind_selected			USF Appendix A	USF:absent-both-directions	store	seal		"[""s"", ""t"", ""ɔ"", ""ɹ""]"	"[""s"", ""iː"", ""l""]"					0.0	0.0	4.913398259546353	4.168647664493706	4.54102296202003	4	3		1	1	2220	385								0	0	1						store	seal	0.0	0.0
MEANING_0931	Meaning	unrelated	0	test	plus	model_blind_selected			USF Appendix A	USF:absent-both-directions	sales	dignity		"[""s"", ""eɪ"", ""l"", ""z""]"	"[""d"", ""ɪ"", ""ɡ"", ""n"", ""ɪ"", ""t"", ""i""]"					0.0	0.0	4.1040048297726575	4.033581422753849	4.0687931262632535	4	7		1	3	26	0								0	0	1	unseen_phase1:dignity					sales	dignity	0.0	0.0
MEANING_0932	Meaning	unrelated	0	test	plus	model_blind_selected			USF Appendix A	USF:absent-both-directions	sales	other		"[""s"", ""eɪ"", ""l"", ""z""]"	"[""ʌ"", ""ð"", ""ə"", ""ɹ""]"					0.0	0.0	4.1040048297726575	5.866518993700651	4.985261911736654	4	3		1	2	26	11446								0	0	1						sales	other	0.0	0.0
MEANING_0933	Meaning	unrelated	0	test	plus	model_blind_selected			USF Appendix A	USF:absent-both-directions	brake	gym		"[""b"", ""ɹ"", ""eɪ"", ""k""]"	"[""d̠ʒ"", ""ɪ"", ""m""]"					0.0	0.0	3.7767296632488496	4.2595095580465605	4.018119610647705	4	3		1	1	20	188								0	0	1						brake	gym	0.0	0.0
MEANING_0934	Meaning	unrelated	0	test	plus	model_blind_selected			USF Appendix A	USF:absent-both-directions	reason	jar		"[""ɹ"", ""iː"", ""z"", ""ə"", ""n""]"	"[""d̠ʒ"", ""ɑ"", ""ɹ""]"					0.0	0.0	5.2862186377207685	3.919795680494796	4.603007159107783	5	3		2	1	400	230								0	0	1						reason	jar	0.0	0.0
MEANING_0935	Meaning	unrelated	0	test	plus	model_blind_selected			USF Appendix A	USF:absent-both-directions	faint	wardrobe		"[""f"", ""eɪ"", ""n"", ""t""]"	"[""w"", ""ɔ"", ""ɹ"", ""d"", ""ɹ"", ""oʊ"", ""b""]"					0.0	0.0	3.9672909646398753	3.8109437637799513	3.8891173642099135	4	7		1	2	13	9								0	0	1						faint	wardrobe	0.0	0.0
MEANING_0936	Meaning	unrelated	0	test	plus	model_blind_selected			USF Appendix A	USF:absent-both-directions	reason	hate		"[""ɹ"", ""iː"", ""z"", ""ə"", ""n""]"	"[""h"", ""eɪ"", ""t""]"					0.0	0.0	5.2862186377207685	5.331605908278105	5.308912272999437	5	3		2	1	400	702								0	0	1						reason	hate	0.0	0.0
MEANING_0937	Meaning	unrelated	0	test	plus	model_blind_selected			USF Appendix A	USF:absent-both-directions	brake	lift		"[""b"", ""ɹ"", ""eɪ"", ""k""]"	"[""l"", ""ɪ"", ""f"", ""t""]"					0.0	0.0	3.7767296632488496	4.533228595019395	4.154979129134122	4	4		1	1	20	537								0	0	1						brake	lift	0.0	0.0
MEANING_0938	Meaning	unrelated	0	test	plus	model_blind_selected			USF Appendix A	USF:absent-both-directions	horse	paste		"[""h"", ""ɔ"", ""ɹ"", ""s""]"	"[""p"", ""eɪ"", ""s"", ""t""]"					0.0	0.0	4.96793320863002	3.231949076520682	4.099941142575351	4	4		1	1	3331	110								0	0	1						horse	paste	0.0	0.0
MEANING_0939	Meaning	unrelated	0	test	plus	model_blind_selected			USF Appendix A	USF:absent-both-directions	wary	oath		"[""w"", ""ɛ"", ""ɹ"", ""i""]"	"[""oʊ"", ""θ""]"					0.0	0.0	2.872213420518874	3.994860360347589	3.4335368904332313	4	2		2	1	2	0								0	0	1	unseen_phase1:oath					wary	oath	0.0	0.0
MEANING_0940	Meaning	unrelated	0	test	plus	model_blind_selected			USF Appendix A	USF:absent-both-directions	store	dream		"[""s"", ""t"", ""ɔ"", ""ɹ""]"	"[""d"", ""ɹ"", ""iː"", ""m""]"					0.0	0.0	4.913398259546353	5.1248109841491045	5.019104621847729	4	4		1	1	2220	445								0	0	1						store	dream	0.0	0.0
MEANING_0941	Meaning	unrelated	0	test	plus	model_blind_selected			USF Appendix A	USF:absent-both-directions	shampoo	alike		"[""ʃ"", ""æ"", ""m"", ""p"", ""uː""]"	"[""ə"", ""l"", ""aɪ"", ""k""]"					0.0	0.0	3.624868283817669	4.0551083876295	3.8399883357235844	5	4		2	2	140	91								0	0	1						shampoo	alike	0.0	0.0
MEANING_0942	Meaning	unrelated	0	test	plus	model_blind_selected			USF Appendix A	USF:absent-both-directions	damn	underwater		"[""d"", ""æ"", ""m""]"	"[""ʌ"", ""n"", ""d"", ""ə"", ""ɹ"", ""w"", ""ɔ"", ""t"", ""ə"", ""ɹ""]"					0.0	0.0	5.4525981168605755	3.8016323462331663	4.62711523154687	3	8		1	4	107	84								0	0	1						damn	underwater	0.0	0.0
MEANING_0943	Meaning	unrelated	0	test	plus	model_blind_selected			USF Appendix A	USF:absent-both-directions	horse	pin		"[""h"", ""ɔ"", ""ɹ"", ""s""]"	"[""p"", ""ɪ"", ""n""]"					0.0	0.0	4.96793320863002	4.214116299385665	4.591024754007843	4	3		1	1	3331	420								0	0	1						horse	pin	0.0	0.0
MEANING_0944	Meaning	unrelated	0	test	plus	model_blind_selected			USF Appendix A	USF:absent-both-directions	store	dwarves		"[""s"", ""t"", ""ɔ"", ""ɹ""]"	"[""d"", ""w"", ""ɔ"", ""ɹ"", ""v"", ""z""]"					0.0	0.0	4.913398259546353	3.048304679574555	3.980851469560454	4	6		1	1	2220	20								0	0	1						store	dwarves	0.0	0.0
MEANING_0945	Meaning	unrelated	0	test	plus	model_blind_selected			USF Appendix A	USF:absent-both-directions	reason	solve		"[""ɹ"", ""iː"", ""z"", ""ə"", ""n""]"	"[""s"", ""ɑ"", ""l"", ""v""]"					0.0	0.0	5.2862186377207685	4.289816208299377	4.788017423010073	5	4		2	1	400	24								0	0	1						reason	solve	0.0	0.0
MEANING_0946	Meaning	unrelated	0	test	plus	model_blind_selected			USF Appendix A	USF:absent-both-directions	reason	nephew		"[""ɹ"", ""iː"", ""z"", ""ə"", ""n""]"	"[""n"", ""ɛ"", ""f"", ""j"", ""uː""]"					0.0	0.0	5.2862186377207685	4.219800186941088	4.753009412330928	5	5		2	2	400	22								0	0	1						reason	nephew	0.0	0.0
MEANING_0947	Meaning	unrelated	0	test	plus	model_blind_selected			USF Appendix A	USF:absent-both-directions	faint	dignity		"[""f"", ""eɪ"", ""n"", ""t""]"	"[""d"", ""ɪ"", ""ɡ"", ""n"", ""ɪ"", ""t"", ""i""]"					0.0	0.0	3.9672909646398753	4.033581422753849	4.000436193696862	4	7		1	3	13	0								0	0	1	unseen_phase1:dignity					faint	dignity	0.0	0.0
MEANING_0948	Meaning	unrelated	0	test	plus	model_blind_selected			USF Appendix A	USF:absent-both-directions	sales	mean		"[""s"", ""eɪ"", ""l"", ""z""]"	"[""m"", ""iː"", ""n""]"					0.0	0.0	4.1040048297726575	6.0948135349808545	5.099409182376756	4	3		1	1	26	7737								0	0	1						sales	mean	0.0	0.0
MEANING_0949	Meaning	unrelated	0	test	plus	model_blind_selected			USF Appendix A	USF:absent-both-directions	brake	burglar		"[""b"", ""ɹ"", ""eɪ"", ""k""]"	"[""b"", ""ɜː"", ""ɡ"", ""l"", ""ə"", ""ɹ""]"					0.0	0.0	3.7767296632488496	3.7426789322214247	3.759704297735137	4	5		1	2	20	12								0	0	1						brake	burglar	0.0	0.0
MEANING_0950	Meaning	unrelated	0	test	plus	model_blind_selected			USF Appendix A	USF:absent-both-directions	brake	seed		"[""b"", ""ɹ"", ""eɪ"", ""k""]"	"[""s"", ""iː"", ""d""]"					0.0	0.0	3.7767296632488496	3.8790171285738184	3.8278733959113342	4	3		1	1	20	265								0	0	1						brake	seed	0.0	0.0
MEANING_0951	Meaning	unrelated	0	test	plus	model_blind_selected			USF Appendix A	USF:absent-both-directions	clog	drunk		"[""k"", ""l"", ""ɑ"", ""ɡ""]"	"[""d"", ""ɹ"", ""ʌ"", ""ŋ"", ""k""]"					0.0	0.0	2.905213680621799	4.883939632896718	3.8945766567592583	4	5		1	1	1	68								0	0	1						clog	drunk	0.0	0.0
MEANING_0952	Meaning	unrelated	0	test	plus	model_blind_selected			USF Appendix A	USF:absent-both-directions	reason	heroin		"[""ɹ"", ""iː"", ""z"", ""ə"", ""n""]"	"[""h"", ""ɛ"", ""ɹ"", ""oʊ"", ""ɪ"", ""n""]"					0.0	0.0	5.2862186377207685	3.992267549769309	4.639243093745039	5	6		2	3	400	1								0	0	1						reason	heroin	0.0	0.0
MEANING_0953	Meaning	unrelated	0	test	plus	model_blind_selected			USF Appendix A	USF:absent-both-directions	faint	health		"[""f"", ""eɪ"", ""n"", ""t""]"	"[""h"", ""ɛ"", ""l"", ""θ""]"					0.0	0.0	3.9672909646398753	4.605030263163323	4.2861606139015995	4	4		1	1	13	45								0	0	1						faint	health	0.0	0.0
MEANING_0954	Meaning	unrelated	0	test	plus	model_blind_selected			USF Appendix A	USF:absent-both-directions	shampoo	beans		"[""ʃ"", ""æ"", ""m"", ""p"", ""uː""]"	"[""b"", ""iː"", ""n"", ""z""]"					0.0	0.0	3.624868283817669	4.159307638239563	3.892087961028616	5	4		2	1	140	988								0	0	1						shampoo	beans	0.0	0.0
MEANING_0955	Meaning	unrelated	0	test	plus	model_blind_selected			USF Appendix A	USF:absent-both-directions	wary	chop		"[""w"", ""ɛ"", ""ɹ"", ""i""]"	"[""t̠ʃ"", ""ɑ"", ""p""]"					0.0	0.0	2.872213420518874	4.1337892943569186	3.5030013574378964	4	3		2	1	2	511								0	0	1						wary	chop	0.0	0.0
MEANING_0956	Meaning	unrelated	0	test	plus	model_blind_selected			USF Appendix A	USF:absent-both-directions	brake	rush		"[""b"", ""ɹ"", ""eɪ"", ""k""]"	"[""ɹ"", ""ʌ"", ""ʃ""]"					0.0	0.0	3.7767296632488496	4.497092335650283	4.136910999449566	4	3		1	1	20	106								0	0	1						brake	rush	0.0	0.0
MEANING_0957	Meaning	unrelated	0	test	plus	model_blind_selected			USF Appendix A	USF:absent-both-directions	reason	like		"[""ɹ"", ""iː"", ""z"", ""ə"", ""n""]"	"[""l"", ""aɪ"", ""k""]"					0.0	0.0	5.2862186377207685	6.6019471452588885	5.9440828914898285	5	3		2	1	400	69902								0	0	1						reason	like	0.0	0.0
MEANING_0958	Meaning	unrelated	0	test	plus	model_blind_selected			USF Appendix A	USF:absent-both-directions	damn	ribbon		"[""d"", ""æ"", ""m""]"	"[""ɹ"", ""ɪ"", ""b"", ""ə"", ""n""]"					0.0	0.0	5.4525981168605755	3.704049529865294	4.578323823362934	3	5		1	2	107	213								0	0	1						damn	ribbon	0.0	0.0
MEANING_0959	Meaning	unrelated	0	test	plus	model_blind_selected			USF Appendix A	USF:absent-both-directions	reason	swear		"[""ɹ"", ""iː"", ""z"", ""ə"", ""n""]"	"[""s"", ""w"", ""ɛ"", ""ɹ""]"					0.0	0.0	5.2862186377207685	4.945256126463068	5.115737382091918	5	4		2	1	400	35								0	0	1						reason	swear	0.0	0.0
MEANING_0960	Meaning	unrelated	0	test	plus	model_blind_selected			USF Appendix A	USF:absent-both-directions	diaper	bleach		"[""d"", ""aɪ"", ""p"", ""ə"", ""ɹ""]"	"[""b"", ""l"", ""iː"", ""t̠ʃ""]"					0.0	0.0	3.6308863175066683	3.364311831208189	3.497599074357429	4	4		2	1	1479	60								0	0	1						diaper	bleach	0.0	0.0
MEANING_0961	Meaning	unrelated	0	test	plus	model_blind_selected			USF Appendix A	USF:absent-both-directions	reason	ban		"[""ɹ"", ""iː"", ""z"", ""ə"", ""n""]"	"[""b"", ""æ"", ""n""]"					0.0	0.0	5.2862186377207685	3.4965498065579883	4.391384222139378	5	3		2	1	400	18								0	0	1						reason	ban	0.0	0.0
MEANING_0962	Meaning	unrelated	0	test	plus	model_blind_selected			USF Appendix A	USF:absent-both-directions	shampoo	ledge		"[""ʃ"", ""æ"", ""m"", ""p"", ""uː""]"	"[""l"", ""ɛ"", ""d̠ʒ""]"					0.0	0.0	3.624868283817669	3.5452828548819566	3.585075569349813	5	3		2	1	140	15								0	0	1						shampoo	ledge	0.0	0.0
MEANING_0963	Meaning	unrelated	0	test	plus	model_blind_selected			USF Appendix A	USF:absent-both-directions	damn	poet		"[""d"", ""æ"", ""m""]"	"[""p"", ""oʊ"", ""ɪ"", ""t""]"					0.0	0.0	5.4525981168605755	3.9645276818377813	4.708562899349179	3	4		1	2	107	3								0	0	1						damn	poet	0.0	0.0
MEANING_0964	Meaning	unrelated	0	test	plus	model_blind_selected			USF Appendix A	USF:absent-both-directions	please	silly		"[""p"", ""l"", ""iː"", ""z""]"	"[""s"", ""ɪ"", ""l"", ""i""]"					0.0	0.0	6.041771849889581	4.756621194543063	5.399196522216322	4	4		1	2	9152	3404								0	0	1						please	silly	0.0	0.0
MEANING_0965	Meaning	unrelated	0	test	plus	model_blind_selected			USF Appendix A	USF:absent-both-directions	faint	curse		"[""f"", ""eɪ"", ""n"", ""t""]"	"[""k"", ""ɜː"", ""s""]"					0.0	0.0	3.9672909646398753	4.260445537895706	4.113868251267791	4	3		1	1	13	19								0	0	1						faint	curse	0.0	0.0
MEANING_0966	Meaning	unrelated	0	test	plus	model_blind_selected			USF Appendix A	USF:absent-both-directions	horse	mastery		"[""h"", ""ɔ"", ""ɹ"", ""s""]"	"[""m"", ""æ"", ""s"", ""t"", ""ə"", ""ɹ"", ""ɹ"", ""i""]"					0.0	0.0	4.96793320863002	2.75482782180102	3.86138051521552	4	6		1	3	3331	0								0	0	1	unseen_phase1:mastery					horse	mastery	0.0	0.0
MEANING_0967	Meaning	unrelated	0	test	plus	model_blind_selected			USF Appendix A	USF:absent-both-directions	damn	elbow		"[""d"", ""æ"", ""m""]"	"[""ɛ"", ""l"", ""b"", ""oʊ""]"					0.0	0.0	5.4525981168605755	3.787974161448512	4.620286139154544	3	4		1	2	107	179								0	0	1						damn	elbow	0.0	0.0
MEANING_0968	Meaning	unrelated	0	test	plus	model_blind_selected			USF Appendix A	USF:absent-both-directions	diaper	wrong		"[""d"", ""aɪ"", ""p"", ""ə"", ""ɹ""]"	"[""ɹ"", ""ɔ"", ""ŋ""]"					0.0	0.0	3.6308863175066683	5.718583092118043	4.674734704812355	4	3		2	1	1479	2037								0	0	1						diaper	wrong	0.0	0.0
MEANING_0969	Meaning	unrelated	0	test	plus	model_blind_selected			USF Appendix A	USF:absent-both-directions	please	thesis		"[""p"", ""l"", ""iː"", ""z""]"	"[""θ"", ""iː"", ""s"", ""ɪ"", ""s""]"					0.0	0.0	6.041771849889581	3.5329790721846632	4.787375461037122	4	5		1	2	9152	1								0	0	1						please	thesis	0.0	0.0
MEANING_0970	Meaning	unrelated	0	test	plus	model_blind_selected			USF Appendix A	USF:absent-both-directions	diaper	barn		"[""d"", ""aɪ"", ""p"", ""ə"", ""ɹ""]"	"[""b"", ""ɑ"", ""ɹ"", ""n""]"					0.0	0.0	3.6308863175066683	4.133163058513871	3.8820246880102696	4	4		2	1	1479	609								0	0	1						diaper	barn	0.0	0.0
MEANING_0971	Meaning	unrelated	0	test	plus	model_blind_selected			USF Appendix A	USF:absent-both-directions	please	stuck		"[""p"", ""l"", ""iː"", ""z""]"	"[""s"", ""t"", ""ʌ"", ""k""]"					0.0	0.0	6.041771849889581	4.823780988485123	5.432776419187352	4	4		1	1	9152	1959								0	0	1						please	stuck	0.0	0.0
MEANING_0972	Meaning	unrelated	0	test	plus	model_blind_selected			USF Appendix A	USF:absent-both-directions	damn	horror		"[""d"", ""æ"", ""m""]"	"[""h"", ""ɔ"", ""ɹ"", ""ə"", ""ɹ""]"					0.0	0.0	5.4525981168605755	3.9626756769761875	4.707636896918381	3	4		1	2	107	5								0	0	1						damn	horror	0.0	0.0
MEANING_0973	Meaning	unrelated	0	test	plus	model_blind_selected			USF Appendix A	USF:absent-both-directions	brake	restore		"[""b"", ""ɹ"", ""eɪ"", ""k""]"	"[""ɹ"", ""ɪ"", ""s"", ""t"", ""ɔ"", ""ɹ""]"					0.0	0.0	3.7767296632488496	3.6955503450778817	3.7361400041633654	4	6		1	2	20	0								0	0	1	unseen_phase1:restore					brake	restore	0.0	0.0
MEANING_0974	Meaning	unrelated	0	test	plus	model_blind_selected			USF Appendix A	USF:absent-both-directions	store	animals		"[""s"", ""t"", ""ɔ"", ""ɹ""]"	"[""æ"", ""n"", ""ɪ"", ""m"", ""ə"", ""l"", ""z""]"					0.0	0.0	4.913398259546353	4.591937122602551	4.752667691074452	4	7		1	3	2220	3957								0	0	1						store	animals	0.0	0.0
MEANING_0975	Meaning	unrelated	0	test	plus	model_blind_selected			USF Appendix A	USF:absent-both-directions	snob	father		"[""s"", ""n"", ""ɑ"", ""b""]"	"[""f"", ""ɑ"", ""ð"", ""ə"", ""ɹ""]"					0.0	0.0	3.337752802688721	5.7438938718076695	4.540823337248195	4	4		1	2	0	802								0	0	1	unseen_phase1:snob					snob	father	0.0	0.0
MEANING_0976	Meaning	unrelated	0	test	plus	model_blind_selected			USF Appendix A	USF:absent-both-directions	pull	speech		"[""p"", ""ʊ"", ""l""]"	"[""s"", ""p"", ""iː"", ""t̠ʃ""]"					0.0	0.0	5.165692283340791	4.58023155383229	4.87296191858654	3	4		1	1	3396	57								0	0	1						pull	speech	0.0	0.0
MEANING_0977	Meaning	unrelated	0	test	plus	model_blind_selected			USF Appendix A	USF:absent-both-directions	wary	lottery		"[""w"", ""ɛ"", ""ɹ"", ""i""]"	"[""l"", ""ɑ"", ""t"", ""ə"", ""ɹ"", ""ɹ"", ""i""]"					0.0	0.0	2.872213420518874	3.8289882664735937	3.3506008434962338	4	5		2	3	2	6								0	0	1						wary	lottery	0.0	0.0
MEANING_0978	Meaning	unrelated	0	test	plus	model_blind_selected			USF Appendix A	USF:absent-both-directions	please	there		"[""p"", ""l"", ""iː"", ""z""]"	"[""ð"", ""ɛ"", ""ɹ""]"					0.0	0.0	6.041771849889581	6.638301286282986	6.340036568086283	4	3		1	1	9152	61020								0	0	1						please	there	0.0	0.0
MEANING_0979	Meaning	unrelated	0	test	plus	model_blind_selected			USF Appendix A	USF:absent-both-directions	faint	scent		"[""f"", ""eɪ"", ""n"", ""t""]"	"[""s"", ""ɛ"", ""n"", ""t""]"					0.0	0.0	3.9672909646398753	3.775303407510817	3.8712971860753465	4	4		1	1	13	8								0	0	1						faint	scent	0.0	0.0
MEANING_0980	Meaning	unrelated	0	test	plus	model_blind_selected			USF Appendix A	USF:absent-both-directions	shampoo	escape		"[""ʃ"", ""æ"", ""m"", ""p"", ""uː""]"	"[""ɛ"", ""s"", ""k"", ""eɪ"", ""p""]"					0.0	0.0	3.624868283817669	4.6461537614910124	4.135511022654341	5	5		2	2	140	62								0	0	1						shampoo	escape	0.0	0.0
MEANING_0981	Meaning	unrelated	0	test	plus	model_blind_selected			USF Appendix A	USF:absent-both-directions	faint	shine		"[""f"", ""eɪ"", ""n"", ""t""]"	"[""ʃ"", ""aɪ"", ""n""]"					0.0	0.0	3.9672909646398753	4.314858195087551	4.141074579863713	4	3		1	1	13	66								0	0	1						faint	shine	0.0	0.0
MEANING_0982	Meaning	unrelated	0	test	plus	model_blind_selected			USF Appendix A	USF:absent-both-directions	diaper	atom		"[""d"", ""aɪ"", ""p"", ""ə"", ""ɹ""]"	"[""æ"", ""t"", ""ə"", ""m""]"					0.0	0.0	3.6308863175066683	3.4385578595803015	3.534722088543485	4	4		2	2	1479	1								0	0	1						diaper	atom	0.0	0.0
MEANING_0983	Meaning	unrelated	0	test	plus	model_blind_selected			USF Appendix A	USF:absent-both-directions	reason	mustard		"[""ɹ"", ""iː"", ""z"", ""ə"", ""n""]"	"[""m"", ""ʌ"", ""s"", ""t"", ""ə"", ""ɹ"", ""d""]"					0.0	0.0	5.2862186377207685	3.809625721852038	4.547922179786403	5	6		2	2	400	221								0	0	1						reason	mustard	0.0	0.0
MEANING_0984	Meaning	unrelated	0	test	plus	model_blind_selected			USF Appendix A	USF:absent-both-directions	horse	solution		"[""h"", ""ɔ"", ""ɹ"", ""s""]"	"[""s"", ""ə"", ""l"", ""uː"", ""ʃ"", ""ə"", ""n""]"					0.0	0.0	4.96793320863002	4.199303358624134	4.583618283627077	4	7		1	3	3331	10								0	0	1						horse	solution	0.0	0.0
MEANING_0985	Meaning	unrelated	0	test	plus	model_blind_selected			USF Appendix A	USF:absent-both-directions	shampoo	six		"[""ʃ"", ""æ"", ""m"", ""p"", ""uː""]"	"[""s"", ""ɪ"", ""k"", ""s""]"					0.0	0.0	3.624868283817669	5.300006922206402	4.462437603012035	5	4		2	1	140	3493								0	0	1						shampoo	six	0.0	0.0
MEANING_0986	Meaning	unrelated	0	test	plus	model_blind_selected			USF Appendix A	USF:absent-both-directions	faint	field		"[""f"", ""eɪ"", ""n"", ""t""]"	"[""f"", ""iː"", ""l"", ""d""]"					0.0	0.0	3.9672909646398753	4.846312850545938	4.406801907592906	4	4		1	1	13	148								0	0	1						faint	field	0.0	0.0
MEANING_0987	Meaning	unrelated	0	test	plus	model_blind_selected			USF Appendix A	USF:absent-both-directions	wary	writer		"[""w"", ""ɛ"", ""ɹ"", ""i""]"	"[""ɹ"", ""aɪ"", ""t"", ""ə"", ""ɹ""]"					0.0	0.0	2.872213420518874	4.371611069949688	3.621912245234281	4	4		2	2	2	25								0	0	1						wary	writer	0.0	0.0
MEANING_0988	Meaning	unrelated	0	test	plus	model_blind_selected			USF Appendix A	USF:absent-both-directions	faint	tease		"[""f"", ""eɪ"", ""n"", ""t""]"	"[""t"", ""iː"", ""z""]"					0.0	0.0	3.9672909646398753	3.75482782180102	3.8610593932204473	4	3		1	1	13	65								0	0	1						faint	tease	0.0	0.0
MEANING_0989	Meaning	unrelated	0	test	plus	model_blind_selected			USF Appendix A	USF:absent-both-directions	clog	silk		"[""k"", ""l"", ""ɑ"", ""ɡ""]"	"[""s"", ""ɪ"", ""l"", ""k""]"					0.0	0.0	2.905213680621799	3.9905303695254535	3.447872025073626	4	4		1	1	1	13								0	0	1						clog	silk	0.0	0.0
MEANING_0990	Meaning	unrelated	0	test	plus	model_blind_selected			USF Appendix A	USF:absent-both-directions	diaper	fate		"[""d"", ""aɪ"", ""p"", ""ə"", ""ɹ""]"	"[""f"", ""eɪ"", ""t""]"					0.0	0.0	3.6308863175066683	4.430732522068345	4.030809419787507	4	3		2	1	1479	2								0	0	1						diaper	fate	0.0	0.0
MEANING_0991	Meaning	unrelated	0	test	plus	model_blind_selected			USF Appendix A	USF:absent-both-directions	pull	flower		"[""p"", ""ʊ"", ""l""]"	"[""f"", ""l"", ""aʊ"", ""ə"", ""ɹ""]"					0.0	0.0	5.165692283340791	4.357262043640637	4.761477163490714	3	4		1	2	3396	1219								0	0	1						pull	flower	0.0	0.0
MEANING_0992	Meaning	unrelated	0	test	plus	model_blind_selected			USF Appendix A	USF:absent-both-directions	sales	bumps		"[""s"", ""eɪ"", ""l"", ""z""]"	"[""b"", ""ʌ"", ""m"", ""p"", ""s""]"					0.0	0.0	4.1040048297726575	3.54040309026387	3.822203960018264	4	5		1	1	26	125								0	0	1						sales	bumps	0.0	0.0
MEANING_0993	Meaning	unrelated	0	test	plus	model_blind_selected			USF Appendix A	USF:absent-both-directions	brake	charity		"[""b"", ""ɹ"", ""eɪ"", ""k""]"	"[""t̠ʃ"", ""æ"", ""ɹ"", ""ɪ"", ""t"", ""i""]"					0.0	0.0	3.7767296632488496	4.2172258196999755	3.9969777414744128	4	6		1	3	20	0								0	0	1	unseen_phase1:charity					brake	charity	0.0	0.0
MEANING_0994	Meaning	unrelated	0	test	plus	model_blind_selected			USF Appendix A	USF:absent-both-directions	clog	remind		"[""k"", ""l"", ""ɑ"", ""ɡ""]"	"[""ɹ"", ""ɪ"", ""m"", ""aɪ"", ""n"", ""d""]"					0.0	0.0	2.905213680621799	4.567280143918729	3.736246912270264	4	6		1	2	1	160								0	0	1						clog	remind	0.0	0.0
MEANING_0995	Meaning	unrelated	0	test	plus	model_blind_selected			USF Appendix A	USF:absent-both-directions	damn	clam		"[""d"", ""æ"", ""m""]"	"[""k"", ""l"", ""æ"", ""m""]"					0.0	0.0	5.4525981168605755	3.5934598195660445	4.5230289682133105	3	4		1	1	107	76								0	0	1						damn	clam	0.0	0.0
MEANING_0996	Meaning	unrelated	0	test	plus	model_blind_selected			USF Appendix A	USF:absent-both-directions	damn	planets		"[""d"", ""æ"", ""m""]"	"[""p"", ""l"", ""æ"", ""n"", ""ɪ"", ""t"", ""s""]"					0.0	0.0	5.4525981168605755	3.632873938742182	4.542736027801379	3	7		1	2	107	37								0	0	1						damn	planets	0.0	0.0
MEANING_0997	Meaning	unrelated	0	test	plus	model_blind_selected			USF Appendix A	USF:absent-both-directions	wary	thick		"[""w"", ""ɛ"", ""ɹ"", ""i""]"	"[""θ"", ""ɪ"", ""k""]"					0.0	0.0	2.872213420518874	4.145519353753929	3.5088663871364014	4	3		2	1	2	150								0	0	1						wary	thick	0.0	0.0
MEANING_0998	Meaning	unrelated	0	test	plus	model_blind_selected			USF Appendix A	USF:absent-both-directions	clog	worn		"[""k"", ""l"", ""ɑ"", ""ɡ""]"	"[""w"", ""ɔ"", ""ɹ"", ""n""]"					0.0	0.0	2.905213680621799	4.00339294289734	3.4543033117595696	4	4		1	1	1	42								0	0	1						clog	worn	0.0	0.0
MEANING_0999	Meaning	unrelated	0	test	plus	model_blind_selected			USF Appendix A	USF:absent-both-directions	clog	heading		"[""k"", ""l"", ""ɑ"", ""ɡ""]"	"[""h"", ""ɛ"", ""d"", ""ɪ"", ""ŋ""]"					0.0	0.0	2.905213680621799	4.524663345016798	3.714938512819298	4	5		1	2	1	21								0	0	1						clog	heading	0.0	0.0
MEANING_1000	Meaning	unrelated	0	test	plus	model_blind_selected			USF Appendix A	USF:absent-both-directions	faint	look		"[""f"", ""eɪ"", ""n"", ""t""]"	"[""l"", ""ʊ"", ""k""]"					0.0	0.0	3.9672909646398753	6.289427178890095	5.128359071764985	4	3		1	1	13	44972								0	0	1						faint	look	0.0	0.0
