item_id	task	condition	binary_label	split	stimulus_origin	adaptation_eligibility	original_trial_type	original_stimulus_file	source_resource	source_record_id	word1	word2	sentence	word1_ipa	word2_ipa	sentence_ipa	template_id	critical_word	critical_region	association_forward	association_backward	word1_subtlex	word2_subtlex	mean_content_subtlex	word1_n_phonemes	word2_n_phonemes	sentence_n_phonemes	word1_n_syllables	word2_n_syllables	childes_count_word1	childes_count_word2	subject	verb_lemma	verb_surface	object_lemma	object_surface	number_word	negation	overlap_ds003604_exact	overlap_ds003604_critical_vocab	qc_pass	qc_notes	shared_onset	shared_rime	shared_phoneme_count	phonological_relation_verified	cue	target	FSG	BSG	verb_object_FSG	verb_object_BSG	congruence_level	template_family	grammar_subtype	violation_type	violation_location	expected_form	observed_form	childes_count_verb	childes_count_object	content_word_childes_counts
PLAUS_0001	Plausibility	incongruent	0	train	plus	human_reviewed_selected			USF+ds003604-template-abstraction	USF:absent-both-directions			Every day he bangs one approval			"[""ɛ"", ""v"", ""ɹ"", ""i"", ""d"", ""eɪ"", ""h"", ""iː"", ""b"", ""æ"", ""ŋ"", ""z"", ""w"", ""ʌ"", ""n"", ""ə"", ""p"", ""ɹ"", ""uː"", ""v"", ""ə"", ""l""]"	present_3s	approval	bangs approval	0.0	0.0			4.112238800411863			22					he	bang	bangs	approval	approval	one	0	0	0	1	unseen_phase1:approval									0.0	0.0	incongruent	present_3s						1724	0	"{""approval"": 0, ""bang"": 1724}"
PLAUS_0002	Plausibility	incongruent	0	train	plus	human_reviewed_selected			USF+ds003604-template-abstraction	USF:absent-both-directions			Every day he claims one harm			"[""ɛ"", ""v"", ""ɹ"", ""i"", ""d"", ""eɪ"", ""h"", ""iː"", ""k"", ""l"", ""eɪ"", ""m"", ""z"", ""w"", ""ʌ"", ""n"", ""h"", ""ɑ"", ""ɹ"", ""m""]"	present_3s	harm	claims harm	0.0	0.0			4.453456215534956			20					he	claim	claims	harm	harm	one	0	0	0	1										0.0	0.0	incongruent	present_3s						6	13	"{""claim"": 6, ""harm"": 13}"
PLAUS_0003	Plausibility	incongruent	0	train	plus	human_reviewed_selected			USF+ds003604-template-abstraction	USF:absent-both-directions			Every day he claims three harm			"[""ɛ"", ""v"", ""ɹ"", ""i"", ""d"", ""eɪ"", ""h"", ""iː"", ""k"", ""l"", ""eɪ"", ""m"", ""z"", ""θ"", ""ɹ"", ""iː"", ""h"", ""ɑ"", ""ɹ"", ""m""]"	present_3s	harm	claims harm	0.0	0.0			4.453456215534956			20					he	claim	claims	harm	harm	three	0	0	0	1										0.0	0.0	incongruent	present_3s						6	13	"{""claim"": 6, ""harm"": 13}"
PLAUS_0004	Plausibility	incongruent	0	train	plus	human_reviewed_selected			USF+ds003604-template-abstraction	USF:absent-both-directions			Every day he claims two harm			"[""ɛ"", ""v"", ""ɹ"", ""i"", ""d"", ""eɪ"", ""h"", ""iː"", ""k"", ""l"", ""eɪ"", ""m"", ""z"", ""t"", ""uː"", ""h"", ""ɑ"", ""ɹ"", ""m""]"	present_3s	harm	claims harm	0.0	0.0			4.453456215534956			19					he	claim	claims	harm	harm	two	0	0	0	1										0.0	0.0	incongruent	present_3s						6	13	"{""claim"": 6, ""harm"": 13}"
PLAUS_0005	Plausibility	incongruent	0	train	plus	human_reviewed_selected			USF+ds003604-template-abstraction	USF:absent-both-directions			Every day he destroys two sides			"[""ɛ"", ""v"", ""ɹ"", ""i"", ""d"", ""eɪ"", ""h"", ""iː"", ""d"", ""ɪ"", ""s"", ""t"", ""ɹ"", ""ɔɪ"", ""z"", ""t"", ""uː"", ""s"", ""aɪ"", ""d"", ""z""]"	present_3s	sides	destroys sides	0.0	0.0			4.9883760035072395			21					he	destroy	destroys	side	sides	two	0	0	0	1										0.0	0.0	incongruent	present_3s						41	2019	"{""destroy"": 41, ""side"": 2019}"
PLAUS_0006	Plausibility	incongruent	0	train	plus	human_reviewed_selected			USF+ds003604-template-abstraction	USF:absent-both-directions			Every day he escapes two countries			"[""ɛ"", ""v"", ""ɹ"", ""i"", ""d"", ""eɪ"", ""h"", ""iː"", ""ɛ"", ""s"", ""k"", ""eɪ"", ""p"", ""s"", ""t"", ""uː"", ""k"", ""ʌ"", ""n"", ""t"", ""ɹ"", ""i"", ""z""]"	present_3s	countries	escapes countries	0.0	0.0			4.927624024967237			23					he	escape	escapes	country	countries	two	0	0	0	1										0.0	0.0	incongruent	present_3s						62	234	"{""country"": 234, ""escape"": 62}"
PLAUS_0007	Plausibility	incongruent	0	train	plus	human_reviewed_selected			USF+ds003604-template-abstraction	USF:absent-both-directions			Every day he greets two armies			"[""ɛ"", ""v"", ""ɹ"", ""i"", ""d"", ""eɪ"", ""h"", ""iː"", ""ɡ"", ""ɹ"", ""iː"", ""t"", ""s"", ""t"", ""uː"", ""ɑ"", ""ɹ"", ""m"", ""i"", ""z""]"	present_3s	armies	greets armies	0.0	0.0			4.326737939401669			20					he	greet	greets	army	armies	two	0	0	0	1										0.0	0.0	incongruent	present_3s						6	108	"{""army"": 108, ""greet"": 6}"
PLAUS_0008	Plausibility	incongruent	0	train	plus	human_reviewed_selected			USF+ds003604-template-abstraction	USF:absent-both-directions			Every day he inspects three trash			"[""ɛ"", ""v"", ""ɹ"", ""i"", ""d"", ""eɪ"", ""h"", ""iː"", ""ɪ"", ""n"", ""s"", ""p"", ""ɛ"", ""k"", ""t"", ""s"", ""θ"", ""ɹ"", ""iː"", ""t"", ""ɹ"", ""æ"", ""ʃ""]"	present_3s	trash	inspects trash	0.0	0.0			3.8789938088711677			23					he	inspect	inspects	trash	trash	three	0	0	0	1										0.0	0.0	incongruent	present_3s						4	510	"{""inspect"": 4, ""trash"": 510}"
PLAUS_0009	Plausibility	incongruent	0	train	plus	human_reviewed_selected			USF+ds003604-template-abstraction	USF:absent-both-directions			Every day he inspects two trash			"[""ɛ"", ""v"", ""ɹ"", ""i"", ""d"", ""eɪ"", ""h"", ""iː"", ""ɪ"", ""n"", ""s"", ""p"", ""ɛ"", ""k"", ""t"", ""s"", ""t"", ""uː"", ""t"", ""ɹ"", ""æ"", ""ʃ""]"	present_3s	trash	inspects trash	0.0	0.0			3.8789938088711677			22					he	inspect	inspects	trash	trash	two	0	0	0	1										0.0	0.0	incongruent	present_3s						4	510	"{""inspect"": 4, ""trash"": 510}"
PLAUS_0010	Plausibility	incongruent	0	train	plus	human_reviewed_selected			USF+ds003604-template-abstraction	USF:absent-both-directions			Every day he spares one grass			"[""ɛ"", ""v"", ""ɹ"", ""i"", ""d"", ""eɪ"", ""h"", ""iː"", ""s"", ""p"", ""ɛ"", ""ɹ"", ""z"", ""w"", ""ʌ"", ""n"", ""ɡ"", ""ɹ"", ""æ"", ""s""]"	present_3s	grass	spares grass	0.0	0.0			4.357031067552284			20					he	spare	spares	grass	grass	one	0	0	0	1										0.0	0.0	incongruent	present_3s						109	884	"{""grass"": 884, ""spare"": 109}"
PLAUS_0011	Plausibility	incongruent	0	train	plus	human_reviewed_selected			USF+ds003604-template-abstraction	USF:absent-both-directions			Every day she bangs one approval			"[""ɛ"", ""v"", ""ɹ"", ""i"", ""d"", ""eɪ"", ""ʃ"", ""iː"", ""b"", ""æ"", ""ŋ"", ""z"", ""w"", ""ʌ"", ""n"", ""ə"", ""p"", ""ɹ"", ""uː"", ""v"", ""ə"", ""l""]"	present_3s	approval	bangs approval	0.0	0.0			4.112238800411863			22					she	bang	bangs	approval	approval	one	0	0	0	1	unseen_phase1:approval									0.0	0.0	incongruent	present_3s						1724	0	"{""approval"": 0, ""bang"": 1724}"
PLAUS_0012	Plausibility	incongruent	0	train	plus	human_reviewed_selected			USF+ds003604-template-abstraction	USF:absent-both-directions			Every day she claims one harm			"[""ɛ"", ""v"", ""ɹ"", ""i"", ""d"", ""eɪ"", ""ʃ"", ""iː"", ""k"", ""l"", ""eɪ"", ""m"", ""z"", ""w"", ""ʌ"", ""n"", ""h"", ""ɑ"", ""ɹ"", ""m""]"	present_3s	harm	claims harm	0.0	0.0			4.453456215534956			20					she	claim	claims	harm	harm	one	0	0	0	1										0.0	0.0	incongruent	present_3s						6	13	"{""claim"": 6, ""harm"": 13}"
PLAUS_0013	Plausibility	incongruent	0	train	plus	human_reviewed_selected			USF+ds003604-template-abstraction	USF:absent-both-directions			Every day she claims two harm			"[""ɛ"", ""v"", ""ɹ"", ""i"", ""d"", ""eɪ"", ""ʃ"", ""iː"", ""k"", ""l"", ""eɪ"", ""m"", ""z"", ""t"", ""uː"", ""h"", ""ɑ"", ""ɹ"", ""m""]"	present_3s	harm	claims harm	0.0	0.0			4.453456215534956			19					she	claim	claims	harm	harm	two	0	0	0	1										0.0	0.0	incongruent	present_3s						6	13	"{""claim"": 6, ""harm"": 13}"
PLAUS_0014	Plausibility	incongruent	0	train	plus	human_reviewed_selected			USF+ds003604-template-abstraction	USF:absent-both-directions			Every day she dances three computers			"[""ɛ"", ""v"", ""ɹ"", ""i"", ""d"", ""eɪ"", ""ʃ"", ""iː"", ""d"", ""æ"", ""n"", ""s"", ""ɪ"", ""z"", ""θ"", ""ɹ"", ""iː"", ""k"", ""ə"", ""m"", ""p"", ""j"", ""uː"", ""t"", ""ə"", ""ɹ"", ""z""]"	present_3s	computers	dances computers	0.0	0.0			4.970758677473038			27					she	dance	dances	computer	computers	three	0	0	0	1										0.0	0.0	incongruent	present_3s						1286	223	"{""computer"": 223, ""dance"": 1286}"
PLAUS_0015	Plausibility	incongruent	0	train	plus	human_reviewed_selected			USF+ds003604-template-abstraction	USF:absent-both-directions			Every day she destroys three sides			"[""ɛ"", ""v"", ""ɹ"", ""i"", ""d"", ""eɪ"", ""ʃ"", ""iː"", ""d"", ""ɪ"", ""s"", ""t"", ""ɹ"", ""ɔɪ"", ""z"", ""θ"", ""ɹ"", ""iː"", ""s"", ""aɪ"", ""d"", ""z""]"	present_3s	sides	destroys sides	0.0	0.0			4.9883760035072395			22					she	destroy	destroys	side	sides	three	0	0	0	1										0.0	0.0	incongruent	present_3s						41	2019	"{""destroy"": 41, ""side"": 2019}"
PLAUS_0016	Plausibility	incongruent	0	train	plus	human_reviewed_selected			USF+ds003604-template-abstraction	USF:absent-both-directions			Every day she escapes three countries			"[""ɛ"", ""v"", ""ɹ"", ""i"", ""d"", ""eɪ"", ""ʃ"", ""iː"", ""ɛ"", ""s"", ""k"", ""eɪ"", ""p"", ""s"", ""θ"", ""ɹ"", ""iː"", ""k"", ""ʌ"", ""n"", ""t"", ""ɹ"", ""i"", ""z""]"	present_3s	countries	escapes countries	0.0	0.0			4.927624024967237			24					she	escape	escapes	country	countries	three	0	0	0	1										0.0	0.0	incongruent	present_3s						62	234	"{""country"": 234, ""escape"": 62}"
PLAUS_0017	Plausibility	incongruent	0	train	plus	human_reviewed_selected			USF+ds003604-template-abstraction	USF:absent-both-directions			Every day she greets three armies			"[""ɛ"", ""v"", ""ɹ"", ""i"", ""d"", ""eɪ"", ""ʃ"", ""iː"", ""ɡ"", ""ɹ"", ""iː"", ""t"", ""s"", ""θ"", ""ɹ"", ""iː"", ""ɑ"", ""ɹ"", ""m"", ""i"", ""z""]"	present_3s	armies	greets armies	0.0	0.0			4.326737939401669			21					she	greet	greets	army	armies	three	0	0	0	1										0.0	0.0	incongruent	present_3s						6	108	"{""army"": 108, ""greet"": 6}"
PLAUS_0018	Plausibility	incongruent	0	train	plus	human_reviewed_selected			USF+ds003604-template-abstraction	USF:absent-both-directions			Every day she inspects one pin			"[""ɛ"", ""v"", ""ɹ"", ""i"", ""d"", ""eɪ"", ""ʃ"", ""iː"", ""ɪ"", ""n"", ""s"", ""p"", ""ɛ"", ""k"", ""t"", ""s"", ""w"", ""ʌ"", ""n"", ""p"", ""ɪ"", ""n""]"	present_3s	pin	inspects pin	0.0	0.0			3.810244737797283			22					she	inspect	inspects	pin	pin	one	0	0	0	1										0.0	0.0	incongruent	present_3s						4	420	"{""inspect"": 4, ""pin"": 420}"
PLAUS_0019	Plausibility	incongruent	0	train	plus	human_reviewed_selected			USF+ds003604-template-abstraction	USF:absent-both-directions			Every day she inspects two pins			"[""ɛ"", ""v"", ""ɹ"", ""i"", ""d"", ""eɪ"", ""ʃ"", ""iː"", ""ɪ"", ""n"", ""s"", ""p"", ""ɛ"", ""k"", ""t"", ""s"", ""t"", ""uː"", ""p"", ""ɪ"", ""n"", ""z""]"	present_3s	pins	inspects pins	0.0	0.0			3.810244737797283			22					she	inspect	inspects	pin	pins	two	0	0	0	1										0.0	0.0	incongruent	present_3s						4	420	"{""inspect"": 4, ""pin"": 420}"
PLAUS_0020	Plausibility	incongruent	0	train	plus	human_reviewed_selected			USF+ds003604-template-abstraction	USF:absent-both-directions			Every day she inspects two trash			"[""ɛ"", ""v"", ""ɹ"", ""i"", ""d"", ""eɪ"", ""ʃ"", ""iː"", ""ɪ"", ""n"", ""s"", ""p"", ""ɛ"", ""k"", ""t"", ""s"", ""t"", ""uː"", ""t"", ""ɹ"", ""æ"", ""ʃ""]"	present_3s	trash	inspects trash	0.0	0.0			3.8789938088711677			22					she	inspect	inspects	trash	trash	two	0	0	0	1										0.0	0.0	incongruent	present_3s						4	510	"{""inspect"": 4, ""trash"": 510}"
PLAUS_0021	Plausibility	incongruent	0	train	plus	human_reviewed_selected			USF+ds003604-template-abstraction	USF:absent-both-directions			Every day she rubs three mud			"[""ɛ"", ""v"", ""ɹ"", ""i"", ""d"", ""eɪ"", ""ʃ"", ""iː"", ""ɹ"", ""ʌ"", ""b"", ""z"", ""θ"", ""ɹ"", ""iː"", ""m"", ""ʌ"", ""d""]"	present_3s	mud	rubs mud	0.0	0.0			4.179953830397444			18					she	rub	rubs	mud	mud	three	0	0	0	1										0.0	0.0	incongruent	present_3s						288	400	"{""mud"": 400, ""rub"": 288}"
PLAUS_0022	Plausibility	incongruent	0	train	plus	human_reviewed_selected			USF+ds003604-template-abstraction	USF:absent-both-directions			Every day she shatters three tongues			"[""ɛ"", ""v"", ""ɹ"", ""i"", ""d"", ""eɪ"", ""ʃ"", ""iː"", ""ʃ"", ""æ"", ""t"", ""ə"", ""ɹ"", ""z"", ""θ"", ""ɹ"", ""iː"", ""t"", ""ʌ"", ""ŋ"", ""z""]"	present_3s	tongues	shatters tongues	0.0	0.0			3.8216580207213875			21					she	shatter	shatters	tongue	tongues	three	0	0	0	1										0.0	0.0	incongruent	present_3s						1	771	"{""shatter"": 1, ""tongue"": 771}"
PLAUS_0023	Plausibility	incongruent	0	train	plus	human_reviewed_selected			USF+ds003604-template-abstraction	USF:absent-both-directions			Every day she spares one grass			"[""ɛ"", ""v"", ""ɹ"", ""i"", ""d"", ""eɪ"", ""ʃ"", ""iː"", ""s"", ""p"", ""ɛ"", ""ɹ"", ""z"", ""w"", ""ʌ"", ""n"", ""ɡ"", ""ɹ"", ""æ"", ""s""]"	present_3s	grass	spares grass	0.0	0.0			4.357031067552284			20					she	spare	spares	grass	grass	one	0	0	0	1										0.0	0.0	incongruent	present_3s						109	884	"{""grass"": 884, ""spare"": 109}"
PLAUS_0024	Plausibility	incongruent	0	train	plus	human_reviewed_selected			USF+ds003604-template-abstraction	USF:absent-both-directions			Every day she spares three grasses			"[""ɛ"", ""v"", ""ɹ"", ""i"", ""d"", ""eɪ"", ""ʃ"", ""iː"", ""s"", ""p"", ""ɛ"", ""ɹ"", ""z"", ""θ"", ""ɹ"", ""iː"", ""ɡ"", ""ɹ"", ""æ"", ""s"", ""ɪ"", ""z""]"	present_3s	grasses	spares grasses	0.0	0.0			4.357031067552284			22					she	spare	spares	grass	grasses	three	0	0	0	1										0.0	0.0	incongruent	present_3s						109	884	"{""grass"": 884, ""spare"": 109}"
PLAUS_0025	Plausibility	incongruent	0	train	plus	human_reviewed_selected			USF+ds003604-template-abstraction	USF:absent-both-directions			Every day she spares two grasses			"[""ɛ"", ""v"", ""ɹ"", ""i"", ""d"", ""eɪ"", ""ʃ"", ""iː"", ""s"", ""p"", ""ɛ"", ""ɹ"", ""z"", ""t"", ""uː"", ""ɡ"", ""ɹ"", ""æ"", ""s"", ""ɪ"", ""z""]"	present_3s	grasses	spares grasses	0.0	0.0			4.357031067552284			21					she	spare	spares	grass	grasses	two	0	0	0	1										0.0	0.0	incongruent	present_3s						109	884	"{""grass"": 884, ""spare"": 109}"
PLAUS_0026	Plausibility	incongruent	0	train	plus	human_reviewed_selected			USF+ds003604-template-abstraction	USF:absent-both-directions			Every day they bang four approvals			"[""ɛ"", ""v"", ""ɹ"", ""i"", ""d"", ""eɪ"", ""ð"", ""eɪ"", ""b"", ""æ"", ""ŋ"", ""f"", ""ɔ"", ""ɹ"", ""ə"", ""p"", ""ɹ"", ""uː"", ""v"", ""ə"", ""l"", ""z""]"	present_3s	approvals	bang approvals	0.0	0.0			4.112238800411863			22					they	bang	bang	approval	approvals	four	0	0	0	1	unseen_phase1:approval									0.0	0.0	incongruent	present_3s						1724	0	"{""approval"": 0, ""bang"": 1724}"
PLAUS_0027	Plausibility	incongruent	0	train	plus	human_reviewed_selected			USF+ds003604-template-abstraction	USF:absent-both-directions			Every day they bang three approvals			"[""ɛ"", ""v"", ""ɹ"", ""i"", ""d"", ""eɪ"", ""ð"", ""eɪ"", ""b"", ""æ"", ""ŋ"", ""θ"", ""ɹ"", ""iː"", ""ə"", ""p"", ""ɹ"", ""uː"", ""v"", ""ə"", ""l"", ""z""]"	present_3s	approvals	bang approvals	0.0	0.0			4.112238800411863			22					they	bang	bang	approval	approvals	three	0	0	0	1	unseen_phase1:approval									0.0	0.0	incongruent	present_3s						1724	0	"{""approval"": 0, ""bang"": 1724}"
PLAUS_0028	Plausibility	incongruent	0	train	plus	human_reviewed_selected			USF+ds003604-template-abstraction	USF:absent-both-directions			Every day they bang two approvals			"[""ɛ"", ""v"", ""ɹ"", ""i"", ""d"", ""eɪ"", ""ð"", ""eɪ"", ""b"", ""æ"", ""ŋ"", ""t"", ""uː"", ""ə"", ""p"", ""ɹ"", ""uː"", ""v"", ""ə"", ""l"", ""z""]"	present_3s	approvals	bang approvals	0.0	0.0			4.112238800411863			21					they	bang	bang	approval	approvals	two	0	0	0	1	unseen_phase1:approval									0.0	0.0	incongruent	present_3s						1724	0	"{""approval"": 0, ""bang"": 1724}"
PLAUS_0029	Plausibility	incongruent	0	train	plus	human_reviewed_selected			USF+ds003604-template-abstraction	USF:absent-both-directions			Every day they claim one harm			"[""ɛ"", ""v"", ""ɹ"", ""i"", ""d"", ""eɪ"", ""ð"", ""eɪ"", ""k"", ""l"", ""eɪ"", ""m"", ""w"", ""ʌ"", ""n"", ""h"", ""ɑ"", ""ɹ"", ""m""]"	present_3s	harm	claim harm	0.0	0.0			4.453456215534956			19					they	claim	claim	harm	harm	one	0	0	0	1										0.0	0.0	incongruent	present_3s						6	13	"{""claim"": 6, ""harm"": 13}"
PLAUS_0030	Plausibility	incongruent	0	train	plus	human_reviewed_selected			USF+ds003604-template-abstraction	USF:absent-both-directions			Every day they dance one computer			"[""ɛ"", ""v"", ""ɹ"", ""i"", ""d"", ""eɪ"", ""ð"", ""eɪ"", ""d"", ""æ"", ""n"", ""s"", ""w"", ""ʌ"", ""n"", ""k"", ""ə"", ""m"", ""p"", ""j"", ""uː"", ""t"", ""ə"", ""ɹ""]"	present_3s	computer	dance computer	0.0	0.0			4.970758677473038			24					they	dance	dance	computer	computer	one	0	0	0	1										0.0	0.0	incongruent	present_3s						1286	223	"{""computer"": 223, ""dance"": 1286}"
PLAUS_0031	Plausibility	incongruent	0	train	plus	human_reviewed_selected			USF+ds003604-template-abstraction	USF:absent-both-directions			Every day they dance two computers			"[""ɛ"", ""v"", ""ɹ"", ""i"", ""d"", ""eɪ"", ""ð"", ""eɪ"", ""d"", ""æ"", ""n"", ""s"", ""t"", ""uː"", ""k"", ""ə"", ""m"", ""p"", ""j"", ""uː"", ""t"", ""ə"", ""ɹ"", ""z""]"	present_3s	computers	dance computers	0.0	0.0			4.970758677473038			24					they	dance	dance	computer	computers	two	0	0	0	1										0.0	0.0	incongruent	present_3s						1286	223	"{""computer"": 223, ""dance"": 1286}"
PLAUS_0032	Plausibility	incongruent	0	train	plus	human_reviewed_selected			USF+ds003604-template-abstraction	USF:absent-both-directions			Every day they destroy three sides			"[""ɛ"", ""v"", ""ɹ"", ""i"", ""d"", ""eɪ"", ""ð"", ""eɪ"", ""d"", ""ɪ"", ""s"", ""t"", ""ɹ"", ""ɔɪ"", ""θ"", ""ɹ"", ""iː"", ""s"", ""aɪ"", ""d"", ""z""]"	present_3s	sides	destroy sides	0.0	0.0			4.9883760035072395			21					they	destroy	destroy	side	sides	three	0	0	0	1										0.0	0.0	incongruent	present_3s						41	2019	"{""destroy"": 41, ""side"": 2019}"
PLAUS_0033	Plausibility	incongruent	0	train	plus	human_reviewed_selected			USF+ds003604-template-abstraction	USF:absent-both-directions			Every day they escape six countries			"[""ɛ"", ""v"", ""ɹ"", ""i"", ""d"", ""eɪ"", ""ð"", ""eɪ"", ""ɛ"", ""s"", ""k"", ""eɪ"", ""p"", ""s"", ""ɪ"", ""k"", ""s"", ""k"", ""ʌ"", ""n"", ""t"", ""ɹ"", ""i"", ""z""]"	present_3s	countries	escape countries	0.0	0.0			4.927624024967237			24					they	escape	escape	country	countries	six	0	0	0	1										0.0	0.0	incongruent	present_3s						62	234	"{""country"": 234, ""escape"": 62}"
PLAUS_0034	Plausibility	incongruent	0	train	plus	human_reviewed_selected			USF+ds003604-template-abstraction	USF:absent-both-directions			Every day they escape two countries			"[""ɛ"", ""v"", ""ɹ"", ""i"", ""d"", ""eɪ"", ""ð"", ""eɪ"", ""ɛ"", ""s"", ""k"", ""eɪ"", ""p"", ""t"", ""uː"", ""k"", ""ʌ"", ""n"", ""t"", ""ɹ"", ""i"", ""z""]"	present_3s	countries	escape countries	0.0	0.0			4.927624024967237			22					they	escape	escape	country	countries	two	0	0	0	1										0.0	0.0	incongruent	present_3s						62	234	"{""country"": 234, ""escape"": 62}"
PLAUS_0035	Plausibility	incongruent	0	train	plus	human_reviewed_selected			USF+ds003604-template-abstraction	USF:absent-both-directions			Every day they greet six armies			"[""ɛ"", ""v"", ""ɹ"", ""i"", ""d"", ""eɪ"", ""ð"", ""eɪ"", ""ɡ"", ""ɹ"", ""iː"", ""t"", ""s"", ""ɪ"", ""k"", ""s"", ""ɑ"", ""ɹ"", ""m"", ""i"", ""z""]"	present_3s	armies	greet armies	0.0	0.0			4.326737939401669			21					they	greet	greet	army	armies	six	0	0	0	1										0.0	0.0	incongruent	present_3s						6	108	"{""army"": 108, ""greet"": 6}"
PLAUS_0036	Plausibility	incongruent	0	train	plus	human_reviewed_selected			USF+ds003604-template-abstraction	USF:absent-both-directions			Every day they greet three armies			"[""ɛ"", ""v"", ""ɹ"", ""i"", ""d"", ""eɪ"", ""ð"", ""eɪ"", ""ɡ"", ""ɹ"", ""iː"", ""t"", ""θ"", ""ɹ"", ""iː"", ""ɑ"", ""ɹ"", ""m"", ""i"", ""z""]"	present_3s	armies	greet armies	0.0	0.0			4.326737939401669			20					they	greet	greet	army	armies	three	0	0	0	1										0.0	0.0	incongruent	present_3s						6	108	"{""army"": 108, ""greet"": 6}"
PLAUS_0037	Plausibility	incongruent	0	train	plus	human_reviewed_selected			USF+ds003604-template-abstraction	USF:absent-both-directions			Every day they inspect one pin			"[""ɛ"", ""v"", ""ɹ"", ""i"", ""d"", ""eɪ"", ""ð"", ""eɪ"", ""ɪ"", ""n"", ""s"", ""p"", ""ɛ"", ""k"", ""t"", ""w"", ""ʌ"", ""n"", ""p"", ""ɪ"", ""n""]"	present_3s	pin	inspect pin	0.0	0.0			3.810244737797283			21					they	inspect	inspect	pin	pin	one	0	0	0	1										0.0	0.0	incongruent	present_3s						4	420	"{""inspect"": 4, ""pin"": 420}"
PLAUS_0038	Plausibility	incongruent	0	train	plus	human_reviewed_selected			USF+ds003604-template-abstraction	USF:absent-both-directions			Every day they inspect one trash			"[""ɛ"", ""v"", ""ɹ"", ""i"", ""d"", ""eɪ"", ""ð"", ""eɪ"", ""ɪ"", ""n"", ""s"", ""p"", ""ɛ"", ""k"", ""t"", ""w"", ""ʌ"", ""n"", ""t"", ""ɹ"", ""æ"", ""ʃ""]"	present_3s	trash	inspect trash	0.0	0.0			3.8789938088711677			22					they	inspect	inspect	trash	trash	one	0	0	0	1										0.0	0.0	incongruent	present_3s						4	510	"{""inspect"": 4, ""trash"": 510}"
PLAUS_0039	Plausibility	incongruent	0	train	plus	human_reviewed_selected			USF+ds003604-template-abstraction	USF:absent-both-directions			Every day they inspect three trash			"[""ɛ"", ""v"", ""ɹ"", ""i"", ""d"", ""eɪ"", ""ð"", ""eɪ"", ""ɪ"", ""n"", ""s"", ""p"", ""ɛ"", ""k"", ""t"", ""θ"", ""ɹ"", ""iː"", ""t"", ""ɹ"", ""æ"", ""ʃ""]"	present_3s	trash	inspect trash	0.0	0.0			3.8789938088711677			22					they	inspect	inspect	trash	trash	three	0	0	0	1										0.0	0.0	incongruent	present_3s						4	510	"{""inspect"": 4, ""trash"": 510}"
PLAUS_0040	Plausibility	incongruent	0	train	plus	human_reviewed_selected			USF+ds003604-template-abstraction	USF:absent-both-directions			Every day they inspect two trash			"[""ɛ"", ""v"", ""ɹ"", ""i"", ""d"", ""eɪ"", ""ð"", ""eɪ"", ""ɪ"", ""n"", ""s"", ""p"", ""ɛ"", ""k"", ""t"", ""t"", ""uː"", ""t"", ""ɹ"", ""æ"", ""ʃ""]"	present_3s	trash	inspect trash	0.0	0.0			3.8789938088711677			21					they	inspect	inspect	trash	trash	two	0	0	0	1										0.0	0.0	incongruent	present_3s						4	510	"{""inspect"": 4, ""trash"": 510}"
PLAUS_0041	Plausibility	incongruent	0	train	plus	human_reviewed_selected			USF+ds003604-template-abstraction	USF:absent-both-directions			Every day they lean five bolts			"[""ɛ"", ""v"", ""ɹ"", ""i"", ""d"", ""eɪ"", ""ð"", ""eɪ"", ""l"", ""iː"", ""n"", ""f"", ""aɪ"", ""v"", ""b"", ""oʊ"", ""l"", ""t"", ""s""]"	present_3s	bolts	lean bolts	0.0	0.0			3.9268112181525687			19					they	lean	lean	bolt	bolts	five	0	0	0	1										0.0	0.0	incongruent	present_3s						118	168	"{""bolt"": 168, ""lean"": 118}"
PLAUS_0042	Plausibility	incongruent	0	train	plus	human_reviewed_selected			USF+ds003604-template-abstraction	USF:absent-both-directions			Every day they lean two bolts			"[""ɛ"", ""v"", ""ɹ"", ""i"", ""d"", ""eɪ"", ""ð"", ""eɪ"", ""l"", ""iː"", ""n"", ""t"", ""uː"", ""b"", ""oʊ"", ""l"", ""t"", ""s""]"	present_3s	bolts	lean bolts	0.0	0.0			3.9268112181525687			18					they	lean	lean	bolt	bolts	two	0	0	0	1										0.0	0.0	incongruent	present_3s						118	168	"{""bolt"": 168, ""lean"": 118}"
PLAUS_0043	Plausibility	incongruent	0	train	plus	human_reviewed_selected			USF+ds003604-template-abstraction	USF:absent-both-directions			Every day they rub one mud			"[""ɛ"", ""v"", ""ɹ"", ""i"", ""d"", ""eɪ"", ""ð"", ""eɪ"", ""ɹ"", ""ʌ"", ""b"", ""w"", ""ʌ"", ""n"", ""m"", ""ʌ"", ""d""]"	present_3s	mud	rub mud	0.0	0.0			4.179953830397444			17					they	rub	rub	mud	mud	one	0	0	0	1										0.0	0.0	incongruent	present_3s						288	400	"{""mud"": 400, ""rub"": 288}"
PLAUS_0044	Plausibility	incongruent	0	train	plus	human_reviewed_selected			USF+ds003604-template-abstraction	USF:absent-both-directions			Every day they rub six mud			"[""ɛ"", ""v"", ""ɹ"", ""i"", ""d"", ""eɪ"", ""ð"", ""eɪ"", ""ɹ"", ""ʌ"", ""b"", ""s"", ""ɪ"", ""k"", ""s"", ""m"", ""ʌ"", ""d""]"	present_3s	mud	rub mud	0.0	0.0			4.179953830397444			18					they	rub	rub	mud	mud	six	0	0	0	1										0.0	0.0	incongruent	present_3s						288	400	"{""mud"": 400, ""rub"": 288}"
PLAUS_0045	Plausibility	incongruent	0	train	plus	human_reviewed_selected			USF+ds003604-template-abstraction	USF:absent-both-directions			Every day they rub three mud			"[""ɛ"", ""v"", ""ɹ"", ""i"", ""d"", ""eɪ"", ""ð"", ""eɪ"", ""ɹ"", ""ʌ"", ""b"", ""θ"", ""ɹ"", ""iː"", ""m"", ""ʌ"", ""d""]"	present_3s	mud	rub mud	0.0	0.0			4.179953830397444			17					they	rub	rub	mud	mud	three	0	0	0	1										0.0	0.0	incongruent	present_3s						288	400	"{""mud"": 400, ""rub"": 288}"
PLAUS_0046	Plausibility	incongruent	0	train	plus	human_reviewed_selected			USF+ds003604-template-abstraction	USF:absent-both-directions			Every day they shatter two tongues			"[""ɛ"", ""v"", ""ɹ"", ""i"", ""d"", ""eɪ"", ""ð"", ""eɪ"", ""ʃ"", ""æ"", ""t"", ""ə"", ""ɹ"", ""t"", ""uː"", ""t"", ""ʌ"", ""ŋ"", ""z""]"	present_3s	tongues	shatter tongues	0.0	0.0			3.8216580207213875			19					they	shatter	shatter	tongue	tongues	two	0	0	0	1										0.0	0.0	incongruent	present_3s						1	771	"{""shatter"": 1, ""tongue"": 771}"
PLAUS_0047	Plausibility	incongruent	0	train	plus	human_reviewed_selected			USF+ds003604-template-abstraction	USF:absent-both-directions			Every day they spare three grasses			"[""ɛ"", ""v"", ""ɹ"", ""i"", ""d"", ""eɪ"", ""ð"", ""eɪ"", ""s"", ""p"", ""ɛ"", ""ɹ"", ""θ"", ""ɹ"", ""iː"", ""ɡ"", ""ɹ"", ""æ"", ""s"", ""ɪ"", ""z""]"	present_3s	grasses	spare grasses	0.0	0.0			4.357031067552284			21					they	spare	spare	grass	grasses	three	0	0	0	1										0.0	0.0	incongruent	present_3s						109	884	"{""grass"": 884, ""spare"": 109}"
PLAUS_0048	Plausibility	incongruent	0	train	plus	human_reviewed_selected			USF+ds003604-template-abstraction	USF:absent-both-directions			Every day they spare two grasses			"[""ɛ"", ""v"", ""ɹ"", ""i"", ""d"", ""eɪ"", ""ð"", ""eɪ"", ""s"", ""p"", ""ɛ"", ""ɹ"", ""t"", ""uː"", ""ɡ"", ""ɹ"", ""æ"", ""s"", ""ɪ"", ""z""]"	present_3s	grasses	spare grasses	0.0	0.0			4.357031067552284			20					they	spare	spare	grass	grasses	two	0	0	0	1										0.0	0.0	incongruent	present_3s						109	884	"{""grass"": 884, ""spare"": 109}"
PLAUS_0049	Plausibility	incongruent	0	train	plus	human_reviewed_selected			USF+ds003604-template-abstraction	USF:absent-both-directions			He does not bang three approvals			"[""h"", ""iː"", ""d"", ""ʌ"", ""z"", ""n"", ""ɑ"", ""t"", ""b"", ""æ"", ""ŋ"", ""θ"", ""ɹ"", ""iː"", ""ə"", ""p"", ""ɹ"", ""uː"", ""v"", ""ə"", ""l"", ""z""]"	do_negation	approvals	does not bang approvals	0.0	0.0			4.112238800411863			22					he	bang	bang	approval	approvals	three	1	0	0	1	unseen_phase1:approval									0.0	0.0	incongruent	do_negation						1724	0	"{""approval"": 0, ""bang"": 1724}"
PLAUS_0050	Plausibility	incongruent	0	train	plus	human_reviewed_selected			USF+ds003604-template-abstraction	USF:absent-both-directions			He does not bang two approvals			"[""h"", ""iː"", ""d"", ""ʌ"", ""z"", ""n"", ""ɑ"", ""t"", ""b"", ""æ"", ""ŋ"", ""t"", ""uː"", ""ə"", ""p"", ""ɹ"", ""uː"", ""v"", ""ə"", ""l"", ""z""]"	do_negation	approvals	does not bang approvals	0.0	0.0			4.112238800411863			21					he	bang	bang	approval	approvals	two	1	0	0	1	unseen_phase1:approval									0.0	0.0	incongruent	do_negation						1724	0	"{""approval"": 0, ""bang"": 1724}"
PLAUS_0051	Plausibility	incongruent	0	train	plus	human_reviewed_selected			USF+ds003604-template-abstraction	USF:absent-both-directions			He does not claim one harm			"[""h"", ""iː"", ""d"", ""ʌ"", ""z"", ""n"", ""ɑ"", ""t"", ""k"", ""l"", ""eɪ"", ""m"", ""w"", ""ʌ"", ""n"", ""h"", ""ɑ"", ""ɹ"", ""m""]"	do_negation	harm	does not claim harm	0.0	0.0			4.453456215534956			19					he	claim	claim	harm	harm	one	1	0	0	1										0.0	0.0	incongruent	do_negation						6	13	"{""claim"": 6, ""harm"": 13}"
PLAUS_0052	Plausibility	incongruent	0	train	plus	human_reviewed_selected			USF+ds003604-template-abstraction	USF:absent-both-directions			He does not dance one computer			"[""h"", ""iː"", ""d"", ""ʌ"", ""z"", ""n"", ""ɑ"", ""t"", ""d"", ""æ"", ""n"", ""s"", ""w"", ""ʌ"", ""n"", ""k"", ""ə"", ""m"", ""p"", ""j"", ""uː"", ""t"", ""ə"", ""ɹ""]"	do_negation	computer	does not dance computer	0.0	0.0			4.970758677473038			24					he	dance	dance	computer	computer	one	1	0	0	1										0.0	0.0	incongruent	do_negation						1286	223	"{""computer"": 223, ""dance"": 1286}"
PLAUS_0053	Plausibility	incongruent	0	train	plus	human_reviewed_selected			USF+ds003604-template-abstraction	USF:absent-both-directions			He does not dance two computers			"[""h"", ""iː"", ""d"", ""ʌ"", ""z"", ""n"", ""ɑ"", ""t"", ""d"", ""æ"", ""n"", ""s"", ""t"", ""uː"", ""k"", ""ə"", ""m"", ""p"", ""j"", ""uː"", ""t"", ""ə"", ""ɹ"", ""z""]"	do_negation	computers	does not dance computers	0.0	0.0			4.970758677473038			24					he	dance	dance	computer	computers	two	1	0	0	1										0.0	0.0	incongruent	do_negation						1286	223	"{""computer"": 223, ""dance"": 1286}"
PLAUS_0054	Plausibility	incongruent	0	train	plus	human_reviewed_selected			USF+ds003604-template-abstraction	USF:absent-both-directions			He does not destroy three sides			"[""h"", ""iː"", ""d"", ""ʌ"", ""z"", ""n"", ""ɑ"", ""t"", ""d"", ""ɪ"", ""s"", ""t"", ""ɹ"", ""ɔɪ"", ""θ"", ""ɹ"", ""iː"", ""s"", ""aɪ"", ""d"", ""z""]"	do_negation	sides	does not destroy sides	0.0	0.0			4.9883760035072395			21					he	destroy	destroy	side	sides	three	1	0	0	1										0.0	0.0	incongruent	do_negation						41	2019	"{""destroy"": 41, ""side"": 2019}"
PLAUS_0055	Plausibility	incongruent	0	train	plus	human_reviewed_selected			USF+ds003604-template-abstraction	USF:absent-both-directions			He does not escape one country			"[""h"", ""iː"", ""d"", ""ʌ"", ""z"", ""n"", ""ɑ"", ""t"", ""ɛ"", ""s"", ""k"", ""eɪ"", ""p"", ""w"", ""ʌ"", ""n"", ""k"", ""ʌ"", ""n"", ""t"", ""ɹ"", ""i""]"	do_negation	country	does not escape country	0.0	0.0			4.927624024967237			22					he	escape	escape	country	country	one	1	0	0	1										0.0	0.0	incongruent	do_negation						62	234	"{""country"": 234, ""escape"": 62}"
PLAUS_0056	Plausibility	incongruent	0	train	plus	human_reviewed_selected			USF+ds003604-template-abstraction	USF:absent-both-directions			He does not escape two countries			"[""h"", ""iː"", ""d"", ""ʌ"", ""z"", ""n"", ""ɑ"", ""t"", ""ɛ"", ""s"", ""k"", ""eɪ"", ""p"", ""t"", ""uː"", ""k"", ""ʌ"", ""n"", ""t"", ""ɹ"", ""i"", ""z""]"	do_negation	countries	does not escape countries	0.0	0.0			4.927624024967237			22					he	escape	escape	country	countries	two	1	0	0	1										0.0	0.0	incongruent	do_negation						62	234	"{""country"": 234, ""escape"": 62}"
PLAUS_0057	Plausibility	incongruent	0	train	plus	human_reviewed_selected			USF+ds003604-template-abstraction	USF:absent-both-directions			He does not greet one army			"[""h"", ""iː"", ""d"", ""ʌ"", ""z"", ""n"", ""ɑ"", ""t"", ""ɡ"", ""ɹ"", ""iː"", ""t"", ""w"", ""ʌ"", ""n"", ""ɑ"", ""ɹ"", ""m"", ""i""]"	do_negation	army	does not greet army	0.0	0.0			4.326737939401669			19					he	greet	greet	army	army	one	1	0	0	1										0.0	0.0	incongruent	do_negation						6	108	"{""army"": 108, ""greet"": 6}"
PLAUS_0058	Plausibility	incongruent	0	train	plus	human_reviewed_selected			USF+ds003604-template-abstraction	USF:absent-both-directions			He does not greet two armies			"[""h"", ""iː"", ""d"", ""ʌ"", ""z"", ""n"", ""ɑ"", ""t"", ""ɡ"", ""ɹ"", ""iː"", ""t"", ""t"", ""uː"", ""ɑ"", ""ɹ"", ""m"", ""i"", ""z""]"	do_negation	armies	does not greet armies	0.0	0.0			4.326737939401669			19					he	greet	greet	army	armies	two	1	0	0	1										0.0	0.0	incongruent	do_negation						6	108	"{""army"": 108, ""greet"": 6}"
PLAUS_0059	Plausibility	incongruent	0	train	plus	human_reviewed_selected			USF+ds003604-template-abstraction	USF:absent-both-directions			He does not rub three mud			"[""h"", ""iː"", ""d"", ""ʌ"", ""z"", ""n"", ""ɑ"", ""t"", ""ɹ"", ""ʌ"", ""b"", ""θ"", ""ɹ"", ""iː"", ""m"", ""ʌ"", ""d""]"	do_negation	mud	does not rub mud	0.0	0.0			4.179953830397444			17					he	rub	rub	mud	mud	three	1	0	0	1										0.0	0.0	incongruent	do_negation						288	400	"{""mud"": 400, ""rub"": 288}"
PLAUS_0060	Plausibility	incongruent	0	train	plus	human_reviewed_selected			USF+ds003604-template-abstraction	USF:absent-both-directions			He does not spare three grasses			"[""h"", ""iː"", ""d"", ""ʌ"", ""z"", ""n"", ""ɑ"", ""t"", ""s"", ""p"", ""ɛ"", ""ɹ"", ""θ"", ""ɹ"", ""iː"", ""ɡ"", ""ɹ"", ""æ"", ""s"", ""ɪ"", ""z""]"	do_negation	grasses	does not spare grasses	0.0	0.0			4.357031067552284			21					he	spare	spare	grass	grasses	three	1	0	0	1										0.0	0.0	incongruent	do_negation						109	884	"{""grass"": 884, ""spare"": 109}"
PLAUS_0061	Plausibility	incongruent	0	train	plus	human_reviewed_selected			USF+ds003604-template-abstraction	USF:absent-both-directions			He is dancing three computers			"[""h"", ""iː"", ""ɪ"", ""z"", ""d"", ""æ"", ""n"", ""s"", ""ɪ"", ""ŋ"", ""θ"", ""ɹ"", ""iː"", ""k"", ""ə"", ""m"", ""p"", ""j"", ""uː"", ""t"", ""ə"", ""ɹ"", ""z""]"	be_progressive	computers	is dancing computers	0.0	0.0			4.970758677473038			23					he	dance	dancing	computer	computers	three	0	0	0	1										0.0	0.0	incongruent	be_progressive						1286	223	"{""computer"": 223, ""dance"": 1286}"
PLAUS_0062	Plausibility	incongruent	0	train	plus	human_reviewed_selected			USF+ds003604-template-abstraction	USF:absent-both-directions			He is destroying one side			"[""h"", ""iː"", ""ɪ"", ""z"", ""d"", ""ɪ"", ""s"", ""t"", ""ɹ"", ""ɔɪ"", ""ɪ"", ""ŋ"", ""w"", ""ʌ"", ""n"", ""s"", ""aɪ"", ""d""]"	be_progressive	side	is destroying side	0.0	0.0			4.9883760035072395			18					he	destroy	destroying	side	side	one	0	0	0	1										0.0	0.0	incongruent	be_progressive						41	2019	"{""destroy"": 41, ""side"": 2019}"
PLAUS_0063	Plausibility	incongruent	0	train	plus	human_reviewed_selected			USF+ds003604-template-abstraction	USF:absent-both-directions			He is destroying three sides			"[""h"", ""iː"", ""ɪ"", ""z"", ""d"", ""ɪ"", ""s"", ""t"", ""ɹ"", ""ɔɪ"", ""ɪ"", ""ŋ"", ""θ"", ""ɹ"", ""iː"", ""s"", ""aɪ"", ""d"", ""z""]"	be_progressive	sides	is destroying sides	0.0	0.0			4.9883760035072395			19					he	destroy	destroying	side	sides	three	0	0	0	1										0.0	0.0	incongruent	be_progressive						41	2019	"{""destroy"": 41, ""side"": 2019}"
PLAUS_0064	Plausibility	incongruent	0	train	plus	human_reviewed_selected			USF+ds003604-template-abstraction	USF:absent-both-directions			He is destroying two sides			"[""h"", ""iː"", ""ɪ"", ""z"", ""d"", ""ɪ"", ""s"", ""t"", ""ɹ"", ""ɔɪ"", ""ɪ"", ""ŋ"", ""t"", ""uː"", ""s"", ""aɪ"", ""d"", ""z""]"	be_progressive	sides	is destroying sides	0.0	0.0			4.9883760035072395			18					he	destroy	destroying	side	sides	two	0	0	0	1										0.0	0.0	incongruent	be_progressive						41	2019	"{""destroy"": 41, ""side"": 2019}"
PLAUS_0065	Plausibility	incongruent	0	train	plus	human_reviewed_selected			USF+ds003604-template-abstraction	USF:absent-both-directions			He is greeting two armies			"[""h"", ""iː"", ""ɪ"", ""z"", ""ɡ"", ""ɹ"", ""iː"", ""t"", ""ɪ"", ""ŋ"", ""t"", ""uː"", ""ɑ"", ""ɹ"", ""m"", ""i"", ""z""]"	be_progressive	armies	is greeting armies	0.0	0.0			4.326737939401669			17					he	greet	greeting	army	armies	two	0	0	0	1										0.0	0.0	incongruent	be_progressive						6	108	"{""army"": 108, ""greet"": 6}"
PLAUS_0066	Plausibility	incongruent	0	train	plus	human_reviewed_selected			USF+ds003604-template-abstraction	USF:absent-both-directions			He is leaning two bolts			"[""h"", ""iː"", ""ɪ"", ""z"", ""l"", ""iː"", ""n"", ""ɪ"", ""ŋ"", ""t"", ""uː"", ""b"", ""oʊ"", ""l"", ""t"", ""s""]"	be_progressive	bolts	is leaning bolts	0.0	0.0			3.9268112181525687			16					he	lean	leaning	bolt	bolts	two	0	0	0	1										0.0	0.0	incongruent	be_progressive						118	168	"{""bolt"": 168, ""lean"": 118}"
PLAUS_0067	Plausibility	incongruent	0	train	plus	human_reviewed_selected			USF+ds003604-template-abstraction	USF:absent-both-directions			He is sparing two grasses			"[""h"", ""iː"", ""ɪ"", ""z"", ""s"", ""p"", ""ɛ"", ""ɹ"", ""ɪ"", ""ŋ"", ""t"", ""uː"", ""ɡ"", ""ɹ"", ""æ"", ""s"", ""ɪ"", ""z""]"	be_progressive	grasses	is sparing grasses	0.0	0.0			4.357031067552284			18					he	spare	sparing	grass	grasses	two	0	0	0	1										0.0	0.0	incongruent	be_progressive						109	884	"{""grass"": 884, ""spare"": 109}"
PLAUS_0068	Plausibility	incongruent	0	train	plus	human_reviewed_selected			USF+ds003604-template-abstraction	USF:absent-both-directions			Last week he banged three approvals			"[""l"", ""æ"", ""s"", ""t"", ""w"", ""iː"", ""k"", ""h"", ""iː"", ""b"", ""æ"", ""ŋ"", ""ɡ"", ""d"", ""θ"", ""ɹ"", ""iː"", ""ə"", ""p"", ""ɹ"", ""uː"", ""v"", ""ə"", ""l"", ""z""]"	simple_past	approvals	banged approvals	0.0	0.0			4.112238800411863			25					he	bang	banged	approval	approvals	three	0	0	0	1	unseen_phase1:approval									0.0	0.0	incongruent	simple_past						1724	0	"{""approval"": 0, ""bang"": 1724}"
PLAUS_0069	Plausibility	incongruent	0	train	plus	human_reviewed_selected			USF+ds003604-template-abstraction	USF:absent-both-directions			Last week he claimed one harm			"[""l"", ""æ"", ""s"", ""t"", ""w"", ""iː"", ""k"", ""h"", ""iː"", ""k"", ""l"", ""eɪ"", ""m"", ""d"", ""w"", ""ʌ"", ""n"", ""h"", ""ɑ"", ""ɹ"", ""m""]"	simple_past	harm	claimed harm	0.0	0.0			4.453456215534956			21					he	claim	claimed	harm	harm	one	0	0	0	1										0.0	0.0	incongruent	simple_past						6	13	"{""claim"": 6, ""harm"": 13}"
PLAUS_0070	Plausibility	incongruent	0	train	plus	human_reviewed_selected			USF+ds003604-template-abstraction	USF:absent-both-directions			Last week he claimed two harm			"[""l"", ""æ"", ""s"", ""t"", ""w"", ""iː"", ""k"", ""h"", ""iː"", ""k"", ""l"", ""eɪ"", ""m"", ""d"", ""t"", ""uː"", ""h"", ""ɑ"", ""ɹ"", ""m""]"	simple_past	harm	claimed harm	0.0	0.0			4.453456215534956			20					he	claim	claimed	harm	harm	two	0	0	0	1										0.0	0.0	incongruent	simple_past						6	13	"{""claim"": 6, ""harm"": 13}"
PLAUS_0071	Plausibility	incongruent	0	train	plus	human_reviewed_selected			USF+ds003604-template-abstraction	USF:absent-both-directions			Last week he danced three computers			"[""l"", ""æ"", ""s"", ""t"", ""w"", ""iː"", ""k"", ""h"", ""iː"", ""d"", ""æ"", ""n"", ""s"", ""t"", ""θ"", ""ɹ"", ""iː"", ""k"", ""ə"", ""m"", ""p"", ""j"", ""uː"", ""t"", ""ə"", ""ɹ"", ""z""]"	simple_past	computers	danced computers	0.0	0.0			4.970758677473038			27					he	dance	danced	computer	computers	three	0	0	0	1										0.0	0.0	incongruent	simple_past						1286	223	"{""computer"": 223, ""dance"": 1286}"
PLAUS_0072	Plausibility	incongruent	0	train	plus	human_reviewed_selected			USF+ds003604-template-abstraction	USF:absent-both-directions			Last week he destroyed one side			"[""l"", ""æ"", ""s"", ""t"", ""w"", ""iː"", ""k"", ""h"", ""iː"", ""d"", ""ɪ"", ""s"", ""t"", ""ɹ"", ""ɔɪ"", ""d"", ""w"", ""ʌ"", ""n"", ""s"", ""aɪ"", ""d""]"	simple_past	side	destroyed side	0.0	0.0			4.9883760035072395			22					he	destroy	destroyed	side	side	one	0	0	0	1										0.0	0.0	incongruent	simple_past						41	2019	"{""destroy"": 41, ""side"": 2019}"
PLAUS_0073	Plausibility	incongruent	0	train	plus	human_reviewed_selected			USF+ds003604-template-abstraction	USF:absent-both-directions			Last week he destroyed three sides			"[""l"", ""æ"", ""s"", ""t"", ""w"", ""iː"", ""k"", ""h"", ""iː"", ""d"", ""ɪ"", ""s"", ""t"", ""ɹ"", ""ɔɪ"", ""d"", ""θ"", ""ɹ"", ""iː"", ""s"", ""aɪ"", ""d"", ""z""]"	simple_past	sides	destroyed sides	0.0	0.0			4.9883760035072395			23					he	destroy	destroyed	side	sides	three	0	0	0	1										0.0	0.0	incongruent	simple_past						41	2019	"{""destroy"": 41, ""side"": 2019}"
PLAUS_0074	Plausibility	incongruent	0	train	plus	human_reviewed_selected			USF+ds003604-template-abstraction	USF:absent-both-directions			Last week he destroyed two sides			"[""l"", ""æ"", ""s"", ""t"", ""w"", ""iː"", ""k"", ""h"", ""iː"", ""d"", ""ɪ"", ""s"", ""t"", ""ɹ"", ""ɔɪ"", ""d"", ""t"", ""uː"", ""s"", ""aɪ"", ""d"", ""z""]"	simple_past	sides	destroyed sides	0.0	0.0			4.9883760035072395			22					he	destroy	destroyed	side	sides	two	0	0	0	1										0.0	0.0	incongruent	simple_past						41	2019	"{""destroy"": 41, ""side"": 2019}"
PLAUS_0075	Plausibility	incongruent	0	train	plus	human_reviewed_selected			USF+ds003604-template-abstraction	USF:absent-both-directions			Last week he escaped three countries			"[""l"", ""æ"", ""s"", ""t"", ""w"", ""iː"", ""k"", ""h"", ""iː"", ""ɛ"", ""s"", ""k"", ""eɪ"", ""p"", ""t"", ""θ"", ""ɹ"", ""iː"", ""k"", ""ʌ"", ""n"", ""t"", ""ɹ"", ""i"", ""z""]"	simple_past	countries	escaped countries	0.0	0.0			4.927624024967237			25					he	escape	escaped	country	countries	three	0	0	0	1										0.0	0.0	incongruent	simple_past						62	234	"{""country"": 234, ""escape"": 62}"
PLAUS_0076	Plausibility	incongruent	0	train	plus	human_reviewed_selected			USF+ds003604-template-abstraction	USF:absent-both-directions			Last week he greeted two armies			"[""l"", ""æ"", ""s"", ""t"", ""w"", ""iː"", ""k"", ""h"", ""iː"", ""ɡ"", ""ɹ"", ""iː"", ""t"", ""ɪ"", ""d"", ""t"", ""uː"", ""ɑ"", ""ɹ"", ""m"", ""i"", ""z""]"	simple_past	armies	greeted armies	0.0	0.0			4.326737939401669			22					he	greet	greeted	army	armies	two	0	0	0	1										0.0	0.0	incongruent	simple_past						6	108	"{""army"": 108, ""greet"": 6}"
PLAUS_0077	Plausibility	incongruent	0	train	plus	human_reviewed_selected			USF+ds003604-template-abstraction	USF:absent-both-directions			Last week he inspected one trash			"[""l"", ""æ"", ""s"", ""t"", ""w"", ""iː"", ""k"", ""h"", ""iː"", ""ɪ"", ""n"", ""s"", ""p"", ""ɛ"", ""k"", ""t"", ""ɪ"", ""d"", ""w"", ""ʌ"", ""n"", ""t"", ""ɹ"", ""æ"", ""ʃ""]"	simple_past	trash	inspected trash	0.0	0.0			3.8789938088711677			25					he	inspect	inspected	trash	trash	one	0	0	0	1										0.0	0.0	incongruent	simple_past						4	510	"{""inspect"": 4, ""trash"": 510}"
PLAUS_0078	Plausibility	incongruent	0	train	plus	human_reviewed_selected			USF+ds003604-template-abstraction	USF:absent-both-directions			Last week he leaned three bolts			"[""l"", ""æ"", ""s"", ""t"", ""w"", ""iː"", ""k"", ""h"", ""iː"", ""l"", ""iː"", ""n"", ""d"", ""θ"", ""ɹ"", ""iː"", ""b"", ""oʊ"", ""l"", ""t"", ""s""]"	simple_past	bolts	leaned bolts	0.0	0.0			3.9268112181525687			21					he	lean	leaned	bolt	bolts	three	0	0	0	1										0.0	0.0	incongruent	simple_past						118	168	"{""bolt"": 168, ""lean"": 118}"
PLAUS_0079	Plausibility	incongruent	0	train	plus	human_reviewed_selected			USF+ds003604-template-abstraction	USF:absent-both-directions			Last week he rubbed five mud			"[""l"", ""æ"", ""s"", ""t"", ""w"", ""iː"", ""k"", ""h"", ""iː"", ""ɹ"", ""ʌ"", ""b"", ""d"", ""f"", ""aɪ"", ""v"", ""m"", ""ʌ"", ""d""]"	simple_past	mud	rubbed mud	0.0	0.0			4.179953830397444			19					he	rub	rubbed	mud	mud	five	0	0	0	1										0.0	0.0	incongruent	simple_past						288	400	"{""mud"": 400, ""rub"": 288}"
PLAUS_0080	Plausibility	incongruent	0	train	plus	human_reviewed_selected			USF+ds003604-template-abstraction	USF:absent-both-directions			Last week he rubbed one mud			"[""l"", ""æ"", ""s"", ""t"", ""w"", ""iː"", ""k"", ""h"", ""iː"", ""ɹ"", ""ʌ"", ""b"", ""d"", ""w"", ""ʌ"", ""n"", ""m"", ""ʌ"", ""d""]"	simple_past	mud	rubbed mud	0.0	0.0			4.179953830397444			19					he	rub	rubbed	mud	mud	one	0	0	0	1										0.0	0.0	incongruent	simple_past						288	400	"{""mud"": 400, ""rub"": 288}"
PLAUS_0081	Plausibility	incongruent	0	train	plus	human_reviewed_selected			USF+ds003604-template-abstraction	USF:absent-both-directions			Last week he shattered three tongues			"[""l"", ""æ"", ""s"", ""t"", ""w"", ""iː"", ""k"", ""h"", ""iː"", ""ʃ"", ""æ"", ""t"", ""ə"", ""ɹ"", ""d"", ""θ"", ""ɹ"", ""iː"", ""t"", ""ʌ"", ""ŋ"", ""z""]"	simple_past	tongues	shattered tongues	0.0	0.0			3.8216580207213875			22					he	shatter	shattered	tongue	tongues	three	0	0	0	1										0.0	0.0	incongruent	simple_past						1	771	"{""shatter"": 1, ""tongue"": 771}"
PLAUS_0082	Plausibility	incongruent	0	train	plus	human_reviewed_selected			USF+ds003604-template-abstraction	USF:absent-both-directions			Last week he shattered two tongues			"[""l"", ""æ"", ""s"", ""t"", ""w"", ""iː"", ""k"", ""h"", ""iː"", ""ʃ"", ""æ"", ""t"", ""ə"", ""ɹ"", ""d"", ""t"", ""uː"", ""t"", ""ʌ"", ""ŋ"", ""z""]"	simple_past	tongues	shattered tongues	0.0	0.0			3.8216580207213875			21					he	shatter	shattered	tongue	tongues	two	0	0	0	1										0.0	0.0	incongruent	simple_past						1	771	"{""shatter"": 1, ""tongue"": 771}"
PLAUS_0083	Plausibility	incongruent	0	train	plus	human_reviewed_selected			USF+ds003604-template-abstraction	USF:absent-both-directions			Last week he spared one grass			"[""l"", ""æ"", ""s"", ""t"", ""w"", ""iː"", ""k"", ""h"", ""iː"", ""s"", ""p"", ""ɛ"", ""ɹ"", ""d"", ""w"", ""ʌ"", ""n"", ""ɡ"", ""ɹ"", ""æ"", ""s""]"	simple_past	grass	spared grass	0.0	0.0			4.357031067552284			21					he	spare	spared	grass	grass	one	0	0	0	1										0.0	0.0	incongruent	simple_past						109	884	"{""grass"": 884, ""spare"": 109}"
PLAUS_0084	Plausibility	incongruent	0	train	plus	human_reviewed_selected			USF+ds003604-template-abstraction	USF:absent-both-directions			Last week she banged one approval			"[""l"", ""æ"", ""s"", ""t"", ""w"", ""iː"", ""k"", ""ʃ"", ""iː"", ""b"", ""æ"", ""ŋ"", ""ɡ"", ""d"", ""w"", ""ʌ"", ""n"", ""ə"", ""p"", ""ɹ"", ""uː"", ""v"", ""ə"", ""l""]"	simple_past	approval	banged approval	0.0	0.0			4.112238800411863			24					she	bang	banged	approval	approval	one	0	0	0	1	unseen_phase1:approval									0.0	0.0	incongruent	simple_past						1724	0	"{""approval"": 0, ""bang"": 1724}"
PLAUS_0085	Plausibility	incongruent	0	train	plus	human_reviewed_selected			USF+ds003604-template-abstraction	USF:absent-both-directions			Last week she banged two approvals			"[""l"", ""æ"", ""s"", ""t"", ""w"", ""iː"", ""k"", ""ʃ"", ""iː"", ""b"", ""æ"", ""ŋ"", ""ɡ"", ""d"", ""t"", ""uː"", ""ə"", ""p"", ""ɹ"", ""uː"", ""v"", ""ə"", ""l"", ""z""]"	simple_past	approvals	banged approvals	0.0	0.0			4.112238800411863			24					she	bang	banged	approval	approvals	two	0	0	0	1	unseen_phase1:approval									0.0	0.0	incongruent	simple_past						1724	0	"{""approval"": 0, ""bang"": 1724}"
PLAUS_0086	Plausibility	incongruent	0	train	plus	human_reviewed_selected			USF+ds003604-template-abstraction	USF:absent-both-directions			Last week she claimed two harm			"[""l"", ""æ"", ""s"", ""t"", ""w"", ""iː"", ""k"", ""ʃ"", ""iː"", ""k"", ""l"", ""eɪ"", ""m"", ""d"", ""t"", ""uː"", ""h"", ""ɑ"", ""ɹ"", ""m""]"	simple_past	harm	claimed harm	0.0	0.0			4.453456215534956			20					she	claim	claimed	harm	harm	two	0	0	0	1										0.0	0.0	incongruent	simple_past						6	13	"{""claim"": 6, ""harm"": 13}"
PLAUS_0087	Plausibility	incongruent	0	train	plus	human_reviewed_selected			USF+ds003604-template-abstraction	USF:absent-both-directions			Last week she escaped three countries			"[""l"", ""æ"", ""s"", ""t"", ""w"", ""iː"", ""k"", ""ʃ"", ""iː"", ""ɛ"", ""s"", ""k"", ""eɪ"", ""p"", ""t"", ""θ"", ""ɹ"", ""iː"", ""k"", ""ʌ"", ""n"", ""t"", ""ɹ"", ""i"", ""z""]"	simple_past	countries	escaped countries	0.0	0.0			4.927624024967237			25					she	escape	escaped	country	countries	three	0	0	0	1										0.0	0.0	incongruent	simple_past						62	234	"{""country"": 234, ""escape"": 62}"
PLAUS_0088	Plausibility	incongruent	0	train	plus	human_reviewed_selected			USF+ds003604-template-abstraction	USF:absent-both-directions			Last week she greeted one army			"[""l"", ""æ"", ""s"", ""t"", ""w"", ""iː"", ""k"", ""ʃ"", ""iː"", ""ɡ"", ""ɹ"", ""iː"", ""t"", ""ɪ"", ""d"", ""w"", ""ʌ"", ""n"", ""ɑ"", ""ɹ"", ""m"", ""i""]"	simple_past	army	greeted army	0.0	0.0			4.326737939401669			22					she	greet	greeted	army	army	one	0	0	0	1										0.0	0.0	incongruent	simple_past						6	108	"{""army"": 108, ""greet"": 6}"
PLAUS_0089	Plausibility	incongruent	0	train	plus	human_reviewed_selected			USF+ds003604-template-abstraction	USF:absent-both-directions			Last week she greeted three armies			"[""l"", ""æ"", ""s"", ""t"", ""w"", ""iː"", ""k"", ""ʃ"", ""iː"", ""ɡ"", ""ɹ"", ""iː"", ""t"", ""ɪ"", ""d"", ""θ"", ""ɹ"", ""iː"", ""ɑ"", ""ɹ"", ""m"", ""i"", ""z""]"	simple_past	armies	greeted armies	0.0	0.0			4.326737939401669			23					she	greet	greeted	army	armies	three	0	0	0	1										0.0	0.0	incongruent	simple_past						6	108	"{""army"": 108, ""greet"": 6}"
PLAUS_0090	Plausibility	incongruent	0	train	plus	human_reviewed_selected			USF+ds003604-template-abstraction	USF:absent-both-directions			Last week she inspected three pins			"[""l"", ""æ"", ""s"", ""t"", ""w"", ""iː"", ""k"", ""ʃ"", ""iː"", ""ɪ"", ""n"", ""s"", ""p"", ""ɛ"", ""k"", ""t"", ""ɪ"", ""d"", ""θ"", ""ɹ"", ""iː"", ""p"", ""ɪ"", ""n"", ""z""]"	simple_past	pins	inspected pins	0.0	0.0			3.810244737797283			25					she	inspect	inspected	pin	pins	three	0	0	0	1										0.0	0.0	incongruent	simple_past						4	420	"{""inspect"": 4, ""pin"": 420}"
PLAUS_0091	Plausibility	incongruent	0	train	plus	human_reviewed_selected			USF+ds003604-template-abstraction	USF:absent-both-directions			Last week she leaned two bolts			"[""l"", ""æ"", ""s"", ""t"", ""w"", ""iː"", ""k"", ""ʃ"", ""iː"", ""l"", ""iː"", ""n"", ""d"", ""t"", ""uː"", ""b"", ""oʊ"", ""l"", ""t"", ""s""]"	simple_past	bolts	leaned bolts	0.0	0.0			3.9268112181525687			20					she	lean	leaned	bolt	bolts	two	0	0	0	1										0.0	0.0	incongruent	simple_past						118	168	"{""bolt"": 168, ""lean"": 118}"
PLAUS_0092	Plausibility	incongruent	0	train	plus	human_reviewed_selected			USF+ds003604-template-abstraction	USF:absent-both-directions			Last week she rubbed three mud			"[""l"", ""æ"", ""s"", ""t"", ""w"", ""iː"", ""k"", ""ʃ"", ""iː"", ""ɹ"", ""ʌ"", ""b"", ""d"", ""θ"", ""ɹ"", ""iː"", ""m"", ""ʌ"", ""d""]"	simple_past	mud	rubbed mud	0.0	0.0			4.179953830397444			19					she	rub	rubbed	mud	mud	three	0	0	0	1										0.0	0.0	incongruent	simple_past						288	400	"{""mud"": 400, ""rub"": 288}"
PLAUS_0093	Plausibility	incongruent	0	train	plus	human_reviewed_selected			USF+ds003604-template-abstraction	USF:absent-both-directions			Last week she rubbed two mud			"[""l"", ""æ"", ""s"", ""t"", ""w"", ""iː"", ""k"", ""ʃ"", ""iː"", ""ɹ"", ""ʌ"", ""b"", ""d"", ""t"", ""uː"", ""m"", ""ʌ"", ""d""]"	simple_past	mud	rubbed mud	0.0	0.0			4.179953830397444			18					she	rub	rubbed	mud	mud	two	0	0	0	1										0.0	0.0	incongruent	simple_past						288	400	"{""mud"": 400, ""rub"": 288}"
PLAUS_0094	Plausibility	incongruent	0	train	plus	human_reviewed_selected			USF+ds003604-template-abstraction	USF:absent-both-directions			Last week they banged one approval			"[""l"", ""æ"", ""s"", ""t"", ""w"", ""iː"", ""k"", ""ð"", ""eɪ"", ""b"", ""æ"", ""ŋ"", ""ɡ"", ""d"", ""w"", ""ʌ"", ""n"", ""ə"", ""p"", ""ɹ"", ""uː"", ""v"", ""ə"", ""l""]"	simple_past	approval	banged approval	0.0	0.0			4.112238800411863			24					they	bang	banged	approval	approval	one	0	0	0	1	unseen_phase1:approval									0.0	0.0	incongruent	simple_past						1724	0	"{""approval"": 0, ""bang"": 1724}"
PLAUS_0095	Plausibility	incongruent	0	train	plus	human_reviewed_selected			USF+ds003604-template-abstraction	USF:absent-both-directions			Last week they banged three approvals			"[""l"", ""æ"", ""s"", ""t"", ""w"", ""iː"", ""k"", ""ð"", ""eɪ"", ""b"", ""æ"", ""ŋ"", ""ɡ"", ""d"", ""θ"", ""ɹ"", ""iː"", ""ə"", ""p"", ""ɹ"", ""uː"", ""v"", ""ə"", ""l"", ""z""]"	simple_past	approvals	banged approvals	0.0	0.0			4.112238800411863			25					they	bang	banged	approval	approvals	three	0	0	0	1	unseen_phase1:approval									0.0	0.0	incongruent	simple_past						1724	0	"{""approval"": 0, ""bang"": 1724}"
PLAUS_0096	Plausibility	incongruent	0	train	plus	human_reviewed_selected			USF+ds003604-template-abstraction	USF:absent-both-directions			Last week they claimed two harm			"[""l"", ""æ"", ""s"", ""t"", ""w"", ""iː"", ""k"", ""ð"", ""eɪ"", ""k"", ""l"", ""eɪ"", ""m"", ""d"", ""t"", ""uː"", ""h"", ""ɑ"", ""ɹ"", ""m""]"	simple_past	harm	claimed harm	0.0	0.0			4.453456215534956			20					they	claim	claimed	harm	harm	two	0	0	0	1										0.0	0.0	incongruent	simple_past						6	13	"{""claim"": 6, ""harm"": 13}"
PLAUS_0097	Plausibility	incongruent	0	train	plus	human_reviewed_selected			USF+ds003604-template-abstraction	USF:absent-both-directions			Last week they danced three computers			"[""l"", ""æ"", ""s"", ""t"", ""w"", ""iː"", ""k"", ""ð"", ""eɪ"", ""d"", ""æ"", ""n"", ""s"", ""t"", ""θ"", ""ɹ"", ""iː"", ""k"", ""ə"", ""m"", ""p"", ""j"", ""uː"", ""t"", ""ə"", ""ɹ"", ""z""]"	simple_past	computers	danced computers	0.0	0.0			4.970758677473038			27					they	dance	danced	computer	computers	three	0	0	0	1										0.0	0.0	incongruent	simple_past						1286	223	"{""computer"": 223, ""dance"": 1286}"
PLAUS_0098	Plausibility	incongruent	0	train	plus	human_reviewed_selected			USF+ds003604-template-abstraction	USF:absent-both-directions			Last week they destroyed one side			"[""l"", ""æ"", ""s"", ""t"", ""w"", ""iː"", ""k"", ""ð"", ""eɪ"", ""d"", ""ɪ"", ""s"", ""t"", ""ɹ"", ""ɔɪ"", ""d"", ""w"", ""ʌ"", ""n"", ""s"", ""aɪ"", ""d""]"	simple_past	side	destroyed side	0.0	0.0			4.9883760035072395			22					they	destroy	destroyed	side	side	one	0	0	0	1										0.0	0.0	incongruent	simple_past						41	2019	"{""destroy"": 41, ""side"": 2019}"
PLAUS_0099	Plausibility	incongruent	0	train	plus	human_reviewed_selected			USF+ds003604-template-abstraction	USF:absent-both-directions			Last week they destroyed three sides			"[""l"", ""æ"", ""s"", ""t"", ""w"", ""iː"", ""k"", ""ð"", ""eɪ"", ""d"", ""ɪ"", ""s"", ""t"", ""ɹ"", ""ɔɪ"", ""d"", ""θ"", ""ɹ"", ""iː"", ""s"", ""aɪ"", ""d"", ""z""]"	simple_past	sides	destroyed sides	0.0	0.0			4.9883760035072395			23					they	destroy	destroyed	side	sides	three	0	0	0	1										0.0	0.0	incongruent	simple_past						41	2019	"{""destroy"": 41, ""side"": 2019}"
PLAUS_0100	Plausibility	incongruent	0	train	plus	human_reviewed_selected			USF+ds003604-template-abstraction	USF:absent-both-directions			Last week they greeted one army			"[""l"", ""æ"", ""s"", ""t"", ""w"", ""iː"", ""k"", ""ð"", ""eɪ"", ""ɡ"", ""ɹ"", ""iː"", ""t"", ""ɪ"", ""d"", ""w"", ""ʌ"", ""n"", ""ɑ"", ""ɹ"", ""m"", ""i""]"	simple_past	army	greeted army	0.0	0.0			4.326737939401669			22					they	greet	greeted	army	army	one	0	0	0	1										0.0	0.0	incongruent	simple_past						6	108	"{""army"": 108, ""greet"": 6}"
PLAUS_0101	Plausibility	incongruent	0	train	plus	human_reviewed_selected			USF+ds003604-template-abstraction	USF:absent-both-directions			Last week they greeted three armies			"[""l"", ""æ"", ""s"", ""t"", ""w"", ""iː"", ""k"", ""ð"", ""eɪ"", ""ɡ"", ""ɹ"", ""iː"", ""t"", ""ɪ"", ""d"", ""θ"", ""ɹ"", ""iː"", ""ɑ"", ""ɹ"", ""m"", ""i"", ""z""]"	simple_past	armies	greeted armies	0.0	0.0			4.326737939401669			23					they	greet	greeted	army	armies	three	0	0	0	1										0.0	0.0	incongruent	simple_past						6	108	"{""army"": 108, ""greet"": 6}"
PLAUS_0102	Plausibility	incongruent	0	train	plus	human_reviewed_selected			USF+ds003604-template-abstraction	USF:absent-both-directions			Last week they greeted two armies			"[""l"", ""æ"", ""s"", ""t"", ""w"", ""iː"", ""k"", ""ð"", ""eɪ"", ""ɡ"", ""ɹ"", ""iː"", ""t"", ""ɪ"", ""d"", ""t"", ""uː"", ""ɑ"", ""ɹ"", ""m"", ""i"", ""z""]"	simple_past	armies	greeted armies	0.0	0.0			4.326737939401669			22					they	greet	greeted	army	armies	two	0	0	0	1										0.0	0.0	incongruent	simple_past						6	108	"{""army"": 108, ""greet"": 6}"
PLAUS_0103	Plausibility	incongruent	0	train	plus	human_reviewed_selected			USF+ds003604-template-abstraction	USF:absent-both-directions			Last week they inspected one pin			"[""l"", ""æ"", ""s"", ""t"", ""w"", ""iː"", ""k"", ""ð"", ""eɪ"", ""ɪ"", ""n"", ""s"", ""p"", ""ɛ"", ""k"", ""t"", ""ɪ"", ""d"", ""w"", ""ʌ"", ""n"", ""p"", ""ɪ"", ""n""]"	simple_past	pin	inspected pin	0.0	0.0			3.810244737797283			24					they	inspect	inspected	pin	pin	one	0	0	0	1										0.0	0.0	incongruent	simple_past						4	420	"{""inspect"": 4, ""pin"": 420}"
PLAUS_0104	Plausibility	incongruent	0	train	plus	human_reviewed_selected			USF+ds003604-template-abstraction	USF:absent-both-directions			Last week they inspected one trash			"[""l"", ""æ"", ""s"", ""t"", ""w"", ""iː"", ""k"", ""ð"", ""eɪ"", ""ɪ"", ""n"", ""s"", ""p"", ""ɛ"", ""k"", ""t"", ""ɪ"", ""d"", ""w"", ""ʌ"", ""n"", ""t"", ""ɹ"", ""æ"", ""ʃ""]"	simple_past	trash	inspected trash	0.0	0.0			3.8789938088711677			25					they	inspect	inspected	trash	trash	one	0	0	0	1										0.0	0.0	incongruent	simple_past						4	510	"{""inspect"": 4, ""trash"": 510}"
PLAUS_0105	Plausibility	incongruent	0	train	plus	human_reviewed_selected			USF+ds003604-template-abstraction	USF:absent-both-directions			Last week they inspected two pins			"[""l"", ""æ"", ""s"", ""t"", ""w"", ""iː"", ""k"", ""ð"", ""eɪ"", ""ɪ"", ""n"", ""s"", ""p"", ""ɛ"", ""k"", ""t"", ""ɪ"", ""d"", ""t"", ""uː"", ""p"", ""ɪ"", ""n"", ""z""]"	simple_past	pins	inspected pins	0.0	0.0			3.810244737797283			24					they	inspect	inspected	pin	pins	two	0	0	0	1										0.0	0.0	incongruent	simple_past						4	420	"{""inspect"": 4, ""pin"": 420}"
PLAUS_0106	Plausibility	incongruent	0	train	plus	human_reviewed_selected			USF+ds003604-template-abstraction	USF:absent-both-directions			Last week they leaned two bolts			"[""l"", ""æ"", ""s"", ""t"", ""w"", ""iː"", ""k"", ""ð"", ""eɪ"", ""l"", ""iː"", ""n"", ""d"", ""t"", ""uː"", ""b"", ""oʊ"", ""l"", ""t"", ""s""]"	simple_past	bolts	leaned bolts	0.0	0.0			3.9268112181525687			20					they	lean	leaned	bolt	bolts	two	0	0	0	1										0.0	0.0	incongruent	simple_past						118	168	"{""bolt"": 168, ""lean"": 118}"
PLAUS_0107	Plausibility	incongruent	0	train	plus	human_reviewed_selected			USF+ds003604-template-abstraction	USF:absent-both-directions			Last week they rubbed one mud			"[""l"", ""æ"", ""s"", ""t"", ""w"", ""iː"", ""k"", ""ð"", ""eɪ"", ""ɹ"", ""ʌ"", ""b"", ""d"", ""w"", ""ʌ"", ""n"", ""m"", ""ʌ"", ""d""]"	simple_past	mud	rubbed mud	0.0	0.0			4.179953830397444			19					they	rub	rubbed	mud	mud	one	0	0	0	1										0.0	0.0	incongruent	simple_past						288	400	"{""mud"": 400, ""rub"": 288}"
PLAUS_0108	Plausibility	incongruent	0	train	plus	human_reviewed_selected			USF+ds003604-template-abstraction	USF:absent-both-directions			Last week they shattered one tongue			"[""l"", ""æ"", ""s"", ""t"", ""w"", ""iː"", ""k"", ""ð"", ""eɪ"", ""ʃ"", ""æ"", ""t"", ""ə"", ""ɹ"", ""d"", ""w"", ""ʌ"", ""n"", ""t"", ""ʌ"", ""ŋ""]"	simple_past	tongue	shattered tongue	0.0	0.0			3.8216580207213875			21					they	shatter	shattered	tongue	tongue	one	0	0	0	1										0.0	0.0	incongruent	simple_past						1	771	"{""shatter"": 1, ""tongue"": 771}"
PLAUS_0109	Plausibility	incongruent	0	train	plus	human_reviewed_selected			USF+ds003604-template-abstraction	USF:absent-both-directions			Last week they shattered three tongues			"[""l"", ""æ"", ""s"", ""t"", ""w"", ""iː"", ""k"", ""ð"", ""eɪ"", ""ʃ"", ""æ"", ""t"", ""ə"", ""ɹ"", ""d"", ""θ"", ""ɹ"", ""iː"", ""t"", ""ʌ"", ""ŋ"", ""z""]"	simple_past	tongues	shattered tongues	0.0	0.0			3.8216580207213875			22					they	shatter	shattered	tongue	tongues	three	0	0	0	1										0.0	0.0	incongruent	simple_past						1	771	"{""shatter"": 1, ""tongue"": 771}"
PLAUS_0110	Plausibility	incongruent	0	train	plus	human_reviewed_selected			USF+ds003604-template-abstraction	USF:absent-both-directions			Last week they shattered two tongues			"[""l"", ""æ"", ""s"", ""t"", ""w"", ""iː"", ""k"", ""ð"", ""eɪ"", ""ʃ"", ""æ"", ""t"", ""ə"", ""ɹ"", ""d"", ""t"", ""uː"", ""t"", ""ʌ"", ""ŋ"", ""z""]"	simple_past	tongues	shattered tongues	0.0	0.0			3.8216580207213875			21					they	shatter	shattered	tongue	tongues	two	0	0	0	1										0.0	0.0	incongruent	simple_past						1	771	"{""shatter"": 1, ""tongue"": 771}"
PLAUS_0111	Plausibility	incongruent	0	train	plus	human_reviewed_selected			USF+ds003604-template-abstraction	USF:absent-both-directions			Last week they spared three grasses			"[""l"", ""æ"", ""s"", ""t"", ""w"", ""iː"", ""k"", ""ð"", ""eɪ"", ""s"", ""p"", ""ɛ"", ""ɹ"", ""d"", ""θ"", ""ɹ"", ""iː"", ""ɡ"", ""ɹ"", ""æ"", ""s"", ""ɪ"", ""z""]"	simple_past	grasses	spared grasses	0.0	0.0			4.357031067552284			23					they	spare	spared	grass	grasses	three	0	0	0	1										0.0	0.0	incongruent	simple_past						109	884	"{""grass"": 884, ""spare"": 109}"
PLAUS_0112	Plausibility	incongruent	0	train	plus	human_reviewed_selected			USF+ds003604-template-abstraction	USF:absent-both-directions			Last week they spared two grasses			"[""l"", ""æ"", ""s"", ""t"", ""w"", ""iː"", ""k"", ""ð"", ""eɪ"", ""s"", ""p"", ""ɛ"", ""ɹ"", ""d"", ""t"", ""uː"", ""ɡ"", ""ɹ"", ""æ"", ""s"", ""ɪ"", ""z""]"	simple_past	grasses	spared grasses	0.0	0.0			4.357031067552284			22					they	spare	spared	grass	grasses	two	0	0	0	1										0.0	0.0	incongruent	simple_past						109	884	"{""grass"": 884, ""spare"": 109}"
PLAUS_0113	Plausibility	incongruent	0	train	plus	human_reviewed_selected			USF+ds003604-template-abstraction	USF:absent-both-directions			She does not bang one approval			"[""ʃ"", ""iː"", ""d"", ""ʌ"", ""z"", ""n"", ""ɑ"", ""t"", ""b"", ""æ"", ""ŋ"", ""w"", ""ʌ"", ""n"", ""ə"", ""p"", ""ɹ"", ""uː"", ""v"", ""ə"", ""l""]"	do_negation	approval	does not bang approval	0.0	0.0			4.112238800411863			21					she	bang	bang	approval	approval	one	1	0	0	1	unseen_phase1:approval									0.0	0.0	incongruent	do_negation						1724	0	"{""approval"": 0, ""bang"": 1724}"
PLAUS_0114	Plausibility	incongruent	0	train	plus	human_reviewed_selected			USF+ds003604-template-abstraction	USF:absent-both-directions			She does not bang three approvals			"[""ʃ"", ""iː"", ""d"", ""ʌ"", ""z"", ""n"", ""ɑ"", ""t"", ""b"", ""æ"", ""ŋ"", ""θ"", ""ɹ"", ""iː"", ""ə"", ""p"", ""ɹ"", ""uː"", ""v"", ""ə"", ""l"", ""z""]"	do_negation	approvals	does not bang approvals	0.0	0.0			4.112238800411863			22					she	bang	bang	approval	approvals	three	1	0	0	1	unseen_phase1:approval									0.0	0.0	incongruent	do_negation						1724	0	"{""approval"": 0, ""bang"": 1724}"
PLAUS_0115	Plausibility	incongruent	0	train	plus	human_reviewed_selected			USF+ds003604-template-abstraction	USF:absent-both-directions			She does not destroy one side			"[""ʃ"", ""iː"", ""d"", ""ʌ"", ""z"", ""n"", ""ɑ"", ""t"", ""d"", ""ɪ"", ""s"", ""t"", ""ɹ"", ""ɔɪ"", ""w"", ""ʌ"", ""n"", ""s"", ""aɪ"", ""d""]"	do_negation	side	does not destroy side	0.0	0.0			4.9883760035072395			20					she	destroy	destroy	side	side	one	1	0	0	1										0.0	0.0	incongruent	do_negation						41	2019	"{""destroy"": 41, ""side"": 2019}"
PLAUS_0116	Plausibility	incongruent	0	train	plus	human_reviewed_selected			USF+ds003604-template-abstraction	USF:absent-both-directions			She does not destroy three sides			"[""ʃ"", ""iː"", ""d"", ""ʌ"", ""z"", ""n"", ""ɑ"", ""t"", ""d"", ""ɪ"", ""s"", ""t"", ""ɹ"", ""ɔɪ"", ""θ"", ""ɹ"", ""iː"", ""s"", ""aɪ"", ""d"", ""z""]"	do_negation	sides	does not destroy sides	0.0	0.0			4.9883760035072395			21					she	destroy	destroy	side	sides	three	1	0	0	1										0.0	0.0	incongruent	do_negation						41	2019	"{""destroy"": 41, ""side"": 2019}"
PLAUS_0117	Plausibility	incongruent	0	train	plus	human_reviewed_selected			USF+ds003604-template-abstraction	USF:absent-both-directions			She does not escape two countries			"[""ʃ"", ""iː"", ""d"", ""ʌ"", ""z"", ""n"", ""ɑ"", ""t"", ""ɛ"", ""s"", ""k"", ""eɪ"", ""p"", ""t"", ""uː"", ""k"", ""ʌ"", ""n"", ""t"", ""ɹ"", ""i"", ""z""]"	do_negation	countries	does not escape countries	0.0	0.0			4.927624024967237			22					she	escape	escape	country	countries	two	1	0	0	1										0.0	0.0	incongruent	do_negation						62	234	"{""country"": 234, ""escape"": 62}"
PLAUS_0118	Plausibility	incongruent	0	train	plus	human_reviewed_selected			USF+ds003604-template-abstraction	USF:absent-both-directions			She does not greet two armies			"[""ʃ"", ""iː"", ""d"", ""ʌ"", ""z"", ""n"", ""ɑ"", ""t"", ""ɡ"", ""ɹ"", ""iː"", ""t"", ""t"", ""uː"", ""ɑ"", ""ɹ"", ""m"", ""i"", ""z""]"	do_negation	armies	does not greet armies	0.0	0.0			4.326737939401669			19					she	greet	greet	army	armies	two	1	0	0	1										0.0	0.0	incongruent	do_negation						6	108	"{""army"": 108, ""greet"": 6}"
PLAUS_0119	Plausibility	incongruent	0	train	plus	human_reviewed_selected			USF+ds003604-template-abstraction	USF:absent-both-directions			She does not inspect one pin			"[""ʃ"", ""iː"", ""d"", ""ʌ"", ""z"", ""n"", ""ɑ"", ""t"", ""ɪ"", ""n"", ""s"", ""p"", ""ɛ"", ""k"", ""t"", ""w"", ""ʌ"", ""n"", ""p"", ""ɪ"", ""n""]"	do_negation	pin	does not inspect pin	0.0	0.0			3.810244737797283			21					she	inspect	inspect	pin	pin	one	1	0	0	1										0.0	0.0	incongruent	do_negation						4	420	"{""inspect"": 4, ""pin"": 420}"
PLAUS_0120	Plausibility	incongruent	0	train	plus	human_reviewed_selected			USF+ds003604-template-abstraction	USF:absent-both-directions			She does not inspect two trash			"[""ʃ"", ""iː"", ""d"", ""ʌ"", ""z"", ""n"", ""ɑ"", ""t"", ""ɪ"", ""n"", ""s"", ""p"", ""ɛ"", ""k"", ""t"", ""t"", ""uː"", ""t"", ""ɹ"", ""æ"", ""ʃ""]"	do_negation	trash	does not inspect trash	0.0	0.0			3.8789938088711677			21					she	inspect	inspect	trash	trash	two	1	0	0	1										0.0	0.0	incongruent	do_negation						4	510	"{""inspect"": 4, ""trash"": 510}"
PLAUS_0121	Plausibility	incongruent	0	train	plus	human_reviewed_selected			USF+ds003604-template-abstraction	USF:absent-both-directions			She does not lean two bolts			"[""ʃ"", ""iː"", ""d"", ""ʌ"", ""z"", ""n"", ""ɑ"", ""t"", ""l"", ""iː"", ""n"", ""t"", ""uː"", ""b"", ""oʊ"", ""l"", ""t"", ""s""]"	do_negation	bolts	does not lean bolts	0.0	0.0			3.9268112181525687			18					she	lean	lean	bolt	bolts	two	1	0	0	1										0.0	0.0	incongruent	do_negation						118	168	"{""bolt"": 168, ""lean"": 118}"
PLAUS_0122	Plausibility	incongruent	0	train	plus	human_reviewed_selected			USF+ds003604-template-abstraction	USF:absent-both-directions			She does not rub one mud			"[""ʃ"", ""iː"", ""d"", ""ʌ"", ""z"", ""n"", ""ɑ"", ""t"", ""ɹ"", ""ʌ"", ""b"", ""w"", ""ʌ"", ""n"", ""m"", ""ʌ"", ""d""]"	do_negation	mud	does not rub mud	0.0	0.0			4.179953830397444			17					she	rub	rub	mud	mud	one	1	0	0	1										0.0	0.0	incongruent	do_negation						288	400	"{""mud"": 400, ""rub"": 288}"
PLAUS_0123	Plausibility	incongruent	0	train	plus	human_reviewed_selected			USF+ds003604-template-abstraction	USF:absent-both-directions			She does not rub three mud			"[""ʃ"", ""iː"", ""d"", ""ʌ"", ""z"", ""n"", ""ɑ"", ""t"", ""ɹ"", ""ʌ"", ""b"", ""θ"", ""ɹ"", ""iː"", ""m"", ""ʌ"", ""d""]"	do_negation	mud	does not rub mud	0.0	0.0			4.179953830397444			17					she	rub	rub	mud	mud	three	1	0	0	1										0.0	0.0	incongruent	do_negation						288	400	"{""mud"": 400, ""rub"": 288}"
PLAUS_0124	Plausibility	incongruent	0	train	plus	human_reviewed_selected			USF+ds003604-template-abstraction	USF:absent-both-directions			She does not shatter one tongue			"[""ʃ"", ""iː"", ""d"", ""ʌ"", ""z"", ""n"", ""ɑ"", ""t"", ""ʃ"", ""æ"", ""t"", ""ə"", ""ɹ"", ""w"", ""ʌ"", ""n"", ""t"", ""ʌ"", ""ŋ""]"	do_negation	tongue	does not shatter tongue	0.0	0.0			3.8216580207213875			19					she	shatter	shatter	tongue	tongue	one	1	0	0	1										0.0	0.0	incongruent	do_negation						1	771	"{""shatter"": 1, ""tongue"": 771}"
PLAUS_0125	Plausibility	incongruent	0	train	plus	human_reviewed_selected			USF+ds003604-template-abstraction	USF:absent-both-directions			She is banging three approvals			"[""ʃ"", ""iː"", ""ɪ"", ""z"", ""b"", ""æ"", ""ŋ"", ""ɪ"", ""ŋ"", ""θ"", ""ɹ"", ""iː"", ""ə"", ""p"", ""ɹ"", ""uː"", ""v"", ""ə"", ""l"", ""z""]"	be_progressive	approvals	is banging approvals	0.0	0.0			4.112238800411863			20					she	bang	banging	approval	approvals	three	0	0	0	1	unseen_phase1:approval									0.0	0.0	incongruent	be_progressive						1724	0	"{""approval"": 0, ""bang"": 1724}"
PLAUS_0126	Plausibility	incongruent	0	train	plus	human_reviewed_selected			USF+ds003604-template-abstraction	USF:absent-both-directions			She is banging two approvals			"[""ʃ"", ""iː"", ""ɪ"", ""z"", ""b"", ""æ"", ""ŋ"", ""ɪ"", ""ŋ"", ""t"", ""uː"", ""ə"", ""p"", ""ɹ"", ""uː"", ""v"", ""ə"", ""l"", ""z""]"	be_progressive	approvals	is banging approvals	0.0	0.0			4.112238800411863			19					she	bang	banging	approval	approvals	two	0	0	0	1	unseen_phase1:approval									0.0	0.0	incongruent	be_progressive						1724	0	"{""approval"": 0, ""bang"": 1724}"
PLAUS_0127	Plausibility	incongruent	0	train	plus	human_reviewed_selected			USF+ds003604-template-abstraction	USF:absent-both-directions			She is claiming one harm			"[""ʃ"", ""iː"", ""ɪ"", ""z"", ""k"", ""l"", ""eɪ"", ""m"", ""ɪ"", ""ŋ"", ""w"", ""ʌ"", ""n"", ""h"", ""ɑ"", ""ɹ"", ""m""]"	be_progressive	harm	is claiming harm	0.0	0.0			4.453456215534956			17					she	claim	claiming	harm	harm	one	0	0	0	1										0.0	0.0	incongruent	be_progressive						6	13	"{""claim"": 6, ""harm"": 13}"
PLAUS_0128	Plausibility	incongruent	0	train	plus	human_reviewed_selected			USF+ds003604-template-abstraction	USF:absent-both-directions			She is claiming three harm			"[""ʃ"", ""iː"", ""ɪ"", ""z"", ""k"", ""l"", ""eɪ"", ""m"", ""ɪ"", ""ŋ"", ""θ"", ""ɹ"", ""iː"", ""h"", ""ɑ"", ""ɹ"", ""m""]"	be_progressive	harm	is claiming harm	0.0	0.0			4.453456215534956			17					she	claim	claiming	harm	harm	three	0	0	0	1										0.0	0.0	incongruent	be_progressive						6	13	"{""claim"": 6, ""harm"": 13}"
PLAUS_0129	Plausibility	incongruent	0	train	plus	human_reviewed_selected			USF+ds003604-template-abstraction	USF:absent-both-directions			She is claiming two harm			"[""ʃ"", ""iː"", ""ɪ"", ""z"", ""k"", ""l"", ""eɪ"", ""m"", ""ɪ"", ""ŋ"", ""t"", ""uː"", ""h"", ""ɑ"", ""ɹ"", ""m""]"	be_progressive	harm	is claiming harm	0.0	0.0			4.453456215534956			16					she	claim	claiming	harm	harm	two	0	0	0	1										0.0	0.0	incongruent	be_progressive						6	13	"{""claim"": 6, ""harm"": 13}"
PLAUS_0130	Plausibility	incongruent	0	train	plus	human_reviewed_selected			USF+ds003604-template-abstraction	USF:absent-both-directions			She is dancing three computers			"[""ʃ"", ""iː"", ""ɪ"", ""z"", ""d"", ""æ"", ""n"", ""s"", ""ɪ"", ""ŋ"", ""θ"", ""ɹ"", ""iː"", ""k"", ""ə"", ""m"", ""p"", ""j"", ""uː"", ""t"", ""ə"", ""ɹ"", ""z""]"	be_progressive	computers	is dancing computers	0.0	0.0			4.970758677473038			23					she	dance	dancing	computer	computers	three	0	0	0	1										0.0	0.0	incongruent	be_progressive						1286	223	"{""computer"": 223, ""dance"": 1286}"
PLAUS_0131	Plausibility	incongruent	0	train	plus	human_reviewed_selected			USF+ds003604-template-abstraction	USF:absent-both-directions			She is destroying three sides			"[""ʃ"", ""iː"", ""ɪ"", ""z"", ""d"", ""ɪ"", ""s"", ""t"", ""ɹ"", ""ɔɪ"", ""ɪ"", ""ŋ"", ""θ"", ""ɹ"", ""iː"", ""s"", ""aɪ"", ""d"", ""z""]"	be_progressive	sides	is destroying sides	0.0	0.0			4.9883760035072395			19					she	destroy	destroying	side	sides	three	0	0	0	1										0.0	0.0	incongruent	be_progressive						41	2019	"{""destroy"": 41, ""side"": 2019}"
PLAUS_0132	Plausibility	incongruent	0	train	plus	human_reviewed_selected			USF+ds003604-template-abstraction	USF:absent-both-directions			She is destroying two sides			"[""ʃ"", ""iː"", ""ɪ"", ""z"", ""d"", ""ɪ"", ""s"", ""t"", ""ɹ"", ""ɔɪ"", ""ɪ"", ""ŋ"", ""t"", ""uː"", ""s"", ""aɪ"", ""d"", ""z""]"	be_progressive	sides	is destroying sides	0.0	0.0			4.9883760035072395			18					she	destroy	destroying	side	sides	two	0	0	0	1										0.0	0.0	incongruent	be_progressive						41	2019	"{""destroy"": 41, ""side"": 2019}"
PLAUS_0133	Plausibility	incongruent	0	train	plus	human_reviewed_selected			USF+ds003604-template-abstraction	USF:absent-both-directions			She is greeting one army			"[""ʃ"", ""iː"", ""ɪ"", ""z"", ""ɡ"", ""ɹ"", ""iː"", ""t"", ""ɪ"", ""ŋ"", ""w"", ""ʌ"", ""n"", ""ɑ"", ""ɹ"", ""m"", ""i""]"	be_progressive	army	is greeting army	0.0	0.0			4.326737939401669			17					she	greet	greeting	army	army	one	0	0	0	1										0.0	0.0	incongruent	be_progressive						6	108	"{""army"": 108, ""greet"": 6}"
PLAUS_0134	Plausibility	incongruent	0	train	plus	human_reviewed_selected			USF+ds003604-template-abstraction	USF:absent-both-directions			She is inspecting one trash			"[""ʃ"", ""iː"", ""ɪ"", ""z"", ""ɪ"", ""n"", ""s"", ""p"", ""ɛ"", ""k"", ""t"", ""ɪ"", ""ŋ"", ""w"", ""ʌ"", ""n"", ""t"", ""ɹ"", ""æ"", ""ʃ""]"	be_progressive	trash	is inspecting trash	0.0	0.0			3.8789938088711677			20					she	inspect	inspecting	trash	trash	one	0	0	0	1										0.0	0.0	incongruent	be_progressive						4	510	"{""inspect"": 4, ""trash"": 510}"
PLAUS_0135	Plausibility	incongruent	0	train	plus	human_reviewed_selected			USF+ds003604-template-abstraction	USF:absent-both-directions			She is inspecting three trash			"[""ʃ"", ""iː"", ""ɪ"", ""z"", ""ɪ"", ""n"", ""s"", ""p"", ""ɛ"", ""k"", ""t"", ""ɪ"", ""ŋ"", ""θ"", ""ɹ"", ""iː"", ""t"", ""ɹ"", ""æ"", ""ʃ""]"	be_progressive	trash	is inspecting trash	0.0	0.0			3.8789938088711677			20					she	inspect	inspecting	trash	trash	three	0	0	0	1										0.0	0.0	incongruent	be_progressive						4	510	"{""inspect"": 4, ""trash"": 510}"
PLAUS_0136	Plausibility	incongruent	0	train	plus	human_reviewed_selected			USF+ds003604-template-abstraction	USF:absent-both-directions			She is inspecting two trash			"[""ʃ"", ""iː"", ""ɪ"", ""z"", ""ɪ"", ""n"", ""s"", ""p"", ""ɛ"", ""k"", ""t"", ""ɪ"", ""ŋ"", ""t"", ""uː"", ""t"", ""ɹ"", ""æ"", ""ʃ""]"	be_progressive	trash	is inspecting trash	0.0	0.0			3.8789938088711677			19					she	inspect	inspecting	trash	trash	two	0	0	0	1										0.0	0.0	incongruent	be_progressive						4	510	"{""inspect"": 4, ""trash"": 510}"
PLAUS_0137	Plausibility	incongruent	0	train	plus	human_reviewed_selected			USF+ds003604-template-abstraction	USF:absent-both-directions			She is leaning three bolts			"[""ʃ"", ""iː"", ""ɪ"", ""z"", ""l"", ""iː"", ""n"", ""ɪ"", ""ŋ"", ""θ"", ""ɹ"", ""iː"", ""b"", ""oʊ"", ""l"", ""t"", ""s""]"	be_progressive	bolts	is leaning bolts	0.0	0.0			3.9268112181525687			17					she	lean	leaning	bolt	bolts	three	0	0	0	1										0.0	0.0	incongruent	be_progressive						118	168	"{""bolt"": 168, ""lean"": 118}"
PLAUS_0138	Plausibility	incongruent	0	train	plus	human_reviewed_selected			USF+ds003604-template-abstraction	USF:absent-both-directions			She is leaning two bolts			"[""ʃ"", ""iː"", ""ɪ"", ""z"", ""l"", ""iː"", ""n"", ""ɪ"", ""ŋ"", ""t"", ""uː"", ""b"", ""oʊ"", ""l"", ""t"", ""s""]"	be_progressive	bolts	is leaning bolts	0.0	0.0			3.9268112181525687			16					she	lean	leaning	bolt	bolts	two	0	0	0	1										0.0	0.0	incongruent	be_progressive						118	168	"{""bolt"": 168, ""lean"": 118}"
PLAUS_0139	Plausibility	incongruent	0	train	plus	human_reviewed_selected			USF+ds003604-template-abstraction	USF:absent-both-directions			She is rubbing one mud			"[""ʃ"", ""iː"", ""ɪ"", ""z"", ""ɹ"", ""ʌ"", ""b"", ""ɪ"", ""ŋ"", ""w"", ""ʌ"", ""n"", ""m"", ""ʌ"", ""d""]"	be_progressive	mud	is rubbing mud	0.0	0.0			4.179953830397444			15					she	rub	rubbing	mud	mud	one	0	0	0	1										0.0	0.0	incongruent	be_progressive						288	400	"{""mud"": 400, ""rub"": 288}"
PLAUS_0140	Plausibility	incongruent	0	train	plus	human_reviewed_selected			USF+ds003604-template-abstraction	USF:absent-both-directions			She is rubbing three mud			"[""ʃ"", ""iː"", ""ɪ"", ""z"", ""ɹ"", ""ʌ"", ""b"", ""ɪ"", ""ŋ"", ""θ"", ""ɹ"", ""iː"", ""m"", ""ʌ"", ""d""]"	be_progressive	mud	is rubbing mud	0.0	0.0			4.179953830397444			15					she	rub	rubbing	mud	mud	three	0	0	0	1										0.0	0.0	incongruent	be_progressive						288	400	"{""mud"": 400, ""rub"": 288}"
PLAUS_0141	Plausibility	incongruent	0	train	plus	human_reviewed_selected			USF+ds003604-template-abstraction	USF:absent-both-directions			She is shattering three tongues			"[""ʃ"", ""iː"", ""ɪ"", ""z"", ""ʃ"", ""æ"", ""t"", ""ə"", ""ɹ"", ""ɹ"", ""ɪ"", ""ŋ"", ""θ"", ""ɹ"", ""iː"", ""t"", ""ʌ"", ""ŋ"", ""z""]"	be_progressive	tongues	is shattering tongues	0.0	0.0			3.8216580207213875			19					she	shatter	shattering	tongue	tongues	three	0	0	0	1										0.0	0.0	incongruent	be_progressive						1	771	"{""shatter"": 1, ""tongue"": 771}"
PLAUS_0142	Plausibility	incongruent	0	train	plus	human_reviewed_selected			USF+ds003604-template-abstraction	USF:absent-both-directions			She is sparing two grasses			"[""ʃ"", ""iː"", ""ɪ"", ""z"", ""s"", ""p"", ""ɛ"", ""ɹ"", ""ɪ"", ""ŋ"", ""t"", ""uː"", ""ɡ"", ""ɹ"", ""æ"", ""s"", ""ɪ"", ""z""]"	be_progressive	grasses	is sparing grasses	0.0	0.0			4.357031067552284			18					she	spare	sparing	grass	grasses	two	0	0	0	1										0.0	0.0	incongruent	be_progressive						109	884	"{""grass"": 884, ""spare"": 109}"
PLAUS_0143	Plausibility	incongruent	0	train	plus	human_reviewed_selected			USF+ds003604-template-abstraction	USF:absent-both-directions			They are claiming one harm			"[""ð"", ""eɪ"", ""ɑ"", ""ɹ"", ""k"", ""l"", ""eɪ"", ""m"", ""ɪ"", ""ŋ"", ""w"", ""ʌ"", ""n"", ""h"", ""ɑ"", ""ɹ"", ""m""]"	be_progressive	harm	are claiming harm	0.0	0.0			4.453456215534956			17					they	claim	claiming	harm	harm	one	0	0	0	1										0.0	0.0	incongruent	be_progressive						6	13	"{""claim"": 6, ""harm"": 13}"
PLAUS_0144	Plausibility	incongruent	0	train	plus	human_reviewed_selected			USF+ds003604-template-abstraction	USF:absent-both-directions			They are claiming three harm			"[""ð"", ""eɪ"", ""ɑ"", ""ɹ"", ""k"", ""l"", ""eɪ"", ""m"", ""ɪ"", ""ŋ"", ""θ"", ""ɹ"", ""iː"", ""h"", ""ɑ"", ""ɹ"", ""m""]"	be_progressive	harm	are claiming harm	0.0	0.0			4.453456215534956			17					they	claim	claiming	harm	harm	three	0	0	0	1										0.0	0.0	incongruent	be_progressive						6	13	"{""claim"": 6, ""harm"": 13}"
PLAUS_0145	Plausibility	incongruent	0	train	plus	human_reviewed_selected			USF+ds003604-template-abstraction	USF:absent-both-directions			They are claiming two harm			"[""ð"", ""eɪ"", ""ɑ"", ""ɹ"", ""k"", ""l"", ""eɪ"", ""m"", ""ɪ"", ""ŋ"", ""t"", ""uː"", ""h"", ""ɑ"", ""ɹ"", ""m""]"	be_progressive	harm	are claiming harm	0.0	0.0			4.453456215534956			16					they	claim	claiming	harm	harm	two	0	0	0	1										0.0	0.0	incongruent	be_progressive						6	13	"{""claim"": 6, ""harm"": 13}"
PLAUS_0146	Plausibility	incongruent	0	train	plus	human_reviewed_selected			USF+ds003604-template-abstraction	USF:absent-both-directions			They are dancing four computers			"[""ð"", ""eɪ"", ""ɑ"", ""ɹ"", ""d"", ""æ"", ""n"", ""s"", ""ɪ"", ""ŋ"", ""f"", ""ɔ"", ""ɹ"", ""k"", ""ə"", ""m"", ""p"", ""j"", ""uː"", ""t"", ""ə"", ""ɹ"", ""z""]"	be_progressive	computers	are dancing computers	0.0	0.0			4.970758677473038			23					they	dance	dancing	computer	computers	four	0	0	0	1										0.0	0.0	incongruent	be_progressive						1286	223	"{""computer"": 223, ""dance"": 1286}"
PLAUS_0147	Plausibility	incongruent	0	train	plus	human_reviewed_selected			USF+ds003604-template-abstraction	USF:absent-both-directions			They are dancing one computer			"[""ð"", ""eɪ"", ""ɑ"", ""ɹ"", ""d"", ""æ"", ""n"", ""s"", ""ɪ"", ""ŋ"", ""w"", ""ʌ"", ""n"", ""k"", ""ə"", ""m"", ""p"", ""j"", ""uː"", ""t"", ""ə"", ""ɹ""]"	be_progressive	computer	are dancing computer	0.0	0.0			4.970758677473038			22					they	dance	dancing	computer	computer	one	0	0	0	1										0.0	0.0	incongruent	be_progressive						1286	223	"{""computer"": 223, ""dance"": 1286}"
PLAUS_0148	Plausibility	incongruent	0	train	plus	human_reviewed_selected			USF+ds003604-template-abstraction	USF:absent-both-directions			They are dancing two computers			"[""ð"", ""eɪ"", ""ɑ"", ""ɹ"", ""d"", ""æ"", ""n"", ""s"", ""ɪ"", ""ŋ"", ""t"", ""uː"", ""k"", ""ə"", ""m"", ""p"", ""j"", ""uː"", ""t"", ""ə"", ""ɹ"", ""z""]"	be_progressive	computers	are dancing computers	0.0	0.0			4.970758677473038			22					they	dance	dancing	computer	computers	two	0	0	0	1										0.0	0.0	incongruent	be_progressive						1286	223	"{""computer"": 223, ""dance"": 1286}"
PLAUS_0149	Plausibility	incongruent	0	train	plus	human_reviewed_selected			USF+ds003604-template-abstraction	USF:absent-both-directions			They are greeting one army			"[""ð"", ""eɪ"", ""ɑ"", ""ɹ"", ""ɡ"", ""ɹ"", ""iː"", ""t"", ""ɪ"", ""ŋ"", ""w"", ""ʌ"", ""n"", ""ɑ"", ""ɹ"", ""m"", ""i""]"	be_progressive	army	are greeting army	0.0	0.0			4.326737939401669			17					they	greet	greeting	army	army	one	0	0	0	1										0.0	0.0	incongruent	be_progressive						6	108	"{""army"": 108, ""greet"": 6}"
PLAUS_0150	Plausibility	incongruent	0	train	plus	human_reviewed_selected			USF+ds003604-template-abstraction	USF:absent-both-directions			They are greeting three armies			"[""ð"", ""eɪ"", ""ɑ"", ""ɹ"", ""ɡ"", ""ɹ"", ""iː"", ""t"", ""ɪ"", ""ŋ"", ""θ"", ""ɹ"", ""iː"", ""ɑ"", ""ɹ"", ""m"", ""i"", ""z""]"	be_progressive	armies	are greeting armies	0.0	0.0			4.326737939401669			18					they	greet	greeting	army	armies	three	0	0	0	1										0.0	0.0	incongruent	be_progressive						6	108	"{""army"": 108, ""greet"": 6}"
PLAUS_0151	Plausibility	incongruent	0	train	plus	human_reviewed_selected			USF+ds003604-template-abstraction	USF:absent-both-directions			They are greeting two armies			"[""ð"", ""eɪ"", ""ɑ"", ""ɹ"", ""ɡ"", ""ɹ"", ""iː"", ""t"", ""ɪ"", ""ŋ"", ""t"", ""uː"", ""ɑ"", ""ɹ"", ""m"", ""i"", ""z""]"	be_progressive	armies	are greeting armies	0.0	0.0			4.326737939401669			17					they	greet	greeting	army	armies	two	0	0	0	1										0.0	0.0	incongruent	be_progressive						6	108	"{""army"": 108, ""greet"": 6}"
PLAUS_0152	Plausibility	incongruent	0	train	plus	human_reviewed_selected			USF+ds003604-template-abstraction	USF:absent-both-directions			They are inspecting one pin			"[""ð"", ""eɪ"", ""ɑ"", ""ɹ"", ""ɪ"", ""n"", ""s"", ""p"", ""ɛ"", ""k"", ""t"", ""ɪ"", ""ŋ"", ""w"", ""ʌ"", ""n"", ""p"", ""ɪ"", ""n""]"	be_progressive	pin	are inspecting pin	0.0	0.0			3.810244737797283			19					they	inspect	inspecting	pin	pin	one	0	0	0	1										0.0	0.0	incongruent	be_progressive						4	420	"{""inspect"": 4, ""pin"": 420}"
PLAUS_0153	Plausibility	incongruent	0	train	plus	human_reviewed_selected			USF+ds003604-template-abstraction	USF:absent-both-directions			They are inspecting two trash			"[""ð"", ""eɪ"", ""ɑ"", ""ɹ"", ""ɪ"", ""n"", ""s"", ""p"", ""ɛ"", ""k"", ""t"", ""ɪ"", ""ŋ"", ""t"", ""uː"", ""t"", ""ɹ"", ""æ"", ""ʃ""]"	be_progressive	trash	are inspecting trash	0.0	0.0			3.8789938088711677			19					they	inspect	inspecting	trash	trash	two	0	0	0	1										0.0	0.0	incongruent	be_progressive						4	510	"{""inspect"": 4, ""trash"": 510}"
PLAUS_0154	Plausibility	incongruent	0	train	plus	human_reviewed_selected			USF+ds003604-template-abstraction	USF:absent-both-directions			They are leaning five bolts			"[""ð"", ""eɪ"", ""ɑ"", ""ɹ"", ""l"", ""iː"", ""n"", ""ɪ"", ""ŋ"", ""f"", ""aɪ"", ""v"", ""b"", ""oʊ"", ""l"", ""t"", ""s""]"	be_progressive	bolts	are leaning bolts	0.0	0.0			3.9268112181525687			17					they	lean	leaning	bolt	bolts	five	0	0	0	1										0.0	0.0	incongruent	be_progressive						118	168	"{""bolt"": 168, ""lean"": 118}"
PLAUS_0155	Plausibility	incongruent	0	train	plus	human_reviewed_selected			USF+ds003604-template-abstraction	USF:absent-both-directions			They are leaning one bolt			"[""ð"", ""eɪ"", ""ɑ"", ""ɹ"", ""l"", ""iː"", ""n"", ""ɪ"", ""ŋ"", ""w"", ""ʌ"", ""n"", ""b"", ""oʊ"", ""l"", ""t""]"	be_progressive	bolt	are leaning bolt	0.0	0.0			3.9268112181525687			16					they	lean	leaning	bolt	bolt	one	0	0	0	1										0.0	0.0	incongruent	be_progressive						118	168	"{""bolt"": 168, ""lean"": 118}"
PLAUS_0156	Plausibility	incongruent	0	train	plus	human_reviewed_selected			USF+ds003604-template-abstraction	USF:absent-both-directions			They are leaning three bolts			"[""ð"", ""eɪ"", ""ɑ"", ""ɹ"", ""l"", ""iː"", ""n"", ""ɪ"", ""ŋ"", ""θ"", ""ɹ"", ""iː"", ""b"", ""oʊ"", ""l"", ""t"", ""s""]"	be_progressive	bolts	are leaning bolts	0.0	0.0			3.9268112181525687			17					they	lean	leaning	bolt	bolts	three	0	0	0	1										0.0	0.0	incongruent	be_progressive						118	168	"{""bolt"": 168, ""lean"": 118}"
PLAUS_0157	Plausibility	incongruent	0	train	plus	human_reviewed_selected			USF+ds003604-template-abstraction	USF:absent-both-directions			They are leaning two bolts			"[""ð"", ""eɪ"", ""ɑ"", ""ɹ"", ""l"", ""iː"", ""n"", ""ɪ"", ""ŋ"", ""t"", ""uː"", ""b"", ""oʊ"", ""l"", ""t"", ""s""]"	be_progressive	bolts	are leaning bolts	0.0	0.0			3.9268112181525687			16					they	lean	leaning	bolt	bolts	two	0	0	0	1										0.0	0.0	incongruent	be_progressive						118	168	"{""bolt"": 168, ""lean"": 118}"
PLAUS_0158	Plausibility	incongruent	0	train	plus	human_reviewed_selected			USF+ds003604-template-abstraction	USF:absent-both-directions			They are rubbing four mud			"[""ð"", ""eɪ"", ""ɑ"", ""ɹ"", ""ɹ"", ""ʌ"", ""b"", ""ɪ"", ""ŋ"", ""f"", ""ɔ"", ""ɹ"", ""m"", ""ʌ"", ""d""]"	be_progressive	mud	are rubbing mud	0.0	0.0			4.179953830397444			15					they	rub	rubbing	mud	mud	four	0	0	0	1										0.0	0.0	incongruent	be_progressive						288	400	"{""mud"": 400, ""rub"": 288}"
PLAUS_0159	Plausibility	incongruent	0	train	plus	human_reviewed_selected			USF+ds003604-template-abstraction	USF:absent-both-directions			They are rubbing three mud			"[""ð"", ""eɪ"", ""ɑ"", ""ɹ"", ""ɹ"", ""ʌ"", ""b"", ""ɪ"", ""ŋ"", ""θ"", ""ɹ"", ""iː"", ""m"", ""ʌ"", ""d""]"	be_progressive	mud	are rubbing mud	0.0	0.0			4.179953830397444			15					they	rub	rubbing	mud	mud	three	0	0	0	1										0.0	0.0	incongruent	be_progressive						288	400	"{""mud"": 400, ""rub"": 288}"
PLAUS_0160	Plausibility	incongruent	0	train	plus	human_reviewed_selected			USF+ds003604-template-abstraction	USF:absent-both-directions			They are rubbing two mud			"[""ð"", ""eɪ"", ""ɑ"", ""ɹ"", ""ɹ"", ""ʌ"", ""b"", ""ɪ"", ""ŋ"", ""t"", ""uː"", ""m"", ""ʌ"", ""d""]"	be_progressive	mud	are rubbing mud	0.0	0.0			4.179953830397444			14					they	rub	rubbing	mud	mud	two	0	0	0	1										0.0	0.0	incongruent	be_progressive						288	400	"{""mud"": 400, ""rub"": 288}"
PLAUS_0161	Plausibility	incongruent	0	train	plus	human_reviewed_selected			USF+ds003604-template-abstraction	USF:absent-both-directions			They are shattering three tongues			"[""ð"", ""eɪ"", ""ɑ"", ""ɹ"", ""ʃ"", ""æ"", ""t"", ""ə"", ""ɹ"", ""ɹ"", ""ɪ"", ""ŋ"", ""θ"", ""ɹ"", ""iː"", ""t"", ""ʌ"", ""ŋ"", ""z""]"	be_progressive	tongues	are shattering tongues	0.0	0.0			3.8216580207213875			19					they	shatter	shattering	tongue	tongues	three	0	0	0	1										0.0	0.0	incongruent	be_progressive						1	771	"{""shatter"": 1, ""tongue"": 771}"
PLAUS_0162	Plausibility	incongruent	0	train	plus	human_reviewed_selected			USF+ds003604-template-abstraction	USF:absent-both-directions			They are sparing one grass			"[""ð"", ""eɪ"", ""ɑ"", ""ɹ"", ""s"", ""p"", ""ɛ"", ""ɹ"", ""ɪ"", ""ŋ"", ""w"", ""ʌ"", ""n"", ""ɡ"", ""ɹ"", ""æ"", ""s""]"	be_progressive	grass	are sparing grass	0.0	0.0			4.357031067552284			17					they	spare	sparing	grass	grass	one	0	0	0	1										0.0	0.0	incongruent	be_progressive						109	884	"{""grass"": 884, ""spare"": 109}"
PLAUS_0163	Plausibility	incongruent	0	train	plus	human_reviewed_selected			USF+ds003604-template-abstraction	USF:absent-both-directions			They are sparing three grasses			"[""ð"", ""eɪ"", ""ɑ"", ""ɹ"", ""s"", ""p"", ""ɛ"", ""ɹ"", ""ɪ"", ""ŋ"", ""θ"", ""ɹ"", ""iː"", ""ɡ"", ""ɹ"", ""æ"", ""s"", ""ɪ"", ""z""]"	be_progressive	grasses	are sparing grasses	0.0	0.0			4.357031067552284			19					they	spare	sparing	grass	grasses	three	0	0	0	1										0.0	0.0	incongruent	be_progressive						109	884	"{""grass"": 884, ""spare"": 109}"
PLAUS_0164	Plausibility	incongruent	0	train	plus	human_reviewed_selected			USF+ds003604-template-abstraction	USF:absent-both-directions			They are sparing two grasses			"[""ð"", ""eɪ"", ""ɑ"", ""ɹ"", ""s"", ""p"", ""ɛ"", ""ɹ"", ""ɪ"", ""ŋ"", ""t"", ""uː"", ""ɡ"", ""ɹ"", ""æ"", ""s"", ""ɪ"", ""z""]"	be_progressive	grasses	are sparing grasses	0.0	0.0			4.357031067552284			18					they	spare	sparing	grass	grasses	two	0	0	0	1										0.0	0.0	incongruent	be_progressive						109	884	"{""grass"": 884, ""spare"": 109}"
PLAUS_0165	Plausibility	incongruent	0	train	plus	human_reviewed_selected			USF+ds003604-template-abstraction	USF:absent-both-directions			They do not bang three approvals			"[""ð"", ""eɪ"", ""d"", ""uː"", ""n"", ""ɑ"", ""t"", ""b"", ""æ"", ""ŋ"", ""θ"", ""ɹ"", ""iː"", ""ə"", ""p"", ""ɹ"", ""uː"", ""v"", ""ə"", ""l"", ""z""]"	do_negation	approvals	do not bang approvals	0.0	0.0			4.112238800411863			21					they	bang	bang	approval	approvals	three	1	0	0	1	unseen_phase1:approval									0.0	0.0	incongruent	do_negation						1724	0	"{""approval"": 0, ""bang"": 1724}"
PLAUS_0166	Plausibility	incongruent	0	train	plus	human_reviewed_selected			USF+ds003604-template-abstraction	USF:absent-both-directions			They do not claim one harm			"[""ð"", ""eɪ"", ""d"", ""uː"", ""n"", ""ɑ"", ""t"", ""k"", ""l"", ""eɪ"", ""m"", ""w"", ""ʌ"", ""n"", ""h"", ""ɑ"", ""ɹ"", ""m""]"	do_negation	harm	do not claim harm	0.0	0.0			4.453456215534956			18					they	claim	claim	harm	harm	one	1	0	0	1										0.0	0.0	incongruent	do_negation						6	13	"{""claim"": 6, ""harm"": 13}"
PLAUS_0167	Plausibility	incongruent	0	train	plus	human_reviewed_selected			USF+ds003604-template-abstraction	USF:absent-both-directions			They do not claim three harm			"[""ð"", ""eɪ"", ""d"", ""uː"", ""n"", ""ɑ"", ""t"", ""k"", ""l"", ""eɪ"", ""m"", ""θ"", ""ɹ"", ""iː"", ""h"", ""ɑ"", ""ɹ"", ""m""]"	do_negation	harm	do not claim harm	0.0	0.0			4.453456215534956			18					they	claim	claim	harm	harm	three	1	0	0	1										0.0	0.0	incongruent	do_negation						6	13	"{""claim"": 6, ""harm"": 13}"
PLAUS_0168	Plausibility	incongruent	0	train	plus	human_reviewed_selected			USF+ds003604-template-abstraction	USF:absent-both-directions			They do not dance one computer			"[""ð"", ""eɪ"", ""d"", ""uː"", ""n"", ""ɑ"", ""t"", ""d"", ""æ"", ""n"", ""s"", ""w"", ""ʌ"", ""n"", ""k"", ""ə"", ""m"", ""p"", ""j"", ""uː"", ""t"", ""ə"", ""ɹ""]"	do_negation	computer	do not dance computer	0.0	0.0			4.970758677473038			23					they	dance	dance	computer	computer	one	1	0	0	1										0.0	0.0	incongruent	do_negation						1286	223	"{""computer"": 223, ""dance"": 1286}"
PLAUS_0169	Plausibility	incongruent	0	train	plus	human_reviewed_selected			USF+ds003604-template-abstraction	USF:absent-both-directions			They do not dance two computers			"[""ð"", ""eɪ"", ""d"", ""uː"", ""n"", ""ɑ"", ""t"", ""d"", ""æ"", ""n"", ""s"", ""t"", ""uː"", ""k"", ""ə"", ""m"", ""p"", ""j"", ""uː"", ""t"", ""ə"", ""ɹ"", ""z""]"	do_negation	computers	do not dance computers	0.0	0.0			4.970758677473038			23					they	dance	dance	computer	computers	two	1	0	0	1										0.0	0.0	incongruent	do_negation						1286	223	"{""computer"": 223, ""dance"": 1286}"
PLAUS_0170	Plausibility	incongruent	0	train	plus	human_reviewed_selected			USF+ds003604-template-abstraction	USF:absent-both-directions			They do not escape one country			"[""ð"", ""eɪ"", ""d"", ""uː"", ""n"", ""ɑ"", ""t"", ""ɛ"", ""s"", ""k"", ""eɪ"", ""p"", ""w"", ""ʌ"", ""n"", ""k"", ""ʌ"", ""n"", ""t"", ""ɹ"", ""i""]"	do_negation	country	do not escape country	0.0	0.0			4.927624024967237			21					they	escape	escape	country	country	one	1	0	0	1										0.0	0.0	incongruent	do_negation						62	234	"{""country"": 234, ""escape"": 62}"
PLAUS_0171	Plausibility	incongruent	0	train	plus	human_reviewed_selected			USF+ds003604-template-abstraction	USF:absent-both-directions			They do not escape three countries			"[""ð"", ""eɪ"", ""d"", ""uː"", ""n"", ""ɑ"", ""t"", ""ɛ"", ""s"", ""k"", ""eɪ"", ""p"", ""θ"", ""ɹ"", ""iː"", ""k"", ""ʌ"", ""n"", ""t"", ""ɹ"", ""i"", ""z""]"	do_negation	countries	do not escape countries	0.0	0.0			4.927624024967237			22					they	escape	escape	country	countries	three	1	0	0	1										0.0	0.0	incongruent	do_negation						62	234	"{""country"": 234, ""escape"": 62}"
PLAUS_0172	Plausibility	incongruent	0	train	plus	human_reviewed_selected			USF+ds003604-template-abstraction	USF:absent-both-directions			They do not escape two countries			"[""ð"", ""eɪ"", ""d"", ""uː"", ""n"", ""ɑ"", ""t"", ""ɛ"", ""s"", ""k"", ""eɪ"", ""p"", ""t"", ""uː"", ""k"", ""ʌ"", ""n"", ""t"", ""ɹ"", ""i"", ""z""]"	do_negation	countries	do not escape countries	0.0	0.0			4.927624024967237			21					they	escape	escape	country	countries	two	1	0	0	1										0.0	0.0	incongruent	do_negation						62	234	"{""country"": 234, ""escape"": 62}"
PLAUS_0173	Plausibility	incongruent	0	train	plus	human_reviewed_selected			USF+ds003604-template-abstraction	USF:absent-both-directions			They do not greet three armies			"[""ð"", ""eɪ"", ""d"", ""uː"", ""n"", ""ɑ"", ""t"", ""ɡ"", ""ɹ"", ""iː"", ""t"", ""θ"", ""ɹ"", ""iː"", ""ɑ"", ""ɹ"", ""m"", ""i"", ""z""]"	do_negation	armies	do not greet armies	0.0	0.0			4.326737939401669			19					they	greet	greet	army	armies	three	1	0	0	1										0.0	0.0	incongruent	do_negation						6	108	"{""army"": 108, ""greet"": 6}"
PLAUS_0174	Plausibility	incongruent	0	train	plus	human_reviewed_selected			USF+ds003604-template-abstraction	USF:absent-both-directions			They do not greet two armies			"[""ð"", ""eɪ"", ""d"", ""uː"", ""n"", ""ɑ"", ""t"", ""ɡ"", ""ɹ"", ""iː"", ""t"", ""t"", ""uː"", ""ɑ"", ""ɹ"", ""m"", ""i"", ""z""]"	do_negation	armies	do not greet armies	0.0	0.0			4.326737939401669			18					they	greet	greet	army	armies	two	1	0	0	1										0.0	0.0	incongruent	do_negation						6	108	"{""army"": 108, ""greet"": 6}"
PLAUS_0175	Plausibility	incongruent	0	train	plus	human_reviewed_selected			USF+ds003604-template-abstraction	USF:absent-both-directions			They do not inspect two trash			"[""ð"", ""eɪ"", ""d"", ""uː"", ""n"", ""ɑ"", ""t"", ""ɪ"", ""n"", ""s"", ""p"", ""ɛ"", ""k"", ""t"", ""t"", ""uː"", ""t"", ""ɹ"", ""æ"", ""ʃ""]"	do_negation	trash	do not inspect trash	0.0	0.0			3.8789938088711677			20					they	inspect	inspect	trash	trash	two	1	0	0	1										0.0	0.0	incongruent	do_negation						4	510	"{""inspect"": 4, ""trash"": 510}"
PLAUS_0176	Plausibility	incongruent	0	train	plus	human_reviewed_selected			USF+ds003604-template-abstraction	USF:absent-both-directions			They do not lean one bolt			"[""ð"", ""eɪ"", ""d"", ""uː"", ""n"", ""ɑ"", ""t"", ""l"", ""iː"", ""n"", ""w"", ""ʌ"", ""n"", ""b"", ""oʊ"", ""l"", ""t""]"	do_negation	bolt	do not lean bolt	0.0	0.0			3.9268112181525687			17					they	lean	lean	bolt	bolt	one	1	0	0	1										0.0	0.0	incongruent	do_negation						118	168	"{""bolt"": 168, ""lean"": 118}"
PLAUS_0177	Plausibility	incongruent	0	train	plus	human_reviewed_selected			USF+ds003604-template-abstraction	USF:absent-both-directions			They do not lean three bolts			"[""ð"", ""eɪ"", ""d"", ""uː"", ""n"", ""ɑ"", ""t"", ""l"", ""iː"", ""n"", ""θ"", ""ɹ"", ""iː"", ""b"", ""oʊ"", ""l"", ""t"", ""s""]"	do_negation	bolts	do not lean bolts	0.0	0.0			3.9268112181525687			18					they	lean	lean	bolt	bolts	three	1	0	0	1										0.0	0.0	incongruent	do_negation						118	168	"{""bolt"": 168, ""lean"": 118}"
PLAUS_0178	Plausibility	incongruent	0	train	plus	human_reviewed_selected			USF+ds003604-template-abstraction	USF:absent-both-directions			They do not lean two bolts			"[""ð"", ""eɪ"", ""d"", ""uː"", ""n"", ""ɑ"", ""t"", ""l"", ""iː"", ""n"", ""t"", ""uː"", ""b"", ""oʊ"", ""l"", ""t"", ""s""]"	do_negation	bolts	do not lean bolts	0.0	0.0			3.9268112181525687			17					they	lean	lean	bolt	bolts	two	1	0	0	1										0.0	0.0	incongruent	do_negation						118	168	"{""bolt"": 168, ""lean"": 118}"
PLAUS_0179	Plausibility	incongruent	0	train	plus	human_reviewed_selected			USF+ds003604-template-abstraction	USF:absent-both-directions			They do not rub three mud			"[""ð"", ""eɪ"", ""d"", ""uː"", ""n"", ""ɑ"", ""t"", ""ɹ"", ""ʌ"", ""b"", ""θ"", ""ɹ"", ""iː"", ""m"", ""ʌ"", ""d""]"	do_negation	mud	do not rub mud	0.0	0.0			4.179953830397444			16					they	rub	rub	mud	mud	three	1	0	0	1										0.0	0.0	incongruent	do_negation						288	400	"{""mud"": 400, ""rub"": 288}"
PLAUS_0180	Plausibility	incongruent	0	train	plus	human_reviewed_selected			USF+ds003604-template-abstraction	USF:absent-both-directions			They do not shatter three tongues			"[""ð"", ""eɪ"", ""d"", ""uː"", ""n"", ""ɑ"", ""t"", ""ʃ"", ""æ"", ""t"", ""ə"", ""ɹ"", ""θ"", ""ɹ"", ""iː"", ""t"", ""ʌ"", ""ŋ"", ""z""]"	do_negation	tongues	do not shatter tongues	0.0	0.0			3.8216580207213875			19					they	shatter	shatter	tongue	tongues	three	1	0	0	1										0.0	0.0	incongruent	do_negation						1	771	"{""shatter"": 1, ""tongue"": 771}"
PLAUS_0181	Plausibility	strong_congruence	1	train	plus	human_reviewed_selected			USF+ds003604-template-abstraction	USF:Cue_Target_Pairs.G-K:8352			Every day he knocks three doors			"[""ɛ"", ""v"", ""ɹ"", ""i"", ""d"", ""eɪ"", ""h"", ""iː"", ""n"", ""ɑ"", ""k"", ""s"", ""θ"", ""ɹ"", ""iː"", ""d"", ""ɔ"", ""ɹ"", ""z""]"	present_3s	doors	knocks doors	0.466	0.0			5.1381412354502665			19					he	knock	knocks	door	doors	three	0	0	0	1										0.466	0.0	strong_congruence	present_3s						2015	4199	"{""door"": 4199, ""knock"": 2015}"
PLAUS_0182	Plausibility	strong_congruence	1	train	plus	human_reviewed_selected			USF+ds003604-template-abstraction	USF:Cue_Target_Pairs.S:1140			Every day he screws one driver			"[""ɛ"", ""v"", ""ɹ"", ""i"", ""d"", ""eɪ"", ""h"", ""iː"", ""s"", ""k"", ""ɹ"", ""uː"", ""z"", ""w"", ""ʌ"", ""n"", ""d"", ""ɹ"", ""aɪ"", ""v"", ""ə"", ""ɹ""]"	present_3s	driver	screws driver	0.302	0.0			4.6247222328466515			22					he	screw	screws	driver	driver	one	0	0	0	1										0.302	0.0	strong_congruence	present_3s						816	850	"{""driver"": 850, ""screw"": 816}"
PLAUS_0183	Plausibility	strong_congruence	1	train	plus	human_reviewed_selected			USF+ds003604-template-abstraction	USF:Cue_Target_Pairs.S:1140			Every day he screws three drivers			"[""ɛ"", ""v"", ""ɹ"", ""i"", ""d"", ""eɪ"", ""h"", ""iː"", ""s"", ""k"", ""ɹ"", ""uː"", ""z"", ""θ"", ""ɹ"", ""iː"", ""d"", ""ɹ"", ""aɪ"", ""v"", ""ə"", ""ɹ"", ""z""]"	present_3s	drivers	screws drivers	0.302	0.0			4.6247222328466515			23					he	screw	screws	driver	drivers	three	0	0	0	1										0.302	0.0	strong_congruence	present_3s						816	850	"{""driver"": 850, ""screw"": 816}"
PLAUS_0184	Plausibility	strong_congruence	1	train	plus	human_reviewed_selected			USF+ds003604-template-abstraction	USF:Cue_Target_Pairs.S:1140			Every day he screws two drivers			"[""ɛ"", ""v"", ""ɹ"", ""i"", ""d"", ""eɪ"", ""h"", ""iː"", ""s"", ""k"", ""ɹ"", ""uː"", ""z"", ""t"", ""uː"", ""d"", ""ɹ"", ""aɪ"", ""v"", ""ə"", ""ɹ"", ""z""]"	present_3s	drivers	screws drivers	0.302	0.0			4.6247222328466515			22					he	screw	screws	driver	drivers	two	0	0	0	1										0.302	0.0	strong_congruence	present_3s						816	850	"{""driver"": 850, ""screw"": 816}"
PLAUS_0185	Plausibility	strong_congruence	1	train	plus	human_reviewed_selected			USF+ds003604-template-abstraction	USF:Cue_Target_Pairs.S:6827			Every day he steps one stair			"[""ɛ"", ""v"", ""ɹ"", ""i"", ""d"", ""eɪ"", ""h"", ""iː"", ""s"", ""t"", ""ɛ"", ""p"", ""s"", ""w"", ""ʌ"", ""n"", ""s"", ""t"", ""ɛ"", ""ɹ""]"	present_3s	stair	steps stair	0.37	0.15			4.102803828946266			20					he	step	steps	stair	stair	one	0	0	0	1										0.37	0.15	strong_congruence	present_3s						713	48	"{""stair"": 48, ""step"": 713}"
PLAUS_0186	Plausibility	strong_congruence	1	train	plus	human_reviewed_selected			USF+ds003604-template-abstraction	USF:Cue_Target_Pairs.S:8854			Every day he swaps four trades			"[""ɛ"", ""v"", ""ɹ"", ""i"", ""d"", ""eɪ"", ""h"", ""iː"", ""s"", ""w"", ""ɑ"", ""p"", ""s"", ""f"", ""ɔ"", ""ɹ"", ""t"", ""ɹ"", ""eɪ"", ""d"", ""z""]"	present_3s	trades	swaps trades	0.342	0.061			4.053047914560739			21					he	swap	swaps	trade	trades	four	0	0	0	1										0.342	0.061	strong_congruence	present_3s						5	161	"{""swap"": 5, ""trade"": 161}"
PLAUS_0187	Plausibility	strong_congruence	1	train	plus	human_reviewed_selected			USF+ds003604-template-abstraction	USF:Cue_Target_Pairs.S:8854			Every day he swaps one trade			"[""ɛ"", ""v"", ""ɹ"", ""i"", ""d"", ""eɪ"", ""h"", ""iː"", ""s"", ""w"", ""ɑ"", ""p"", ""s"", ""w"", ""ʌ"", ""n"", ""t"", ""ɹ"", ""eɪ"", ""d""]"	present_3s	trade	swaps trade	0.342	0.061			4.053047914560739			20					he	swap	swaps	trade	trade	one	0	0	0	1										0.342	0.061	strong_congruence	present_3s						5	161	"{""swap"": 5, ""trade"": 161}"
PLAUS_0188	Plausibility	strong_congruence	1	train	plus	human_reviewed_selected			USF+ds003604-template-abstraction	USF:Cue_Target_Pairs.S:8854			Every day he swaps two trades			"[""ɛ"", ""v"", ""ɹ"", ""i"", ""d"", ""eɪ"", ""h"", ""iː"", ""s"", ""w"", ""ɑ"", ""p"", ""s"", ""t"", ""uː"", ""t"", ""ɹ"", ""eɪ"", ""d"", ""z""]"	present_3s	trades	swaps trades	0.342	0.061			4.053047914560739			20					he	swap	swaps	trade	trades	two	0	0	0	1										0.342	0.061	strong_congruence	present_3s						5	161	"{""swap"": 5, ""trade"": 161}"
PLAUS_0189	Plausibility	strong_congruence	1	train	plus	human_reviewed_selected			USF+ds003604-template-abstraction	USF:Cue_Target_Pairs.S:1140			Every day she screws two drivers			"[""ɛ"", ""v"", ""ɹ"", ""i"", ""d"", ""eɪ"", ""ʃ"", ""iː"", ""s"", ""k"", ""ɹ"", ""uː"", ""z"", ""t"", ""uː"", ""d"", ""ɹ"", ""aɪ"", ""v"", ""ə"", ""ɹ"", ""z""]"	present_3s	drivers	screws drivers	0.302	0.0			4.6247222328466515			22					she	screw	screws	driver	drivers	two	0	0	0	1										0.302	0.0	strong_congruence	present_3s						816	850	"{""driver"": 850, ""screw"": 816}"
PLAUS_0190	Plausibility	strong_congruence	1	train	plus	human_reviewed_selected			USF+ds003604-template-abstraction	USF:Cue_Target_Pairs.S:6101			Every day she squints one eye			"[""ɛ"", ""v"", ""ɹ"", ""i"", ""d"", ""eɪ"", ""ʃ"", ""iː"", ""s"", ""k"", ""w"", ""ɪ"", ""n"", ""t"", ""s"", ""w"", ""ʌ"", ""n"", ""aɪ""]"	present_3s	eye	squints eye	0.312	0.0			4.024190432453098			19					she	squint	squints	eye	eye	one	0	0	0	1										0.312	0.0	strong_congruence	present_3s						1	1995	"{""eye"": 1995, ""squint"": 1}"
PLAUS_0191	Plausibility	strong_congruence	1	train	plus	human_reviewed_selected			USF+ds003604-template-abstraction	USF:Cue_Target_Pairs.S:6101			Every day she squints three eyes			"[""ɛ"", ""v"", ""ɹ"", ""i"", ""d"", ""eɪ"", ""ʃ"", ""iː"", ""s"", ""k"", ""w"", ""ɪ"", ""n"", ""t"", ""s"", ""θ"", ""ɹ"", ""iː"", ""aɪ"", ""z""]"	present_3s	eyes	squints eyes	0.312	0.0			4.024190432453098			20					she	squint	squints	eye	eyes	three	0	0	0	1										0.312	0.0	strong_congruence	present_3s						1	1995	"{""eye"": 1995, ""squint"": 1}"
PLAUS_0192	Plausibility	strong_congruence	1	train	plus	human_reviewed_selected			USF+ds003604-template-abstraction	USF:Cue_Target_Pairs.S:6827			Every day she steps one stair			"[""ɛ"", ""v"", ""ɹ"", ""i"", ""d"", ""eɪ"", ""ʃ"", ""iː"", ""s"", ""t"", ""ɛ"", ""p"", ""s"", ""w"", ""ʌ"", ""n"", ""s"", ""t"", ""ɛ"", ""ɹ""]"	present_3s	stair	steps stair	0.37	0.15			4.102803828946266			20					she	step	steps	stair	stair	one	0	0	0	1										0.37	0.15	strong_congruence	present_3s						713	48	"{""stair"": 48, ""step"": 713}"
PLAUS_0193	Plausibility	strong_congruence	1	train	plus	human_reviewed_selected			USF+ds003604-template-abstraction	USF:Cue_Target_Pairs.S:8854			Every day she swaps one trade			"[""ɛ"", ""v"", ""ɹ"", ""i"", ""d"", ""eɪ"", ""ʃ"", ""iː"", ""s"", ""w"", ""ɑ"", ""p"", ""s"", ""w"", ""ʌ"", ""n"", ""t"", ""ɹ"", ""eɪ"", ""d""]"	present_3s	trade	swaps trade	0.342	0.061			4.053047914560739			20					she	swap	swaps	trade	trade	one	0	0	0	1										0.342	0.061	strong_congruence	present_3s						5	161	"{""swap"": 5, ""trade"": 161}"
PLAUS_0194	Plausibility	strong_congruence	1	train	plus	human_reviewed_selected			USF+ds003604-template-abstraction	USF:Cue_Target_Pairs.S:8854			Every day she swaps two trades			"[""ɛ"", ""v"", ""ɹ"", ""i"", ""d"", ""eɪ"", ""ʃ"", ""iː"", ""s"", ""w"", ""ɑ"", ""p"", ""s"", ""t"", ""uː"", ""t"", ""ɹ"", ""eɪ"", ""d"", ""z""]"	present_3s	trades	swaps trades	0.342	0.061			4.053047914560739			20					she	swap	swaps	trade	trades	two	0	0	0	1										0.342	0.061	strong_congruence	present_3s						5	161	"{""swap"": 5, ""trade"": 161}"
PLAUS_0195	Plausibility	strong_congruence	1	train	plus	human_reviewed_selected			USF+ds003604-template-abstraction	USF:Cue_Target_Pairs.S:8883			Every day she swears one curse			"[""ɛ"", ""v"", ""ɹ"", ""i"", ""d"", ""eɪ"", ""ʃ"", ""iː"", ""s"", ""w"", ""ɛ"", ""ɹ"", ""z"", ""w"", ""ʌ"", ""n"", ""k"", ""ɜː"", ""s""]"	present_3s	curse	swears curse	0.382	0.135			4.602850832179387			19					she	swear	swears	curse	curse	one	0	0	0	1										0.382	0.135	strong_congruence	present_3s						35	19	"{""curse"": 19, ""swear"": 35}"
PLAUS_0196	Plausibility	strong_congruence	1	train	plus	human_reviewed_selected			USF+ds003604-template-abstraction	USF:Cue_Target_Pairs.S:1140			Every day they screw one driver			"[""ɛ"", ""v"", ""ɹ"", ""i"", ""d"", ""eɪ"", ""ð"", ""eɪ"", ""s"", ""k"", ""ɹ"", ""uː"", ""w"", ""ʌ"", ""n"", ""d"", ""ɹ"", ""aɪ"", ""v"", ""ə"", ""ɹ""]"	present_3s	driver	screw driver	0.302	0.0			4.6247222328466515			21					they	screw	screw	driver	driver	one	0	0	0	1										0.302	0.0	strong_congruence	present_3s						816	850	"{""driver"": 850, ""screw"": 816}"
PLAUS_0197	Plausibility	strong_congruence	1	train	plus	human_reviewed_selected			USF+ds003604-template-abstraction	USF:Cue_Target_Pairs.S:1140			Every day they screw two drivers			"[""ɛ"", ""v"", ""ɹ"", ""i"", ""d"", ""eɪ"", ""ð"", ""eɪ"", ""s"", ""k"", ""ɹ"", ""uː"", ""t"", ""uː"", ""d"", ""ɹ"", ""aɪ"", ""v"", ""ə"", ""ɹ"", ""z""]"	present_3s	drivers	screw drivers	0.302	0.0			4.6247222328466515			21					they	screw	screw	driver	drivers	two	0	0	0	1										0.302	0.0	strong_congruence	present_3s						816	850	"{""driver"": 850, ""screw"": 816}"
PLAUS_0198	Plausibility	strong_congruence	1	train	plus	human_reviewed_selected			USF+ds003604-template-abstraction	USF:Cue_Target_Pairs.S:6101			Every day they squint two eyes			"[""ɛ"", ""v"", ""ɹ"", ""i"", ""d"", ""eɪ"", ""ð"", ""eɪ"", ""s"", ""k"", ""w"", ""ɪ"", ""n"", ""t"", ""t"", ""uː"", ""aɪ"", ""z""]"	present_3s	eyes	squint eyes	0.312	0.0			4.024190432453098			18					they	squint	squint	eye	eyes	two	0	0	0	1										0.312	0.0	strong_congruence	present_3s						1	1995	"{""eye"": 1995, ""squint"": 1}"
PLAUS_0199	Plausibility	strong_congruence	1	train	plus	human_reviewed_selected			USF+ds003604-template-abstraction	USF:Cue_Target_Pairs.S:6827			Every day they step one stair			"[""ɛ"", ""v"", ""ɹ"", ""i"", ""d"", ""eɪ"", ""ð"", ""eɪ"", ""s"", ""t"", ""ɛ"", ""p"", ""w"", ""ʌ"", ""n"", ""s"", ""t"", ""ɛ"", ""ɹ""]"	present_3s	stair	step stair	0.37	0.15			4.102803828946266			19					they	step	step	stair	stair	one	0	0	0	1										0.37	0.15	strong_congruence	present_3s						713	48	"{""stair"": 48, ""step"": 713}"
PLAUS_0200	Plausibility	strong_congruence	1	train	plus	human_reviewed_selected			USF+ds003604-template-abstraction	USF:Cue_Target_Pairs.S:8854			Every day they swap four trades			"[""ɛ"", ""v"", ""ɹ"", ""i"", ""d"", ""eɪ"", ""ð"", ""eɪ"", ""s"", ""w"", ""ɑ"", ""p"", ""f"", ""ɔ"", ""ɹ"", ""t"", ""ɹ"", ""eɪ"", ""d"", ""z""]"	present_3s	trades	swap trades	0.342	0.061			4.053047914560739			20					they	swap	swap	trade	trades	four	0	0	0	1										0.342	0.061	strong_congruence	present_3s						5	161	"{""swap"": 5, ""trade"": 161}"
PLAUS_0201	Plausibility	strong_congruence	1	train	plus	human_reviewed_selected			USF+ds003604-template-abstraction	USF:Cue_Target_Pairs.S:8854			Every day they swap one trade			"[""ɛ"", ""v"", ""ɹ"", ""i"", ""d"", ""eɪ"", ""ð"", ""eɪ"", ""s"", ""w"", ""ɑ"", ""p"", ""w"", ""ʌ"", ""n"", ""t"", ""ɹ"", ""eɪ"", ""d""]"	present_3s	trade	swap trade	0.342	0.061			4.053047914560739			19					they	swap	swap	trade	trade	one	0	0	0	1										0.342	0.061	strong_congruence	present_3s						5	161	"{""swap"": 5, ""trade"": 161}"
PLAUS_0202	Plausibility	strong_congruence	1	train	plus	human_reviewed_selected			USF+ds003604-template-abstraction	USF:Cue_Target_Pairs.S:8854			Every day they swap three trades			"[""ɛ"", ""v"", ""ɹ"", ""i"", ""d"", ""eɪ"", ""ð"", ""eɪ"", ""s"", ""w"", ""ɑ"", ""p"", ""θ"", ""ɹ"", ""iː"", ""t"", ""ɹ"", ""eɪ"", ""d"", ""z""]"	present_3s	trades	swap trades	0.342	0.061			4.053047914560739			20					they	swap	swap	trade	trades	three	0	0	0	1										0.342	0.061	strong_congruence	present_3s						5	161	"{""swap"": 5, ""trade"": 161}"
PLAUS_0203	Plausibility	strong_congruence	1	train	plus	human_reviewed_selected			USF+ds003604-template-abstraction	USF:Cue_Target_Pairs.S:8883			Every day they swear one curse			"[""ɛ"", ""v"", ""ɹ"", ""i"", ""d"", ""eɪ"", ""ð"", ""eɪ"", ""s"", ""w"", ""ɛ"", ""ɹ"", ""w"", ""ʌ"", ""n"", ""k"", ""ɜː"", ""s""]"	present_3s	curse	swear curse	0.382	0.135			4.602850832179387			18					they	swear	swear	curse	curse	one	0	0	0	1										0.382	0.135	strong_congruence	present_3s						35	19	"{""curse"": 19, ""swear"": 35}"
PLAUS_0204	Plausibility	strong_congruence	1	train	plus	human_reviewed_selected			USF+ds003604-template-abstraction	USF:Cue_Target_Pairs.S:8883			Every day they swear three curses			"[""ɛ"", ""v"", ""ɹ"", ""i"", ""d"", ""eɪ"", ""ð"", ""eɪ"", ""s"", ""w"", ""ɛ"", ""ɹ"", ""θ"", ""ɹ"", ""iː"", ""k"", ""ɜː"", ""s"", ""ɪ"", ""z""]"	present_3s	curses	swear curses	0.382	0.135			4.602850832179387			20					they	swear	swear	curse	curses	three	0	0	0	1										0.382	0.135	strong_congruence	present_3s						35	19	"{""curse"": 19, ""swear"": 35}"
PLAUS_0205	Plausibility	strong_congruence	1	train	plus	human_reviewed_selected			USF+ds003604-template-abstraction	USF:Cue_Target_Pairs.S:1140			He does not screw one driver			"[""h"", ""iː"", ""d"", ""ʌ"", ""z"", ""n"", ""ɑ"", ""t"", ""s"", ""k"", ""ɹ"", ""uː"", ""w"", ""ʌ"", ""n"", ""d"", ""ɹ"", ""aɪ"", ""v"", ""ə"", ""ɹ""]"	do_negation	driver	does not screw driver	0.302	0.0			4.6247222328466515			21					he	screw	screw	driver	driver	one	1	0	0	1										0.302	0.0	strong_congruence	do_negation						816	850	"{""driver"": 850, ""screw"": 816}"
PLAUS_0206	Plausibility	strong_congruence	1	train	plus	human_reviewed_selected			USF+ds003604-template-abstraction	USF:Cue_Target_Pairs.S:6101			He does not squint two eyes			"[""h"", ""iː"", ""d"", ""ʌ"", ""z"", ""n"", ""ɑ"", ""t"", ""s"", ""k"", ""w"", ""ɪ"", ""n"", ""t"", ""t"", ""uː"", ""aɪ"", ""z""]"	do_negation	eyes	does not squint eyes	0.312	0.0			4.024190432453098			18					he	squint	squint	eye	eyes	two	1	0	0	1										0.312	0.0	strong_congruence	do_negation						1	1995	"{""eye"": 1995, ""squint"": 1}"
PLAUS_0207	Plausibility	strong_congruence	1	train	plus	human_reviewed_selected			USF+ds003604-template-abstraction	USF:Cue_Target_Pairs.S:6827			He does not step five stairs			"[""h"", ""iː"", ""d"", ""ʌ"", ""z"", ""n"", ""ɑ"", ""t"", ""s"", ""t"", ""ɛ"", ""p"", ""f"", ""aɪ"", ""v"", ""s"", ""t"", ""ɛ"", ""ɹ"", ""z""]"	do_negation	stairs	does not step stairs	0.37	0.15			4.102803828946266			20					he	step	step	stair	stairs	five	1	0	0	1										0.37	0.15	strong_congruence	do_negation						713	48	"{""stair"": 48, ""step"": 713}"
PLAUS_0208	Plausibility	strong_congruence	1	train	plus	human_reviewed_selected			USF+ds003604-template-abstraction	USF:Cue_Target_Pairs.S:6827			He does not step one stair			"[""h"", ""iː"", ""d"", ""ʌ"", ""z"", ""n"", ""ɑ"", ""t"", ""s"", ""t"", ""ɛ"", ""p"", ""w"", ""ʌ"", ""n"", ""s"", ""t"", ""ɛ"", ""ɹ""]"	do_negation	stair	does not step stair	0.37	0.15			4.102803828946266			19					he	step	step	stair	stair	one	1	0	0	1										0.37	0.15	strong_congruence	do_negation						713	48	"{""stair"": 48, ""step"": 713}"
PLAUS_0209	Plausibility	strong_congruence	1	train	plus	human_reviewed_selected			USF+ds003604-template-abstraction	USF:Cue_Target_Pairs.S:6827			He does not step three stairs			"[""h"", ""iː"", ""d"", ""ʌ"", ""z"", ""n"", ""ɑ"", ""t"", ""s"", ""t"", ""ɛ"", ""p"", ""θ"", ""ɹ"", ""iː"", ""s"", ""t"", ""ɛ"", ""ɹ"", ""z""]"	do_negation	stairs	does not step stairs	0.37	0.15			4.102803828946266			20					he	step	step	stair	stairs	three	1	0	0	1										0.37	0.15	strong_congruence	do_negation						713	48	"{""stair"": 48, ""step"": 713}"
PLAUS_0210	Plausibility	strong_congruence	1	train	plus	human_reviewed_selected			USF+ds003604-template-abstraction	USF:Cue_Target_Pairs.S:6827			He does not step two stairs			"[""h"", ""iː"", ""d"", ""ʌ"", ""z"", ""n"", ""ɑ"", ""t"", ""s"", ""t"", ""ɛ"", ""p"", ""t"", ""uː"", ""s"", ""t"", ""ɛ"", ""ɹ"", ""z""]"	do_negation	stairs	does not step stairs	0.37	0.15			4.102803828946266			19					he	step	step	stair	stairs	two	1	0	0	1										0.37	0.15	strong_congruence	do_negation						713	48	"{""stair"": 48, ""step"": 713}"
PLAUS_0211	Plausibility	strong_congruence	1	train	plus	human_reviewed_selected			USF+ds003604-template-abstraction	USF:Cue_Target_Pairs.S:8854			He does not swap one trade			"[""h"", ""iː"", ""d"", ""ʌ"", ""z"", ""n"", ""ɑ"", ""t"", ""s"", ""w"", ""ɑ"", ""p"", ""w"", ""ʌ"", ""n"", ""t"", ""ɹ"", ""eɪ"", ""d""]"	do_negation	trade	does not swap trade	0.342	0.061			4.053047914560739			19					he	swap	swap	trade	trade	one	1	0	0	1										0.342	0.061	strong_congruence	do_negation						5	161	"{""swap"": 5, ""trade"": 161}"
PLAUS_0212	Plausibility	strong_congruence	1	train	plus	human_reviewed_selected			USF+ds003604-template-abstraction	USF:Cue_Target_Pairs.S:8883			He does not swear one curse			"[""h"", ""iː"", ""d"", ""ʌ"", ""z"", ""n"", ""ɑ"", ""t"", ""s"", ""w"", ""ɛ"", ""ɹ"", ""w"", ""ʌ"", ""n"", ""k"", ""ɜː"", ""s""]"	do_negation	curse	does not swear curse	0.382	0.135			4.602850832179387			18					he	swear	swear	curse	curse	one	1	0	0	1										0.382	0.135	strong_congruence	do_negation						35	19	"{""curse"": 19, ""swear"": 35}"
PLAUS_0213	Plausibility	strong_congruence	1	train	plus	human_reviewed_selected			USF+ds003604-template-abstraction	USF:Cue_Target_Pairs.S:8883			He does not swear two curses			"[""h"", ""iː"", ""d"", ""ʌ"", ""z"", ""n"", ""ɑ"", ""t"", ""s"", ""w"", ""ɛ"", ""ɹ"", ""t"", ""uː"", ""k"", ""ɜː"", ""s"", ""ɪ"", ""z""]"	do_negation	curses	does not swear curses	0.382	0.135			4.602850832179387			19					he	swear	swear	curse	curses	two	1	0	0	1										0.382	0.135	strong_congruence	do_negation						35	19	"{""curse"": 19, ""swear"": 35}"
PLAUS_0214	Plausibility	strong_congruence	1	train	plus	human_reviewed_selected			USF+ds003604-template-abstraction	USF:Cue_Target_Pairs.G-K:8352			He is knocking one door			"[""h"", ""iː"", ""ɪ"", ""z"", ""n"", ""ɑ"", ""k"", ""ɪ"", ""ŋ"", ""w"", ""ʌ"", ""n"", ""d"", ""ɔ"", ""ɹ""]"	be_progressive	door	is knocking door	0.466	0.0			5.1381412354502665			15					he	knock	knocking	door	door	one	0	0	0	1										0.466	0.0	strong_congruence	be_progressive						2015	4199	"{""door"": 4199, ""knock"": 2015}"
PLAUS_0215	Plausibility	strong_congruence	1	train	plus	human_reviewed_selected			USF+ds003604-template-abstraction	USF:Cue_Target_Pairs.S:6101			He is squinting five eyes			"[""h"", ""iː"", ""ɪ"", ""z"", ""s"", ""k"", ""w"", ""ɪ"", ""n"", ""t"", ""ɪ"", ""ŋ"", ""f"", ""aɪ"", ""v"", ""aɪ"", ""z""]"	be_progressive	eyes	is squinting eyes	0.312	0.0			4.024190432453098			17					he	squint	squinting	eye	eyes	five	0	0	0	1										0.312	0.0	strong_congruence	be_progressive						1	1995	"{""eye"": 1995, ""squint"": 1}"
PLAUS_0216	Plausibility	strong_congruence	1	train	plus	human_reviewed_selected			USF+ds003604-template-abstraction	USF:Cue_Target_Pairs.S:8854			He is swapping one trade			"[""h"", ""iː"", ""ɪ"", ""z"", ""s"", ""w"", ""ɑ"", ""p"", ""ɪ"", ""ŋ"", ""w"", ""ʌ"", ""n"", ""t"", ""ɹ"", ""eɪ"", ""d""]"	be_progressive	trade	is swapping trade	0.342	0.061			4.053047914560739			17					he	swap	swapping	trade	trade	one	0	0	0	1										0.342	0.061	strong_congruence	be_progressive						5	161	"{""swap"": 5, ""trade"": 161}"
PLAUS_0217	Plausibility	strong_congruence	1	train	plus	human_reviewed_selected			USF+ds003604-template-abstraction	USF:Cue_Target_Pairs.S:8854			He is swapping two trades			"[""h"", ""iː"", ""ɪ"", ""z"", ""s"", ""w"", ""ɑ"", ""p"", ""ɪ"", ""ŋ"", ""t"", ""uː"", ""t"", ""ɹ"", ""eɪ"", ""d"", ""z""]"	be_progressive	trades	is swapping trades	0.342	0.061			4.053047914560739			17					he	swap	swapping	trade	trades	two	0	0	0	1										0.342	0.061	strong_congruence	be_progressive						5	161	"{""swap"": 5, ""trade"": 161}"
PLAUS_0218	Plausibility	strong_congruence	1	train	plus	human_reviewed_selected			USF+ds003604-template-abstraction	USF:Cue_Target_Pairs.G-K:8352			Last week he knocked one door			"[""l"", ""æ"", ""s"", ""t"", ""w"", ""iː"", ""k"", ""h"", ""iː"", ""n"", ""ɑ"", ""k"", ""t"", ""w"", ""ʌ"", ""n"", ""d"", ""ɔ"", ""ɹ""]"	simple_past	door	knocked door	0.466	0.0			5.1381412354502665			19					he	knock	knocked	door	door	one	0	0	0	1										0.466	0.0	strong_congruence	simple_past						2015	4199	"{""door"": 4199, ""knock"": 2015}"
PLAUS_0219	Plausibility	strong_congruence	1	train	plus	human_reviewed_selected			USF+ds003604-template-abstraction	USF:Cue_Target_Pairs.S:1140			Last week he screwed three drivers			"[""l"", ""æ"", ""s"", ""t"", ""w"", ""iː"", ""k"", ""h"", ""iː"", ""s"", ""k"", ""ɹ"", ""uː"", ""d"", ""θ"", ""ɹ"", ""iː"", ""d"", ""ɹ"", ""aɪ"", ""v"", ""ə"", ""ɹ"", ""z""]"	simple_past	drivers	screwed drivers	0.302	0.0			4.6247222328466515			24					he	screw	screwed	driver	drivers	three	0	0	0	1										0.302	0.0	strong_congruence	simple_past						816	850	"{""driver"": 850, ""screw"": 816}"
PLAUS_0220	Plausibility	strong_congruence	1	train	plus	human_reviewed_selected			USF+ds003604-template-abstraction	USF:Cue_Target_Pairs.S:6101			Last week he squinted three eyes			"[""l"", ""æ"", ""s"", ""t"", ""w"", ""iː"", ""k"", ""h"", ""iː"", ""s"", ""k"", ""w"", ""ɪ"", ""n"", ""t"", ""ɪ"", ""d"", ""θ"", ""ɹ"", ""iː"", ""aɪ"", ""z""]"	simple_past	eyes	squinted eyes	0.312	0.0			4.024190432453098			22					he	squint	squinted	eye	eyes	three	0	0	0	1										0.312	0.0	strong_congruence	simple_past						1	1995	"{""eye"": 1995, ""squint"": 1}"
PLAUS_0221	Plausibility	strong_congruence	1	train	plus	human_reviewed_selected			USF+ds003604-template-abstraction	USF:Cue_Target_Pairs.S:6827			Last week he stepped one stair			"[""l"", ""æ"", ""s"", ""t"", ""w"", ""iː"", ""k"", ""h"", ""iː"", ""s"", ""t"", ""ɛ"", ""p"", ""t"", ""w"", ""ʌ"", ""n"", ""s"", ""t"", ""ɛ"", ""ɹ""]"	simple_past	stair	stepped stair	0.37	0.15			4.102803828946266			21					he	step	stepped	stair	stair	one	0	0	0	1										0.37	0.15	strong_congruence	simple_past						713	48	"{""stair"": 48, ""step"": 713}"
PLAUS_0222	Plausibility	strong_congruence	1	train	plus	human_reviewed_selected			USF+ds003604-template-abstraction	USF:Cue_Target_Pairs.S:6827			Last week he stepped three stairs			"[""l"", ""æ"", ""s"", ""t"", ""w"", ""iː"", ""k"", ""h"", ""iː"", ""s"", ""t"", ""ɛ"", ""p"", ""t"", ""θ"", ""ɹ"", ""iː"", ""s"", ""t"", ""ɛ"", ""ɹ"", ""z""]"	simple_past	stairs	stepped stairs	0.37	0.15			4.102803828946266			22					he	step	stepped	stair	stairs	three	0	0	0	1										0.37	0.15	strong_congruence	simple_past						713	48	"{""stair"": 48, ""step"": 713}"
PLAUS_0223	Plausibility	strong_congruence	1	train	plus	human_reviewed_selected			USF+ds003604-template-abstraction	USF:Cue_Target_Pairs.S:8854			Last week he swapped one trade			"[""l"", ""æ"", ""s"", ""t"", ""w"", ""iː"", ""k"", ""h"", ""iː"", ""s"", ""w"", ""ɑ"", ""p"", ""t"", ""w"", ""ʌ"", ""n"", ""t"", ""ɹ"", ""eɪ"", ""d""]"	simple_past	trade	swapped trade	0.342	0.061			4.053047914560739			21					he	swap	swapped	trade	trade	one	0	0	0	1										0.342	0.061	strong_congruence	simple_past						5	161	"{""swap"": 5, ""trade"": 161}"
PLAUS_0224	Plausibility	strong_congruence	1	train	plus	human_reviewed_selected			USF+ds003604-template-abstraction	USF:Cue_Target_Pairs.S:8854			Last week he swapped three trades			"[""l"", ""æ"", ""s"", ""t"", ""w"", ""iː"", ""k"", ""h"", ""iː"", ""s"", ""w"", ""ɑ"", ""p"", ""t"", ""θ"", ""ɹ"", ""iː"", ""t"", ""ɹ"", ""eɪ"", ""d"", ""z""]"	simple_past	trades	swapped trades	0.342	0.061			4.053047914560739			22					he	swap	swapped	trade	trades	three	0	0	0	1										0.342	0.061	strong_congruence	simple_past						5	161	"{""swap"": 5, ""trade"": 161}"
PLAUS_0225	Plausibility	strong_congruence	1	train	plus	human_reviewed_selected			USF+ds003604-template-abstraction	USF:Cue_Target_Pairs.S:1140			Last week she screwed four drivers			"[""l"", ""æ"", ""s"", ""t"", ""w"", ""iː"", ""k"", ""ʃ"", ""iː"", ""s"", ""k"", ""ɹ"", ""uː"", ""d"", ""f"", ""ɔ"", ""ɹ"", ""d"", ""ɹ"", ""aɪ"", ""v"", ""ə"", ""ɹ"", ""z""]"	simple_past	drivers	screwed drivers	0.302	0.0			4.6247222328466515			24					she	screw	screwed	driver	drivers	four	0	0	0	1										0.302	0.0	strong_congruence	simple_past						816	850	"{""driver"": 850, ""screw"": 816}"
PLAUS_0226	Plausibility	strong_congruence	1	train	plus	human_reviewed_selected			USF+ds003604-template-abstraction	USF:Cue_Target_Pairs.S:6101			Last week she squinted one eye			"[""l"", ""æ"", ""s"", ""t"", ""w"", ""iː"", ""k"", ""ʃ"", ""iː"", ""s"", ""k"", ""w"", ""ɪ"", ""n"", ""t"", ""ɪ"", ""d"", ""w"", ""ʌ"", ""n"", ""aɪ""]"	simple_past	eye	squinted eye	0.312	0.0			4.024190432453098			21					she	squint	squinted	eye	eye	one	0	0	0	1										0.312	0.0	strong_congruence	simple_past						1	1995	"{""eye"": 1995, ""squint"": 1}"
PLAUS_0227	Plausibility	strong_congruence	1	train	plus	human_reviewed_selected			USF+ds003604-template-abstraction	USF:Cue_Target_Pairs.S:6101			Last week she squinted three eyes			"[""l"", ""æ"", ""s"", ""t"", ""w"", ""iː"", ""k"", ""ʃ"", ""iː"", ""s"", ""k"", ""w"", ""ɪ"", ""n"", ""t"", ""ɪ"", ""d"", ""θ"", ""ɹ"", ""iː"", ""aɪ"", ""z""]"	simple_past	eyes	squinted eyes	0.312	0.0			4.024190432453098			22					she	squint	squinted	eye	eyes	three	0	0	0	1										0.312	0.0	strong_congruence	simple_past						1	1995	"{""eye"": 1995, ""squint"": 1}"
PLAUS_0228	Plausibility	strong_congruence	1	train	plus	human_reviewed_selected			USF+ds003604-template-abstraction	USF:Cue_Target_Pairs.S:6101			Last week she squinted two eyes			"[""l"", ""æ"", ""s"", ""t"", ""w"", ""iː"", ""k"", ""ʃ"", ""iː"", ""s"", ""k"", ""w"", ""ɪ"", ""n"", ""t"", ""ɪ"", ""d"", ""t"", ""uː"", ""aɪ"", ""z""]"	simple_past	eyes	squinted eyes	0.312	0.0			4.024190432453098			21					she	squint	squinted	eye	eyes	two	0	0	0	1										0.312	0.0	strong_congruence	simple_past						1	1995	"{""eye"": 1995, ""squint"": 1}"
PLAUS_0229	Plausibility	strong_congruence	1	train	plus	human_reviewed_selected			USF+ds003604-template-abstraction	USF:Cue_Target_Pairs.S:6827			Last week she stepped one stair			"[""l"", ""æ"", ""s"", ""t"", ""w"", ""iː"", ""k"", ""ʃ"", ""iː"", ""s"", ""t"", ""ɛ"", ""p"", ""t"", ""w"", ""ʌ"", ""n"", ""s"", ""t"", ""ɛ"", ""ɹ""]"	simple_past	stair	stepped stair	0.37	0.15			4.102803828946266			21					she	step	stepped	stair	stair	one	0	0	0	1										0.37	0.15	strong_congruence	simple_past						713	48	"{""stair"": 48, ""step"": 713}"
PLAUS_0230	Plausibility	strong_congruence	1	train	plus	human_reviewed_selected			USF+ds003604-template-abstraction	USF:Cue_Target_Pairs.S:8854			Last week she swapped one trade			"[""l"", ""æ"", ""s"", ""t"", ""w"", ""iː"", ""k"", ""ʃ"", ""iː"", ""s"", ""w"", ""ɑ"", ""p"", ""t"", ""w"", ""ʌ"", ""n"", ""t"", ""ɹ"", ""eɪ"", ""d""]"	simple_past	trade	swapped trade	0.342	0.061			4.053047914560739			21					she	swap	swapped	trade	trade	one	0	0	0	1										0.342	0.061	strong_congruence	simple_past						5	161	"{""swap"": 5, ""trade"": 161}"
PLAUS_0231	Plausibility	strong_congruence	1	train	plus	human_reviewed_selected			USF+ds003604-template-abstraction	USF:Cue_Target_Pairs.S:8854			Last week she swapped three trades			"[""l"", ""æ"", ""s"", ""t"", ""w"", ""iː"", ""k"", ""ʃ"", ""iː"", ""s"", ""w"", ""ɑ"", ""p"", ""t"", ""θ"", ""ɹ"", ""iː"", ""t"", ""ɹ"", ""eɪ"", ""d"", ""z""]"	simple_past	trades	swapped trades	0.342	0.061			4.053047914560739			22					she	swap	swapped	trade	trades	three	0	0	0	1										0.342	0.061	strong_congruence	simple_past						5	161	"{""swap"": 5, ""trade"": 161}"
PLAUS_0232	Plausibility	strong_congruence	1	train	plus	human_reviewed_selected			USF+ds003604-template-abstraction	USF:Cue_Target_Pairs.S:8883			Last week she swore one curse			"[""l"", ""æ"", ""s"", ""t"", ""w"", ""iː"", ""k"", ""ʃ"", ""iː"", ""s"", ""w"", ""ɔ"", ""ɹ"", ""w"", ""ʌ"", ""n"", ""k"", ""ɜː"", ""s""]"	simple_past	curse	swore curse	0.382	0.135			4.602850832179387			19					she	swear	swore	curse	curse	one	0	0	0	1										0.382	0.135	strong_congruence	simple_past						35	19	"{""curse"": 19, ""swear"": 35}"
PLAUS_0233	Plausibility	strong_congruence	1	train	plus	human_reviewed_selected			USF+ds003604-template-abstraction	USF:Cue_Target_Pairs.G-K:8352			Last week they knocked two doors			"[""l"", ""æ"", ""s"", ""t"", ""w"", ""iː"", ""k"", ""ð"", ""eɪ"", ""n"", ""ɑ"", ""k"", ""t"", ""t"", ""uː"", ""d"", ""ɔ"", ""ɹ"", ""z""]"	simple_past	doors	knocked doors	0.466	0.0			5.1381412354502665			19					they	knock	knocked	door	doors	two	0	0	0	1										0.466	0.0	strong_congruence	simple_past						2015	4199	"{""door"": 4199, ""knock"": 2015}"
PLAUS_0234	Plausibility	strong_congruence	1	train	plus	human_reviewed_selected			USF+ds003604-template-abstraction	USF:Cue_Target_Pairs.S:1140			Last week they screwed one driver			"[""l"", ""æ"", ""s"", ""t"", ""w"", ""iː"", ""k"", ""ð"", ""eɪ"", ""s"", ""k"", ""ɹ"", ""uː"", ""d"", ""w"", ""ʌ"", ""n"", ""d"", ""ɹ"", ""aɪ"", ""v"", ""ə"", ""ɹ""]"	simple_past	driver	screwed driver	0.302	0.0			4.6247222328466515			23					they	screw	screwed	driver	driver	one	0	0	0	1										0.302	0.0	strong_congruence	simple_past						816	850	"{""driver"": 850, ""screw"": 816}"
PLAUS_0235	Plausibility	strong_congruence	1	train	plus	human_reviewed_selected			USF+ds003604-template-abstraction	USF:Cue_Target_Pairs.S:1140			Last week they screwed three drivers			"[""l"", ""æ"", ""s"", ""t"", ""w"", ""iː"", ""k"", ""ð"", ""eɪ"", ""s"", ""k"", ""ɹ"", ""uː"", ""d"", ""θ"", ""ɹ"", ""iː"", ""d"", ""ɹ"", ""aɪ"", ""v"", ""ə"", ""ɹ"", ""z""]"	simple_past	drivers	screwed drivers	0.302	0.0			4.6247222328466515			24					they	screw	screwed	driver	drivers	three	0	0	0	1										0.302	0.0	strong_congruence	simple_past						816	850	"{""driver"": 850, ""screw"": 816}"
PLAUS_0236	Plausibility	strong_congruence	1	train	plus	human_reviewed_selected			USF+ds003604-template-abstraction	USF:Cue_Target_Pairs.S:1140			Last week they screwed two drivers			"[""l"", ""æ"", ""s"", ""t"", ""w"", ""iː"", ""k"", ""ð"", ""eɪ"", ""s"", ""k"", ""ɹ"", ""uː"", ""d"", ""t"", ""uː"", ""d"", ""ɹ"", ""aɪ"", ""v"", ""ə"", ""ɹ"", ""z""]"	simple_past	drivers	screwed drivers	0.302	0.0			4.6247222328466515			23					they	screw	screwed	driver	drivers	two	0	0	0	1										0.302	0.0	strong_congruence	simple_past						816	850	"{""driver"": 850, ""screw"": 816}"
PLAUS_0237	Plausibility	strong_congruence	1	train	plus	human_reviewed_selected			USF+ds003604-template-abstraction	USF:Cue_Target_Pairs.S:6101			Last week they squinted three eyes			"[""l"", ""æ"", ""s"", ""t"", ""w"", ""iː"", ""k"", ""ð"", ""eɪ"", ""s"", ""k"", ""w"", ""ɪ"", ""n"", ""t"", ""ɪ"", ""d"", ""θ"", ""ɹ"", ""iː"", ""aɪ"", ""z""]"	simple_past	eyes	squinted eyes	0.312	0.0			4.024190432453098			22					they	squint	squinted	eye	eyes	three	0	0	0	1										0.312	0.0	strong_congruence	simple_past						1	1995	"{""eye"": 1995, ""squint"": 1}"
PLAUS_0238	Plausibility	strong_congruence	1	train	plus	human_reviewed_selected			USF+ds003604-template-abstraction	USF:Cue_Target_Pairs.S:6101			Last week they squinted two eyes			"[""l"", ""æ"", ""s"", ""t"", ""w"", ""iː"", ""k"", ""ð"", ""eɪ"", ""s"", ""k"", ""w"", ""ɪ"", ""n"", ""t"", ""ɪ"", ""d"", ""t"", ""uː"", ""aɪ"", ""z""]"	simple_past	eyes	squinted eyes	0.312	0.0			4.024190432453098			21					they	squint	squinted	eye	eyes	two	0	0	0	1										0.312	0.0	strong_congruence	simple_past						1	1995	"{""eye"": 1995, ""squint"": 1}"
PLAUS_0239	Plausibility	strong_congruence	1	train	plus	human_reviewed_selected			USF+ds003604-template-abstraction	USF:Cue_Target_Pairs.S:6827			Last week they stepped four stairs			"[""l"", ""æ"", ""s"", ""t"", ""w"", ""iː"", ""k"", ""ð"", ""eɪ"", ""s"", ""t"", ""ɛ"", ""p"", ""t"", ""f"", ""ɔ"", ""ɹ"", ""s"", ""t"", ""ɛ"", ""ɹ"", ""z""]"	simple_past	stairs	stepped stairs	0.37	0.15			4.102803828946266			22					they	step	stepped	stair	stairs	four	0	0	0	1										0.37	0.15	strong_congruence	simple_past						713	48	"{""stair"": 48, ""step"": 713}"
PLAUS_0240	Plausibility	strong_congruence	1	train	plus	human_reviewed_selected			USF+ds003604-template-abstraction	USF:Cue_Target_Pairs.S:8854			Last week they swapped one trade			"[""l"", ""æ"", ""s"", ""t"", ""w"", ""iː"", ""k"", ""ð"", ""eɪ"", ""s"", ""w"", ""ɑ"", ""p"", ""t"", ""w"", ""ʌ"", ""n"", ""t"", ""ɹ"", ""eɪ"", ""d""]"	simple_past	trade	swapped trade	0.342	0.061			4.053047914560739			21					they	swap	swapped	trade	trade	one	0	0	0	1										0.342	0.061	strong_congruence	simple_past						5	161	"{""swap"": 5, ""trade"": 161}"
PLAUS_0241	Plausibility	strong_congruence	1	train	plus	human_reviewed_selected			USF+ds003604-template-abstraction	USF:Cue_Target_Pairs.S:8883			Last week they swore one curse			"[""l"", ""æ"", ""s"", ""t"", ""w"", ""iː"", ""k"", ""ð"", ""eɪ"", ""s"", ""w"", ""ɔ"", ""ɹ"", ""w"", ""ʌ"", ""n"", ""k"", ""ɜː"", ""s""]"	simple_past	curse	swore curse	0.382	0.135			4.602850832179387			19					they	swear	swore	curse	curse	one	0	0	0	1										0.382	0.135	strong_congruence	simple_past						35	19	"{""curse"": 19, ""swear"": 35}"
PLAUS_0242	Plausibility	strong_congruence	1	train	plus	human_reviewed_selected			USF+ds003604-template-abstraction	USF:Cue_Target_Pairs.G-K:8352			She does not knock three doors			"[""ʃ"", ""iː"", ""d"", ""ʌ"", ""z"", ""n"", ""ɑ"", ""t"", ""n"", ""ɑ"", ""k"", ""θ"", ""ɹ"", ""iː"", ""d"", ""ɔ"", ""ɹ"", ""z""]"	do_negation	doors	does not knock doors	0.466	0.0			5.1381412354502665			18					she	knock	knock	door	doors	three	1	0	0	1										0.466	0.0	strong_congruence	do_negation						2015	4199	"{""door"": 4199, ""knock"": 2015}"
PLAUS_0243	Plausibility	strong_congruence	1	train	plus	human_reviewed_selected			USF+ds003604-template-abstraction	USF:Cue_Target_Pairs.S:6101			She does not squint three eyes			"[""ʃ"", ""iː"", ""d"", ""ʌ"", ""z"", ""n"", ""ɑ"", ""t"", ""s"", ""k"", ""w"", ""ɪ"", ""n"", ""t"", ""θ"", ""ɹ"", ""iː"", ""aɪ"", ""z""]"	do_negation	eyes	does not squint eyes	0.312	0.0			4.024190432453098			19					she	squint	squint	eye	eyes	three	1	0	0	1										0.312	0.0	strong_congruence	do_negation						1	1995	"{""eye"": 1995, ""squint"": 1}"
PLAUS_0244	Plausibility	strong_congruence	1	train	plus	human_reviewed_selected			USF+ds003604-template-abstraction	USF:Cue_Target_Pairs.S:6827			She does not step one stair			"[""ʃ"", ""iː"", ""d"", ""ʌ"", ""z"", ""n"", ""ɑ"", ""t"", ""s"", ""t"", ""ɛ"", ""p"", ""w"", ""ʌ"", ""n"", ""s"", ""t"", ""ɛ"", ""ɹ""]"	do_negation	stair	does not step stair	0.37	0.15			4.102803828946266			19					she	step	step	stair	stair	one	1	0	0	1										0.37	0.15	strong_congruence	do_negation						713	48	"{""stair"": 48, ""step"": 713}"
PLAUS_0245	Plausibility	strong_congruence	1	train	plus	human_reviewed_selected			USF+ds003604-template-abstraction	USF:Cue_Target_Pairs.S:6827			She does not step two stairs			"[""ʃ"", ""iː"", ""d"", ""ʌ"", ""z"", ""n"", ""ɑ"", ""t"", ""s"", ""t"", ""ɛ"", ""p"", ""t"", ""uː"", ""s"", ""t"", ""ɛ"", ""ɹ"", ""z""]"	do_negation	stairs	does not step stairs	0.37	0.15			4.102803828946266			19					she	step	step	stair	stairs	two	1	0	0	1										0.37	0.15	strong_congruence	do_negation						713	48	"{""stair"": 48, ""step"": 713}"
PLAUS_0246	Plausibility	strong_congruence	1	train	plus	human_reviewed_selected			USF+ds003604-template-abstraction	USF:Cue_Target_Pairs.S:8854			She does not swap two trades			"[""ʃ"", ""iː"", ""d"", ""ʌ"", ""z"", ""n"", ""ɑ"", ""t"", ""s"", ""w"", ""ɑ"", ""p"", ""t"", ""uː"", ""t"", ""ɹ"", ""eɪ"", ""d"", ""z""]"	do_negation	trades	does not swap trades	0.342	0.061			4.053047914560739			19					she	swap	swap	trade	trades	two	1	0	0	1										0.342	0.061	strong_congruence	do_negation						5	161	"{""swap"": 5, ""trade"": 161}"
PLAUS_0247	Plausibility	strong_congruence	1	train	plus	human_reviewed_selected			USF+ds003604-template-abstraction	USF:Cue_Target_Pairs.S:8883			She does not swear six curses			"[""ʃ"", ""iː"", ""d"", ""ʌ"", ""z"", ""n"", ""ɑ"", ""t"", ""s"", ""w"", ""ɛ"", ""ɹ"", ""s"", ""ɪ"", ""k"", ""s"", ""k"", ""ɜː"", ""s"", ""ɪ"", ""z""]"	do_negation	curses	does not swear curses	0.382	0.135			4.602850832179387			21					she	swear	swear	curse	curses	six	1	0	0	1										0.382	0.135	strong_congruence	do_negation						35	19	"{""curse"": 19, ""swear"": 35}"
PLAUS_0248	Plausibility	strong_congruence	1	train	plus	human_reviewed_selected			USF+ds003604-template-abstraction	USF:Cue_Target_Pairs.G-K:8352			She is knocking one door			"[""ʃ"", ""iː"", ""ɪ"", ""z"", ""n"", ""ɑ"", ""k"", ""ɪ"", ""ŋ"", ""w"", ""ʌ"", ""n"", ""d"", ""ɔ"", ""ɹ""]"	be_progressive	door	is knocking door	0.466	0.0			5.1381412354502665			15					she	knock	knocking	door	door	one	0	0	0	1										0.466	0.0	strong_congruence	be_progressive						2015	4199	"{""door"": 4199, ""knock"": 2015}"
PLAUS_0249	Plausibility	strong_congruence	1	train	plus	human_reviewed_selected			USF+ds003604-template-abstraction	USF:Cue_Target_Pairs.G-K:8352			She is knocking three doors			"[""ʃ"", ""iː"", ""ɪ"", ""z"", ""n"", ""ɑ"", ""k"", ""ɪ"", ""ŋ"", ""θ"", ""ɹ"", ""iː"", ""d"", ""ɔ"", ""ɹ"", ""z""]"	be_progressive	doors	is knocking doors	0.466	0.0			5.1381412354502665			16					she	knock	knocking	door	doors	three	0	0	0	1										0.466	0.0	strong_congruence	be_progressive						2015	4199	"{""door"": 4199, ""knock"": 2015}"
PLAUS_0250	Plausibility	strong_congruence	1	train	plus	human_reviewed_selected			USF+ds003604-template-abstraction	USF:Cue_Target_Pairs.S:1140			She is screwing one driver			"[""ʃ"", ""iː"", ""ɪ"", ""z"", ""s"", ""k"", ""ɹ"", ""uː"", ""ɪ"", ""ŋ"", ""w"", ""ʌ"", ""n"", ""d"", ""ɹ"", ""aɪ"", ""v"", ""ə"", ""ɹ""]"	be_progressive	driver	is screwing driver	0.302	0.0			4.6247222328466515			19					she	screw	screwing	driver	driver	one	0	0	0	1										0.302	0.0	strong_congruence	be_progressive						816	850	"{""driver"": 850, ""screw"": 816}"
PLAUS_0251	Plausibility	strong_congruence	1	train	plus	human_reviewed_selected			USF+ds003604-template-abstraction	USF:Cue_Target_Pairs.S:1140			She is screwing two drivers			"[""ʃ"", ""iː"", ""ɪ"", ""z"", ""s"", ""k"", ""ɹ"", ""uː"", ""ɪ"", ""ŋ"", ""t"", ""uː"", ""d"", ""ɹ"", ""aɪ"", ""v"", ""ə"", ""ɹ"", ""z""]"	be_progressive	drivers	is screwing drivers	0.302	0.0			4.6247222328466515			19					she	screw	screwing	driver	drivers	two	0	0	0	1										0.302	0.0	strong_congruence	be_progressive						816	850	"{""driver"": 850, ""screw"": 816}"
PLAUS_0252	Plausibility	strong_congruence	1	train	plus	human_reviewed_selected			USF+ds003604-template-abstraction	USF:Cue_Target_Pairs.S:6101			She is squinting one eye			"[""ʃ"", ""iː"", ""ɪ"", ""z"", ""s"", ""k"", ""w"", ""ɪ"", ""n"", ""t"", ""ɪ"", ""ŋ"", ""w"", ""ʌ"", ""n"", ""aɪ""]"	be_progressive	eye	is squinting eye	0.312	0.0			4.024190432453098			16					she	squint	squinting	eye	eye	one	0	0	0	1										0.312	0.0	strong_congruence	be_progressive						1	1995	"{""eye"": 1995, ""squint"": 1}"
PLAUS_0253	Plausibility	strong_congruence	1	train	plus	human_reviewed_selected			USF+ds003604-template-abstraction	USF:Cue_Target_Pairs.S:6101			She is squinting six eyes			"[""ʃ"", ""iː"", ""ɪ"", ""z"", ""s"", ""k"", ""w"", ""ɪ"", ""n"", ""t"", ""ɪ"", ""ŋ"", ""s"", ""ɪ"", ""k"", ""s"", ""aɪ"", ""z""]"	be_progressive	eyes	is squinting eyes	0.312	0.0			4.024190432453098			18					she	squint	squinting	eye	eyes	six	0	0	0	1										0.312	0.0	strong_congruence	be_progressive						1	1995	"{""eye"": 1995, ""squint"": 1}"
PLAUS_0254	Plausibility	strong_congruence	1	train	plus	human_reviewed_selected			USF+ds003604-template-abstraction	USF:Cue_Target_Pairs.S:6827			She is stepping three stairs			"[""ʃ"", ""iː"", ""ɪ"", ""z"", ""s"", ""t"", ""ɛ"", ""p"", ""ɪ"", ""ŋ"", ""θ"", ""ɹ"", ""iː"", ""s"", ""t"", ""ɛ"", ""ɹ"", ""z""]"	be_progressive	stairs	is stepping stairs	0.37	0.15			4.102803828946266			18					she	step	stepping	stair	stairs	three	0	0	0	1										0.37	0.15	strong_congruence	be_progressive						713	48	"{""stair"": 48, ""step"": 713}"
PLAUS_0255	Plausibility	strong_congruence	1	train	plus	human_reviewed_selected			USF+ds003604-template-abstraction	USF:Cue_Target_Pairs.S:8854			She is swapping three trades			"[""ʃ"", ""iː"", ""ɪ"", ""z"", ""s"", ""w"", ""ɑ"", ""p"", ""ɪ"", ""ŋ"", ""θ"", ""ɹ"", ""iː"", ""t"", ""ɹ"", ""eɪ"", ""d"", ""z""]"	be_progressive	trades	is swapping trades	0.342	0.061			4.053047914560739			18					she	swap	swapping	trade	trades	three	0	0	0	1										0.342	0.061	strong_congruence	be_progressive						5	161	"{""swap"": 5, ""trade"": 161}"
PLAUS_0256	Plausibility	strong_congruence	1	train	plus	human_reviewed_selected			USF+ds003604-template-abstraction	USF:Cue_Target_Pairs.S:8854			She is swapping two trades			"[""ʃ"", ""iː"", ""ɪ"", ""z"", ""s"", ""w"", ""ɑ"", ""p"", ""ɪ"", ""ŋ"", ""t"", ""uː"", ""t"", ""ɹ"", ""eɪ"", ""d"", ""z""]"	be_progressive	trades	is swapping trades	0.342	0.061			4.053047914560739			17					she	swap	swapping	trade	trades	two	0	0	0	1										0.342	0.061	strong_congruence	be_progressive						5	161	"{""swap"": 5, ""trade"": 161}"
PLAUS_0257	Plausibility	strong_congruence	1	train	plus	human_reviewed_selected			USF+ds003604-template-abstraction	USF:Cue_Target_Pairs.S:8883			She is swearing one curse			"[""ʃ"", ""iː"", ""ɪ"", ""z"", ""s"", ""w"", ""ɛ"", ""ɹ"", ""ɪ"", ""ŋ"", ""w"", ""ʌ"", ""n"", ""k"", ""ɜː"", ""s""]"	be_progressive	curse	is swearing curse	0.382	0.135			4.602850832179387			16					she	swear	swearing	curse	curse	one	0	0	0	1										0.382	0.135	strong_congruence	be_progressive						35	19	"{""curse"": 19, ""swear"": 35}"
PLAUS_0258	Plausibility	strong_congruence	1	train	plus	human_reviewed_selected			USF+ds003604-template-abstraction	USF:Cue_Target_Pairs.S:6101			They are squinting three eyes			"[""ð"", ""eɪ"", ""ɑ"", ""ɹ"", ""s"", ""k"", ""w"", ""ɪ"", ""n"", ""t"", ""ɪ"", ""ŋ"", ""θ"", ""ɹ"", ""iː"", ""aɪ"", ""z""]"	be_progressive	eyes	are squinting eyes	0.312	0.0			4.024190432453098			17					they	squint	squinting	eye	eyes	three	0	0	0	1										0.312	0.0	strong_congruence	be_progressive						1	1995	"{""eye"": 1995, ""squint"": 1}"
PLAUS_0259	Plausibility	strong_congruence	1	train	plus	human_reviewed_selected			USF+ds003604-template-abstraction	USF:Cue_Target_Pairs.S:6827			They are stepping five stairs			"[""ð"", ""eɪ"", ""ɑ"", ""ɹ"", ""s"", ""t"", ""ɛ"", ""p"", ""ɪ"", ""ŋ"", ""f"", ""aɪ"", ""v"", ""s"", ""t"", ""ɛ"", ""ɹ"", ""z""]"	be_progressive	stairs	are stepping stairs	0.37	0.15			4.102803828946266			18					they	step	stepping	stair	stairs	five	0	0	0	1										0.37	0.15	strong_congruence	be_progressive						713	48	"{""stair"": 48, ""step"": 713}"
PLAUS_0260	Plausibility	strong_congruence	1	train	plus	human_reviewed_selected			USF+ds003604-template-abstraction	USF:Cue_Target_Pairs.S:6827			They are stepping one stair			"[""ð"", ""eɪ"", ""ɑ"", ""ɹ"", ""s"", ""t"", ""ɛ"", ""p"", ""ɪ"", ""ŋ"", ""w"", ""ʌ"", ""n"", ""s"", ""t"", ""ɛ"", ""ɹ""]"	be_progressive	stair	are stepping stair	0.37	0.15			4.102803828946266			17					they	step	stepping	stair	stair	one	0	0	0	1										0.37	0.15	strong_congruence	be_progressive						713	48	"{""stair"": 48, ""step"": 713}"
PLAUS_0261	Plausibility	strong_congruence	1	train	plus	human_reviewed_selected			USF+ds003604-template-abstraction	USF:Cue_Target_Pairs.S:6827			They are stepping three stairs			"[""ð"", ""eɪ"", ""ɑ"", ""ɹ"", ""s"", ""t"", ""ɛ"", ""p"", ""ɪ"", ""ŋ"", ""θ"", ""ɹ"", ""iː"", ""s"", ""t"", ""ɛ"", ""ɹ"", ""z""]"	be_progressive	stairs	are stepping stairs	0.37	0.15			4.102803828946266			18					they	step	stepping	stair	stairs	three	0	0	0	1										0.37	0.15	strong_congruence	be_progressive						713	48	"{""stair"": 48, ""step"": 713}"
PLAUS_0262	Plausibility	strong_congruence	1	train	plus	human_reviewed_selected			USF+ds003604-template-abstraction	USF:Cue_Target_Pairs.S:8854			They are swapping one trade			"[""ð"", ""eɪ"", ""ɑ"", ""ɹ"", ""s"", ""w"", ""ɑ"", ""p"", ""ɪ"", ""ŋ"", ""w"", ""ʌ"", ""n"", ""t"", ""ɹ"", ""eɪ"", ""d""]"	be_progressive	trade	are swapping trade	0.342	0.061			4.053047914560739			17					they	swap	swapping	trade	trade	one	0	0	0	1										0.342	0.061	strong_congruence	be_progressive						5	161	"{""swap"": 5, ""trade"": 161}"
PLAUS_0263	Plausibility	strong_congruence	1	train	plus	human_reviewed_selected			USF+ds003604-template-abstraction	USF:Cue_Target_Pairs.S:8854			They are swapping three trades			"[""ð"", ""eɪ"", ""ɑ"", ""ɹ"", ""s"", ""w"", ""ɑ"", ""p"", ""ɪ"", ""ŋ"", ""θ"", ""ɹ"", ""iː"", ""t"", ""ɹ"", ""eɪ"", ""d"", ""z""]"	be_progressive	trades	are swapping trades	0.342	0.061			4.053047914560739			18					they	swap	swapping	trade	trades	three	0	0	0	1										0.342	0.061	strong_congruence	be_progressive						5	161	"{""swap"": 5, ""trade"": 161}"
PLAUS_0264	Plausibility	strong_congruence	1	train	plus	human_reviewed_selected			USF+ds003604-template-abstraction	USF:Cue_Target_Pairs.S:8854			They are swapping two trades			"[""ð"", ""eɪ"", ""ɑ"", ""ɹ"", ""s"", ""w"", ""ɑ"", ""p"", ""ɪ"", ""ŋ"", ""t"", ""uː"", ""t"", ""ɹ"", ""eɪ"", ""d"", ""z""]"	be_progressive	trades	are swapping trades	0.342	0.061			4.053047914560739			17					they	swap	swapping	trade	trades	two	0	0	0	1										0.342	0.061	strong_congruence	be_progressive						5	161	"{""swap"": 5, ""trade"": 161}"
PLAUS_0265	Plausibility	strong_congruence	1	train	plus	human_reviewed_selected			USF+ds003604-template-abstraction	USF:Cue_Target_Pairs.S:8883			They are swearing two curses			"[""ð"", ""eɪ"", ""ɑ"", ""ɹ"", ""s"", ""w"", ""ɛ"", ""ɹ"", ""ɪ"", ""ŋ"", ""t"", ""uː"", ""k"", ""ɜː"", ""s"", ""ɪ"", ""z""]"	be_progressive	curses	are swearing curses	0.382	0.135			4.602850832179387			17					they	swear	swearing	curse	curses	two	0	0	0	1										0.382	0.135	strong_congruence	be_progressive						35	19	"{""curse"": 19, ""swear"": 35}"
PLAUS_0266	Plausibility	strong_congruence	1	train	plus	human_reviewed_selected			USF+ds003604-template-abstraction	USF:Cue_Target_Pairs.G-K:8352			They do not knock three doors			"[""ð"", ""eɪ"", ""d"", ""uː"", ""n"", ""ɑ"", ""t"", ""n"", ""ɑ"", ""k"", ""θ"", ""ɹ"", ""iː"", ""d"", ""ɔ"", ""ɹ"", ""z""]"	do_negation	doors	do not knock doors	0.466	0.0			5.1381412354502665			17					they	knock	knock	door	doors	three	1	0	0	1										0.466	0.0	strong_congruence	do_negation						2015	4199	"{""door"": 4199, ""knock"": 2015}"
PLAUS_0267	Plausibility	strong_congruence	1	train	plus	human_reviewed_selected			USF+ds003604-template-abstraction	USF:Cue_Target_Pairs.S:6101			They do not squint one eye			"[""ð"", ""eɪ"", ""d"", ""uː"", ""n"", ""ɑ"", ""t"", ""s"", ""k"", ""w"", ""ɪ"", ""n"", ""t"", ""w"", ""ʌ"", ""n"", ""aɪ""]"	do_negation	eye	do not squint eye	0.312	0.0			4.024190432453098			17					they	squint	squint	eye	eye	one	1	0	0	1										0.312	0.0	strong_congruence	do_negation						1	1995	"{""eye"": 1995, ""squint"": 1}"
PLAUS_0268	Plausibility	strong_congruence	1	train	plus	human_reviewed_selected			USF+ds003604-template-abstraction	USF:Cue_Target_Pairs.S:6101			They do not squint two eyes			"[""ð"", ""eɪ"", ""d"", ""uː"", ""n"", ""ɑ"", ""t"", ""s"", ""k"", ""w"", ""ɪ"", ""n"", ""t"", ""t"", ""uː"", ""aɪ"", ""z""]"	do_negation	eyes	do not squint eyes	0.312	0.0			4.024190432453098			17					they	squint	squint	eye	eyes	two	1	0	0	1										0.312	0.0	strong_congruence	do_negation						1	1995	"{""eye"": 1995, ""squint"": 1}"
PLAUS_0269	Plausibility	strong_congruence	1	train	plus	human_reviewed_selected			USF+ds003604-template-abstraction	USF:Cue_Target_Pairs.S:8854			They do not swap one trade			"[""ð"", ""eɪ"", ""d"", ""uː"", ""n"", ""ɑ"", ""t"", ""s"", ""w"", ""ɑ"", ""p"", ""w"", ""ʌ"", ""n"", ""t"", ""ɹ"", ""eɪ"", ""d""]"	do_negation	trade	do not swap trade	0.342	0.061			4.053047914560739			18					they	swap	swap	trade	trade	one	1	0	0	1										0.342	0.061	strong_congruence	do_negation						5	161	"{""swap"": 5, ""trade"": 161}"
PLAUS_0270	Plausibility	strong_congruence	1	train	plus	human_reviewed_selected			USF+ds003604-template-abstraction	USF:Cue_Target_Pairs.S:8883			They do not swear five curses			"[""ð"", ""eɪ"", ""d"", ""uː"", ""n"", ""ɑ"", ""t"", ""s"", ""w"", ""ɛ"", ""ɹ"", ""f"", ""aɪ"", ""v"", ""k"", ""ɜː"", ""s"", ""ɪ"", ""z""]"	do_negation	curses	do not swear curses	0.382	0.135			4.602850832179387			19					they	swear	swear	curse	curses	five	1	0	0	1										0.382	0.135	strong_congruence	do_negation						35	19	"{""curse"": 19, ""swear"": 35}"
PLAUS_0271	Plausibility	weak_congruence	1	train	plus	human_reviewed_selected			USF+ds003604-template-abstraction	USF:Cue_Target_Pairs.D-F:129			Every day he dances five halls			"[""ɛ"", ""v"", ""ɹ"", ""i"", ""d"", ""eɪ"", ""h"", ""iː"", ""d"", ""æ"", ""n"", ""s"", ""ɪ"", ""z"", ""f"", ""aɪ"", ""v"", ""h"", ""ɔ"", ""l"", ""z""]"	present_3s	halls	dances halls	0.027	0.0			4.942944278865273			21					he	dance	dances	hall	halls	five	0	0	0	1										0.027	0.0	weak_congruence	present_3s						1286	132	"{""dance"": 1286, ""hall"": 132}"
PLAUS_0272	Plausibility	weak_congruence	1	train	plus	human_reviewed_selected			USF+ds003604-template-abstraction	USF:Cue_Target_Pairs.D-F:129			Every day he dances four halls			"[""ɛ"", ""v"", ""ɹ"", ""i"", ""d"", ""eɪ"", ""h"", ""iː"", ""d"", ""æ"", ""n"", ""s"", ""ɪ"", ""z"", ""f"", ""ɔ"", ""ɹ"", ""h"", ""ɔ"", ""l"", ""z""]"	present_3s	halls	dances halls	0.027	0.0			4.942944278865273			21					he	dance	dances	hall	halls	four	0	0	0	1										0.027	0.0	weak_congruence	present_3s						1286	132	"{""dance"": 1286, ""hall"": 132}"
PLAUS_0273	Plausibility	weak_congruence	1	train	plus	human_reviewed_selected			USF+ds003604-template-abstraction	USF:Cue_Target_Pairs.D-F:129			Every day he dances one hall			"[""ɛ"", ""v"", ""ɹ"", ""i"", ""d"", ""eɪ"", ""h"", ""iː"", ""d"", ""æ"", ""n"", ""s"", ""ɪ"", ""z"", ""w"", ""ʌ"", ""n"", ""h"", ""ɔ"", ""l""]"	present_3s	hall	dances hall	0.027	0.0			4.942944278865273			20					he	dance	dances	hall	hall	one	0	0	0	1										0.027	0.0	weak_congruence	present_3s						1286	132	"{""dance"": 1286, ""hall"": 132}"
PLAUS_0274	Plausibility	weak_congruence	1	train	plus	human_reviewed_selected			USF+ds003604-template-abstraction	USF:Cue_Target_Pairs.D-F:129			Every day he dances three halls			"[""ɛ"", ""v"", ""ɹ"", ""i"", ""d"", ""eɪ"", ""h"", ""iː"", ""d"", ""æ"", ""n"", ""s"", ""ɪ"", ""z"", ""θ"", ""ɹ"", ""iː"", ""h"", ""ɔ"", ""l"", ""z""]"	present_3s	halls	dances halls	0.027	0.0			4.942944278865273			21					he	dance	dances	hall	halls	three	0	0	0	1										0.027	0.0	weak_congruence	present_3s						1286	132	"{""dance"": 1286, ""hall"": 132}"
PLAUS_0275	Plausibility	weak_congruence	1	train	plus	human_reviewed_selected			USF+ds003604-template-abstraction	USF:Cue_Target_Pairs.D-F:129			Every day he dances two halls			"[""ɛ"", ""v"", ""ɹ"", ""i"", ""d"", ""eɪ"", ""h"", ""iː"", ""d"", ""æ"", ""n"", ""s"", ""ɪ"", ""z"", ""t"", ""uː"", ""h"", ""ɔ"", ""l"", ""z""]"	present_3s	halls	dances halls	0.027	0.0			4.942944278865273			20					he	dance	dances	hall	halls	two	0	0	0	1										0.027	0.0	weak_congruence	present_3s						1286	132	"{""dance"": 1286, ""hall"": 132}"
PLAUS_0276	Plausibility	weak_congruence	1	train	plus	human_reviewed_selected			USF+ds003604-template-abstraction	USF:Cue_Target_Pairs.D-F:7863			Every day he fights one anger			"[""ɛ"", ""v"", ""ɹ"", ""i"", ""d"", ""eɪ"", ""h"", ""iː"", ""f"", ""aɪ"", ""t"", ""s"", ""w"", ""ʌ"", ""n"", ""æ"", ""ŋ"", ""ɡ"", ""ə"", ""ɹ""]"	present_3s	anger	fights anger	0.034	0.0			4.795934483496894			20					he	fight	fights	anger	anger	one	0	0	0	1										0.034	0.0	weak_congruence	present_3s						624	11	"{""anger"": 11, ""fight"": 624}"
PLAUS_0277	Plausibility	weak_congruence	1	train	plus	human_reviewed_selected			USF+ds003604-template-abstraction	USF:Cue_Target_Pairs.D-F:7863			Every day he fights two anger			"[""ɛ"", ""v"", ""ɹ"", ""i"", ""d"", ""eɪ"", ""h"", ""iː"", ""f"", ""aɪ"", ""t"", ""s"", ""t"", ""uː"", ""æ"", ""ŋ"", ""ɡ"", ""ə"", ""ɹ""]"	present_3s	anger	fights anger	0.034	0.0			4.795934483496894			19					he	fight	fights	anger	anger	two	0	0	0	1										0.034	0.0	weak_congruence	present_3s						624	11	"{""anger"": 11, ""fight"": 624}"
PLAUS_0278	Plausibility	weak_congruence	1	train	plus	human_reviewed_selected			USF+ds003604-template-abstraction	USF:Cue_Target_Pairs.S:1149			Every day he screws two woods			"[""ɛ"", ""v"", ""ɹ"", ""i"", ""d"", ""eɪ"", ""h"", ""iː"", ""s"", ""k"", ""ɹ"", ""uː"", ""z"", ""t"", ""uː"", ""w"", ""ʊ"", ""d"", ""z""]"	present_3s	woods	screws woods	0.022	0.0			4.502640738000567			19					he	screw	screws	wood	woods	two	0	0	0	1										0.022	0.0	weak_congruence	present_3s						816	852	"{""screw"": 816, ""wood"": 852}"
PLAUS_0279	Plausibility	weak_congruence	1	train	plus	human_reviewed_selected			USF+ds003604-template-abstraction	USF:Cue_Target_Pairs.S:2767			Every day he shows two times			"[""ɛ"", ""v"", ""ɹ"", ""i"", ""d"", ""eɪ"", ""h"", ""iː"", ""ʃ"", ""oʊ"", ""z"", ""t"", ""uː"", ""t"", ""aɪ"", ""m"", ""z""]"	present_3s	times	shows times	0.047	0.0			5.990342822347596			17					he	show	shows	time	times	two	0	0	0	1										0.047	0.0	weak_congruence	present_3s						6536	11142	"{""show"": 6536, ""time"": 11142}"
PLAUS_0280	Plausibility	weak_congruence	1	train	plus	human_reviewed_selected			USF+ds003604-template-abstraction	USF:Cue_Target_Pairs.S:5302			Every day he spares two ribs			"[""ɛ"", ""v"", ""ɹ"", ""i"", ""d"", ""eɪ"", ""h"", ""iː"", ""s"", ""p"", ""ɛ"", ""ɹ"", ""z"", ""t"", ""uː"", ""ɹ"", ""ɪ"", ""b"", ""z""]"	present_3s	ribs	spares ribs	0.041	0.027			4.130077433010629			19					he	spare	spares	rib	ribs	two	0	0	0	1										0.041	0.027	weak_congruence	present_3s						109	10	"{""rib"": 10, ""spare"": 109}"
PLAUS_0281	Plausibility	weak_congruence	1	train	plus	human_reviewed_selected			USF+ds003604-template-abstraction	USF:Cue_Target_Pairs.S:6107			Every day he squints one glare			"[""ɛ"", ""v"", ""ɹ"", ""i"", ""d"", ""eɪ"", ""h"", ""iː"", ""s"", ""k"", ""w"", ""ɪ"", ""n"", ""t"", ""s"", ""w"", ""ʌ"", ""n"", ""ɡ"", ""l"", ""ɛ"", ""ɹ""]"	present_3s	glare	squints glare	0.022	0.014			3.10312183814289			22					he	squint	squints	glare	glare	one	0	0	0	1										0.022	0.014	weak_congruence	present_3s						1	6	"{""glare"": 6, ""squint"": 1}"
PLAUS_0282	Plausibility	weak_congruence	1	train	plus	human_reviewed_selected			USF+ds003604-template-abstraction	USF:Cue_Target_Pairs.S:6107			Every day he squints two glare			"[""ɛ"", ""v"", ""ɹ"", ""i"", ""d"", ""eɪ"", ""h"", ""iː"", ""s"", ""k"", ""w"", ""ɪ"", ""n"", ""t"", ""s"", ""t"", ""uː"", ""ɡ"", ""l"", ""ɛ"", ""ɹ""]"	present_3s	glare	squints glare	0.022	0.014			3.10312183814289			21					he	squint	squints	glare	glare	two	0	0	0	1										0.022	0.014	weak_congruence	present_3s						1	6	"{""glare"": 6, ""squint"": 1}"
PLAUS_0283	Plausibility	weak_congruence	1	train	plus	human_reviewed_selected			USF+ds003604-template-abstraction	USF:Cue_Target_Pairs.D-F:129			Every day she dances one hall			"[""ɛ"", ""v"", ""ɹ"", ""i"", ""d"", ""eɪ"", ""ʃ"", ""iː"", ""d"", ""æ"", ""n"", ""s"", ""ɪ"", ""z"", ""w"", ""ʌ"", ""n"", ""h"", ""ɔ"", ""l""]"	present_3s	hall	dances hall	0.027	0.0			4.942944278865273			20					she	dance	dances	hall	hall	one	0	0	0	1										0.027	0.0	weak_congruence	present_3s						1286	132	"{""dance"": 1286, ""hall"": 132}"
PLAUS_0284	Plausibility	weak_congruence	1	train	plus	human_reviewed_selected			USF+ds003604-template-abstraction	USF:Cue_Target_Pairs.D-F:129			Every day she dances three halls			"[""ɛ"", ""v"", ""ɹ"", ""i"", ""d"", ""eɪ"", ""ʃ"", ""iː"", ""d"", ""æ"", ""n"", ""s"", ""ɪ"", ""z"", ""θ"", ""ɹ"", ""iː"", ""h"", ""ɔ"", ""l"", ""z""]"	present_3s	halls	dances halls	0.027	0.0			4.942944278865273			21					she	dance	dances	hall	halls	three	0	0	0	1										0.027	0.0	weak_congruence	present_3s						1286	132	"{""dance"": 1286, ""hall"": 132}"
PLAUS_0285	Plausibility	weak_congruence	1	train	plus	human_reviewed_selected			USF+ds003604-template-abstraction	USF:Cue_Target_Pairs.D-F:129			Every day she dances two halls			"[""ɛ"", ""v"", ""ɹ"", ""i"", ""d"", ""eɪ"", ""ʃ"", ""iː"", ""d"", ""æ"", ""n"", ""s"", ""ɪ"", ""z"", ""t"", ""uː"", ""h"", ""ɔ"", ""l"", ""z""]"	present_3s	halls	dances halls	0.027	0.0			4.942944278865273			20					she	dance	dances	hall	halls	two	0	0	0	1										0.027	0.0	weak_congruence	present_3s						1286	132	"{""dance"": 1286, ""hall"": 132}"
PLAUS_0286	Plausibility	weak_congruence	1	train	plus	human_reviewed_selected			USF+ds003604-template-abstraction	USF:Cue_Target_Pairs.D-F:7863			Every day she fights one anger			"[""ɛ"", ""v"", ""ɹ"", ""i"", ""d"", ""eɪ"", ""ʃ"", ""iː"", ""f"", ""aɪ"", ""t"", ""s"", ""w"", ""ʌ"", ""n"", ""æ"", ""ŋ"", ""ɡ"", ""ə"", ""ɹ""]"	present_3s	anger	fights anger	0.034	0.0			4.795934483496894			20					she	fight	fights	anger	anger	one	0	0	0	1										0.034	0.0	weak_congruence	present_3s						624	11	"{""anger"": 11, ""fight"": 624}"
PLAUS_0287	Plausibility	weak_congruence	1	train	plus	human_reviewed_selected			USF+ds003604-template-abstraction	USF:Cue_Target_Pairs.D-F:7863			Every day she fights two anger			"[""ɛ"", ""v"", ""ɹ"", ""i"", ""d"", ""eɪ"", ""ʃ"", ""iː"", ""f"", ""aɪ"", ""t"", ""s"", ""t"", ""uː"", ""æ"", ""ŋ"", ""ɡ"", ""ə"", ""ɹ""]"	present_3s	anger	fights anger	0.034	0.0			4.795934483496894			19					she	fight	fights	anger	anger	two	0	0	0	1										0.034	0.0	weak_congruence	present_3s						624	11	"{""anger"": 11, ""fight"": 624}"
PLAUS_0288	Plausibility	weak_congruence	1	train	plus	human_reviewed_selected			USF+ds003604-template-abstraction	USF:Cue_Target_Pairs.S:1149			Every day she screws two woods			"[""ɛ"", ""v"", ""ɹ"", ""i"", ""d"", ""eɪ"", ""ʃ"", ""iː"", ""s"", ""k"", ""ɹ"", ""uː"", ""z"", ""t"", ""uː"", ""w"", ""ʊ"", ""d"", ""z""]"	present_3s	woods	screws woods	0.022	0.0			4.502640738000567			19					she	screw	screws	wood	woods	two	0	0	0	1										0.022	0.0	weak_congruence	present_3s						816	852	"{""screw"": 816, ""wood"": 852}"
PLAUS_0289	Plausibility	weak_congruence	1	train	plus	human_reviewed_selected			USF+ds003604-template-abstraction	USF:Cue_Target_Pairs.S:2767			Every day she shows two times			"[""ɛ"", ""v"", ""ɹ"", ""i"", ""d"", ""eɪ"", ""ʃ"", ""iː"", ""ʃ"", ""oʊ"", ""z"", ""t"", ""uː"", ""t"", ""aɪ"", ""m"", ""z""]"	present_3s	times	shows times	0.047	0.0			5.990342822347596			17					she	show	shows	time	times	two	0	0	0	1										0.047	0.0	weak_congruence	present_3s						6536	11142	"{""show"": 6536, ""time"": 11142}"
PLAUS_0290	Plausibility	weak_congruence	1	train	plus	human_reviewed_selected			USF+ds003604-template-abstraction	USF:Cue_Target_Pairs.S:6107			Every day she squints one glare			"[""ɛ"", ""v"", ""ɹ"", ""i"", ""d"", ""eɪ"", ""ʃ"", ""iː"", ""s"", ""k"", ""w"", ""ɪ"", ""n"", ""t"", ""s"", ""w"", ""ʌ"", ""n"", ""ɡ"", ""l"", ""ɛ"", ""ɹ""]"	present_3s	glare	squints glare	0.022	0.014			3.10312183814289			22					she	squint	squints	glare	glare	one	0	0	0	1										0.022	0.014	weak_congruence	present_3s						1	6	"{""glare"": 6, ""squint"": 1}"
PLAUS_0291	Plausibility	weak_congruence	1	train	plus	human_reviewed_selected			USF+ds003604-template-abstraction	USF:Cue_Target_Pairs.S:6107			Every day she squints two glare			"[""ɛ"", ""v"", ""ɹ"", ""i"", ""d"", ""eɪ"", ""ʃ"", ""iː"", ""s"", ""k"", ""w"", ""ɪ"", ""n"", ""t"", ""s"", ""t"", ""uː"", ""ɡ"", ""l"", ""ɛ"", ""ɹ""]"	present_3s	glare	squints glare	0.022	0.014			3.10312183814289			21					she	squint	squints	glare	glare	two	0	0	0	1										0.022	0.014	weak_congruence	present_3s						1	6	"{""glare"": 6, ""squint"": 1}"
PLAUS_0292	Plausibility	weak_congruence	1	train	plus	human_reviewed_selected			USF+ds003604-template-abstraction	USF:Cue_Target_Pairs.D-F:129			Every day they dance two halls			"[""ɛ"", ""v"", ""ɹ"", ""i"", ""d"", ""eɪ"", ""ð"", ""eɪ"", ""d"", ""æ"", ""n"", ""s"", ""t"", ""uː"", ""h"", ""ɔ"", ""l"", ""z""]"	present_3s	halls	dance halls	0.027	0.0			4.942944278865273			18					they	dance	dance	hall	halls	two	0	0	0	1										0.027	0.0	weak_congruence	present_3s						1286	132	"{""dance"": 1286, ""hall"": 132}"
PLAUS_0293	Plausibility	weak_congruence	1	train	plus	human_reviewed_selected			USF+ds003604-template-abstraction	USF:Cue_Target_Pairs.D-F:7863			Every day they fight one anger			"[""ɛ"", ""v"", ""ɹ"", ""i"", ""d"", ""eɪ"", ""ð"", ""eɪ"", ""f"", ""aɪ"", ""t"", ""w"", ""ʌ"", ""n"", ""æ"", ""ŋ"", ""ɡ"", ""ə"", ""ɹ""]"	present_3s	anger	fight anger	0.034	0.0			4.795934483496894			19					they	fight	fight	anger	anger	one	0	0	0	1										0.034	0.0	weak_congruence	present_3s						624	11	"{""anger"": 11, ""fight"": 624}"
PLAUS_0294	Plausibility	weak_congruence	1	train	plus	human_reviewed_selected			USF+ds003604-template-abstraction	USF:Cue_Target_Pairs.D-F:7863			Every day they fight two anger			"[""ɛ"", ""v"", ""ɹ"", ""i"", ""d"", ""eɪ"", ""ð"", ""eɪ"", ""f"", ""aɪ"", ""t"", ""t"", ""uː"", ""æ"", ""ŋ"", ""ɡ"", ""ə"", ""ɹ""]"	present_3s	anger	fight anger	0.034	0.0			4.795934483496894			18					they	fight	fight	anger	anger	two	0	0	0	1										0.034	0.0	weak_congruence	present_3s						624	11	"{""anger"": 11, ""fight"": 624}"
PLAUS_0295	Plausibility	weak_congruence	1	train	plus	human_reviewed_selected			USF+ds003604-template-abstraction	USF:Cue_Target_Pairs.D-F:129			He does not dance two halls			"[""h"", ""iː"", ""d"", ""ʌ"", ""z"", ""n"", ""ɑ"", ""t"", ""d"", ""æ"", ""n"", ""s"", ""t"", ""uː"", ""h"", ""ɔ"", ""l"", ""z""]"	do_negation	halls	does not dance halls	0.027	0.0			4.942944278865273			18					he	dance	dance	hall	halls	two	1	0	0	1										0.027	0.0	weak_congruence	do_negation						1286	132	"{""dance"": 1286, ""hall"": 132}"
PLAUS_0296	Plausibility	weak_congruence	1	train	plus	human_reviewed_selected			USF+ds003604-template-abstraction	USF:Cue_Target_Pairs.D-F:7863			He does not fight one anger			"[""h"", ""iː"", ""d"", ""ʌ"", ""z"", ""n"", ""ɑ"", ""t"", ""f"", ""aɪ"", ""t"", ""w"", ""ʌ"", ""n"", ""æ"", ""ŋ"", ""ɡ"", ""ə"", ""ɹ""]"	do_negation	anger	does not fight anger	0.034	0.0			4.795934483496894			19					he	fight	fight	anger	anger	one	1	0	0	1										0.034	0.0	weak_congruence	do_negation						624	11	"{""anger"": 11, ""fight"": 624}"
PLAUS_0297	Plausibility	weak_congruence	1	train	plus	human_reviewed_selected			USF+ds003604-template-abstraction	USF:Cue_Target_Pairs.D-F:7863			He does not fight two anger			"[""h"", ""iː"", ""d"", ""ʌ"", ""z"", ""n"", ""ɑ"", ""t"", ""f"", ""aɪ"", ""t"", ""t"", ""uː"", ""æ"", ""ŋ"", ""ɡ"", ""ə"", ""ɹ""]"	do_negation	anger	does not fight anger	0.034	0.0			4.795934483496894			18					he	fight	fight	anger	anger	two	1	0	0	1										0.034	0.0	weak_congruence	do_negation						624	11	"{""anger"": 11, ""fight"": 624}"
PLAUS_0298	Plausibility	weak_congruence	1	train	plus	human_reviewed_selected			USF+ds003604-template-abstraction	USF:Cue_Target_Pairs.S:1149			He does not screw two woods			"[""h"", ""iː"", ""d"", ""ʌ"", ""z"", ""n"", ""ɑ"", ""t"", ""s"", ""k"", ""ɹ"", ""uː"", ""t"", ""uː"", ""w"", ""ʊ"", ""d"", ""z""]"	do_negation	woods	does not screw woods	0.022	0.0			4.502640738000567			18					he	screw	screw	wood	woods	two	1	0	0	1										0.022	0.0	weak_congruence	do_negation						816	852	"{""screw"": 816, ""wood"": 852}"
PLAUS_0299	Plausibility	weak_congruence	1	train	plus	human_reviewed_selected			USF+ds003604-template-abstraction	USF:Cue_Target_Pairs.S:2767			He does not show two times			"[""h"", ""iː"", ""d"", ""ʌ"", ""z"", ""n"", ""ɑ"", ""t"", ""ʃ"", ""oʊ"", ""t"", ""uː"", ""t"", ""aɪ"", ""m"", ""z""]"	do_negation	times	does not show times	0.047	0.0			5.990342822347596			16					he	show	show	time	times	two	1	0	0	1										0.047	0.0	weak_congruence	do_negation						6536	11142	"{""show"": 6536, ""time"": 11142}"
PLAUS_0300	Plausibility	weak_congruence	1	train	plus	human_reviewed_selected			USF+ds003604-template-abstraction	USF:Cue_Target_Pairs.S:6107			He does not squint one glare			"[""h"", ""iː"", ""d"", ""ʌ"", ""z"", ""n"", ""ɑ"", ""t"", ""s"", ""k"", ""w"", ""ɪ"", ""n"", ""t"", ""w"", ""ʌ"", ""n"", ""ɡ"", ""l"", ""ɛ"", ""ɹ""]"	do_negation	glare	does not squint glare	0.022	0.014			3.10312183814289			21					he	squint	squint	glare	glare	one	1	0	0	1										0.022	0.014	weak_congruence	do_negation						1	6	"{""glare"": 6, ""squint"": 1}"
PLAUS_0301	Plausibility	weak_congruence	1	train	plus	human_reviewed_selected			USF+ds003604-template-abstraction	USF:Cue_Target_Pairs.S:6107			He does not squint two glare			"[""h"", ""iː"", ""d"", ""ʌ"", ""z"", ""n"", ""ɑ"", ""t"", ""s"", ""k"", ""w"", ""ɪ"", ""n"", ""t"", ""t"", ""uː"", ""ɡ"", ""l"", ""ɛ"", ""ɹ""]"	do_negation	glare	does not squint glare	0.022	0.014			3.10312183814289			20					he	squint	squint	glare	glare	two	1	0	0	1										0.022	0.014	weak_congruence	do_negation						1	6	"{""glare"": 6, ""squint"": 1}"
PLAUS_0302	Plausibility	weak_congruence	1	train	plus	human_reviewed_selected			USF+ds003604-template-abstraction	USF:Cue_Target_Pairs.D-F:129			He is dancing two halls			"[""h"", ""iː"", ""ɪ"", ""z"", ""d"", ""æ"", ""n"", ""s"", ""ɪ"", ""ŋ"", ""t"", ""uː"", ""h"", ""ɔ"", ""l"", ""z""]"	be_progressive	halls	is dancing halls	0.027	0.0			4.942944278865273			16					he	dance	dancing	hall	halls	two	0	0	0	1										0.027	0.0	weak_congruence	be_progressive						1286	132	"{""dance"": 1286, ""hall"": 132}"
PLAUS_0303	Plausibility	weak_congruence	1	train	plus	human_reviewed_selected			USF+ds003604-template-abstraction	USF:Cue_Target_Pairs.D-F:7863			He is fighting one anger			"[""h"", ""iː"", ""ɪ"", ""z"", ""f"", ""aɪ"", ""t"", ""ɪ"", ""ŋ"", ""w"", ""ʌ"", ""n"", ""æ"", ""ŋ"", ""ɡ"", ""ə"", ""ɹ""]"	be_progressive	anger	is fighting anger	0.034	0.0			4.795934483496894			17					he	fight	fighting	anger	anger	one	0	0	0	1										0.034	0.0	weak_congruence	be_progressive						624	11	"{""anger"": 11, ""fight"": 624}"
PLAUS_0304	Plausibility	weak_congruence	1	train	plus	human_reviewed_selected			USF+ds003604-template-abstraction	USF:Cue_Target_Pairs.D-F:7863			He is fighting two anger			"[""h"", ""iː"", ""ɪ"", ""z"", ""f"", ""aɪ"", ""t"", ""ɪ"", ""ŋ"", ""t"", ""uː"", ""æ"", ""ŋ"", ""ɡ"", ""ə"", ""ɹ""]"	be_progressive	anger	is fighting anger	0.034	0.0			4.795934483496894			16					he	fight	fighting	anger	anger	two	0	0	0	1										0.034	0.0	weak_congruence	be_progressive						624	11	"{""anger"": 11, ""fight"": 624}"
PLAUS_0305	Plausibility	weak_congruence	1	train	plus	human_reviewed_selected			USF+ds003604-template-abstraction	USF:Cue_Target_Pairs.S:1149			He is screwing two woods			"[""h"", ""iː"", ""ɪ"", ""z"", ""s"", ""k"", ""ɹ"", ""uː"", ""ɪ"", ""ŋ"", ""t"", ""uː"", ""w"", ""ʊ"", ""d"", ""z""]"	be_progressive	woods	is screwing woods	0.022	0.0			4.502640738000567			16					he	screw	screwing	wood	woods	two	0	0	0	1										0.022	0.0	weak_congruence	be_progressive						816	852	"{""screw"": 816, ""wood"": 852}"
PLAUS_0306	Plausibility	weak_congruence	1	train	plus	human_reviewed_selected			USF+ds003604-template-abstraction	USF:Cue_Target_Pairs.S:2767			He is showing two times			"[""h"", ""iː"", ""ɪ"", ""z"", ""ʃ"", ""oʊ"", ""ɪ"", ""ŋ"", ""t"", ""uː"", ""t"", ""aɪ"", ""m"", ""z""]"	be_progressive	times	is showing times	0.047	0.0			5.990342822347596			14					he	show	showing	time	times	two	0	0	0	1										0.047	0.0	weak_congruence	be_progressive						6536	11142	"{""show"": 6536, ""time"": 11142}"
PLAUS_0307	Plausibility	weak_congruence	1	train	plus	human_reviewed_selected			USF+ds003604-template-abstraction	USF:Cue_Target_Pairs.S:6107			He is squinting one glare			"[""h"", ""iː"", ""ɪ"", ""z"", ""s"", ""k"", ""w"", ""ɪ"", ""n"", ""t"", ""ɪ"", ""ŋ"", ""w"", ""ʌ"", ""n"", ""ɡ"", ""l"", ""ɛ"", ""ɹ""]"	be_progressive	glare	is squinting glare	0.022	0.014			3.10312183814289			19					he	squint	squinting	glare	glare	one	0	0	0	1										0.022	0.014	weak_congruence	be_progressive						1	6	"{""glare"": 6, ""squint"": 1}"
PLAUS_0308	Plausibility	weak_congruence	1	train	plus	human_reviewed_selected			USF+ds003604-template-abstraction	USF:Cue_Target_Pairs.S:6107			He is squinting two glare			"[""h"", ""iː"", ""ɪ"", ""z"", ""s"", ""k"", ""w"", ""ɪ"", ""n"", ""t"", ""ɪ"", ""ŋ"", ""t"", ""uː"", ""ɡ"", ""l"", ""ɛ"", ""ɹ""]"	be_progressive	glare	is squinting glare	0.022	0.014			3.10312183814289			18					he	squint	squinting	glare	glare	two	0	0	0	1										0.022	0.014	weak_congruence	be_progressive						1	6	"{""glare"": 6, ""squint"": 1}"
PLAUS_0309	Plausibility	weak_congruence	1	train	plus	human_reviewed_selected			USF+ds003604-template-abstraction	USF:Cue_Target_Pairs.D-F:129			Last week he danced two halls			"[""l"", ""æ"", ""s"", ""t"", ""w"", ""iː"", ""k"", ""h"", ""iː"", ""d"", ""æ"", ""n"", ""s"", ""t"", ""t"", ""uː"", ""h"", ""ɔ"", ""l"", ""z""]"	simple_past	halls	danced halls	0.027	0.0			4.942944278865273			20					he	dance	danced	hall	halls	two	0	0	0	1										0.027	0.0	weak_congruence	simple_past						1286	132	"{""dance"": 1286, ""hall"": 132}"
PLAUS_0310	Plausibility	weak_congruence	1	train	plus	human_reviewed_selected			USF+ds003604-template-abstraction	USF:Cue_Target_Pairs.S:1149			Last week he screwed two woods			"[""l"", ""æ"", ""s"", ""t"", ""w"", ""iː"", ""k"", ""h"", ""iː"", ""s"", ""k"", ""ɹ"", ""uː"", ""d"", ""t"", ""uː"", ""w"", ""ʊ"", ""d"", ""z""]"	simple_past	woods	screwed woods	0.022	0.0			4.502640738000567			20					he	screw	screwed	wood	woods	two	0	0	0	1										0.022	0.0	weak_congruence	simple_past						816	852	"{""screw"": 816, ""wood"": 852}"
PLAUS_0311	Plausibility	weak_congruence	1	train	plus	human_reviewed_selected			USF+ds003604-template-abstraction	USF:Cue_Target_Pairs.S:2767			Last week he showed two times			"[""l"", ""æ"", ""s"", ""t"", ""w"", ""iː"", ""k"", ""h"", ""iː"", ""ʃ"", ""oʊ"", ""d"", ""t"", ""uː"", ""t"", ""aɪ"", ""m"", ""z""]"	simple_past	times	showed times	0.047	0.0			5.990342822347596			18					he	show	showed	time	times	two	0	0	0	1										0.047	0.0	weak_congruence	simple_past						6536	11142	"{""show"": 6536, ""time"": 11142}"
PLAUS_0312	Plausibility	weak_congruence	1	train	plus	human_reviewed_selected			USF+ds003604-template-abstraction	USF:Cue_Target_Pairs.S:6107			Last week he squinted one glare			"[""l"", ""æ"", ""s"", ""t"", ""w"", ""iː"", ""k"", ""h"", ""iː"", ""s"", ""k"", ""w"", ""ɪ"", ""n"", ""t"", ""ɪ"", ""d"", ""w"", ""ʌ"", ""n"", ""ɡ"", ""l"", ""ɛ"", ""ɹ""]"	simple_past	glare	squinted glare	0.022	0.014			3.10312183814289			24					he	squint	squinted	glare	glare	one	0	0	0	1										0.022	0.014	weak_congruence	simple_past						1	6	"{""glare"": 6, ""squint"": 1}"
PLAUS_0313	Plausibility	weak_congruence	1	train	plus	human_reviewed_selected			USF+ds003604-template-abstraction	USF:Cue_Target_Pairs.S:6107			Last week he squinted two glare			"[""l"", ""æ"", ""s"", ""t"", ""w"", ""iː"", ""k"", ""h"", ""iː"", ""s"", ""k"", ""w"", ""ɪ"", ""n"", ""t"", ""ɪ"", ""d"", ""t"", ""uː"", ""ɡ"", ""l"", ""ɛ"", ""ɹ""]"	simple_past	glare	squinted glare	0.022	0.014			3.10312183814289			23					he	squint	squinted	glare	glare	two	0	0	0	1										0.022	0.014	weak_congruence	simple_past						1	6	"{""glare"": 6, ""squint"": 1}"
PLAUS_0314	Plausibility	weak_congruence	1	train	plus	human_reviewed_selected			USF+ds003604-template-abstraction	USF:Cue_Target_Pairs.D-F:129			Last week she danced two halls			"[""l"", ""æ"", ""s"", ""t"", ""w"", ""iː"", ""k"", ""ʃ"", ""iː"", ""d"", ""æ"", ""n"", ""s"", ""t"", ""t"", ""uː"", ""h"", ""ɔ"", ""l"", ""z""]"	simple_past	halls	danced halls	0.027	0.0			4.942944278865273			20					she	dance	danced	hall	halls	two	0	0	0	1										0.027	0.0	weak_congruence	simple_past						1286	132	"{""dance"": 1286, ""hall"": 132}"
PLAUS_0315	Plausibility	weak_congruence	1	train	plus	human_reviewed_selected			USF+ds003604-template-abstraction	USF:Cue_Target_Pairs.S:1149			Last week she screwed two woods			"[""l"", ""æ"", ""s"", ""t"", ""w"", ""iː"", ""k"", ""ʃ"", ""iː"", ""s"", ""k"", ""ɹ"", ""uː"", ""d"", ""t"", ""uː"", ""w"", ""ʊ"", ""d"", ""z""]"	simple_past	woods	screwed woods	0.022	0.0			4.502640738000567			20					she	screw	screwed	wood	woods	two	0	0	0	1										0.022	0.0	weak_congruence	simple_past						816	852	"{""screw"": 816, ""wood"": 852}"
PLAUS_0316	Plausibility	weak_congruence	1	train	plus	human_reviewed_selected			USF+ds003604-template-abstraction	USF:Cue_Target_Pairs.S:2767			Last week she showed two times			"[""l"", ""æ"", ""s"", ""t"", ""w"", ""iː"", ""k"", ""ʃ"", ""iː"", ""ʃ"", ""oʊ"", ""d"", ""t"", ""uː"", ""t"", ""aɪ"", ""m"", ""z""]"	simple_past	times	showed times	0.047	0.0			5.990342822347596			18					she	show	showed	time	times	two	0	0	0	1										0.047	0.0	weak_congruence	simple_past						6536	11142	"{""show"": 6536, ""time"": 11142}"
PLAUS_0317	Plausibility	weak_congruence	1	train	plus	human_reviewed_selected			USF+ds003604-template-abstraction	USF:Cue_Target_Pairs.S:6107			Last week she squinted one glare			"[""l"", ""æ"", ""s"", ""t"", ""w"", ""iː"", ""k"", ""ʃ"", ""iː"", ""s"", ""k"", ""w"", ""ɪ"", ""n"", ""t"", ""ɪ"", ""d"", ""w"", ""ʌ"", ""n"", ""ɡ"", ""l"", ""ɛ"", ""ɹ""]"	simple_past	glare	squinted glare	0.022	0.014			3.10312183814289			24					she	squint	squinted	glare	glare	one	0	0	0	1										0.022	0.014	weak_congruence	simple_past						1	6	"{""glare"": 6, ""squint"": 1}"
PLAUS_0318	Plausibility	weak_congruence	1	train	plus	human_reviewed_selected			USF+ds003604-template-abstraction	USF:Cue_Target_Pairs.S:6107			Last week she squinted three glare			"[""l"", ""æ"", ""s"", ""t"", ""w"", ""iː"", ""k"", ""ʃ"", ""iː"", ""s"", ""k"", ""w"", ""ɪ"", ""n"", ""t"", ""ɪ"", ""d"", ""θ"", ""ɹ"", ""iː"", ""ɡ"", ""l"", ""ɛ"", ""ɹ""]"	simple_past	glare	squinted glare	0.022	0.014			3.10312183814289			24					she	squint	squinted	glare	glare	three	0	0	0	1										0.022	0.014	weak_congruence	simple_past						1	6	"{""glare"": 6, ""squint"": 1}"
PLAUS_0319	Plausibility	weak_congruence	1	train	plus	human_reviewed_selected			USF+ds003604-template-abstraction	USF:Cue_Target_Pairs.S:6107			Last week she squinted two glare			"[""l"", ""æ"", ""s"", ""t"", ""w"", ""iː"", ""k"", ""ʃ"", ""iː"", ""s"", ""k"", ""w"", ""ɪ"", ""n"", ""t"", ""ɪ"", ""d"", ""t"", ""uː"", ""ɡ"", ""l"", ""ɛ"", ""ɹ""]"	simple_past	glare	squinted glare	0.022	0.014			3.10312183814289			23					she	squint	squinted	glare	glare	two	0	0	0	1										0.022	0.014	weak_congruence	simple_past						1	6	"{""glare"": 6, ""squint"": 1}"
PLAUS_0320	Plausibility	weak_congruence	1	train	plus	human_reviewed_selected			USF+ds003604-template-abstraction	USF:Cue_Target_Pairs.D-F:129			Last week they danced one hall			"[""l"", ""æ"", ""s"", ""t"", ""w"", ""iː"", ""k"", ""ð"", ""eɪ"", ""d"", ""æ"", ""n"", ""s"", ""t"", ""w"", ""ʌ"", ""n"", ""h"", ""ɔ"", ""l""]"	simple_past	hall	danced hall	0.027	0.0			4.942944278865273			20					they	dance	danced	hall	hall	one	0	0	0	1										0.027	0.0	weak_congruence	simple_past						1286	132	"{""dance"": 1286, ""hall"": 132}"
PLAUS_0321	Plausibility	weak_congruence	1	train	plus	human_reviewed_selected			USF+ds003604-template-abstraction	USF:Cue_Target_Pairs.D-F:129			Last week they danced three halls			"[""l"", ""æ"", ""s"", ""t"", ""w"", ""iː"", ""k"", ""ð"", ""eɪ"", ""d"", ""æ"", ""n"", ""s"", ""t"", ""θ"", ""ɹ"", ""iː"", ""h"", ""ɔ"", ""l"", ""z""]"	simple_past	halls	danced halls	0.027	0.0			4.942944278865273			21					they	dance	danced	hall	halls	three	0	0	0	1										0.027	0.0	weak_congruence	simple_past						1286	132	"{""dance"": 1286, ""hall"": 132}"
PLAUS_0322	Plausibility	weak_congruence	1	train	plus	human_reviewed_selected			USF+ds003604-template-abstraction	USF:Cue_Target_Pairs.D-F:129			Last week they danced two halls			"[""l"", ""æ"", ""s"", ""t"", ""w"", ""iː"", ""k"", ""ð"", ""eɪ"", ""d"", ""æ"", ""n"", ""s"", ""t"", ""t"", ""uː"", ""h"", ""ɔ"", ""l"", ""z""]"	simple_past	halls	danced halls	0.027	0.0			4.942944278865273			20					they	dance	danced	hall	halls	two	0	0	0	1										0.027	0.0	weak_congruence	simple_past						1286	132	"{""dance"": 1286, ""hall"": 132}"
PLAUS_0323	Plausibility	weak_congruence	1	train	plus	human_reviewed_selected			USF+ds003604-template-abstraction	USF:Cue_Target_Pairs.S:1149			Last week they screwed two woods			"[""l"", ""æ"", ""s"", ""t"", ""w"", ""iː"", ""k"", ""ð"", ""eɪ"", ""s"", ""k"", ""ɹ"", ""uː"", ""d"", ""t"", ""uː"", ""w"", ""ʊ"", ""d"", ""z""]"	simple_past	woods	screwed woods	0.022	0.0			4.502640738000567			20					they	screw	screwed	wood	woods	two	0	0	0	1										0.022	0.0	weak_congruence	simple_past						816	852	"{""screw"": 816, ""wood"": 852}"
PLAUS_0324	Plausibility	weak_congruence	1	train	plus	human_reviewed_selected			USF+ds003604-template-abstraction	USF:Cue_Target_Pairs.S:2767			Last week they showed two times			"[""l"", ""æ"", ""s"", ""t"", ""w"", ""iː"", ""k"", ""ð"", ""eɪ"", ""ʃ"", ""oʊ"", ""d"", ""t"", ""uː"", ""t"", ""aɪ"", ""m"", ""z""]"	simple_past	times	showed times	0.047	0.0			5.990342822347596			18					they	show	showed	time	times	two	0	0	0	1										0.047	0.0	weak_congruence	simple_past						6536	11142	"{""show"": 6536, ""time"": 11142}"
PLAUS_0325	Plausibility	weak_congruence	1	train	plus	human_reviewed_selected			USF+ds003604-template-abstraction	USF:Cue_Target_Pairs.S:5302			Last week they spared two ribs			"[""l"", ""æ"", ""s"", ""t"", ""w"", ""iː"", ""k"", ""ð"", ""eɪ"", ""s"", ""p"", ""ɛ"", ""ɹ"", ""d"", ""t"", ""uː"", ""ɹ"", ""ɪ"", ""b"", ""z""]"	simple_past	ribs	spared ribs	0.041	0.027			4.130077433010629			20					they	spare	spared	rib	ribs	two	0	0	0	1										0.041	0.027	weak_congruence	simple_past						109	10	"{""rib"": 10, ""spare"": 109}"
PLAUS_0326	Plausibility	weak_congruence	1	train	plus	human_reviewed_selected			USF+ds003604-template-abstraction	USF:Cue_Target_Pairs.S:6107			Last week they squinted five glare			"[""l"", ""æ"", ""s"", ""t"", ""w"", ""iː"", ""k"", ""ð"", ""eɪ"", ""s"", ""k"", ""w"", ""ɪ"", ""n"", ""t"", ""ɪ"", ""d"", ""f"", ""aɪ"", ""v"", ""ɡ"", ""l"", ""ɛ"", ""ɹ""]"	simple_past	glare	squinted glare	0.022	0.014			3.10312183814289			24					they	squint	squinted	glare	glare	five	0	0	0	1										0.022	0.014	weak_congruence	simple_past						1	6	"{""glare"": 6, ""squint"": 1}"
PLAUS_0327	Plausibility	weak_congruence	1	train	plus	human_reviewed_selected			USF+ds003604-template-abstraction	USF:Cue_Target_Pairs.S:6107			Last week they squinted four glare			"[""l"", ""æ"", ""s"", ""t"", ""w"", ""iː"", ""k"", ""ð"", ""eɪ"", ""s"", ""k"", ""w"", ""ɪ"", ""n"", ""t"", ""ɪ"", ""d"", ""f"", ""ɔ"", ""ɹ"", ""ɡ"", ""l"", ""ɛ"", ""ɹ""]"	simple_past	glare	squinted glare	0.022	0.014			3.10312183814289			24					they	squint	squinted	glare	glare	four	0	0	0	1										0.022	0.014	weak_congruence	simple_past						1	6	"{""glare"": 6, ""squint"": 1}"
PLAUS_0328	Plausibility	weak_congruence	1	train	plus	human_reviewed_selected			USF+ds003604-template-abstraction	USF:Cue_Target_Pairs.S:6107			Last week they squinted one glare			"[""l"", ""æ"", ""s"", ""t"", ""w"", ""iː"", ""k"", ""ð"", ""eɪ"", ""s"", ""k"", ""w"", ""ɪ"", ""n"", ""t"", ""ɪ"", ""d"", ""w"", ""ʌ"", ""n"", ""ɡ"", ""l"", ""ɛ"", ""ɹ""]"	simple_past	glare	squinted glare	0.022	0.014			3.10312183814289			24					they	squint	squinted	glare	glare	one	0	0	0	1										0.022	0.014	weak_congruence	simple_past						1	6	"{""glare"": 6, ""squint"": 1}"
PLAUS_0329	Plausibility	weak_congruence	1	train	plus	human_reviewed_selected			USF+ds003604-template-abstraction	USF:Cue_Target_Pairs.S:6107			Last week they squinted six glare			"[""l"", ""æ"", ""s"", ""t"", ""w"", ""iː"", ""k"", ""ð"", ""eɪ"", ""s"", ""k"", ""w"", ""ɪ"", ""n"", ""t"", ""ɪ"", ""d"", ""s"", ""ɪ"", ""k"", ""s"", ""ɡ"", ""l"", ""ɛ"", ""ɹ""]"	simple_past	glare	squinted glare	0.022	0.014			3.10312183814289			25					they	squint	squinted	glare	glare	six	0	0	0	1										0.022	0.014	weak_congruence	simple_past						1	6	"{""glare"": 6, ""squint"": 1}"
PLAUS_0330	Plausibility	weak_congruence	1	train	plus	human_reviewed_selected			USF+ds003604-template-abstraction	USF:Cue_Target_Pairs.S:6107			Last week they squinted three glare			"[""l"", ""æ"", ""s"", ""t"", ""w"", ""iː"", ""k"", ""ð"", ""eɪ"", ""s"", ""k"", ""w"", ""ɪ"", ""n"", ""t"", ""ɪ"", ""d"", ""θ"", ""ɹ"", ""iː"", ""ɡ"", ""l"", ""ɛ"", ""ɹ""]"	simple_past	glare	squinted glare	0.022	0.014			3.10312183814289			24					they	squint	squinted	glare	glare	three	0	0	0	1										0.022	0.014	weak_congruence	simple_past						1	6	"{""glare"": 6, ""squint"": 1}"
PLAUS_0331	Plausibility	weak_congruence	1	train	plus	human_reviewed_selected			USF+ds003604-template-abstraction	USF:Cue_Target_Pairs.S:6107			Last week they squinted two glare			"[""l"", ""æ"", ""s"", ""t"", ""w"", ""iː"", ""k"", ""ð"", ""eɪ"", ""s"", ""k"", ""w"", ""ɪ"", ""n"", ""t"", ""ɪ"", ""d"", ""t"", ""uː"", ""ɡ"", ""l"", ""ɛ"", ""ɹ""]"	simple_past	glare	squinted glare	0.022	0.014			3.10312183814289			23					they	squint	squinted	glare	glare	two	0	0	0	1										0.022	0.014	weak_congruence	simple_past						1	6	"{""glare"": 6, ""squint"": 1}"
PLAUS_0332	Plausibility	weak_congruence	1	train	plus	human_reviewed_selected			USF+ds003604-template-abstraction	USF:Cue_Target_Pairs.D-F:129			She does not dance two halls			"[""ʃ"", ""iː"", ""d"", ""ʌ"", ""z"", ""n"", ""ɑ"", ""t"", ""d"", ""æ"", ""n"", ""s"", ""t"", ""uː"", ""h"", ""ɔ"", ""l"", ""z""]"	do_negation	halls	does not dance halls	0.027	0.0			4.942944278865273			18					she	dance	dance	hall	halls	two	1	0	0	1										0.027	0.0	weak_congruence	do_negation						1286	132	"{""dance"": 1286, ""hall"": 132}"
PLAUS_0333	Plausibility	weak_congruence	1	train	plus	human_reviewed_selected			USF+ds003604-template-abstraction	USF:Cue_Target_Pairs.D-F:7863			She does not fight one anger			"[""ʃ"", ""iː"", ""d"", ""ʌ"", ""z"", ""n"", ""ɑ"", ""t"", ""f"", ""aɪ"", ""t"", ""w"", ""ʌ"", ""n"", ""æ"", ""ŋ"", ""ɡ"", ""ə"", ""ɹ""]"	do_negation	anger	does not fight anger	0.034	0.0			4.795934483496894			19					she	fight	fight	anger	anger	one	1	0	0	1										0.034	0.0	weak_congruence	do_negation						624	11	"{""anger"": 11, ""fight"": 624}"
PLAUS_0334	Plausibility	weak_congruence	1	train	plus	human_reviewed_selected			USF+ds003604-template-abstraction	USF:Cue_Target_Pairs.D-F:7863			She does not fight two anger			"[""ʃ"", ""iː"", ""d"", ""ʌ"", ""z"", ""n"", ""ɑ"", ""t"", ""f"", ""aɪ"", ""t"", ""t"", ""uː"", ""æ"", ""ŋ"", ""ɡ"", ""ə"", ""ɹ""]"	do_negation	anger	does not fight anger	0.034	0.0			4.795934483496894			18					she	fight	fight	anger	anger	two	1	0	0	1										0.034	0.0	weak_congruence	do_negation						624	11	"{""anger"": 11, ""fight"": 624}"
PLAUS_0335	Plausibility	weak_congruence	1	train	plus	human_reviewed_selected			USF+ds003604-template-abstraction	USF:Cue_Target_Pairs.S:1149			She does not screw two woods			"[""ʃ"", ""iː"", ""d"", ""ʌ"", ""z"", ""n"", ""ɑ"", ""t"", ""s"", ""k"", ""ɹ"", ""uː"", ""t"", ""uː"", ""w"", ""ʊ"", ""d"", ""z""]"	do_negation	woods	does not screw woods	0.022	0.0			4.502640738000567			18					she	screw	screw	wood	woods	two	1	0	0	1										0.022	0.0	weak_congruence	do_negation						816	852	"{""screw"": 816, ""wood"": 852}"
PLAUS_0336	Plausibility	weak_congruence	1	train	plus	human_reviewed_selected			USF+ds003604-template-abstraction	USF:Cue_Target_Pairs.S:2767			She does not show two times			"[""ʃ"", ""iː"", ""d"", ""ʌ"", ""z"", ""n"", ""ɑ"", ""t"", ""ʃ"", ""oʊ"", ""t"", ""uː"", ""t"", ""aɪ"", ""m"", ""z""]"	do_negation	times	does not show times	0.047	0.0			5.990342822347596			16					she	show	show	time	times	two	1	0	0	1										0.047	0.0	weak_congruence	do_negation						6536	11142	"{""show"": 6536, ""time"": 11142}"
PLAUS_0337	Plausibility	weak_congruence	1	train	plus	human_reviewed_selected			USF+ds003604-template-abstraction	USF:Cue_Target_Pairs.S:5302			She does not spare two ribs			"[""ʃ"", ""iː"", ""d"", ""ʌ"", ""z"", ""n"", ""ɑ"", ""t"", ""s"", ""p"", ""ɛ"", ""ɹ"", ""t"", ""uː"", ""ɹ"", ""ɪ"", ""b"", ""z""]"	do_negation	ribs	does not spare ribs	0.041	0.027			4.130077433010629			18					she	spare	spare	rib	ribs	two	1	0	0	1										0.041	0.027	weak_congruence	do_negation						109	10	"{""rib"": 10, ""spare"": 109}"
PLAUS_0338	Plausibility	weak_congruence	1	train	plus	human_reviewed_selected			USF+ds003604-template-abstraction	USF:Cue_Target_Pairs.S:6107			She does not squint one glare			"[""ʃ"", ""iː"", ""d"", ""ʌ"", ""z"", ""n"", ""ɑ"", ""t"", ""s"", ""k"", ""w"", ""ɪ"", ""n"", ""t"", ""w"", ""ʌ"", ""n"", ""ɡ"", ""l"", ""ɛ"", ""ɹ""]"	do_negation	glare	does not squint glare	0.022	0.014			3.10312183814289			21					she	squint	squint	glare	glare	one	1	0	0	1										0.022	0.014	weak_congruence	do_negation						1	6	"{""glare"": 6, ""squint"": 1}"
PLAUS_0339	Plausibility	weak_congruence	1	train	plus	human_reviewed_selected			USF+ds003604-template-abstraction	USF:Cue_Target_Pairs.S:6107			She does not squint two glare			"[""ʃ"", ""iː"", ""d"", ""ʌ"", ""z"", ""n"", ""ɑ"", ""t"", ""s"", ""k"", ""w"", ""ɪ"", ""n"", ""t"", ""t"", ""uː"", ""ɡ"", ""l"", ""ɛ"", ""ɹ""]"	do_negation	glare	does not squint glare	0.022	0.014			3.10312183814289			20					she	squint	squint	glare	glare	two	1	0	0	1										0.022	0.014	weak_congruence	do_negation						1	6	"{""glare"": 6, ""squint"": 1}"
PLAUS_0340	Plausibility	weak_congruence	1	train	plus	human_reviewed_selected			USF+ds003604-template-abstraction	USF:Cue_Target_Pairs.D-F:129			She is dancing two halls			"[""ʃ"", ""iː"", ""ɪ"", ""z"", ""d"", ""æ"", ""n"", ""s"", ""ɪ"", ""ŋ"", ""t"", ""uː"", ""h"", ""ɔ"", ""l"", ""z""]"	be_progressive	halls	is dancing halls	0.027	0.0			4.942944278865273			16					she	dance	dancing	hall	halls	two	0	0	0	1										0.027	0.0	weak_congruence	be_progressive						1286	132	"{""dance"": 1286, ""hall"": 132}"
PLAUS_0341	Plausibility	weak_congruence	1	train	plus	human_reviewed_selected			USF+ds003604-template-abstraction	USF:Cue_Target_Pairs.D-F:7863			She is fighting one anger			"[""ʃ"", ""iː"", ""ɪ"", ""z"", ""f"", ""aɪ"", ""t"", ""ɪ"", ""ŋ"", ""w"", ""ʌ"", ""n"", ""æ"", ""ŋ"", ""ɡ"", ""ə"", ""ɹ""]"	be_progressive	anger	is fighting anger	0.034	0.0			4.795934483496894			17					she	fight	fighting	anger	anger	one	0	0	0	1										0.034	0.0	weak_congruence	be_progressive						624	11	"{""anger"": 11, ""fight"": 624}"
PLAUS_0342	Plausibility	weak_congruence	1	train	plus	human_reviewed_selected			USF+ds003604-template-abstraction	USF:Cue_Target_Pairs.D-F:7863			She is fighting two anger			"[""ʃ"", ""iː"", ""ɪ"", ""z"", ""f"", ""aɪ"", ""t"", ""ɪ"", ""ŋ"", ""t"", ""uː"", ""æ"", ""ŋ"", ""ɡ"", ""ə"", ""ɹ""]"	be_progressive	anger	is fighting anger	0.034	0.0			4.795934483496894			16					she	fight	fighting	anger	anger	two	0	0	0	1										0.034	0.0	weak_congruence	be_progressive						624	11	"{""anger"": 11, ""fight"": 624}"
PLAUS_0343	Plausibility	weak_congruence	1	train	plus	human_reviewed_selected			USF+ds003604-template-abstraction	USF:Cue_Target_Pairs.S:2767			She is showing two times			"[""ʃ"", ""iː"", ""ɪ"", ""z"", ""ʃ"", ""oʊ"", ""ɪ"", ""ŋ"", ""t"", ""uː"", ""t"", ""aɪ"", ""m"", ""z""]"	be_progressive	times	is showing times	0.047	0.0			5.990342822347596			14					she	show	showing	time	times	two	0	0	0	1										0.047	0.0	weak_congruence	be_progressive						6536	11142	"{""show"": 6536, ""time"": 11142}"
PLAUS_0344	Plausibility	weak_congruence	1	train	plus	human_reviewed_selected			USF+ds003604-template-abstraction	USF:Cue_Target_Pairs.S:6107			She is squinting one glare			"[""ʃ"", ""iː"", ""ɪ"", ""z"", ""s"", ""k"", ""w"", ""ɪ"", ""n"", ""t"", ""ɪ"", ""ŋ"", ""w"", ""ʌ"", ""n"", ""ɡ"", ""l"", ""ɛ"", ""ɹ""]"	be_progressive	glare	is squinting glare	0.022	0.014			3.10312183814289			19					she	squint	squinting	glare	glare	one	0	0	0	1										0.022	0.014	weak_congruence	be_progressive						1	6	"{""glare"": 6, ""squint"": 1}"
PLAUS_0345	Plausibility	weak_congruence	1	train	plus	human_reviewed_selected			USF+ds003604-template-abstraction	USF:Cue_Target_Pairs.S:6107			She is squinting two glare			"[""ʃ"", ""iː"", ""ɪ"", ""z"", ""s"", ""k"", ""w"", ""ɪ"", ""n"", ""t"", ""ɪ"", ""ŋ"", ""t"", ""uː"", ""ɡ"", ""l"", ""ɛ"", ""ɹ""]"	be_progressive	glare	is squinting glare	0.022	0.014			3.10312183814289			18					she	squint	squinting	glare	glare	two	0	0	0	1										0.022	0.014	weak_congruence	be_progressive						1	6	"{""glare"": 6, ""squint"": 1}"
PLAUS_0346	Plausibility	weak_congruence	1	train	plus	human_reviewed_selected			USF+ds003604-template-abstraction	USF:Cue_Target_Pairs.D-F:129			They are dancing one hall			"[""ð"", ""eɪ"", ""ɑ"", ""ɹ"", ""d"", ""æ"", ""n"", ""s"", ""ɪ"", ""ŋ"", ""w"", ""ʌ"", ""n"", ""h"", ""ɔ"", ""l""]"	be_progressive	hall	are dancing hall	0.027	0.0			4.942944278865273			16					they	dance	dancing	hall	hall	one	0	0	0	1										0.027	0.0	weak_congruence	be_progressive						1286	132	"{""dance"": 1286, ""hall"": 132}"
PLAUS_0347	Plausibility	weak_congruence	1	train	plus	human_reviewed_selected			USF+ds003604-template-abstraction	USF:Cue_Target_Pairs.D-F:129			They are dancing three halls			"[""ð"", ""eɪ"", ""ɑ"", ""ɹ"", ""d"", ""æ"", ""n"", ""s"", ""ɪ"", ""ŋ"", ""θ"", ""ɹ"", ""iː"", ""h"", ""ɔ"", ""l"", ""z""]"	be_progressive	halls	are dancing halls	0.027	0.0			4.942944278865273			17					they	dance	dancing	hall	halls	three	0	0	0	1										0.027	0.0	weak_congruence	be_progressive						1286	132	"{""dance"": 1286, ""hall"": 132}"
PLAUS_0348	Plausibility	weak_congruence	1	train	plus	human_reviewed_selected			USF+ds003604-template-abstraction	USF:Cue_Target_Pairs.D-F:129			They are dancing two halls			"[""ð"", ""eɪ"", ""ɑ"", ""ɹ"", ""d"", ""æ"", ""n"", ""s"", ""ɪ"", ""ŋ"", ""t"", ""uː"", ""h"", ""ɔ"", ""l"", ""z""]"	be_progressive	halls	are dancing halls	0.027	0.0			4.942944278865273			16					they	dance	dancing	hall	halls	two	0	0	0	1										0.027	0.0	weak_congruence	be_progressive						1286	132	"{""dance"": 1286, ""hall"": 132}"
PLAUS_0349	Plausibility	weak_congruence	1	train	plus	human_reviewed_selected			USF+ds003604-template-abstraction	USF:Cue_Target_Pairs.D-F:7863			They are fighting one anger			"[""ð"", ""eɪ"", ""ɑ"", ""ɹ"", ""f"", ""aɪ"", ""t"", ""ɪ"", ""ŋ"", ""w"", ""ʌ"", ""n"", ""æ"", ""ŋ"", ""ɡ"", ""ə"", ""ɹ""]"	be_progressive	anger	are fighting anger	0.034	0.0			4.795934483496894			17					they	fight	fighting	anger	anger	one	0	0	0	1										0.034	0.0	weak_congruence	be_progressive						624	11	"{""anger"": 11, ""fight"": 624}"
PLAUS_0350	Plausibility	weak_congruence	1	train	plus	human_reviewed_selected			USF+ds003604-template-abstraction	USF:Cue_Target_Pairs.D-F:7863			They are fighting two anger			"[""ð"", ""eɪ"", ""ɑ"", ""ɹ"", ""f"", ""aɪ"", ""t"", ""ɪ"", ""ŋ"", ""t"", ""uː"", ""æ"", ""ŋ"", ""ɡ"", ""ə"", ""ɹ""]"	be_progressive	anger	are fighting anger	0.034	0.0			4.795934483496894			16					they	fight	fighting	anger	anger	two	0	0	0	1										0.034	0.0	weak_congruence	be_progressive						624	11	"{""anger"": 11, ""fight"": 624}"
PLAUS_0351	Plausibility	weak_congruence	1	train	plus	human_reviewed_selected			USF+ds003604-template-abstraction	USF:Cue_Target_Pairs.S:1149			They are screwing two woods			"[""ð"", ""eɪ"", ""ɑ"", ""ɹ"", ""s"", ""k"", ""ɹ"", ""uː"", ""ɪ"", ""ŋ"", ""t"", ""uː"", ""w"", ""ʊ"", ""d"", ""z""]"	be_progressive	woods	are screwing woods	0.022	0.0			4.502640738000567			16					they	screw	screwing	wood	woods	two	0	0	0	1										0.022	0.0	weak_congruence	be_progressive						816	852	"{""screw"": 816, ""wood"": 852}"
PLAUS_0352	Plausibility	weak_congruence	1	train	plus	human_reviewed_selected			USF+ds003604-template-abstraction	USF:Cue_Target_Pairs.S:2767			They are showing two times			"[""ð"", ""eɪ"", ""ɑ"", ""ɹ"", ""ʃ"", ""oʊ"", ""ɪ"", ""ŋ"", ""t"", ""uː"", ""t"", ""aɪ"", ""m"", ""z""]"	be_progressive	times	are showing times	0.047	0.0			5.990342822347596			14					they	show	showing	time	times	two	0	0	0	1										0.047	0.0	weak_congruence	be_progressive						6536	11142	"{""show"": 6536, ""time"": 11142}"
PLAUS_0353	Plausibility	weak_congruence	1	train	plus	human_reviewed_selected			USF+ds003604-template-abstraction	USF:Cue_Target_Pairs.S:5302			They are sparing two ribs			"[""ð"", ""eɪ"", ""ɑ"", ""ɹ"", ""s"", ""p"", ""ɛ"", ""ɹ"", ""ɪ"", ""ŋ"", ""t"", ""uː"", ""ɹ"", ""ɪ"", ""b"", ""z""]"	be_progressive	ribs	are sparing ribs	0.041	0.027			4.130077433010629			16					they	spare	sparing	rib	ribs	two	0	0	0	1										0.041	0.027	weak_congruence	be_progressive						109	10	"{""rib"": 10, ""spare"": 109}"
PLAUS_0354	Plausibility	weak_congruence	1	train	plus	human_reviewed_selected			USF+ds003604-template-abstraction	USF:Cue_Target_Pairs.S:6107			They are squinting one glare			"[""ð"", ""eɪ"", ""ɑ"", ""ɹ"", ""s"", ""k"", ""w"", ""ɪ"", ""n"", ""t"", ""ɪ"", ""ŋ"", ""w"", ""ʌ"", ""n"", ""ɡ"", ""l"", ""ɛ"", ""ɹ""]"	be_progressive	glare	are squinting glare	0.022	0.014			3.10312183814289			19					they	squint	squinting	glare	glare	one	0	0	0	1										0.022	0.014	weak_congruence	be_progressive						1	6	"{""glare"": 6, ""squint"": 1}"
PLAUS_0355	Plausibility	weak_congruence	1	train	plus	human_reviewed_selected			USF+ds003604-template-abstraction	USF:Cue_Target_Pairs.S:6107			They are squinting two glare			"[""ð"", ""eɪ"", ""ɑ"", ""ɹ"", ""s"", ""k"", ""w"", ""ɪ"", ""n"", ""t"", ""ɪ"", ""ŋ"", ""t"", ""uː"", ""ɡ"", ""l"", ""ɛ"", ""ɹ""]"	be_progressive	glare	are squinting glare	0.022	0.014			3.10312183814289			18					they	squint	squinting	glare	glare	two	0	0	0	1										0.022	0.014	weak_congruence	be_progressive						1	6	"{""glare"": 6, ""squint"": 1}"
PLAUS_0356	Plausibility	weak_congruence	1	train	plus	human_reviewed_selected			USF+ds003604-template-abstraction	USF:Cue_Target_Pairs.D-F:129			They do not dance two halls			"[""ð"", ""eɪ"", ""d"", ""uː"", ""n"", ""ɑ"", ""t"", ""d"", ""æ"", ""n"", ""s"", ""t"", ""uː"", ""h"", ""ɔ"", ""l"", ""z""]"	do_negation	halls	do not dance halls	0.027	0.0			4.942944278865273			17					they	dance	dance	hall	halls	two	1	0	0	1										0.027	0.0	weak_congruence	do_negation						1286	132	"{""dance"": 1286, ""hall"": 132}"
PLAUS_0357	Plausibility	weak_congruence	1	train	plus	human_reviewed_selected			USF+ds003604-template-abstraction	USF:Cue_Target_Pairs.D-F:7863			They do not fight one anger			"[""ð"", ""eɪ"", ""d"", ""uː"", ""n"", ""ɑ"", ""t"", ""f"", ""aɪ"", ""t"", ""w"", ""ʌ"", ""n"", ""æ"", ""ŋ"", ""ɡ"", ""ə"", ""ɹ""]"	do_negation	anger	do not fight anger	0.034	0.0			4.795934483496894			18					they	fight	fight	anger	anger	one	1	0	0	1										0.034	0.0	weak_congruence	do_negation						624	11	"{""anger"": 11, ""fight"": 624}"
PLAUS_0358	Plausibility	weak_congruence	1	train	plus	human_reviewed_selected			USF+ds003604-template-abstraction	USF:Cue_Target_Pairs.D-F:7863			They do not fight two anger			"[""ð"", ""eɪ"", ""d"", ""uː"", ""n"", ""ɑ"", ""t"", ""f"", ""aɪ"", ""t"", ""t"", ""uː"", ""æ"", ""ŋ"", ""ɡ"", ""ə"", ""ɹ""]"	do_negation	anger	do not fight anger	0.034	0.0			4.795934483496894			17					they	fight	fight	anger	anger	two	1	0	0	1										0.034	0.0	weak_congruence	do_negation						624	11	"{""anger"": 11, ""fight"": 624}"
PLAUS_0359	Plausibility	weak_congruence	1	train	plus	human_reviewed_selected			USF+ds003604-template-abstraction	USF:Cue_Target_Pairs.S:6107			They do not squint one glare			"[""ð"", ""eɪ"", ""d"", ""uː"", ""n"", ""ɑ"", ""t"", ""s"", ""k"", ""w"", ""ɪ"", ""n"", ""t"", ""w"", ""ʌ"", ""n"", ""ɡ"", ""l"", ""ɛ"", ""ɹ""]"	do_negation	glare	do not squint glare	0.022	0.014			3.10312183814289			20					they	squint	squint	glare	glare	one	1	0	0	1										0.022	0.014	weak_congruence	do_negation						1	6	"{""glare"": 6, ""squint"": 1}"
PLAUS_0360	Plausibility	weak_congruence	1	train	plus	human_reviewed_selected			USF+ds003604-template-abstraction	USF:Cue_Target_Pairs.S:6107			They do not squint two glare			"[""ð"", ""eɪ"", ""d"", ""uː"", ""n"", ""ɑ"", ""t"", ""s"", ""k"", ""w"", ""ɪ"", ""n"", ""t"", ""t"", ""uː"", ""ɡ"", ""l"", ""ɛ"", ""ɹ""]"	do_negation	glare	do not squint glare	0.022	0.014			3.10312183814289			19					they	squint	squint	glare	glare	two	1	0	0	1										0.022	0.014	weak_congruence	do_negation						1	6	"{""glare"": 6, ""squint"": 1}"
PLAUS_0361	Plausibility	incongruent	0	validation	plus	human_reviewed_selected			USF+ds003604-template-abstraction	USF:absent-both-directions			Every day he turns one sugar			"[""ɛ"", ""v"", ""ɹ"", ""i"", ""d"", ""eɪ"", ""h"", ""iː"", ""t"", ""ɜː"", ""n"", ""z"", ""w"", ""ʌ"", ""n"", ""ʃ"", ""ʊ"", ""ɡ"", ""ə"", ""ɹ""]"	present_3s	sugar	turns sugar	0.0	0.0			5.031737454305915			20					he	turn	turns	sugar	sugar	one	0	0	0	1										0.0	0.0	incongruent	present_3s						10257	1415	"{""sugar"": 1415, ""turn"": 10257}"
PLAUS_0362	Plausibility	incongruent	0	validation	plus	human_reviewed_selected			USF+ds003604-template-abstraction	USF:absent-both-directions			Every day he yawns two peace			"[""ɛ"", ""v"", ""ɹ"", ""i"", ""d"", ""eɪ"", ""h"", ""iː"", ""j"", ""ɔ"", ""n"", ""z"", ""t"", ""uː"", ""p"", ""iː"", ""s""]"	present_3s	peace	yawns peace	0.0	0.0			3.9213290884785788			17					he	yawn	yawns	peace	peace	two	0	0	0	1										0.0	0.0	incongruent	present_3s						99	70	"{""peace"": 70, ""yawn"": 99}"
PLAUS_0363	Plausibility	incongruent	0	validation	plus	human_reviewed_selected			USF+ds003604-template-abstraction	USF:absent-both-directions			Every day she turns three sugars			"[""ɛ"", ""v"", ""ɹ"", ""i"", ""d"", ""eɪ"", ""ʃ"", ""iː"", ""t"", ""ɜː"", ""n"", ""z"", ""θ"", ""ɹ"", ""iː"", ""ʃ"", ""ʊ"", ""ɡ"", ""ə"", ""ɹ"", ""z""]"	present_3s	sugars	turns sugars	0.0	0.0			5.031737454305915			21					she	turn	turns	sugar	sugars	three	0	0	0	1										0.0	0.0	incongruent	present_3s						10257	1415	"{""sugar"": 1415, ""turn"": 10257}"
PLAUS_0364	Plausibility	incongruent	0	validation	plus	human_reviewed_selected			USF+ds003604-template-abstraction	USF:absent-both-directions			Every day she yawns one peace			"[""ɛ"", ""v"", ""ɹ"", ""i"", ""d"", ""eɪ"", ""ʃ"", ""iː"", ""j"", ""ɔ"", ""n"", ""z"", ""w"", ""ʌ"", ""n"", ""p"", ""iː"", ""s""]"	present_3s	peace	yawns peace	0.0	0.0			3.9213290884785788			18					she	yawn	yawns	peace	peace	one	0	0	0	1										0.0	0.0	incongruent	present_3s						99	70	"{""peace"": 70, ""yawn"": 99}"
PLAUS_0365	Plausibility	incongruent	0	validation	plus	human_reviewed_selected			USF+ds003604-template-abstraction	USF:absent-both-directions			Every day she yawns one traffic			"[""ɛ"", ""v"", ""ɹ"", ""i"", ""d"", ""eɪ"", ""ʃ"", ""iː"", ""j"", ""ɔ"", ""n"", ""z"", ""w"", ""ʌ"", ""n"", ""t"", ""ɹ"", ""æ"", ""f"", ""ɪ"", ""k""]"	present_3s	traffic	yawns traffic	0.0	0.0			3.7274971152125413			21					she	yawn	yawns	traffic	traffic	one	0	0	0	1										0.0	0.0	incongruent	present_3s						99	106	"{""traffic"": 106, ""yawn"": 99}"
PLAUS_0366	Plausibility	incongruent	0	validation	plus	human_reviewed_selected			USF+ds003604-template-abstraction	USF:absent-both-directions			Every day she yawns three traffic			"[""ɛ"", ""v"", ""ɹ"", ""i"", ""d"", ""eɪ"", ""ʃ"", ""iː"", ""j"", ""ɔ"", ""n"", ""z"", ""θ"", ""ɹ"", ""iː"", ""t"", ""ɹ"", ""æ"", ""f"", ""ɪ"", ""k""]"	present_3s	traffic	yawns traffic	0.0	0.0			3.7274971152125413			21					she	yawn	yawns	traffic	traffic	three	0	0	0	1										0.0	0.0	incongruent	present_3s						99	106	"{""traffic"": 106, ""yawn"": 99}"
PLAUS_0367	Plausibility	incongruent	0	validation	plus	human_reviewed_selected			USF+ds003604-template-abstraction	USF:absent-both-directions			Every day they turn one sugar			"[""ɛ"", ""v"", ""ɹ"", ""i"", ""d"", ""eɪ"", ""ð"", ""eɪ"", ""t"", ""ɜː"", ""n"", ""w"", ""ʌ"", ""n"", ""ʃ"", ""ʊ"", ""ɡ"", ""ə"", ""ɹ""]"	present_3s	sugar	turn sugar	0.0	0.0			5.031737454305915			19					they	turn	turn	sugar	sugar	one	0	0	0	1										0.0	0.0	incongruent	present_3s						10257	1415	"{""sugar"": 1415, ""turn"": 10257}"
PLAUS_0368	Plausibility	incongruent	0	validation	plus	human_reviewed_selected			USF+ds003604-template-abstraction	USF:absent-both-directions			Every day they yawn one traffic			"[""ɛ"", ""v"", ""ɹ"", ""i"", ""d"", ""eɪ"", ""ð"", ""eɪ"", ""j"", ""ɔ"", ""n"", ""w"", ""ʌ"", ""n"", ""t"", ""ɹ"", ""æ"", ""f"", ""ɪ"", ""k""]"	present_3s	traffic	yawn traffic	0.0	0.0			3.7274971152125413			20					they	yawn	yawn	traffic	traffic	one	0	0	0	1										0.0	0.0	incongruent	present_3s						99	106	"{""traffic"": 106, ""yawn"": 99}"
PLAUS_0369	Plausibility	incongruent	0	validation	plus	human_reviewed_selected			USF+ds003604-template-abstraction	USF:absent-both-directions			Every day they yawn three peace			"[""ɛ"", ""v"", ""ɹ"", ""i"", ""d"", ""eɪ"", ""ð"", ""eɪ"", ""j"", ""ɔ"", ""n"", ""θ"", ""ɹ"", ""iː"", ""p"", ""iː"", ""s""]"	present_3s	peace	yawn peace	0.0	0.0			3.9213290884785788			17					they	yawn	yawn	peace	peace	three	0	0	0	1										0.0	0.0	incongruent	present_3s						99	70	"{""peace"": 70, ""yawn"": 99}"
PLAUS_0370	Plausibility	incongruent	0	validation	plus	human_reviewed_selected			USF+ds003604-template-abstraction	USF:absent-both-directions			Every day they yawn three traffic			"[""ɛ"", ""v"", ""ɹ"", ""i"", ""d"", ""eɪ"", ""ð"", ""eɪ"", ""j"", ""ɔ"", ""n"", ""θ"", ""ɹ"", ""iː"", ""t"", ""ɹ"", ""æ"", ""f"", ""ɪ"", ""k""]"	present_3s	traffic	yawn traffic	0.0	0.0			3.7274971152125413			20					they	yawn	yawn	traffic	traffic	three	0	0	0	1										0.0	0.0	incongruent	present_3s						99	106	"{""traffic"": 106, ""yawn"": 99}"
PLAUS_0371	Plausibility	incongruent	0	validation	plus	human_reviewed_selected			USF+ds003604-template-abstraction	USF:absent-both-directions			Every day they yawn two peace			"[""ɛ"", ""v"", ""ɹ"", ""i"", ""d"", ""eɪ"", ""ð"", ""eɪ"", ""j"", ""ɔ"", ""n"", ""t"", ""uː"", ""p"", ""iː"", ""s""]"	present_3s	peace	yawn peace	0.0	0.0			3.9213290884785788			16					they	yawn	yawn	peace	peace	two	0	0	0	1										0.0	0.0	incongruent	present_3s						99	70	"{""peace"": 70, ""yawn"": 99}"
PLAUS_0372	Plausibility	incongruent	0	validation	plus	human_reviewed_selected			USF+ds003604-template-abstraction	USF:absent-both-directions			He does not shiver one power			"[""h"", ""iː"", ""d"", ""ʌ"", ""z"", ""n"", ""ɑ"", ""t"", ""ʃ"", ""ɪ"", ""v"", ""ə"", ""ɹ"", ""w"", ""ʌ"", ""n"", ""p"", ""aʊ"", ""ə"", ""ɹ""]"	do_negation	power	does not shiver power	0.0	0.0			4.178883921387699			20					he	shiver	shiver	power	power	one	1	0	0	1										0.0	0.0	incongruent	do_negation						17	186	"{""power"": 186, ""shiver"": 17}"
PLAUS_0373	Plausibility	incongruent	0	validation	plus	human_reviewed_selected			USF+ds003604-template-abstraction	USF:absent-both-directions			He does not shiver two powers			"[""h"", ""iː"", ""d"", ""ʌ"", ""z"", ""n"", ""ɑ"", ""t"", ""ʃ"", ""ɪ"", ""v"", ""ə"", ""ɹ"", ""t"", ""uː"", ""p"", ""aʊ"", ""ə"", ""ɹ"", ""z""]"	do_negation	powers	does not shiver powers	0.0	0.0			4.178883921387699			20					he	shiver	shiver	power	powers	two	1	0	0	1										0.0	0.0	incongruent	do_negation						17	186	"{""power"": 186, ""shiver"": 17}"
PLAUS_0374	Plausibility	incongruent	0	validation	plus	human_reviewed_selected			USF+ds003604-template-abstraction	USF:absent-both-directions			He does not turn two sugars			"[""h"", ""iː"", ""d"", ""ʌ"", ""z"", ""n"", ""ɑ"", ""t"", ""t"", ""ɜː"", ""n"", ""t"", ""uː"", ""ʃ"", ""ʊ"", ""ɡ"", ""ə"", ""ɹ"", ""z""]"	do_negation	sugars	does not turn sugars	0.0	0.0			5.031737454305915			19					he	turn	turn	sugar	sugars	two	1	0	0	1										0.0	0.0	incongruent	do_negation						10257	1415	"{""sugar"": 1415, ""turn"": 10257}"
PLAUS_0375	Plausibility	incongruent	0	validation	plus	human_reviewed_selected			USF+ds003604-template-abstraction	USF:absent-both-directions			He does not yawn one peace			"[""h"", ""iː"", ""d"", ""ʌ"", ""z"", ""n"", ""ɑ"", ""t"", ""j"", ""ɔ"", ""n"", ""w"", ""ʌ"", ""n"", ""p"", ""iː"", ""s""]"	do_negation	peace	does not yawn peace	0.0	0.0			3.9213290884785788			17					he	yawn	yawn	peace	peace	one	1	0	0	1										0.0	0.0	incongruent	do_negation						99	70	"{""peace"": 70, ""yawn"": 99}"
PLAUS_0376	Plausibility	incongruent	0	validation	plus	human_reviewed_selected			USF+ds003604-template-abstraction	USF:absent-both-directions			He does not yawn three peace			"[""h"", ""iː"", ""d"", ""ʌ"", ""z"", ""n"", ""ɑ"", ""t"", ""j"", ""ɔ"", ""n"", ""θ"", ""ɹ"", ""iː"", ""p"", ""iː"", ""s""]"	do_negation	peace	does not yawn peace	0.0	0.0			3.9213290884785788			17					he	yawn	yawn	peace	peace	three	1	0	0	1										0.0	0.0	incongruent	do_negation						99	70	"{""peace"": 70, ""yawn"": 99}"
PLAUS_0377	Plausibility	incongruent	0	validation	plus	human_reviewed_selected			USF+ds003604-template-abstraction	USF:absent-both-directions			He is turning two sugars			"[""h"", ""iː"", ""ɪ"", ""z"", ""t"", ""ɜː"", ""n"", ""ɪ"", ""ŋ"", ""t"", ""uː"", ""ʃ"", ""ʊ"", ""ɡ"", ""ə"", ""ɹ"", ""z""]"	be_progressive	sugars	is turning sugars	0.0	0.0			5.031737454305915			17					he	turn	turning	sugar	sugars	two	0	0	0	1										0.0	0.0	incongruent	be_progressive						10257	1415	"{""sugar"": 1415, ""turn"": 10257}"
PLAUS_0378	Plausibility	incongruent	0	validation	plus	human_reviewed_selected			USF+ds003604-template-abstraction	USF:absent-both-directions			He is yawning three peace			"[""h"", ""iː"", ""ɪ"", ""z"", ""j"", ""ɔ"", ""n"", ""ɪ"", ""ŋ"", ""θ"", ""ɹ"", ""iː"", ""p"", ""iː"", ""s""]"	be_progressive	peace	is yawning peace	0.0	0.0			3.9213290884785788			15					he	yawn	yawning	peace	peace	three	0	0	0	1										0.0	0.0	incongruent	be_progressive						99	70	"{""peace"": 70, ""yawn"": 99}"
PLAUS_0379	Plausibility	incongruent	0	validation	plus	human_reviewed_selected			USF+ds003604-template-abstraction	USF:absent-both-directions			Last week he shivered one power			"[""l"", ""æ"", ""s"", ""t"", ""w"", ""iː"", ""k"", ""h"", ""iː"", ""ʃ"", ""ɪ"", ""v"", ""ə"", ""ɹ"", ""d"", ""w"", ""ʌ"", ""n"", ""p"", ""aʊ"", ""ə"", ""ɹ""]"	simple_past	power	shivered power	0.0	0.0			4.178883921387699			22					he	shiver	shivered	power	power	one	0	0	0	1										0.0	0.0	incongruent	simple_past						17	186	"{""power"": 186, ""shiver"": 17}"
PLAUS_0380	Plausibility	incongruent	0	validation	plus	human_reviewed_selected			USF+ds003604-template-abstraction	USF:absent-both-directions			Last week he shivered two powers			"[""l"", ""æ"", ""s"", ""t"", ""w"", ""iː"", ""k"", ""h"", ""iː"", ""ʃ"", ""ɪ"", ""v"", ""ə"", ""ɹ"", ""d"", ""t"", ""uː"", ""p"", ""aʊ"", ""ə"", ""ɹ"", ""z""]"	simple_past	powers	shivered powers	0.0	0.0			4.178883921387699			22					he	shiver	shivered	power	powers	two	0	0	0	1										0.0	0.0	incongruent	simple_past						17	186	"{""power"": 186, ""shiver"": 17}"
PLAUS_0381	Plausibility	incongruent	0	validation	plus	human_reviewed_selected			USF+ds003604-template-abstraction	USF:absent-both-directions			Last week he yawned one peace			"[""l"", ""æ"", ""s"", ""t"", ""w"", ""iː"", ""k"", ""h"", ""iː"", ""j"", ""ɔ"", ""n"", ""d"", ""w"", ""ʌ"", ""n"", ""p"", ""iː"", ""s""]"	simple_past	peace	yawned peace	0.0	0.0			3.9213290884785788			19					he	yawn	yawned	peace	peace	one	0	0	0	1										0.0	0.0	incongruent	simple_past						99	70	"{""peace"": 70, ""yawn"": 99}"
PLAUS_0382	Plausibility	incongruent	0	validation	plus	human_reviewed_selected			USF+ds003604-template-abstraction	USF:absent-both-directions			Last week she turned three sugars			"[""l"", ""æ"", ""s"", ""t"", ""w"", ""iː"", ""k"", ""ʃ"", ""iː"", ""t"", ""ɜː"", ""n"", ""d"", ""θ"", ""ɹ"", ""iː"", ""ʃ"", ""ʊ"", ""ɡ"", ""ə"", ""ɹ"", ""z""]"	simple_past	sugars	turned sugars	0.0	0.0			5.031737454305915			22					she	turn	turned	sugar	sugars	three	0	0	0	1										0.0	0.0	incongruent	simple_past						10257	1415	"{""sugar"": 1415, ""turn"": 10257}"
PLAUS_0383	Plausibility	incongruent	0	validation	plus	human_reviewed_selected			USF+ds003604-template-abstraction	USF:absent-both-directions			Last week she turned two sugars			"[""l"", ""æ"", ""s"", ""t"", ""w"", ""iː"", ""k"", ""ʃ"", ""iː"", ""t"", ""ɜː"", ""n"", ""d"", ""t"", ""uː"", ""ʃ"", ""ʊ"", ""ɡ"", ""ə"", ""ɹ"", ""z""]"	simple_past	sugars	turned sugars	0.0	0.0			5.031737454305915			21					she	turn	turned	sugar	sugars	two	0	0	0	1										0.0	0.0	incongruent	simple_past						10257	1415	"{""sugar"": 1415, ""turn"": 10257}"
PLAUS_0384	Plausibility	incongruent	0	validation	plus	human_reviewed_selected			USF+ds003604-template-abstraction	USF:absent-both-directions			Last week she yawned three traffic			"[""l"", ""æ"", ""s"", ""t"", ""w"", ""iː"", ""k"", ""ʃ"", ""iː"", ""j"", ""ɔ"", ""n"", ""d"", ""θ"", ""ɹ"", ""iː"", ""t"", ""ɹ"", ""æ"", ""f"", ""ɪ"", ""k""]"	simple_past	traffic	yawned traffic	0.0	0.0			3.7274971152125413			22					she	yawn	yawned	traffic	traffic	three	0	0	0	1										0.0	0.0	incongruent	simple_past						99	106	"{""traffic"": 106, ""yawn"": 99}"
PLAUS_0385	Plausibility	incongruent	0	validation	plus	human_reviewed_selected			USF+ds003604-template-abstraction	USF:absent-both-directions			Last week she yawned two peace			"[""l"", ""æ"", ""s"", ""t"", ""w"", ""iː"", ""k"", ""ʃ"", ""iː"", ""j"", ""ɔ"", ""n"", ""d"", ""t"", ""uː"", ""p"", ""iː"", ""s""]"	simple_past	peace	yawned peace	0.0	0.0			3.9213290884785788			18					she	yawn	yawned	peace	peace	two	0	0	0	1										0.0	0.0	incongruent	simple_past						99	70	"{""peace"": 70, ""yawn"": 99}"
PLAUS_0386	Plausibility	incongruent	0	validation	plus	human_reviewed_selected			USF+ds003604-template-abstraction	USF:absent-both-directions			Last week they shivered three powers			"[""l"", ""æ"", ""s"", ""t"", ""w"", ""iː"", ""k"", ""ð"", ""eɪ"", ""ʃ"", ""ɪ"", ""v"", ""ə"", ""ɹ"", ""d"", ""θ"", ""ɹ"", ""iː"", ""p"", ""aʊ"", ""ə"", ""ɹ"", ""z""]"	simple_past	powers	shivered powers	0.0	0.0			4.178883921387699			23					they	shiver	shivered	power	powers	three	0	0	0	1										0.0	0.0	incongruent	simple_past						17	186	"{""power"": 186, ""shiver"": 17}"
PLAUS_0387	Plausibility	incongruent	0	validation	plus	human_reviewed_selected			USF+ds003604-template-abstraction	USF:absent-both-directions			Last week they shivered two powers			"[""l"", ""æ"", ""s"", ""t"", ""w"", ""iː"", ""k"", ""ð"", ""eɪ"", ""ʃ"", ""ɪ"", ""v"", ""ə"", ""ɹ"", ""d"", ""t"", ""uː"", ""p"", ""aʊ"", ""ə"", ""ɹ"", ""z""]"	simple_past	powers	shivered powers	0.0	0.0			4.178883921387699			22					they	shiver	shivered	power	powers	two	0	0	0	1										0.0	0.0	incongruent	simple_past						17	186	"{""power"": 186, ""shiver"": 17}"
PLAUS_0388	Plausibility	incongruent	0	validation	plus	human_reviewed_selected			USF+ds003604-template-abstraction	USF:absent-both-directions			Last week they turned five sugars			"[""l"", ""æ"", ""s"", ""t"", ""w"", ""iː"", ""k"", ""ð"", ""eɪ"", ""t"", ""ɜː"", ""n"", ""d"", ""f"", ""aɪ"", ""v"", ""ʃ"", ""ʊ"", ""ɡ"", ""ə"", ""ɹ"", ""z""]"	simple_past	sugars	turned sugars	0.0	0.0			5.031737454305915			22					they	turn	turned	sugar	sugars	five	0	0	0	1										0.0	0.0	incongruent	simple_past						10257	1415	"{""sugar"": 1415, ""turn"": 10257}"
PLAUS_0389	Plausibility	incongruent	0	validation	plus	human_reviewed_selected			USF+ds003604-template-abstraction	USF:absent-both-directions			Last week they turned four sugars			"[""l"", ""æ"", ""s"", ""t"", ""w"", ""iː"", ""k"", ""ð"", ""eɪ"", ""t"", ""ɜː"", ""n"", ""d"", ""f"", ""ɔ"", ""ɹ"", ""ʃ"", ""ʊ"", ""ɡ"", ""ə"", ""ɹ"", ""z""]"	simple_past	sugars	turned sugars	0.0	0.0			5.031737454305915			22					they	turn	turned	sugar	sugars	four	0	0	0	1										0.0	0.0	incongruent	simple_past						10257	1415	"{""sugar"": 1415, ""turn"": 10257}"
PLAUS_0390	Plausibility	incongruent	0	validation	plus	human_reviewed_selected			USF+ds003604-template-abstraction	USF:absent-both-directions			Last week they turned three sugars			"[""l"", ""æ"", ""s"", ""t"", ""w"", ""iː"", ""k"", ""ð"", ""eɪ"", ""t"", ""ɜː"", ""n"", ""d"", ""θ"", ""ɹ"", ""iː"", ""ʃ"", ""ʊ"", ""ɡ"", ""ə"", ""ɹ"", ""z""]"	simple_past	sugars	turned sugars	0.0	0.0			5.031737454305915			22					they	turn	turned	sugar	sugars	three	0	0	0	1										0.0	0.0	incongruent	simple_past						10257	1415	"{""sugar"": 1415, ""turn"": 10257}"
PLAUS_0391	Plausibility	incongruent	0	validation	plus	human_reviewed_selected			USF+ds003604-template-abstraction	USF:absent-both-directions			Last week they turned two sugars			"[""l"", ""æ"", ""s"", ""t"", ""w"", ""iː"", ""k"", ""ð"", ""eɪ"", ""t"", ""ɜː"", ""n"", ""d"", ""t"", ""uː"", ""ʃ"", ""ʊ"", ""ɡ"", ""ə"", ""ɹ"", ""z""]"	simple_past	sugars	turned sugars	0.0	0.0			5.031737454305915			21					they	turn	turned	sugar	sugars	two	0	0	0	1										0.0	0.0	incongruent	simple_past						10257	1415	"{""sugar"": 1415, ""turn"": 10257}"
PLAUS_0392	Plausibility	incongruent	0	validation	plus	human_reviewed_selected			USF+ds003604-template-abstraction	USF:absent-both-directions			She does not shiver three powers			"[""ʃ"", ""iː"", ""d"", ""ʌ"", ""z"", ""n"", ""ɑ"", ""t"", ""ʃ"", ""ɪ"", ""v"", ""ə"", ""ɹ"", ""θ"", ""ɹ"", ""iː"", ""p"", ""aʊ"", ""ə"", ""ɹ"", ""z""]"	do_negation	powers	does not shiver powers	0.0	0.0			4.178883921387699			21					she	shiver	shiver	power	powers	three	1	0	0	1										0.0	0.0	incongruent	do_negation						17	186	"{""power"": 186, ""shiver"": 17}"
PLAUS_0393	Plausibility	incongruent	0	validation	plus	human_reviewed_selected			USF+ds003604-template-abstraction	USF:absent-both-directions			She does not turn two sugars			"[""ʃ"", ""iː"", ""d"", ""ʌ"", ""z"", ""n"", ""ɑ"", ""t"", ""t"", ""ɜː"", ""n"", ""t"", ""uː"", ""ʃ"", ""ʊ"", ""ɡ"", ""ə"", ""ɹ"", ""z""]"	do_negation	sugars	does not turn sugars	0.0	0.0			5.031737454305915			19					she	turn	turn	sugar	sugars	two	1	0	0	1										0.0	0.0	incongruent	do_negation						10257	1415	"{""sugar"": 1415, ""turn"": 10257}"
PLAUS_0394	Plausibility	incongruent	0	validation	plus	human_reviewed_selected			USF+ds003604-template-abstraction	USF:absent-both-directions			She does not yawn one peace			"[""ʃ"", ""iː"", ""d"", ""ʌ"", ""z"", ""n"", ""ɑ"", ""t"", ""j"", ""ɔ"", ""n"", ""w"", ""ʌ"", ""n"", ""p"", ""iː"", ""s""]"	do_negation	peace	does not yawn peace	0.0	0.0			3.9213290884785788			17					she	yawn	yawn	peace	peace	one	1	0	0	1										0.0	0.0	incongruent	do_negation						99	70	"{""peace"": 70, ""yawn"": 99}"
PLAUS_0395	Plausibility	incongruent	0	validation	plus	human_reviewed_selected			USF+ds003604-template-abstraction	USF:absent-both-directions			She does not yawn three peace			"[""ʃ"", ""iː"", ""d"", ""ʌ"", ""z"", ""n"", ""ɑ"", ""t"", ""j"", ""ɔ"", ""n"", ""θ"", ""ɹ"", ""iː"", ""p"", ""iː"", ""s""]"	do_negation	peace	does not yawn peace	0.0	0.0			3.9213290884785788			17					she	yawn	yawn	peace	peace	three	1	0	0	1										0.0	0.0	incongruent	do_negation						99	70	"{""peace"": 70, ""yawn"": 99}"
PLAUS_0396	Plausibility	incongruent	0	validation	plus	human_reviewed_selected			USF+ds003604-template-abstraction	USF:absent-both-directions			She does not yawn two peace			"[""ʃ"", ""iː"", ""d"", ""ʌ"", ""z"", ""n"", ""ɑ"", ""t"", ""j"", ""ɔ"", ""n"", ""t"", ""uː"", ""p"", ""iː"", ""s""]"	do_negation	peace	does not yawn peace	0.0	0.0			3.9213290884785788			16					she	yawn	yawn	peace	peace	two	1	0	0	1										0.0	0.0	incongruent	do_negation						99	70	"{""peace"": 70, ""yawn"": 99}"
PLAUS_0397	Plausibility	incongruent	0	validation	plus	human_reviewed_selected			USF+ds003604-template-abstraction	USF:absent-both-directions			She is shivering three powers			"[""ʃ"", ""iː"", ""ɪ"", ""z"", ""ʃ"", ""ɪ"", ""v"", ""ə"", ""ɹ"", ""ɹ"", ""ɪ"", ""ŋ"", ""θ"", ""ɹ"", ""iː"", ""p"", ""aʊ"", ""ə"", ""ɹ"", ""z""]"	be_progressive	powers	is shivering powers	0.0	0.0			4.178883921387699			20					she	shiver	shivering	power	powers	three	0	0	0	1										0.0	0.0	incongruent	be_progressive						17	186	"{""power"": 186, ""shiver"": 17}"
PLAUS_0398	Plausibility	incongruent	0	validation	plus	human_reviewed_selected			USF+ds003604-template-abstraction	USF:absent-both-directions			She is turning one sugar			"[""ʃ"", ""iː"", ""ɪ"", ""z"", ""t"", ""ɜː"", ""n"", ""ɪ"", ""ŋ"", ""w"", ""ʌ"", ""n"", ""ʃ"", ""ʊ"", ""ɡ"", ""ə"", ""ɹ""]"	be_progressive	sugar	is turning sugar	0.0	0.0			5.031737454305915			17					she	turn	turning	sugar	sugar	one	0	0	0	1										0.0	0.0	incongruent	be_progressive						10257	1415	"{""sugar"": 1415, ""turn"": 10257}"
PLAUS_0399	Plausibility	incongruent	0	validation	plus	human_reviewed_selected			USF+ds003604-template-abstraction	USF:absent-both-directions			She is turning six sugars			"[""ʃ"", ""iː"", ""ɪ"", ""z"", ""t"", ""ɜː"", ""n"", ""ɪ"", ""ŋ"", ""s"", ""ɪ"", ""k"", ""s"", ""ʃ"", ""ʊ"", ""ɡ"", ""ə"", ""ɹ"", ""z""]"	be_progressive	sugars	is turning sugars	0.0	0.0			5.031737454305915			19					she	turn	turning	sugar	sugars	six	0	0	0	1										0.0	0.0	incongruent	be_progressive						10257	1415	"{""sugar"": 1415, ""turn"": 10257}"
PLAUS_0400	Plausibility	incongruent	0	validation	plus	human_reviewed_selected			USF+ds003604-template-abstraction	USF:absent-both-directions			She is yawning one peace			"[""ʃ"", ""iː"", ""ɪ"", ""z"", ""j"", ""ɔ"", ""n"", ""ɪ"", ""ŋ"", ""w"", ""ʌ"", ""n"", ""p"", ""iː"", ""s""]"	be_progressive	peace	is yawning peace	0.0	0.0			3.9213290884785788			15					she	yawn	yawning	peace	peace	one	0	0	0	1										0.0	0.0	incongruent	be_progressive						99	70	"{""peace"": 70, ""yawn"": 99}"
PLAUS_0401	Plausibility	incongruent	0	validation	plus	human_reviewed_selected			USF+ds003604-template-abstraction	USF:absent-both-directions			They are shivering three powers			"[""ð"", ""eɪ"", ""ɑ"", ""ɹ"", ""ʃ"", ""ɪ"", ""v"", ""ə"", ""ɹ"", ""ɹ"", ""ɪ"", ""ŋ"", ""θ"", ""ɹ"", ""iː"", ""p"", ""aʊ"", ""ə"", ""ɹ"", ""z""]"	be_progressive	powers	are shivering powers	0.0	0.0			4.178883921387699			20					they	shiver	shivering	power	powers	three	0	0	0	1										0.0	0.0	incongruent	be_progressive						17	186	"{""power"": 186, ""shiver"": 17}"
PLAUS_0402	Plausibility	incongruent	0	validation	plus	human_reviewed_selected			USF+ds003604-template-abstraction	USF:absent-both-directions			They are shivering two powers			"[""ð"", ""eɪ"", ""ɑ"", ""ɹ"", ""ʃ"", ""ɪ"", ""v"", ""ə"", ""ɹ"", ""ɹ"", ""ɪ"", ""ŋ"", ""t"", ""uː"", ""p"", ""aʊ"", ""ə"", ""ɹ"", ""z""]"	be_progressive	powers	are shivering powers	0.0	0.0			4.178883921387699			19					they	shiver	shivering	power	powers	two	0	0	0	1										0.0	0.0	incongruent	be_progressive						17	186	"{""power"": 186, ""shiver"": 17}"
PLAUS_0403	Plausibility	incongruent	0	validation	plus	human_reviewed_selected			USF+ds003604-template-abstraction	USF:absent-both-directions			They are turning one sugar			"[""ð"", ""eɪ"", ""ɑ"", ""ɹ"", ""t"", ""ɜː"", ""n"", ""ɪ"", ""ŋ"", ""w"", ""ʌ"", ""n"", ""ʃ"", ""ʊ"", ""ɡ"", ""ə"", ""ɹ""]"	be_progressive	sugar	are turning sugar	0.0	0.0			5.031737454305915			17					they	turn	turning	sugar	sugar	one	0	0	0	1										0.0	0.0	incongruent	be_progressive						10257	1415	"{""sugar"": 1415, ""turn"": 10257}"
PLAUS_0404	Plausibility	incongruent	0	validation	plus	human_reviewed_selected			USF+ds003604-template-abstraction	USF:absent-both-directions			They are turning three sugars			"[""ð"", ""eɪ"", ""ɑ"", ""ɹ"", ""t"", ""ɜː"", ""n"", ""ɪ"", ""ŋ"", ""θ"", ""ɹ"", ""iː"", ""ʃ"", ""ʊ"", ""ɡ"", ""ə"", ""ɹ"", ""z""]"	be_progressive	sugars	are turning sugars	0.0	0.0			5.031737454305915			18					they	turn	turning	sugar	sugars	three	0	0	0	1										0.0	0.0	incongruent	be_progressive						10257	1415	"{""sugar"": 1415, ""turn"": 10257}"
PLAUS_0405	Plausibility	incongruent	0	validation	plus	human_reviewed_selected			USF+ds003604-template-abstraction	USF:absent-both-directions			They do not shiver one power			"[""ð"", ""eɪ"", ""d"", ""uː"", ""n"", ""ɑ"", ""t"", ""ʃ"", ""ɪ"", ""v"", ""ə"", ""ɹ"", ""w"", ""ʌ"", ""n"", ""p"", ""aʊ"", ""ə"", ""ɹ""]"	do_negation	power	do not shiver power	0.0	0.0			4.178883921387699			19					they	shiver	shiver	power	power	one	1	0	0	1										0.0	0.0	incongruent	do_negation						17	186	"{""power"": 186, ""shiver"": 17}"
PLAUS_0406	Plausibility	incongruent	0	validation	plus	human_reviewed_selected			USF+ds003604-template-abstraction	USF:absent-both-directions			They do not shiver two powers			"[""ð"", ""eɪ"", ""d"", ""uː"", ""n"", ""ɑ"", ""t"", ""ʃ"", ""ɪ"", ""v"", ""ə"", ""ɹ"", ""t"", ""uː"", ""p"", ""aʊ"", ""ə"", ""ɹ"", ""z""]"	do_negation	powers	do not shiver powers	0.0	0.0			4.178883921387699			19					they	shiver	shiver	power	powers	two	1	0	0	1										0.0	0.0	incongruent	do_negation						17	186	"{""power"": 186, ""shiver"": 17}"
PLAUS_0407	Plausibility	incongruent	0	validation	plus	human_reviewed_selected			USF+ds003604-template-abstraction	USF:absent-both-directions			They do not turn one sugar			"[""ð"", ""eɪ"", ""d"", ""uː"", ""n"", ""ɑ"", ""t"", ""t"", ""ɜː"", ""n"", ""w"", ""ʌ"", ""n"", ""ʃ"", ""ʊ"", ""ɡ"", ""ə"", ""ɹ""]"	do_negation	sugar	do not turn sugar	0.0	0.0			5.031737454305915			18					they	turn	turn	sugar	sugar	one	1	0	0	1										0.0	0.0	incongruent	do_negation						10257	1415	"{""sugar"": 1415, ""turn"": 10257}"
PLAUS_0408	Plausibility	incongruent	0	validation	plus	human_reviewed_selected			USF+ds003604-template-abstraction	USF:absent-both-directions			They do not yawn one peace			"[""ð"", ""eɪ"", ""d"", ""uː"", ""n"", ""ɑ"", ""t"", ""j"", ""ɔ"", ""n"", ""w"", ""ʌ"", ""n"", ""p"", ""iː"", ""s""]"	do_negation	peace	do not yawn peace	0.0	0.0			3.9213290884785788			16					they	yawn	yawn	peace	peace	one	1	0	0	1										0.0	0.0	incongruent	do_negation						99	70	"{""peace"": 70, ""yawn"": 99}"
PLAUS_0409	Plausibility	incongruent	0	validation	plus	human_reviewed_selected			USF+ds003604-template-abstraction	USF:absent-both-directions			They do not yawn one traffic			"[""ð"", ""eɪ"", ""d"", ""uː"", ""n"", ""ɑ"", ""t"", ""j"", ""ɔ"", ""n"", ""w"", ""ʌ"", ""n"", ""t"", ""ɹ"", ""æ"", ""f"", ""ɪ"", ""k""]"	do_negation	traffic	do not yawn traffic	0.0	0.0			3.7274971152125413			19					they	yawn	yawn	traffic	traffic	one	1	0	0	1										0.0	0.0	incongruent	do_negation						99	106	"{""traffic"": 106, ""yawn"": 99}"
PLAUS_0410	Plausibility	incongruent	0	validation	plus	human_reviewed_selected			USF+ds003604-template-abstraction	USF:absent-both-directions			They do not yawn two peace			"[""ð"", ""eɪ"", ""d"", ""uː"", ""n"", ""ɑ"", ""t"", ""j"", ""ɔ"", ""n"", ""t"", ""uː"", ""p"", ""iː"", ""s""]"	do_negation	peace	do not yawn peace	0.0	0.0			3.9213290884785788			15					they	yawn	yawn	peace	peace	two	1	0	0	1										0.0	0.0	incongruent	do_negation						99	70	"{""peace"": 70, ""yawn"": 99}"
PLAUS_0411	Plausibility	strong_congruence	1	validation	plus	human_reviewed_selected			USF+ds003604-template-abstraction	USF:Cue_Target_Pairs.C:2471			Every day he chisels three hammers			"[""ɛ"", ""v"", ""ɹ"", ""i"", ""d"", ""eɪ"", ""h"", ""iː"", ""t̠ʃ"", ""ɪ"", ""z"", ""ə"", ""l"", ""z"", ""θ"", ""ɹ"", ""iː"", ""h"", ""æ"", ""m"", ""ə"", ""ɹ"", ""z""]"	present_3s	hammers	chisels hammers	0.328	0.0			3.5207646386139424			23					he	chisel	chisels	hammer	hammers	three	0	0	0	1										0.328	0.0	strong_congruence	present_3s						4	904	"{""chisel"": 4, ""hammer"": 904}"
PLAUS_0412	Plausibility	strong_congruence	1	validation	plus	human_reviewed_selected			USF+ds003604-template-abstraction	USF:Cue_Target_Pairs.C:2471			Every day he chisels two hammers			"[""ɛ"", ""v"", ""ɹ"", ""i"", ""d"", ""eɪ"", ""h"", ""iː"", ""t̠ʃ"", ""ɪ"", ""z"", ""ə"", ""l"", ""z"", ""t"", ""uː"", ""h"", ""æ"", ""m"", ""ə"", ""ɹ"", ""z""]"	present_3s	hammers	chisels hammers	0.328	0.0			3.5207646386139424			22					he	chisel	chisels	hammer	hammers	two	0	0	0	1										0.328	0.0	strong_congruence	present_3s						4	904	"{""chisel"": 4, ""hammer"": 904}"
PLAUS_0413	Plausibility	strong_congruence	1	validation	plus	human_reviewed_selected			USF+ds003604-template-abstraction	USF:Cue_Target_Pairs.L-O:6425			Every day he nails two hammers			"[""ɛ"", ""v"", ""ɹ"", ""i"", ""d"", ""eɪ"", ""h"", ""iː"", ""n"", ""eɪ"", ""l"", ""z"", ""t"", ""uː"", ""h"", ""æ"", ""m"", ""ə"", ""ɹ"", ""z""]"	present_3s	hammers	nails hammers	0.622	0.8			4.183248640194977			20					he	nail	nails	hammer	hammers	two	0	0	0	1										0.622	0.8	strong_congruence	present_3s						310	904	"{""hammer"": 904, ""nail"": 310}"
PLAUS_0414	Plausibility	strong_congruence	1	validation	plus	human_reviewed_selected			USF+ds003604-template-abstraction	USF:Cue_Target_Pairs.C:2471			Every day she chisels one hammer			"[""ɛ"", ""v"", ""ɹ"", ""i"", ""d"", ""eɪ"", ""ʃ"", ""iː"", ""t̠ʃ"", ""ɪ"", ""z"", ""ə"", ""l"", ""z"", ""w"", ""ʌ"", ""n"", ""h"", ""æ"", ""m"", ""ə"", ""ɹ""]"	present_3s	hammer	chisels hammer	0.328	0.0			3.5207646386139424			22					she	chisel	chisels	hammer	hammer	one	0	0	0	1										0.328	0.0	strong_congruence	present_3s						4	904	"{""chisel"": 4, ""hammer"": 904}"
PLAUS_0415	Plausibility	strong_congruence	1	validation	plus	human_reviewed_selected			USF+ds003604-template-abstraction	USF:Cue_Target_Pairs.C:2471			Every day they chisel one hammer			"[""ɛ"", ""v"", ""ɹ"", ""i"", ""d"", ""eɪ"", ""ð"", ""eɪ"", ""t̠ʃ"", ""ɪ"", ""z"", ""ə"", ""l"", ""w"", ""ʌ"", ""n"", ""h"", ""æ"", ""m"", ""ə"", ""ɹ""]"	present_3s	hammer	chisel hammer	0.328	0.0			3.5207646386139424			21					they	chisel	chisel	hammer	hammer	one	0	0	0	1										0.328	0.0	strong_congruence	present_3s						4	904	"{""chisel"": 4, ""hammer"": 904}"
PLAUS_0416	Plausibility	strong_congruence	1	validation	plus	human_reviewed_selected			USF+ds003604-template-abstraction	USF:Cue_Target_Pairs.C:2471			Every day they chisel three hammers			"[""ɛ"", ""v"", ""ɹ"", ""i"", ""d"", ""eɪ"", ""ð"", ""eɪ"", ""t̠ʃ"", ""ɪ"", ""z"", ""ə"", ""l"", ""θ"", ""ɹ"", ""iː"", ""h"", ""æ"", ""m"", ""ə"", ""ɹ"", ""z""]"	present_3s	hammers	chisel hammers	0.328	0.0			3.5207646386139424			22					they	chisel	chisel	hammer	hammers	three	0	0	0	1										0.328	0.0	strong_congruence	present_3s						4	904	"{""chisel"": 4, ""hammer"": 904}"
PLAUS_0417	Plausibility	strong_congruence	1	validation	plus	human_reviewed_selected			USF+ds003604-template-abstraction	USF:Cue_Target_Pairs.L-O:6425			Every day they nail one hammer			"[""ɛ"", ""v"", ""ɹ"", ""i"", ""d"", ""eɪ"", ""ð"", ""eɪ"", ""n"", ""eɪ"", ""l"", ""w"", ""ʌ"", ""n"", ""h"", ""æ"", ""m"", ""ə"", ""ɹ""]"	present_3s	hammer	nail hammer	0.622	0.8			4.183248640194977			19					they	nail	nail	hammer	hammer	one	0	0	0	1										0.622	0.8	strong_congruence	present_3s						310	904	"{""hammer"": 904, ""nail"": 310}"
PLAUS_0418	Plausibility	strong_congruence	1	validation	plus	human_reviewed_selected			USF+ds003604-template-abstraction	USF:Cue_Target_Pairs.L-O:6425			Every day they nail two hammers			"[""ɛ"", ""v"", ""ɹ"", ""i"", ""d"", ""eɪ"", ""ð"", ""eɪ"", ""n"", ""eɪ"", ""l"", ""t"", ""uː"", ""h"", ""æ"", ""m"", ""ə"", ""ɹ"", ""z""]"	present_3s	hammers	nail hammers	0.622	0.8			4.183248640194977			19					they	nail	nail	hammer	hammers	two	0	0	0	1										0.622	0.8	strong_congruence	present_3s						310	904	"{""hammer"": 904, ""nail"": 310}"
PLAUS_0419	Plausibility	strong_congruence	1	validation	plus	human_reviewed_selected			USF+ds003604-template-abstraction	USF:Cue_Target_Pairs.C:2471			He does not chisel five hammers			"[""h"", ""iː"", ""d"", ""ʌ"", ""z"", ""n"", ""ɑ"", ""t"", ""t̠ʃ"", ""ɪ"", ""z"", ""ə"", ""l"", ""f"", ""aɪ"", ""v"", ""h"", ""æ"", ""m"", ""ə"", ""ɹ"", ""z""]"	do_negation	hammers	does not chisel hammers	0.328	0.0			3.5207646386139424			22					he	chisel	chisel	hammer	hammers	five	1	0	0	1										0.328	0.0	strong_congruence	do_negation						4	904	"{""chisel"": 4, ""hammer"": 904}"
PLAUS_0420	Plausibility	strong_congruence	1	validation	plus	human_reviewed_selected			USF+ds003604-template-abstraction	USF:Cue_Target_Pairs.L-O:6425			He does not nail one hammer			"[""h"", ""iː"", ""d"", ""ʌ"", ""z"", ""n"", ""ɑ"", ""t"", ""n"", ""eɪ"", ""l"", ""w"", ""ʌ"", ""n"", ""h"", ""æ"", ""m"", ""ə"", ""ɹ""]"	do_negation	hammer	does not nail hammer	0.622	0.8			4.183248640194977			19					he	nail	nail	hammer	hammer	one	1	0	0	1										0.622	0.8	strong_congruence	do_negation						310	904	"{""hammer"": 904, ""nail"": 310}"
PLAUS_0421	Plausibility	strong_congruence	1	validation	plus	human_reviewed_selected			USF+ds003604-template-abstraction	USF:Cue_Target_Pairs.L-O:6425			He does not nail three hammers			"[""h"", ""iː"", ""d"", ""ʌ"", ""z"", ""n"", ""ɑ"", ""t"", ""n"", ""eɪ"", ""l"", ""θ"", ""ɹ"", ""iː"", ""h"", ""æ"", ""m"", ""ə"", ""ɹ"", ""z""]"	do_negation	hammers	does not nail hammers	0.622	0.8			4.183248640194977			20					he	nail	nail	hammer	hammers	three	1	0	0	1										0.622	0.8	strong_congruence	do_negation						310	904	"{""hammer"": 904, ""nail"": 310}"
PLAUS_0422	Plausibility	strong_congruence	1	validation	plus	human_reviewed_selected			USF+ds003604-template-abstraction	USF:Cue_Target_Pairs.C:2471			He is chiselling one hammer			"[""h"", ""iː"", ""ɪ"", ""z"", ""t̠ʃ"", ""ɪ"", ""z"", ""ə"", ""l"", ""ɪ"", ""ŋ"", ""w"", ""ʌ"", ""n"", ""h"", ""æ"", ""m"", ""ə"", ""ɹ""]"	be_progressive	hammer	is chiselling hammer	0.328	0.0			3.5207646386139424			19					he	chisel	chiselling	hammer	hammer	one	0	0	0	1										0.328	0.0	strong_congruence	be_progressive						4	904	"{""chisel"": 4, ""hammer"": 904}"
PLAUS_0423	Plausibility	strong_congruence	1	validation	plus	human_reviewed_selected			USF+ds003604-template-abstraction	USF:Cue_Target_Pairs.C:2471			He is chiselling six hammers			"[""h"", ""iː"", ""ɪ"", ""z"", ""t̠ʃ"", ""ɪ"", ""z"", ""ə"", ""l"", ""ɪ"", ""ŋ"", ""s"", ""ɪ"", ""k"", ""s"", ""h"", ""æ"", ""m"", ""ə"", ""ɹ"", ""z""]"	be_progressive	hammers	is chiselling hammers	0.328	0.0			3.5207646386139424			21					he	chisel	chiselling	hammer	hammers	six	0	0	0	1										0.328	0.0	strong_congruence	be_progressive						4	904	"{""chisel"": 4, ""hammer"": 904}"
PLAUS_0424	Plausibility	strong_congruence	1	validation	plus	human_reviewed_selected			USF+ds003604-template-abstraction	USF:Cue_Target_Pairs.L-O:6425			He is nailing one hammer			"[""h"", ""iː"", ""ɪ"", ""z"", ""n"", ""eɪ"", ""l"", ""ɪ"", ""ŋ"", ""w"", ""ʌ"", ""n"", ""h"", ""æ"", ""m"", ""ə"", ""ɹ""]"	be_progressive	hammer	is nailing hammer	0.622	0.8			4.183248640194977			17					he	nail	nailing	hammer	hammer	one	0	0	0	1										0.622	0.8	strong_congruence	be_progressive						310	904	"{""hammer"": 904, ""nail"": 310}"
PLAUS_0425	Plausibility	strong_congruence	1	validation	plus	human_reviewed_selected			USF+ds003604-template-abstraction	USF:Cue_Target_Pairs.C:2471			Last week he chiseled one hammer			"[""l"", ""æ"", ""s"", ""t"", ""w"", ""iː"", ""k"", ""h"", ""iː"", ""t̠ʃ"", ""ɪ"", ""z"", ""ə"", ""l"", ""d"", ""w"", ""ʌ"", ""n"", ""h"", ""æ"", ""m"", ""ə"", ""ɹ""]"	simple_past	hammer	chiseled hammer	0.328	0.0			3.5207646386139424			23					he	chisel	chiseled	hammer	hammer	one	0	0	0	1										0.328	0.0	strong_congruence	simple_past						4	904	"{""chisel"": 4, ""hammer"": 904}"
PLAUS_0426	Plausibility	strong_congruence	1	validation	plus	human_reviewed_selected			USF+ds003604-template-abstraction	USF:Cue_Target_Pairs.C:2471			Last week he chiseled three hammers			"[""l"", ""æ"", ""s"", ""t"", ""w"", ""iː"", ""k"", ""h"", ""iː"", ""t̠ʃ"", ""ɪ"", ""z"", ""ə"", ""l"", ""d"", ""θ"", ""ɹ"", ""iː"", ""h"", ""æ"", ""m"", ""ə"", ""ɹ"", ""z""]"	simple_past	hammers	chiseled hammers	0.328	0.0			3.5207646386139424			24					he	chisel	chiseled	hammer	hammers	three	0	0	0	1										0.328	0.0	strong_congruence	simple_past						4	904	"{""chisel"": 4, ""hammer"": 904}"
PLAUS_0427	Plausibility	strong_congruence	1	validation	plus	human_reviewed_selected			USF+ds003604-template-abstraction	USF:Cue_Target_Pairs.L-O:6425			Last week he nailed one hammer			"[""l"", ""æ"", ""s"", ""t"", ""w"", ""iː"", ""k"", ""h"", ""iː"", ""n"", ""eɪ"", ""l"", ""d"", ""w"", ""ʌ"", ""n"", ""h"", ""æ"", ""m"", ""ə"", ""ɹ""]"	simple_past	hammer	nailed hammer	0.622	0.8			4.183248640194977			21					he	nail	nailed	hammer	hammer	one	0	0	0	1										0.622	0.8	strong_congruence	simple_past						310	904	"{""hammer"": 904, ""nail"": 310}"
PLAUS_0428	Plausibility	strong_congruence	1	validation	plus	human_reviewed_selected			USF+ds003604-template-abstraction	USF:Cue_Target_Pairs.C:2471			Last week she chiseled one hammer			"[""l"", ""æ"", ""s"", ""t"", ""w"", ""iː"", ""k"", ""ʃ"", ""iː"", ""t̠ʃ"", ""ɪ"", ""z"", ""ə"", ""l"", ""d"", ""w"", ""ʌ"", ""n"", ""h"", ""æ"", ""m"", ""ə"", ""ɹ""]"	simple_past	hammer	chiseled hammer	0.328	0.0			3.5207646386139424			23					she	chisel	chiseled	hammer	hammer	one	0	0	0	1										0.328	0.0	strong_congruence	simple_past						4	904	"{""chisel"": 4, ""hammer"": 904}"
PLAUS_0429	Plausibility	strong_congruence	1	validation	plus	human_reviewed_selected			USF+ds003604-template-abstraction	USF:Cue_Target_Pairs.C:2471			Last week she chiseled six hammers			"[""l"", ""æ"", ""s"", ""t"", ""w"", ""iː"", ""k"", ""ʃ"", ""iː"", ""t̠ʃ"", ""ɪ"", ""z"", ""ə"", ""l"", ""d"", ""s"", ""ɪ"", ""k"", ""s"", ""h"", ""æ"", ""m"", ""ə"", ""ɹ"", ""z""]"	simple_past	hammers	chiseled hammers	0.328	0.0			3.5207646386139424			25					she	chisel	chiseled	hammer	hammers	six	0	0	0	1										0.328	0.0	strong_congruence	simple_past						4	904	"{""chisel"": 4, ""hammer"": 904}"
PLAUS_0430	Plausibility	strong_congruence	1	validation	plus	human_reviewed_selected			USF+ds003604-template-abstraction	USF:Cue_Target_Pairs.L-O:6425			Last week she nailed one hammer			"[""l"", ""æ"", ""s"", ""t"", ""w"", ""iː"", ""k"", ""ʃ"", ""iː"", ""n"", ""eɪ"", ""l"", ""d"", ""w"", ""ʌ"", ""n"", ""h"", ""æ"", ""m"", ""ə"", ""ɹ""]"	simple_past	hammer	nailed hammer	0.622	0.8			4.183248640194977			21					she	nail	nailed	hammer	hammer	one	0	0	0	1										0.622	0.8	strong_congruence	simple_past						310	904	"{""hammer"": 904, ""nail"": 310}"
PLAUS_0431	Plausibility	strong_congruence	1	validation	plus	human_reviewed_selected			USF+ds003604-template-abstraction	USF:Cue_Target_Pairs.C:2471			She does not chisel four hammers			"[""ʃ"", ""iː"", ""d"", ""ʌ"", ""z"", ""n"", ""ɑ"", ""t"", ""t̠ʃ"", ""ɪ"", ""z"", ""ə"", ""l"", ""f"", ""ɔ"", ""ɹ"", ""h"", ""æ"", ""m"", ""ə"", ""ɹ"", ""z""]"	do_negation	hammers	does not chisel hammers	0.328	0.0			3.5207646386139424			22					she	chisel	chisel	hammer	hammers	four	1	0	0	1										0.328	0.0	strong_congruence	do_negation						4	904	"{""chisel"": 4, ""hammer"": 904}"
PLAUS_0432	Plausibility	strong_congruence	1	validation	plus	human_reviewed_selected			USF+ds003604-template-abstraction	USF:Cue_Target_Pairs.C:2471			She is chiselling three hammers			"[""ʃ"", ""iː"", ""ɪ"", ""z"", ""t̠ʃ"", ""ɪ"", ""z"", ""ə"", ""l"", ""ɪ"", ""ŋ"", ""θ"", ""ɹ"", ""iː"", ""h"", ""æ"", ""m"", ""ə"", ""ɹ"", ""z""]"	be_progressive	hammers	is chiselling hammers	0.328	0.0			3.5207646386139424			20					she	chisel	chiselling	hammer	hammers	three	0	0	0	1										0.328	0.0	strong_congruence	be_progressive						4	904	"{""chisel"": 4, ""hammer"": 904}"
PLAUS_0433	Plausibility	strong_congruence	1	validation	plus	human_reviewed_selected			USF+ds003604-template-abstraction	USF:Cue_Target_Pairs.L-O:6425			She is nailing one hammer			"[""ʃ"", ""iː"", ""ɪ"", ""z"", ""n"", ""eɪ"", ""l"", ""ɪ"", ""ŋ"", ""w"", ""ʌ"", ""n"", ""h"", ""æ"", ""m"", ""ə"", ""ɹ""]"	be_progressive	hammer	is nailing hammer	0.622	0.8			4.183248640194977			17					she	nail	nailing	hammer	hammer	one	0	0	0	1										0.622	0.8	strong_congruence	be_progressive						310	904	"{""hammer"": 904, ""nail"": 310}"
PLAUS_0434	Plausibility	strong_congruence	1	validation	plus	human_reviewed_selected			USF+ds003604-template-abstraction	USF:Cue_Target_Pairs.C:2471			They are chiselling three hammers			"[""ð"", ""eɪ"", ""ɑ"", ""ɹ"", ""t̠ʃ"", ""ɪ"", ""z"", ""ə"", ""l"", ""ɪ"", ""ŋ"", ""θ"", ""ɹ"", ""iː"", ""h"", ""æ"", ""m"", ""ə"", ""ɹ"", ""z""]"	be_progressive	hammers	are chiselling hammers	0.328	0.0			3.5207646386139424			20					they	chisel	chiselling	hammer	hammers	three	0	0	0	1										0.328	0.0	strong_congruence	be_progressive						4	904	"{""chisel"": 4, ""hammer"": 904}"
PLAUS_0435	Plausibility	strong_congruence	1	validation	plus	human_reviewed_selected			USF+ds003604-template-abstraction	USF:Cue_Target_Pairs.L-O:6425			They are nailing two hammers			"[""ð"", ""eɪ"", ""ɑ"", ""ɹ"", ""n"", ""eɪ"", ""l"", ""ɪ"", ""ŋ"", ""t"", ""uː"", ""h"", ""æ"", ""m"", ""ə"", ""ɹ"", ""z""]"	be_progressive	hammers	are nailing hammers	0.622	0.8			4.183248640194977			17					they	nail	nailing	hammer	hammers	two	0	0	0	1										0.622	0.8	strong_congruence	be_progressive						310	904	"{""hammer"": 904, ""nail"": 310}"
PLAUS_0436	Plausibility	weak_congruence	1	validation	plus	human_reviewed_selected			USF+ds003604-template-abstraction	USF:Cue_Target_Pairs.A-B:6195			Every day he blots two messes			"[""ɛ"", ""v"", ""ɹ"", ""i"", ""d"", ""eɪ"", ""h"", ""iː"", ""b"", ""l"", ""ɑ"", ""t"", ""s"", ""t"", ""uː"", ""m"", ""ɛ"", ""s"", ""ɪ"", ""z""]"	present_3s	messes	blots messes	0.02	0.0			3.933264605455923			20					he	blot	blots	mess	messes	two	0	0	0	1										0.02	0.0	weak_congruence	present_3s						4	1305	"{""blot"": 4, ""mess"": 1305}"
PLAUS_0437	Plausibility	weak_congruence	1	validation	plus	human_reviewed_selected			USF+ds003604-template-abstraction	USF:Cue_Target_Pairs.S:5713			Every day he spoils two brats			"[""ɛ"", ""v"", ""ɹ"", ""i"", ""d"", ""eɪ"", ""h"", ""iː"", ""s"", ""p"", ""ɔɪ"", ""l"", ""z"", ""t"", ""uː"", ""b"", ""ɹ"", ""æ"", ""t"", ""s""]"	present_3s	brats	spoils brats	0.054	0.0			3.929486801693071			20					he	spoil	spoils	brat	brats	two	0	0	0	1										0.054	0.0	weak_congruence	present_3s						28	20	"{""brat"": 20, ""spoil"": 28}"
PLAUS_0438	Plausibility	weak_congruence	1	validation	plus	human_reviewed_selected			USF+ds003604-template-abstraction	USF:Cue_Target_Pairs.A-B:6195			Every day she blots two messes			"[""ɛ"", ""v"", ""ɹ"", ""i"", ""d"", ""eɪ"", ""ʃ"", ""iː"", ""b"", ""l"", ""ɑ"", ""t"", ""s"", ""t"", ""uː"", ""m"", ""ɛ"", ""s"", ""ɪ"", ""z""]"	present_3s	messes	blots messes	0.02	0.0			3.933264605455923			20					she	blot	blots	mess	messes	two	0	0	0	1										0.02	0.0	weak_congruence	present_3s						4	1305	"{""blot"": 4, ""mess"": 1305}"
PLAUS_0439	Plausibility	weak_congruence	1	validation	plus	human_reviewed_selected			USF+ds003604-template-abstraction	USF:Cue_Target_Pairs.S:5713			Every day she spoils two brats			"[""ɛ"", ""v"", ""ɹ"", ""i"", ""d"", ""eɪ"", ""ʃ"", ""iː"", ""s"", ""p"", ""ɔɪ"", ""l"", ""z"", ""t"", ""uː"", ""b"", ""ɹ"", ""æ"", ""t"", ""s""]"	present_3s	brats	spoils brats	0.054	0.0			3.929486801693071			20					she	spoil	spoils	brat	brats	two	0	0	0	1										0.054	0.0	weak_congruence	present_3s						28	20	"{""brat"": 20, ""spoil"": 28}"
PLAUS_0440	Plausibility	weak_congruence	1	validation	plus	human_reviewed_selected			USF+ds003604-template-abstraction	USF:Cue_Target_Pairs.A-B:6195			He does not blot two messes			"[""h"", ""iː"", ""d"", ""ʌ"", ""z"", ""n"", ""ɑ"", ""t"", ""b"", ""l"", ""ɑ"", ""t"", ""t"", ""uː"", ""m"", ""ɛ"", ""s"", ""ɪ"", ""z""]"	do_negation	messes	does not blot messes	0.02	0.0			3.933264605455923			19					he	blot	blot	mess	messes	two	1	0	0	1										0.02	0.0	weak_congruence	do_negation						4	1305	"{""blot"": 4, ""mess"": 1305}"
PLAUS_0441	Plausibility	weak_congruence	1	validation	plus	human_reviewed_selected			USF+ds003604-template-abstraction	USF:Cue_Target_Pairs.S:5713			He does not spoil two brats			"[""h"", ""iː"", ""d"", ""ʌ"", ""z"", ""n"", ""ɑ"", ""t"", ""s"", ""p"", ""ɔɪ"", ""l"", ""t"", ""uː"", ""b"", ""ɹ"", ""æ"", ""t"", ""s""]"	do_negation	brats	does not spoil brats	0.054	0.0			3.929486801693071			19					he	spoil	spoil	brat	brats	two	1	0	0	1										0.054	0.0	weak_congruence	do_negation						28	20	"{""brat"": 20, ""spoil"": 28}"
PLAUS_0442	Plausibility	weak_congruence	1	validation	plus	human_reviewed_selected			USF+ds003604-template-abstraction	USF:Cue_Target_Pairs.A-B:6195			He is blotting two messes			"[""h"", ""iː"", ""ɪ"", ""z"", ""b"", ""l"", ""ɑ"", ""t"", ""ɪ"", ""ŋ"", ""t"", ""uː"", ""m"", ""ɛ"", ""s"", ""ɪ"", ""z""]"	be_progressive	messes	is blotting messes	0.02	0.0			3.933264605455923			17					he	blot	blotting	mess	messes	two	0	0	0	1										0.02	0.0	weak_congruence	be_progressive						4	1305	"{""blot"": 4, ""mess"": 1305}"
PLAUS_0443	Plausibility	weak_congruence	1	validation	plus	human_reviewed_selected			USF+ds003604-template-abstraction	USF:Cue_Target_Pairs.S:5713			He is spoiling two brats			"[""h"", ""iː"", ""ɪ"", ""z"", ""s"", ""p"", ""ɔɪ"", ""l"", ""ɪ"", ""ŋ"", ""t"", ""uː"", ""b"", ""ɹ"", ""æ"", ""t"", ""s""]"	be_progressive	brats	is spoiling brats	0.054	0.0			3.929486801693071			17					he	spoil	spoiling	brat	brats	two	0	0	0	1										0.054	0.0	weak_congruence	be_progressive						28	20	"{""brat"": 20, ""spoil"": 28}"
PLAUS_0444	Plausibility	weak_congruence	1	validation	plus	human_reviewed_selected			USF+ds003604-template-abstraction	USF:Cue_Target_Pairs.A-B:6195			Last week he blotted three messes			"[""l"", ""æ"", ""s"", ""t"", ""w"", ""iː"", ""k"", ""h"", ""iː"", ""b"", ""l"", ""ɑ"", ""t"", ""ɪ"", ""d"", ""θ"", ""ɹ"", ""iː"", ""m"", ""ɛ"", ""s"", ""ɪ"", ""z""]"	simple_past	messes	blotted messes	0.02	0.0			3.933264605455923			23					he	blot	blotted	mess	messes	three	0	0	0	1										0.02	0.0	weak_congruence	simple_past						4	1305	"{""blot"": 4, ""mess"": 1305}"
PLAUS_0445	Plausibility	weak_congruence	1	validation	plus	human_reviewed_selected			USF+ds003604-template-abstraction	USF:Cue_Target_Pairs.A-B:6195			Last week he blotted two messes			"[""l"", ""æ"", ""s"", ""t"", ""w"", ""iː"", ""k"", ""h"", ""iː"", ""b"", ""l"", ""ɑ"", ""t"", ""ɪ"", ""d"", ""t"", ""uː"", ""m"", ""ɛ"", ""s"", ""ɪ"", ""z""]"	simple_past	messes	blotted messes	0.02	0.0			3.933264605455923			22					he	blot	blotted	mess	messes	two	0	0	0	1										0.02	0.0	weak_congruence	simple_past						4	1305	"{""blot"": 4, ""mess"": 1305}"
PLAUS_0446	Plausibility	weak_congruence	1	validation	plus	human_reviewed_selected			USF+ds003604-template-abstraction	USF:Cue_Target_Pairs.S:5713			Last week he spoiled two brats			"[""l"", ""æ"", ""s"", ""t"", ""w"", ""iː"", ""k"", ""h"", ""iː"", ""s"", ""p"", ""ɔɪ"", ""l"", ""d"", ""t"", ""uː"", ""b"", ""ɹ"", ""æ"", ""t"", ""s""]"	simple_past	brats	spoiled brats	0.054	0.0			3.929486801693071			21					he	spoil	spoiled	brat	brats	two	0	0	0	1										0.054	0.0	weak_congruence	simple_past						28	20	"{""brat"": 20, ""spoil"": 28}"
PLAUS_0447	Plausibility	weak_congruence	1	validation	plus	human_reviewed_selected			USF+ds003604-template-abstraction	USF:Cue_Target_Pairs.A-B:6195			Last week she blotted three messes			"[""l"", ""æ"", ""s"", ""t"", ""w"", ""iː"", ""k"", ""ʃ"", ""iː"", ""b"", ""l"", ""ɑ"", ""t"", ""ɪ"", ""d"", ""θ"", ""ɹ"", ""iː"", ""m"", ""ɛ"", ""s"", ""ɪ"", ""z""]"	simple_past	messes	blotted messes	0.02	0.0			3.933264605455923			23					she	blot	blotted	mess	messes	three	0	0	0	1										0.02	0.0	weak_congruence	simple_past						4	1305	"{""blot"": 4, ""mess"": 1305}"
PLAUS_0448	Plausibility	weak_congruence	1	validation	plus	human_reviewed_selected			USF+ds003604-template-abstraction	USF:Cue_Target_Pairs.A-B:6195			Last week she blotted two messes			"[""l"", ""æ"", ""s"", ""t"", ""w"", ""iː"", ""k"", ""ʃ"", ""iː"", ""b"", ""l"", ""ɑ"", ""t"", ""ɪ"", ""d"", ""t"", ""uː"", ""m"", ""ɛ"", ""s"", ""ɪ"", ""z""]"	simple_past	messes	blotted messes	0.02	0.0			3.933264605455923			22					she	blot	blotted	mess	messes	two	0	0	0	1										0.02	0.0	weak_congruence	simple_past						4	1305	"{""blot"": 4, ""mess"": 1305}"
PLAUS_0449	Plausibility	weak_congruence	1	validation	plus	human_reviewed_selected			USF+ds003604-template-abstraction	USF:Cue_Target_Pairs.S:5713			Last week she spoiled two brats			"[""l"", ""æ"", ""s"", ""t"", ""w"", ""iː"", ""k"", ""ʃ"", ""iː"", ""s"", ""p"", ""ɔɪ"", ""l"", ""d"", ""t"", ""uː"", ""b"", ""ɹ"", ""æ"", ""t"", ""s""]"	simple_past	brats	spoiled brats	0.054	0.0			3.929486801693071			21					she	spoil	spoiled	brat	brats	two	0	0	0	1										0.054	0.0	weak_congruence	simple_past						28	20	"{""brat"": 20, ""spoil"": 28}"
PLAUS_0450	Plausibility	weak_congruence	1	validation	plus	human_reviewed_selected			USF+ds003604-template-abstraction	USF:Cue_Target_Pairs.A-B:6195			Last week they blotted four messes			"[""l"", ""æ"", ""s"", ""t"", ""w"", ""iː"", ""k"", ""ð"", ""eɪ"", ""b"", ""l"", ""ɑ"", ""t"", ""ɪ"", ""d"", ""f"", ""ɔ"", ""ɹ"", ""m"", ""ɛ"", ""s"", ""ɪ"", ""z""]"	simple_past	messes	blotted messes	0.02	0.0			3.933264605455923			23					they	blot	blotted	mess	messes	four	0	0	0	1										0.02	0.0	weak_congruence	simple_past						4	1305	"{""blot"": 4, ""mess"": 1305}"
PLAUS_0451	Plausibility	weak_congruence	1	validation	plus	human_reviewed_selected			USF+ds003604-template-abstraction	USF:Cue_Target_Pairs.A-B:6195			Last week they blotted three messes			"[""l"", ""æ"", ""s"", ""t"", ""w"", ""iː"", ""k"", ""ð"", ""eɪ"", ""b"", ""l"", ""ɑ"", ""t"", ""ɪ"", ""d"", ""θ"", ""ɹ"", ""iː"", ""m"", ""ɛ"", ""s"", ""ɪ"", ""z""]"	simple_past	messes	blotted messes	0.02	0.0			3.933264605455923			23					they	blot	blotted	mess	messes	three	0	0	0	1										0.02	0.0	weak_congruence	simple_past						4	1305	"{""blot"": 4, ""mess"": 1305}"
PLAUS_0452	Plausibility	weak_congruence	1	validation	plus	human_reviewed_selected			USF+ds003604-template-abstraction	USF:Cue_Target_Pairs.A-B:6195			Last week they blotted two messes			"[""l"", ""æ"", ""s"", ""t"", ""w"", ""iː"", ""k"", ""ð"", ""eɪ"", ""b"", ""l"", ""ɑ"", ""t"", ""ɪ"", ""d"", ""t"", ""uː"", ""m"", ""ɛ"", ""s"", ""ɪ"", ""z""]"	simple_past	messes	blotted messes	0.02	0.0			3.933264605455923			22					they	blot	blotted	mess	messes	two	0	0	0	1										0.02	0.0	weak_congruence	simple_past						4	1305	"{""blot"": 4, ""mess"": 1305}"
PLAUS_0453	Plausibility	weak_congruence	1	validation	plus	human_reviewed_selected			USF+ds003604-template-abstraction	USF:Cue_Target_Pairs.S:5713			Last week they spoiled two brats			"[""l"", ""æ"", ""s"", ""t"", ""w"", ""iː"", ""k"", ""ð"", ""eɪ"", ""s"", ""p"", ""ɔɪ"", ""l"", ""d"", ""t"", ""uː"", ""b"", ""ɹ"", ""æ"", ""t"", ""s""]"	simple_past	brats	spoiled brats	0.054	0.0			3.929486801693071			21					they	spoil	spoiled	brat	brats	two	0	0	0	1										0.054	0.0	weak_congruence	simple_past						28	20	"{""brat"": 20, ""spoil"": 28}"
PLAUS_0454	Plausibility	weak_congruence	1	validation	plus	human_reviewed_selected			USF+ds003604-template-abstraction	USF:Cue_Target_Pairs.A-B:6195			She does not blot two messes			"[""ʃ"", ""iː"", ""d"", ""ʌ"", ""z"", ""n"", ""ɑ"", ""t"", ""b"", ""l"", ""ɑ"", ""t"", ""t"", ""uː"", ""m"", ""ɛ"", ""s"", ""ɪ"", ""z""]"	do_negation	messes	does not blot messes	0.02	0.0			3.933264605455923			19					she	blot	blot	mess	messes	two	1	0	0	1										0.02	0.0	weak_congruence	do_negation						4	1305	"{""blot"": 4, ""mess"": 1305}"
PLAUS_0455	Plausibility	weak_congruence	1	validation	plus	human_reviewed_selected			USF+ds003604-template-abstraction	USF:Cue_Target_Pairs.S:5713			She does not spoil two brats			"[""ʃ"", ""iː"", ""d"", ""ʌ"", ""z"", ""n"", ""ɑ"", ""t"", ""s"", ""p"", ""ɔɪ"", ""l"", ""t"", ""uː"", ""b"", ""ɹ"", ""æ"", ""t"", ""s""]"	do_negation	brats	does not spoil brats	0.054	0.0			3.929486801693071			19					she	spoil	spoil	brat	brats	two	1	0	0	1										0.054	0.0	weak_congruence	do_negation						28	20	"{""brat"": 20, ""spoil"": 28}"
PLAUS_0456	Plausibility	weak_congruence	1	validation	plus	human_reviewed_selected			USF+ds003604-template-abstraction	USF:Cue_Target_Pairs.A-B:6195			She is blotting two messes			"[""ʃ"", ""iː"", ""ɪ"", ""z"", ""b"", ""l"", ""ɑ"", ""t"", ""ɪ"", ""ŋ"", ""t"", ""uː"", ""m"", ""ɛ"", ""s"", ""ɪ"", ""z""]"	be_progressive	messes	is blotting messes	0.02	0.0			3.933264605455923			17					she	blot	blotting	mess	messes	two	0	0	0	1										0.02	0.0	weak_congruence	be_progressive						4	1305	"{""blot"": 4, ""mess"": 1305}"
PLAUS_0457	Plausibility	weak_congruence	1	validation	plus	human_reviewed_selected			USF+ds003604-template-abstraction	USF:Cue_Target_Pairs.S:5713			She is spoiling two brats			"[""ʃ"", ""iː"", ""ɪ"", ""z"", ""s"", ""p"", ""ɔɪ"", ""l"", ""ɪ"", ""ŋ"", ""t"", ""uː"", ""b"", ""ɹ"", ""æ"", ""t"", ""s""]"	be_progressive	brats	is spoiling brats	0.054	0.0			3.929486801693071			17					she	spoil	spoiling	brat	brats	two	0	0	0	1										0.054	0.0	weak_congruence	be_progressive						28	20	"{""brat"": 20, ""spoil"": 28}"
PLAUS_0458	Plausibility	weak_congruence	1	validation	plus	human_reviewed_selected			USF+ds003604-template-abstraction	USF:Cue_Target_Pairs.A-B:6195			They are blotting two messes			"[""ð"", ""eɪ"", ""ɑ"", ""ɹ"", ""b"", ""l"", ""ɑ"", ""t"", ""ɪ"", ""ŋ"", ""t"", ""uː"", ""m"", ""ɛ"", ""s"", ""ɪ"", ""z""]"	be_progressive	messes	are blotting messes	0.02	0.0			3.933264605455923			17					they	blot	blotting	mess	messes	two	0	0	0	1										0.02	0.0	weak_congruence	be_progressive						4	1305	"{""blot"": 4, ""mess"": 1305}"
PLAUS_0459	Plausibility	weak_congruence	1	validation	plus	human_reviewed_selected			USF+ds003604-template-abstraction	USF:Cue_Target_Pairs.S:5713			They are spoiling two brats			"[""ð"", ""eɪ"", ""ɑ"", ""ɹ"", ""s"", ""p"", ""ɔɪ"", ""l"", ""ɪ"", ""ŋ"", ""t"", ""uː"", ""b"", ""ɹ"", ""æ"", ""t"", ""s""]"	be_progressive	brats	are spoiling brats	0.054	0.0			3.929486801693071			17					they	spoil	spoiling	brat	brats	two	0	0	0	1										0.054	0.0	weak_congruence	be_progressive						28	20	"{""brat"": 20, ""spoil"": 28}"
PLAUS_0460	Plausibility	weak_congruence	1	validation	plus	human_reviewed_selected			USF+ds003604-template-abstraction	USF:Cue_Target_Pairs.A-B:6195			They do not blot two messes			"[""ð"", ""eɪ"", ""d"", ""uː"", ""n"", ""ɑ"", ""t"", ""b"", ""l"", ""ɑ"", ""t"", ""t"", ""uː"", ""m"", ""ɛ"", ""s"", ""ɪ"", ""z""]"	do_negation	messes	do not blot messes	0.02	0.0			3.933264605455923			18					they	blot	blot	mess	messes	two	1	0	0	1										0.02	0.0	weak_congruence	do_negation						4	1305	"{""blot"": 4, ""mess"": 1305}"
PLAUS_0461	Plausibility	incongruent	0	test	plus	human_reviewed_selected			USF+ds003604-template-abstraction	USF:absent-both-directions			Every day he decides three blenders			"[""ɛ"", ""v"", ""ɹ"", ""i"", ""d"", ""eɪ"", ""h"", ""iː"", ""d"", ""ɪ"", ""s"", ""aɪ"", ""d"", ""z"", ""θ"", ""ɹ"", ""iː"", ""b"", ""l"", ""ɛ"", ""n"", ""d"", ""ə"", ""ɹ"", ""z""]"	present_3s	blenders	decides blenders	0.0	0.0			3.9621903250806403			25					he	decide	decides	blender	blenders	three	0	0	0	1										0.0	0.0	incongruent	present_3s						230	49	"{""blender"": 49, ""decide"": 230}"
PLAUS_0462	Plausibility	incongruent	0	test	plus	human_reviewed_selected			USF+ds003604-template-abstraction	USF:absent-both-directions			Every day he demolishes two golds			"[""ɛ"", ""v"", ""ɹ"", ""i"", ""d"", ""eɪ"", ""h"", ""iː"", ""d"", ""ɪ"", ""m"", ""ɑ"", ""l"", ""ɪ"", ""ʃ"", ""ɪ"", ""z"", ""t"", ""uː"", ""ɡ"", ""oʊ"", ""l"", ""d"", ""z""]"	present_3s	golds	demolishes golds	0.0	0.0			3.8105485912578754			24					he	demolish	demolishes	gold	golds	two	0	0	0	1	unseen_phase1:demolish									0.0	0.0	incongruent	present_3s						0	329	"{""demolish"": 0, ""gold"": 329}"
PLAUS_0463	Plausibility	incongruent	0	test	plus	human_reviewed_selected			USF+ds003604-template-abstraction	USF:absent-both-directions			Every day he flips three beans			"[""ɛ"", ""v"", ""ɹ"", ""i"", ""d"", ""eɪ"", ""h"", ""iː"", ""f"", ""l"", ""ɪ"", ""p"", ""s"", ""θ"", ""ɹ"", ""iː"", ""b"", ""iː"", ""n"", ""z""]"	present_3s	beans	flips beans	0.0	0.0			3.994908227038172			20					he	flip	flips	bean	beans	three	0	0	0	1										0.0	0.0	incongruent	present_3s						372	409	"{""bean"": 409, ""flip"": 372}"
PLAUS_0464	Plausibility	incongruent	0	test	plus	human_reviewed_selected			USF+ds003604-template-abstraction	USF:absent-both-directions			Every day he flips two beans			"[""ɛ"", ""v"", ""ɹ"", ""i"", ""d"", ""eɪ"", ""h"", ""iː"", ""f"", ""l"", ""ɪ"", ""p"", ""s"", ""t"", ""uː"", ""b"", ""iː"", ""n"", ""z""]"	present_3s	beans	flips beans	0.0	0.0			3.994908227038172			19					he	flip	flips	bean	beans	two	0	0	0	1										0.0	0.0	incongruent	present_3s						372	409	"{""bean"": 409, ""flip"": 372}"
PLAUS_0465	Plausibility	incongruent	0	test	plus	human_reviewed_selected			USF+ds003604-template-abstraction	USF:absent-both-directions			Every day he reaches one reason			"[""ɛ"", ""v"", ""ɹ"", ""i"", ""d"", ""eɪ"", ""h"", ""iː"", ""ɹ"", ""iː"", ""t̠ʃ"", ""ɪ"", ""z"", ""w"", ""ʌ"", ""n"", ""ɹ"", ""iː"", ""z"", ""ə"", ""n""]"	present_3s	reason	reaches reason	0.0	0.0			5.020747748727253			21					he	reach	reaches	reason	reason	one	0	0	0	1										0.0	0.0	incongruent	present_3s						864	400	"{""reach"": 864, ""reason"": 400}"
PLAUS_0466	Plausibility	incongruent	0	test	plus	human_reviewed_selected			USF+ds003604-template-abstraction	USF:absent-both-directions			Every day he reaches three reasons			"[""ɛ"", ""v"", ""ɹ"", ""i"", ""d"", ""eɪ"", ""h"", ""iː"", ""ɹ"", ""iː"", ""t̠ʃ"", ""ɪ"", ""z"", ""θ"", ""ɹ"", ""iː"", ""ɹ"", ""iː"", ""z"", ""ə"", ""n"", ""z""]"	present_3s	reasons	reaches reasons	0.0	0.0			5.020747748727253			22					he	reach	reaches	reason	reasons	three	0	0	0	1										0.0	0.0	incongruent	present_3s						864	400	"{""reach"": 864, ""reason"": 400}"
PLAUS_0467	Plausibility	incongruent	0	test	plus	human_reviewed_selected			USF+ds003604-template-abstraction	USF:absent-both-directions			Every day he reaches two reasons			"[""ɛ"", ""v"", ""ɹ"", ""i"", ""d"", ""eɪ"", ""h"", ""iː"", ""ɹ"", ""iː"", ""t̠ʃ"", ""ɪ"", ""z"", ""t"", ""uː"", ""ɹ"", ""iː"", ""z"", ""ə"", ""n"", ""z""]"	present_3s	reasons	reaches reasons	0.0	0.0			5.020747748727253			21					he	reach	reaches	reason	reasons	two	0	0	0	1										0.0	0.0	incongruent	present_3s						864	400	"{""reach"": 864, ""reason"": 400}"
PLAUS_0468	Plausibility	incongruent	0	test	plus	human_reviewed_selected			USF+ds003604-template-abstraction	USF:absent-both-directions			Every day she demolishes three golds			"[""ɛ"", ""v"", ""ɹ"", ""i"", ""d"", ""eɪ"", ""ʃ"", ""iː"", ""d"", ""ɪ"", ""m"", ""ɑ"", ""l"", ""ɪ"", ""ʃ"", ""ɪ"", ""z"", ""θ"", ""ɹ"", ""iː"", ""ɡ"", ""oʊ"", ""l"", ""d"", ""z""]"	present_3s	golds	demolishes golds	0.0	0.0			3.8105485912578754			25					she	demolish	demolishes	gold	golds	three	0	0	0	1	unseen_phase1:demolish									0.0	0.0	incongruent	present_3s						0	329	"{""demolish"": 0, ""gold"": 329}"
PLAUS_0469	Plausibility	incongruent	0	test	plus	human_reviewed_selected			USF+ds003604-template-abstraction	USF:absent-both-directions			Every day she flips one bean			"[""ɛ"", ""v"", ""ɹ"", ""i"", ""d"", ""eɪ"", ""ʃ"", ""iː"", ""f"", ""l"", ""ɪ"", ""p"", ""s"", ""w"", ""ʌ"", ""n"", ""b"", ""iː"", ""n""]"	present_3s	bean	flips bean	0.0	0.0			3.994908227038172			19					she	flip	flips	bean	bean	one	0	0	0	1										0.0	0.0	incongruent	present_3s						372	409	"{""bean"": 409, ""flip"": 372}"
PLAUS_0470	Plausibility	incongruent	0	test	plus	human_reviewed_selected			USF+ds003604-template-abstraction	USF:absent-both-directions			Every day she flutters one torture			"[""ɛ"", ""v"", ""ɹ"", ""i"", ""d"", ""eɪ"", ""ʃ"", ""iː"", ""f"", ""l"", ""ʌ"", ""t"", ""ə"", ""ɹ"", ""z"", ""w"", ""ʌ"", ""n"", ""t"", ""ɔ"", ""ɹ"", ""t̠ʃ"", ""ə"", ""ɹ""]"	present_3s	torture	flutters torture	0.0	0.0			3.568934176765745			24					she	flutter	flutters	torture	torture	one	0	0	0	1										0.0	0.0	incongruent	present_3s						6	17	"{""flutter"": 6, ""torture"": 17}"
PLAUS_0471	Plausibility	incongruent	0	test	plus	human_reviewed_selected			USF+ds003604-template-abstraction	USF:absent-both-directions			Every day she reaches one reason			"[""ɛ"", ""v"", ""ɹ"", ""i"", ""d"", ""eɪ"", ""ʃ"", ""iː"", ""ɹ"", ""iː"", ""t̠ʃ"", ""ɪ"", ""z"", ""w"", ""ʌ"", ""n"", ""ɹ"", ""iː"", ""z"", ""ə"", ""n""]"	present_3s	reason	reaches reason	0.0	0.0			5.020747748727253			21					she	reach	reaches	reason	reason	one	0	0	0	1										0.0	0.0	incongruent	present_3s						864	400	"{""reach"": 864, ""reason"": 400}"
PLAUS_0472	Plausibility	incongruent	0	test	plus	human_reviewed_selected			USF+ds003604-template-abstraction	USF:absent-both-directions			Every day she reaches two reasons			"[""ɛ"", ""v"", ""ɹ"", ""i"", ""d"", ""eɪ"", ""ʃ"", ""iː"", ""ɹ"", ""iː"", ""t̠ʃ"", ""ɪ"", ""z"", ""t"", ""uː"", ""ɹ"", ""iː"", ""z"", ""ə"", ""n"", ""z""]"	present_3s	reasons	reaches reasons	0.0	0.0			5.020747748727253			21					she	reach	reaches	reason	reasons	two	0	0	0	1										0.0	0.0	incongruent	present_3s						864	400	"{""reach"": 864, ""reason"": 400}"
PLAUS_0473	Plausibility	incongruent	0	test	plus	human_reviewed_selected			USF+ds003604-template-abstraction	USF:absent-both-directions			Every day she reaches two voices			"[""ɛ"", ""v"", ""ɹ"", ""i"", ""d"", ""eɪ"", ""ʃ"", ""iː"", ""ɹ"", ""iː"", ""t̠ʃ"", ""ɪ"", ""z"", ""t"", ""uː"", ""v"", ""ɔɪ"", ""s"", ""ɪ"", ""z""]"	present_3s	voices	reaches voices	0.0	0.0			4.845283368110146			20					she	reach	reaches	voice	voices	two	0	0	0	1										0.0	0.0	incongruent	present_3s						864	619	"{""reach"": 864, ""voice"": 619}"
PLAUS_0474	Plausibility	incongruent	0	test	plus	human_reviewed_selected			USF+ds003604-template-abstraction	USF:absent-both-directions			Every day they decide one blender			"[""ɛ"", ""v"", ""ɹ"", ""i"", ""d"", ""eɪ"", ""ð"", ""eɪ"", ""d"", ""ɪ"", ""s"", ""aɪ"", ""d"", ""w"", ""ʌ"", ""n"", ""b"", ""l"", ""ɛ"", ""n"", ""d"", ""ə"", ""ɹ""]"	present_3s	blender	decide blender	0.0	0.0			3.9621903250806403			23					they	decide	decide	blender	blender	one	0	0	0	1										0.0	0.0	incongruent	present_3s						230	49	"{""blender"": 49, ""decide"": 230}"
PLAUS_0475	Plausibility	incongruent	0	test	plus	human_reviewed_selected			USF+ds003604-template-abstraction	USF:absent-both-directions			Every day they demolish one gold			"[""ɛ"", ""v"", ""ɹ"", ""i"", ""d"", ""eɪ"", ""ð"", ""eɪ"", ""d"", ""ɪ"", ""m"", ""ɑ"", ""l"", ""ɪ"", ""ʃ"", ""w"", ""ʌ"", ""n"", ""ɡ"", ""oʊ"", ""l"", ""d""]"	present_3s	gold	demolish gold	0.0	0.0			3.8105485912578754			22					they	demolish	demolish	gold	gold	one	0	0	0	1	unseen_phase1:demolish									0.0	0.0	incongruent	present_3s						0	329	"{""demolish"": 0, ""gold"": 329}"
PLAUS_0476	Plausibility	incongruent	0	test	plus	human_reviewed_selected			USF+ds003604-template-abstraction	USF:absent-both-directions			Every day they flip five beans			"[""ɛ"", ""v"", ""ɹ"", ""i"", ""d"", ""eɪ"", ""ð"", ""eɪ"", ""f"", ""l"", ""ɪ"", ""p"", ""f"", ""aɪ"", ""v"", ""b"", ""iː"", ""n"", ""z""]"	present_3s	beans	flip beans	0.0	0.0			3.994908227038172			19					they	flip	flip	bean	beans	five	0	0	0	1										0.0	0.0	incongruent	present_3s						372	409	"{""bean"": 409, ""flip"": 372}"
PLAUS_0477	Plausibility	incongruent	0	test	plus	human_reviewed_selected			USF+ds003604-template-abstraction	USF:absent-both-directions			Every day they flip three beans			"[""ɛ"", ""v"", ""ɹ"", ""i"", ""d"", ""eɪ"", ""ð"", ""eɪ"", ""f"", ""l"", ""ɪ"", ""p"", ""θ"", ""ɹ"", ""iː"", ""b"", ""iː"", ""n"", ""z""]"	present_3s	beans	flip beans	0.0	0.0			3.994908227038172			19					they	flip	flip	bean	beans	three	0	0	0	1										0.0	0.0	incongruent	present_3s						372	409	"{""bean"": 409, ""flip"": 372}"
PLAUS_0478	Plausibility	incongruent	0	test	plus	human_reviewed_selected			USF+ds003604-template-abstraction	USF:absent-both-directions			Every day they flutter two tortures			"[""ɛ"", ""v"", ""ɹ"", ""i"", ""d"", ""eɪ"", ""ð"", ""eɪ"", ""f"", ""l"", ""ʌ"", ""t"", ""ə"", ""ɹ"", ""t"", ""uː"", ""t"", ""ɔ"", ""ɹ"", ""t̠ʃ"", ""ə"", ""ɹ"", ""z""]"	present_3s	tortures	flutter tortures	0.0	0.0			3.568934176765745			23					they	flutter	flutter	torture	tortures	two	0	0	0	1										0.0	0.0	incongruent	present_3s						6	17	"{""flutter"": 6, ""torture"": 17}"
PLAUS_0479	Plausibility	incongruent	0	test	plus	human_reviewed_selected			USF+ds003604-template-abstraction	USF:absent-both-directions			Every day they reach three voices			"[""ɛ"", ""v"", ""ɹ"", ""i"", ""d"", ""eɪ"", ""ð"", ""eɪ"", ""ɹ"", ""iː"", ""t̠ʃ"", ""θ"", ""ɹ"", ""iː"", ""v"", ""ɔɪ"", ""s"", ""ɪ"", ""z""]"	present_3s	voices	reach voices	0.0	0.0			4.845283368110146			19					they	reach	reach	voice	voices	three	0	0	0	1										0.0	0.0	incongruent	present_3s						864	619	"{""reach"": 864, ""voice"": 619}"
PLAUS_0480	Plausibility	incongruent	0	test	plus	human_reviewed_selected			USF+ds003604-template-abstraction	USF:absent-both-directions			Every day they reach two reasons			"[""ɛ"", ""v"", ""ɹ"", ""i"", ""d"", ""eɪ"", ""ð"", ""eɪ"", ""ɹ"", ""iː"", ""t̠ʃ"", ""t"", ""uː"", ""ɹ"", ""iː"", ""z"", ""ə"", ""n"", ""z""]"	present_3s	reasons	reach reasons	0.0	0.0			5.020747748727253			19					they	reach	reach	reason	reasons	two	0	0	0	1										0.0	0.0	incongruent	present_3s						864	400	"{""reach"": 864, ""reason"": 400}"
PLAUS_0481	Plausibility	incongruent	0	test	plus	human_reviewed_selected			USF+ds003604-template-abstraction	USF:absent-both-directions			He does not decide three blenders			"[""h"", ""iː"", ""d"", ""ʌ"", ""z"", ""n"", ""ɑ"", ""t"", ""d"", ""ɪ"", ""s"", ""aɪ"", ""d"", ""θ"", ""ɹ"", ""iː"", ""b"", ""l"", ""ɛ"", ""n"", ""d"", ""ə"", ""ɹ"", ""z""]"	do_negation	blenders	does not decide blenders	0.0	0.0			3.9621903250806403			24					he	decide	decide	blender	blenders	three	1	0	0	1										0.0	0.0	incongruent	do_negation						230	49	"{""blender"": 49, ""decide"": 230}"
PLAUS_0482	Plausibility	incongruent	0	test	plus	human_reviewed_selected			USF+ds003604-template-abstraction	USF:absent-both-directions			He does not demolish one gold			"[""h"", ""iː"", ""d"", ""ʌ"", ""z"", ""n"", ""ɑ"", ""t"", ""d"", ""ɪ"", ""m"", ""ɑ"", ""l"", ""ɪ"", ""ʃ"", ""w"", ""ʌ"", ""n"", ""ɡ"", ""oʊ"", ""l"", ""d""]"	do_negation	gold	does not demolish gold	0.0	0.0			3.8105485912578754			22					he	demolish	demolish	gold	gold	one	1	0	0	1	unseen_phase1:demolish									0.0	0.0	incongruent	do_negation						0	329	"{""demolish"": 0, ""gold"": 329}"
PLAUS_0483	Plausibility	incongruent	0	test	plus	human_reviewed_selected			USF+ds003604-template-abstraction	USF:absent-both-directions			He does not reach one reason			"[""h"", ""iː"", ""d"", ""ʌ"", ""z"", ""n"", ""ɑ"", ""t"", ""ɹ"", ""iː"", ""t̠ʃ"", ""w"", ""ʌ"", ""n"", ""ɹ"", ""iː"", ""z"", ""ə"", ""n""]"	do_negation	reason	does not reach reason	0.0	0.0			5.020747748727253			19					he	reach	reach	reason	reason	one	1	0	0	1										0.0	0.0	incongruent	do_negation						864	400	"{""reach"": 864, ""reason"": 400}"
PLAUS_0484	Plausibility	incongruent	0	test	plus	human_reviewed_selected			USF+ds003604-template-abstraction	USF:absent-both-directions			He does not reach one voice			"[""h"", ""iː"", ""d"", ""ʌ"", ""z"", ""n"", ""ɑ"", ""t"", ""ɹ"", ""iː"", ""t̠ʃ"", ""w"", ""ʌ"", ""n"", ""v"", ""ɔɪ"", ""s""]"	do_negation	voice	does not reach voice	0.0	0.0			4.845283368110146			17					he	reach	reach	voice	voice	one	1	0	0	1										0.0	0.0	incongruent	do_negation						864	619	"{""reach"": 864, ""voice"": 619}"
PLAUS_0485	Plausibility	incongruent	0	test	plus	human_reviewed_selected			USF+ds003604-template-abstraction	USF:absent-both-directions			He does not reach three reasons			"[""h"", ""iː"", ""d"", ""ʌ"", ""z"", ""n"", ""ɑ"", ""t"", ""ɹ"", ""iː"", ""t̠ʃ"", ""θ"", ""ɹ"", ""iː"", ""ɹ"", ""iː"", ""z"", ""ə"", ""n"", ""z""]"	do_negation	reasons	does not reach reasons	0.0	0.0			5.020747748727253			20					he	reach	reach	reason	reasons	three	1	0	0	1										0.0	0.0	incongruent	do_negation						864	400	"{""reach"": 864, ""reason"": 400}"
PLAUS_0486	Plausibility	incongruent	0	test	plus	human_reviewed_selected			USF+ds003604-template-abstraction	USF:absent-both-directions			He does not reach three voices			"[""h"", ""iː"", ""d"", ""ʌ"", ""z"", ""n"", ""ɑ"", ""t"", ""ɹ"", ""iː"", ""t̠ʃ"", ""θ"", ""ɹ"", ""iː"", ""v"", ""ɔɪ"", ""s"", ""ɪ"", ""z""]"	do_negation	voices	does not reach voices	0.0	0.0			4.845283368110146			19					he	reach	reach	voice	voices	three	1	0	0	1										0.0	0.0	incongruent	do_negation						864	619	"{""reach"": 864, ""voice"": 619}"
PLAUS_0487	Plausibility	incongruent	0	test	plus	human_reviewed_selected			USF+ds003604-template-abstraction	USF:absent-both-directions			He does not reach two reasons			"[""h"", ""iː"", ""d"", ""ʌ"", ""z"", ""n"", ""ɑ"", ""t"", ""ɹ"", ""iː"", ""t̠ʃ"", ""t"", ""uː"", ""ɹ"", ""iː"", ""z"", ""ə"", ""n"", ""z""]"	do_negation	reasons	does not reach reasons	0.0	0.0			5.020747748727253			19					he	reach	reach	reason	reasons	two	1	0	0	1										0.0	0.0	incongruent	do_negation						864	400	"{""reach"": 864, ""reason"": 400}"
PLAUS_0488	Plausibility	incongruent	0	test	plus	human_reviewed_selected			USF+ds003604-template-abstraction	USF:absent-both-directions			He is deciding three blenders			"[""h"", ""iː"", ""ɪ"", ""z"", ""d"", ""ɪ"", ""s"", ""aɪ"", ""d"", ""ɪ"", ""ŋ"", ""θ"", ""ɹ"", ""iː"", ""b"", ""l"", ""ɛ"", ""n"", ""d"", ""ə"", ""ɹ"", ""z""]"	be_progressive	blenders	is deciding blenders	0.0	0.0			3.9621903250806403			22					he	decide	deciding	blender	blenders	three	0	0	0	1										0.0	0.0	incongruent	be_progressive						230	49	"{""blender"": 49, ""decide"": 230}"
PLAUS_0489	Plausibility	incongruent	0	test	plus	human_reviewed_selected			USF+ds003604-template-abstraction	USF:absent-both-directions			He is deciding two blenders			"[""h"", ""iː"", ""ɪ"", ""z"", ""d"", ""ɪ"", ""s"", ""aɪ"", ""d"", ""ɪ"", ""ŋ"", ""t"", ""uː"", ""b"", ""l"", ""ɛ"", ""n"", ""d"", ""ə"", ""ɹ"", ""z""]"	be_progressive	blenders	is deciding blenders	0.0	0.0			3.9621903250806403			21					he	decide	deciding	blender	blenders	two	0	0	0	1										0.0	0.0	incongruent	be_progressive						230	49	"{""blender"": 49, ""decide"": 230}"
PLAUS_0490	Plausibility	incongruent	0	test	plus	human_reviewed_selected			USF+ds003604-template-abstraction	USF:absent-both-directions			He is demolishing two golds			"[""h"", ""iː"", ""ɪ"", ""z"", ""d"", ""ɪ"", ""m"", ""ɑ"", ""l"", ""ɪ"", ""ʃ"", ""ɪ"", ""ŋ"", ""t"", ""uː"", ""ɡ"", ""oʊ"", ""l"", ""d"", ""z""]"	be_progressive	golds	is demolishing golds	0.0	0.0			3.8105485912578754			20					he	demolish	demolishing	gold	golds	two	0	0	0	1	unseen_phase1:demolish									0.0	0.0	incongruent	be_progressive						0	329	"{""demolish"": 0, ""gold"": 329}"
PLAUS_0491	Plausibility	incongruent	0	test	plus	human_reviewed_selected			USF+ds003604-template-abstraction	USF:absent-both-directions			He is flipping one bean			"[""h"", ""iː"", ""ɪ"", ""z"", ""f"", ""l"", ""ɪ"", ""p"", ""ɪ"", ""ŋ"", ""w"", ""ʌ"", ""n"", ""b"", ""iː"", ""n""]"	be_progressive	bean	is flipping bean	0.0	0.0			3.994908227038172			16					he	flip	flipping	bean	bean	one	0	0	0	1										0.0	0.0	incongruent	be_progressive						372	409	"{""bean"": 409, ""flip"": 372}"
PLAUS_0492	Plausibility	incongruent	0	test	plus	human_reviewed_selected			USF+ds003604-template-abstraction	USF:absent-both-directions			He is fluttering three tortures			"[""h"", ""iː"", ""ɪ"", ""z"", ""f"", ""l"", ""ʌ"", ""t"", ""ə"", ""ɹ"", ""ɹ"", ""ɪ"", ""ŋ"", ""θ"", ""ɹ"", ""iː"", ""t"", ""ɔ"", ""ɹ"", ""t̠ʃ"", ""ə"", ""ɹ"", ""z""]"	be_progressive	tortures	is fluttering tortures	0.0	0.0			3.568934176765745			23					he	flutter	fluttering	torture	tortures	three	0	0	0	1										0.0	0.0	incongruent	be_progressive						6	17	"{""flutter"": 6, ""torture"": 17}"
PLAUS_0493	Plausibility	incongruent	0	test	plus	human_reviewed_selected			USF+ds003604-template-abstraction	USF:absent-both-directions			He is reaching three voices			"[""h"", ""iː"", ""ɪ"", ""z"", ""ɹ"", ""iː"", ""t̠ʃ"", ""ɪ"", ""ŋ"", ""θ"", ""ɹ"", ""iː"", ""v"", ""ɔɪ"", ""s"", ""ɪ"", ""z""]"	be_progressive	voices	is reaching voices	0.0	0.0			4.845283368110146			17					he	reach	reaching	voice	voices	three	0	0	0	1										0.0	0.0	incongruent	be_progressive						864	619	"{""reach"": 864, ""voice"": 619}"
PLAUS_0494	Plausibility	incongruent	0	test	plus	human_reviewed_selected			USF+ds003604-template-abstraction	USF:absent-both-directions			He is reaching two voices			"[""h"", ""iː"", ""ɪ"", ""z"", ""ɹ"", ""iː"", ""t̠ʃ"", ""ɪ"", ""ŋ"", ""t"", ""uː"", ""v"", ""ɔɪ"", ""s"", ""ɪ"", ""z""]"	be_progressive	voices	is reaching voices	0.0	0.0			4.845283368110146			16					he	reach	reaching	voice	voices	two	0	0	0	1										0.0	0.0	incongruent	be_progressive						864	619	"{""reach"": 864, ""voice"": 619}"
PLAUS_0495	Plausibility	incongruent	0	test	plus	human_reviewed_selected			USF+ds003604-template-abstraction	USF:absent-both-directions			Last week he decided three blenders			"[""l"", ""æ"", ""s"", ""t"", ""w"", ""iː"", ""k"", ""h"", ""iː"", ""d"", ""ɪ"", ""s"", ""aɪ"", ""d"", ""ɪ"", ""d"", ""θ"", ""ɹ"", ""iː"", ""b"", ""l"", ""ɛ"", ""n"", ""d"", ""ə"", ""ɹ"", ""z""]"	simple_past	blenders	decided blenders	0.0	0.0			3.9621903250806403			27					he	decide	decided	blender	blenders	three	0	0	0	1										0.0	0.0	incongruent	simple_past						230	49	"{""blender"": 49, ""decide"": 230}"
PLAUS_0496	Plausibility	incongruent	0	test	plus	human_reviewed_selected			USF+ds003604-template-abstraction	USF:absent-both-directions			Last week he demolished three golds			"[""l"", ""æ"", ""s"", ""t"", ""w"", ""iː"", ""k"", ""h"", ""iː"", ""d"", ""ɪ"", ""m"", ""ɑ"", ""l"", ""ɪ"", ""ʃ"", ""t"", ""θ"", ""ɹ"", ""iː"", ""ɡ"", ""oʊ"", ""l"", ""d"", ""z""]"	simple_past	golds	demolished golds	0.0	0.0			3.8105485912578754			25					he	demolish	demolished	gold	golds	three	0	0	0	1	unseen_phase1:demolish									0.0	0.0	incongruent	simple_past						0	329	"{""demolish"": 0, ""gold"": 329}"
PLAUS_0497	Plausibility	incongruent	0	test	plus	human_reviewed_selected			USF+ds003604-template-abstraction	USF:absent-both-directions			Last week he fluttered three tortures			"[""l"", ""æ"", ""s"", ""t"", ""w"", ""iː"", ""k"", ""h"", ""iː"", ""f"", ""l"", ""ʌ"", ""t"", ""ə"", ""ɹ"", ""d"", ""θ"", ""ɹ"", ""iː"", ""t"", ""ɔ"", ""ɹ"", ""t̠ʃ"", ""ə"", ""ɹ"", ""z""]"	simple_past	tortures	fluttered tortures	0.0	0.0			3.568934176765745			26					he	flutter	fluttered	torture	tortures	three	0	0	0	1										0.0	0.0	incongruent	simple_past						6	17	"{""flutter"": 6, ""torture"": 17}"
PLAUS_0498	Plausibility	incongruent	0	test	plus	human_reviewed_selected			USF+ds003604-template-abstraction	USF:absent-both-directions			Last week she flipped one bean			"[""l"", ""æ"", ""s"", ""t"", ""w"", ""iː"", ""k"", ""ʃ"", ""iː"", ""f"", ""l"", ""ɪ"", ""p"", ""t"", ""w"", ""ʌ"", ""n"", ""b"", ""iː"", ""n""]"	simple_past	bean	flipped bean	0.0	0.0			3.994908227038172			20					she	flip	flipped	bean	bean	one	0	0	0	1										0.0	0.0	incongruent	simple_past						372	409	"{""bean"": 409, ""flip"": 372}"
PLAUS_0499	Plausibility	incongruent	0	test	plus	human_reviewed_selected			USF+ds003604-template-abstraction	USF:absent-both-directions			Last week she fluttered two tortures			"[""l"", ""æ"", ""s"", ""t"", ""w"", ""iː"", ""k"", ""ʃ"", ""iː"", ""f"", ""l"", ""ʌ"", ""t"", ""ə"", ""ɹ"", ""d"", ""t"", ""uː"", ""t"", ""ɔ"", ""ɹ"", ""t̠ʃ"", ""ə"", ""ɹ"", ""z""]"	simple_past	tortures	fluttered tortures	0.0	0.0			3.568934176765745			25					she	flutter	fluttered	torture	tortures	two	0	0	0	1										0.0	0.0	incongruent	simple_past						6	17	"{""flutter"": 6, ""torture"": 17}"
PLAUS_0500	Plausibility	incongruent	0	test	plus	human_reviewed_selected			USF+ds003604-template-abstraction	USF:absent-both-directions			Last week she reached two reasons			"[""l"", ""æ"", ""s"", ""t"", ""w"", ""iː"", ""k"", ""ʃ"", ""iː"", ""ɹ"", ""iː"", ""t̠ʃ"", ""t"", ""t"", ""uː"", ""ɹ"", ""iː"", ""z"", ""ə"", ""n"", ""z""]"	simple_past	reasons	reached reasons	0.0	0.0			5.020747748727253			21					she	reach	reached	reason	reasons	two	0	0	0	1										0.0	0.0	incongruent	simple_past						864	400	"{""reach"": 864, ""reason"": 400}"
PLAUS_0501	Plausibility	incongruent	0	test	plus	human_reviewed_selected			USF+ds003604-template-abstraction	USF:absent-both-directions			Last week she reached two voices			"[""l"", ""æ"", ""s"", ""t"", ""w"", ""iː"", ""k"", ""ʃ"", ""iː"", ""ɹ"", ""iː"", ""t̠ʃ"", ""t"", ""t"", ""uː"", ""v"", ""ɔɪ"", ""s"", ""ɪ"", ""z""]"	simple_past	voices	reached voices	0.0	0.0			4.845283368110146			20					she	reach	reached	voice	voices	two	0	0	0	1										0.0	0.0	incongruent	simple_past						864	619	"{""reach"": 864, ""voice"": 619}"
PLAUS_0502	Plausibility	incongruent	0	test	plus	human_reviewed_selected			USF+ds003604-template-abstraction	USF:absent-both-directions			Last week they decided one blender			"[""l"", ""æ"", ""s"", ""t"", ""w"", ""iː"", ""k"", ""ð"", ""eɪ"", ""d"", ""ɪ"", ""s"", ""aɪ"", ""d"", ""ɪ"", ""d"", ""w"", ""ʌ"", ""n"", ""b"", ""l"", ""ɛ"", ""n"", ""d"", ""ə"", ""ɹ""]"	simple_past	blender	decided blender	0.0	0.0			3.9621903250806403			26					they	decide	decided	blender	blender	one	0	0	0	1										0.0	0.0	incongruent	simple_past						230	49	"{""blender"": 49, ""decide"": 230}"
PLAUS_0503	Plausibility	incongruent	0	test	plus	human_reviewed_selected			USF+ds003604-template-abstraction	USF:absent-both-directions			Last week they demolished three golds			"[""l"", ""æ"", ""s"", ""t"", ""w"", ""iː"", ""k"", ""ð"", ""eɪ"", ""d"", ""ɪ"", ""m"", ""ɑ"", ""l"", ""ɪ"", ""ʃ"", ""t"", ""θ"", ""ɹ"", ""iː"", ""ɡ"", ""oʊ"", ""l"", ""d"", ""z""]"	simple_past	golds	demolished golds	0.0	0.0			3.8105485912578754			25					they	demolish	demolished	gold	golds	three	0	0	0	1	unseen_phase1:demolish									0.0	0.0	incongruent	simple_past						0	329	"{""demolish"": 0, ""gold"": 329}"
PLAUS_0504	Plausibility	incongruent	0	test	plus	human_reviewed_selected			USF+ds003604-template-abstraction	USF:absent-both-directions			Last week they flipped one bean			"[""l"", ""æ"", ""s"", ""t"", ""w"", ""iː"", ""k"", ""ð"", ""eɪ"", ""f"", ""l"", ""ɪ"", ""p"", ""t"", ""w"", ""ʌ"", ""n"", ""b"", ""iː"", ""n""]"	simple_past	bean	flipped bean	0.0	0.0			3.994908227038172			20					they	flip	flipped	bean	bean	one	0	0	0	1										0.0	0.0	incongruent	simple_past						372	409	"{""bean"": 409, ""flip"": 372}"
PLAUS_0505	Plausibility	incongruent	0	test	plus	human_reviewed_selected			USF+ds003604-template-abstraction	USF:absent-both-directions			Last week they flipped three beans			"[""l"", ""æ"", ""s"", ""t"", ""w"", ""iː"", ""k"", ""ð"", ""eɪ"", ""f"", ""l"", ""ɪ"", ""p"", ""t"", ""θ"", ""ɹ"", ""iː"", ""b"", ""iː"", ""n"", ""z""]"	simple_past	beans	flipped beans	0.0	0.0			3.994908227038172			21					they	flip	flipped	bean	beans	three	0	0	0	1										0.0	0.0	incongruent	simple_past						372	409	"{""bean"": 409, ""flip"": 372}"
PLAUS_0506	Plausibility	incongruent	0	test	plus	human_reviewed_selected			USF+ds003604-template-abstraction	USF:absent-both-directions			Last week they reached one reason			"[""l"", ""æ"", ""s"", ""t"", ""w"", ""iː"", ""k"", ""ð"", ""eɪ"", ""ɹ"", ""iː"", ""t̠ʃ"", ""t"", ""w"", ""ʌ"", ""n"", ""ɹ"", ""iː"", ""z"", ""ə"", ""n""]"	simple_past	reason	reached reason	0.0	0.0			5.020747748727253			21					they	reach	reached	reason	reason	one	0	0	0	1										0.0	0.0	incongruent	simple_past						864	400	"{""reach"": 864, ""reason"": 400}"
PLAUS_0507	Plausibility	incongruent	0	test	plus	human_reviewed_selected			USF+ds003604-template-abstraction	USF:absent-both-directions			Last week they reached one voice			"[""l"", ""æ"", ""s"", ""t"", ""w"", ""iː"", ""k"", ""ð"", ""eɪ"", ""ɹ"", ""iː"", ""t̠ʃ"", ""t"", ""w"", ""ʌ"", ""n"", ""v"", ""ɔɪ"", ""s""]"	simple_past	voice	reached voice	0.0	0.0			4.845283368110146			19					they	reach	reached	voice	voice	one	0	0	0	1										0.0	0.0	incongruent	simple_past						864	619	"{""reach"": 864, ""voice"": 619}"
PLAUS_0508	Plausibility	incongruent	0	test	plus	human_reviewed_selected			USF+ds003604-template-abstraction	USF:absent-both-directions			Last week they reached three voices			"[""l"", ""æ"", ""s"", ""t"", ""w"", ""iː"", ""k"", ""ð"", ""eɪ"", ""ɹ"", ""iː"", ""t̠ʃ"", ""t"", ""θ"", ""ɹ"", ""iː"", ""v"", ""ɔɪ"", ""s"", ""ɪ"", ""z""]"	simple_past	voices	reached voices	0.0	0.0			4.845283368110146			21					they	reach	reached	voice	voices	three	0	0	0	1										0.0	0.0	incongruent	simple_past						864	619	"{""reach"": 864, ""voice"": 619}"
PLAUS_0509	Plausibility	incongruent	0	test	plus	human_reviewed_selected			USF+ds003604-template-abstraction	USF:absent-both-directions			Last week they reached two reasons			"[""l"", ""æ"", ""s"", ""t"", ""w"", ""iː"", ""k"", ""ð"", ""eɪ"", ""ɹ"", ""iː"", ""t̠ʃ"", ""t"", ""t"", ""uː"", ""ɹ"", ""iː"", ""z"", ""ə"", ""n"", ""z""]"	simple_past	reasons	reached reasons	0.0	0.0			5.020747748727253			21					they	reach	reached	reason	reasons	two	0	0	0	1										0.0	0.0	incongruent	simple_past						864	400	"{""reach"": 864, ""reason"": 400}"
PLAUS_0510	Plausibility	incongruent	0	test	plus	human_reviewed_selected			USF+ds003604-template-abstraction	USF:absent-both-directions			She does not decide three blenders			"[""ʃ"", ""iː"", ""d"", ""ʌ"", ""z"", ""n"", ""ɑ"", ""t"", ""d"", ""ɪ"", ""s"", ""aɪ"", ""d"", ""θ"", ""ɹ"", ""iː"", ""b"", ""l"", ""ɛ"", ""n"", ""d"", ""ə"", ""ɹ"", ""z""]"	do_negation	blenders	does not decide blenders	0.0	0.0			3.9621903250806403			24					she	decide	decide	blender	blenders	three	1	0	0	1										0.0	0.0	incongruent	do_negation						230	49	"{""blender"": 49, ""decide"": 230}"
PLAUS_0511	Plausibility	incongruent	0	test	plus	human_reviewed_selected			USF+ds003604-template-abstraction	USF:absent-both-directions			She does not flip one bean			"[""ʃ"", ""iː"", ""d"", ""ʌ"", ""z"", ""n"", ""ɑ"", ""t"", ""f"", ""l"", ""ɪ"", ""p"", ""w"", ""ʌ"", ""n"", ""b"", ""iː"", ""n""]"	do_negation	bean	does not flip bean	0.0	0.0			3.994908227038172			18					she	flip	flip	bean	bean	one	1	0	0	1										0.0	0.0	incongruent	do_negation						372	409	"{""bean"": 409, ""flip"": 372}"
PLAUS_0512	Plausibility	incongruent	0	test	plus	human_reviewed_selected			USF+ds003604-template-abstraction	USF:absent-both-directions			She does not flip two beans			"[""ʃ"", ""iː"", ""d"", ""ʌ"", ""z"", ""n"", ""ɑ"", ""t"", ""f"", ""l"", ""ɪ"", ""p"", ""t"", ""uː"", ""b"", ""iː"", ""n"", ""z""]"	do_negation	beans	does not flip beans	0.0	0.0			3.994908227038172			18					she	flip	flip	bean	beans	two	1	0	0	1										0.0	0.0	incongruent	do_negation						372	409	"{""bean"": 409, ""flip"": 372}"
PLAUS_0513	Plausibility	incongruent	0	test	plus	human_reviewed_selected			USF+ds003604-template-abstraction	USF:absent-both-directions			She does not reach two reasons			"[""ʃ"", ""iː"", ""d"", ""ʌ"", ""z"", ""n"", ""ɑ"", ""t"", ""ɹ"", ""iː"", ""t̠ʃ"", ""t"", ""uː"", ""ɹ"", ""iː"", ""z"", ""ə"", ""n"", ""z""]"	do_negation	reasons	does not reach reasons	0.0	0.0			5.020747748727253			19					she	reach	reach	reason	reasons	two	1	0	0	1										0.0	0.0	incongruent	do_negation						864	400	"{""reach"": 864, ""reason"": 400}"
PLAUS_0514	Plausibility	incongruent	0	test	plus	human_reviewed_selected			USF+ds003604-template-abstraction	USF:absent-both-directions			She is deciding one blender			"[""ʃ"", ""iː"", ""ɪ"", ""z"", ""d"", ""ɪ"", ""s"", ""aɪ"", ""d"", ""ɪ"", ""ŋ"", ""w"", ""ʌ"", ""n"", ""b"", ""l"", ""ɛ"", ""n"", ""d"", ""ə"", ""ɹ""]"	be_progressive	blender	is deciding blender	0.0	0.0			3.9621903250806403			21					she	decide	deciding	blender	blender	one	0	0	0	1										0.0	0.0	incongruent	be_progressive						230	49	"{""blender"": 49, ""decide"": 230}"
PLAUS_0515	Plausibility	incongruent	0	test	plus	human_reviewed_selected			USF+ds003604-template-abstraction	USF:absent-both-directions			She is deciding two blenders			"[""ʃ"", ""iː"", ""ɪ"", ""z"", ""d"", ""ɪ"", ""s"", ""aɪ"", ""d"", ""ɪ"", ""ŋ"", ""t"", ""uː"", ""b"", ""l"", ""ɛ"", ""n"", ""d"", ""ə"", ""ɹ"", ""z""]"	be_progressive	blenders	is deciding blenders	0.0	0.0			3.9621903250806403			21					she	decide	deciding	blender	blenders	two	0	0	0	1										0.0	0.0	incongruent	be_progressive						230	49	"{""blender"": 49, ""decide"": 230}"
PLAUS_0516	Plausibility	incongruent	0	test	plus	human_reviewed_selected			USF+ds003604-template-abstraction	USF:absent-both-directions			She is flipping two beans			"[""ʃ"", ""iː"", ""ɪ"", ""z"", ""f"", ""l"", ""ɪ"", ""p"", ""ɪ"", ""ŋ"", ""t"", ""uː"", ""b"", ""iː"", ""n"", ""z""]"	be_progressive	beans	is flipping beans	0.0	0.0			3.994908227038172			16					she	flip	flipping	bean	beans	two	0	0	0	1										0.0	0.0	incongruent	be_progressive						372	409	"{""bean"": 409, ""flip"": 372}"
PLAUS_0517	Plausibility	incongruent	0	test	plus	human_reviewed_selected			USF+ds003604-template-abstraction	USF:absent-both-directions			She is fluttering three tortures			"[""ʃ"", ""iː"", ""ɪ"", ""z"", ""f"", ""l"", ""ʌ"", ""t"", ""ə"", ""ɹ"", ""ɹ"", ""ɪ"", ""ŋ"", ""θ"", ""ɹ"", ""iː"", ""t"", ""ɔ"", ""ɹ"", ""t̠ʃ"", ""ə"", ""ɹ"", ""z""]"	be_progressive	tortures	is fluttering tortures	0.0	0.0			3.568934176765745			23					she	flutter	fluttering	torture	tortures	three	0	0	0	1										0.0	0.0	incongruent	be_progressive						6	17	"{""flutter"": 6, ""torture"": 17}"
PLAUS_0518	Plausibility	incongruent	0	test	plus	human_reviewed_selected			USF+ds003604-template-abstraction	USF:absent-both-directions			She is fluttering two tortures			"[""ʃ"", ""iː"", ""ɪ"", ""z"", ""f"", ""l"", ""ʌ"", ""t"", ""ə"", ""ɹ"", ""ɹ"", ""ɪ"", ""ŋ"", ""t"", ""uː"", ""t"", ""ɔ"", ""ɹ"", ""t̠ʃ"", ""ə"", ""ɹ"", ""z""]"	be_progressive	tortures	is fluttering tortures	0.0	0.0			3.568934176765745			22					she	flutter	fluttering	torture	tortures	two	0	0	0	1										0.0	0.0	incongruent	be_progressive						6	17	"{""flutter"": 6, ""torture"": 17}"
PLAUS_0519	Plausibility	incongruent	0	test	plus	human_reviewed_selected			USF+ds003604-template-abstraction	USF:absent-both-directions			She is reaching one voice			"[""ʃ"", ""iː"", ""ɪ"", ""z"", ""ɹ"", ""iː"", ""t̠ʃ"", ""ɪ"", ""ŋ"", ""w"", ""ʌ"", ""n"", ""v"", ""ɔɪ"", ""s""]"	be_progressive	voice	is reaching voice	0.0	0.0			4.845283368110146			15					she	reach	reaching	voice	voice	one	0	0	0	1										0.0	0.0	incongruent	be_progressive						864	619	"{""reach"": 864, ""voice"": 619}"
PLAUS_0520	Plausibility	incongruent	0	test	plus	human_reviewed_selected			USF+ds003604-template-abstraction	USF:absent-both-directions			She is reaching three reasons			"[""ʃ"", ""iː"", ""ɪ"", ""z"", ""ɹ"", ""iː"", ""t̠ʃ"", ""ɪ"", ""ŋ"", ""θ"", ""ɹ"", ""iː"", ""ɹ"", ""iː"", ""z"", ""ə"", ""n"", ""z""]"	be_progressive	reasons	is reaching reasons	0.0	0.0			5.020747748727253			18					she	reach	reaching	reason	reasons	three	0	0	0	1										0.0	0.0	incongruent	be_progressive						864	400	"{""reach"": 864, ""reason"": 400}"
PLAUS_0521	Plausibility	incongruent	0	test	plus	human_reviewed_selected			USF+ds003604-template-abstraction	USF:absent-both-directions			She is reaching three voices			"[""ʃ"", ""iː"", ""ɪ"", ""z"", ""ɹ"", ""iː"", ""t̠ʃ"", ""ɪ"", ""ŋ"", ""θ"", ""ɹ"", ""iː"", ""v"", ""ɔɪ"", ""s"", ""ɪ"", ""z""]"	be_progressive	voices	is reaching voices	0.0	0.0			4.845283368110146			17					she	reach	reaching	voice	voices	three	0	0	0	1										0.0	0.0	incongruent	be_progressive						864	619	"{""reach"": 864, ""voice"": 619}"
PLAUS_0522	Plausibility	incongruent	0	test	plus	human_reviewed_selected			USF+ds003604-template-abstraction	USF:absent-both-directions			They are deciding three blenders			"[""ð"", ""eɪ"", ""ɑ"", ""ɹ"", ""d"", ""ɪ"", ""s"", ""aɪ"", ""d"", ""ɪ"", ""ŋ"", ""θ"", ""ɹ"", ""iː"", ""b"", ""l"", ""ɛ"", ""n"", ""d"", ""ə"", ""ɹ"", ""z""]"	be_progressive	blenders	are deciding blenders	0.0	0.0			3.9621903250806403			22					they	decide	deciding	blender	blenders	three	0	0	0	1										0.0	0.0	incongruent	be_progressive						230	49	"{""blender"": 49, ""decide"": 230}"
PLAUS_0523	Plausibility	incongruent	0	test	plus	human_reviewed_selected			USF+ds003604-template-abstraction	USF:absent-both-directions			They are demolishing two golds			"[""ð"", ""eɪ"", ""ɑ"", ""ɹ"", ""d"", ""ɪ"", ""m"", ""ɑ"", ""l"", ""ɪ"", ""ʃ"", ""ɪ"", ""ŋ"", ""t"", ""uː"", ""ɡ"", ""oʊ"", ""l"", ""d"", ""z""]"	be_progressive	golds	are demolishing golds	0.0	0.0			3.8105485912578754			20					they	demolish	demolishing	gold	golds	two	0	0	0	1	unseen_phase1:demolish									0.0	0.0	incongruent	be_progressive						0	329	"{""demolish"": 0, ""gold"": 329}"
PLAUS_0524	Plausibility	incongruent	0	test	plus	human_reviewed_selected			USF+ds003604-template-abstraction	USF:absent-both-directions			They are flipping six beans			"[""ð"", ""eɪ"", ""ɑ"", ""ɹ"", ""f"", ""l"", ""ɪ"", ""p"", ""ɪ"", ""ŋ"", ""s"", ""ɪ"", ""k"", ""s"", ""b"", ""iː"", ""n"", ""z""]"	be_progressive	beans	are flipping beans	0.0	0.0			3.994908227038172			18					they	flip	flipping	bean	beans	six	0	0	0	1										0.0	0.0	incongruent	be_progressive						372	409	"{""bean"": 409, ""flip"": 372}"
PLAUS_0525	Plausibility	incongruent	0	test	plus	human_reviewed_selected			USF+ds003604-template-abstraction	USF:absent-both-directions			They are flipping two beans			"[""ð"", ""eɪ"", ""ɑ"", ""ɹ"", ""f"", ""l"", ""ɪ"", ""p"", ""ɪ"", ""ŋ"", ""t"", ""uː"", ""b"", ""iː"", ""n"", ""z""]"	be_progressive	beans	are flipping beans	0.0	0.0			3.994908227038172			16					they	flip	flipping	bean	beans	two	0	0	0	1										0.0	0.0	incongruent	be_progressive						372	409	"{""bean"": 409, ""flip"": 372}"
PLAUS_0526	Plausibility	incongruent	0	test	plus	human_reviewed_selected			USF+ds003604-template-abstraction	USF:absent-both-directions			They are fluttering two tortures			"[""ð"", ""eɪ"", ""ɑ"", ""ɹ"", ""f"", ""l"", ""ʌ"", ""t"", ""ə"", ""ɹ"", ""ɹ"", ""ɪ"", ""ŋ"", ""t"", ""uː"", ""t"", ""ɔ"", ""ɹ"", ""t̠ʃ"", ""ə"", ""ɹ"", ""z""]"	be_progressive	tortures	are fluttering tortures	0.0	0.0			3.568934176765745			22					they	flutter	fluttering	torture	tortures	two	0	0	0	1										0.0	0.0	incongruent	be_progressive						6	17	"{""flutter"": 6, ""torture"": 17}"
PLAUS_0527	Plausibility	incongruent	0	test	plus	human_reviewed_selected			USF+ds003604-template-abstraction	USF:absent-both-directions			They are reaching four voices			"[""ð"", ""eɪ"", ""ɑ"", ""ɹ"", ""ɹ"", ""iː"", ""t̠ʃ"", ""ɪ"", ""ŋ"", ""f"", ""ɔ"", ""ɹ"", ""v"", ""ɔɪ"", ""s"", ""ɪ"", ""z""]"	be_progressive	voices	are reaching voices	0.0	0.0			4.845283368110146			17					they	reach	reaching	voice	voices	four	0	0	0	1										0.0	0.0	incongruent	be_progressive						864	619	"{""reach"": 864, ""voice"": 619}"
PLAUS_0528	Plausibility	incongruent	0	test	plus	human_reviewed_selected			USF+ds003604-template-abstraction	USF:absent-both-directions			They are reaching one voice			"[""ð"", ""eɪ"", ""ɑ"", ""ɹ"", ""ɹ"", ""iː"", ""t̠ʃ"", ""ɪ"", ""ŋ"", ""w"", ""ʌ"", ""n"", ""v"", ""ɔɪ"", ""s""]"	be_progressive	voice	are reaching voice	0.0	0.0			4.845283368110146			15					they	reach	reaching	voice	voice	one	0	0	0	1										0.0	0.0	incongruent	be_progressive						864	619	"{""reach"": 864, ""voice"": 619}"
PLAUS_0529	Plausibility	incongruent	0	test	plus	human_reviewed_selected			USF+ds003604-template-abstraction	USF:absent-both-directions			They are reaching three reasons			"[""ð"", ""eɪ"", ""ɑ"", ""ɹ"", ""ɹ"", ""iː"", ""t̠ʃ"", ""ɪ"", ""ŋ"", ""θ"", ""ɹ"", ""iː"", ""ɹ"", ""iː"", ""z"", ""ə"", ""n"", ""z""]"	be_progressive	reasons	are reaching reasons	0.0	0.0			5.020747748727253			18					they	reach	reaching	reason	reasons	three	0	0	0	1										0.0	0.0	incongruent	be_progressive						864	400	"{""reach"": 864, ""reason"": 400}"
PLAUS_0530	Plausibility	incongruent	0	test	plus	human_reviewed_selected			USF+ds003604-template-abstraction	USF:absent-both-directions			They are reaching three voices			"[""ð"", ""eɪ"", ""ɑ"", ""ɹ"", ""ɹ"", ""iː"", ""t̠ʃ"", ""ɪ"", ""ŋ"", ""θ"", ""ɹ"", ""iː"", ""v"", ""ɔɪ"", ""s"", ""ɪ"", ""z""]"	be_progressive	voices	are reaching voices	0.0	0.0			4.845283368110146			17					they	reach	reaching	voice	voices	three	0	0	0	1										0.0	0.0	incongruent	be_progressive						864	619	"{""reach"": 864, ""voice"": 619}"
PLAUS_0531	Plausibility	incongruent	0	test	plus	human_reviewed_selected			USF+ds003604-template-abstraction	USF:absent-both-directions			They are reaching two reasons			"[""ð"", ""eɪ"", ""ɑ"", ""ɹ"", ""ɹ"", ""iː"", ""t̠ʃ"", ""ɪ"", ""ŋ"", ""t"", ""uː"", ""ɹ"", ""iː"", ""z"", ""ə"", ""n"", ""z""]"	be_progressive	reasons	are reaching reasons	0.0	0.0			5.020747748727253			17					they	reach	reaching	reason	reasons	two	0	0	0	1										0.0	0.0	incongruent	be_progressive						864	400	"{""reach"": 864, ""reason"": 400}"
PLAUS_0532	Plausibility	incongruent	0	test	plus	human_reviewed_selected			USF+ds003604-template-abstraction	USF:absent-both-directions			They do not decide one blender			"[""ð"", ""eɪ"", ""d"", ""uː"", ""n"", ""ɑ"", ""t"", ""d"", ""ɪ"", ""s"", ""aɪ"", ""d"", ""w"", ""ʌ"", ""n"", ""b"", ""l"", ""ɛ"", ""n"", ""d"", ""ə"", ""ɹ""]"	do_negation	blender	do not decide blender	0.0	0.0			3.9621903250806403			22					they	decide	decide	blender	blender	one	1	0	0	1										0.0	0.0	incongruent	do_negation						230	49	"{""blender"": 49, ""decide"": 230}"
PLAUS_0533	Plausibility	incongruent	0	test	plus	human_reviewed_selected			USF+ds003604-template-abstraction	USF:absent-both-directions			They do not demolish three golds			"[""ð"", ""eɪ"", ""d"", ""uː"", ""n"", ""ɑ"", ""t"", ""d"", ""ɪ"", ""m"", ""ɑ"", ""l"", ""ɪ"", ""ʃ"", ""θ"", ""ɹ"", ""iː"", ""ɡ"", ""oʊ"", ""l"", ""d"", ""z""]"	do_negation	golds	do not demolish golds	0.0	0.0			3.8105485912578754			22					they	demolish	demolish	gold	golds	three	1	0	0	1	unseen_phase1:demolish									0.0	0.0	incongruent	do_negation						0	329	"{""demolish"": 0, ""gold"": 329}"
PLAUS_0534	Plausibility	incongruent	0	test	plus	human_reviewed_selected			USF+ds003604-template-abstraction	USF:absent-both-directions			They do not demolish two golds			"[""ð"", ""eɪ"", ""d"", ""uː"", ""n"", ""ɑ"", ""t"", ""d"", ""ɪ"", ""m"", ""ɑ"", ""l"", ""ɪ"", ""ʃ"", ""t"", ""uː"", ""ɡ"", ""oʊ"", ""l"", ""d"", ""z""]"	do_negation	golds	do not demolish golds	0.0	0.0			3.8105485912578754			21					they	demolish	demolish	gold	golds	two	1	0	0	1	unseen_phase1:demolish									0.0	0.0	incongruent	do_negation						0	329	"{""demolish"": 0, ""gold"": 329}"
PLAUS_0535	Plausibility	incongruent	0	test	plus	human_reviewed_selected			USF+ds003604-template-abstraction	USF:absent-both-directions			They do not flip three beans			"[""ð"", ""eɪ"", ""d"", ""uː"", ""n"", ""ɑ"", ""t"", ""f"", ""l"", ""ɪ"", ""p"", ""θ"", ""ɹ"", ""iː"", ""b"", ""iː"", ""n"", ""z""]"	do_negation	beans	do not flip beans	0.0	0.0			3.994908227038172			18					they	flip	flip	bean	beans	three	1	0	0	1										0.0	0.0	incongruent	do_negation						372	409	"{""bean"": 409, ""flip"": 372}"
PLAUS_0536	Plausibility	incongruent	0	test	plus	human_reviewed_selected			USF+ds003604-template-abstraction	USF:absent-both-directions			They do not flip two beans			"[""ð"", ""eɪ"", ""d"", ""uː"", ""n"", ""ɑ"", ""t"", ""f"", ""l"", ""ɪ"", ""p"", ""t"", ""uː"", ""b"", ""iː"", ""n"", ""z""]"	do_negation	beans	do not flip beans	0.0	0.0			3.994908227038172			17					they	flip	flip	bean	beans	two	1	0	0	1										0.0	0.0	incongruent	do_negation						372	409	"{""bean"": 409, ""flip"": 372}"
PLAUS_0537	Plausibility	incongruent	0	test	plus	human_reviewed_selected			USF+ds003604-template-abstraction	USF:absent-both-directions			They do not flutter one torture			"[""ð"", ""eɪ"", ""d"", ""uː"", ""n"", ""ɑ"", ""t"", ""f"", ""l"", ""ʌ"", ""t"", ""ə"", ""ɹ"", ""w"", ""ʌ"", ""n"", ""t"", ""ɔ"", ""ɹ"", ""t̠ʃ"", ""ə"", ""ɹ""]"	do_negation	torture	do not flutter torture	0.0	0.0			3.568934176765745			22					they	flutter	flutter	torture	torture	one	1	0	0	1										0.0	0.0	incongruent	do_negation						6	17	"{""flutter"": 6, ""torture"": 17}"
PLAUS_0538	Plausibility	incongruent	0	test	plus	human_reviewed_selected			USF+ds003604-template-abstraction	USF:absent-both-directions			They do not reach three reasons			"[""ð"", ""eɪ"", ""d"", ""uː"", ""n"", ""ɑ"", ""t"", ""ɹ"", ""iː"", ""t̠ʃ"", ""θ"", ""ɹ"", ""iː"", ""ɹ"", ""iː"", ""z"", ""ə"", ""n"", ""z""]"	do_negation	reasons	do not reach reasons	0.0	0.0			5.020747748727253			19					they	reach	reach	reason	reasons	three	1	0	0	1										0.0	0.0	incongruent	do_negation						864	400	"{""reach"": 864, ""reason"": 400}"
PLAUS_0539	Plausibility	incongruent	0	test	plus	human_reviewed_selected			USF+ds003604-template-abstraction	USF:absent-both-directions			They do not reach two reasons			"[""ð"", ""eɪ"", ""d"", ""uː"", ""n"", ""ɑ"", ""t"", ""ɹ"", ""iː"", ""t̠ʃ"", ""t"", ""uː"", ""ɹ"", ""iː"", ""z"", ""ə"", ""n"", ""z""]"	do_negation	reasons	do not reach reasons	0.0	0.0			5.020747748727253			18					they	reach	reach	reason	reasons	two	1	0	0	1										0.0	0.0	incongruent	do_negation						864	400	"{""reach"": 864, ""reason"": 400}"
PLAUS_0540	Plausibility	incongruent	0	test	plus	human_reviewed_selected			USF+ds003604-template-abstraction	USF:absent-both-directions			They do not reach two voices			"[""ð"", ""eɪ"", ""d"", ""uː"", ""n"", ""ɑ"", ""t"", ""ɹ"", ""iː"", ""t̠ʃ"", ""t"", ""uː"", ""v"", ""ɔɪ"", ""s"", ""ɪ"", ""z""]"	do_negation	voices	do not reach voices	0.0	0.0			4.845283368110146			17					they	reach	reach	voice	voices	two	1	0	0	1										0.0	0.0	incongruent	do_negation						864	619	"{""reach"": 864, ""voice"": 619}"
PLAUS_0541	Plausibility	strong_congruence	1	test	plus	human_reviewed_selected			USF+ds003604-template-abstraction	USF:Cue_Target_Pairs.C:1356			Every day he celebrates one party			"[""ɛ"", ""v"", ""ɹ"", ""i"", ""d"", ""eɪ"", ""h"", ""iː"", ""s"", ""ɛ"", ""l"", ""ə"", ""b"", ""ɹ"", ""eɪ"", ""t"", ""s"", ""w"", ""ʌ"", ""n"", ""p"", ""ɑ"", ""ɹ"", ""t"", ""i""]"	present_3s	party	celebrates party	0.603	0.0			4.881580377984266			25					he	celebrate	celebrates	party	party	one	0	0	0	1										0.603	0.0	strong_congruence	present_3s						38	1661	"{""celebrate"": 38, ""party"": 1661}"
PLAUS_0542	Plausibility	strong_congruence	1	test	plus	human_reviewed_selected			USF+ds003604-template-abstraction	USF:Cue_Target_Pairs.D-F:4267			Every day he earns one money			"[""ɛ"", ""v"", ""ɹ"", ""i"", ""d"", ""eɪ"", ""h"", ""iː"", ""ɜː"", ""n"", ""z"", ""w"", ""ʌ"", ""n"", ""m"", ""ʌ"", ""n"", ""i""]"	present_3s	money	earns money	0.462	0.0			4.996445084107144			18					he	earn	earns	money	money	one	0	0	0	1										0.462	0.0	strong_congruence	present_3s						22	2700	"{""earn"": 22, ""money"": 2700}"
PLAUS_0543	Plausibility	strong_congruence	1	test	plus	human_reviewed_selected			USF+ds003604-template-abstraction	USF:Cue_Target_Pairs.D-F:4267			Every day he earns two moneys			"[""ɛ"", ""v"", ""ɹ"", ""i"", ""d"", ""eɪ"", ""h"", ""iː"", ""ɜː"", ""n"", ""z"", ""t"", ""uː"", ""m"", ""ʌ"", ""n"", ""i"", ""z""]"	present_3s	moneys	earns moneys	0.462	0.0			4.996445084107144			18					he	earn	earns	money	moneys	two	0	0	0	1										0.462	0.0	strong_congruence	present_3s						22	2700	"{""earn"": 22, ""money"": 2700}"
PLAUS_0544	Plausibility	strong_congruence	1	test	plus	human_reviewed_selected			USF+ds003604-template-abstraction	USF:Cue_Target_Pairs.C:1356			Every day she celebrates one party			"[""ɛ"", ""v"", ""ɹ"", ""i"", ""d"", ""eɪ"", ""ʃ"", ""iː"", ""s"", ""ɛ"", ""l"", ""ə"", ""b"", ""ɹ"", ""eɪ"", ""t"", ""s"", ""w"", ""ʌ"", ""n"", ""p"", ""ɑ"", ""ɹ"", ""t"", ""i""]"	present_3s	party	celebrates party	0.603	0.0			4.881580377984266			25					she	celebrate	celebrates	party	party	one	0	0	0	1										0.603	0.0	strong_congruence	present_3s						38	1661	"{""celebrate"": 38, ""party"": 1661}"
PLAUS_0545	Plausibility	strong_congruence	1	test	plus	human_reviewed_selected			USF+ds003604-template-abstraction	USF:Cue_Target_Pairs.C:1356			Every day she celebrates three parties			"[""ɛ"", ""v"", ""ɹ"", ""i"", ""d"", ""eɪ"", ""ʃ"", ""iː"", ""s"", ""ɛ"", ""l"", ""ə"", ""b"", ""ɹ"", ""eɪ"", ""t"", ""s"", ""θ"", ""ɹ"", ""iː"", ""p"", ""ɑ"", ""ɹ"", ""t"", ""i"", ""z""]"	present_3s	parties	celebrates parties	0.603	0.0			4.881580377984266			26					she	celebrate	celebrates	party	parties	three	0	0	0	1										0.603	0.0	strong_congruence	present_3s						38	1661	"{""celebrate"": 38, ""party"": 1661}"
PLAUS_0546	Plausibility	strong_congruence	1	test	plus	human_reviewed_selected			USF+ds003604-template-abstraction	USF:Cue_Target_Pairs.D-F:4267			Every day she earns one money			"[""ɛ"", ""v"", ""ɹ"", ""i"", ""d"", ""eɪ"", ""ʃ"", ""iː"", ""ɜː"", ""n"", ""z"", ""w"", ""ʌ"", ""n"", ""m"", ""ʌ"", ""n"", ""i""]"	present_3s	money	earns money	0.462	0.0			4.996445084107144			18					she	earn	earns	money	money	one	0	0	0	1										0.462	0.0	strong_congruence	present_3s						22	2700	"{""earn"": 22, ""money"": 2700}"
PLAUS_0547	Plausibility	strong_congruence	1	test	plus	human_reviewed_selected			USF+ds003604-template-abstraction	USF:Cue_Target_Pairs.S:120			Every day she sails one boat			"[""ɛ"", ""v"", ""ɹ"", ""i"", ""d"", ""eɪ"", ""ʃ"", ""iː"", ""s"", ""eɪ"", ""l"", ""z"", ""w"", ""ʌ"", ""n"", ""b"", ""oʊ"", ""t""]"	present_3s	boat	sails boat	0.589	0.134			4.5597211169127885			18					she	sail	sails	boat	boat	one	0	0	0	1										0.589	0.134	strong_congruence	present_3s						164	1945	"{""boat"": 1945, ""sail"": 164}"
PLAUS_0548	Plausibility	strong_congruence	1	test	plus	human_reviewed_selected			USF+ds003604-template-abstraction	USF:Cue_Target_Pairs.S:120			Every day she sails two boats			"[""ɛ"", ""v"", ""ɹ"", ""i"", ""d"", ""eɪ"", ""ʃ"", ""iː"", ""s"", ""eɪ"", ""l"", ""z"", ""t"", ""uː"", ""b"", ""oʊ"", ""t"", ""s""]"	present_3s	boats	sails boats	0.589	0.134			4.5597211169127885			18					she	sail	sails	boat	boats	two	0	0	0	1										0.589	0.134	strong_congruence	present_3s						164	1945	"{""boat"": 1945, ""sail"": 164}"
PLAUS_0549	Plausibility	strong_congruence	1	test	plus	human_reviewed_selected			USF+ds003604-template-abstraction	USF:Cue_Target_Pairs.C:1356			Every day they celebrate three parties			"[""ɛ"", ""v"", ""ɹ"", ""i"", ""d"", ""eɪ"", ""ð"", ""eɪ"", ""s"", ""ɛ"", ""l"", ""ə"", ""b"", ""ɹ"", ""eɪ"", ""t"", ""θ"", ""ɹ"", ""iː"", ""p"", ""ɑ"", ""ɹ"", ""t"", ""i"", ""z""]"	present_3s	parties	celebrate parties	0.603	0.0			4.881580377984266			25					they	celebrate	celebrate	party	parties	three	0	0	0	1										0.603	0.0	strong_congruence	present_3s						38	1661	"{""celebrate"": 38, ""party"": 1661}"
PLAUS_0550	Plausibility	strong_congruence	1	test	plus	human_reviewed_selected			USF+ds003604-template-abstraction	USF:Cue_Target_Pairs.C:1356			Every day they celebrate two parties			"[""ɛ"", ""v"", ""ɹ"", ""i"", ""d"", ""eɪ"", ""ð"", ""eɪ"", ""s"", ""ɛ"", ""l"", ""ə"", ""b"", ""ɹ"", ""eɪ"", ""t"", ""t"", ""uː"", ""p"", ""ɑ"", ""ɹ"", ""t"", ""i"", ""z""]"	present_3s	parties	celebrate parties	0.603	0.0			4.881580377984266			24					they	celebrate	celebrate	party	parties	two	0	0	0	1										0.603	0.0	strong_congruence	present_3s						38	1661	"{""celebrate"": 38, ""party"": 1661}"
PLAUS_0551	Plausibility	strong_congruence	1	test	plus	human_reviewed_selected			USF+ds003604-template-abstraction	USF:Cue_Target_Pairs.C:1356			He does not celebrate one party			"[""h"", ""iː"", ""d"", ""ʌ"", ""z"", ""n"", ""ɑ"", ""t"", ""s"", ""ɛ"", ""l"", ""ə"", ""b"", ""ɹ"", ""eɪ"", ""t"", ""w"", ""ʌ"", ""n"", ""p"", ""ɑ"", ""ɹ"", ""t"", ""i""]"	do_negation	party	does not celebrate party	0.603	0.0			4.881580377984266			24					he	celebrate	celebrate	party	party	one	1	0	0	1										0.603	0.0	strong_congruence	do_negation						38	1661	"{""celebrate"": 38, ""party"": 1661}"
PLAUS_0552	Plausibility	strong_congruence	1	test	plus	human_reviewed_selected			USF+ds003604-template-abstraction	USF:Cue_Target_Pairs.C:1356			He does not celebrate six parties			"[""h"", ""iː"", ""d"", ""ʌ"", ""z"", ""n"", ""ɑ"", ""t"", ""s"", ""ɛ"", ""l"", ""ə"", ""b"", ""ɹ"", ""eɪ"", ""t"", ""s"", ""ɪ"", ""k"", ""s"", ""p"", ""ɑ"", ""ɹ"", ""t"", ""i"", ""z""]"	do_negation	parties	does not celebrate parties	0.603	0.0			4.881580377984266			26					he	celebrate	celebrate	party	parties	six	1	0	0	1										0.603	0.0	strong_congruence	do_negation						38	1661	"{""celebrate"": 38, ""party"": 1661}"
PLAUS_0553	Plausibility	strong_congruence	1	test	plus	human_reviewed_selected			USF+ds003604-template-abstraction	USF:Cue_Target_Pairs.D-F:4267			He does not earn one money			"[""h"", ""iː"", ""d"", ""ʌ"", ""z"", ""n"", ""ɑ"", ""t"", ""ɜː"", ""n"", ""w"", ""ʌ"", ""n"", ""m"", ""ʌ"", ""n"", ""i""]"	do_negation	money	does not earn money	0.462	0.0			4.996445084107144			17					he	earn	earn	money	money	one	1	0	0	1										0.462	0.0	strong_congruence	do_negation						22	2700	"{""earn"": 22, ""money"": 2700}"
PLAUS_0554	Plausibility	strong_congruence	1	test	plus	human_reviewed_selected			USF+ds003604-template-abstraction	USF:Cue_Target_Pairs.S:120			He does not sail one boat			"[""h"", ""iː"", ""d"", ""ʌ"", ""z"", ""n"", ""ɑ"", ""t"", ""s"", ""eɪ"", ""l"", ""w"", ""ʌ"", ""n"", ""b"", ""oʊ"", ""t""]"	do_negation	boat	does not sail boat	0.589	0.134			4.5597211169127885			17					he	sail	sail	boat	boat	one	1	0	0	1										0.589	0.134	strong_congruence	do_negation						164	1945	"{""boat"": 1945, ""sail"": 164}"
PLAUS_0555	Plausibility	strong_congruence	1	test	plus	human_reviewed_selected			USF+ds003604-template-abstraction	USF:Cue_Target_Pairs.C:1356			He is celebrating one party			"[""h"", ""iː"", ""ɪ"", ""z"", ""s"", ""ɛ"", ""l"", ""ə"", ""b"", ""ɹ"", ""eɪ"", ""t"", ""ɪ"", ""ŋ"", ""w"", ""ʌ"", ""n"", ""p"", ""ɑ"", ""ɹ"", ""t"", ""i""]"	be_progressive	party	is celebrating party	0.603	0.0			4.881580377984266			22					he	celebrate	celebrating	party	party	one	0	0	0	1										0.603	0.0	strong_congruence	be_progressive						38	1661	"{""celebrate"": 38, ""party"": 1661}"
PLAUS_0556	Plausibility	strong_congruence	1	test	plus	human_reviewed_selected			USF+ds003604-template-abstraction	USF:Cue_Target_Pairs.D-F:4267			He is earning three moneys			"[""h"", ""iː"", ""ɪ"", ""z"", ""ɜː"", ""n"", ""ɪ"", ""ŋ"", ""θ"", ""ɹ"", ""iː"", ""m"", ""ʌ"", ""n"", ""i"", ""z""]"	be_progressive	moneys	is earning moneys	0.462	0.0			4.996445084107144			16					he	earn	earning	money	moneys	three	0	0	0	1										0.462	0.0	strong_congruence	be_progressive						22	2700	"{""earn"": 22, ""money"": 2700}"
PLAUS_0557	Plausibility	strong_congruence	1	test	plus	human_reviewed_selected			USF+ds003604-template-abstraction	USF:Cue_Target_Pairs.S:120			He is sailing one boat			"[""h"", ""iː"", ""ɪ"", ""z"", ""s"", ""eɪ"", ""l"", ""ɪ"", ""ŋ"", ""w"", ""ʌ"", ""n"", ""b"", ""oʊ"", ""t""]"	be_progressive	boat	is sailing boat	0.589	0.134			4.5597211169127885			15					he	sail	sailing	boat	boat	one	0	0	0	1										0.589	0.134	strong_congruence	be_progressive						164	1945	"{""boat"": 1945, ""sail"": 164}"
PLAUS_0558	Plausibility	strong_congruence	1	test	plus	human_reviewed_selected			USF+ds003604-template-abstraction	USF:Cue_Target_Pairs.S:120			He is sailing two boats			"[""h"", ""iː"", ""ɪ"", ""z"", ""s"", ""eɪ"", ""l"", ""ɪ"", ""ŋ"", ""t"", ""uː"", ""b"", ""oʊ"", ""t"", ""s""]"	be_progressive	boats	is sailing boats	0.589	0.134			4.5597211169127885			15					he	sail	sailing	boat	boats	two	0	0	0	1										0.589	0.134	strong_congruence	be_progressive						164	1945	"{""boat"": 1945, ""sail"": 164}"
PLAUS_0559	Plausibility	strong_congruence	1	test	plus	human_reviewed_selected			USF+ds003604-template-abstraction	USF:Cue_Target_Pairs.C:1356			Last week he celebrated one party			"[""l"", ""æ"", ""s"", ""t"", ""w"", ""iː"", ""k"", ""h"", ""iː"", ""s"", ""ɛ"", ""l"", ""ə"", ""b"", ""ɹ"", ""eɪ"", ""t"", ""ɪ"", ""d"", ""w"", ""ʌ"", ""n"", ""p"", ""ɑ"", ""ɹ"", ""t"", ""i""]"	simple_past	party	celebrated party	0.603	0.0			4.881580377984266			27					he	celebrate	celebrated	party	party	one	0	0	0	1										0.603	0.0	strong_congruence	simple_past						38	1661	"{""celebrate"": 38, ""party"": 1661}"
PLAUS_0560	Plausibility	strong_congruence	1	test	plus	human_reviewed_selected			USF+ds003604-template-abstraction	USF:Cue_Target_Pairs.C:1356			Last week he celebrated three parties			"[""l"", ""æ"", ""s"", ""t"", ""w"", ""iː"", ""k"", ""h"", ""iː"", ""s"", ""ɛ"", ""l"", ""ə"", ""b"", ""ɹ"", ""eɪ"", ""t"", ""ɪ"", ""d"", ""θ"", ""ɹ"", ""iː"", ""p"", ""ɑ"", ""ɹ"", ""t"", ""i"", ""z""]"	simple_past	parties	celebrated parties	0.603	0.0			4.881580377984266			28					he	celebrate	celebrated	party	parties	three	0	0	0	1										0.603	0.0	strong_congruence	simple_past						38	1661	"{""celebrate"": 38, ""party"": 1661}"
PLAUS_0561	Plausibility	strong_congruence	1	test	plus	human_reviewed_selected			USF+ds003604-template-abstraction	USF:Cue_Target_Pairs.C:1356			Last week he celebrated two parties			"[""l"", ""æ"", ""s"", ""t"", ""w"", ""iː"", ""k"", ""h"", ""iː"", ""s"", ""ɛ"", ""l"", ""ə"", ""b"", ""ɹ"", ""eɪ"", ""t"", ""ɪ"", ""d"", ""t"", ""uː"", ""p"", ""ɑ"", ""ɹ"", ""t"", ""i"", ""z""]"	simple_past	parties	celebrated parties	0.603	0.0			4.881580377984266			27					he	celebrate	celebrated	party	parties	two	0	0	0	1										0.603	0.0	strong_congruence	simple_past						38	1661	"{""celebrate"": 38, ""party"": 1661}"
PLAUS_0562	Plausibility	strong_congruence	1	test	plus	human_reviewed_selected			USF+ds003604-template-abstraction	USF:Cue_Target_Pairs.D-F:4267			Last week he earned three moneys			"[""l"", ""æ"", ""s"", ""t"", ""w"", ""iː"", ""k"", ""h"", ""iː"", ""ɜː"", ""n"", ""d"", ""θ"", ""ɹ"", ""iː"", ""m"", ""ʌ"", ""n"", ""i"", ""z""]"	simple_past	moneys	earned moneys	0.462	0.0			4.996445084107144			20					he	earn	earned	money	moneys	three	0	0	0	1										0.462	0.0	strong_congruence	simple_past						22	2700	"{""earn"": 22, ""money"": 2700}"
PLAUS_0563	Plausibility	strong_congruence	1	test	plus	human_reviewed_selected			USF+ds003604-template-abstraction	USF:Cue_Target_Pairs.S:120			Last week he sailed three boats			"[""l"", ""æ"", ""s"", ""t"", ""w"", ""iː"", ""k"", ""h"", ""iː"", ""s"", ""eɪ"", ""l"", ""d"", ""θ"", ""ɹ"", ""iː"", ""b"", ""oʊ"", ""t"", ""s""]"	simple_past	boats	sailed boats	0.589	0.134			4.5597211169127885			20					he	sail	sailed	boat	boats	three	0	0	0	1										0.589	0.134	strong_congruence	simple_past						164	1945	"{""boat"": 1945, ""sail"": 164}"
PLAUS_0564	Plausibility	strong_congruence	1	test	plus	human_reviewed_selected			USF+ds003604-template-abstraction	USF:Cue_Target_Pairs.C:1356			Last week she celebrated three parties			"[""l"", ""æ"", ""s"", ""t"", ""w"", ""iː"", ""k"", ""ʃ"", ""iː"", ""s"", ""ɛ"", ""l"", ""ə"", ""b"", ""ɹ"", ""eɪ"", ""t"", ""ɪ"", ""d"", ""θ"", ""ɹ"", ""iː"", ""p"", ""ɑ"", ""ɹ"", ""t"", ""i"", ""z""]"	simple_past	parties	celebrated parties	0.603	0.0			4.881580377984266			28					she	celebrate	celebrated	party	parties	three	0	0	0	1										0.603	0.0	strong_congruence	simple_past						38	1661	"{""celebrate"": 38, ""party"": 1661}"
PLAUS_0565	Plausibility	strong_congruence	1	test	plus	human_reviewed_selected			USF+ds003604-template-abstraction	USF:Cue_Target_Pairs.S:120			Last week she sailed one boat			"[""l"", ""æ"", ""s"", ""t"", ""w"", ""iː"", ""k"", ""ʃ"", ""iː"", ""s"", ""eɪ"", ""l"", ""d"", ""w"", ""ʌ"", ""n"", ""b"", ""oʊ"", ""t""]"	simple_past	boat	sailed boat	0.589	0.134			4.5597211169127885			19					she	sail	sailed	boat	boat	one	0	0	0	1										0.589	0.134	strong_congruence	simple_past						164	1945	"{""boat"": 1945, ""sail"": 164}"
PLAUS_0566	Plausibility	strong_congruence	1	test	plus	human_reviewed_selected			USF+ds003604-template-abstraction	USF:Cue_Target_Pairs.C:1356			Last week they celebrated one party			"[""l"", ""æ"", ""s"", ""t"", ""w"", ""iː"", ""k"", ""ð"", ""eɪ"", ""s"", ""ɛ"", ""l"", ""ə"", ""b"", ""ɹ"", ""eɪ"", ""t"", ""ɪ"", ""d"", ""w"", ""ʌ"", ""n"", ""p"", ""ɑ"", ""ɹ"", ""t"", ""i""]"	simple_past	party	celebrated party	0.603	0.0			4.881580377984266			27					they	celebrate	celebrated	party	party	one	0	0	0	1										0.603	0.0	strong_congruence	simple_past						38	1661	"{""celebrate"": 38, ""party"": 1661}"
PLAUS_0567	Plausibility	strong_congruence	1	test	plus	human_reviewed_selected			USF+ds003604-template-abstraction	USF:Cue_Target_Pairs.C:1356			Last week they celebrated three parties			"[""l"", ""æ"", ""s"", ""t"", ""w"", ""iː"", ""k"", ""ð"", ""eɪ"", ""s"", ""ɛ"", ""l"", ""ə"", ""b"", ""ɹ"", ""eɪ"", ""t"", ""ɪ"", ""d"", ""θ"", ""ɹ"", ""iː"", ""p"", ""ɑ"", ""ɹ"", ""t"", ""i"", ""z""]"	simple_past	parties	celebrated parties	0.603	0.0			4.881580377984266			28					they	celebrate	celebrated	party	parties	three	0	0	0	1										0.603	0.0	strong_congruence	simple_past						38	1661	"{""celebrate"": 38, ""party"": 1661}"
PLAUS_0568	Plausibility	strong_congruence	1	test	plus	human_reviewed_selected			USF+ds003604-template-abstraction	USF:Cue_Target_Pairs.S:120			Last week they sailed one boat			"[""l"", ""æ"", ""s"", ""t"", ""w"", ""iː"", ""k"", ""ð"", ""eɪ"", ""s"", ""eɪ"", ""l"", ""d"", ""w"", ""ʌ"", ""n"", ""b"", ""oʊ"", ""t""]"	simple_past	boat	sailed boat	0.589	0.134			4.5597211169127885			19					they	sail	sailed	boat	boat	one	0	0	0	1										0.589	0.134	strong_congruence	simple_past						164	1945	"{""boat"": 1945, ""sail"": 164}"
PLAUS_0569	Plausibility	strong_congruence	1	test	plus	human_reviewed_selected			USF+ds003604-template-abstraction	USF:Cue_Target_Pairs.C:1356			She does not celebrate two parties			"[""ʃ"", ""iː"", ""d"", ""ʌ"", ""z"", ""n"", ""ɑ"", ""t"", ""s"", ""ɛ"", ""l"", ""ə"", ""b"", ""ɹ"", ""eɪ"", ""t"", ""t"", ""uː"", ""p"", ""ɑ"", ""ɹ"", ""t"", ""i"", ""z""]"	do_negation	parties	does not celebrate parties	0.603	0.0			4.881580377984266			24					she	celebrate	celebrate	party	parties	two	1	0	0	1										0.603	0.0	strong_congruence	do_negation						38	1661	"{""celebrate"": 38, ""party"": 1661}"
PLAUS_0570	Plausibility	strong_congruence	1	test	plus	human_reviewed_selected			USF+ds003604-template-abstraction	USF:Cue_Target_Pairs.D-F:4267			She does not earn two moneys			"[""ʃ"", ""iː"", ""d"", ""ʌ"", ""z"", ""n"", ""ɑ"", ""t"", ""ɜː"", ""n"", ""t"", ""uː"", ""m"", ""ʌ"", ""n"", ""i"", ""z""]"	do_negation	moneys	does not earn moneys	0.462	0.0			4.996445084107144			17					she	earn	earn	money	moneys	two	1	0	0	1										0.462	0.0	strong_congruence	do_negation						22	2700	"{""earn"": 22, ""money"": 2700}"
PLAUS_0571	Plausibility	strong_congruence	1	test	plus	human_reviewed_selected			USF+ds003604-template-abstraction	USF:Cue_Target_Pairs.S:120			She does not sail three boats			"[""ʃ"", ""iː"", ""d"", ""ʌ"", ""z"", ""n"", ""ɑ"", ""t"", ""s"", ""eɪ"", ""l"", ""θ"", ""ɹ"", ""iː"", ""b"", ""oʊ"", ""t"", ""s""]"	do_negation	boats	does not sail boats	0.589	0.134			4.5597211169127885			18					she	sail	sail	boat	boats	three	1	0	0	1										0.589	0.134	strong_congruence	do_negation						164	1945	"{""boat"": 1945, ""sail"": 164}"
PLAUS_0572	Plausibility	strong_congruence	1	test	plus	human_reviewed_selected			USF+ds003604-template-abstraction	USF:Cue_Target_Pairs.C:1356			She is celebrating one party			"[""ʃ"", ""iː"", ""ɪ"", ""z"", ""s"", ""ɛ"", ""l"", ""ə"", ""b"", ""ɹ"", ""eɪ"", ""t"", ""ɪ"", ""ŋ"", ""w"", ""ʌ"", ""n"", ""p"", ""ɑ"", ""ɹ"", ""t"", ""i""]"	be_progressive	party	is celebrating party	0.603	0.0			4.881580377984266			22					she	celebrate	celebrating	party	party	one	0	0	0	1										0.603	0.0	strong_congruence	be_progressive						38	1661	"{""celebrate"": 38, ""party"": 1661}"
PLAUS_0573	Plausibility	strong_congruence	1	test	plus	human_reviewed_selected			USF+ds003604-template-abstraction	USF:Cue_Target_Pairs.D-F:4267			She is earning two moneys			"[""ʃ"", ""iː"", ""ɪ"", ""z"", ""ɜː"", ""n"", ""ɪ"", ""ŋ"", ""t"", ""uː"", ""m"", ""ʌ"", ""n"", ""i"", ""z""]"	be_progressive	moneys	is earning moneys	0.462	0.0			4.996445084107144			15					she	earn	earning	money	moneys	two	0	0	0	1										0.462	0.0	strong_congruence	be_progressive						22	2700	"{""earn"": 22, ""money"": 2700}"
PLAUS_0574	Plausibility	strong_congruence	1	test	plus	human_reviewed_selected			USF+ds003604-template-abstraction	USF:Cue_Target_Pairs.S:120			She is sailing three boats			"[""ʃ"", ""iː"", ""ɪ"", ""z"", ""s"", ""eɪ"", ""l"", ""ɪ"", ""ŋ"", ""θ"", ""ɹ"", ""iː"", ""b"", ""oʊ"", ""t"", ""s""]"	be_progressive	boats	is sailing boats	0.589	0.134			4.5597211169127885			16					she	sail	sailing	boat	boats	three	0	0	0	1										0.589	0.134	strong_congruence	be_progressive						164	1945	"{""boat"": 1945, ""sail"": 164}"
PLAUS_0575	Plausibility	strong_congruence	1	test	plus	human_reviewed_selected			USF+ds003604-template-abstraction	USF:Cue_Target_Pairs.C:1356			They are celebrating one party			"[""ð"", ""eɪ"", ""ɑ"", ""ɹ"", ""s"", ""ɛ"", ""l"", ""ə"", ""b"", ""ɹ"", ""eɪ"", ""t"", ""ɪ"", ""ŋ"", ""w"", ""ʌ"", ""n"", ""p"", ""ɑ"", ""ɹ"", ""t"", ""i""]"	be_progressive	party	are celebrating party	0.603	0.0			4.881580377984266			22					they	celebrate	celebrating	party	party	one	0	0	0	1										0.603	0.0	strong_congruence	be_progressive						38	1661	"{""celebrate"": 38, ""party"": 1661}"
PLAUS_0576	Plausibility	strong_congruence	1	test	plus	human_reviewed_selected			USF+ds003604-template-abstraction	USF:Cue_Target_Pairs.C:1356			They are celebrating two parties			"[""ð"", ""eɪ"", ""ɑ"", ""ɹ"", ""s"", ""ɛ"", ""l"", ""ə"", ""b"", ""ɹ"", ""eɪ"", ""t"", ""ɪ"", ""ŋ"", ""t"", ""uː"", ""p"", ""ɑ"", ""ɹ"", ""t"", ""i"", ""z""]"	be_progressive	parties	are celebrating parties	0.603	0.0			4.881580377984266			22					they	celebrate	celebrating	party	parties	two	0	0	0	1										0.603	0.0	strong_congruence	be_progressive						38	1661	"{""celebrate"": 38, ""party"": 1661}"
PLAUS_0577	Plausibility	strong_congruence	1	test	plus	human_reviewed_selected			USF+ds003604-template-abstraction	USF:Cue_Target_Pairs.D-F:4267			They are earning three moneys			"[""ð"", ""eɪ"", ""ɑ"", ""ɹ"", ""ɜː"", ""n"", ""ɪ"", ""ŋ"", ""θ"", ""ɹ"", ""iː"", ""m"", ""ʌ"", ""n"", ""i"", ""z""]"	be_progressive	moneys	are earning moneys	0.462	0.0			4.996445084107144			16					they	earn	earning	money	moneys	three	0	0	0	1										0.462	0.0	strong_congruence	be_progressive						22	2700	"{""earn"": 22, ""money"": 2700}"
PLAUS_0578	Plausibility	strong_congruence	1	test	plus	human_reviewed_selected			USF+ds003604-template-abstraction	USF:Cue_Target_Pairs.S:120			They are sailing three boats			"[""ð"", ""eɪ"", ""ɑ"", ""ɹ"", ""s"", ""eɪ"", ""l"", ""ɪ"", ""ŋ"", ""θ"", ""ɹ"", ""iː"", ""b"", ""oʊ"", ""t"", ""s""]"	be_progressive	boats	are sailing boats	0.589	0.134			4.5597211169127885			16					they	sail	sailing	boat	boats	three	0	0	0	1										0.589	0.134	strong_congruence	be_progressive						164	1945	"{""boat"": 1945, ""sail"": 164}"
PLAUS_0579	Plausibility	strong_congruence	1	test	plus	human_reviewed_selected			USF+ds003604-template-abstraction	USF:Cue_Target_Pairs.C:1356			They do not celebrate one party			"[""ð"", ""eɪ"", ""d"", ""uː"", ""n"", ""ɑ"", ""t"", ""s"", ""ɛ"", ""l"", ""ə"", ""b"", ""ɹ"", ""eɪ"", ""t"", ""w"", ""ʌ"", ""n"", ""p"", ""ɑ"", ""ɹ"", ""t"", ""i""]"	do_negation	party	do not celebrate party	0.603	0.0			4.881580377984266			23					they	celebrate	celebrate	party	party	one	1	0	0	1										0.603	0.0	strong_congruence	do_negation						38	1661	"{""celebrate"": 38, ""party"": 1661}"
PLAUS_0580	Plausibility	strong_congruence	1	test	plus	human_reviewed_selected			USF+ds003604-template-abstraction	USF:Cue_Target_Pairs.S:120			They do not sail one boat			"[""ð"", ""eɪ"", ""d"", ""uː"", ""n"", ""ɑ"", ""t"", ""s"", ""eɪ"", ""l"", ""w"", ""ʌ"", ""n"", ""b"", ""oʊ"", ""t""]"	do_negation	boat	do not sail boat	0.589	0.134			4.5597211169127885			16					they	sail	sail	boat	boat	one	1	0	0	1										0.589	0.134	strong_congruence	do_negation						164	1945	"{""boat"": 1945, ""sail"": 164}"
PLAUS_0581	Plausibility	weak_congruence	1	test	plus	human_reviewed_selected			USF+ds003604-template-abstraction	USF:Cue_Target_Pairs.D-F:6461			Every day he expresses five mails			"[""ɛ"", ""v"", ""ɹ"", ""i"", ""d"", ""eɪ"", ""h"", ""iː"", ""ɛ"", ""k"", ""s"", ""p"", ""ɹ"", ""ɛ"", ""s"", ""ɪ"", ""z"", ""f"", ""aɪ"", ""v"", ""m"", ""eɪ"", ""l"", ""z""]"	present_3s	mails	expresses mails	0.062	0.0			4.409866311819242			24					he	express	expresses	mail	mails	five	0	0	0	1										0.062	0.0	weak_congruence	present_3s						37	784	"{""express"": 37, ""mail"": 784}"
PLAUS_0582	Plausibility	weak_congruence	1	test	plus	human_reviewed_selected			USF+ds003604-template-abstraction	USF:Cue_Target_Pairs.D-F:6461			Every day he expresses four mails			"[""ɛ"", ""v"", ""ɹ"", ""i"", ""d"", ""eɪ"", ""h"", ""iː"", ""ɛ"", ""k"", ""s"", ""p"", ""ɹ"", ""ɛ"", ""s"", ""ɪ"", ""z"", ""f"", ""ɔ"", ""ɹ"", ""m"", ""eɪ"", ""l"", ""z""]"	present_3s	mails	expresses mails	0.062	0.0			4.409866311819242			24					he	express	expresses	mail	mails	four	0	0	0	1										0.062	0.0	weak_congruence	present_3s						37	784	"{""express"": 37, ""mail"": 784}"
PLAUS_0583	Plausibility	weak_congruence	1	test	plus	human_reviewed_selected			USF+ds003604-template-abstraction	USF:Cue_Target_Pairs.D-F:6461			Every day he expresses one mail			"[""ɛ"", ""v"", ""ɹ"", ""i"", ""d"", ""eɪ"", ""h"", ""iː"", ""ɛ"", ""k"", ""s"", ""p"", ""ɹ"", ""ɛ"", ""s"", ""ɪ"", ""z"", ""w"", ""ʌ"", ""n"", ""m"", ""eɪ"", ""l""]"	present_3s	mail	expresses mail	0.062	0.0			4.409866311819242			23					he	express	expresses	mail	mail	one	0	0	0	1										0.062	0.0	weak_congruence	present_3s						37	784	"{""express"": 37, ""mail"": 784}"
PLAUS_0584	Plausibility	weak_congruence	1	test	plus	human_reviewed_selected			USF+ds003604-template-abstraction	USF:Cue_Target_Pairs.D-F:6461			Every day he expresses six mails			"[""ɛ"", ""v"", ""ɹ"", ""i"", ""d"", ""eɪ"", ""h"", ""iː"", ""ɛ"", ""k"", ""s"", ""p"", ""ɹ"", ""ɛ"", ""s"", ""ɪ"", ""z"", ""s"", ""ɪ"", ""k"", ""s"", ""m"", ""eɪ"", ""l"", ""z""]"	present_3s	mails	expresses mails	0.062	0.0			4.409866311819242			25					he	express	expresses	mail	mails	six	0	0	0	1										0.062	0.0	weak_congruence	present_3s						37	784	"{""express"": 37, ""mail"": 784}"
PLAUS_0585	Plausibility	weak_congruence	1	test	plus	human_reviewed_selected			USF+ds003604-template-abstraction	USF:Cue_Target_Pairs.D-F:6461			Every day he expresses three mails			"[""ɛ"", ""v"", ""ɹ"", ""i"", ""d"", ""eɪ"", ""h"", ""iː"", ""ɛ"", ""k"", ""s"", ""p"", ""ɹ"", ""ɛ"", ""s"", ""ɪ"", ""z"", ""θ"", ""ɹ"", ""iː"", ""m"", ""eɪ"", ""l"", ""z""]"	present_3s	mails	expresses mails	0.062	0.0			4.409866311819242			24					he	express	expresses	mail	mails	three	0	0	0	1										0.062	0.0	weak_congruence	present_3s						37	784	"{""express"": 37, ""mail"": 784}"
PLAUS_0586	Plausibility	weak_congruence	1	test	plus	human_reviewed_selected			USF+ds003604-template-abstraction	USF:Cue_Target_Pairs.D-F:6461			Every day he expresses two mails			"[""ɛ"", ""v"", ""ɹ"", ""i"", ""d"", ""eɪ"", ""h"", ""iː"", ""ɛ"", ""k"", ""s"", ""p"", ""ɹ"", ""ɛ"", ""s"", ""ɪ"", ""z"", ""t"", ""uː"", ""m"", ""eɪ"", ""l"", ""z""]"	present_3s	mails	expresses mails	0.062	0.0			4.409866311819242			23					he	express	expresses	mail	mails	two	0	0	0	1										0.062	0.0	weak_congruence	present_3s						37	784	"{""express"": 37, ""mail"": 784}"
PLAUS_0587	Plausibility	weak_congruence	1	test	plus	human_reviewed_selected			USF+ds003604-template-abstraction	USF:Cue_Target_Pairs.D-F:6461			Every day she expresses five mails			"[""ɛ"", ""v"", ""ɹ"", ""i"", ""d"", ""eɪ"", ""ʃ"", ""iː"", ""ɛ"", ""k"", ""s"", ""p"", ""ɹ"", ""ɛ"", ""s"", ""ɪ"", ""z"", ""f"", ""aɪ"", ""v"", ""m"", ""eɪ"", ""l"", ""z""]"	present_3s	mails	expresses mails	0.062	0.0			4.409866311819242			24					she	express	expresses	mail	mails	five	0	0	0	1										0.062	0.0	weak_congruence	present_3s						37	784	"{""express"": 37, ""mail"": 784}"
PLAUS_0588	Plausibility	weak_congruence	1	test	plus	human_reviewed_selected			USF+ds003604-template-abstraction	USF:Cue_Target_Pairs.D-F:6461			Every day she expresses four mails			"[""ɛ"", ""v"", ""ɹ"", ""i"", ""d"", ""eɪ"", ""ʃ"", ""iː"", ""ɛ"", ""k"", ""s"", ""p"", ""ɹ"", ""ɛ"", ""s"", ""ɪ"", ""z"", ""f"", ""ɔ"", ""ɹ"", ""m"", ""eɪ"", ""l"", ""z""]"	present_3s	mails	expresses mails	0.062	0.0			4.409866311819242			24					she	express	expresses	mail	mails	four	0	0	0	1										0.062	0.0	weak_congruence	present_3s						37	784	"{""express"": 37, ""mail"": 784}"
PLAUS_0589	Plausibility	weak_congruence	1	test	plus	human_reviewed_selected			USF+ds003604-template-abstraction	USF:Cue_Target_Pairs.D-F:6461			Every day she expresses one mail			"[""ɛ"", ""v"", ""ɹ"", ""i"", ""d"", ""eɪ"", ""ʃ"", ""iː"", ""ɛ"", ""k"", ""s"", ""p"", ""ɹ"", ""ɛ"", ""s"", ""ɪ"", ""z"", ""w"", ""ʌ"", ""n"", ""m"", ""eɪ"", ""l""]"	present_3s	mail	expresses mail	0.062	0.0			4.409866311819242			23					she	express	expresses	mail	mail	one	0	0	0	1										0.062	0.0	weak_congruence	present_3s						37	784	"{""express"": 37, ""mail"": 784}"
PLAUS_0590	Plausibility	weak_congruence	1	test	plus	human_reviewed_selected			USF+ds003604-template-abstraction	USF:Cue_Target_Pairs.D-F:6461			Every day she expresses six mails			"[""ɛ"", ""v"", ""ɹ"", ""i"", ""d"", ""eɪ"", ""ʃ"", ""iː"", ""ɛ"", ""k"", ""s"", ""p"", ""ɹ"", ""ɛ"", ""s"", ""ɪ"", ""z"", ""s"", ""ɪ"", ""k"", ""s"", ""m"", ""eɪ"", ""l"", ""z""]"	present_3s	mails	expresses mails	0.062	0.0			4.409866311819242			25					she	express	expresses	mail	mails	six	0	0	0	1										0.062	0.0	weak_congruence	present_3s						37	784	"{""express"": 37, ""mail"": 784}"
PLAUS_0591	Plausibility	weak_congruence	1	test	plus	human_reviewed_selected			USF+ds003604-template-abstraction	USF:Cue_Target_Pairs.D-F:6461			Every day she expresses three mails			"[""ɛ"", ""v"", ""ɹ"", ""i"", ""d"", ""eɪ"", ""ʃ"", ""iː"", ""ɛ"", ""k"", ""s"", ""p"", ""ɹ"", ""ɛ"", ""s"", ""ɪ"", ""z"", ""θ"", ""ɹ"", ""iː"", ""m"", ""eɪ"", ""l"", ""z""]"	present_3s	mails	expresses mails	0.062	0.0			4.409866311819242			24					she	express	expresses	mail	mails	three	0	0	0	1										0.062	0.0	weak_congruence	present_3s						37	784	"{""express"": 37, ""mail"": 784}"
PLAUS_0592	Plausibility	weak_congruence	1	test	plus	human_reviewed_selected			USF+ds003604-template-abstraction	USF:Cue_Target_Pairs.D-F:6461			Every day she expresses two mails			"[""ɛ"", ""v"", ""ɹ"", ""i"", ""d"", ""eɪ"", ""ʃ"", ""iː"", ""ɛ"", ""k"", ""s"", ""p"", ""ɹ"", ""ɛ"", ""s"", ""ɪ"", ""z"", ""t"", ""uː"", ""m"", ""eɪ"", ""l"", ""z""]"	present_3s	mails	expresses mails	0.062	0.0			4.409866311819242			23					she	express	expresses	mail	mails	two	0	0	0	1										0.062	0.0	weak_congruence	present_3s						37	784	"{""express"": 37, ""mail"": 784}"
PLAUS_0593	Plausibility	weak_congruence	1	test	plus	human_reviewed_selected			USF+ds003604-template-abstraction	USF:Cue_Target_Pairs.D-F:6461			Every day they express two mails			"[""ɛ"", ""v"", ""ɹ"", ""i"", ""d"", ""eɪ"", ""ð"", ""eɪ"", ""ɛ"", ""k"", ""s"", ""p"", ""ɹ"", ""ɛ"", ""s"", ""t"", ""uː"", ""m"", ""eɪ"", ""l"", ""z""]"	present_3s	mails	express mails	0.062	0.0			4.409866311819242			21					they	express	express	mail	mails	two	0	0	0	1										0.062	0.0	weak_congruence	present_3s						37	784	"{""express"": 37, ""mail"": 784}"
PLAUS_0594	Plausibility	weak_congruence	1	test	plus	human_reviewed_selected			USF+ds003604-template-abstraction	USF:Cue_Target_Pairs.D-F:6461			He does not express one mail			"[""h"", ""iː"", ""d"", ""ʌ"", ""z"", ""n"", ""ɑ"", ""t"", ""ɛ"", ""k"", ""s"", ""p"", ""ɹ"", ""ɛ"", ""s"", ""w"", ""ʌ"", ""n"", ""m"", ""eɪ"", ""l""]"	do_negation	mail	does not express mail	0.062	0.0			4.409866311819242			21					he	express	express	mail	mail	one	1	0	0	1										0.062	0.0	weak_congruence	do_negation						37	784	"{""express"": 37, ""mail"": 784}"
PLAUS_0595	Plausibility	weak_congruence	1	test	plus	human_reviewed_selected			USF+ds003604-template-abstraction	USF:Cue_Target_Pairs.D-F:6461			He does not express three mails			"[""h"", ""iː"", ""d"", ""ʌ"", ""z"", ""n"", ""ɑ"", ""t"", ""ɛ"", ""k"", ""s"", ""p"", ""ɹ"", ""ɛ"", ""s"", ""θ"", ""ɹ"", ""iː"", ""m"", ""eɪ"", ""l"", ""z""]"	do_negation	mails	does not express mails	0.062	0.0			4.409866311819242			22					he	express	express	mail	mails	three	1	0	0	1										0.062	0.0	weak_congruence	do_negation						37	784	"{""express"": 37, ""mail"": 784}"
PLAUS_0596	Plausibility	weak_congruence	1	test	plus	human_reviewed_selected			USF+ds003604-template-abstraction	USF:Cue_Target_Pairs.D-F:6461			He does not express two mails			"[""h"", ""iː"", ""d"", ""ʌ"", ""z"", ""n"", ""ɑ"", ""t"", ""ɛ"", ""k"", ""s"", ""p"", ""ɹ"", ""ɛ"", ""s"", ""t"", ""uː"", ""m"", ""eɪ"", ""l"", ""z""]"	do_negation	mails	does not express mails	0.062	0.0			4.409866311819242			21					he	express	express	mail	mails	two	1	0	0	1										0.062	0.0	weak_congruence	do_negation						37	784	"{""express"": 37, ""mail"": 784}"
PLAUS_0597	Plausibility	weak_congruence	1	test	plus	human_reviewed_selected			USF+ds003604-template-abstraction	USF:Cue_Target_Pairs.D-F:6461			He is expressing three mails			"[""h"", ""iː"", ""ɪ"", ""z"", ""ɛ"", ""k"", ""s"", ""p"", ""ɹ"", ""ɛ"", ""s"", ""ɪ"", ""ŋ"", ""θ"", ""ɹ"", ""iː"", ""m"", ""eɪ"", ""l"", ""z""]"	be_progressive	mails	is expressing mails	0.062	0.0			4.409866311819242			20					he	express	expressing	mail	mails	three	0	0	0	1										0.062	0.0	weak_congruence	be_progressive						37	784	"{""express"": 37, ""mail"": 784}"
PLAUS_0598	Plausibility	weak_congruence	1	test	plus	human_reviewed_selected			USF+ds003604-template-abstraction	USF:Cue_Target_Pairs.D-F:6461			He is expressing two mails			"[""h"", ""iː"", ""ɪ"", ""z"", ""ɛ"", ""k"", ""s"", ""p"", ""ɹ"", ""ɛ"", ""s"", ""ɪ"", ""ŋ"", ""t"", ""uː"", ""m"", ""eɪ"", ""l"", ""z""]"	be_progressive	mails	is expressing mails	0.062	0.0			4.409866311819242			19					he	express	expressing	mail	mails	two	0	0	0	1										0.062	0.0	weak_congruence	be_progressive						37	784	"{""express"": 37, ""mail"": 784}"
PLAUS_0599	Plausibility	weak_congruence	1	test	plus	human_reviewed_selected			USF+ds003604-template-abstraction	USF:Cue_Target_Pairs.D-F:6461			Last week he expressed one mail			"[""l"", ""æ"", ""s"", ""t"", ""w"", ""iː"", ""k"", ""h"", ""iː"", ""ɛ"", ""k"", ""s"", ""p"", ""ɹ"", ""ɛ"", ""s"", ""t"", ""w"", ""ʌ"", ""n"", ""m"", ""eɪ"", ""l""]"	simple_past	mail	expressed mail	0.062	0.0			4.409866311819242			23					he	express	expressed	mail	mail	one	0	0	0	1										0.062	0.0	weak_congruence	simple_past						37	784	"{""express"": 37, ""mail"": 784}"
PLAUS_0600	Plausibility	weak_congruence	1	test	plus	human_reviewed_selected			USF+ds003604-template-abstraction	USF:Cue_Target_Pairs.D-F:6461			Last week he expressed three mails			"[""l"", ""æ"", ""s"", ""t"", ""w"", ""iː"", ""k"", ""h"", ""iː"", ""ɛ"", ""k"", ""s"", ""p"", ""ɹ"", ""ɛ"", ""s"", ""t"", ""θ"", ""ɹ"", ""iː"", ""m"", ""eɪ"", ""l"", ""z""]"	simple_past	mails	expressed mails	0.062	0.0			4.409866311819242			24					he	express	expressed	mail	mails	three	0	0	0	1										0.062	0.0	weak_congruence	simple_past						37	784	"{""express"": 37, ""mail"": 784}"
PLAUS_0601	Plausibility	weak_congruence	1	test	plus	human_reviewed_selected			USF+ds003604-template-abstraction	USF:Cue_Target_Pairs.D-F:6461			Last week he expressed two mails			"[""l"", ""æ"", ""s"", ""t"", ""w"", ""iː"", ""k"", ""h"", ""iː"", ""ɛ"", ""k"", ""s"", ""p"", ""ɹ"", ""ɛ"", ""s"", ""t"", ""t"", ""uː"", ""m"", ""eɪ"", ""l"", ""z""]"	simple_past	mails	expressed mails	0.062	0.0			4.409866311819242			23					he	express	expressed	mail	mails	two	0	0	0	1										0.062	0.0	weak_congruence	simple_past						37	784	"{""express"": 37, ""mail"": 784}"
PLAUS_0602	Plausibility	weak_congruence	1	test	plus	human_reviewed_selected			USF+ds003604-template-abstraction	USF:Cue_Target_Pairs.D-F:6461			Last week she expressed one mail			"[""l"", ""æ"", ""s"", ""t"", ""w"", ""iː"", ""k"", ""ʃ"", ""iː"", ""ɛ"", ""k"", ""s"", ""p"", ""ɹ"", ""ɛ"", ""s"", ""t"", ""w"", ""ʌ"", ""n"", ""m"", ""eɪ"", ""l""]"	simple_past	mail	expressed mail	0.062	0.0			4.409866311819242			23					she	express	expressed	mail	mail	one	0	0	0	1										0.062	0.0	weak_congruence	simple_past						37	784	"{""express"": 37, ""mail"": 784}"
PLAUS_0603	Plausibility	weak_congruence	1	test	plus	human_reviewed_selected			USF+ds003604-template-abstraction	USF:Cue_Target_Pairs.D-F:6461			Last week she expressed three mails			"[""l"", ""æ"", ""s"", ""t"", ""w"", ""iː"", ""k"", ""ʃ"", ""iː"", ""ɛ"", ""k"", ""s"", ""p"", ""ɹ"", ""ɛ"", ""s"", ""t"", ""θ"", ""ɹ"", ""iː"", ""m"", ""eɪ"", ""l"", ""z""]"	simple_past	mails	expressed mails	0.062	0.0			4.409866311819242			24					she	express	expressed	mail	mails	three	0	0	0	1										0.062	0.0	weak_congruence	simple_past						37	784	"{""express"": 37, ""mail"": 784}"
PLAUS_0604	Plausibility	weak_congruence	1	test	plus	human_reviewed_selected			USF+ds003604-template-abstraction	USF:Cue_Target_Pairs.D-F:6461			Last week she expressed two mails			"[""l"", ""æ"", ""s"", ""t"", ""w"", ""iː"", ""k"", ""ʃ"", ""iː"", ""ɛ"", ""k"", ""s"", ""p"", ""ɹ"", ""ɛ"", ""s"", ""t"", ""t"", ""uː"", ""m"", ""eɪ"", ""l"", ""z""]"	simple_past	mails	expressed mails	0.062	0.0			4.409866311819242			23					she	express	expressed	mail	mails	two	0	0	0	1										0.062	0.0	weak_congruence	simple_past						37	784	"{""express"": 37, ""mail"": 784}"
PLAUS_0605	Plausibility	weak_congruence	1	test	plus	human_reviewed_selected			USF+ds003604-template-abstraction	USF:Cue_Target_Pairs.D-F:6461			Last week they expressed five mails			"[""l"", ""æ"", ""s"", ""t"", ""w"", ""iː"", ""k"", ""ð"", ""eɪ"", ""ɛ"", ""k"", ""s"", ""p"", ""ɹ"", ""ɛ"", ""s"", ""t"", ""f"", ""aɪ"", ""v"", ""m"", ""eɪ"", ""l"", ""z""]"	simple_past	mails	expressed mails	0.062	0.0			4.409866311819242			24					they	express	expressed	mail	mails	five	0	0	0	1										0.062	0.0	weak_congruence	simple_past						37	784	"{""express"": 37, ""mail"": 784}"
PLAUS_0606	Plausibility	weak_congruence	1	test	plus	human_reviewed_selected			USF+ds003604-template-abstraction	USF:Cue_Target_Pairs.D-F:6461			Last week they expressed one mail			"[""l"", ""æ"", ""s"", ""t"", ""w"", ""iː"", ""k"", ""ð"", ""eɪ"", ""ɛ"", ""k"", ""s"", ""p"", ""ɹ"", ""ɛ"", ""s"", ""t"", ""w"", ""ʌ"", ""n"", ""m"", ""eɪ"", ""l""]"	simple_past	mail	expressed mail	0.062	0.0			4.409866311819242			23					they	express	expressed	mail	mail	one	0	0	0	1										0.062	0.0	weak_congruence	simple_past						37	784	"{""express"": 37, ""mail"": 784}"
PLAUS_0607	Plausibility	weak_congruence	1	test	plus	human_reviewed_selected			USF+ds003604-template-abstraction	USF:Cue_Target_Pairs.D-F:6461			Last week they expressed six mails			"[""l"", ""æ"", ""s"", ""t"", ""w"", ""iː"", ""k"", ""ð"", ""eɪ"", ""ɛ"", ""k"", ""s"", ""p"", ""ɹ"", ""ɛ"", ""s"", ""t"", ""s"", ""ɪ"", ""k"", ""s"", ""m"", ""eɪ"", ""l"", ""z""]"	simple_past	mails	expressed mails	0.062	0.0			4.409866311819242			25					they	express	expressed	mail	mails	six	0	0	0	1										0.062	0.0	weak_congruence	simple_past						37	784	"{""express"": 37, ""mail"": 784}"
PLAUS_0608	Plausibility	weak_congruence	1	test	plus	human_reviewed_selected			USF+ds003604-template-abstraction	USF:Cue_Target_Pairs.D-F:6461			Last week they expressed three mails			"[""l"", ""æ"", ""s"", ""t"", ""w"", ""iː"", ""k"", ""ð"", ""eɪ"", ""ɛ"", ""k"", ""s"", ""p"", ""ɹ"", ""ɛ"", ""s"", ""t"", ""θ"", ""ɹ"", ""iː"", ""m"", ""eɪ"", ""l"", ""z""]"	simple_past	mails	expressed mails	0.062	0.0			4.409866311819242			24					they	express	expressed	mail	mails	three	0	0	0	1										0.062	0.0	weak_congruence	simple_past						37	784	"{""express"": 37, ""mail"": 784}"
PLAUS_0609	Plausibility	weak_congruence	1	test	plus	human_reviewed_selected			USF+ds003604-template-abstraction	USF:Cue_Target_Pairs.D-F:6461			Last week they expressed two mails			"[""l"", ""æ"", ""s"", ""t"", ""w"", ""iː"", ""k"", ""ð"", ""eɪ"", ""ɛ"", ""k"", ""s"", ""p"", ""ɹ"", ""ɛ"", ""s"", ""t"", ""t"", ""uː"", ""m"", ""eɪ"", ""l"", ""z""]"	simple_past	mails	expressed mails	0.062	0.0			4.409866311819242			23					they	express	expressed	mail	mails	two	0	0	0	1										0.062	0.0	weak_congruence	simple_past						37	784	"{""express"": 37, ""mail"": 784}"
PLAUS_0610	Plausibility	weak_congruence	1	test	plus	human_reviewed_selected			USF+ds003604-template-abstraction	USF:Cue_Target_Pairs.D-F:6461			She does not express one mail			"[""ʃ"", ""iː"", ""d"", ""ʌ"", ""z"", ""n"", ""ɑ"", ""t"", ""ɛ"", ""k"", ""s"", ""p"", ""ɹ"", ""ɛ"", ""s"", ""w"", ""ʌ"", ""n"", ""m"", ""eɪ"", ""l""]"	do_negation	mail	does not express mail	0.062	0.0			4.409866311819242			21					she	express	express	mail	mail	one	1	0	0	1										0.062	0.0	weak_congruence	do_negation						37	784	"{""express"": 37, ""mail"": 784}"
PLAUS_0611	Plausibility	weak_congruence	1	test	plus	human_reviewed_selected			USF+ds003604-template-abstraction	USF:Cue_Target_Pairs.D-F:6461			She does not express three mails			"[""ʃ"", ""iː"", ""d"", ""ʌ"", ""z"", ""n"", ""ɑ"", ""t"", ""ɛ"", ""k"", ""s"", ""p"", ""ɹ"", ""ɛ"", ""s"", ""θ"", ""ɹ"", ""iː"", ""m"", ""eɪ"", ""l"", ""z""]"	do_negation	mails	does not express mails	0.062	0.0			4.409866311819242			22					she	express	express	mail	mails	three	1	0	0	1										0.062	0.0	weak_congruence	do_negation						37	784	"{""express"": 37, ""mail"": 784}"
PLAUS_0612	Plausibility	weak_congruence	1	test	plus	human_reviewed_selected			USF+ds003604-template-abstraction	USF:Cue_Target_Pairs.D-F:6461			She does not express two mails			"[""ʃ"", ""iː"", ""d"", ""ʌ"", ""z"", ""n"", ""ɑ"", ""t"", ""ɛ"", ""k"", ""s"", ""p"", ""ɹ"", ""ɛ"", ""s"", ""t"", ""uː"", ""m"", ""eɪ"", ""l"", ""z""]"	do_negation	mails	does not express mails	0.062	0.0			4.409866311819242			21					she	express	express	mail	mails	two	1	0	0	1										0.062	0.0	weak_congruence	do_negation						37	784	"{""express"": 37, ""mail"": 784}"
PLAUS_0613	Plausibility	weak_congruence	1	test	plus	human_reviewed_selected			USF+ds003604-template-abstraction	USF:Cue_Target_Pairs.D-F:6461			She is expressing one mail			"[""ʃ"", ""iː"", ""ɪ"", ""z"", ""ɛ"", ""k"", ""s"", ""p"", ""ɹ"", ""ɛ"", ""s"", ""ɪ"", ""ŋ"", ""w"", ""ʌ"", ""n"", ""m"", ""eɪ"", ""l""]"	be_progressive	mail	is expressing mail	0.062	0.0			4.409866311819242			19					she	express	expressing	mail	mail	one	0	0	0	1										0.062	0.0	weak_congruence	be_progressive						37	784	"{""express"": 37, ""mail"": 784}"
PLAUS_0614	Plausibility	weak_congruence	1	test	plus	human_reviewed_selected			USF+ds003604-template-abstraction	USF:Cue_Target_Pairs.D-F:6461			She is expressing two mails			"[""ʃ"", ""iː"", ""ɪ"", ""z"", ""ɛ"", ""k"", ""s"", ""p"", ""ɹ"", ""ɛ"", ""s"", ""ɪ"", ""ŋ"", ""t"", ""uː"", ""m"", ""eɪ"", ""l"", ""z""]"	be_progressive	mails	is expressing mails	0.062	0.0			4.409866311819242			19					she	express	expressing	mail	mails	two	0	0	0	1										0.062	0.0	weak_congruence	be_progressive						37	784	"{""express"": 37, ""mail"": 784}"
PLAUS_0615	Plausibility	weak_congruence	1	test	plus	human_reviewed_selected			USF+ds003604-template-abstraction	USF:Cue_Target_Pairs.D-F:6461			They are expressing one mail			"[""ð"", ""eɪ"", ""ɑ"", ""ɹ"", ""ɛ"", ""k"", ""s"", ""p"", ""ɹ"", ""ɛ"", ""s"", ""ɪ"", ""ŋ"", ""w"", ""ʌ"", ""n"", ""m"", ""eɪ"", ""l""]"	be_progressive	mail	are expressing mail	0.062	0.0			4.409866311819242			19					they	express	expressing	mail	mail	one	0	0	0	1										0.062	0.0	weak_congruence	be_progressive						37	784	"{""express"": 37, ""mail"": 784}"
PLAUS_0616	Plausibility	weak_congruence	1	test	plus	human_reviewed_selected			USF+ds003604-template-abstraction	USF:Cue_Target_Pairs.D-F:6461			They are expressing six mails			"[""ð"", ""eɪ"", ""ɑ"", ""ɹ"", ""ɛ"", ""k"", ""s"", ""p"", ""ɹ"", ""ɛ"", ""s"", ""ɪ"", ""ŋ"", ""s"", ""ɪ"", ""k"", ""s"", ""m"", ""eɪ"", ""l"", ""z""]"	be_progressive	mails	are expressing mails	0.062	0.0			4.409866311819242			21					they	express	expressing	mail	mails	six	0	0	0	1										0.062	0.0	weak_congruence	be_progressive						37	784	"{""express"": 37, ""mail"": 784}"
PLAUS_0617	Plausibility	weak_congruence	1	test	plus	human_reviewed_selected			USF+ds003604-template-abstraction	USF:Cue_Target_Pairs.D-F:6461			They are expressing three mails			"[""ð"", ""eɪ"", ""ɑ"", ""ɹ"", ""ɛ"", ""k"", ""s"", ""p"", ""ɹ"", ""ɛ"", ""s"", ""ɪ"", ""ŋ"", ""θ"", ""ɹ"", ""iː"", ""m"", ""eɪ"", ""l"", ""z""]"	be_progressive	mails	are expressing mails	0.062	0.0			4.409866311819242			20					they	express	expressing	mail	mails	three	0	0	0	1										0.062	0.0	weak_congruence	be_progressive						37	784	"{""express"": 37, ""mail"": 784}"
PLAUS_0618	Plausibility	weak_congruence	1	test	plus	human_reviewed_selected			USF+ds003604-template-abstraction	USF:Cue_Target_Pairs.D-F:6461			They are expressing two mails			"[""ð"", ""eɪ"", ""ɑ"", ""ɹ"", ""ɛ"", ""k"", ""s"", ""p"", ""ɹ"", ""ɛ"", ""s"", ""ɪ"", ""ŋ"", ""t"", ""uː"", ""m"", ""eɪ"", ""l"", ""z""]"	be_progressive	mails	are expressing mails	0.062	0.0			4.409866311819242			19					they	express	expressing	mail	mails	two	0	0	0	1										0.062	0.0	weak_congruence	be_progressive						37	784	"{""express"": 37, ""mail"": 784}"
PLAUS_0619	Plausibility	weak_congruence	1	test	plus	human_reviewed_selected			USF+ds003604-template-abstraction	USF:Cue_Target_Pairs.D-F:6461			They do not express one mail			"[""ð"", ""eɪ"", ""d"", ""uː"", ""n"", ""ɑ"", ""t"", ""ɛ"", ""k"", ""s"", ""p"", ""ɹ"", ""ɛ"", ""s"", ""w"", ""ʌ"", ""n"", ""m"", ""eɪ"", ""l""]"	do_negation	mail	do not express mail	0.062	0.0			4.409866311819242			20					they	express	express	mail	mail	one	1	0	0	1										0.062	0.0	weak_congruence	do_negation						37	784	"{""express"": 37, ""mail"": 784}"
PLAUS_0620	Plausibility	weak_congruence	1	test	plus	human_reviewed_selected			USF+ds003604-template-abstraction	USF:Cue_Target_Pairs.D-F:6461			They do not express two mails			"[""ð"", ""eɪ"", ""d"", ""uː"", ""n"", ""ɑ"", ""t"", ""ɛ"", ""k"", ""s"", ""p"", ""ɹ"", ""ɛ"", ""s"", ""t"", ""uː"", ""m"", ""eɪ"", ""l"", ""z""]"	do_negation	mails	do not express mails	0.062	0.0			4.409866311819242			20					they	express	express	mail	mails	two	1	0	0	1										0.062	0.0	weak_congruence	do_negation						37	784	"{""express"": 37, ""mail"": 784}"
