item_id	stimulus_origin	adaptation_eligibility	original_trial_type	original_stimulus_file	condition	binary_label	sentence	template_family	verb_surface	object_surface	verb_lemma	object_lemma	verb_object_FSG	violation_type	source_record_id	auto_expected_makes_sense_yes_no	auto_structure_complete_yes_no	auto_usf_condition_pass_yes_no	human_sentence_well_formed_yes_no	human_sentence_makes_sense_yes_no	human_notes_optional
ORIG_PLAUS_0001	ds003604_original	reference_only	SP_S	stereo_PC01.wav	strong_congruence	1	She is singing one song	be_progressive	singing	song	sing	song			ds003604:stereo_PC01.wav	yes	yes	yes	yes	yes	
ORIG_PLAUS_0002	ds003604_original	reference_only	SP_S	stereo_PC13.wav	strong_congruence	1	They do not tow one car	do_negation	tow	car	tow	car			ds003604:stereo_PC13.wav	yes	yes	yes	yes	yes	
ORIG_PLAUS_0003	ds003604_original	reference_only	SP_S	stereo_PC14.wav	strong_congruence	1	He does not flush one toilet	do_negation	flush	toilet	flush	toilet			ds003604:stereo_PC14.wav	yes	yes	yes	yes	yes	
ORIG_PLAUS_0004	ds003604_original	reference_only	SP_S	stereo_PC24.wav	strong_congruence	1	Every day she drives one car	present_3s	drives	car	drive	car			ds003604:stereo_PC24.wav	yes	yes	yes	yes	yes	
ORIG_PLAUS_0005	ds003604_original	reference_only	SP_S	stereo_PC26.wav	strong_congruence	1	Every day he rides one horse	present_3s	rides	horse	ride	horse			ds003604:stereo_PC26.wav	yes	yes	yes	yes	yes	
ORIG_PLAUS_0006	ds003604_original	reference_only	SP_S	stereo_PC35.wav	strong_congruence	1	Last week she baked two cakes	simple_past	baked	cakes	bake	cake			ds003604:stereo_PC35.wav	yes	yes	yes	yes	yes	
ORIG_PLAUS_0007	ds003604_original	reference_only	SP_S	stereo_PC36.wav	strong_congruence	1	Last week they framed three pictures	simple_past	framed	pictures	frame	picture			ds003604:stereo_PC36.wav	yes	yes	yes	yes	yes	
ORIG_PLAUS_0008	ds003604_original	reference_only	SP_S	stereo_PC47.wav	strong_congruence	1	He is scratching one itch	be_progressive	scratching	itch	scratch	itch			ds003604:stereo_PC47.wav	yes	yes	yes	yes	yes	
ORIG_PLAUS_0009	ds003604_original	reference_only	SP_S	stereo_PC57.wav	strong_congruence	1	He does not staple two papers	do_negation	staple	papers	staple	paper			ds003604:stereo_PC57.wav	yes	yes	yes	yes	yes	
ORIG_PLAUS_0010	ds003604_original	reference_only	SP_S	stereo_PC68.wav	strong_congruence	1	Every day they read three books	present_3s	read	books	read	book			ds003604:stereo_PC68.wav	yes	yes	yes	yes	yes	
ORIG_PLAUS_0011	ds003604_original	reference_only	SP_I	stereo_PI09.wav	incongruent	0	He is planting three shoes	be_progressive	planting	shoes	plant	shoe			ds003604:stereo_PI09.wav	no	yes	yes	yes	no	
ORIG_PLAUS_0012	ds003604_original	reference_only	SP_I	stereo_PI11.wav	incongruent	0	They are bouncing one paper	be_progressive	bouncing	paper	bounce	paper			ds003604:stereo_PI11.wav	no	yes	yes	yes	no	
ORIG_PLAUS_0013	ds003604_original	reference_only	SP_I	stereo_PI12.wav	incongruent	0	She is running three cakes	be_progressive	running	cakes	run	cake			ds003604:stereo_PI12.wav	no	yes	yes	yes	no	
ORIG_PLAUS_0014	ds003604_original	reference_only	SP_I	stereo_PI32.wav	incongruent	0	Every day she sings two flowers	present_3s	sings	flowers	sing	flower			ds003604:stereo_PI32.wav	no	yes	yes	yes	no	
ORIG_PLAUS_0015	ds003604_original	reference_only	SP_I	stereo_PI33.wav	incongruent	0	Every day she drinks one swing	present_3s	drinks	swing	drink	swing			ds003604:stereo_PI33.wav	no	yes	yes	yes	no	
ORIG_PLAUS_0016	ds003604_original	reference_only	SP_I	stereo_PI42.wav	incongruent	0	Last week they scared two legs	simple_past	scared	legs	scare	leg			ds003604:stereo_PI42.wav	no	yes	yes	yes	no	
ORIG_PLAUS_0017	ds003604_original	reference_only	SP_I	stereo_PI45.wav	incongruent	0	Last week they chopped two phones	simple_past	chopped	phones	chop	phone			ds003604:stereo_PI45.wav	no	yes	yes	yes	no	
ORIG_PLAUS_0018	ds003604_original	reference_only	SP_I	stereo_PI65.wav	incongruent	0	He does wear two songs	do_negation	wear	songs	wear	song			ds003604:stereo_PI65.wav	no	yes	yes	yes	no	
ORIG_PLAUS_0019	ds003604_original	reference_only	SP_I	stereo_PI67.wav	incongruent	0	They do swim three dogs	do_negation	swim	dogs	swim	dog			ds003604:stereo_PI67.wav	no	yes	yes	yes	no	
ORIG_PLAUS_0020	ds003604_original	reference_only	SP_I	stereo_PI90.wav	incongruent	0	Last week they climbed one photo	simple_past	climbed	photo	climb	photo			ds003604:stereo_PI90.wav	no	yes	yes	yes	no	
ORIG_PLAUS_0021	ds003604_original	reference_only	SP_W	stereo_PW18.wav	weak_congruence	1	She does not taste two foods	do_negation	taste	foods	taste	food			ds003604:stereo_PW18.wav	yes	yes	yes	yes	yes	
ORIG_PLAUS_0022	ds003604_original	reference_only	SP_W	stereo_PW19.wav	weak_congruence	1	They do not catch three fish	do_negation	catch	fish	catch	fish			ds003604:stereo_PW19.wav	yes	yes	yes	yes	yes	
ORIG_PLAUS_0023	ds003604_original	reference_only	SP_W	stereo_PW28.wav	weak_congruence	1	Every day they drink two waters	present_3s	drink	waters	drink	water			ds003604:stereo_PW28.wav	yes	yes	yes	yes	yes	
ORIG_PLAUS_0024	ds003604_original	reference_only	SP_W	stereo_PW30.wav	weak_congruence	1	Every day she draws two sketches	present_3s	draws	sketches	draw	sketch			ds003604:stereo_PW30.wav	yes	yes	yes	yes	yes	
ORIG_PLAUS_0025	ds003604_original	reference_only	SP_W	stereo_PW50.wav	weak_congruence	1	He is folding two papers	be_progressive	folding	papers	fold	paper			ds003604:stereo_PW50.wav	yes	yes	yes	yes	yes	
ORIG_PLAUS_0026	ds003604_original	reference_only	SP_W	stereo_PW53.wav	weak_congruence	1	They are hunting three deer	be_progressive	hunting	deer	hunt	deer			ds003604:stereo_PW53.wav	yes	yes	yes	yes	yes	
ORIG_PLAUS_0027	ds003604_original	reference_only	SP_W	stereo_PW61.wav	weak_congruence	1	He does not think two thoughts	do_negation	think	thoughts	think	thought			ds003604:stereo_PW61.wav	yes	yes	yes	yes	yes	
ORIG_PLAUS_0028	ds003604_original	reference_only	SP_W	stereo_PW72.wav	weak_congruence	1	Every day she rides one bicycle	present_3s	rides	bicycle	ride	bicycle			ds003604:stereo_PW72.wav	yes	yes	yes	yes	yes	
ORIG_PLAUS_0029	ds003604_original	reference_only	SP_W	stereo_PW85.wav	weak_congruence	1	Last week she baked two potatoes	simple_past	baked	potatoes	bake	potato			ds003604:stereo_PW85.wav	yes	yes	yes	yes	yes	
ORIG_PLAUS_0030	ds003604_original	reference_only	SP_W	stereo_PW86.wav	weak_congruence	1	Last week they played two games	simple_past	played	games	play	game			ds003604:stereo_PW86.wav	yes	yes	yes	yes	yes	
ORIG_PLAUS_0031	ds003604_original	reference_only	SP_S	stereo_PC02.wav	strong_congruence	1	He is asking three questions	be_progressive	asking	questions	ask	question			ds003604:stereo_PC02.wav	yes	yes	yes	yes	yes	
ORIG_PLAUS_0032	ds003604_original	reference_only	SP_S	stereo_PC03.wav	strong_congruence	1	He is kicking one ball	be_progressive	kicking	ball	kick	ball			ds003604:stereo_PC03.wav	yes	yes	yes	yes	yes	
ORIG_PLAUS_0033	ds003604_original	reference_only	SP_S	stereo_PC37.wav	strong_congruence	1	Last week he climbed two mountains	simple_past	climbed	mountains	climb	mountain			ds003604:stereo_PC37.wav	yes	yes	yes	yes	yes	
ORIG_PLAUS_0034	ds003604_original	reference_only	SP_S	stereo_PC46.wav	strong_congruence	1	She is boiling three eggs	be_progressive	boiling	eggs	boil	egg			ds003604:stereo_PC46.wav	yes	yes	yes	yes	yes	
ORIG_PLAUS_0035	ds003604_original	reference_only	SP_S	stereo_PC59.wav	strong_congruence	1	She does not mow one lawn	do_negation	mow	lawn	mow	lawn			ds003604:stereo_PC59.wav	yes	yes	yes	yes	yes	
ORIG_PLAUS_0036	ds003604_original	reference_only	SP_S	stereo_PC60.wav	strong_congruence	1	She does not launch one rocket	do_negation	launch	rocket	launch	rocket			ds003604:stereo_PC60.wav	yes	yes	yes	yes	yes	
ORIG_PLAUS_0037	ds003604_original	reference_only	SP_S	stereo_PC69.wav	strong_congruence	1	Every day she scrambles two eggs	present_3s	scrambles	eggs	scramble	egg			ds003604:stereo_PC69.wav	yes	yes	yes	yes	yes	
ORIG_PLAUS_0038	ds003604_original	reference_only	SP_S	stereo_PC70.wav	strong_congruence	1	Every day they count three numbers	present_3s	count	numbers	count	number			ds003604:stereo_PC70.wav	yes	yes	yes	yes	no	User rejected count-number as unnatural; retained unchanged as a reference-only source item.
ORIG_PLAUS_0039	ds003604_original	reference_only	SP_S	stereo_PC79.wav	strong_congruence	1	Last week they scrambled three eggs	simple_past	scrambled	eggs	scramble	egg			ds003604:stereo_PC79.wav	yes	yes	yes	yes	yes	
ORIG_PLAUS_0040	ds003604_original	reference_only	SP_S	stereo_PC82.wav	strong_congruence	1	Last week they bounced two balls	simple_past	bounced	balls	bounce	ball			ds003604:stereo_PC82.wav	yes	yes	yes	yes	yes	
ORIG_PLAUS_0041	ds003604_original	reference_only	SP_I	stereo_PI21.wav	incongruent	0	She does plant three keys	do_negation	plant	keys	plant	key			ds003604:stereo_PI21.wav	no	yes	yes	yes	no	
ORIG_PLAUS_0042	ds003604_original	reference_only	SP_I	stereo_PI22.wav	incongruent	0	She does write two cans	do_negation	write	cans	write	can			ds003604:stereo_PI22.wav	no	yes	yes	yes	no	
ORIG_PLAUS_0043	ds003604_original	reference_only	SP_I	stereo_PI23.wav	incongruent	0	They do thank one candy	do_negation	thank	candy	thank	candy			ds003604:stereo_PI23.wav	no	yes	yes	yes	no	
ORIG_PLAUS_0044	ds003604_original	reference_only	SP_I	stereo_PI34.wav	incongruent	0	Every day they flush three trees	present_3s	flush	trees	flush	tree			ds003604:stereo_PI34.wav	no	yes	yes	yes	no	
ORIG_PLAUS_0045	ds003604_original	reference_only	SP_I	stereo_PI43.wav	incongruent	0	Last week he hugged three shows	simple_past	hugged	shows	hug	show			ds003604:stereo_PI43.wav	no	yes	yes	yes	no	
ORIG_PLAUS_0046	ds003604_original	reference_only	SP_I	stereo_PI44.wav	incongruent	0	Last week she called one shirt	simple_past	called	shirt	call	shirt			ds003604:stereo_PI44.wav	no	yes	yes	yes	no	
ORIG_PLAUS_0047	ds003604_original	reference_only	SP_I	stereo_PI55.wav	incongruent	0	He is walking two doors	be_progressive	walking	doors	walk	door			ds003604:stereo_PI55.wav	no	yes	yes	yes	no	
ORIG_PLAUS_0048	ds003604_original	reference_only	SP_I	stereo_PI56.wav	incongruent	0	They are typing two computers	be_progressive	typing	computers	type	computer			ds003604:stereo_PI56.wav	no	yes	yes	yes	no	
ORIG_PLAUS_0049	ds003604_original	reference_only	SP_I	stereo_PI75.wav	incongruent	0	Every day he cooks one house	present_3s	cooks	house	cook	house			ds003604:stereo_PI75.wav	no	yes	yes	yes	no	
ORIG_PLAUS_0050	ds003604_original	reference_only	SP_I	stereo_PI78.wav	incongruent	0	Every day they walk three buttons	present_3s	walk	buttons	walk	button			ds003604:stereo_PI78.wav	no	yes	yes	yes	no	
ORIG_PLAUS_0051	ds003604_original	reference_only	SP_W	stereo_PW05.wav	weak_congruence	1	He is setting two stages	be_progressive	setting	stages	set	stage			ds003604:stereo_PW05.wav	yes	yes	yes	yes	yes	
ORIG_PLAUS_0052	ds003604_original	reference_only	SP_W	stereo_PW07.wav	weak_congruence	1	She is hanging three pictures	be_progressive	hanging	pictures	hang	picture			ds003604:stereo_PW07.wav	yes	yes	yes	yes	yes	
ORIG_PLAUS_0053	ds003604_original	reference_only	SP_W	stereo_PW08.wav	weak_congruence	1	They are building one house	be_progressive	building	house	build	house			ds003604:stereo_PW08.wav	yes	yes	yes	yes	yes	
ORIG_PLAUS_0054	ds003604_original	reference_only	SP_W	stereo_PW39.wav	weak_congruence	1	Last week he sucked two lollipops	simple_past	sucked	lollipops	suck	lollipop			ds003604:stereo_PW39.wav	yes	yes	yes	yes	yes	
ORIG_PLAUS_0055	ds003604_original	reference_only	SP_W	stereo_PW40.wav	weak_congruence	1	Last week they climbed one ladder	simple_past	climbed	ladder	climb	ladder			ds003604:stereo_PW40.wav	yes	yes	yes	yes	yes	
ORIG_PLAUS_0056	ds003604_original	reference_only	SP_W	stereo_PW63.wav	weak_congruence	1	He does not break two glasses	do_negation	break	glasses	break	glass			ds003604:stereo_PW63.wav	yes	yes	yes	yes	yes	
ORIG_PLAUS_0057	ds003604_original	reference_only	SP_W	stereo_PW64.wav	weak_congruence	1	She does not kiss two lips	do_negation	kiss	lips	kiss	lip			ds003604:stereo_PW64.wav	yes	yes	yes	yes	yes	
ORIG_PLAUS_0058	ds003604_original	reference_only	SP_W	stereo_PW73.wav	weak_congruence	1	Every day he licks one sucker	present_3s	licks	sucker	lick	sucker			ds003604:stereo_PW73.wav	yes	yes	yes	yes	yes	
ORIG_PLAUS_0059	ds003604_original	reference_only	SP_W	stereo_PW74.wav	weak_congruence	1	Every day they smell two perfumes	present_3s	smell	perfumes	smell	perfume			ds003604:stereo_PW74.wav	yes	yes	yes	yes	yes	
ORIG_PLAUS_0060	ds003604_original	reference_only	SP_W	stereo_PW83.wav	weak_congruence	1	Last week he hit one homerun	simple_past	hit	homerun	hit	homerun			ds003604:stereo_PW83.wav	yes	yes	yes	yes	yes	
CAND_PLAUS_000001	plus	candidate_pending_human_review			strong_congruence	1	She is screwing one driver	be_progressive	screwing	driver	screw	driver	0.302		USF:Cue_Target_Pairs.S:1140	yes	yes	yes	yes	yes	
CAND_PLAUS_000002	plus	candidate_pending_human_review			strong_congruence	1	She does not screw one driver	do_negation	screw	driver	screw	driver	0.302		USF:Cue_Target_Pairs.S:1140	yes	yes	yes	yes	yes	
CAND_PLAUS_000003	plus	candidate_pending_human_review			strong_congruence	1	Every day she screws one driver	present_3s	screws	driver	screw	driver	0.302		USF:Cue_Target_Pairs.S:1140	yes	yes	yes	yes	yes	
CAND_PLAUS_000004	plus	candidate_pending_human_review			strong_congruence	1	Last week she screwed one driver	simple_past	screwed	driver	screw	driver	0.302		USF:Cue_Target_Pairs.S:1140	yes	yes	yes	yes	yes	
CAND_PLAUS_000005	plus	candidate_pending_human_review			strong_congruence	1	He is screwing one driver	be_progressive	screwing	driver	screw	driver	0.302		USF:Cue_Target_Pairs.S:1140	yes	yes	yes	yes	yes	
CAND_PLAUS_000006	plus	candidate_pending_human_review			strong_congruence	1	He does not screw one driver	do_negation	screw	driver	screw	driver	0.302		USF:Cue_Target_Pairs.S:1140	yes	yes	yes	yes	yes	
CAND_PLAUS_000007	plus	candidate_pending_human_review			strong_congruence	1	Every day he screws one driver	present_3s	screws	driver	screw	driver	0.302		USF:Cue_Target_Pairs.S:1140	yes	yes	yes	yes	yes	
CAND_PLAUS_000008	plus	candidate_pending_human_review			strong_congruence	1	Last week he screwed one driver	simple_past	screwed	driver	screw	driver	0.302		USF:Cue_Target_Pairs.S:1140	yes	yes	yes	yes	yes	
CAND_PLAUS_000009	plus	candidate_pending_human_review			strong_congruence	1	They are screwing one driver	be_progressive	screwing	driver	screw	driver	0.302		USF:Cue_Target_Pairs.S:1140	yes	yes	yes	yes	yes	
CAND_PLAUS_000010	plus	candidate_pending_human_review			strong_congruence	1	They do not screw one driver	do_negation	screw	driver	screw	driver	0.302		USF:Cue_Target_Pairs.S:1140	yes	yes	yes	yes	yes	
CAND_PLAUS_000011	plus	candidate_pending_human_review			strong_congruence	1	Every day they screw one driver	present_3s	screw	driver	screw	driver	0.302		USF:Cue_Target_Pairs.S:1140	yes	yes	yes	yes	yes	
CAND_PLAUS_000012	plus	candidate_pending_human_review			strong_congruence	1	Last week they screwed one driver	simple_past	screwed	driver	screw	driver	0.302		USF:Cue_Target_Pairs.S:1140	yes	yes	yes	yes	yes	
CAND_PLAUS_000013	plus	candidate_pending_human_review			strong_congruence	1	She is screwing two drivers	be_progressive	screwing	drivers	screw	driver	0.302		USF:Cue_Target_Pairs.S:1140	yes	yes	yes	yes	yes	
CAND_PLAUS_000014	plus	candidate_pending_human_review			strong_congruence	1	She does not screw two drivers	do_negation	screw	drivers	screw	driver	0.302		USF:Cue_Target_Pairs.S:1140	yes	yes	yes	yes	yes	
CAND_PLAUS_000015	plus	candidate_pending_human_review			strong_congruence	1	Every day she screws two drivers	present_3s	screws	drivers	screw	driver	0.302		USF:Cue_Target_Pairs.S:1140	yes	yes	yes	yes	yes	
CAND_PLAUS_000016	plus	candidate_pending_human_review			strong_congruence	1	Last week she screwed two drivers	simple_past	screwed	drivers	screw	driver	0.302		USF:Cue_Target_Pairs.S:1140	yes	yes	yes	yes	yes	
CAND_PLAUS_000017	plus	candidate_pending_human_review			strong_congruence	1	He is screwing two drivers	be_progressive	screwing	drivers	screw	driver	0.302		USF:Cue_Target_Pairs.S:1140	yes	yes	yes	yes	yes	
CAND_PLAUS_000018	plus	candidate_pending_human_review			strong_congruence	1	He does not screw two drivers	do_negation	screw	drivers	screw	driver	0.302		USF:Cue_Target_Pairs.S:1140	yes	yes	yes	yes	yes	
CAND_PLAUS_000019	plus	candidate_pending_human_review			strong_congruence	1	Every day he screws two drivers	present_3s	screws	drivers	screw	driver	0.302		USF:Cue_Target_Pairs.S:1140	yes	yes	yes	yes	yes	
CAND_PLAUS_000020	plus	candidate_pending_human_review			strong_congruence	1	Last week he screwed two drivers	simple_past	screwed	drivers	screw	driver	0.302		USF:Cue_Target_Pairs.S:1140	yes	yes	yes	yes	yes	
CAND_PLAUS_000021	plus	candidate_pending_human_review			strong_congruence	1	They are screwing two drivers	be_progressive	screwing	drivers	screw	driver	0.302		USF:Cue_Target_Pairs.S:1140	yes	yes	yes	yes	yes	
CAND_PLAUS_000022	plus	candidate_pending_human_review			strong_congruence	1	They do not screw two drivers	do_negation	screw	drivers	screw	driver	0.302		USF:Cue_Target_Pairs.S:1140	yes	yes	yes	yes	yes	
CAND_PLAUS_000023	plus	candidate_pending_human_review			strong_congruence	1	Every day they screw two drivers	present_3s	screw	drivers	screw	driver	0.302		USF:Cue_Target_Pairs.S:1140	yes	yes	yes	yes	yes	
CAND_PLAUS_000024	plus	candidate_pending_human_review			strong_congruence	1	Last week they screwed two drivers	simple_past	screwed	drivers	screw	driver	0.302		USF:Cue_Target_Pairs.S:1140	yes	yes	yes	yes	yes	
CAND_PLAUS_000025	plus	candidate_pending_human_review			strong_congruence	1	She is screwing three drivers	be_progressive	screwing	drivers	screw	driver	0.302		USF:Cue_Target_Pairs.S:1140	yes	yes	yes	yes	yes	
CAND_PLAUS_000026	plus	candidate_pending_human_review			strong_congruence	1	She does not screw three drivers	do_negation	screw	drivers	screw	driver	0.302		USF:Cue_Target_Pairs.S:1140	yes	yes	yes	yes	yes	
CAND_PLAUS_000027	plus	candidate_pending_human_review			strong_congruence	1	Every day she screws three drivers	present_3s	screws	drivers	screw	driver	0.302		USF:Cue_Target_Pairs.S:1140	yes	yes	yes	yes	yes	
CAND_PLAUS_000028	plus	candidate_pending_human_review			strong_congruence	1	Last week she screwed three drivers	simple_past	screwed	drivers	screw	driver	0.302		USF:Cue_Target_Pairs.S:1140	yes	yes	yes	yes	yes	
CAND_PLAUS_000029	plus	candidate_pending_human_review			strong_congruence	1	He is screwing three drivers	be_progressive	screwing	drivers	screw	driver	0.302		USF:Cue_Target_Pairs.S:1140	yes	yes	yes	yes	yes	
CAND_PLAUS_000030	plus	candidate_pending_human_review			strong_congruence	1	He does not screw three drivers	do_negation	screw	drivers	screw	driver	0.302		USF:Cue_Target_Pairs.S:1140	yes	yes	yes	yes	yes	
CAND_PLAUS_000031	plus	candidate_pending_human_review			strong_congruence	1	Every day he screws three drivers	present_3s	screws	drivers	screw	driver	0.302		USF:Cue_Target_Pairs.S:1140	yes	yes	yes	yes	yes	
CAND_PLAUS_000032	plus	candidate_pending_human_review			strong_congruence	1	Last week he screwed three drivers	simple_past	screwed	drivers	screw	driver	0.302		USF:Cue_Target_Pairs.S:1140	yes	yes	yes	yes	yes	
CAND_PLAUS_000033	plus	candidate_pending_human_review			strong_congruence	1	They are screwing three drivers	be_progressive	screwing	drivers	screw	driver	0.302		USF:Cue_Target_Pairs.S:1140	yes	yes	yes	yes	yes	
CAND_PLAUS_000034	plus	candidate_pending_human_review			strong_congruence	1	They do not screw three drivers	do_negation	screw	drivers	screw	driver	0.302		USF:Cue_Target_Pairs.S:1140	yes	yes	yes	yes	yes	
CAND_PLAUS_000035	plus	candidate_pending_human_review			strong_congruence	1	Every day they screw three drivers	present_3s	screw	drivers	screw	driver	0.302		USF:Cue_Target_Pairs.S:1140	yes	yes	yes	yes	yes	
CAND_PLAUS_000036	plus	candidate_pending_human_review			strong_congruence	1	Last week they screwed three drivers	simple_past	screwed	drivers	screw	driver	0.302		USF:Cue_Target_Pairs.S:1140	yes	yes	yes	yes	yes	
CAND_PLAUS_000037	plus	candidate_pending_human_review			strong_congruence	1	She is screwing four drivers	be_progressive	screwing	drivers	screw	driver	0.302		USF:Cue_Target_Pairs.S:1140	yes	yes	yes	yes	yes	
CAND_PLAUS_000038	plus	candidate_pending_human_review			strong_congruence	1	She does not screw four drivers	do_negation	screw	drivers	screw	driver	0.302		USF:Cue_Target_Pairs.S:1140	yes	yes	yes	yes	yes	
CAND_PLAUS_000039	plus	candidate_pending_human_review			strong_congruence	1	Every day she screws four drivers	present_3s	screws	drivers	screw	driver	0.302		USF:Cue_Target_Pairs.S:1140	yes	yes	yes	yes	yes	
CAND_PLAUS_000040	plus	candidate_pending_human_review			strong_congruence	1	Last week she screwed four drivers	simple_past	screwed	drivers	screw	driver	0.302		USF:Cue_Target_Pairs.S:1140	yes	yes	yes	yes	yes	
CAND_PLAUS_000041	plus	candidate_pending_human_review			strong_congruence	1	He is screwing four drivers	be_progressive	screwing	drivers	screw	driver	0.302		USF:Cue_Target_Pairs.S:1140	yes	yes	yes	yes	yes	
CAND_PLAUS_000042	plus	candidate_pending_human_review			strong_congruence	1	He does not screw four drivers	do_negation	screw	drivers	screw	driver	0.302		USF:Cue_Target_Pairs.S:1140	yes	yes	yes	yes	yes	
CAND_PLAUS_000043	plus	candidate_pending_human_review			strong_congruence	1	Every day he screws four drivers	present_3s	screws	drivers	screw	driver	0.302		USF:Cue_Target_Pairs.S:1140	yes	yes	yes	yes	yes	
CAND_PLAUS_000044	plus	candidate_pending_human_review			strong_congruence	1	Last week he screwed four drivers	simple_past	screwed	drivers	screw	driver	0.302		USF:Cue_Target_Pairs.S:1140	yes	yes	yes	yes	yes	
CAND_PLAUS_000045	plus	candidate_pending_human_review			strong_congruence	1	They are screwing four drivers	be_progressive	screwing	drivers	screw	driver	0.302		USF:Cue_Target_Pairs.S:1140	yes	yes	yes	yes	yes	
CAND_PLAUS_000046	plus	candidate_pending_human_review			strong_congruence	1	They do not screw four drivers	do_negation	screw	drivers	screw	driver	0.302		USF:Cue_Target_Pairs.S:1140	yes	yes	yes	yes	yes	
CAND_PLAUS_000047	plus	candidate_pending_human_review			strong_congruence	1	Every day they screw four drivers	present_3s	screw	drivers	screw	driver	0.302		USF:Cue_Target_Pairs.S:1140	yes	yes	yes	yes	yes	
CAND_PLAUS_000048	plus	candidate_pending_human_review			strong_congruence	1	Last week they screwed four drivers	simple_past	screwed	drivers	screw	driver	0.302		USF:Cue_Target_Pairs.S:1140	yes	yes	yes	yes	yes	
CAND_PLAUS_000049	plus	candidate_pending_human_review			strong_congruence	1	She is screwing five drivers	be_progressive	screwing	drivers	screw	driver	0.302		USF:Cue_Target_Pairs.S:1140	yes	yes	yes	yes	yes	
CAND_PLAUS_000050	plus	candidate_pending_human_review			strong_congruence	1	She does not screw five drivers	do_negation	screw	drivers	screw	driver	0.302		USF:Cue_Target_Pairs.S:1140	yes	yes	yes	yes	yes	
CAND_PLAUS_000051	plus	candidate_pending_human_review			strong_congruence	1	Every day she screws five drivers	present_3s	screws	drivers	screw	driver	0.302		USF:Cue_Target_Pairs.S:1140	yes	yes	yes	yes	yes	
CAND_PLAUS_000052	plus	candidate_pending_human_review			strong_congruence	1	Last week she screwed five drivers	simple_past	screwed	drivers	screw	driver	0.302		USF:Cue_Target_Pairs.S:1140	yes	yes	yes	yes	yes	
CAND_PLAUS_000053	plus	candidate_pending_human_review			strong_congruence	1	He is screwing five drivers	be_progressive	screwing	drivers	screw	driver	0.302		USF:Cue_Target_Pairs.S:1140	yes	yes	yes	yes	yes	
CAND_PLAUS_000054	plus	candidate_pending_human_review			strong_congruence	1	He does not screw five drivers	do_negation	screw	drivers	screw	driver	0.302		USF:Cue_Target_Pairs.S:1140	yes	yes	yes	yes	yes	
CAND_PLAUS_000055	plus	candidate_pending_human_review			strong_congruence	1	Every day he screws five drivers	present_3s	screws	drivers	screw	driver	0.302		USF:Cue_Target_Pairs.S:1140	yes	yes	yes	yes	yes	
CAND_PLAUS_000056	plus	candidate_pending_human_review			strong_congruence	1	Last week he screwed five drivers	simple_past	screwed	drivers	screw	driver	0.302		USF:Cue_Target_Pairs.S:1140	yes	yes	yes	yes	yes	
CAND_PLAUS_000057	plus	candidate_pending_human_review			strong_congruence	1	They are screwing five drivers	be_progressive	screwing	drivers	screw	driver	0.302		USF:Cue_Target_Pairs.S:1140	yes	yes	yes	yes	yes	
CAND_PLAUS_000058	plus	candidate_pending_human_review			strong_congruence	1	They do not screw five drivers	do_negation	screw	drivers	screw	driver	0.302		USF:Cue_Target_Pairs.S:1140	yes	yes	yes	yes	yes	
CAND_PLAUS_000059	plus	candidate_pending_human_review			strong_congruence	1	Every day they screw five drivers	present_3s	screw	drivers	screw	driver	0.302		USF:Cue_Target_Pairs.S:1140	yes	yes	yes	yes	yes	
CAND_PLAUS_000060	plus	candidate_pending_human_review			strong_congruence	1	Last week they screwed five drivers	simple_past	screwed	drivers	screw	driver	0.302		USF:Cue_Target_Pairs.S:1140	yes	yes	yes	yes	yes	
CAND_PLAUS_000061	plus	candidate_pending_human_review			strong_congruence	1	She is screwing six drivers	be_progressive	screwing	drivers	screw	driver	0.302		USF:Cue_Target_Pairs.S:1140	yes	yes	yes	yes	yes	
CAND_PLAUS_000062	plus	candidate_pending_human_review			strong_congruence	1	She does not screw six drivers	do_negation	screw	drivers	screw	driver	0.302		USF:Cue_Target_Pairs.S:1140	yes	yes	yes	yes	yes	
CAND_PLAUS_000063	plus	candidate_pending_human_review			strong_congruence	1	Every day she screws six drivers	present_3s	screws	drivers	screw	driver	0.302		USF:Cue_Target_Pairs.S:1140	yes	yes	yes	yes	yes	
CAND_PLAUS_000064	plus	candidate_pending_human_review			strong_congruence	1	Last week she screwed six drivers	simple_past	screwed	drivers	screw	driver	0.302		USF:Cue_Target_Pairs.S:1140	yes	yes	yes	yes	yes	
CAND_PLAUS_000065	plus	candidate_pending_human_review			strong_congruence	1	He is screwing six drivers	be_progressive	screwing	drivers	screw	driver	0.302		USF:Cue_Target_Pairs.S:1140	yes	yes	yes	yes	yes	
CAND_PLAUS_000066	plus	candidate_pending_human_review			strong_congruence	1	He does not screw six drivers	do_negation	screw	drivers	screw	driver	0.302		USF:Cue_Target_Pairs.S:1140	yes	yes	yes	yes	yes	
CAND_PLAUS_000067	plus	candidate_pending_human_review			strong_congruence	1	Every day he screws six drivers	present_3s	screws	drivers	screw	driver	0.302		USF:Cue_Target_Pairs.S:1140	yes	yes	yes	yes	yes	
CAND_PLAUS_000068	plus	candidate_pending_human_review			strong_congruence	1	Last week he screwed six drivers	simple_past	screwed	drivers	screw	driver	0.302		USF:Cue_Target_Pairs.S:1140	yes	yes	yes	yes	yes	
CAND_PLAUS_000069	plus	candidate_pending_human_review			strong_congruence	1	They are screwing six drivers	be_progressive	screwing	drivers	screw	driver	0.302		USF:Cue_Target_Pairs.S:1140	yes	yes	yes	yes	yes	
CAND_PLAUS_000070	plus	candidate_pending_human_review			strong_congruence	1	They do not screw six drivers	do_negation	screw	drivers	screw	driver	0.302		USF:Cue_Target_Pairs.S:1140	yes	yes	yes	yes	yes	
CAND_PLAUS_000071	plus	candidate_pending_human_review			strong_congruence	1	Every day they screw six drivers	present_3s	screw	drivers	screw	driver	0.302		USF:Cue_Target_Pairs.S:1140	yes	yes	yes	yes	yes	
CAND_PLAUS_000072	plus	candidate_pending_human_review			strong_congruence	1	Last week they screwed six drivers	simple_past	screwed	drivers	screw	driver	0.302		USF:Cue_Target_Pairs.S:1140	yes	yes	yes	yes	yes	
CAND_PLAUS_000073	plus	candidate_pending_human_review			strong_congruence	1	She is squinting one eye	be_progressive	squinting	eye	squint	eye	0.312		USF:Cue_Target_Pairs.S:6101	yes	yes	yes	yes	yes	
CAND_PLAUS_000074	plus	candidate_pending_human_review			strong_congruence	1	She does not squint one eye	do_negation	squint	eye	squint	eye	0.312		USF:Cue_Target_Pairs.S:6101	yes	yes	yes	yes	yes	
CAND_PLAUS_000075	plus	candidate_pending_human_review			strong_congruence	1	Every day she squints one eye	present_3s	squints	eye	squint	eye	0.312		USF:Cue_Target_Pairs.S:6101	yes	yes	yes	yes	yes	
CAND_PLAUS_000076	plus	candidate_pending_human_review			strong_congruence	1	Last week she squinted one eye	simple_past	squinted	eye	squint	eye	0.312		USF:Cue_Target_Pairs.S:6101	yes	yes	yes	yes	yes	
CAND_PLAUS_000077	plus	candidate_pending_human_review			strong_congruence	1	He is squinting one eye	be_progressive	squinting	eye	squint	eye	0.312		USF:Cue_Target_Pairs.S:6101	yes	yes	yes	yes	yes	
CAND_PLAUS_000078	plus	candidate_pending_human_review			strong_congruence	1	He does not squint one eye	do_negation	squint	eye	squint	eye	0.312		USF:Cue_Target_Pairs.S:6101	yes	yes	yes	yes	yes	
CAND_PLAUS_000079	plus	candidate_pending_human_review			strong_congruence	1	Every day he squints one eye	present_3s	squints	eye	squint	eye	0.312		USF:Cue_Target_Pairs.S:6101	yes	yes	yes	yes	yes	
CAND_PLAUS_000080	plus	candidate_pending_human_review			strong_congruence	1	Last week he squinted one eye	simple_past	squinted	eye	squint	eye	0.312		USF:Cue_Target_Pairs.S:6101	yes	yes	yes	yes	yes	
CAND_PLAUS_000081	plus	candidate_pending_human_review			strong_congruence	1	They are squinting one eye	be_progressive	squinting	eye	squint	eye	0.312		USF:Cue_Target_Pairs.S:6101	yes	yes	yes	yes	yes	
CAND_PLAUS_000082	plus	candidate_pending_human_review			strong_congruence	1	They do not squint one eye	do_negation	squint	eye	squint	eye	0.312		USF:Cue_Target_Pairs.S:6101	yes	yes	yes	yes	yes	
CAND_PLAUS_000083	plus	candidate_pending_human_review			strong_congruence	1	Every day they squint one eye	present_3s	squint	eye	squint	eye	0.312		USF:Cue_Target_Pairs.S:6101	yes	yes	yes	yes	yes	
CAND_PLAUS_000084	plus	candidate_pending_human_review			strong_congruence	1	Last week they squinted one eye	simple_past	squinted	eye	squint	eye	0.312		USF:Cue_Target_Pairs.S:6101	yes	yes	yes	yes	yes	
CAND_PLAUS_000085	plus	candidate_pending_human_review			strong_congruence	1	She is squinting two eyes	be_progressive	squinting	eyes	squint	eye	0.312		USF:Cue_Target_Pairs.S:6101	yes	yes	yes	yes	yes	
CAND_PLAUS_000086	plus	candidate_pending_human_review			strong_congruence	1	She does not squint two eyes	do_negation	squint	eyes	squint	eye	0.312		USF:Cue_Target_Pairs.S:6101	yes	yes	yes	yes	yes	
CAND_PLAUS_000087	plus	candidate_pending_human_review			strong_congruence	1	Every day she squints two eyes	present_3s	squints	eyes	squint	eye	0.312		USF:Cue_Target_Pairs.S:6101	yes	yes	yes	yes	yes	
CAND_PLAUS_000088	plus	candidate_pending_human_review			strong_congruence	1	Last week she squinted two eyes	simple_past	squinted	eyes	squint	eye	0.312		USF:Cue_Target_Pairs.S:6101	yes	yes	yes	yes	yes	
CAND_PLAUS_000089	plus	candidate_pending_human_review			strong_congruence	1	He is squinting two eyes	be_progressive	squinting	eyes	squint	eye	0.312		USF:Cue_Target_Pairs.S:6101	yes	yes	yes	yes	yes	
CAND_PLAUS_000090	plus	candidate_pending_human_review			strong_congruence	1	He does not squint two eyes	do_negation	squint	eyes	squint	eye	0.312		USF:Cue_Target_Pairs.S:6101	yes	yes	yes	yes	yes	
CAND_PLAUS_000091	plus	candidate_pending_human_review			strong_congruence	1	Every day he squints two eyes	present_3s	squints	eyes	squint	eye	0.312		USF:Cue_Target_Pairs.S:6101	yes	yes	yes	yes	yes	
CAND_PLAUS_000092	plus	candidate_pending_human_review			strong_congruence	1	Last week he squinted two eyes	simple_past	squinted	eyes	squint	eye	0.312		USF:Cue_Target_Pairs.S:6101	yes	yes	yes	yes	yes	
CAND_PLAUS_000093	plus	candidate_pending_human_review			strong_congruence	1	They are squinting two eyes	be_progressive	squinting	eyes	squint	eye	0.312		USF:Cue_Target_Pairs.S:6101	yes	yes	yes	yes	yes	
CAND_PLAUS_000094	plus	candidate_pending_human_review			strong_congruence	1	They do not squint two eyes	do_negation	squint	eyes	squint	eye	0.312		USF:Cue_Target_Pairs.S:6101	yes	yes	yes	yes	yes	
CAND_PLAUS_000095	plus	candidate_pending_human_review			strong_congruence	1	Every day they squint two eyes	present_3s	squint	eyes	squint	eye	0.312		USF:Cue_Target_Pairs.S:6101	yes	yes	yes	yes	yes	
CAND_PLAUS_000096	plus	candidate_pending_human_review			strong_congruence	1	Last week they squinted two eyes	simple_past	squinted	eyes	squint	eye	0.312		USF:Cue_Target_Pairs.S:6101	yes	yes	yes	yes	yes	
CAND_PLAUS_000097	plus	candidate_pending_human_review			strong_congruence	1	She is squinting three eyes	be_progressive	squinting	eyes	squint	eye	0.312		USF:Cue_Target_Pairs.S:6101	yes	yes	yes	yes	yes	
CAND_PLAUS_000098	plus	candidate_pending_human_review			strong_congruence	1	She does not squint three eyes	do_negation	squint	eyes	squint	eye	0.312		USF:Cue_Target_Pairs.S:6101	yes	yes	yes	yes	yes	
CAND_PLAUS_000099	plus	candidate_pending_human_review			strong_congruence	1	Every day she squints three eyes	present_3s	squints	eyes	squint	eye	0.312		USF:Cue_Target_Pairs.S:6101	yes	yes	yes	yes	yes	
CAND_PLAUS_000100	plus	candidate_pending_human_review			strong_congruence	1	Last week she squinted three eyes	simple_past	squinted	eyes	squint	eye	0.312		USF:Cue_Target_Pairs.S:6101	yes	yes	yes	yes	yes	
CAND_PLAUS_000101	plus	candidate_pending_human_review			strong_congruence	1	He is squinting three eyes	be_progressive	squinting	eyes	squint	eye	0.312		USF:Cue_Target_Pairs.S:6101	yes	yes	yes	yes	yes	
CAND_PLAUS_000102	plus	candidate_pending_human_review			strong_congruence	1	He does not squint three eyes	do_negation	squint	eyes	squint	eye	0.312		USF:Cue_Target_Pairs.S:6101	yes	yes	yes	yes	yes	
CAND_PLAUS_000103	plus	candidate_pending_human_review			strong_congruence	1	Every day he squints three eyes	present_3s	squints	eyes	squint	eye	0.312		USF:Cue_Target_Pairs.S:6101	yes	yes	yes	yes	yes	
CAND_PLAUS_000104	plus	candidate_pending_human_review			strong_congruence	1	Last week he squinted three eyes	simple_past	squinted	eyes	squint	eye	0.312		USF:Cue_Target_Pairs.S:6101	yes	yes	yes	yes	yes	
CAND_PLAUS_000105	plus	candidate_pending_human_review			strong_congruence	1	They are squinting three eyes	be_progressive	squinting	eyes	squint	eye	0.312		USF:Cue_Target_Pairs.S:6101	yes	yes	yes	yes	yes	
CAND_PLAUS_000106	plus	candidate_pending_human_review			strong_congruence	1	They do not squint three eyes	do_negation	squint	eyes	squint	eye	0.312		USF:Cue_Target_Pairs.S:6101	yes	yes	yes	yes	yes	
CAND_PLAUS_000107	plus	candidate_pending_human_review			strong_congruence	1	Every day they squint three eyes	present_3s	squint	eyes	squint	eye	0.312		USF:Cue_Target_Pairs.S:6101	yes	yes	yes	yes	yes	
CAND_PLAUS_000108	plus	candidate_pending_human_review			strong_congruence	1	Last week they squinted three eyes	simple_past	squinted	eyes	squint	eye	0.312		USF:Cue_Target_Pairs.S:6101	yes	yes	yes	yes	yes	
CAND_PLAUS_000109	plus	candidate_pending_human_review			strong_congruence	1	She is squinting four eyes	be_progressive	squinting	eyes	squint	eye	0.312		USF:Cue_Target_Pairs.S:6101	yes	yes	yes	yes	yes	
CAND_PLAUS_000110	plus	candidate_pending_human_review			strong_congruence	1	She does not squint four eyes	do_negation	squint	eyes	squint	eye	0.312		USF:Cue_Target_Pairs.S:6101	yes	yes	yes	yes	yes	
CAND_PLAUS_000111	plus	candidate_pending_human_review			strong_congruence	1	Every day she squints four eyes	present_3s	squints	eyes	squint	eye	0.312		USF:Cue_Target_Pairs.S:6101	yes	yes	yes	yes	yes	
CAND_PLAUS_000112	plus	candidate_pending_human_review			strong_congruence	1	Last week she squinted four eyes	simple_past	squinted	eyes	squint	eye	0.312		USF:Cue_Target_Pairs.S:6101	yes	yes	yes	yes	yes	
CAND_PLAUS_000113	plus	candidate_pending_human_review			strong_congruence	1	He is squinting four eyes	be_progressive	squinting	eyes	squint	eye	0.312		USF:Cue_Target_Pairs.S:6101	yes	yes	yes	yes	yes	
CAND_PLAUS_000114	plus	candidate_pending_human_review			strong_congruence	1	He does not squint four eyes	do_negation	squint	eyes	squint	eye	0.312		USF:Cue_Target_Pairs.S:6101	yes	yes	yes	yes	yes	
CAND_PLAUS_000115	plus	candidate_pending_human_review			strong_congruence	1	Every day he squints four eyes	present_3s	squints	eyes	squint	eye	0.312		USF:Cue_Target_Pairs.S:6101	yes	yes	yes	yes	yes	
CAND_PLAUS_000116	plus	candidate_pending_human_review			strong_congruence	1	Last week he squinted four eyes	simple_past	squinted	eyes	squint	eye	0.312		USF:Cue_Target_Pairs.S:6101	yes	yes	yes	yes	yes	
CAND_PLAUS_000117	plus	candidate_pending_human_review			strong_congruence	1	They are squinting four eyes	be_progressive	squinting	eyes	squint	eye	0.312		USF:Cue_Target_Pairs.S:6101	yes	yes	yes	yes	yes	
CAND_PLAUS_000118	plus	candidate_pending_human_review			strong_congruence	1	They do not squint four eyes	do_negation	squint	eyes	squint	eye	0.312		USF:Cue_Target_Pairs.S:6101	yes	yes	yes	yes	yes	
CAND_PLAUS_000119	plus	candidate_pending_human_review			strong_congruence	1	Every day they squint four eyes	present_3s	squint	eyes	squint	eye	0.312		USF:Cue_Target_Pairs.S:6101	yes	yes	yes	yes	yes	
CAND_PLAUS_000120	plus	candidate_pending_human_review			strong_congruence	1	Last week they squinted four eyes	simple_past	squinted	eyes	squint	eye	0.312		USF:Cue_Target_Pairs.S:6101	yes	yes	yes	yes	yes	
CAND_PLAUS_000121	plus	candidate_pending_human_review			strong_congruence	1	She is squinting five eyes	be_progressive	squinting	eyes	squint	eye	0.312		USF:Cue_Target_Pairs.S:6101	yes	yes	yes	yes	yes	
CAND_PLAUS_000122	plus	candidate_pending_human_review			strong_congruence	1	She does not squint five eyes	do_negation	squint	eyes	squint	eye	0.312		USF:Cue_Target_Pairs.S:6101	yes	yes	yes	yes	yes	
CAND_PLAUS_000123	plus	candidate_pending_human_review			strong_congruence	1	Every day she squints five eyes	present_3s	squints	eyes	squint	eye	0.312		USF:Cue_Target_Pairs.S:6101	yes	yes	yes	yes	yes	
CAND_PLAUS_000124	plus	candidate_pending_human_review			strong_congruence	1	Last week she squinted five eyes	simple_past	squinted	eyes	squint	eye	0.312		USF:Cue_Target_Pairs.S:6101	yes	yes	yes	yes	yes	
CAND_PLAUS_000125	plus	candidate_pending_human_review			strong_congruence	1	He is squinting five eyes	be_progressive	squinting	eyes	squint	eye	0.312		USF:Cue_Target_Pairs.S:6101	yes	yes	yes	yes	yes	
CAND_PLAUS_000126	plus	candidate_pending_human_review			strong_congruence	1	He does not squint five eyes	do_negation	squint	eyes	squint	eye	0.312		USF:Cue_Target_Pairs.S:6101	yes	yes	yes	yes	yes	
CAND_PLAUS_000127	plus	candidate_pending_human_review			strong_congruence	1	Every day he squints five eyes	present_3s	squints	eyes	squint	eye	0.312		USF:Cue_Target_Pairs.S:6101	yes	yes	yes	yes	yes	
CAND_PLAUS_000128	plus	candidate_pending_human_review			strong_congruence	1	Last week he squinted five eyes	simple_past	squinted	eyes	squint	eye	0.312		USF:Cue_Target_Pairs.S:6101	yes	yes	yes	yes	yes	
CAND_PLAUS_000129	plus	candidate_pending_human_review			strong_congruence	1	They are squinting five eyes	be_progressive	squinting	eyes	squint	eye	0.312		USF:Cue_Target_Pairs.S:6101	yes	yes	yes	yes	yes	
CAND_PLAUS_000130	plus	candidate_pending_human_review			strong_congruence	1	They do not squint five eyes	do_negation	squint	eyes	squint	eye	0.312		USF:Cue_Target_Pairs.S:6101	yes	yes	yes	yes	yes	
CAND_PLAUS_000131	plus	candidate_pending_human_review			strong_congruence	1	Every day they squint five eyes	present_3s	squint	eyes	squint	eye	0.312		USF:Cue_Target_Pairs.S:6101	yes	yes	yes	yes	yes	
CAND_PLAUS_000132	plus	candidate_pending_human_review			strong_congruence	1	Last week they squinted five eyes	simple_past	squinted	eyes	squint	eye	0.312		USF:Cue_Target_Pairs.S:6101	yes	yes	yes	yes	yes	
CAND_PLAUS_000133	plus	candidate_pending_human_review			strong_congruence	1	She is squinting six eyes	be_progressive	squinting	eyes	squint	eye	0.312		USF:Cue_Target_Pairs.S:6101	yes	yes	yes	yes	yes	
CAND_PLAUS_000134	plus	candidate_pending_human_review			strong_congruence	1	She does not squint six eyes	do_negation	squint	eyes	squint	eye	0.312		USF:Cue_Target_Pairs.S:6101	yes	yes	yes	yes	yes	
CAND_PLAUS_000135	plus	candidate_pending_human_review			strong_congruence	1	Every day she squints six eyes	present_3s	squints	eyes	squint	eye	0.312		USF:Cue_Target_Pairs.S:6101	yes	yes	yes	yes	yes	
CAND_PLAUS_000136	plus	candidate_pending_human_review			strong_congruence	1	Last week she squinted six eyes	simple_past	squinted	eyes	squint	eye	0.312		USF:Cue_Target_Pairs.S:6101	yes	yes	yes	yes	yes	
CAND_PLAUS_000137	plus	candidate_pending_human_review			strong_congruence	1	He is squinting six eyes	be_progressive	squinting	eyes	squint	eye	0.312		USF:Cue_Target_Pairs.S:6101	yes	yes	yes	yes	yes	
CAND_PLAUS_000138	plus	candidate_pending_human_review			strong_congruence	1	He does not squint six eyes	do_negation	squint	eyes	squint	eye	0.312		USF:Cue_Target_Pairs.S:6101	yes	yes	yes	yes	yes	
CAND_PLAUS_000139	plus	candidate_pending_human_review			strong_congruence	1	Every day he squints six eyes	present_3s	squints	eyes	squint	eye	0.312		USF:Cue_Target_Pairs.S:6101	yes	yes	yes	yes	yes	
CAND_PLAUS_000140	plus	candidate_pending_human_review			strong_congruence	1	Last week he squinted six eyes	simple_past	squinted	eyes	squint	eye	0.312		USF:Cue_Target_Pairs.S:6101	yes	yes	yes	yes	yes	
CAND_PLAUS_000141	plus	candidate_pending_human_review			strong_congruence	1	They are squinting six eyes	be_progressive	squinting	eyes	squint	eye	0.312		USF:Cue_Target_Pairs.S:6101	yes	yes	yes	yes	yes	
CAND_PLAUS_000142	plus	candidate_pending_human_review			strong_congruence	1	They do not squint six eyes	do_negation	squint	eyes	squint	eye	0.312		USF:Cue_Target_Pairs.S:6101	yes	yes	yes	yes	yes	
CAND_PLAUS_000143	plus	candidate_pending_human_review			strong_congruence	1	Every day they squint six eyes	present_3s	squint	eyes	squint	eye	0.312		USF:Cue_Target_Pairs.S:6101	yes	yes	yes	yes	yes	
CAND_PLAUS_000144	plus	candidate_pending_human_review			strong_congruence	1	Last week they squinted six eyes	simple_past	squinted	eyes	squint	eye	0.312		USF:Cue_Target_Pairs.S:6101	yes	yes	yes	yes	yes	
CAND_PLAUS_000145	plus	candidate_pending_human_review			strong_congruence	1	She is chiselling one hammer	be_progressive	chiselling	hammer	chisel	hammer	0.328		USF:Cue_Target_Pairs.C:2471	yes	yes	yes	yes	yes	
CAND_PLAUS_000146	plus	candidate_pending_human_review			strong_congruence	1	She does not chisel one hammer	do_negation	chisel	hammer	chisel	hammer	0.328		USF:Cue_Target_Pairs.C:2471	yes	yes	yes	yes	yes	
CAND_PLAUS_000147	plus	candidate_pending_human_review			strong_congruence	1	Every day she chisels one hammer	present_3s	chisels	hammer	chisel	hammer	0.328		USF:Cue_Target_Pairs.C:2471	yes	yes	yes	yes	yes	
CAND_PLAUS_000148	plus	candidate_pending_human_review			strong_congruence	1	Last week she chiseled one hammer	simple_past	chiseled	hammer	chisel	hammer	0.328		USF:Cue_Target_Pairs.C:2471	yes	yes	yes	yes	yes	
CAND_PLAUS_000149	plus	candidate_pending_human_review			strong_congruence	1	He is chiselling one hammer	be_progressive	chiselling	hammer	chisel	hammer	0.328		USF:Cue_Target_Pairs.C:2471	yes	yes	yes	yes	yes	
CAND_PLAUS_000150	plus	candidate_pending_human_review			strong_congruence	1	He does not chisel one hammer	do_negation	chisel	hammer	chisel	hammer	0.328		USF:Cue_Target_Pairs.C:2471	yes	yes	yes	yes	yes	
CAND_PLAUS_000151	plus	candidate_pending_human_review			strong_congruence	1	Every day he chisels one hammer	present_3s	chisels	hammer	chisel	hammer	0.328		USF:Cue_Target_Pairs.C:2471	yes	yes	yes	yes	yes	
CAND_PLAUS_000152	plus	candidate_pending_human_review			strong_congruence	1	Last week he chiseled one hammer	simple_past	chiseled	hammer	chisel	hammer	0.328		USF:Cue_Target_Pairs.C:2471	yes	yes	yes	yes	yes	
CAND_PLAUS_000153	plus	candidate_pending_human_review			strong_congruence	1	They are chiselling one hammer	be_progressive	chiselling	hammer	chisel	hammer	0.328		USF:Cue_Target_Pairs.C:2471	yes	yes	yes	yes	yes	
CAND_PLAUS_000154	plus	candidate_pending_human_review			strong_congruence	1	They do not chisel one hammer	do_negation	chisel	hammer	chisel	hammer	0.328		USF:Cue_Target_Pairs.C:2471	yes	yes	yes	yes	yes	
CAND_PLAUS_000155	plus	candidate_pending_human_review			strong_congruence	1	Every day they chisel one hammer	present_3s	chisel	hammer	chisel	hammer	0.328		USF:Cue_Target_Pairs.C:2471	yes	yes	yes	yes	yes	
CAND_PLAUS_000156	plus	candidate_pending_human_review			strong_congruence	1	Last week they chiseled one hammer	simple_past	chiseled	hammer	chisel	hammer	0.328		USF:Cue_Target_Pairs.C:2471	yes	yes	yes	yes	yes	
CAND_PLAUS_000157	plus	candidate_pending_human_review			strong_congruence	1	She is chiselling two hammers	be_progressive	chiselling	hammers	chisel	hammer	0.328		USF:Cue_Target_Pairs.C:2471	yes	yes	yes	yes	yes	
CAND_PLAUS_000158	plus	candidate_pending_human_review			strong_congruence	1	She does not chisel two hammers	do_negation	chisel	hammers	chisel	hammer	0.328		USF:Cue_Target_Pairs.C:2471	yes	yes	yes	yes	yes	
CAND_PLAUS_000159	plus	candidate_pending_human_review			strong_congruence	1	Every day she chisels two hammers	present_3s	chisels	hammers	chisel	hammer	0.328		USF:Cue_Target_Pairs.C:2471	yes	yes	yes	yes	yes	
CAND_PLAUS_000160	plus	candidate_pending_human_review			strong_congruence	1	Last week she chiseled two hammers	simple_past	chiseled	hammers	chisel	hammer	0.328		USF:Cue_Target_Pairs.C:2471	yes	yes	yes	yes	yes	
CAND_PLAUS_000161	plus	candidate_pending_human_review			strong_congruence	1	He is chiselling two hammers	be_progressive	chiselling	hammers	chisel	hammer	0.328		USF:Cue_Target_Pairs.C:2471	yes	yes	yes	yes	yes	
CAND_PLAUS_000162	plus	candidate_pending_human_review			strong_congruence	1	He does not chisel two hammers	do_negation	chisel	hammers	chisel	hammer	0.328		USF:Cue_Target_Pairs.C:2471	yes	yes	yes	yes	yes	
CAND_PLAUS_000163	plus	candidate_pending_human_review			strong_congruence	1	Every day he chisels two hammers	present_3s	chisels	hammers	chisel	hammer	0.328		USF:Cue_Target_Pairs.C:2471	yes	yes	yes	yes	yes	
CAND_PLAUS_000164	plus	candidate_pending_human_review			strong_congruence	1	Last week he chiseled two hammers	simple_past	chiseled	hammers	chisel	hammer	0.328		USF:Cue_Target_Pairs.C:2471	yes	yes	yes	yes	yes	
CAND_PLAUS_000165	plus	candidate_pending_human_review			strong_congruence	1	They are chiselling two hammers	be_progressive	chiselling	hammers	chisel	hammer	0.328		USF:Cue_Target_Pairs.C:2471	yes	yes	yes	yes	yes	
CAND_PLAUS_000166	plus	candidate_pending_human_review			strong_congruence	1	They do not chisel two hammers	do_negation	chisel	hammers	chisel	hammer	0.328		USF:Cue_Target_Pairs.C:2471	yes	yes	yes	yes	yes	
CAND_PLAUS_000167	plus	candidate_pending_human_review			strong_congruence	1	Every day they chisel two hammers	present_3s	chisel	hammers	chisel	hammer	0.328		USF:Cue_Target_Pairs.C:2471	yes	yes	yes	yes	yes	
CAND_PLAUS_000168	plus	candidate_pending_human_review			strong_congruence	1	Last week they chiseled two hammers	simple_past	chiseled	hammers	chisel	hammer	0.328		USF:Cue_Target_Pairs.C:2471	yes	yes	yes	yes	yes	
CAND_PLAUS_000169	plus	candidate_pending_human_review			strong_congruence	1	She is chiselling three hammers	be_progressive	chiselling	hammers	chisel	hammer	0.328		USF:Cue_Target_Pairs.C:2471	yes	yes	yes	yes	yes	
CAND_PLAUS_000170	plus	candidate_pending_human_review			strong_congruence	1	She does not chisel three hammers	do_negation	chisel	hammers	chisel	hammer	0.328		USF:Cue_Target_Pairs.C:2471	yes	yes	yes	yes	yes	
CAND_PLAUS_000171	plus	candidate_pending_human_review			strong_congruence	1	Every day she chisels three hammers	present_3s	chisels	hammers	chisel	hammer	0.328		USF:Cue_Target_Pairs.C:2471	yes	yes	yes	yes	yes	
CAND_PLAUS_000172	plus	candidate_pending_human_review			strong_congruence	1	Last week she chiseled three hammers	simple_past	chiseled	hammers	chisel	hammer	0.328		USF:Cue_Target_Pairs.C:2471	yes	yes	yes	yes	yes	
CAND_PLAUS_000173	plus	candidate_pending_human_review			strong_congruence	1	He is chiselling three hammers	be_progressive	chiselling	hammers	chisel	hammer	0.328		USF:Cue_Target_Pairs.C:2471	yes	yes	yes	yes	yes	
CAND_PLAUS_000174	plus	candidate_pending_human_review			strong_congruence	1	He does not chisel three hammers	do_negation	chisel	hammers	chisel	hammer	0.328		USF:Cue_Target_Pairs.C:2471	yes	yes	yes	yes	yes	
CAND_PLAUS_000175	plus	candidate_pending_human_review			strong_congruence	1	Every day he chisels three hammers	present_3s	chisels	hammers	chisel	hammer	0.328		USF:Cue_Target_Pairs.C:2471	yes	yes	yes	yes	yes	
CAND_PLAUS_000176	plus	candidate_pending_human_review			strong_congruence	1	Last week he chiseled three hammers	simple_past	chiseled	hammers	chisel	hammer	0.328		USF:Cue_Target_Pairs.C:2471	yes	yes	yes	yes	yes	
CAND_PLAUS_000177	plus	candidate_pending_human_review			strong_congruence	1	They are chiselling three hammers	be_progressive	chiselling	hammers	chisel	hammer	0.328		USF:Cue_Target_Pairs.C:2471	yes	yes	yes	yes	yes	
CAND_PLAUS_000178	plus	candidate_pending_human_review			strong_congruence	1	They do not chisel three hammers	do_negation	chisel	hammers	chisel	hammer	0.328		USF:Cue_Target_Pairs.C:2471	yes	yes	yes	yes	yes	
CAND_PLAUS_000179	plus	candidate_pending_human_review			strong_congruence	1	Every day they chisel three hammers	present_3s	chisel	hammers	chisel	hammer	0.328		USF:Cue_Target_Pairs.C:2471	yes	yes	yes	yes	yes	
CAND_PLAUS_000180	plus	candidate_pending_human_review			strong_congruence	1	Last week they chiseled three hammers	simple_past	chiseled	hammers	chisel	hammer	0.328		USF:Cue_Target_Pairs.C:2471	yes	yes	yes	yes	yes	
CAND_PLAUS_000181	plus	candidate_pending_human_review			strong_congruence	1	She is chiselling four hammers	be_progressive	chiselling	hammers	chisel	hammer	0.328		USF:Cue_Target_Pairs.C:2471	yes	yes	yes	yes	yes	
CAND_PLAUS_000182	plus	candidate_pending_human_review			strong_congruence	1	She does not chisel four hammers	do_negation	chisel	hammers	chisel	hammer	0.328		USF:Cue_Target_Pairs.C:2471	yes	yes	yes	yes	yes	
CAND_PLAUS_000183	plus	candidate_pending_human_review			strong_congruence	1	Every day she chisels four hammers	present_3s	chisels	hammers	chisel	hammer	0.328		USF:Cue_Target_Pairs.C:2471	yes	yes	yes	yes	yes	
CAND_PLAUS_000184	plus	candidate_pending_human_review			strong_congruence	1	Last week she chiseled four hammers	simple_past	chiseled	hammers	chisel	hammer	0.328		USF:Cue_Target_Pairs.C:2471	yes	yes	yes	yes	yes	
CAND_PLAUS_000185	plus	candidate_pending_human_review			strong_congruence	1	He is chiselling four hammers	be_progressive	chiselling	hammers	chisel	hammer	0.328		USF:Cue_Target_Pairs.C:2471	yes	yes	yes	yes	yes	
CAND_PLAUS_000186	plus	candidate_pending_human_review			strong_congruence	1	He does not chisel four hammers	do_negation	chisel	hammers	chisel	hammer	0.328		USF:Cue_Target_Pairs.C:2471	yes	yes	yes	yes	yes	
CAND_PLAUS_000187	plus	candidate_pending_human_review			strong_congruence	1	Every day he chisels four hammers	present_3s	chisels	hammers	chisel	hammer	0.328		USF:Cue_Target_Pairs.C:2471	yes	yes	yes	yes	yes	
CAND_PLAUS_000188	plus	candidate_pending_human_review			strong_congruence	1	Last week he chiseled four hammers	simple_past	chiseled	hammers	chisel	hammer	0.328		USF:Cue_Target_Pairs.C:2471	yes	yes	yes	yes	yes	
CAND_PLAUS_000189	plus	candidate_pending_human_review			strong_congruence	1	They are chiselling four hammers	be_progressive	chiselling	hammers	chisel	hammer	0.328		USF:Cue_Target_Pairs.C:2471	yes	yes	yes	yes	yes	
CAND_PLAUS_000190	plus	candidate_pending_human_review			strong_congruence	1	They do not chisel four hammers	do_negation	chisel	hammers	chisel	hammer	0.328		USF:Cue_Target_Pairs.C:2471	yes	yes	yes	yes	yes	
CAND_PLAUS_000191	plus	candidate_pending_human_review			strong_congruence	1	Every day they chisel four hammers	present_3s	chisel	hammers	chisel	hammer	0.328		USF:Cue_Target_Pairs.C:2471	yes	yes	yes	yes	yes	
CAND_PLAUS_000192	plus	candidate_pending_human_review			strong_congruence	1	Last week they chiseled four hammers	simple_past	chiseled	hammers	chisel	hammer	0.328		USF:Cue_Target_Pairs.C:2471	yes	yes	yes	yes	yes	
CAND_PLAUS_000193	plus	candidate_pending_human_review			strong_congruence	1	She is chiselling five hammers	be_progressive	chiselling	hammers	chisel	hammer	0.328		USF:Cue_Target_Pairs.C:2471	yes	yes	yes	yes	yes	
CAND_PLAUS_000194	plus	candidate_pending_human_review			strong_congruence	1	She does not chisel five hammers	do_negation	chisel	hammers	chisel	hammer	0.328		USF:Cue_Target_Pairs.C:2471	yes	yes	yes	yes	yes	
CAND_PLAUS_000195	plus	candidate_pending_human_review			strong_congruence	1	Every day she chisels five hammers	present_3s	chisels	hammers	chisel	hammer	0.328		USF:Cue_Target_Pairs.C:2471	yes	yes	yes	yes	yes	
CAND_PLAUS_000196	plus	candidate_pending_human_review			strong_congruence	1	Last week she chiseled five hammers	simple_past	chiseled	hammers	chisel	hammer	0.328		USF:Cue_Target_Pairs.C:2471	yes	yes	yes	yes	yes	
CAND_PLAUS_000197	plus	candidate_pending_human_review			strong_congruence	1	He is chiselling five hammers	be_progressive	chiselling	hammers	chisel	hammer	0.328		USF:Cue_Target_Pairs.C:2471	yes	yes	yes	yes	yes	
CAND_PLAUS_000198	plus	candidate_pending_human_review			strong_congruence	1	He does not chisel five hammers	do_negation	chisel	hammers	chisel	hammer	0.328		USF:Cue_Target_Pairs.C:2471	yes	yes	yes	yes	yes	
CAND_PLAUS_000199	plus	candidate_pending_human_review			strong_congruence	1	Every day he chisels five hammers	present_3s	chisels	hammers	chisel	hammer	0.328		USF:Cue_Target_Pairs.C:2471	yes	yes	yes	yes	yes	
CAND_PLAUS_000200	plus	candidate_pending_human_review			strong_congruence	1	Last week he chiseled five hammers	simple_past	chiseled	hammers	chisel	hammer	0.328		USF:Cue_Target_Pairs.C:2471	yes	yes	yes	yes	yes	
CAND_PLAUS_000201	plus	candidate_pending_human_review			strong_congruence	1	They are chiselling five hammers	be_progressive	chiselling	hammers	chisel	hammer	0.328		USF:Cue_Target_Pairs.C:2471	yes	yes	yes	yes	yes	
CAND_PLAUS_000202	plus	candidate_pending_human_review			strong_congruence	1	They do not chisel five hammers	do_negation	chisel	hammers	chisel	hammer	0.328		USF:Cue_Target_Pairs.C:2471	yes	yes	yes	yes	yes	
CAND_PLAUS_000203	plus	candidate_pending_human_review			strong_congruence	1	Every day they chisel five hammers	present_3s	chisel	hammers	chisel	hammer	0.328		USF:Cue_Target_Pairs.C:2471	yes	yes	yes	yes	yes	
CAND_PLAUS_000204	plus	candidate_pending_human_review			strong_congruence	1	Last week they chiseled five hammers	simple_past	chiseled	hammers	chisel	hammer	0.328		USF:Cue_Target_Pairs.C:2471	yes	yes	yes	yes	yes	
CAND_PLAUS_000205	plus	candidate_pending_human_review			strong_congruence	1	She is chiselling six hammers	be_progressive	chiselling	hammers	chisel	hammer	0.328		USF:Cue_Target_Pairs.C:2471	yes	yes	yes	yes	yes	
CAND_PLAUS_000206	plus	candidate_pending_human_review			strong_congruence	1	She does not chisel six hammers	do_negation	chisel	hammers	chisel	hammer	0.328		USF:Cue_Target_Pairs.C:2471	yes	yes	yes	yes	yes	
CAND_PLAUS_000207	plus	candidate_pending_human_review			strong_congruence	1	Every day she chisels six hammers	present_3s	chisels	hammers	chisel	hammer	0.328		USF:Cue_Target_Pairs.C:2471	yes	yes	yes	yes	yes	
CAND_PLAUS_000208	plus	candidate_pending_human_review			strong_congruence	1	Last week she chiseled six hammers	simple_past	chiseled	hammers	chisel	hammer	0.328		USF:Cue_Target_Pairs.C:2471	yes	yes	yes	yes	yes	
CAND_PLAUS_000209	plus	candidate_pending_human_review			strong_congruence	1	He is chiselling six hammers	be_progressive	chiselling	hammers	chisel	hammer	0.328		USF:Cue_Target_Pairs.C:2471	yes	yes	yes	yes	yes	
CAND_PLAUS_000210	plus	candidate_pending_human_review			strong_congruence	1	He does not chisel six hammers	do_negation	chisel	hammers	chisel	hammer	0.328		USF:Cue_Target_Pairs.C:2471	yes	yes	yes	yes	yes	
CAND_PLAUS_000211	plus	candidate_pending_human_review			strong_congruence	1	Every day he chisels six hammers	present_3s	chisels	hammers	chisel	hammer	0.328		USF:Cue_Target_Pairs.C:2471	yes	yes	yes	yes	yes	
CAND_PLAUS_000212	plus	candidate_pending_human_review			strong_congruence	1	Last week he chiseled six hammers	simple_past	chiseled	hammers	chisel	hammer	0.328		USF:Cue_Target_Pairs.C:2471	yes	yes	yes	yes	yes	
CAND_PLAUS_000213	plus	candidate_pending_human_review			strong_congruence	1	They are chiselling six hammers	be_progressive	chiselling	hammers	chisel	hammer	0.328		USF:Cue_Target_Pairs.C:2471	yes	yes	yes	yes	yes	
CAND_PLAUS_000214	plus	candidate_pending_human_review			strong_congruence	1	They do not chisel six hammers	do_negation	chisel	hammers	chisel	hammer	0.328		USF:Cue_Target_Pairs.C:2471	yes	yes	yes	yes	yes	
CAND_PLAUS_000215	plus	candidate_pending_human_review			strong_congruence	1	Every day they chisel six hammers	present_3s	chisel	hammers	chisel	hammer	0.328		USF:Cue_Target_Pairs.C:2471	yes	yes	yes	yes	yes	
CAND_PLAUS_000216	plus	candidate_pending_human_review			strong_congruence	1	Last week they chiseled six hammers	simple_past	chiseled	hammers	chisel	hammer	0.328		USF:Cue_Target_Pairs.C:2471	yes	yes	yes	yes	yes	
CAND_PLAUS_000217	plus	candidate_pending_human_review			strong_congruence	1	She is sailing one boat	be_progressive	sailing	boat	sail	boat	0.589		USF:Cue_Target_Pairs.S:120	yes	yes	yes	yes	yes	
CAND_PLAUS_000218	plus	candidate_pending_human_review			strong_congruence	1	She does not sail one boat	do_negation	sail	boat	sail	boat	0.589		USF:Cue_Target_Pairs.S:120	yes	yes	yes	yes	yes	
CAND_PLAUS_000219	plus	candidate_pending_human_review			strong_congruence	1	Every day she sails one boat	present_3s	sails	boat	sail	boat	0.589		USF:Cue_Target_Pairs.S:120	yes	yes	yes	yes	yes	
CAND_PLAUS_000220	plus	candidate_pending_human_review			strong_congruence	1	Last week she sailed one boat	simple_past	sailed	boat	sail	boat	0.589		USF:Cue_Target_Pairs.S:120	yes	yes	yes	yes	yes	
CAND_PLAUS_000221	plus	candidate_pending_human_review			strong_congruence	1	He is sailing one boat	be_progressive	sailing	boat	sail	boat	0.589		USF:Cue_Target_Pairs.S:120	yes	yes	yes	yes	yes	
CAND_PLAUS_000222	plus	candidate_pending_human_review			strong_congruence	1	He does not sail one boat	do_negation	sail	boat	sail	boat	0.589		USF:Cue_Target_Pairs.S:120	yes	yes	yes	yes	yes	
CAND_PLAUS_000223	plus	candidate_pending_human_review			strong_congruence	1	Every day he sails one boat	present_3s	sails	boat	sail	boat	0.589		USF:Cue_Target_Pairs.S:120	yes	yes	yes	yes	yes	
CAND_PLAUS_000224	plus	candidate_pending_human_review			strong_congruence	1	Last week he sailed one boat	simple_past	sailed	boat	sail	boat	0.589		USF:Cue_Target_Pairs.S:120	yes	yes	yes	yes	yes	
CAND_PLAUS_000225	plus	candidate_pending_human_review			strong_congruence	1	They are sailing one boat	be_progressive	sailing	boat	sail	boat	0.589		USF:Cue_Target_Pairs.S:120	yes	yes	yes	yes	yes	
CAND_PLAUS_000226	plus	candidate_pending_human_review			strong_congruence	1	They do not sail one boat	do_negation	sail	boat	sail	boat	0.589		USF:Cue_Target_Pairs.S:120	yes	yes	yes	yes	yes	
CAND_PLAUS_000227	plus	candidate_pending_human_review			strong_congruence	1	Every day they sail one boat	present_3s	sail	boat	sail	boat	0.589		USF:Cue_Target_Pairs.S:120	yes	yes	yes	yes	yes	
CAND_PLAUS_000228	plus	candidate_pending_human_review			strong_congruence	1	Last week they sailed one boat	simple_past	sailed	boat	sail	boat	0.589		USF:Cue_Target_Pairs.S:120	yes	yes	yes	yes	yes	
CAND_PLAUS_000229	plus	candidate_pending_human_review			strong_congruence	1	She is sailing two boats	be_progressive	sailing	boats	sail	boat	0.589		USF:Cue_Target_Pairs.S:120	yes	yes	yes	yes	yes	
CAND_PLAUS_000230	plus	candidate_pending_human_review			strong_congruence	1	She does not sail two boats	do_negation	sail	boats	sail	boat	0.589		USF:Cue_Target_Pairs.S:120	yes	yes	yes	yes	yes	
CAND_PLAUS_000231	plus	candidate_pending_human_review			strong_congruence	1	Every day she sails two boats	present_3s	sails	boats	sail	boat	0.589		USF:Cue_Target_Pairs.S:120	yes	yes	yes	yes	yes	
CAND_PLAUS_000232	plus	candidate_pending_human_review			strong_congruence	1	Last week she sailed two boats	simple_past	sailed	boats	sail	boat	0.589		USF:Cue_Target_Pairs.S:120	yes	yes	yes	yes	yes	
CAND_PLAUS_000233	plus	candidate_pending_human_review			strong_congruence	1	He is sailing two boats	be_progressive	sailing	boats	sail	boat	0.589		USF:Cue_Target_Pairs.S:120	yes	yes	yes	yes	yes	
CAND_PLAUS_000234	plus	candidate_pending_human_review			strong_congruence	1	He does not sail two boats	do_negation	sail	boats	sail	boat	0.589		USF:Cue_Target_Pairs.S:120	yes	yes	yes	yes	yes	
CAND_PLAUS_000235	plus	candidate_pending_human_review			strong_congruence	1	Every day he sails two boats	present_3s	sails	boats	sail	boat	0.589		USF:Cue_Target_Pairs.S:120	yes	yes	yes	yes	yes	
CAND_PLAUS_000236	plus	candidate_pending_human_review			strong_congruence	1	Last week he sailed two boats	simple_past	sailed	boats	sail	boat	0.589		USF:Cue_Target_Pairs.S:120	yes	yes	yes	yes	yes	
CAND_PLAUS_000237	plus	candidate_pending_human_review			strong_congruence	1	They are sailing two boats	be_progressive	sailing	boats	sail	boat	0.589		USF:Cue_Target_Pairs.S:120	yes	yes	yes	yes	yes	
CAND_PLAUS_000238	plus	candidate_pending_human_review			strong_congruence	1	They do not sail two boats	do_negation	sail	boats	sail	boat	0.589		USF:Cue_Target_Pairs.S:120	yes	yes	yes	yes	yes	
CAND_PLAUS_000239	plus	candidate_pending_human_review			strong_congruence	1	Every day they sail two boats	present_3s	sail	boats	sail	boat	0.589		USF:Cue_Target_Pairs.S:120	yes	yes	yes	yes	yes	
CAND_PLAUS_000240	plus	candidate_pending_human_review			strong_congruence	1	Last week they sailed two boats	simple_past	sailed	boats	sail	boat	0.589		USF:Cue_Target_Pairs.S:120	yes	yes	yes	yes	yes	
CAND_PLAUS_000241	plus	candidate_pending_human_review			strong_congruence	1	She is sailing three boats	be_progressive	sailing	boats	sail	boat	0.589		USF:Cue_Target_Pairs.S:120	yes	yes	yes	yes	yes	
CAND_PLAUS_000242	plus	candidate_pending_human_review			strong_congruence	1	She does not sail three boats	do_negation	sail	boats	sail	boat	0.589		USF:Cue_Target_Pairs.S:120	yes	yes	yes	yes	yes	
CAND_PLAUS_000243	plus	candidate_pending_human_review			strong_congruence	1	Every day she sails three boats	present_3s	sails	boats	sail	boat	0.589		USF:Cue_Target_Pairs.S:120	yes	yes	yes	yes	yes	
CAND_PLAUS_000244	plus	candidate_pending_human_review			strong_congruence	1	Last week she sailed three boats	simple_past	sailed	boats	sail	boat	0.589		USF:Cue_Target_Pairs.S:120	yes	yes	yes	yes	yes	
CAND_PLAUS_000245	plus	candidate_pending_human_review			strong_congruence	1	He is sailing three boats	be_progressive	sailing	boats	sail	boat	0.589		USF:Cue_Target_Pairs.S:120	yes	yes	yes	yes	yes	
CAND_PLAUS_000246	plus	candidate_pending_human_review			strong_congruence	1	He does not sail three boats	do_negation	sail	boats	sail	boat	0.589		USF:Cue_Target_Pairs.S:120	yes	yes	yes	yes	yes	
CAND_PLAUS_000247	plus	candidate_pending_human_review			strong_congruence	1	Every day he sails three boats	present_3s	sails	boats	sail	boat	0.589		USF:Cue_Target_Pairs.S:120	yes	yes	yes	yes	yes	
CAND_PLAUS_000248	plus	candidate_pending_human_review			strong_congruence	1	Last week he sailed three boats	simple_past	sailed	boats	sail	boat	0.589		USF:Cue_Target_Pairs.S:120	yes	yes	yes	yes	yes	
CAND_PLAUS_000249	plus	candidate_pending_human_review			strong_congruence	1	They are sailing three boats	be_progressive	sailing	boats	sail	boat	0.589		USF:Cue_Target_Pairs.S:120	yes	yes	yes	yes	yes	
CAND_PLAUS_000250	plus	candidate_pending_human_review			strong_congruence	1	They do not sail three boats	do_negation	sail	boats	sail	boat	0.589		USF:Cue_Target_Pairs.S:120	yes	yes	yes	yes	yes	
CAND_PLAUS_000251	plus	candidate_pending_human_review			strong_congruence	1	Every day they sail three boats	present_3s	sail	boats	sail	boat	0.589		USF:Cue_Target_Pairs.S:120	yes	yes	yes	yes	yes	
CAND_PLAUS_000252	plus	candidate_pending_human_review			strong_congruence	1	Last week they sailed three boats	simple_past	sailed	boats	sail	boat	0.589		USF:Cue_Target_Pairs.S:120	yes	yes	yes	yes	yes	
CAND_PLAUS_000253	plus	candidate_pending_human_review			strong_congruence	1	She is sailing four boats	be_progressive	sailing	boats	sail	boat	0.589		USF:Cue_Target_Pairs.S:120	yes	yes	yes	yes	yes	
CAND_PLAUS_000254	plus	candidate_pending_human_review			strong_congruence	1	She does not sail four boats	do_negation	sail	boats	sail	boat	0.589		USF:Cue_Target_Pairs.S:120	yes	yes	yes	yes	yes	
CAND_PLAUS_000255	plus	candidate_pending_human_review			strong_congruence	1	Every day she sails four boats	present_3s	sails	boats	sail	boat	0.589		USF:Cue_Target_Pairs.S:120	yes	yes	yes	yes	yes	
CAND_PLAUS_000256	plus	candidate_pending_human_review			strong_congruence	1	Last week she sailed four boats	simple_past	sailed	boats	sail	boat	0.589		USF:Cue_Target_Pairs.S:120	yes	yes	yes	yes	yes	
CAND_PLAUS_000257	plus	candidate_pending_human_review			strong_congruence	1	He is sailing four boats	be_progressive	sailing	boats	sail	boat	0.589		USF:Cue_Target_Pairs.S:120	yes	yes	yes	yes	yes	
CAND_PLAUS_000258	plus	candidate_pending_human_review			strong_congruence	1	He does not sail four boats	do_negation	sail	boats	sail	boat	0.589		USF:Cue_Target_Pairs.S:120	yes	yes	yes	yes	yes	
CAND_PLAUS_000259	plus	candidate_pending_human_review			strong_congruence	1	Every day he sails four boats	present_3s	sails	boats	sail	boat	0.589		USF:Cue_Target_Pairs.S:120	yes	yes	yes	yes	yes	
CAND_PLAUS_000260	plus	candidate_pending_human_review			strong_congruence	1	Last week he sailed four boats	simple_past	sailed	boats	sail	boat	0.589		USF:Cue_Target_Pairs.S:120	yes	yes	yes	yes	yes	
CAND_PLAUS_000261	plus	candidate_pending_human_review			strong_congruence	1	They are sailing four boats	be_progressive	sailing	boats	sail	boat	0.589		USF:Cue_Target_Pairs.S:120	yes	yes	yes	yes	yes	
CAND_PLAUS_000262	plus	candidate_pending_human_review			strong_congruence	1	They do not sail four boats	do_negation	sail	boats	sail	boat	0.589		USF:Cue_Target_Pairs.S:120	yes	yes	yes	yes	yes	
CAND_PLAUS_000263	plus	candidate_pending_human_review			strong_congruence	1	Every day they sail four boats	present_3s	sail	boats	sail	boat	0.589		USF:Cue_Target_Pairs.S:120	yes	yes	yes	yes	yes	
CAND_PLAUS_000264	plus	candidate_pending_human_review			strong_congruence	1	Last week they sailed four boats	simple_past	sailed	boats	sail	boat	0.589		USF:Cue_Target_Pairs.S:120	yes	yes	yes	yes	yes	
CAND_PLAUS_000265	plus	candidate_pending_human_review			strong_congruence	1	She is sailing five boats	be_progressive	sailing	boats	sail	boat	0.589		USF:Cue_Target_Pairs.S:120	yes	yes	yes	yes	yes	
CAND_PLAUS_000266	plus	candidate_pending_human_review			strong_congruence	1	She does not sail five boats	do_negation	sail	boats	sail	boat	0.589		USF:Cue_Target_Pairs.S:120	yes	yes	yes	yes	yes	
CAND_PLAUS_000267	plus	candidate_pending_human_review			strong_congruence	1	Every day she sails five boats	present_3s	sails	boats	sail	boat	0.589		USF:Cue_Target_Pairs.S:120	yes	yes	yes	yes	yes	
CAND_PLAUS_000268	plus	candidate_pending_human_review			strong_congruence	1	Last week she sailed five boats	simple_past	sailed	boats	sail	boat	0.589		USF:Cue_Target_Pairs.S:120	yes	yes	yes	yes	yes	
CAND_PLAUS_000269	plus	candidate_pending_human_review			strong_congruence	1	He is sailing five boats	be_progressive	sailing	boats	sail	boat	0.589		USF:Cue_Target_Pairs.S:120	yes	yes	yes	yes	yes	
CAND_PLAUS_000270	plus	candidate_pending_human_review			strong_congruence	1	He does not sail five boats	do_negation	sail	boats	sail	boat	0.589		USF:Cue_Target_Pairs.S:120	yes	yes	yes	yes	yes	
CAND_PLAUS_000271	plus	candidate_pending_human_review			strong_congruence	1	Every day he sails five boats	present_3s	sails	boats	sail	boat	0.589		USF:Cue_Target_Pairs.S:120	yes	yes	yes	yes	yes	
CAND_PLAUS_000272	plus	candidate_pending_human_review			strong_congruence	1	Last week he sailed five boats	simple_past	sailed	boats	sail	boat	0.589		USF:Cue_Target_Pairs.S:120	yes	yes	yes	yes	yes	
CAND_PLAUS_000273	plus	candidate_pending_human_review			strong_congruence	1	They are sailing five boats	be_progressive	sailing	boats	sail	boat	0.589		USF:Cue_Target_Pairs.S:120	yes	yes	yes	yes	yes	
CAND_PLAUS_000274	plus	candidate_pending_human_review			strong_congruence	1	They do not sail five boats	do_negation	sail	boats	sail	boat	0.589		USF:Cue_Target_Pairs.S:120	yes	yes	yes	yes	yes	
CAND_PLAUS_000275	plus	candidate_pending_human_review			strong_congruence	1	Every day they sail five boats	present_3s	sail	boats	sail	boat	0.589		USF:Cue_Target_Pairs.S:120	yes	yes	yes	yes	yes	
CAND_PLAUS_000276	plus	candidate_pending_human_review			strong_congruence	1	Last week they sailed five boats	simple_past	sailed	boats	sail	boat	0.589		USF:Cue_Target_Pairs.S:120	yes	yes	yes	yes	yes	
CAND_PLAUS_000277	plus	candidate_pending_human_review			strong_congruence	1	She is sailing six boats	be_progressive	sailing	boats	sail	boat	0.589		USF:Cue_Target_Pairs.S:120	yes	yes	yes	yes	yes	
CAND_PLAUS_000278	plus	candidate_pending_human_review			strong_congruence	1	She does not sail six boats	do_negation	sail	boats	sail	boat	0.589		USF:Cue_Target_Pairs.S:120	yes	yes	yes	yes	yes	
CAND_PLAUS_000279	plus	candidate_pending_human_review			strong_congruence	1	Every day she sails six boats	present_3s	sails	boats	sail	boat	0.589		USF:Cue_Target_Pairs.S:120	yes	yes	yes	yes	yes	
CAND_PLAUS_000280	plus	candidate_pending_human_review			strong_congruence	1	Last week she sailed six boats	simple_past	sailed	boats	sail	boat	0.589		USF:Cue_Target_Pairs.S:120	yes	yes	yes	yes	yes	
CAND_PLAUS_000281	plus	candidate_pending_human_review			strong_congruence	1	He is sailing six boats	be_progressive	sailing	boats	sail	boat	0.589		USF:Cue_Target_Pairs.S:120	yes	yes	yes	yes	yes	
CAND_PLAUS_000282	plus	candidate_pending_human_review			strong_congruence	1	He does not sail six boats	do_negation	sail	boats	sail	boat	0.589		USF:Cue_Target_Pairs.S:120	yes	yes	yes	yes	yes	
CAND_PLAUS_000283	plus	candidate_pending_human_review			strong_congruence	1	Every day he sails six boats	present_3s	sails	boats	sail	boat	0.589		USF:Cue_Target_Pairs.S:120	yes	yes	yes	yes	yes	
CAND_PLAUS_000284	plus	candidate_pending_human_review			strong_congruence	1	Last week he sailed six boats	simple_past	sailed	boats	sail	boat	0.589		USF:Cue_Target_Pairs.S:120	yes	yes	yes	yes	yes	
CAND_PLAUS_000285	plus	candidate_pending_human_review			strong_congruence	1	They are sailing six boats	be_progressive	sailing	boats	sail	boat	0.589		USF:Cue_Target_Pairs.S:120	yes	yes	yes	yes	yes	
CAND_PLAUS_000286	plus	candidate_pending_human_review			strong_congruence	1	They do not sail six boats	do_negation	sail	boats	sail	boat	0.589		USF:Cue_Target_Pairs.S:120	yes	yes	yes	yes	yes	
CAND_PLAUS_000287	plus	candidate_pending_human_review			strong_congruence	1	Every day they sail six boats	present_3s	sail	boats	sail	boat	0.589		USF:Cue_Target_Pairs.S:120	yes	yes	yes	yes	yes	
CAND_PLAUS_000288	plus	candidate_pending_human_review			strong_congruence	1	Last week they sailed six boats	simple_past	sailed	boats	sail	boat	0.589		USF:Cue_Target_Pairs.S:120	yes	yes	yes	yes	yes	
CAND_PLAUS_000289	plus	candidate_pending_human_review			strong_congruence	1	She is stepping one stair	be_progressive	stepping	stair	step	stair	0.37		USF:Cue_Target_Pairs.S:6827	yes	yes	yes	yes	yes	
CAND_PLAUS_000290	plus	candidate_pending_human_review			strong_congruence	1	She does not step one stair	do_negation	step	stair	step	stair	0.37		USF:Cue_Target_Pairs.S:6827	yes	yes	yes	yes	yes	
CAND_PLAUS_000291	plus	candidate_pending_human_review			strong_congruence	1	Every day she steps one stair	present_3s	steps	stair	step	stair	0.37		USF:Cue_Target_Pairs.S:6827	yes	yes	yes	yes	yes	
CAND_PLAUS_000292	plus	candidate_pending_human_review			strong_congruence	1	Last week she stepped one stair	simple_past	stepped	stair	step	stair	0.37		USF:Cue_Target_Pairs.S:6827	yes	yes	yes	yes	yes	
CAND_PLAUS_000293	plus	candidate_pending_human_review			strong_congruence	1	He is stepping one stair	be_progressive	stepping	stair	step	stair	0.37		USF:Cue_Target_Pairs.S:6827	yes	yes	yes	yes	yes	
CAND_PLAUS_000294	plus	candidate_pending_human_review			strong_congruence	1	He does not step one stair	do_negation	step	stair	step	stair	0.37		USF:Cue_Target_Pairs.S:6827	yes	yes	yes	yes	yes	
CAND_PLAUS_000295	plus	candidate_pending_human_review			strong_congruence	1	Every day he steps one stair	present_3s	steps	stair	step	stair	0.37		USF:Cue_Target_Pairs.S:6827	yes	yes	yes	yes	yes	
CAND_PLAUS_000296	plus	candidate_pending_human_review			strong_congruence	1	Last week he stepped one stair	simple_past	stepped	stair	step	stair	0.37		USF:Cue_Target_Pairs.S:6827	yes	yes	yes	yes	yes	
CAND_PLAUS_000297	plus	candidate_pending_human_review			strong_congruence	1	They are stepping one stair	be_progressive	stepping	stair	step	stair	0.37		USF:Cue_Target_Pairs.S:6827	yes	yes	yes	yes	yes	
CAND_PLAUS_000298	plus	candidate_pending_human_review			strong_congruence	1	They do not step one stair	do_negation	step	stair	step	stair	0.37		USF:Cue_Target_Pairs.S:6827	yes	yes	yes	yes	yes	
CAND_PLAUS_000299	plus	candidate_pending_human_review			strong_congruence	1	Every day they step one stair	present_3s	step	stair	step	stair	0.37		USF:Cue_Target_Pairs.S:6827	yes	yes	yes	yes	yes	
CAND_PLAUS_000300	plus	candidate_pending_human_review			strong_congruence	1	Last week they stepped one stair	simple_past	stepped	stair	step	stair	0.37		USF:Cue_Target_Pairs.S:6827	yes	yes	yes	yes	yes	
CAND_PLAUS_000301	plus	candidate_pending_human_review			strong_congruence	1	She is stepping two stairs	be_progressive	stepping	stairs	step	stair	0.37		USF:Cue_Target_Pairs.S:6827	yes	yes	yes	yes	yes	
CAND_PLAUS_000302	plus	candidate_pending_human_review			strong_congruence	1	She does not step two stairs	do_negation	step	stairs	step	stair	0.37		USF:Cue_Target_Pairs.S:6827	yes	yes	yes	yes	yes	
CAND_PLAUS_000303	plus	candidate_pending_human_review			strong_congruence	1	Every day she steps two stairs	present_3s	steps	stairs	step	stair	0.37		USF:Cue_Target_Pairs.S:6827	yes	yes	yes	yes	yes	
CAND_PLAUS_000304	plus	candidate_pending_human_review			strong_congruence	1	Last week she stepped two stairs	simple_past	stepped	stairs	step	stair	0.37		USF:Cue_Target_Pairs.S:6827	yes	yes	yes	yes	yes	
CAND_PLAUS_000305	plus	candidate_pending_human_review			strong_congruence	1	He is stepping two stairs	be_progressive	stepping	stairs	step	stair	0.37		USF:Cue_Target_Pairs.S:6827	yes	yes	yes	yes	yes	
CAND_PLAUS_000306	plus	candidate_pending_human_review			strong_congruence	1	He does not step two stairs	do_negation	step	stairs	step	stair	0.37		USF:Cue_Target_Pairs.S:6827	yes	yes	yes	yes	yes	
CAND_PLAUS_000307	plus	candidate_pending_human_review			strong_congruence	1	Every day he steps two stairs	present_3s	steps	stairs	step	stair	0.37		USF:Cue_Target_Pairs.S:6827	yes	yes	yes	yes	yes	
CAND_PLAUS_000308	plus	candidate_pending_human_review			strong_congruence	1	Last week he stepped two stairs	simple_past	stepped	stairs	step	stair	0.37		USF:Cue_Target_Pairs.S:6827	yes	yes	yes	yes	yes	
CAND_PLAUS_000309	plus	candidate_pending_human_review			strong_congruence	1	They are stepping two stairs	be_progressive	stepping	stairs	step	stair	0.37		USF:Cue_Target_Pairs.S:6827	yes	yes	yes	yes	yes	
CAND_PLAUS_000310	plus	candidate_pending_human_review			strong_congruence	1	They do not step two stairs	do_negation	step	stairs	step	stair	0.37		USF:Cue_Target_Pairs.S:6827	yes	yes	yes	yes	yes	
CAND_PLAUS_000311	plus	candidate_pending_human_review			strong_congruence	1	Every day they step two stairs	present_3s	step	stairs	step	stair	0.37		USF:Cue_Target_Pairs.S:6827	yes	yes	yes	yes	yes	
CAND_PLAUS_000312	plus	candidate_pending_human_review			strong_congruence	1	Last week they stepped two stairs	simple_past	stepped	stairs	step	stair	0.37		USF:Cue_Target_Pairs.S:6827	yes	yes	yes	yes	yes	
CAND_PLAUS_000313	plus	candidate_pending_human_review			strong_congruence	1	She is stepping three stairs	be_progressive	stepping	stairs	step	stair	0.37		USF:Cue_Target_Pairs.S:6827	yes	yes	yes	yes	yes	
CAND_PLAUS_000314	plus	candidate_pending_human_review			strong_congruence	1	She does not step three stairs	do_negation	step	stairs	step	stair	0.37		USF:Cue_Target_Pairs.S:6827	yes	yes	yes	yes	yes	
CAND_PLAUS_000315	plus	candidate_pending_human_review			strong_congruence	1	Every day she steps three stairs	present_3s	steps	stairs	step	stair	0.37		USF:Cue_Target_Pairs.S:6827	yes	yes	yes	yes	yes	
CAND_PLAUS_000316	plus	candidate_pending_human_review			strong_congruence	1	Last week she stepped three stairs	simple_past	stepped	stairs	step	stair	0.37		USF:Cue_Target_Pairs.S:6827	yes	yes	yes	yes	yes	
CAND_PLAUS_000317	plus	candidate_pending_human_review			strong_congruence	1	He is stepping three stairs	be_progressive	stepping	stairs	step	stair	0.37		USF:Cue_Target_Pairs.S:6827	yes	yes	yes	yes	yes	
CAND_PLAUS_000318	plus	candidate_pending_human_review			strong_congruence	1	He does not step three stairs	do_negation	step	stairs	step	stair	0.37		USF:Cue_Target_Pairs.S:6827	yes	yes	yes	yes	yes	
CAND_PLAUS_000319	plus	candidate_pending_human_review			strong_congruence	1	Every day he steps three stairs	present_3s	steps	stairs	step	stair	0.37		USF:Cue_Target_Pairs.S:6827	yes	yes	yes	yes	yes	
CAND_PLAUS_000320	plus	candidate_pending_human_review			strong_congruence	1	Last week he stepped three stairs	simple_past	stepped	stairs	step	stair	0.37		USF:Cue_Target_Pairs.S:6827	yes	yes	yes	yes	yes	
CAND_PLAUS_000321	plus	candidate_pending_human_review			strong_congruence	1	They are stepping three stairs	be_progressive	stepping	stairs	step	stair	0.37		USF:Cue_Target_Pairs.S:6827	yes	yes	yes	yes	yes	
CAND_PLAUS_000322	plus	candidate_pending_human_review			strong_congruence	1	They do not step three stairs	do_negation	step	stairs	step	stair	0.37		USF:Cue_Target_Pairs.S:6827	yes	yes	yes	yes	yes	
CAND_PLAUS_000323	plus	candidate_pending_human_review			strong_congruence	1	Every day they step three stairs	present_3s	step	stairs	step	stair	0.37		USF:Cue_Target_Pairs.S:6827	yes	yes	yes	yes	yes	
CAND_PLAUS_000324	plus	candidate_pending_human_review			strong_congruence	1	Last week they stepped three stairs	simple_past	stepped	stairs	step	stair	0.37		USF:Cue_Target_Pairs.S:6827	yes	yes	yes	yes	yes	
CAND_PLAUS_000325	plus	candidate_pending_human_review			strong_congruence	1	She is stepping four stairs	be_progressive	stepping	stairs	step	stair	0.37		USF:Cue_Target_Pairs.S:6827	yes	yes	yes	yes	yes	
CAND_PLAUS_000326	plus	candidate_pending_human_review			strong_congruence	1	She does not step four stairs	do_negation	step	stairs	step	stair	0.37		USF:Cue_Target_Pairs.S:6827	yes	yes	yes	yes	yes	
CAND_PLAUS_000327	plus	candidate_pending_human_review			strong_congruence	1	Every day she steps four stairs	present_3s	steps	stairs	step	stair	0.37		USF:Cue_Target_Pairs.S:6827	yes	yes	yes	yes	yes	
CAND_PLAUS_000328	plus	candidate_pending_human_review			strong_congruence	1	Last week she stepped four stairs	simple_past	stepped	stairs	step	stair	0.37		USF:Cue_Target_Pairs.S:6827	yes	yes	yes	yes	yes	
CAND_PLAUS_000329	plus	candidate_pending_human_review			strong_congruence	1	He is stepping four stairs	be_progressive	stepping	stairs	step	stair	0.37		USF:Cue_Target_Pairs.S:6827	yes	yes	yes	yes	yes	
CAND_PLAUS_000330	plus	candidate_pending_human_review			strong_congruence	1	He does not step four stairs	do_negation	step	stairs	step	stair	0.37		USF:Cue_Target_Pairs.S:6827	yes	yes	yes	yes	yes	
CAND_PLAUS_000331	plus	candidate_pending_human_review			strong_congruence	1	Every day he steps four stairs	present_3s	steps	stairs	step	stair	0.37		USF:Cue_Target_Pairs.S:6827	yes	yes	yes	yes	yes	
CAND_PLAUS_000332	plus	candidate_pending_human_review			strong_congruence	1	Last week he stepped four stairs	simple_past	stepped	stairs	step	stair	0.37		USF:Cue_Target_Pairs.S:6827	yes	yes	yes	yes	yes	
CAND_PLAUS_000333	plus	candidate_pending_human_review			strong_congruence	1	They are stepping four stairs	be_progressive	stepping	stairs	step	stair	0.37		USF:Cue_Target_Pairs.S:6827	yes	yes	yes	yes	yes	
CAND_PLAUS_000334	plus	candidate_pending_human_review			strong_congruence	1	They do not step four stairs	do_negation	step	stairs	step	stair	0.37		USF:Cue_Target_Pairs.S:6827	yes	yes	yes	yes	yes	
CAND_PLAUS_000335	plus	candidate_pending_human_review			strong_congruence	1	Every day they step four stairs	present_3s	step	stairs	step	stair	0.37		USF:Cue_Target_Pairs.S:6827	yes	yes	yes	yes	yes	
CAND_PLAUS_000336	plus	candidate_pending_human_review			strong_congruence	1	Last week they stepped four stairs	simple_past	stepped	stairs	step	stair	0.37		USF:Cue_Target_Pairs.S:6827	yes	yes	yes	yes	yes	
CAND_PLAUS_000337	plus	candidate_pending_human_review			strong_congruence	1	She is stepping five stairs	be_progressive	stepping	stairs	step	stair	0.37		USF:Cue_Target_Pairs.S:6827	yes	yes	yes	yes	yes	
CAND_PLAUS_000338	plus	candidate_pending_human_review			strong_congruence	1	She does not step five stairs	do_negation	step	stairs	step	stair	0.37		USF:Cue_Target_Pairs.S:6827	yes	yes	yes	yes	yes	
CAND_PLAUS_000339	plus	candidate_pending_human_review			strong_congruence	1	Every day she steps five stairs	present_3s	steps	stairs	step	stair	0.37		USF:Cue_Target_Pairs.S:6827	yes	yes	yes	yes	yes	
CAND_PLAUS_000340	plus	candidate_pending_human_review			strong_congruence	1	Last week she stepped five stairs	simple_past	stepped	stairs	step	stair	0.37		USF:Cue_Target_Pairs.S:6827	yes	yes	yes	yes	yes	
CAND_PLAUS_000341	plus	candidate_pending_human_review			strong_congruence	1	He is stepping five stairs	be_progressive	stepping	stairs	step	stair	0.37		USF:Cue_Target_Pairs.S:6827	yes	yes	yes	yes	yes	
CAND_PLAUS_000342	plus	candidate_pending_human_review			strong_congruence	1	He does not step five stairs	do_negation	step	stairs	step	stair	0.37		USF:Cue_Target_Pairs.S:6827	yes	yes	yes	yes	yes	
CAND_PLAUS_000343	plus	candidate_pending_human_review			strong_congruence	1	Every day he steps five stairs	present_3s	steps	stairs	step	stair	0.37		USF:Cue_Target_Pairs.S:6827	yes	yes	yes	yes	yes	
CAND_PLAUS_000344	plus	candidate_pending_human_review			strong_congruence	1	Last week he stepped five stairs	simple_past	stepped	stairs	step	stair	0.37		USF:Cue_Target_Pairs.S:6827	yes	yes	yes	yes	yes	
CAND_PLAUS_000345	plus	candidate_pending_human_review			strong_congruence	1	They are stepping five stairs	be_progressive	stepping	stairs	step	stair	0.37		USF:Cue_Target_Pairs.S:6827	yes	yes	yes	yes	yes	
CAND_PLAUS_000346	plus	candidate_pending_human_review			strong_congruence	1	They do not step five stairs	do_negation	step	stairs	step	stair	0.37		USF:Cue_Target_Pairs.S:6827	yes	yes	yes	yes	yes	
CAND_PLAUS_000347	plus	candidate_pending_human_review			strong_congruence	1	Every day they step five stairs	present_3s	step	stairs	step	stair	0.37		USF:Cue_Target_Pairs.S:6827	yes	yes	yes	yes	yes	
CAND_PLAUS_000348	plus	candidate_pending_human_review			strong_congruence	1	Last week they stepped five stairs	simple_past	stepped	stairs	step	stair	0.37		USF:Cue_Target_Pairs.S:6827	yes	yes	yes	yes	yes	
CAND_PLAUS_000349	plus	candidate_pending_human_review			strong_congruence	1	She is stepping six stairs	be_progressive	stepping	stairs	step	stair	0.37		USF:Cue_Target_Pairs.S:6827	yes	yes	yes	yes	yes	
CAND_PLAUS_000350	plus	candidate_pending_human_review			strong_congruence	1	She does not step six stairs	do_negation	step	stairs	step	stair	0.37		USF:Cue_Target_Pairs.S:6827	yes	yes	yes	yes	yes	
CAND_PLAUS_000351	plus	candidate_pending_human_review			strong_congruence	1	Every day she steps six stairs	present_3s	steps	stairs	step	stair	0.37		USF:Cue_Target_Pairs.S:6827	yes	yes	yes	yes	yes	
CAND_PLAUS_000352	plus	candidate_pending_human_review			strong_congruence	1	Last week she stepped six stairs	simple_past	stepped	stairs	step	stair	0.37		USF:Cue_Target_Pairs.S:6827	yes	yes	yes	yes	yes	
CAND_PLAUS_000353	plus	candidate_pending_human_review			strong_congruence	1	He is stepping six stairs	be_progressive	stepping	stairs	step	stair	0.37		USF:Cue_Target_Pairs.S:6827	yes	yes	yes	yes	yes	
CAND_PLAUS_000354	plus	candidate_pending_human_review			strong_congruence	1	He does not step six stairs	do_negation	step	stairs	step	stair	0.37		USF:Cue_Target_Pairs.S:6827	yes	yes	yes	yes	yes	
CAND_PLAUS_000355	plus	candidate_pending_human_review			strong_congruence	1	Every day he steps six stairs	present_3s	steps	stairs	step	stair	0.37		USF:Cue_Target_Pairs.S:6827	yes	yes	yes	yes	yes	
CAND_PLAUS_000356	plus	candidate_pending_human_review			strong_congruence	1	Last week he stepped six stairs	simple_past	stepped	stairs	step	stair	0.37		USF:Cue_Target_Pairs.S:6827	yes	yes	yes	yes	yes	
CAND_PLAUS_000357	plus	candidate_pending_human_review			strong_congruence	1	They are stepping six stairs	be_progressive	stepping	stairs	step	stair	0.37		USF:Cue_Target_Pairs.S:6827	yes	yes	yes	yes	yes	
CAND_PLAUS_000358	plus	candidate_pending_human_review			strong_congruence	1	They do not step six stairs	do_negation	step	stairs	step	stair	0.37		USF:Cue_Target_Pairs.S:6827	yes	yes	yes	yes	yes	
CAND_PLAUS_000359	plus	candidate_pending_human_review			strong_congruence	1	Every day they step six stairs	present_3s	step	stairs	step	stair	0.37		USF:Cue_Target_Pairs.S:6827	yes	yes	yes	yes	yes	
CAND_PLAUS_000360	plus	candidate_pending_human_review			strong_congruence	1	Last week they stepped six stairs	simple_past	stepped	stairs	step	stair	0.37		USF:Cue_Target_Pairs.S:6827	yes	yes	yes	yes	yes	
CAND_PLAUS_000361	plus	candidate_pending_human_review			strong_congruence	1	She is knocking one door	be_progressive	knocking	door	knock	door	0.466		USF:Cue_Target_Pairs.G-K:8352	yes	yes	yes	yes	yes	
CAND_PLAUS_000362	plus	candidate_pending_human_review			strong_congruence	1	She does not knock one door	do_negation	knock	door	knock	door	0.466		USF:Cue_Target_Pairs.G-K:8352	yes	yes	yes	yes	yes	
CAND_PLAUS_000363	plus	candidate_pending_human_review			strong_congruence	1	Every day she knocks one door	present_3s	knocks	door	knock	door	0.466		USF:Cue_Target_Pairs.G-K:8352	yes	yes	yes	yes	yes	
CAND_PLAUS_000364	plus	candidate_pending_human_review			strong_congruence	1	Last week she knocked one door	simple_past	knocked	door	knock	door	0.466		USF:Cue_Target_Pairs.G-K:8352	yes	yes	yes	yes	yes	
CAND_PLAUS_000365	plus	candidate_pending_human_review			strong_congruence	1	He is knocking one door	be_progressive	knocking	door	knock	door	0.466		USF:Cue_Target_Pairs.G-K:8352	yes	yes	yes	yes	yes	
CAND_PLAUS_000366	plus	candidate_pending_human_review			strong_congruence	1	He does not knock one door	do_negation	knock	door	knock	door	0.466		USF:Cue_Target_Pairs.G-K:8352	yes	yes	yes	yes	yes	
CAND_PLAUS_000367	plus	candidate_pending_human_review			strong_congruence	1	Every day he knocks one door	present_3s	knocks	door	knock	door	0.466		USF:Cue_Target_Pairs.G-K:8352	yes	yes	yes	yes	yes	
CAND_PLAUS_000368	plus	candidate_pending_human_review			strong_congruence	1	Last week he knocked one door	simple_past	knocked	door	knock	door	0.466		USF:Cue_Target_Pairs.G-K:8352	yes	yes	yes	yes	yes	
CAND_PLAUS_000369	plus	candidate_pending_human_review			strong_congruence	1	They are knocking one door	be_progressive	knocking	door	knock	door	0.466		USF:Cue_Target_Pairs.G-K:8352	yes	yes	yes	yes	yes	
CAND_PLAUS_000370	plus	candidate_pending_human_review			strong_congruence	1	They do not knock one door	do_negation	knock	door	knock	door	0.466		USF:Cue_Target_Pairs.G-K:8352	yes	yes	yes	yes	yes	
CAND_PLAUS_000371	plus	candidate_pending_human_review			strong_congruence	1	Every day they knock one door	present_3s	knock	door	knock	door	0.466		USF:Cue_Target_Pairs.G-K:8352	yes	yes	yes	yes	yes	
CAND_PLAUS_000372	plus	candidate_pending_human_review			strong_congruence	1	Last week they knocked one door	simple_past	knocked	door	knock	door	0.466		USF:Cue_Target_Pairs.G-K:8352	yes	yes	yes	yes	yes	
CAND_PLAUS_000373	plus	candidate_pending_human_review			strong_congruence	1	She is knocking two doors	be_progressive	knocking	doors	knock	door	0.466		USF:Cue_Target_Pairs.G-K:8352	yes	yes	yes	yes	yes	
CAND_PLAUS_000374	plus	candidate_pending_human_review			strong_congruence	1	She does not knock two doors	do_negation	knock	doors	knock	door	0.466		USF:Cue_Target_Pairs.G-K:8352	yes	yes	yes	yes	yes	
CAND_PLAUS_000375	plus	candidate_pending_human_review			strong_congruence	1	Every day she knocks two doors	present_3s	knocks	doors	knock	door	0.466		USF:Cue_Target_Pairs.G-K:8352	yes	yes	yes	yes	yes	
CAND_PLAUS_000376	plus	candidate_pending_human_review			strong_congruence	1	Last week she knocked two doors	simple_past	knocked	doors	knock	door	0.466		USF:Cue_Target_Pairs.G-K:8352	yes	yes	yes	yes	yes	
CAND_PLAUS_000377	plus	candidate_pending_human_review			strong_congruence	1	He is knocking two doors	be_progressive	knocking	doors	knock	door	0.466		USF:Cue_Target_Pairs.G-K:8352	yes	yes	yes	yes	yes	
CAND_PLAUS_000378	plus	candidate_pending_human_review			strong_congruence	1	He does not knock two doors	do_negation	knock	doors	knock	door	0.466		USF:Cue_Target_Pairs.G-K:8352	yes	yes	yes	yes	yes	
CAND_PLAUS_000379	plus	candidate_pending_human_review			strong_congruence	1	Every day he knocks two doors	present_3s	knocks	doors	knock	door	0.466		USF:Cue_Target_Pairs.G-K:8352	yes	yes	yes	yes	yes	
CAND_PLAUS_000380	plus	candidate_pending_human_review			strong_congruence	1	Last week he knocked two doors	simple_past	knocked	doors	knock	door	0.466		USF:Cue_Target_Pairs.G-K:8352	yes	yes	yes	yes	yes	
CAND_PLAUS_000381	plus	candidate_pending_human_review			strong_congruence	1	They are knocking two doors	be_progressive	knocking	doors	knock	door	0.466		USF:Cue_Target_Pairs.G-K:8352	yes	yes	yes	yes	yes	
CAND_PLAUS_000382	plus	candidate_pending_human_review			strong_congruence	1	They do not knock two doors	do_negation	knock	doors	knock	door	0.466		USF:Cue_Target_Pairs.G-K:8352	yes	yes	yes	yes	yes	
CAND_PLAUS_000383	plus	candidate_pending_human_review			strong_congruence	1	Every day they knock two doors	present_3s	knock	doors	knock	door	0.466		USF:Cue_Target_Pairs.G-K:8352	yes	yes	yes	yes	yes	
CAND_PLAUS_000384	plus	candidate_pending_human_review			strong_congruence	1	Last week they knocked two doors	simple_past	knocked	doors	knock	door	0.466		USF:Cue_Target_Pairs.G-K:8352	yes	yes	yes	yes	yes	
CAND_PLAUS_000385	plus	candidate_pending_human_review			strong_congruence	1	She is knocking three doors	be_progressive	knocking	doors	knock	door	0.466		USF:Cue_Target_Pairs.G-K:8352	yes	yes	yes	yes	yes	
CAND_PLAUS_000386	plus	candidate_pending_human_review			strong_congruence	1	She does not knock three doors	do_negation	knock	doors	knock	door	0.466		USF:Cue_Target_Pairs.G-K:8352	yes	yes	yes	yes	yes	
CAND_PLAUS_000387	plus	candidate_pending_human_review			strong_congruence	1	Every day she knocks three doors	present_3s	knocks	doors	knock	door	0.466		USF:Cue_Target_Pairs.G-K:8352	yes	yes	yes	yes	yes	
CAND_PLAUS_000388	plus	candidate_pending_human_review			strong_congruence	1	Last week she knocked three doors	simple_past	knocked	doors	knock	door	0.466		USF:Cue_Target_Pairs.G-K:8352	yes	yes	yes	yes	yes	
CAND_PLAUS_000389	plus	candidate_pending_human_review			strong_congruence	1	He is knocking three doors	be_progressive	knocking	doors	knock	door	0.466		USF:Cue_Target_Pairs.G-K:8352	yes	yes	yes	yes	yes	
CAND_PLAUS_000390	plus	candidate_pending_human_review			strong_congruence	1	He does not knock three doors	do_negation	knock	doors	knock	door	0.466		USF:Cue_Target_Pairs.G-K:8352	yes	yes	yes	yes	yes	
CAND_PLAUS_000391	plus	candidate_pending_human_review			strong_congruence	1	Every day he knocks three doors	present_3s	knocks	doors	knock	door	0.466		USF:Cue_Target_Pairs.G-K:8352	yes	yes	yes	yes	yes	
CAND_PLAUS_000392	plus	candidate_pending_human_review			strong_congruence	1	Last week he knocked three doors	simple_past	knocked	doors	knock	door	0.466		USF:Cue_Target_Pairs.G-K:8352	yes	yes	yes	yes	yes	
CAND_PLAUS_000393	plus	candidate_pending_human_review			strong_congruence	1	They are knocking three doors	be_progressive	knocking	doors	knock	door	0.466		USF:Cue_Target_Pairs.G-K:8352	yes	yes	yes	yes	yes	
CAND_PLAUS_000394	plus	candidate_pending_human_review			strong_congruence	1	They do not knock three doors	do_negation	knock	doors	knock	door	0.466		USF:Cue_Target_Pairs.G-K:8352	yes	yes	yes	yes	yes	
CAND_PLAUS_000395	plus	candidate_pending_human_review			strong_congruence	1	Every day they knock three doors	present_3s	knock	doors	knock	door	0.466		USF:Cue_Target_Pairs.G-K:8352	yes	yes	yes	yes	yes	
CAND_PLAUS_000396	plus	candidate_pending_human_review			strong_congruence	1	Last week they knocked three doors	simple_past	knocked	doors	knock	door	0.466		USF:Cue_Target_Pairs.G-K:8352	yes	yes	yes	yes	yes	
CAND_PLAUS_000397	plus	candidate_pending_human_review			strong_congruence	1	She is knocking four doors	be_progressive	knocking	doors	knock	door	0.466		USF:Cue_Target_Pairs.G-K:8352	yes	yes	yes	yes	yes	
CAND_PLAUS_000398	plus	candidate_pending_human_review			strong_congruence	1	She does not knock four doors	do_negation	knock	doors	knock	door	0.466		USF:Cue_Target_Pairs.G-K:8352	yes	yes	yes	yes	yes	
CAND_PLAUS_000399	plus	candidate_pending_human_review			strong_congruence	1	Every day she knocks four doors	present_3s	knocks	doors	knock	door	0.466		USF:Cue_Target_Pairs.G-K:8352	yes	yes	yes	yes	yes	
CAND_PLAUS_000400	plus	candidate_pending_human_review			strong_congruence	1	Last week she knocked four doors	simple_past	knocked	doors	knock	door	0.466		USF:Cue_Target_Pairs.G-K:8352	yes	yes	yes	yes	yes	
CAND_PLAUS_000401	plus	candidate_pending_human_review			strong_congruence	1	He is knocking four doors	be_progressive	knocking	doors	knock	door	0.466		USF:Cue_Target_Pairs.G-K:8352	yes	yes	yes	yes	yes	
CAND_PLAUS_000402	plus	candidate_pending_human_review			strong_congruence	1	He does not knock four doors	do_negation	knock	doors	knock	door	0.466		USF:Cue_Target_Pairs.G-K:8352	yes	yes	yes	yes	yes	
CAND_PLAUS_000403	plus	candidate_pending_human_review			strong_congruence	1	Every day he knocks four doors	present_3s	knocks	doors	knock	door	0.466		USF:Cue_Target_Pairs.G-K:8352	yes	yes	yes	yes	yes	
CAND_PLAUS_000404	plus	candidate_pending_human_review			strong_congruence	1	Last week he knocked four doors	simple_past	knocked	doors	knock	door	0.466		USF:Cue_Target_Pairs.G-K:8352	yes	yes	yes	yes	yes	
CAND_PLAUS_000405	plus	candidate_pending_human_review			strong_congruence	1	They are knocking four doors	be_progressive	knocking	doors	knock	door	0.466		USF:Cue_Target_Pairs.G-K:8352	yes	yes	yes	yes	yes	
CAND_PLAUS_000406	plus	candidate_pending_human_review			strong_congruence	1	They do not knock four doors	do_negation	knock	doors	knock	door	0.466		USF:Cue_Target_Pairs.G-K:8352	yes	yes	yes	yes	yes	
CAND_PLAUS_000407	plus	candidate_pending_human_review			strong_congruence	1	Every day they knock four doors	present_3s	knock	doors	knock	door	0.466		USF:Cue_Target_Pairs.G-K:8352	yes	yes	yes	yes	yes	
CAND_PLAUS_000408	plus	candidate_pending_human_review			strong_congruence	1	Last week they knocked four doors	simple_past	knocked	doors	knock	door	0.466		USF:Cue_Target_Pairs.G-K:8352	yes	yes	yes	yes	yes	
CAND_PLAUS_000409	plus	candidate_pending_human_review			strong_congruence	1	She is knocking five doors	be_progressive	knocking	doors	knock	door	0.466		USF:Cue_Target_Pairs.G-K:8352	yes	yes	yes	yes	yes	
CAND_PLAUS_000410	plus	candidate_pending_human_review			strong_congruence	1	She does not knock five doors	do_negation	knock	doors	knock	door	0.466		USF:Cue_Target_Pairs.G-K:8352	yes	yes	yes	yes	yes	
CAND_PLAUS_000411	plus	candidate_pending_human_review			strong_congruence	1	Every day she knocks five doors	present_3s	knocks	doors	knock	door	0.466		USF:Cue_Target_Pairs.G-K:8352	yes	yes	yes	yes	yes	
CAND_PLAUS_000412	plus	candidate_pending_human_review			strong_congruence	1	Last week she knocked five doors	simple_past	knocked	doors	knock	door	0.466		USF:Cue_Target_Pairs.G-K:8352	yes	yes	yes	yes	yes	
CAND_PLAUS_000413	plus	candidate_pending_human_review			strong_congruence	1	He is knocking five doors	be_progressive	knocking	doors	knock	door	0.466		USF:Cue_Target_Pairs.G-K:8352	yes	yes	yes	yes	yes	
CAND_PLAUS_000414	plus	candidate_pending_human_review			strong_congruence	1	He does not knock five doors	do_negation	knock	doors	knock	door	0.466		USF:Cue_Target_Pairs.G-K:8352	yes	yes	yes	yes	yes	
CAND_PLAUS_000415	plus	candidate_pending_human_review			strong_congruence	1	Every day he knocks five doors	present_3s	knocks	doors	knock	door	0.466		USF:Cue_Target_Pairs.G-K:8352	yes	yes	yes	yes	yes	
CAND_PLAUS_000416	plus	candidate_pending_human_review			strong_congruence	1	Last week he knocked five doors	simple_past	knocked	doors	knock	door	0.466		USF:Cue_Target_Pairs.G-K:8352	yes	yes	yes	yes	yes	
CAND_PLAUS_000417	plus	candidate_pending_human_review			strong_congruence	1	They are knocking five doors	be_progressive	knocking	doors	knock	door	0.466		USF:Cue_Target_Pairs.G-K:8352	yes	yes	yes	yes	yes	
CAND_PLAUS_000418	plus	candidate_pending_human_review			strong_congruence	1	They do not knock five doors	do_negation	knock	doors	knock	door	0.466		USF:Cue_Target_Pairs.G-K:8352	yes	yes	yes	yes	yes	
CAND_PLAUS_000419	plus	candidate_pending_human_review			strong_congruence	1	Every day they knock five doors	present_3s	knock	doors	knock	door	0.466		USF:Cue_Target_Pairs.G-K:8352	yes	yes	yes	yes	yes	
CAND_PLAUS_000420	plus	candidate_pending_human_review			strong_congruence	1	Last week they knocked five doors	simple_past	knocked	doors	knock	door	0.466		USF:Cue_Target_Pairs.G-K:8352	yes	yes	yes	yes	yes	
CAND_PLAUS_000421	plus	candidate_pending_human_review			strong_congruence	1	She is knocking six doors	be_progressive	knocking	doors	knock	door	0.466		USF:Cue_Target_Pairs.G-K:8352	yes	yes	yes	yes	yes	
CAND_PLAUS_000422	plus	candidate_pending_human_review			strong_congruence	1	She does not knock six doors	do_negation	knock	doors	knock	door	0.466		USF:Cue_Target_Pairs.G-K:8352	yes	yes	yes	yes	yes	
CAND_PLAUS_000423	plus	candidate_pending_human_review			strong_congruence	1	Every day she knocks six doors	present_3s	knocks	doors	knock	door	0.466		USF:Cue_Target_Pairs.G-K:8352	yes	yes	yes	yes	yes	
CAND_PLAUS_000424	plus	candidate_pending_human_review			strong_congruence	1	Last week she knocked six doors	simple_past	knocked	doors	knock	door	0.466		USF:Cue_Target_Pairs.G-K:8352	yes	yes	yes	yes	yes	
CAND_PLAUS_000425	plus	candidate_pending_human_review			strong_congruence	1	He is knocking six doors	be_progressive	knocking	doors	knock	door	0.466		USF:Cue_Target_Pairs.G-K:8352	yes	yes	yes	yes	yes	
CAND_PLAUS_000426	plus	candidate_pending_human_review			strong_congruence	1	He does not knock six doors	do_negation	knock	doors	knock	door	0.466		USF:Cue_Target_Pairs.G-K:8352	yes	yes	yes	yes	yes	
CAND_PLAUS_000427	plus	candidate_pending_human_review			strong_congruence	1	Every day he knocks six doors	present_3s	knocks	doors	knock	door	0.466		USF:Cue_Target_Pairs.G-K:8352	yes	yes	yes	yes	yes	
CAND_PLAUS_000428	plus	candidate_pending_human_review			strong_congruence	1	Last week he knocked six doors	simple_past	knocked	doors	knock	door	0.466		USF:Cue_Target_Pairs.G-K:8352	yes	yes	yes	yes	yes	
CAND_PLAUS_000429	plus	candidate_pending_human_review			strong_congruence	1	They are knocking six doors	be_progressive	knocking	doors	knock	door	0.466		USF:Cue_Target_Pairs.G-K:8352	yes	yes	yes	yes	yes	
CAND_PLAUS_000430	plus	candidate_pending_human_review			strong_congruence	1	They do not knock six doors	do_negation	knock	doors	knock	door	0.466		USF:Cue_Target_Pairs.G-K:8352	yes	yes	yes	yes	yes	
CAND_PLAUS_000431	plus	candidate_pending_human_review			strong_congruence	1	Every day they knock six doors	present_3s	knock	doors	knock	door	0.466		USF:Cue_Target_Pairs.G-K:8352	yes	yes	yes	yes	yes	
CAND_PLAUS_000432	plus	candidate_pending_human_review			strong_congruence	1	Last week they knocked six doors	simple_past	knocked	doors	knock	door	0.466		USF:Cue_Target_Pairs.G-K:8352	yes	yes	yes	yes	yes	
CAND_PLAUS_000433	plus	candidate_pending_human_review			strong_congruence	1	She is celebrating one party	be_progressive	celebrating	party	celebrate	party	0.603		USF:Cue_Target_Pairs.C:1356	yes	yes	yes	yes	yes	
CAND_PLAUS_000434	plus	candidate_pending_human_review			strong_congruence	1	She does not celebrate one party	do_negation	celebrate	party	celebrate	party	0.603		USF:Cue_Target_Pairs.C:1356	yes	yes	yes	yes	yes	
CAND_PLAUS_000435	plus	candidate_pending_human_review			strong_congruence	1	Every day she celebrates one party	present_3s	celebrates	party	celebrate	party	0.603		USF:Cue_Target_Pairs.C:1356	yes	yes	yes	yes	yes	
CAND_PLAUS_000436	plus	candidate_pending_human_review			strong_congruence	1	Last week she celebrated one party	simple_past	celebrated	party	celebrate	party	0.603		USF:Cue_Target_Pairs.C:1356	yes	yes	yes	yes	yes	
CAND_PLAUS_000437	plus	candidate_pending_human_review			strong_congruence	1	He is celebrating one party	be_progressive	celebrating	party	celebrate	party	0.603		USF:Cue_Target_Pairs.C:1356	yes	yes	yes	yes	yes	
CAND_PLAUS_000438	plus	candidate_pending_human_review			strong_congruence	1	He does not celebrate one party	do_negation	celebrate	party	celebrate	party	0.603		USF:Cue_Target_Pairs.C:1356	yes	yes	yes	yes	yes	
CAND_PLAUS_000439	plus	candidate_pending_human_review			strong_congruence	1	Every day he celebrates one party	present_3s	celebrates	party	celebrate	party	0.603		USF:Cue_Target_Pairs.C:1356	yes	yes	yes	yes	yes	
CAND_PLAUS_000440	plus	candidate_pending_human_review			strong_congruence	1	Last week he celebrated one party	simple_past	celebrated	party	celebrate	party	0.603		USF:Cue_Target_Pairs.C:1356	yes	yes	yes	yes	yes	
CAND_PLAUS_000441	plus	candidate_pending_human_review			strong_congruence	1	They are celebrating one party	be_progressive	celebrating	party	celebrate	party	0.603		USF:Cue_Target_Pairs.C:1356	yes	yes	yes	yes	yes	
CAND_PLAUS_000442	plus	candidate_pending_human_review			strong_congruence	1	They do not celebrate one party	do_negation	celebrate	party	celebrate	party	0.603		USF:Cue_Target_Pairs.C:1356	yes	yes	yes	yes	yes	
CAND_PLAUS_000443	plus	candidate_pending_human_review			strong_congruence	1	Every day they celebrate one party	present_3s	celebrate	party	celebrate	party	0.603		USF:Cue_Target_Pairs.C:1356	yes	yes	yes	yes	yes	
CAND_PLAUS_000444	plus	candidate_pending_human_review			strong_congruence	1	Last week they celebrated one party	simple_past	celebrated	party	celebrate	party	0.603		USF:Cue_Target_Pairs.C:1356	yes	yes	yes	yes	yes	
CAND_PLAUS_000445	plus	candidate_pending_human_review			strong_congruence	1	She is celebrating two parties	be_progressive	celebrating	parties	celebrate	party	0.603		USF:Cue_Target_Pairs.C:1356	yes	yes	yes	yes	yes	
CAND_PLAUS_000446	plus	candidate_pending_human_review			strong_congruence	1	She does not celebrate two parties	do_negation	celebrate	parties	celebrate	party	0.603		USF:Cue_Target_Pairs.C:1356	yes	yes	yes	yes	yes	
CAND_PLAUS_000447	plus	candidate_pending_human_review			strong_congruence	1	Every day she celebrates two parties	present_3s	celebrates	parties	celebrate	party	0.603		USF:Cue_Target_Pairs.C:1356	yes	yes	yes	yes	yes	
CAND_PLAUS_000448	plus	candidate_pending_human_review			strong_congruence	1	Last week she celebrated two parties	simple_past	celebrated	parties	celebrate	party	0.603		USF:Cue_Target_Pairs.C:1356	yes	yes	yes	yes	yes	
CAND_PLAUS_000449	plus	candidate_pending_human_review			strong_congruence	1	He is celebrating two parties	be_progressive	celebrating	parties	celebrate	party	0.603		USF:Cue_Target_Pairs.C:1356	yes	yes	yes	yes	yes	
CAND_PLAUS_000450	plus	candidate_pending_human_review			strong_congruence	1	He does not celebrate two parties	do_negation	celebrate	parties	celebrate	party	0.603		USF:Cue_Target_Pairs.C:1356	yes	yes	yes	yes	yes	
CAND_PLAUS_000451	plus	candidate_pending_human_review			strong_congruence	1	Every day he celebrates two parties	present_3s	celebrates	parties	celebrate	party	0.603		USF:Cue_Target_Pairs.C:1356	yes	yes	yes	yes	yes	
CAND_PLAUS_000452	plus	candidate_pending_human_review			strong_congruence	1	Last week he celebrated two parties	simple_past	celebrated	parties	celebrate	party	0.603		USF:Cue_Target_Pairs.C:1356	yes	yes	yes	yes	yes	
CAND_PLAUS_000453	plus	candidate_pending_human_review			strong_congruence	1	They are celebrating two parties	be_progressive	celebrating	parties	celebrate	party	0.603		USF:Cue_Target_Pairs.C:1356	yes	yes	yes	yes	yes	
CAND_PLAUS_000454	plus	candidate_pending_human_review			strong_congruence	1	They do not celebrate two parties	do_negation	celebrate	parties	celebrate	party	0.603		USF:Cue_Target_Pairs.C:1356	yes	yes	yes	yes	yes	
CAND_PLAUS_000455	plus	candidate_pending_human_review			strong_congruence	1	Every day they celebrate two parties	present_3s	celebrate	parties	celebrate	party	0.603		USF:Cue_Target_Pairs.C:1356	yes	yes	yes	yes	yes	
CAND_PLAUS_000456	plus	candidate_pending_human_review			strong_congruence	1	Last week they celebrated two parties	simple_past	celebrated	parties	celebrate	party	0.603		USF:Cue_Target_Pairs.C:1356	yes	yes	yes	yes	yes	
CAND_PLAUS_000457	plus	candidate_pending_human_review			strong_congruence	1	She is celebrating three parties	be_progressive	celebrating	parties	celebrate	party	0.603		USF:Cue_Target_Pairs.C:1356	yes	yes	yes	yes	yes	
CAND_PLAUS_000458	plus	candidate_pending_human_review			strong_congruence	1	She does not celebrate three parties	do_negation	celebrate	parties	celebrate	party	0.603		USF:Cue_Target_Pairs.C:1356	yes	yes	yes	yes	yes	
CAND_PLAUS_000459	plus	candidate_pending_human_review			strong_congruence	1	Every day she celebrates three parties	present_3s	celebrates	parties	celebrate	party	0.603		USF:Cue_Target_Pairs.C:1356	yes	yes	yes	yes	yes	
CAND_PLAUS_000460	plus	candidate_pending_human_review			strong_congruence	1	Last week she celebrated three parties	simple_past	celebrated	parties	celebrate	party	0.603		USF:Cue_Target_Pairs.C:1356	yes	yes	yes	yes	yes	
CAND_PLAUS_000461	plus	candidate_pending_human_review			strong_congruence	1	He is celebrating three parties	be_progressive	celebrating	parties	celebrate	party	0.603		USF:Cue_Target_Pairs.C:1356	yes	yes	yes	yes	yes	
CAND_PLAUS_000462	plus	candidate_pending_human_review			strong_congruence	1	He does not celebrate three parties	do_negation	celebrate	parties	celebrate	party	0.603		USF:Cue_Target_Pairs.C:1356	yes	yes	yes	yes	yes	
CAND_PLAUS_000463	plus	candidate_pending_human_review			strong_congruence	1	Every day he celebrates three parties	present_3s	celebrates	parties	celebrate	party	0.603		USF:Cue_Target_Pairs.C:1356	yes	yes	yes	yes	yes	
CAND_PLAUS_000464	plus	candidate_pending_human_review			strong_congruence	1	Last week he celebrated three parties	simple_past	celebrated	parties	celebrate	party	0.603		USF:Cue_Target_Pairs.C:1356	yes	yes	yes	yes	yes	
CAND_PLAUS_000465	plus	candidate_pending_human_review			strong_congruence	1	They are celebrating three parties	be_progressive	celebrating	parties	celebrate	party	0.603		USF:Cue_Target_Pairs.C:1356	yes	yes	yes	yes	yes	
CAND_PLAUS_000466	plus	candidate_pending_human_review			strong_congruence	1	They do not celebrate three parties	do_negation	celebrate	parties	celebrate	party	0.603		USF:Cue_Target_Pairs.C:1356	yes	yes	yes	yes	yes	
CAND_PLAUS_000467	plus	candidate_pending_human_review			strong_congruence	1	Every day they celebrate three parties	present_3s	celebrate	parties	celebrate	party	0.603		USF:Cue_Target_Pairs.C:1356	yes	yes	yes	yes	yes	
CAND_PLAUS_000468	plus	candidate_pending_human_review			strong_congruence	1	Last week they celebrated three parties	simple_past	celebrated	parties	celebrate	party	0.603		USF:Cue_Target_Pairs.C:1356	yes	yes	yes	yes	yes	
CAND_PLAUS_000469	plus	candidate_pending_human_review			strong_congruence	1	She is celebrating four parties	be_progressive	celebrating	parties	celebrate	party	0.603		USF:Cue_Target_Pairs.C:1356	yes	yes	yes	yes	yes	
CAND_PLAUS_000470	plus	candidate_pending_human_review			strong_congruence	1	She does not celebrate four parties	do_negation	celebrate	parties	celebrate	party	0.603		USF:Cue_Target_Pairs.C:1356	yes	yes	yes	yes	yes	
CAND_PLAUS_000471	plus	candidate_pending_human_review			strong_congruence	1	Every day she celebrates four parties	present_3s	celebrates	parties	celebrate	party	0.603		USF:Cue_Target_Pairs.C:1356	yes	yes	yes	yes	yes	
CAND_PLAUS_000472	plus	candidate_pending_human_review			strong_congruence	1	Last week she celebrated four parties	simple_past	celebrated	parties	celebrate	party	0.603		USF:Cue_Target_Pairs.C:1356	yes	yes	yes	yes	yes	
CAND_PLAUS_000473	plus	candidate_pending_human_review			strong_congruence	1	He is celebrating four parties	be_progressive	celebrating	parties	celebrate	party	0.603		USF:Cue_Target_Pairs.C:1356	yes	yes	yes	yes	yes	
CAND_PLAUS_000474	plus	candidate_pending_human_review			strong_congruence	1	He does not celebrate four parties	do_negation	celebrate	parties	celebrate	party	0.603		USF:Cue_Target_Pairs.C:1356	yes	yes	yes	yes	yes	
CAND_PLAUS_000475	plus	candidate_pending_human_review			strong_congruence	1	Every day he celebrates four parties	present_3s	celebrates	parties	celebrate	party	0.603		USF:Cue_Target_Pairs.C:1356	yes	yes	yes	yes	yes	
CAND_PLAUS_000476	plus	candidate_pending_human_review			strong_congruence	1	Last week he celebrated four parties	simple_past	celebrated	parties	celebrate	party	0.603		USF:Cue_Target_Pairs.C:1356	yes	yes	yes	yes	yes	
CAND_PLAUS_000477	plus	candidate_pending_human_review			strong_congruence	1	They are celebrating four parties	be_progressive	celebrating	parties	celebrate	party	0.603		USF:Cue_Target_Pairs.C:1356	yes	yes	yes	yes	yes	
CAND_PLAUS_000478	plus	candidate_pending_human_review			strong_congruence	1	They do not celebrate four parties	do_negation	celebrate	parties	celebrate	party	0.603		USF:Cue_Target_Pairs.C:1356	yes	yes	yes	yes	yes	
CAND_PLAUS_000479	plus	candidate_pending_human_review			strong_congruence	1	Every day they celebrate four parties	present_3s	celebrate	parties	celebrate	party	0.603		USF:Cue_Target_Pairs.C:1356	yes	yes	yes	yes	yes	
CAND_PLAUS_000480	plus	candidate_pending_human_review			strong_congruence	1	Last week they celebrated four parties	simple_past	celebrated	parties	celebrate	party	0.603		USF:Cue_Target_Pairs.C:1356	yes	yes	yes	yes	yes	
CAND_PLAUS_000481	plus	candidate_pending_human_review			strong_congruence	1	She is celebrating five parties	be_progressive	celebrating	parties	celebrate	party	0.603		USF:Cue_Target_Pairs.C:1356	yes	yes	yes	yes	yes	
CAND_PLAUS_000482	plus	candidate_pending_human_review			strong_congruence	1	She does not celebrate five parties	do_negation	celebrate	parties	celebrate	party	0.603		USF:Cue_Target_Pairs.C:1356	yes	yes	yes	yes	yes	
CAND_PLAUS_000483	plus	candidate_pending_human_review			strong_congruence	1	Every day she celebrates five parties	present_3s	celebrates	parties	celebrate	party	0.603		USF:Cue_Target_Pairs.C:1356	yes	yes	yes	yes	yes	
CAND_PLAUS_000484	plus	candidate_pending_human_review			strong_congruence	1	Last week she celebrated five parties	simple_past	celebrated	parties	celebrate	party	0.603		USF:Cue_Target_Pairs.C:1356	yes	yes	yes	yes	yes	
CAND_PLAUS_000485	plus	candidate_pending_human_review			strong_congruence	1	He is celebrating five parties	be_progressive	celebrating	parties	celebrate	party	0.603		USF:Cue_Target_Pairs.C:1356	yes	yes	yes	yes	yes	
CAND_PLAUS_000486	plus	candidate_pending_human_review			strong_congruence	1	He does not celebrate five parties	do_negation	celebrate	parties	celebrate	party	0.603		USF:Cue_Target_Pairs.C:1356	yes	yes	yes	yes	yes	
CAND_PLAUS_000487	plus	candidate_pending_human_review			strong_congruence	1	Every day he celebrates five parties	present_3s	celebrates	parties	celebrate	party	0.603		USF:Cue_Target_Pairs.C:1356	yes	yes	yes	yes	yes	
CAND_PLAUS_000488	plus	candidate_pending_human_review			strong_congruence	1	Last week he celebrated five parties	simple_past	celebrated	parties	celebrate	party	0.603		USF:Cue_Target_Pairs.C:1356	yes	yes	yes	yes	yes	
CAND_PLAUS_000489	plus	candidate_pending_human_review			strong_congruence	1	They are celebrating five parties	be_progressive	celebrating	parties	celebrate	party	0.603		USF:Cue_Target_Pairs.C:1356	yes	yes	yes	yes	yes	
CAND_PLAUS_000490	plus	candidate_pending_human_review			strong_congruence	1	They do not celebrate five parties	do_negation	celebrate	parties	celebrate	party	0.603		USF:Cue_Target_Pairs.C:1356	yes	yes	yes	yes	yes	
CAND_PLAUS_000491	plus	candidate_pending_human_review			strong_congruence	1	Every day they celebrate five parties	present_3s	celebrate	parties	celebrate	party	0.603		USF:Cue_Target_Pairs.C:1356	yes	yes	yes	yes	yes	
CAND_PLAUS_000492	plus	candidate_pending_human_review			strong_congruence	1	Last week they celebrated five parties	simple_past	celebrated	parties	celebrate	party	0.603		USF:Cue_Target_Pairs.C:1356	yes	yes	yes	yes	yes	
CAND_PLAUS_000493	plus	candidate_pending_human_review			strong_congruence	1	She is celebrating six parties	be_progressive	celebrating	parties	celebrate	party	0.603		USF:Cue_Target_Pairs.C:1356	yes	yes	yes	yes	yes	
CAND_PLAUS_000494	plus	candidate_pending_human_review			strong_congruence	1	She does not celebrate six parties	do_negation	celebrate	parties	celebrate	party	0.603		USF:Cue_Target_Pairs.C:1356	yes	yes	yes	yes	yes	
CAND_PLAUS_000495	plus	candidate_pending_human_review			strong_congruence	1	Every day she celebrates six parties	present_3s	celebrates	parties	celebrate	party	0.603		USF:Cue_Target_Pairs.C:1356	yes	yes	yes	yes	yes	
CAND_PLAUS_000496	plus	candidate_pending_human_review			strong_congruence	1	Last week she celebrated six parties	simple_past	celebrated	parties	celebrate	party	0.603		USF:Cue_Target_Pairs.C:1356	yes	yes	yes	yes	yes	
CAND_PLAUS_000497	plus	candidate_pending_human_review			strong_congruence	1	He is celebrating six parties	be_progressive	celebrating	parties	celebrate	party	0.603		USF:Cue_Target_Pairs.C:1356	yes	yes	yes	yes	yes	
CAND_PLAUS_000498	plus	candidate_pending_human_review			strong_congruence	1	He does not celebrate six parties	do_negation	celebrate	parties	celebrate	party	0.603		USF:Cue_Target_Pairs.C:1356	yes	yes	yes	yes	yes	
CAND_PLAUS_000499	plus	candidate_pending_human_review			strong_congruence	1	Every day he celebrates six parties	present_3s	celebrates	parties	celebrate	party	0.603		USF:Cue_Target_Pairs.C:1356	yes	yes	yes	yes	yes	
CAND_PLAUS_000500	plus	candidate_pending_human_review			strong_congruence	1	Last week he celebrated six parties	simple_past	celebrated	parties	celebrate	party	0.603		USF:Cue_Target_Pairs.C:1356	yes	yes	yes	yes	yes	
CAND_PLAUS_000501	plus	candidate_pending_human_review			strong_congruence	1	They are celebrating six parties	be_progressive	celebrating	parties	celebrate	party	0.603		USF:Cue_Target_Pairs.C:1356	yes	yes	yes	yes	yes	
CAND_PLAUS_000502	plus	candidate_pending_human_review			strong_congruence	1	They do not celebrate six parties	do_negation	celebrate	parties	celebrate	party	0.603		USF:Cue_Target_Pairs.C:1356	yes	yes	yes	yes	yes	
CAND_PLAUS_000503	plus	candidate_pending_human_review			strong_congruence	1	Every day they celebrate six parties	present_3s	celebrate	parties	celebrate	party	0.603		USF:Cue_Target_Pairs.C:1356	yes	yes	yes	yes	yes	
CAND_PLAUS_000504	plus	candidate_pending_human_review			strong_congruence	1	Last week they celebrated six parties	simple_past	celebrated	parties	celebrate	party	0.603		USF:Cue_Target_Pairs.C:1356	yes	yes	yes	yes	yes	
CAND_PLAUS_000505	plus	candidate_pending_human_review			strong_congruence	1	She is nailing one hammer	be_progressive	nailing	hammer	nail	hammer	0.622		USF:Cue_Target_Pairs.L-O:6425	yes	yes	yes	yes	yes	
CAND_PLAUS_000506	plus	candidate_pending_human_review			strong_congruence	1	She does not nail one hammer	do_negation	nail	hammer	nail	hammer	0.622		USF:Cue_Target_Pairs.L-O:6425	yes	yes	yes	yes	yes	
CAND_PLAUS_000507	plus	candidate_pending_human_review			strong_congruence	1	Every day she nails one hammer	present_3s	nails	hammer	nail	hammer	0.622		USF:Cue_Target_Pairs.L-O:6425	yes	yes	yes	yes	yes	
CAND_PLAUS_000508	plus	candidate_pending_human_review			strong_congruence	1	Last week she nailed one hammer	simple_past	nailed	hammer	nail	hammer	0.622		USF:Cue_Target_Pairs.L-O:6425	yes	yes	yes	yes	yes	
CAND_PLAUS_000509	plus	candidate_pending_human_review			strong_congruence	1	He is nailing one hammer	be_progressive	nailing	hammer	nail	hammer	0.622		USF:Cue_Target_Pairs.L-O:6425	yes	yes	yes	yes	yes	
CAND_PLAUS_000510	plus	candidate_pending_human_review			strong_congruence	1	He does not nail one hammer	do_negation	nail	hammer	nail	hammer	0.622		USF:Cue_Target_Pairs.L-O:6425	yes	yes	yes	yes	yes	
CAND_PLAUS_000511	plus	candidate_pending_human_review			strong_congruence	1	Every day he nails one hammer	present_3s	nails	hammer	nail	hammer	0.622		USF:Cue_Target_Pairs.L-O:6425	yes	yes	yes	yes	yes	
CAND_PLAUS_000512	plus	candidate_pending_human_review			strong_congruence	1	Last week he nailed one hammer	simple_past	nailed	hammer	nail	hammer	0.622		USF:Cue_Target_Pairs.L-O:6425	yes	yes	yes	yes	yes	
CAND_PLAUS_000513	plus	candidate_pending_human_review			strong_congruence	1	They are nailing one hammer	be_progressive	nailing	hammer	nail	hammer	0.622		USF:Cue_Target_Pairs.L-O:6425	yes	yes	yes	yes	yes	
CAND_PLAUS_000514	plus	candidate_pending_human_review			strong_congruence	1	They do not nail one hammer	do_negation	nail	hammer	nail	hammer	0.622		USF:Cue_Target_Pairs.L-O:6425	yes	yes	yes	yes	yes	
CAND_PLAUS_000515	plus	candidate_pending_human_review			strong_congruence	1	Every day they nail one hammer	present_3s	nail	hammer	nail	hammer	0.622		USF:Cue_Target_Pairs.L-O:6425	yes	yes	yes	yes	yes	
CAND_PLAUS_000516	plus	candidate_pending_human_review			strong_congruence	1	Last week they nailed one hammer	simple_past	nailed	hammer	nail	hammer	0.622		USF:Cue_Target_Pairs.L-O:6425	yes	yes	yes	yes	yes	
CAND_PLAUS_000517	plus	candidate_pending_human_review			strong_congruence	1	She is nailing two hammers	be_progressive	nailing	hammers	nail	hammer	0.622		USF:Cue_Target_Pairs.L-O:6425	yes	yes	yes	yes	yes	
CAND_PLAUS_000518	plus	candidate_pending_human_review			strong_congruence	1	She does not nail two hammers	do_negation	nail	hammers	nail	hammer	0.622		USF:Cue_Target_Pairs.L-O:6425	yes	yes	yes	yes	yes	
CAND_PLAUS_000519	plus	candidate_pending_human_review			strong_congruence	1	Every day she nails two hammers	present_3s	nails	hammers	nail	hammer	0.622		USF:Cue_Target_Pairs.L-O:6425	yes	yes	yes	yes	yes	
CAND_PLAUS_000520	plus	candidate_pending_human_review			strong_congruence	1	Last week she nailed two hammers	simple_past	nailed	hammers	nail	hammer	0.622		USF:Cue_Target_Pairs.L-O:6425	yes	yes	yes	yes	yes	
CAND_PLAUS_000521	plus	candidate_pending_human_review			strong_congruence	1	He is nailing two hammers	be_progressive	nailing	hammers	nail	hammer	0.622		USF:Cue_Target_Pairs.L-O:6425	yes	yes	yes	yes	yes	
CAND_PLAUS_000522	plus	candidate_pending_human_review			strong_congruence	1	He does not nail two hammers	do_negation	nail	hammers	nail	hammer	0.622		USF:Cue_Target_Pairs.L-O:6425	yes	yes	yes	yes	yes	
CAND_PLAUS_000523	plus	candidate_pending_human_review			strong_congruence	1	Every day he nails two hammers	present_3s	nails	hammers	nail	hammer	0.622		USF:Cue_Target_Pairs.L-O:6425	yes	yes	yes	yes	yes	
CAND_PLAUS_000524	plus	candidate_pending_human_review			strong_congruence	1	Last week he nailed two hammers	simple_past	nailed	hammers	nail	hammer	0.622		USF:Cue_Target_Pairs.L-O:6425	yes	yes	yes	yes	yes	
CAND_PLAUS_000525	plus	candidate_pending_human_review			strong_congruence	1	They are nailing two hammers	be_progressive	nailing	hammers	nail	hammer	0.622		USF:Cue_Target_Pairs.L-O:6425	yes	yes	yes	yes	yes	
CAND_PLAUS_000526	plus	candidate_pending_human_review			strong_congruence	1	They do not nail two hammers	do_negation	nail	hammers	nail	hammer	0.622		USF:Cue_Target_Pairs.L-O:6425	yes	yes	yes	yes	yes	
CAND_PLAUS_000527	plus	candidate_pending_human_review			strong_congruence	1	Every day they nail two hammers	present_3s	nail	hammers	nail	hammer	0.622		USF:Cue_Target_Pairs.L-O:6425	yes	yes	yes	yes	yes	
CAND_PLAUS_000528	plus	candidate_pending_human_review			strong_congruence	1	Last week they nailed two hammers	simple_past	nailed	hammers	nail	hammer	0.622		USF:Cue_Target_Pairs.L-O:6425	yes	yes	yes	yes	yes	
CAND_PLAUS_000529	plus	candidate_pending_human_review			strong_congruence	1	She is nailing three hammers	be_progressive	nailing	hammers	nail	hammer	0.622		USF:Cue_Target_Pairs.L-O:6425	yes	yes	yes	yes	yes	
CAND_PLAUS_000530	plus	candidate_pending_human_review			strong_congruence	1	She does not nail three hammers	do_negation	nail	hammers	nail	hammer	0.622		USF:Cue_Target_Pairs.L-O:6425	yes	yes	yes	yes	yes	
CAND_PLAUS_000531	plus	candidate_pending_human_review			strong_congruence	1	Every day she nails three hammers	present_3s	nails	hammers	nail	hammer	0.622		USF:Cue_Target_Pairs.L-O:6425	yes	yes	yes	yes	yes	
CAND_PLAUS_000532	plus	candidate_pending_human_review			strong_congruence	1	Last week she nailed three hammers	simple_past	nailed	hammers	nail	hammer	0.622		USF:Cue_Target_Pairs.L-O:6425	yes	yes	yes	yes	yes	
CAND_PLAUS_000533	plus	candidate_pending_human_review			strong_congruence	1	He is nailing three hammers	be_progressive	nailing	hammers	nail	hammer	0.622		USF:Cue_Target_Pairs.L-O:6425	yes	yes	yes	yes	yes	
CAND_PLAUS_000534	plus	candidate_pending_human_review			strong_congruence	1	He does not nail three hammers	do_negation	nail	hammers	nail	hammer	0.622		USF:Cue_Target_Pairs.L-O:6425	yes	yes	yes	yes	yes	
CAND_PLAUS_000535	plus	candidate_pending_human_review			strong_congruence	1	Every day he nails three hammers	present_3s	nails	hammers	nail	hammer	0.622		USF:Cue_Target_Pairs.L-O:6425	yes	yes	yes	yes	yes	
CAND_PLAUS_000536	plus	candidate_pending_human_review			strong_congruence	1	Last week he nailed three hammers	simple_past	nailed	hammers	nail	hammer	0.622		USF:Cue_Target_Pairs.L-O:6425	yes	yes	yes	yes	yes	
CAND_PLAUS_000537	plus	candidate_pending_human_review			strong_congruence	1	They are nailing three hammers	be_progressive	nailing	hammers	nail	hammer	0.622		USF:Cue_Target_Pairs.L-O:6425	yes	yes	yes	yes	yes	
CAND_PLAUS_000538	plus	candidate_pending_human_review			strong_congruence	1	They do not nail three hammers	do_negation	nail	hammers	nail	hammer	0.622		USF:Cue_Target_Pairs.L-O:6425	yes	yes	yes	yes	yes	
CAND_PLAUS_000539	plus	candidate_pending_human_review			strong_congruence	1	Every day they nail three hammers	present_3s	nail	hammers	nail	hammer	0.622		USF:Cue_Target_Pairs.L-O:6425	yes	yes	yes	yes	yes	
CAND_PLAUS_000540	plus	candidate_pending_human_review			strong_congruence	1	Last week they nailed three hammers	simple_past	nailed	hammers	nail	hammer	0.622		USF:Cue_Target_Pairs.L-O:6425	yes	yes	yes	yes	yes	
CAND_PLAUS_000541	plus	candidate_pending_human_review			strong_congruence	1	She is nailing four hammers	be_progressive	nailing	hammers	nail	hammer	0.622		USF:Cue_Target_Pairs.L-O:6425	yes	yes	yes	yes	yes	
CAND_PLAUS_000542	plus	candidate_pending_human_review			strong_congruence	1	She does not nail four hammers	do_negation	nail	hammers	nail	hammer	0.622		USF:Cue_Target_Pairs.L-O:6425	yes	yes	yes	yes	yes	
CAND_PLAUS_000543	plus	candidate_pending_human_review			strong_congruence	1	Every day she nails four hammers	present_3s	nails	hammers	nail	hammer	0.622		USF:Cue_Target_Pairs.L-O:6425	yes	yes	yes	yes	yes	
CAND_PLAUS_000544	plus	candidate_pending_human_review			strong_congruence	1	Last week she nailed four hammers	simple_past	nailed	hammers	nail	hammer	0.622		USF:Cue_Target_Pairs.L-O:6425	yes	yes	yes	yes	yes	
CAND_PLAUS_000545	plus	candidate_pending_human_review			strong_congruence	1	He is nailing four hammers	be_progressive	nailing	hammers	nail	hammer	0.622		USF:Cue_Target_Pairs.L-O:6425	yes	yes	yes	yes	yes	
CAND_PLAUS_000546	plus	candidate_pending_human_review			strong_congruence	1	He does not nail four hammers	do_negation	nail	hammers	nail	hammer	0.622		USF:Cue_Target_Pairs.L-O:6425	yes	yes	yes	yes	yes	
CAND_PLAUS_000547	plus	candidate_pending_human_review			strong_congruence	1	Every day he nails four hammers	present_3s	nails	hammers	nail	hammer	0.622		USF:Cue_Target_Pairs.L-O:6425	yes	yes	yes	yes	yes	
CAND_PLAUS_000548	plus	candidate_pending_human_review			strong_congruence	1	Last week he nailed four hammers	simple_past	nailed	hammers	nail	hammer	0.622		USF:Cue_Target_Pairs.L-O:6425	yes	yes	yes	yes	yes	
CAND_PLAUS_000549	plus	candidate_pending_human_review			strong_congruence	1	They are nailing four hammers	be_progressive	nailing	hammers	nail	hammer	0.622		USF:Cue_Target_Pairs.L-O:6425	yes	yes	yes	yes	yes	
CAND_PLAUS_000550	plus	candidate_pending_human_review			strong_congruence	1	They do not nail four hammers	do_negation	nail	hammers	nail	hammer	0.622		USF:Cue_Target_Pairs.L-O:6425	yes	yes	yes	yes	yes	
CAND_PLAUS_000551	plus	candidate_pending_human_review			strong_congruence	1	Every day they nail four hammers	present_3s	nail	hammers	nail	hammer	0.622		USF:Cue_Target_Pairs.L-O:6425	yes	yes	yes	yes	yes	
CAND_PLAUS_000552	plus	candidate_pending_human_review			strong_congruence	1	Last week they nailed four hammers	simple_past	nailed	hammers	nail	hammer	0.622		USF:Cue_Target_Pairs.L-O:6425	yes	yes	yes	yes	yes	
CAND_PLAUS_000553	plus	candidate_pending_human_review			strong_congruence	1	She is nailing five hammers	be_progressive	nailing	hammers	nail	hammer	0.622		USF:Cue_Target_Pairs.L-O:6425	yes	yes	yes	yes	yes	
CAND_PLAUS_000554	plus	candidate_pending_human_review			strong_congruence	1	She does not nail five hammers	do_negation	nail	hammers	nail	hammer	0.622		USF:Cue_Target_Pairs.L-O:6425	yes	yes	yes	yes	yes	
CAND_PLAUS_000555	plus	candidate_pending_human_review			strong_congruence	1	Every day she nails five hammers	present_3s	nails	hammers	nail	hammer	0.622		USF:Cue_Target_Pairs.L-O:6425	yes	yes	yes	yes	yes	
CAND_PLAUS_000556	plus	candidate_pending_human_review			strong_congruence	1	Last week she nailed five hammers	simple_past	nailed	hammers	nail	hammer	0.622		USF:Cue_Target_Pairs.L-O:6425	yes	yes	yes	yes	yes	
CAND_PLAUS_000557	plus	candidate_pending_human_review			strong_congruence	1	He is nailing five hammers	be_progressive	nailing	hammers	nail	hammer	0.622		USF:Cue_Target_Pairs.L-O:6425	yes	yes	yes	yes	yes	
CAND_PLAUS_000558	plus	candidate_pending_human_review			strong_congruence	1	He does not nail five hammers	do_negation	nail	hammers	nail	hammer	0.622		USF:Cue_Target_Pairs.L-O:6425	yes	yes	yes	yes	yes	
CAND_PLAUS_000559	plus	candidate_pending_human_review			strong_congruence	1	Every day he nails five hammers	present_3s	nails	hammers	nail	hammer	0.622		USF:Cue_Target_Pairs.L-O:6425	yes	yes	yes	yes	yes	
CAND_PLAUS_000560	plus	candidate_pending_human_review			strong_congruence	1	Last week he nailed five hammers	simple_past	nailed	hammers	nail	hammer	0.622		USF:Cue_Target_Pairs.L-O:6425	yes	yes	yes	yes	yes	
CAND_PLAUS_000561	plus	candidate_pending_human_review			strong_congruence	1	They are nailing five hammers	be_progressive	nailing	hammers	nail	hammer	0.622		USF:Cue_Target_Pairs.L-O:6425	yes	yes	yes	yes	yes	
CAND_PLAUS_000562	plus	candidate_pending_human_review			strong_congruence	1	They do not nail five hammers	do_negation	nail	hammers	nail	hammer	0.622		USF:Cue_Target_Pairs.L-O:6425	yes	yes	yes	yes	yes	
CAND_PLAUS_000563	plus	candidate_pending_human_review			strong_congruence	1	Every day they nail five hammers	present_3s	nail	hammers	nail	hammer	0.622		USF:Cue_Target_Pairs.L-O:6425	yes	yes	yes	yes	yes	
CAND_PLAUS_000564	plus	candidate_pending_human_review			strong_congruence	1	Last week they nailed five hammers	simple_past	nailed	hammers	nail	hammer	0.622		USF:Cue_Target_Pairs.L-O:6425	yes	yes	yes	yes	yes	
CAND_PLAUS_000565	plus	candidate_pending_human_review			strong_congruence	1	She is nailing six hammers	be_progressive	nailing	hammers	nail	hammer	0.622		USF:Cue_Target_Pairs.L-O:6425	yes	yes	yes	yes	yes	
CAND_PLAUS_000566	plus	candidate_pending_human_review			strong_congruence	1	She does not nail six hammers	do_negation	nail	hammers	nail	hammer	0.622		USF:Cue_Target_Pairs.L-O:6425	yes	yes	yes	yes	yes	
CAND_PLAUS_000567	plus	candidate_pending_human_review			strong_congruence	1	Every day she nails six hammers	present_3s	nails	hammers	nail	hammer	0.622		USF:Cue_Target_Pairs.L-O:6425	yes	yes	yes	yes	yes	
CAND_PLAUS_000568	plus	candidate_pending_human_review			strong_congruence	1	Last week she nailed six hammers	simple_past	nailed	hammers	nail	hammer	0.622		USF:Cue_Target_Pairs.L-O:6425	yes	yes	yes	yes	yes	
CAND_PLAUS_000569	plus	candidate_pending_human_review			strong_congruence	1	He is nailing six hammers	be_progressive	nailing	hammers	nail	hammer	0.622		USF:Cue_Target_Pairs.L-O:6425	yes	yes	yes	yes	yes	
CAND_PLAUS_000570	plus	candidate_pending_human_review			strong_congruence	1	He does not nail six hammers	do_negation	nail	hammers	nail	hammer	0.622		USF:Cue_Target_Pairs.L-O:6425	yes	yes	yes	yes	yes	
CAND_PLAUS_000571	plus	candidate_pending_human_review			strong_congruence	1	Every day he nails six hammers	present_3s	nails	hammers	nail	hammer	0.622		USF:Cue_Target_Pairs.L-O:6425	yes	yes	yes	yes	yes	
CAND_PLAUS_000572	plus	candidate_pending_human_review			strong_congruence	1	Last week he nailed six hammers	simple_past	nailed	hammers	nail	hammer	0.622		USF:Cue_Target_Pairs.L-O:6425	yes	yes	yes	yes	yes	
CAND_PLAUS_000573	plus	candidate_pending_human_review			strong_congruence	1	They are nailing six hammers	be_progressive	nailing	hammers	nail	hammer	0.622		USF:Cue_Target_Pairs.L-O:6425	yes	yes	yes	yes	yes	
CAND_PLAUS_000574	plus	candidate_pending_human_review			strong_congruence	1	They do not nail six hammers	do_negation	nail	hammers	nail	hammer	0.622		USF:Cue_Target_Pairs.L-O:6425	yes	yes	yes	yes	yes	
CAND_PLAUS_000575	plus	candidate_pending_human_review			strong_congruence	1	Every day they nail six hammers	present_3s	nail	hammers	nail	hammer	0.622		USF:Cue_Target_Pairs.L-O:6425	yes	yes	yes	yes	yes	
CAND_PLAUS_000576	plus	candidate_pending_human_review			strong_congruence	1	Last week they nailed six hammers	simple_past	nailed	hammers	nail	hammer	0.622		USF:Cue_Target_Pairs.L-O:6425	yes	yes	yes	yes	yes	
CAND_PLAUS_000577	plus	candidate_pending_human_review			strong_congruence	1	She is earning one money	be_progressive	earning	money	earn	money	0.462		USF:Cue_Target_Pairs.D-F:4267	yes	yes	yes	yes	yes	
CAND_PLAUS_000578	plus	candidate_pending_human_review			strong_congruence	1	She does not earn one money	do_negation	earn	money	earn	money	0.462		USF:Cue_Target_Pairs.D-F:4267	yes	yes	yes	yes	yes	
CAND_PLAUS_000579	plus	candidate_pending_human_review			strong_congruence	1	Every day she earns one money	present_3s	earns	money	earn	money	0.462		USF:Cue_Target_Pairs.D-F:4267	yes	yes	yes	yes	yes	
CAND_PLAUS_000580	plus	candidate_pending_human_review			strong_congruence	1	Last week she earned one money	simple_past	earned	money	earn	money	0.462		USF:Cue_Target_Pairs.D-F:4267	yes	yes	yes	yes	yes	
CAND_PLAUS_000581	plus	candidate_pending_human_review			strong_congruence	1	He is earning one money	be_progressive	earning	money	earn	money	0.462		USF:Cue_Target_Pairs.D-F:4267	yes	yes	yes	yes	yes	
CAND_PLAUS_000582	plus	candidate_pending_human_review			strong_congruence	1	He does not earn one money	do_negation	earn	money	earn	money	0.462		USF:Cue_Target_Pairs.D-F:4267	yes	yes	yes	yes	yes	
CAND_PLAUS_000583	plus	candidate_pending_human_review			strong_congruence	1	Every day he earns one money	present_3s	earns	money	earn	money	0.462		USF:Cue_Target_Pairs.D-F:4267	yes	yes	yes	yes	yes	
CAND_PLAUS_000584	plus	candidate_pending_human_review			strong_congruence	1	Last week he earned one money	simple_past	earned	money	earn	money	0.462		USF:Cue_Target_Pairs.D-F:4267	yes	yes	yes	yes	yes	
CAND_PLAUS_000585	plus	candidate_pending_human_review			strong_congruence	1	They are earning one money	be_progressive	earning	money	earn	money	0.462		USF:Cue_Target_Pairs.D-F:4267	yes	yes	yes	yes	yes	
CAND_PLAUS_000586	plus	candidate_pending_human_review			strong_congruence	1	They do not earn one money	do_negation	earn	money	earn	money	0.462		USF:Cue_Target_Pairs.D-F:4267	yes	yes	yes	yes	yes	
CAND_PLAUS_000587	plus	candidate_pending_human_review			strong_congruence	1	Every day they earn one money	present_3s	earn	money	earn	money	0.462		USF:Cue_Target_Pairs.D-F:4267	yes	yes	yes	yes	yes	
CAND_PLAUS_000588	plus	candidate_pending_human_review			strong_congruence	1	Last week they earned one money	simple_past	earned	money	earn	money	0.462		USF:Cue_Target_Pairs.D-F:4267	yes	yes	yes	yes	yes	
CAND_PLAUS_000589	plus	candidate_pending_human_review			strong_congruence	1	She is earning two moneys	be_progressive	earning	moneys	earn	money	0.462		USF:Cue_Target_Pairs.D-F:4267	yes	yes	yes	yes	yes	
CAND_PLAUS_000590	plus	candidate_pending_human_review			strong_congruence	1	She does not earn two moneys	do_negation	earn	moneys	earn	money	0.462		USF:Cue_Target_Pairs.D-F:4267	yes	yes	yes	yes	yes	
CAND_PLAUS_000591	plus	candidate_pending_human_review			strong_congruence	1	Every day she earns two moneys	present_3s	earns	moneys	earn	money	0.462		USF:Cue_Target_Pairs.D-F:4267	yes	yes	yes	yes	yes	
CAND_PLAUS_000592	plus	candidate_pending_human_review			strong_congruence	1	Last week she earned two moneys	simple_past	earned	moneys	earn	money	0.462		USF:Cue_Target_Pairs.D-F:4267	yes	yes	yes	yes	yes	
CAND_PLAUS_000593	plus	candidate_pending_human_review			strong_congruence	1	He is earning two moneys	be_progressive	earning	moneys	earn	money	0.462		USF:Cue_Target_Pairs.D-F:4267	yes	yes	yes	yes	yes	
CAND_PLAUS_000594	plus	candidate_pending_human_review			strong_congruence	1	He does not earn two moneys	do_negation	earn	moneys	earn	money	0.462		USF:Cue_Target_Pairs.D-F:4267	yes	yes	yes	yes	yes	
CAND_PLAUS_000595	plus	candidate_pending_human_review			strong_congruence	1	Every day he earns two moneys	present_3s	earns	moneys	earn	money	0.462		USF:Cue_Target_Pairs.D-F:4267	yes	yes	yes	yes	yes	
CAND_PLAUS_000596	plus	candidate_pending_human_review			strong_congruence	1	Last week he earned two moneys	simple_past	earned	moneys	earn	money	0.462		USF:Cue_Target_Pairs.D-F:4267	yes	yes	yes	yes	yes	
CAND_PLAUS_000597	plus	candidate_pending_human_review			strong_congruence	1	They are earning two moneys	be_progressive	earning	moneys	earn	money	0.462		USF:Cue_Target_Pairs.D-F:4267	yes	yes	yes	yes	yes	
CAND_PLAUS_000598	plus	candidate_pending_human_review			strong_congruence	1	They do not earn two moneys	do_negation	earn	moneys	earn	money	0.462		USF:Cue_Target_Pairs.D-F:4267	yes	yes	yes	yes	yes	
CAND_PLAUS_000599	plus	candidate_pending_human_review			strong_congruence	1	Every day they earn two moneys	present_3s	earn	moneys	earn	money	0.462		USF:Cue_Target_Pairs.D-F:4267	yes	yes	yes	yes	yes	
CAND_PLAUS_000600	plus	candidate_pending_human_review			strong_congruence	1	Last week they earned two moneys	simple_past	earned	moneys	earn	money	0.462		USF:Cue_Target_Pairs.D-F:4267	yes	yes	yes	yes	yes	
CAND_PLAUS_000601	plus	candidate_pending_human_review			strong_congruence	1	She is earning three moneys	be_progressive	earning	moneys	earn	money	0.462		USF:Cue_Target_Pairs.D-F:4267	yes	yes	yes	yes	yes	
CAND_PLAUS_000602	plus	candidate_pending_human_review			strong_congruence	1	She does not earn three moneys	do_negation	earn	moneys	earn	money	0.462		USF:Cue_Target_Pairs.D-F:4267	yes	yes	yes	yes	yes	
CAND_PLAUS_000603	plus	candidate_pending_human_review			strong_congruence	1	Every day she earns three moneys	present_3s	earns	moneys	earn	money	0.462		USF:Cue_Target_Pairs.D-F:4267	yes	yes	yes	yes	yes	
CAND_PLAUS_000604	plus	candidate_pending_human_review			strong_congruence	1	Last week she earned three moneys	simple_past	earned	moneys	earn	money	0.462		USF:Cue_Target_Pairs.D-F:4267	yes	yes	yes	yes	yes	
CAND_PLAUS_000605	plus	candidate_pending_human_review			strong_congruence	1	He is earning three moneys	be_progressive	earning	moneys	earn	money	0.462		USF:Cue_Target_Pairs.D-F:4267	yes	yes	yes	yes	yes	
CAND_PLAUS_000606	plus	candidate_pending_human_review			strong_congruence	1	He does not earn three moneys	do_negation	earn	moneys	earn	money	0.462		USF:Cue_Target_Pairs.D-F:4267	yes	yes	yes	yes	yes	
CAND_PLAUS_000607	plus	candidate_pending_human_review			strong_congruence	1	Every day he earns three moneys	present_3s	earns	moneys	earn	money	0.462		USF:Cue_Target_Pairs.D-F:4267	yes	yes	yes	yes	yes	
CAND_PLAUS_000608	plus	candidate_pending_human_review			strong_congruence	1	Last week he earned three moneys	simple_past	earned	moneys	earn	money	0.462		USF:Cue_Target_Pairs.D-F:4267	yes	yes	yes	yes	yes	
CAND_PLAUS_000609	plus	candidate_pending_human_review			strong_congruence	1	They are earning three moneys	be_progressive	earning	moneys	earn	money	0.462		USF:Cue_Target_Pairs.D-F:4267	yes	yes	yes	yes	yes	
CAND_PLAUS_000610	plus	candidate_pending_human_review			strong_congruence	1	They do not earn three moneys	do_negation	earn	moneys	earn	money	0.462		USF:Cue_Target_Pairs.D-F:4267	yes	yes	yes	yes	yes	
CAND_PLAUS_000611	plus	candidate_pending_human_review			strong_congruence	1	Every day they earn three moneys	present_3s	earn	moneys	earn	money	0.462		USF:Cue_Target_Pairs.D-F:4267	yes	yes	yes	yes	yes	
CAND_PLAUS_000612	plus	candidate_pending_human_review			strong_congruence	1	Last week they earned three moneys	simple_past	earned	moneys	earn	money	0.462		USF:Cue_Target_Pairs.D-F:4267	yes	yes	yes	yes	yes	
CAND_PLAUS_000613	plus	candidate_pending_human_review			strong_congruence	1	She is earning four moneys	be_progressive	earning	moneys	earn	money	0.462		USF:Cue_Target_Pairs.D-F:4267	yes	yes	yes	yes	yes	
CAND_PLAUS_000614	plus	candidate_pending_human_review			strong_congruence	1	She does not earn four moneys	do_negation	earn	moneys	earn	money	0.462		USF:Cue_Target_Pairs.D-F:4267	yes	yes	yes	yes	yes	
CAND_PLAUS_000615	plus	candidate_pending_human_review			strong_congruence	1	Every day she earns four moneys	present_3s	earns	moneys	earn	money	0.462		USF:Cue_Target_Pairs.D-F:4267	yes	yes	yes	yes	yes	
CAND_PLAUS_000616	plus	candidate_pending_human_review			strong_congruence	1	Last week she earned four moneys	simple_past	earned	moneys	earn	money	0.462		USF:Cue_Target_Pairs.D-F:4267	yes	yes	yes	yes	yes	
CAND_PLAUS_000617	plus	candidate_pending_human_review			strong_congruence	1	He is earning four moneys	be_progressive	earning	moneys	earn	money	0.462		USF:Cue_Target_Pairs.D-F:4267	yes	yes	yes	yes	yes	
CAND_PLAUS_000618	plus	candidate_pending_human_review			strong_congruence	1	He does not earn four moneys	do_negation	earn	moneys	earn	money	0.462		USF:Cue_Target_Pairs.D-F:4267	yes	yes	yes	yes	yes	
CAND_PLAUS_000619	plus	candidate_pending_human_review			strong_congruence	1	Every day he earns four moneys	present_3s	earns	moneys	earn	money	0.462		USF:Cue_Target_Pairs.D-F:4267	yes	yes	yes	yes	yes	
CAND_PLAUS_000620	plus	candidate_pending_human_review			strong_congruence	1	Last week he earned four moneys	simple_past	earned	moneys	earn	money	0.462		USF:Cue_Target_Pairs.D-F:4267	yes	yes	yes	yes	yes	
CAND_PLAUS_000621	plus	candidate_pending_human_review			strong_congruence	1	They are earning four moneys	be_progressive	earning	moneys	earn	money	0.462		USF:Cue_Target_Pairs.D-F:4267	yes	yes	yes	yes	yes	
CAND_PLAUS_000622	plus	candidate_pending_human_review			strong_congruence	1	They do not earn four moneys	do_negation	earn	moneys	earn	money	0.462		USF:Cue_Target_Pairs.D-F:4267	yes	yes	yes	yes	yes	
CAND_PLAUS_000623	plus	candidate_pending_human_review			strong_congruence	1	Every day they earn four moneys	present_3s	earn	moneys	earn	money	0.462		USF:Cue_Target_Pairs.D-F:4267	yes	yes	yes	yes	yes	
CAND_PLAUS_000624	plus	candidate_pending_human_review			strong_congruence	1	Last week they earned four moneys	simple_past	earned	moneys	earn	money	0.462		USF:Cue_Target_Pairs.D-F:4267	yes	yes	yes	yes	yes	
CAND_PLAUS_000625	plus	candidate_pending_human_review			strong_congruence	1	She is earning five moneys	be_progressive	earning	moneys	earn	money	0.462		USF:Cue_Target_Pairs.D-F:4267	yes	yes	yes	yes	yes	
CAND_PLAUS_000626	plus	candidate_pending_human_review			strong_congruence	1	She does not earn five moneys	do_negation	earn	moneys	earn	money	0.462		USF:Cue_Target_Pairs.D-F:4267	yes	yes	yes	yes	yes	
CAND_PLAUS_000627	plus	candidate_pending_human_review			strong_congruence	1	Every day she earns five moneys	present_3s	earns	moneys	earn	money	0.462		USF:Cue_Target_Pairs.D-F:4267	yes	yes	yes	yes	yes	
CAND_PLAUS_000628	plus	candidate_pending_human_review			strong_congruence	1	Last week she earned five moneys	simple_past	earned	moneys	earn	money	0.462		USF:Cue_Target_Pairs.D-F:4267	yes	yes	yes	yes	yes	
CAND_PLAUS_000629	plus	candidate_pending_human_review			strong_congruence	1	He is earning five moneys	be_progressive	earning	moneys	earn	money	0.462		USF:Cue_Target_Pairs.D-F:4267	yes	yes	yes	yes	yes	
CAND_PLAUS_000630	plus	candidate_pending_human_review			strong_congruence	1	He does not earn five moneys	do_negation	earn	moneys	earn	money	0.462		USF:Cue_Target_Pairs.D-F:4267	yes	yes	yes	yes	yes	
CAND_PLAUS_000631	plus	candidate_pending_human_review			strong_congruence	1	Every day he earns five moneys	present_3s	earns	moneys	earn	money	0.462		USF:Cue_Target_Pairs.D-F:4267	yes	yes	yes	yes	yes	
CAND_PLAUS_000632	plus	candidate_pending_human_review			strong_congruence	1	Last week he earned five moneys	simple_past	earned	moneys	earn	money	0.462		USF:Cue_Target_Pairs.D-F:4267	yes	yes	yes	yes	yes	
CAND_PLAUS_000633	plus	candidate_pending_human_review			strong_congruence	1	They are earning five moneys	be_progressive	earning	moneys	earn	money	0.462		USF:Cue_Target_Pairs.D-F:4267	yes	yes	yes	yes	yes	
CAND_PLAUS_000634	plus	candidate_pending_human_review			strong_congruence	1	They do not earn five moneys	do_negation	earn	moneys	earn	money	0.462		USF:Cue_Target_Pairs.D-F:4267	yes	yes	yes	yes	yes	
CAND_PLAUS_000635	plus	candidate_pending_human_review			strong_congruence	1	Every day they earn five moneys	present_3s	earn	moneys	earn	money	0.462		USF:Cue_Target_Pairs.D-F:4267	yes	yes	yes	yes	yes	
CAND_PLAUS_000636	plus	candidate_pending_human_review			strong_congruence	1	Last week they earned five moneys	simple_past	earned	moneys	earn	money	0.462		USF:Cue_Target_Pairs.D-F:4267	yes	yes	yes	yes	yes	
CAND_PLAUS_000637	plus	candidate_pending_human_review			strong_congruence	1	She is earning six moneys	be_progressive	earning	moneys	earn	money	0.462		USF:Cue_Target_Pairs.D-F:4267	yes	yes	yes	yes	yes	
CAND_PLAUS_000638	plus	candidate_pending_human_review			strong_congruence	1	She does not earn six moneys	do_negation	earn	moneys	earn	money	0.462		USF:Cue_Target_Pairs.D-F:4267	yes	yes	yes	yes	yes	
CAND_PLAUS_000639	plus	candidate_pending_human_review			strong_congruence	1	Every day she earns six moneys	present_3s	earns	moneys	earn	money	0.462		USF:Cue_Target_Pairs.D-F:4267	yes	yes	yes	yes	yes	
CAND_PLAUS_000640	plus	candidate_pending_human_review			strong_congruence	1	Last week she earned six moneys	simple_past	earned	moneys	earn	money	0.462		USF:Cue_Target_Pairs.D-F:4267	yes	yes	yes	yes	yes	
CAND_PLAUS_000641	plus	candidate_pending_human_review			strong_congruence	1	He is earning six moneys	be_progressive	earning	moneys	earn	money	0.462		USF:Cue_Target_Pairs.D-F:4267	yes	yes	yes	yes	yes	
CAND_PLAUS_000642	plus	candidate_pending_human_review			strong_congruence	1	He does not earn six moneys	do_negation	earn	moneys	earn	money	0.462		USF:Cue_Target_Pairs.D-F:4267	yes	yes	yes	yes	yes	
CAND_PLAUS_000643	plus	candidate_pending_human_review			strong_congruence	1	Every day he earns six moneys	present_3s	earns	moneys	earn	money	0.462		USF:Cue_Target_Pairs.D-F:4267	yes	yes	yes	yes	yes	
CAND_PLAUS_000644	plus	candidate_pending_human_review			strong_congruence	1	Last week he earned six moneys	simple_past	earned	moneys	earn	money	0.462		USF:Cue_Target_Pairs.D-F:4267	yes	yes	yes	yes	yes	
CAND_PLAUS_000645	plus	candidate_pending_human_review			strong_congruence	1	They are earning six moneys	be_progressive	earning	moneys	earn	money	0.462		USF:Cue_Target_Pairs.D-F:4267	yes	yes	yes	yes	yes	
CAND_PLAUS_000646	plus	candidate_pending_human_review			strong_congruence	1	They do not earn six moneys	do_negation	earn	moneys	earn	money	0.462		USF:Cue_Target_Pairs.D-F:4267	yes	yes	yes	yes	yes	
CAND_PLAUS_000647	plus	candidate_pending_human_review			strong_congruence	1	Every day they earn six moneys	present_3s	earn	moneys	earn	money	0.462		USF:Cue_Target_Pairs.D-F:4267	yes	yes	yes	yes	yes	
CAND_PLAUS_000648	plus	candidate_pending_human_review			strong_congruence	1	Last week they earned six moneys	simple_past	earned	moneys	earn	money	0.462		USF:Cue_Target_Pairs.D-F:4267	yes	yes	yes	yes	yes	
CAND_PLAUS_000649	plus	candidate_pending_human_review			strong_congruence	1	She is swearing one curse	be_progressive	swearing	curse	swear	curse	0.382		USF:Cue_Target_Pairs.S:8883	yes	yes	yes	yes	yes	
CAND_PLAUS_000650	plus	candidate_pending_human_review			strong_congruence	1	She does not swear one curse	do_negation	swear	curse	swear	curse	0.382		USF:Cue_Target_Pairs.S:8883	yes	yes	yes	yes	yes	
CAND_PLAUS_000651	plus	candidate_pending_human_review			strong_congruence	1	Every day she swears one curse	present_3s	swears	curse	swear	curse	0.382		USF:Cue_Target_Pairs.S:8883	yes	yes	yes	yes	yes	
CAND_PLAUS_000652	plus	candidate_pending_human_review			strong_congruence	1	Last week she swore one curse	simple_past	swore	curse	swear	curse	0.382		USF:Cue_Target_Pairs.S:8883	yes	yes	yes	yes	yes	
CAND_PLAUS_000653	plus	candidate_pending_human_review			strong_congruence	1	He is swearing one curse	be_progressive	swearing	curse	swear	curse	0.382		USF:Cue_Target_Pairs.S:8883	yes	yes	yes	yes	yes	
CAND_PLAUS_000654	plus	candidate_pending_human_review			strong_congruence	1	He does not swear one curse	do_negation	swear	curse	swear	curse	0.382		USF:Cue_Target_Pairs.S:8883	yes	yes	yes	yes	yes	
CAND_PLAUS_000655	plus	candidate_pending_human_review			strong_congruence	1	Every day he swears one curse	present_3s	swears	curse	swear	curse	0.382		USF:Cue_Target_Pairs.S:8883	yes	yes	yes	yes	yes	
CAND_PLAUS_000656	plus	candidate_pending_human_review			strong_congruence	1	Last week he swore one curse	simple_past	swore	curse	swear	curse	0.382		USF:Cue_Target_Pairs.S:8883	yes	yes	yes	yes	yes	
CAND_PLAUS_000657	plus	candidate_pending_human_review			strong_congruence	1	They are swearing one curse	be_progressive	swearing	curse	swear	curse	0.382		USF:Cue_Target_Pairs.S:8883	yes	yes	yes	yes	yes	
CAND_PLAUS_000658	plus	candidate_pending_human_review			strong_congruence	1	They do not swear one curse	do_negation	swear	curse	swear	curse	0.382		USF:Cue_Target_Pairs.S:8883	yes	yes	yes	yes	yes	
CAND_PLAUS_000659	plus	candidate_pending_human_review			strong_congruence	1	Every day they swear one curse	present_3s	swear	curse	swear	curse	0.382		USF:Cue_Target_Pairs.S:8883	yes	yes	yes	yes	yes	
CAND_PLAUS_000660	plus	candidate_pending_human_review			strong_congruence	1	Last week they swore one curse	simple_past	swore	curse	swear	curse	0.382		USF:Cue_Target_Pairs.S:8883	yes	yes	yes	yes	yes	
CAND_PLAUS_000661	plus	candidate_pending_human_review			strong_congruence	1	She is swearing two curses	be_progressive	swearing	curses	swear	curse	0.382		USF:Cue_Target_Pairs.S:8883	yes	yes	yes	yes	yes	
CAND_PLAUS_000662	plus	candidate_pending_human_review			strong_congruence	1	She does not swear two curses	do_negation	swear	curses	swear	curse	0.382		USF:Cue_Target_Pairs.S:8883	yes	yes	yes	yes	yes	
CAND_PLAUS_000663	plus	candidate_pending_human_review			strong_congruence	1	Every day she swears two curses	present_3s	swears	curses	swear	curse	0.382		USF:Cue_Target_Pairs.S:8883	yes	yes	yes	yes	yes	
CAND_PLAUS_000664	plus	candidate_pending_human_review			strong_congruence	1	Last week she swore two curses	simple_past	swore	curses	swear	curse	0.382		USF:Cue_Target_Pairs.S:8883	yes	yes	yes	yes	yes	
CAND_PLAUS_000665	plus	candidate_pending_human_review			strong_congruence	1	He is swearing two curses	be_progressive	swearing	curses	swear	curse	0.382		USF:Cue_Target_Pairs.S:8883	yes	yes	yes	yes	yes	
CAND_PLAUS_000666	plus	candidate_pending_human_review			strong_congruence	1	He does not swear two curses	do_negation	swear	curses	swear	curse	0.382		USF:Cue_Target_Pairs.S:8883	yes	yes	yes	yes	yes	
CAND_PLAUS_000667	plus	candidate_pending_human_review			strong_congruence	1	Every day he swears two curses	present_3s	swears	curses	swear	curse	0.382		USF:Cue_Target_Pairs.S:8883	yes	yes	yes	yes	yes	
CAND_PLAUS_000668	plus	candidate_pending_human_review			strong_congruence	1	Last week he swore two curses	simple_past	swore	curses	swear	curse	0.382		USF:Cue_Target_Pairs.S:8883	yes	yes	yes	yes	yes	
CAND_PLAUS_000669	plus	candidate_pending_human_review			strong_congruence	1	They are swearing two curses	be_progressive	swearing	curses	swear	curse	0.382		USF:Cue_Target_Pairs.S:8883	yes	yes	yes	yes	yes	
CAND_PLAUS_000670	plus	candidate_pending_human_review			strong_congruence	1	They do not swear two curses	do_negation	swear	curses	swear	curse	0.382		USF:Cue_Target_Pairs.S:8883	yes	yes	yes	yes	yes	
CAND_PLAUS_000671	plus	candidate_pending_human_review			strong_congruence	1	Every day they swear two curses	present_3s	swear	curses	swear	curse	0.382		USF:Cue_Target_Pairs.S:8883	yes	yes	yes	yes	yes	
CAND_PLAUS_000672	plus	candidate_pending_human_review			strong_congruence	1	Last week they swore two curses	simple_past	swore	curses	swear	curse	0.382		USF:Cue_Target_Pairs.S:8883	yes	yes	yes	yes	yes	
CAND_PLAUS_000673	plus	candidate_pending_human_review			strong_congruence	1	She is swearing three curses	be_progressive	swearing	curses	swear	curse	0.382		USF:Cue_Target_Pairs.S:8883	yes	yes	yes	yes	yes	
CAND_PLAUS_000674	plus	candidate_pending_human_review			strong_congruence	1	She does not swear three curses	do_negation	swear	curses	swear	curse	0.382		USF:Cue_Target_Pairs.S:8883	yes	yes	yes	yes	yes	
CAND_PLAUS_000675	plus	candidate_pending_human_review			strong_congruence	1	Every day she swears three curses	present_3s	swears	curses	swear	curse	0.382		USF:Cue_Target_Pairs.S:8883	yes	yes	yes	yes	yes	
CAND_PLAUS_000676	plus	candidate_pending_human_review			strong_congruence	1	Last week she swore three curses	simple_past	swore	curses	swear	curse	0.382		USF:Cue_Target_Pairs.S:8883	yes	yes	yes	yes	yes	
CAND_PLAUS_000677	plus	candidate_pending_human_review			strong_congruence	1	He is swearing three curses	be_progressive	swearing	curses	swear	curse	0.382		USF:Cue_Target_Pairs.S:8883	yes	yes	yes	yes	yes	
CAND_PLAUS_000678	plus	candidate_pending_human_review			strong_congruence	1	He does not swear three curses	do_negation	swear	curses	swear	curse	0.382		USF:Cue_Target_Pairs.S:8883	yes	yes	yes	yes	yes	
CAND_PLAUS_000679	plus	candidate_pending_human_review			strong_congruence	1	Every day he swears three curses	present_3s	swears	curses	swear	curse	0.382		USF:Cue_Target_Pairs.S:8883	yes	yes	yes	yes	yes	
CAND_PLAUS_000680	plus	candidate_pending_human_review			strong_congruence	1	Last week he swore three curses	simple_past	swore	curses	swear	curse	0.382		USF:Cue_Target_Pairs.S:8883	yes	yes	yes	yes	yes	
CAND_PLAUS_000681	plus	candidate_pending_human_review			strong_congruence	1	They are swearing three curses	be_progressive	swearing	curses	swear	curse	0.382		USF:Cue_Target_Pairs.S:8883	yes	yes	yes	yes	yes	
CAND_PLAUS_000682	plus	candidate_pending_human_review			strong_congruence	1	They do not swear three curses	do_negation	swear	curses	swear	curse	0.382		USF:Cue_Target_Pairs.S:8883	yes	yes	yes	yes	yes	
CAND_PLAUS_000683	plus	candidate_pending_human_review			strong_congruence	1	Every day they swear three curses	present_3s	swear	curses	swear	curse	0.382		USF:Cue_Target_Pairs.S:8883	yes	yes	yes	yes	yes	
CAND_PLAUS_000684	plus	candidate_pending_human_review			strong_congruence	1	Last week they swore three curses	simple_past	swore	curses	swear	curse	0.382		USF:Cue_Target_Pairs.S:8883	yes	yes	yes	yes	yes	
CAND_PLAUS_000685	plus	candidate_pending_human_review			strong_congruence	1	She is swearing four curses	be_progressive	swearing	curses	swear	curse	0.382		USF:Cue_Target_Pairs.S:8883	yes	yes	yes	yes	yes	
CAND_PLAUS_000686	plus	candidate_pending_human_review			strong_congruence	1	She does not swear four curses	do_negation	swear	curses	swear	curse	0.382		USF:Cue_Target_Pairs.S:8883	yes	yes	yes	yes	yes	
CAND_PLAUS_000687	plus	candidate_pending_human_review			strong_congruence	1	Every day she swears four curses	present_3s	swears	curses	swear	curse	0.382		USF:Cue_Target_Pairs.S:8883	yes	yes	yes	yes	yes	
CAND_PLAUS_000688	plus	candidate_pending_human_review			strong_congruence	1	Last week she swore four curses	simple_past	swore	curses	swear	curse	0.382		USF:Cue_Target_Pairs.S:8883	yes	yes	yes	yes	yes	
CAND_PLAUS_000689	plus	candidate_pending_human_review			strong_congruence	1	He is swearing four curses	be_progressive	swearing	curses	swear	curse	0.382		USF:Cue_Target_Pairs.S:8883	yes	yes	yes	yes	yes	
CAND_PLAUS_000690	plus	candidate_pending_human_review			strong_congruence	1	He does not swear four curses	do_negation	swear	curses	swear	curse	0.382		USF:Cue_Target_Pairs.S:8883	yes	yes	yes	yes	yes	
CAND_PLAUS_000691	plus	candidate_pending_human_review			strong_congruence	1	Every day he swears four curses	present_3s	swears	curses	swear	curse	0.382		USF:Cue_Target_Pairs.S:8883	yes	yes	yes	yes	yes	
CAND_PLAUS_000692	plus	candidate_pending_human_review			strong_congruence	1	Last week he swore four curses	simple_past	swore	curses	swear	curse	0.382		USF:Cue_Target_Pairs.S:8883	yes	yes	yes	yes	yes	
CAND_PLAUS_000693	plus	candidate_pending_human_review			strong_congruence	1	They are swearing four curses	be_progressive	swearing	curses	swear	curse	0.382		USF:Cue_Target_Pairs.S:8883	yes	yes	yes	yes	yes	
CAND_PLAUS_000694	plus	candidate_pending_human_review			strong_congruence	1	They do not swear four curses	do_negation	swear	curses	swear	curse	0.382		USF:Cue_Target_Pairs.S:8883	yes	yes	yes	yes	yes	
CAND_PLAUS_000695	plus	candidate_pending_human_review			strong_congruence	1	Every day they swear four curses	present_3s	swear	curses	swear	curse	0.382		USF:Cue_Target_Pairs.S:8883	yes	yes	yes	yes	yes	
CAND_PLAUS_000696	plus	candidate_pending_human_review			strong_congruence	1	Last week they swore four curses	simple_past	swore	curses	swear	curse	0.382		USF:Cue_Target_Pairs.S:8883	yes	yes	yes	yes	yes	
CAND_PLAUS_000697	plus	candidate_pending_human_review			strong_congruence	1	She is swearing five curses	be_progressive	swearing	curses	swear	curse	0.382		USF:Cue_Target_Pairs.S:8883	yes	yes	yes	yes	yes	
CAND_PLAUS_000698	plus	candidate_pending_human_review			strong_congruence	1	She does not swear five curses	do_negation	swear	curses	swear	curse	0.382		USF:Cue_Target_Pairs.S:8883	yes	yes	yes	yes	yes	
CAND_PLAUS_000699	plus	candidate_pending_human_review			strong_congruence	1	Every day she swears five curses	present_3s	swears	curses	swear	curse	0.382		USF:Cue_Target_Pairs.S:8883	yes	yes	yes	yes	yes	
CAND_PLAUS_000700	plus	candidate_pending_human_review			strong_congruence	1	Last week she swore five curses	simple_past	swore	curses	swear	curse	0.382		USF:Cue_Target_Pairs.S:8883	yes	yes	yes	yes	yes	
CAND_PLAUS_000701	plus	candidate_pending_human_review			strong_congruence	1	He is swearing five curses	be_progressive	swearing	curses	swear	curse	0.382		USF:Cue_Target_Pairs.S:8883	yes	yes	yes	yes	yes	
CAND_PLAUS_000702	plus	candidate_pending_human_review			strong_congruence	1	He does not swear five curses	do_negation	swear	curses	swear	curse	0.382		USF:Cue_Target_Pairs.S:8883	yes	yes	yes	yes	yes	
CAND_PLAUS_000703	plus	candidate_pending_human_review			strong_congruence	1	Every day he swears five curses	present_3s	swears	curses	swear	curse	0.382		USF:Cue_Target_Pairs.S:8883	yes	yes	yes	yes	yes	
CAND_PLAUS_000704	plus	candidate_pending_human_review			strong_congruence	1	Last week he swore five curses	simple_past	swore	curses	swear	curse	0.382		USF:Cue_Target_Pairs.S:8883	yes	yes	yes	yes	yes	
CAND_PLAUS_000705	plus	candidate_pending_human_review			strong_congruence	1	They are swearing five curses	be_progressive	swearing	curses	swear	curse	0.382		USF:Cue_Target_Pairs.S:8883	yes	yes	yes	yes	yes	
CAND_PLAUS_000706	plus	candidate_pending_human_review			strong_congruence	1	They do not swear five curses	do_negation	swear	curses	swear	curse	0.382		USF:Cue_Target_Pairs.S:8883	yes	yes	yes	yes	yes	
CAND_PLAUS_000707	plus	candidate_pending_human_review			strong_congruence	1	Every day they swear five curses	present_3s	swear	curses	swear	curse	0.382		USF:Cue_Target_Pairs.S:8883	yes	yes	yes	yes	yes	
CAND_PLAUS_000708	plus	candidate_pending_human_review			strong_congruence	1	Last week they swore five curses	simple_past	swore	curses	swear	curse	0.382		USF:Cue_Target_Pairs.S:8883	yes	yes	yes	yes	yes	
CAND_PLAUS_000709	plus	candidate_pending_human_review			strong_congruence	1	She is swearing six curses	be_progressive	swearing	curses	swear	curse	0.382		USF:Cue_Target_Pairs.S:8883	yes	yes	yes	yes	yes	
CAND_PLAUS_000710	plus	candidate_pending_human_review			strong_congruence	1	She does not swear six curses	do_negation	swear	curses	swear	curse	0.382		USF:Cue_Target_Pairs.S:8883	yes	yes	yes	yes	yes	
CAND_PLAUS_000711	plus	candidate_pending_human_review			strong_congruence	1	Every day she swears six curses	present_3s	swears	curses	swear	curse	0.382		USF:Cue_Target_Pairs.S:8883	yes	yes	yes	yes	yes	
CAND_PLAUS_000712	plus	candidate_pending_human_review			strong_congruence	1	Last week she swore six curses	simple_past	swore	curses	swear	curse	0.382		USF:Cue_Target_Pairs.S:8883	yes	yes	yes	yes	yes	
CAND_PLAUS_000713	plus	candidate_pending_human_review			strong_congruence	1	He is swearing six curses	be_progressive	swearing	curses	swear	curse	0.382		USF:Cue_Target_Pairs.S:8883	yes	yes	yes	yes	yes	
CAND_PLAUS_000714	plus	candidate_pending_human_review			strong_congruence	1	He does not swear six curses	do_negation	swear	curses	swear	curse	0.382		USF:Cue_Target_Pairs.S:8883	yes	yes	yes	yes	yes	
CAND_PLAUS_000715	plus	candidate_pending_human_review			strong_congruence	1	Every day he swears six curses	present_3s	swears	curses	swear	curse	0.382		USF:Cue_Target_Pairs.S:8883	yes	yes	yes	yes	yes	
CAND_PLAUS_000716	plus	candidate_pending_human_review			strong_congruence	1	Last week he swore six curses	simple_past	swore	curses	swear	curse	0.382		USF:Cue_Target_Pairs.S:8883	yes	yes	yes	yes	yes	
CAND_PLAUS_000717	plus	candidate_pending_human_review			strong_congruence	1	They are swearing six curses	be_progressive	swearing	curses	swear	curse	0.382		USF:Cue_Target_Pairs.S:8883	yes	yes	yes	yes	yes	
CAND_PLAUS_000718	plus	candidate_pending_human_review			strong_congruence	1	They do not swear six curses	do_negation	swear	curses	swear	curse	0.382		USF:Cue_Target_Pairs.S:8883	yes	yes	yes	yes	yes	
CAND_PLAUS_000719	plus	candidate_pending_human_review			strong_congruence	1	Every day they swear six curses	present_3s	swear	curses	swear	curse	0.382		USF:Cue_Target_Pairs.S:8883	yes	yes	yes	yes	yes	
CAND_PLAUS_000720	plus	candidate_pending_human_review			strong_congruence	1	Last week they swore six curses	simple_past	swore	curses	swear	curse	0.382		USF:Cue_Target_Pairs.S:8883	yes	yes	yes	yes	yes	
CAND_PLAUS_000721	plus	candidate_pending_human_review			strong_congruence	1	She is swapping one trade	be_progressive	swapping	trade	swap	trade	0.342		USF:Cue_Target_Pairs.S:8854	yes	yes	yes	yes	yes	
CAND_PLAUS_000722	plus	candidate_pending_human_review			strong_congruence	1	She does not swap one trade	do_negation	swap	trade	swap	trade	0.342		USF:Cue_Target_Pairs.S:8854	yes	yes	yes	yes	yes	
CAND_PLAUS_000723	plus	candidate_pending_human_review			strong_congruence	1	Every day she swaps one trade	present_3s	swaps	trade	swap	trade	0.342		USF:Cue_Target_Pairs.S:8854	yes	yes	yes	yes	yes	
CAND_PLAUS_000724	plus	candidate_pending_human_review			strong_congruence	1	Last week she swapped one trade	simple_past	swapped	trade	swap	trade	0.342		USF:Cue_Target_Pairs.S:8854	yes	yes	yes	yes	yes	
CAND_PLAUS_000725	plus	candidate_pending_human_review			strong_congruence	1	He is swapping one trade	be_progressive	swapping	trade	swap	trade	0.342		USF:Cue_Target_Pairs.S:8854	yes	yes	yes	yes	yes	
CAND_PLAUS_000726	plus	candidate_pending_human_review			strong_congruence	1	He does not swap one trade	do_negation	swap	trade	swap	trade	0.342		USF:Cue_Target_Pairs.S:8854	yes	yes	yes	yes	yes	
CAND_PLAUS_000727	plus	candidate_pending_human_review			strong_congruence	1	Every day he swaps one trade	present_3s	swaps	trade	swap	trade	0.342		USF:Cue_Target_Pairs.S:8854	yes	yes	yes	yes	yes	
CAND_PLAUS_000728	plus	candidate_pending_human_review			strong_congruence	1	Last week he swapped one trade	simple_past	swapped	trade	swap	trade	0.342		USF:Cue_Target_Pairs.S:8854	yes	yes	yes	yes	yes	
CAND_PLAUS_000729	plus	candidate_pending_human_review			strong_congruence	1	They are swapping one trade	be_progressive	swapping	trade	swap	trade	0.342		USF:Cue_Target_Pairs.S:8854	yes	yes	yes	yes	yes	
CAND_PLAUS_000730	plus	candidate_pending_human_review			strong_congruence	1	They do not swap one trade	do_negation	swap	trade	swap	trade	0.342		USF:Cue_Target_Pairs.S:8854	yes	yes	yes	yes	yes	
CAND_PLAUS_000731	plus	candidate_pending_human_review			strong_congruence	1	Every day they swap one trade	present_3s	swap	trade	swap	trade	0.342		USF:Cue_Target_Pairs.S:8854	yes	yes	yes	yes	yes	
CAND_PLAUS_000732	plus	candidate_pending_human_review			strong_congruence	1	Last week they swapped one trade	simple_past	swapped	trade	swap	trade	0.342		USF:Cue_Target_Pairs.S:8854	yes	yes	yes	yes	yes	
CAND_PLAUS_000733	plus	candidate_pending_human_review			strong_congruence	1	She is swapping two trades	be_progressive	swapping	trades	swap	trade	0.342		USF:Cue_Target_Pairs.S:8854	yes	yes	yes	yes	yes	
CAND_PLAUS_000734	plus	candidate_pending_human_review			strong_congruence	1	She does not swap two trades	do_negation	swap	trades	swap	trade	0.342		USF:Cue_Target_Pairs.S:8854	yes	yes	yes	yes	yes	
CAND_PLAUS_000735	plus	candidate_pending_human_review			strong_congruence	1	Every day she swaps two trades	present_3s	swaps	trades	swap	trade	0.342		USF:Cue_Target_Pairs.S:8854	yes	yes	yes	yes	yes	
CAND_PLAUS_000736	plus	candidate_pending_human_review			strong_congruence	1	Last week she swapped two trades	simple_past	swapped	trades	swap	trade	0.342		USF:Cue_Target_Pairs.S:8854	yes	yes	yes	yes	yes	
CAND_PLAUS_000737	plus	candidate_pending_human_review			strong_congruence	1	He is swapping two trades	be_progressive	swapping	trades	swap	trade	0.342		USF:Cue_Target_Pairs.S:8854	yes	yes	yes	yes	yes	
CAND_PLAUS_000738	plus	candidate_pending_human_review			strong_congruence	1	He does not swap two trades	do_negation	swap	trades	swap	trade	0.342		USF:Cue_Target_Pairs.S:8854	yes	yes	yes	yes	yes	
CAND_PLAUS_000739	plus	candidate_pending_human_review			strong_congruence	1	Every day he swaps two trades	present_3s	swaps	trades	swap	trade	0.342		USF:Cue_Target_Pairs.S:8854	yes	yes	yes	yes	yes	
CAND_PLAUS_000740	plus	candidate_pending_human_review			strong_congruence	1	Last week he swapped two trades	simple_past	swapped	trades	swap	trade	0.342		USF:Cue_Target_Pairs.S:8854	yes	yes	yes	yes	yes	
CAND_PLAUS_000741	plus	candidate_pending_human_review			strong_congruence	1	They are swapping two trades	be_progressive	swapping	trades	swap	trade	0.342		USF:Cue_Target_Pairs.S:8854	yes	yes	yes	yes	yes	
CAND_PLAUS_000742	plus	candidate_pending_human_review			strong_congruence	1	They do not swap two trades	do_negation	swap	trades	swap	trade	0.342		USF:Cue_Target_Pairs.S:8854	yes	yes	yes	yes	yes	
CAND_PLAUS_000743	plus	candidate_pending_human_review			strong_congruence	1	Every day they swap two trades	present_3s	swap	trades	swap	trade	0.342		USF:Cue_Target_Pairs.S:8854	yes	yes	yes	yes	yes	
CAND_PLAUS_000744	plus	candidate_pending_human_review			strong_congruence	1	Last week they swapped two trades	simple_past	swapped	trades	swap	trade	0.342		USF:Cue_Target_Pairs.S:8854	yes	yes	yes	yes	yes	
CAND_PLAUS_000745	plus	candidate_pending_human_review			strong_congruence	1	She is swapping three trades	be_progressive	swapping	trades	swap	trade	0.342		USF:Cue_Target_Pairs.S:8854	yes	yes	yes	yes	yes	
CAND_PLAUS_000746	plus	candidate_pending_human_review			strong_congruence	1	She does not swap three trades	do_negation	swap	trades	swap	trade	0.342		USF:Cue_Target_Pairs.S:8854	yes	yes	yes	yes	yes	
CAND_PLAUS_000747	plus	candidate_pending_human_review			strong_congruence	1	Every day she swaps three trades	present_3s	swaps	trades	swap	trade	0.342		USF:Cue_Target_Pairs.S:8854	yes	yes	yes	yes	yes	
CAND_PLAUS_000748	plus	candidate_pending_human_review			strong_congruence	1	Last week she swapped three trades	simple_past	swapped	trades	swap	trade	0.342		USF:Cue_Target_Pairs.S:8854	yes	yes	yes	yes	yes	
CAND_PLAUS_000749	plus	candidate_pending_human_review			strong_congruence	1	He is swapping three trades	be_progressive	swapping	trades	swap	trade	0.342		USF:Cue_Target_Pairs.S:8854	yes	yes	yes	yes	yes	
CAND_PLAUS_000750	plus	candidate_pending_human_review			strong_congruence	1	He does not swap three trades	do_negation	swap	trades	swap	trade	0.342		USF:Cue_Target_Pairs.S:8854	yes	yes	yes	yes	yes	
CAND_PLAUS_000751	plus	candidate_pending_human_review			strong_congruence	1	Every day he swaps three trades	present_3s	swaps	trades	swap	trade	0.342		USF:Cue_Target_Pairs.S:8854	yes	yes	yes	yes	yes	
CAND_PLAUS_000752	plus	candidate_pending_human_review			strong_congruence	1	Last week he swapped three trades	simple_past	swapped	trades	swap	trade	0.342		USF:Cue_Target_Pairs.S:8854	yes	yes	yes	yes	yes	
CAND_PLAUS_000753	plus	candidate_pending_human_review			strong_congruence	1	They are swapping three trades	be_progressive	swapping	trades	swap	trade	0.342		USF:Cue_Target_Pairs.S:8854	yes	yes	yes	yes	yes	
CAND_PLAUS_000754	plus	candidate_pending_human_review			strong_congruence	1	They do not swap three trades	do_negation	swap	trades	swap	trade	0.342		USF:Cue_Target_Pairs.S:8854	yes	yes	yes	yes	yes	
CAND_PLAUS_000755	plus	candidate_pending_human_review			strong_congruence	1	Every day they swap three trades	present_3s	swap	trades	swap	trade	0.342		USF:Cue_Target_Pairs.S:8854	yes	yes	yes	yes	yes	
CAND_PLAUS_000756	plus	candidate_pending_human_review			strong_congruence	1	Last week they swapped three trades	simple_past	swapped	trades	swap	trade	0.342		USF:Cue_Target_Pairs.S:8854	yes	yes	yes	yes	yes	
CAND_PLAUS_000757	plus	candidate_pending_human_review			strong_congruence	1	She is swapping four trades	be_progressive	swapping	trades	swap	trade	0.342		USF:Cue_Target_Pairs.S:8854	yes	yes	yes	yes	yes	
CAND_PLAUS_000758	plus	candidate_pending_human_review			strong_congruence	1	She does not swap four trades	do_negation	swap	trades	swap	trade	0.342		USF:Cue_Target_Pairs.S:8854	yes	yes	yes	yes	yes	
CAND_PLAUS_000759	plus	candidate_pending_human_review			strong_congruence	1	Every day she swaps four trades	present_3s	swaps	trades	swap	trade	0.342		USF:Cue_Target_Pairs.S:8854	yes	yes	yes	yes	yes	
CAND_PLAUS_000760	plus	candidate_pending_human_review			strong_congruence	1	Last week she swapped four trades	simple_past	swapped	trades	swap	trade	0.342		USF:Cue_Target_Pairs.S:8854	yes	yes	yes	yes	yes	
CAND_PLAUS_000761	plus	candidate_pending_human_review			strong_congruence	1	He is swapping four trades	be_progressive	swapping	trades	swap	trade	0.342		USF:Cue_Target_Pairs.S:8854	yes	yes	yes	yes	yes	
CAND_PLAUS_000762	plus	candidate_pending_human_review			strong_congruence	1	He does not swap four trades	do_negation	swap	trades	swap	trade	0.342		USF:Cue_Target_Pairs.S:8854	yes	yes	yes	yes	yes	
CAND_PLAUS_000763	plus	candidate_pending_human_review			strong_congruence	1	Every day he swaps four trades	present_3s	swaps	trades	swap	trade	0.342		USF:Cue_Target_Pairs.S:8854	yes	yes	yes	yes	yes	
CAND_PLAUS_000764	plus	candidate_pending_human_review			strong_congruence	1	Last week he swapped four trades	simple_past	swapped	trades	swap	trade	0.342		USF:Cue_Target_Pairs.S:8854	yes	yes	yes	yes	yes	
CAND_PLAUS_000765	plus	candidate_pending_human_review			strong_congruence	1	They are swapping four trades	be_progressive	swapping	trades	swap	trade	0.342		USF:Cue_Target_Pairs.S:8854	yes	yes	yes	yes	yes	
CAND_PLAUS_000766	plus	candidate_pending_human_review			strong_congruence	1	They do not swap four trades	do_negation	swap	trades	swap	trade	0.342		USF:Cue_Target_Pairs.S:8854	yes	yes	yes	yes	yes	
CAND_PLAUS_000767	plus	candidate_pending_human_review			strong_congruence	1	Every day they swap four trades	present_3s	swap	trades	swap	trade	0.342		USF:Cue_Target_Pairs.S:8854	yes	yes	yes	yes	yes	
CAND_PLAUS_000768	plus	candidate_pending_human_review			strong_congruence	1	Last week they swapped four trades	simple_past	swapped	trades	swap	trade	0.342		USF:Cue_Target_Pairs.S:8854	yes	yes	yes	yes	yes	
CAND_PLAUS_000769	plus	candidate_pending_human_review			strong_congruence	1	She is swapping five trades	be_progressive	swapping	trades	swap	trade	0.342		USF:Cue_Target_Pairs.S:8854	yes	yes	yes	yes	yes	
CAND_PLAUS_000770	plus	candidate_pending_human_review			strong_congruence	1	She does not swap five trades	do_negation	swap	trades	swap	trade	0.342		USF:Cue_Target_Pairs.S:8854	yes	yes	yes	yes	yes	
CAND_PLAUS_000771	plus	candidate_pending_human_review			strong_congruence	1	Every day she swaps five trades	present_3s	swaps	trades	swap	trade	0.342		USF:Cue_Target_Pairs.S:8854	yes	yes	yes	yes	yes	
CAND_PLAUS_000772	plus	candidate_pending_human_review			strong_congruence	1	Last week she swapped five trades	simple_past	swapped	trades	swap	trade	0.342		USF:Cue_Target_Pairs.S:8854	yes	yes	yes	yes	yes	
CAND_PLAUS_000773	plus	candidate_pending_human_review			strong_congruence	1	He is swapping five trades	be_progressive	swapping	trades	swap	trade	0.342		USF:Cue_Target_Pairs.S:8854	yes	yes	yes	yes	yes	
CAND_PLAUS_000774	plus	candidate_pending_human_review			strong_congruence	1	He does not swap five trades	do_negation	swap	trades	swap	trade	0.342		USF:Cue_Target_Pairs.S:8854	yes	yes	yes	yes	yes	
CAND_PLAUS_000775	plus	candidate_pending_human_review			strong_congruence	1	Every day he swaps five trades	present_3s	swaps	trades	swap	trade	0.342		USF:Cue_Target_Pairs.S:8854	yes	yes	yes	yes	yes	
CAND_PLAUS_000776	plus	candidate_pending_human_review			weak_congruence	1	She is dancing one hall	be_progressive	dancing	hall	dance	hall	0.027		USF:Cue_Target_Pairs.D-F:129	yes	yes	yes	yes	yes	
CAND_PLAUS_000777	plus	candidate_pending_human_review			weak_congruence	1	She does not dance one hall	do_negation	dance	hall	dance	hall	0.027		USF:Cue_Target_Pairs.D-F:129	yes	yes	yes	yes	yes	
CAND_PLAUS_000778	plus	candidate_pending_human_review			weak_congruence	1	Every day she dances one hall	present_3s	dances	hall	dance	hall	0.027		USF:Cue_Target_Pairs.D-F:129	yes	yes	yes	yes	yes	
CAND_PLAUS_000779	plus	candidate_pending_human_review			weak_congruence	1	Last week she danced one hall	simple_past	danced	hall	dance	hall	0.027		USF:Cue_Target_Pairs.D-F:129	yes	yes	yes	yes	yes	
CAND_PLAUS_000780	plus	candidate_pending_human_review			weak_congruence	1	He is dancing one hall	be_progressive	dancing	hall	dance	hall	0.027		USF:Cue_Target_Pairs.D-F:129	yes	yes	yes	yes	yes	
CAND_PLAUS_000781	plus	candidate_pending_human_review			weak_congruence	1	He does not dance one hall	do_negation	dance	hall	dance	hall	0.027		USF:Cue_Target_Pairs.D-F:129	yes	yes	yes	yes	yes	
CAND_PLAUS_000782	plus	candidate_pending_human_review			weak_congruence	1	Every day he dances one hall	present_3s	dances	hall	dance	hall	0.027		USF:Cue_Target_Pairs.D-F:129	yes	yes	yes	yes	yes	
CAND_PLAUS_000783	plus	candidate_pending_human_review			weak_congruence	1	Last week he danced one hall	simple_past	danced	hall	dance	hall	0.027		USF:Cue_Target_Pairs.D-F:129	yes	yes	yes	yes	yes	
CAND_PLAUS_000784	plus	candidate_pending_human_review			weak_congruence	1	They are dancing one hall	be_progressive	dancing	hall	dance	hall	0.027		USF:Cue_Target_Pairs.D-F:129	yes	yes	yes	yes	yes	
CAND_PLAUS_000785	plus	candidate_pending_human_review			weak_congruence	1	They do not dance one hall	do_negation	dance	hall	dance	hall	0.027		USF:Cue_Target_Pairs.D-F:129	yes	yes	yes	yes	yes	
CAND_PLAUS_000786	plus	candidate_pending_human_review			weak_congruence	1	Every day they dance one hall	present_3s	dance	hall	dance	hall	0.027		USF:Cue_Target_Pairs.D-F:129	yes	yes	yes	yes	yes	
CAND_PLAUS_000787	plus	candidate_pending_human_review			weak_congruence	1	Last week they danced one hall	simple_past	danced	hall	dance	hall	0.027		USF:Cue_Target_Pairs.D-F:129	yes	yes	yes	yes	yes	
CAND_PLAUS_000788	plus	candidate_pending_human_review			weak_congruence	1	She is dancing two halls	be_progressive	dancing	halls	dance	hall	0.027		USF:Cue_Target_Pairs.D-F:129	yes	yes	yes	yes	yes	
CAND_PLAUS_000789	plus	candidate_pending_human_review			weak_congruence	1	She does not dance two halls	do_negation	dance	halls	dance	hall	0.027		USF:Cue_Target_Pairs.D-F:129	yes	yes	yes	yes	yes	
CAND_PLAUS_000790	plus	candidate_pending_human_review			weak_congruence	1	Every day she dances two halls	present_3s	dances	halls	dance	hall	0.027		USF:Cue_Target_Pairs.D-F:129	yes	yes	yes	yes	yes	
CAND_PLAUS_000791	plus	candidate_pending_human_review			weak_congruence	1	Last week she danced two halls	simple_past	danced	halls	dance	hall	0.027		USF:Cue_Target_Pairs.D-F:129	yes	yes	yes	yes	yes	
CAND_PLAUS_000792	plus	candidate_pending_human_review			weak_congruence	1	He is dancing two halls	be_progressive	dancing	halls	dance	hall	0.027		USF:Cue_Target_Pairs.D-F:129	yes	yes	yes	yes	yes	
CAND_PLAUS_000793	plus	candidate_pending_human_review			weak_congruence	1	He does not dance two halls	do_negation	dance	halls	dance	hall	0.027		USF:Cue_Target_Pairs.D-F:129	yes	yes	yes	yes	yes	
CAND_PLAUS_000794	plus	candidate_pending_human_review			weak_congruence	1	Every day he dances two halls	present_3s	dances	halls	dance	hall	0.027		USF:Cue_Target_Pairs.D-F:129	yes	yes	yes	yes	yes	
CAND_PLAUS_000795	plus	candidate_pending_human_review			weak_congruence	1	Last week he danced two halls	simple_past	danced	halls	dance	hall	0.027		USF:Cue_Target_Pairs.D-F:129	yes	yes	yes	yes	yes	
CAND_PLAUS_000796	plus	candidate_pending_human_review			weak_congruence	1	They are dancing two halls	be_progressive	dancing	halls	dance	hall	0.027		USF:Cue_Target_Pairs.D-F:129	yes	yes	yes	yes	yes	
CAND_PLAUS_000797	plus	candidate_pending_human_review			weak_congruence	1	They do not dance two halls	do_negation	dance	halls	dance	hall	0.027		USF:Cue_Target_Pairs.D-F:129	yes	yes	yes	yes	yes	
CAND_PLAUS_000798	plus	candidate_pending_human_review			weak_congruence	1	Every day they dance two halls	present_3s	dance	halls	dance	hall	0.027		USF:Cue_Target_Pairs.D-F:129	yes	yes	yes	yes	yes	
CAND_PLAUS_000799	plus	candidate_pending_human_review			weak_congruence	1	Last week they danced two halls	simple_past	danced	halls	dance	hall	0.027		USF:Cue_Target_Pairs.D-F:129	yes	yes	yes	yes	yes	
CAND_PLAUS_000800	plus	candidate_pending_human_review			weak_congruence	1	She is dancing three halls	be_progressive	dancing	halls	dance	hall	0.027		USF:Cue_Target_Pairs.D-F:129	yes	yes	yes	yes	yes	
CAND_PLAUS_000801	plus	candidate_pending_human_review			weak_congruence	1	She does not dance three halls	do_negation	dance	halls	dance	hall	0.027		USF:Cue_Target_Pairs.D-F:129	yes	yes	yes	yes	yes	
CAND_PLAUS_000802	plus	candidate_pending_human_review			weak_congruence	1	Every day she dances three halls	present_3s	dances	halls	dance	hall	0.027		USF:Cue_Target_Pairs.D-F:129	yes	yes	yes	yes	yes	
CAND_PLAUS_000803	plus	candidate_pending_human_review			weak_congruence	1	Last week she danced three halls	simple_past	danced	halls	dance	hall	0.027		USF:Cue_Target_Pairs.D-F:129	yes	yes	yes	yes	yes	
CAND_PLAUS_000804	plus	candidate_pending_human_review			weak_congruence	1	He is dancing three halls	be_progressive	dancing	halls	dance	hall	0.027		USF:Cue_Target_Pairs.D-F:129	yes	yes	yes	yes	yes	
CAND_PLAUS_000805	plus	candidate_pending_human_review			weak_congruence	1	He does not dance three halls	do_negation	dance	halls	dance	hall	0.027		USF:Cue_Target_Pairs.D-F:129	yes	yes	yes	yes	yes	
CAND_PLAUS_000806	plus	candidate_pending_human_review			weak_congruence	1	Every day he dances three halls	present_3s	dances	halls	dance	hall	0.027		USF:Cue_Target_Pairs.D-F:129	yes	yes	yes	yes	yes	
CAND_PLAUS_000807	plus	candidate_pending_human_review			weak_congruence	1	Last week he danced three halls	simple_past	danced	halls	dance	hall	0.027		USF:Cue_Target_Pairs.D-F:129	yes	yes	yes	yes	yes	
CAND_PLAUS_000808	plus	candidate_pending_human_review			weak_congruence	1	They are dancing three halls	be_progressive	dancing	halls	dance	hall	0.027		USF:Cue_Target_Pairs.D-F:129	yes	yes	yes	yes	yes	
CAND_PLAUS_000809	plus	candidate_pending_human_review			weak_congruence	1	They do not dance three halls	do_negation	dance	halls	dance	hall	0.027		USF:Cue_Target_Pairs.D-F:129	yes	yes	yes	yes	yes	
CAND_PLAUS_000810	plus	candidate_pending_human_review			weak_congruence	1	Every day they dance three halls	present_3s	dance	halls	dance	hall	0.027		USF:Cue_Target_Pairs.D-F:129	yes	yes	yes	yes	yes	
CAND_PLAUS_000811	plus	candidate_pending_human_review			weak_congruence	1	Last week they danced three halls	simple_past	danced	halls	dance	hall	0.027		USF:Cue_Target_Pairs.D-F:129	yes	yes	yes	yes	yes	
CAND_PLAUS_000812	plus	candidate_pending_human_review			weak_congruence	1	She is dancing four halls	be_progressive	dancing	halls	dance	hall	0.027		USF:Cue_Target_Pairs.D-F:129	yes	yes	yes	yes	yes	
CAND_PLAUS_000813	plus	candidate_pending_human_review			weak_congruence	1	She does not dance four halls	do_negation	dance	halls	dance	hall	0.027		USF:Cue_Target_Pairs.D-F:129	yes	yes	yes	yes	yes	
CAND_PLAUS_000814	plus	candidate_pending_human_review			weak_congruence	1	Every day she dances four halls	present_3s	dances	halls	dance	hall	0.027		USF:Cue_Target_Pairs.D-F:129	yes	yes	yes	yes	yes	
CAND_PLAUS_000815	plus	candidate_pending_human_review			weak_congruence	1	Last week she danced four halls	simple_past	danced	halls	dance	hall	0.027		USF:Cue_Target_Pairs.D-F:129	yes	yes	yes	yes	yes	
CAND_PLAUS_000816	plus	candidate_pending_human_review			weak_congruence	1	He is dancing four halls	be_progressive	dancing	halls	dance	hall	0.027		USF:Cue_Target_Pairs.D-F:129	yes	yes	yes	yes	yes	
CAND_PLAUS_000817	plus	candidate_pending_human_review			weak_congruence	1	He does not dance four halls	do_negation	dance	halls	dance	hall	0.027		USF:Cue_Target_Pairs.D-F:129	yes	yes	yes	yes	yes	
CAND_PLAUS_000818	plus	candidate_pending_human_review			weak_congruence	1	Every day he dances four halls	present_3s	dances	halls	dance	hall	0.027		USF:Cue_Target_Pairs.D-F:129	yes	yes	yes	yes	yes	
CAND_PLAUS_000819	plus	candidate_pending_human_review			weak_congruence	1	Last week he danced four halls	simple_past	danced	halls	dance	hall	0.027		USF:Cue_Target_Pairs.D-F:129	yes	yes	yes	yes	yes	
CAND_PLAUS_000820	plus	candidate_pending_human_review			weak_congruence	1	They are dancing four halls	be_progressive	dancing	halls	dance	hall	0.027		USF:Cue_Target_Pairs.D-F:129	yes	yes	yes	yes	yes	
CAND_PLAUS_000821	plus	candidate_pending_human_review			weak_congruence	1	They do not dance four halls	do_negation	dance	halls	dance	hall	0.027		USF:Cue_Target_Pairs.D-F:129	yes	yes	yes	yes	yes	
CAND_PLAUS_000822	plus	candidate_pending_human_review			weak_congruence	1	Every day they dance four halls	present_3s	dance	halls	dance	hall	0.027		USF:Cue_Target_Pairs.D-F:129	yes	yes	yes	yes	yes	
CAND_PLAUS_000823	plus	candidate_pending_human_review			weak_congruence	1	Last week they danced four halls	simple_past	danced	halls	dance	hall	0.027		USF:Cue_Target_Pairs.D-F:129	yes	yes	yes	yes	yes	
CAND_PLAUS_000824	plus	candidate_pending_human_review			weak_congruence	1	She is dancing five halls	be_progressive	dancing	halls	dance	hall	0.027		USF:Cue_Target_Pairs.D-F:129	yes	yes	yes	yes	yes	
CAND_PLAUS_000825	plus	candidate_pending_human_review			weak_congruence	1	She does not dance five halls	do_negation	dance	halls	dance	hall	0.027		USF:Cue_Target_Pairs.D-F:129	yes	yes	yes	yes	yes	
CAND_PLAUS_000826	plus	candidate_pending_human_review			weak_congruence	1	Every day she dances five halls	present_3s	dances	halls	dance	hall	0.027		USF:Cue_Target_Pairs.D-F:129	yes	yes	yes	yes	yes	
CAND_PLAUS_000827	plus	candidate_pending_human_review			weak_congruence	1	Last week she danced five halls	simple_past	danced	halls	dance	hall	0.027		USF:Cue_Target_Pairs.D-F:129	yes	yes	yes	yes	yes	
CAND_PLAUS_000828	plus	candidate_pending_human_review			weak_congruence	1	He is dancing five halls	be_progressive	dancing	halls	dance	hall	0.027		USF:Cue_Target_Pairs.D-F:129	yes	yes	yes	yes	yes	
CAND_PLAUS_000829	plus	candidate_pending_human_review			weak_congruence	1	He does not dance five halls	do_negation	dance	halls	dance	hall	0.027		USF:Cue_Target_Pairs.D-F:129	yes	yes	yes	yes	yes	
CAND_PLAUS_000830	plus	candidate_pending_human_review			weak_congruence	1	Every day he dances five halls	present_3s	dances	halls	dance	hall	0.027		USF:Cue_Target_Pairs.D-F:129	yes	yes	yes	yes	yes	
CAND_PLAUS_000831	plus	candidate_pending_human_review			weak_congruence	1	Last week he danced five halls	simple_past	danced	halls	dance	hall	0.027		USF:Cue_Target_Pairs.D-F:129	yes	yes	yes	yes	yes	
CAND_PLAUS_000832	plus	candidate_pending_human_review			weak_congruence	1	They are dancing five halls	be_progressive	dancing	halls	dance	hall	0.027		USF:Cue_Target_Pairs.D-F:129	yes	yes	yes	yes	yes	
CAND_PLAUS_000833	plus	candidate_pending_human_review			weak_congruence	1	They do not dance five halls	do_negation	dance	halls	dance	hall	0.027		USF:Cue_Target_Pairs.D-F:129	yes	yes	yes	yes	yes	
CAND_PLAUS_000834	plus	candidate_pending_human_review			weak_congruence	1	Every day they dance five halls	present_3s	dance	halls	dance	hall	0.027		USF:Cue_Target_Pairs.D-F:129	yes	yes	yes	yes	yes	
CAND_PLAUS_000835	plus	candidate_pending_human_review			weak_congruence	1	Last week they danced five halls	simple_past	danced	halls	dance	hall	0.027		USF:Cue_Target_Pairs.D-F:129	yes	yes	yes	yes	yes	
CAND_PLAUS_000836	plus	candidate_pending_human_review			weak_congruence	1	She is dancing six halls	be_progressive	dancing	halls	dance	hall	0.027		USF:Cue_Target_Pairs.D-F:129	yes	yes	yes	yes	yes	
CAND_PLAUS_000837	plus	candidate_pending_human_review			weak_congruence	1	She does not dance six halls	do_negation	dance	halls	dance	hall	0.027		USF:Cue_Target_Pairs.D-F:129	yes	yes	yes	yes	yes	
CAND_PLAUS_000838	plus	candidate_pending_human_review			weak_congruence	1	Every day she dances six halls	present_3s	dances	halls	dance	hall	0.027		USF:Cue_Target_Pairs.D-F:129	yes	yes	yes	yes	yes	
CAND_PLAUS_000839	plus	candidate_pending_human_review			weak_congruence	1	Last week she danced six halls	simple_past	danced	halls	dance	hall	0.027		USF:Cue_Target_Pairs.D-F:129	yes	yes	yes	yes	yes	
CAND_PLAUS_000840	plus	candidate_pending_human_review			weak_congruence	1	He is dancing six halls	be_progressive	dancing	halls	dance	hall	0.027		USF:Cue_Target_Pairs.D-F:129	yes	yes	yes	yes	yes	
CAND_PLAUS_000841	plus	candidate_pending_human_review			weak_congruence	1	He does not dance six halls	do_negation	dance	halls	dance	hall	0.027		USF:Cue_Target_Pairs.D-F:129	yes	yes	yes	yes	yes	
CAND_PLAUS_000842	plus	candidate_pending_human_review			weak_congruence	1	Every day he dances six halls	present_3s	dances	halls	dance	hall	0.027		USF:Cue_Target_Pairs.D-F:129	yes	yes	yes	yes	yes	
CAND_PLAUS_000843	plus	candidate_pending_human_review			weak_congruence	1	Last week he danced six halls	simple_past	danced	halls	dance	hall	0.027		USF:Cue_Target_Pairs.D-F:129	yes	yes	yes	yes	yes	
CAND_PLAUS_000844	plus	candidate_pending_human_review			weak_congruence	1	They are dancing six halls	be_progressive	dancing	halls	dance	hall	0.027		USF:Cue_Target_Pairs.D-F:129	yes	yes	yes	yes	yes	
CAND_PLAUS_000845	plus	candidate_pending_human_review			weak_congruence	1	They do not dance six halls	do_negation	dance	halls	dance	hall	0.027		USF:Cue_Target_Pairs.D-F:129	yes	yes	yes	yes	yes	
CAND_PLAUS_000846	plus	candidate_pending_human_review			weak_congruence	1	Every day they dance six halls	present_3s	dance	halls	dance	hall	0.027		USF:Cue_Target_Pairs.D-F:129	yes	yes	yes	yes	yes	
CAND_PLAUS_000847	plus	candidate_pending_human_review			weak_congruence	1	Last week they danced six halls	simple_past	danced	halls	dance	hall	0.027		USF:Cue_Target_Pairs.D-F:129	yes	yes	yes	yes	yes	
CAND_PLAUS_000848	plus	candidate_pending_human_review			weak_congruence	1	She is squinting one glare	be_progressive	squinting	glare	squint	glare	0.022		USF:Cue_Target_Pairs.S:6107	yes	yes	yes	yes	yes	
CAND_PLAUS_000849	plus	candidate_pending_human_review			weak_congruence	1	She does not squint one glare	do_negation	squint	glare	squint	glare	0.022		USF:Cue_Target_Pairs.S:6107	yes	yes	yes	yes	yes	
CAND_PLAUS_000850	plus	candidate_pending_human_review			weak_congruence	1	Every day she squints one glare	present_3s	squints	glare	squint	glare	0.022		USF:Cue_Target_Pairs.S:6107	yes	yes	yes	yes	yes	
CAND_PLAUS_000851	plus	candidate_pending_human_review			weak_congruence	1	Last week she squinted one glare	simple_past	squinted	glare	squint	glare	0.022		USF:Cue_Target_Pairs.S:6107	yes	yes	yes	yes	yes	
CAND_PLAUS_000852	plus	candidate_pending_human_review			weak_congruence	1	He is squinting one glare	be_progressive	squinting	glare	squint	glare	0.022		USF:Cue_Target_Pairs.S:6107	yes	yes	yes	yes	yes	
CAND_PLAUS_000853	plus	candidate_pending_human_review			weak_congruence	1	He does not squint one glare	do_negation	squint	glare	squint	glare	0.022		USF:Cue_Target_Pairs.S:6107	yes	yes	yes	yes	yes	
CAND_PLAUS_000854	plus	candidate_pending_human_review			weak_congruence	1	Every day he squints one glare	present_3s	squints	glare	squint	glare	0.022		USF:Cue_Target_Pairs.S:6107	yes	yes	yes	yes	yes	
CAND_PLAUS_000855	plus	candidate_pending_human_review			weak_congruence	1	Last week he squinted one glare	simple_past	squinted	glare	squint	glare	0.022		USF:Cue_Target_Pairs.S:6107	yes	yes	yes	yes	yes	
CAND_PLAUS_000856	plus	candidate_pending_human_review			weak_congruence	1	They are squinting one glare	be_progressive	squinting	glare	squint	glare	0.022		USF:Cue_Target_Pairs.S:6107	yes	yes	yes	yes	yes	
CAND_PLAUS_000857	plus	candidate_pending_human_review			weak_congruence	1	They do not squint one glare	do_negation	squint	glare	squint	glare	0.022		USF:Cue_Target_Pairs.S:6107	yes	yes	yes	yes	yes	
CAND_PLAUS_000858	plus	candidate_pending_human_review			weak_congruence	1	Every day they squint one glare	present_3s	squint	glare	squint	glare	0.022		USF:Cue_Target_Pairs.S:6107	yes	yes	yes	yes	yes	
CAND_PLAUS_000859	plus	candidate_pending_human_review			weak_congruence	1	Last week they squinted one glare	simple_past	squinted	glare	squint	glare	0.022		USF:Cue_Target_Pairs.S:6107	yes	yes	yes	yes	yes	
CAND_PLAUS_000860	plus	candidate_pending_human_review			weak_congruence	1	She is squinting two glare	be_progressive	squinting	glare	squint	glare	0.022		USF:Cue_Target_Pairs.S:6107	yes	yes	yes	yes	yes	
CAND_PLAUS_000861	plus	candidate_pending_human_review			weak_congruence	1	She does not squint two glare	do_negation	squint	glare	squint	glare	0.022		USF:Cue_Target_Pairs.S:6107	yes	yes	yes	yes	yes	
CAND_PLAUS_000862	plus	candidate_pending_human_review			weak_congruence	1	Every day she squints two glare	present_3s	squints	glare	squint	glare	0.022		USF:Cue_Target_Pairs.S:6107	yes	yes	yes	yes	yes	
CAND_PLAUS_000863	plus	candidate_pending_human_review			weak_congruence	1	Last week she squinted two glare	simple_past	squinted	glare	squint	glare	0.022		USF:Cue_Target_Pairs.S:6107	yes	yes	yes	yes	yes	
CAND_PLAUS_000864	plus	candidate_pending_human_review			weak_congruence	1	He is squinting two glare	be_progressive	squinting	glare	squint	glare	0.022		USF:Cue_Target_Pairs.S:6107	yes	yes	yes	yes	yes	
CAND_PLAUS_000865	plus	candidate_pending_human_review			weak_congruence	1	He does not squint two glare	do_negation	squint	glare	squint	glare	0.022		USF:Cue_Target_Pairs.S:6107	yes	yes	yes	yes	yes	
CAND_PLAUS_000866	plus	candidate_pending_human_review			weak_congruence	1	Every day he squints two glare	present_3s	squints	glare	squint	glare	0.022		USF:Cue_Target_Pairs.S:6107	yes	yes	yes	yes	yes	
CAND_PLAUS_000867	plus	candidate_pending_human_review			weak_congruence	1	Last week he squinted two glare	simple_past	squinted	glare	squint	glare	0.022		USF:Cue_Target_Pairs.S:6107	yes	yes	yes	yes	yes	
CAND_PLAUS_000868	plus	candidate_pending_human_review			weak_congruence	1	They are squinting two glare	be_progressive	squinting	glare	squint	glare	0.022		USF:Cue_Target_Pairs.S:6107	yes	yes	yes	yes	yes	
CAND_PLAUS_000869	plus	candidate_pending_human_review			weak_congruence	1	They do not squint two glare	do_negation	squint	glare	squint	glare	0.022		USF:Cue_Target_Pairs.S:6107	yes	yes	yes	yes	yes	
CAND_PLAUS_000870	plus	candidate_pending_human_review			weak_congruence	1	Every day they squint two glare	present_3s	squint	glare	squint	glare	0.022		USF:Cue_Target_Pairs.S:6107	yes	yes	yes	yes	yes	
CAND_PLAUS_000871	plus	candidate_pending_human_review			weak_congruence	1	Last week they squinted two glare	simple_past	squinted	glare	squint	glare	0.022		USF:Cue_Target_Pairs.S:6107	yes	yes	yes	yes	yes	
CAND_PLAUS_000872	plus	candidate_pending_human_review			weak_congruence	1	She is squinting three glare	be_progressive	squinting	glare	squint	glare	0.022		USF:Cue_Target_Pairs.S:6107	yes	yes	yes	yes	yes	
CAND_PLAUS_000873	plus	candidate_pending_human_review			weak_congruence	1	She does not squint three glare	do_negation	squint	glare	squint	glare	0.022		USF:Cue_Target_Pairs.S:6107	yes	yes	yes	yes	yes	
CAND_PLAUS_000874	plus	candidate_pending_human_review			weak_congruence	1	Every day she squints three glare	present_3s	squints	glare	squint	glare	0.022		USF:Cue_Target_Pairs.S:6107	yes	yes	yes	yes	yes	
CAND_PLAUS_000875	plus	candidate_pending_human_review			weak_congruence	1	Last week she squinted three glare	simple_past	squinted	glare	squint	glare	0.022		USF:Cue_Target_Pairs.S:6107	yes	yes	yes	yes	yes	
CAND_PLAUS_000876	plus	candidate_pending_human_review			weak_congruence	1	He is squinting three glare	be_progressive	squinting	glare	squint	glare	0.022		USF:Cue_Target_Pairs.S:6107	yes	yes	yes	yes	yes	
CAND_PLAUS_000877	plus	candidate_pending_human_review			weak_congruence	1	He does not squint three glare	do_negation	squint	glare	squint	glare	0.022		USF:Cue_Target_Pairs.S:6107	yes	yes	yes	yes	yes	
CAND_PLAUS_000878	plus	candidate_pending_human_review			weak_congruence	1	Every day he squints three glare	present_3s	squints	glare	squint	glare	0.022		USF:Cue_Target_Pairs.S:6107	yes	yes	yes	yes	yes	
CAND_PLAUS_000879	plus	candidate_pending_human_review			weak_congruence	1	Last week he squinted three glare	simple_past	squinted	glare	squint	glare	0.022		USF:Cue_Target_Pairs.S:6107	yes	yes	yes	yes	yes	
CAND_PLAUS_000880	plus	candidate_pending_human_review			weak_congruence	1	They are squinting three glare	be_progressive	squinting	glare	squint	glare	0.022		USF:Cue_Target_Pairs.S:6107	yes	yes	yes	yes	yes	
CAND_PLAUS_000881	plus	candidate_pending_human_review			weak_congruence	1	They do not squint three glare	do_negation	squint	glare	squint	glare	0.022		USF:Cue_Target_Pairs.S:6107	yes	yes	yes	yes	yes	
CAND_PLAUS_000882	plus	candidate_pending_human_review			weak_congruence	1	Every day they squint three glare	present_3s	squint	glare	squint	glare	0.022		USF:Cue_Target_Pairs.S:6107	yes	yes	yes	yes	yes	
CAND_PLAUS_000883	plus	candidate_pending_human_review			weak_congruence	1	Last week they squinted three glare	simple_past	squinted	glare	squint	glare	0.022		USF:Cue_Target_Pairs.S:6107	yes	yes	yes	yes	yes	
CAND_PLAUS_000884	plus	candidate_pending_human_review			weak_congruence	1	She is squinting four glare	be_progressive	squinting	glare	squint	glare	0.022		USF:Cue_Target_Pairs.S:6107	yes	yes	yes	yes	yes	
CAND_PLAUS_000885	plus	candidate_pending_human_review			weak_congruence	1	She does not squint four glare	do_negation	squint	glare	squint	glare	0.022		USF:Cue_Target_Pairs.S:6107	yes	yes	yes	yes	yes	
CAND_PLAUS_000886	plus	candidate_pending_human_review			weak_congruence	1	Every day she squints four glare	present_3s	squints	glare	squint	glare	0.022		USF:Cue_Target_Pairs.S:6107	yes	yes	yes	yes	yes	
CAND_PLAUS_000887	plus	candidate_pending_human_review			weak_congruence	1	Last week she squinted four glare	simple_past	squinted	glare	squint	glare	0.022		USF:Cue_Target_Pairs.S:6107	yes	yes	yes	yes	yes	
CAND_PLAUS_000888	plus	candidate_pending_human_review			weak_congruence	1	He is squinting four glare	be_progressive	squinting	glare	squint	glare	0.022		USF:Cue_Target_Pairs.S:6107	yes	yes	yes	yes	yes	
CAND_PLAUS_000889	plus	candidate_pending_human_review			weak_congruence	1	He does not squint four glare	do_negation	squint	glare	squint	glare	0.022		USF:Cue_Target_Pairs.S:6107	yes	yes	yes	yes	yes	
CAND_PLAUS_000890	plus	candidate_pending_human_review			weak_congruence	1	Every day he squints four glare	present_3s	squints	glare	squint	glare	0.022		USF:Cue_Target_Pairs.S:6107	yes	yes	yes	yes	yes	
CAND_PLAUS_000891	plus	candidate_pending_human_review			weak_congruence	1	Last week he squinted four glare	simple_past	squinted	glare	squint	glare	0.022		USF:Cue_Target_Pairs.S:6107	yes	yes	yes	yes	yes	
CAND_PLAUS_000892	plus	candidate_pending_human_review			weak_congruence	1	They are squinting four glare	be_progressive	squinting	glare	squint	glare	0.022		USF:Cue_Target_Pairs.S:6107	yes	yes	yes	yes	yes	
CAND_PLAUS_000893	plus	candidate_pending_human_review			weak_congruence	1	They do not squint four glare	do_negation	squint	glare	squint	glare	0.022		USF:Cue_Target_Pairs.S:6107	yes	yes	yes	yes	yes	
CAND_PLAUS_000894	plus	candidate_pending_human_review			weak_congruence	1	Every day they squint four glare	present_3s	squint	glare	squint	glare	0.022		USF:Cue_Target_Pairs.S:6107	yes	yes	yes	yes	yes	
CAND_PLAUS_000895	plus	candidate_pending_human_review			weak_congruence	1	Last week they squinted four glare	simple_past	squinted	glare	squint	glare	0.022		USF:Cue_Target_Pairs.S:6107	yes	yes	yes	yes	yes	
CAND_PLAUS_000896	plus	candidate_pending_human_review			weak_congruence	1	She is squinting five glare	be_progressive	squinting	glare	squint	glare	0.022		USF:Cue_Target_Pairs.S:6107	yes	yes	yes	yes	yes	
CAND_PLAUS_000897	plus	candidate_pending_human_review			weak_congruence	1	She does not squint five glare	do_negation	squint	glare	squint	glare	0.022		USF:Cue_Target_Pairs.S:6107	yes	yes	yes	yes	yes	
CAND_PLAUS_000898	plus	candidate_pending_human_review			weak_congruence	1	Every day she squints five glare	present_3s	squints	glare	squint	glare	0.022		USF:Cue_Target_Pairs.S:6107	yes	yes	yes	yes	yes	
CAND_PLAUS_000899	plus	candidate_pending_human_review			weak_congruence	1	Last week she squinted five glare	simple_past	squinted	glare	squint	glare	0.022		USF:Cue_Target_Pairs.S:6107	yes	yes	yes	yes	yes	
CAND_PLAUS_000900	plus	candidate_pending_human_review			weak_congruence	1	He is squinting five glare	be_progressive	squinting	glare	squint	glare	0.022		USF:Cue_Target_Pairs.S:6107	yes	yes	yes	yes	yes	
CAND_PLAUS_000901	plus	candidate_pending_human_review			weak_congruence	1	He does not squint five glare	do_negation	squint	glare	squint	glare	0.022		USF:Cue_Target_Pairs.S:6107	yes	yes	yes	yes	yes	
CAND_PLAUS_000902	plus	candidate_pending_human_review			weak_congruence	1	Every day he squints five glare	present_3s	squints	glare	squint	glare	0.022		USF:Cue_Target_Pairs.S:6107	yes	yes	yes	yes	yes	
CAND_PLAUS_000903	plus	candidate_pending_human_review			weak_congruence	1	Last week he squinted five glare	simple_past	squinted	glare	squint	glare	0.022		USF:Cue_Target_Pairs.S:6107	yes	yes	yes	yes	yes	
CAND_PLAUS_000904	plus	candidate_pending_human_review			weak_congruence	1	They are squinting five glare	be_progressive	squinting	glare	squint	glare	0.022		USF:Cue_Target_Pairs.S:6107	yes	yes	yes	yes	yes	
CAND_PLAUS_000905	plus	candidate_pending_human_review			weak_congruence	1	They do not squint five glare	do_negation	squint	glare	squint	glare	0.022		USF:Cue_Target_Pairs.S:6107	yes	yes	yes	yes	yes	
CAND_PLAUS_000906	plus	candidate_pending_human_review			weak_congruence	1	Every day they squint five glare	present_3s	squint	glare	squint	glare	0.022		USF:Cue_Target_Pairs.S:6107	yes	yes	yes	yes	yes	
CAND_PLAUS_000907	plus	candidate_pending_human_review			weak_congruence	1	Last week they squinted five glare	simple_past	squinted	glare	squint	glare	0.022		USF:Cue_Target_Pairs.S:6107	yes	yes	yes	yes	yes	
CAND_PLAUS_000908	plus	candidate_pending_human_review			weak_congruence	1	She is squinting six glare	be_progressive	squinting	glare	squint	glare	0.022		USF:Cue_Target_Pairs.S:6107	yes	yes	yes	yes	yes	
CAND_PLAUS_000909	plus	candidate_pending_human_review			weak_congruence	1	She does not squint six glare	do_negation	squint	glare	squint	glare	0.022		USF:Cue_Target_Pairs.S:6107	yes	yes	yes	yes	yes	
CAND_PLAUS_000910	plus	candidate_pending_human_review			weak_congruence	1	Every day she squints six glare	present_3s	squints	glare	squint	glare	0.022		USF:Cue_Target_Pairs.S:6107	yes	yes	yes	yes	yes	
CAND_PLAUS_000911	plus	candidate_pending_human_review			weak_congruence	1	Last week she squinted six glare	simple_past	squinted	glare	squint	glare	0.022		USF:Cue_Target_Pairs.S:6107	yes	yes	yes	yes	yes	
CAND_PLAUS_000912	plus	candidate_pending_human_review			weak_congruence	1	He is squinting six glare	be_progressive	squinting	glare	squint	glare	0.022		USF:Cue_Target_Pairs.S:6107	yes	yes	yes	yes	yes	
CAND_PLAUS_000913	plus	candidate_pending_human_review			weak_congruence	1	He does not squint six glare	do_negation	squint	glare	squint	glare	0.022		USF:Cue_Target_Pairs.S:6107	yes	yes	yes	yes	yes	
CAND_PLAUS_000914	plus	candidate_pending_human_review			weak_congruence	1	Every day he squints six glare	present_3s	squints	glare	squint	glare	0.022		USF:Cue_Target_Pairs.S:6107	yes	yes	yes	yes	yes	
CAND_PLAUS_000915	plus	candidate_pending_human_review			weak_congruence	1	Last week he squinted six glare	simple_past	squinted	glare	squint	glare	0.022		USF:Cue_Target_Pairs.S:6107	yes	yes	yes	yes	yes	
CAND_PLAUS_000916	plus	candidate_pending_human_review			weak_congruence	1	They are squinting six glare	be_progressive	squinting	glare	squint	glare	0.022		USF:Cue_Target_Pairs.S:6107	yes	yes	yes	yes	yes	
CAND_PLAUS_000917	plus	candidate_pending_human_review			weak_congruence	1	They do not squint six glare	do_negation	squint	glare	squint	glare	0.022		USF:Cue_Target_Pairs.S:6107	yes	yes	yes	yes	yes	
CAND_PLAUS_000918	plus	candidate_pending_human_review			weak_congruence	1	Every day they squint six glare	present_3s	squint	glare	squint	glare	0.022		USF:Cue_Target_Pairs.S:6107	yes	yes	yes	yes	yes	
CAND_PLAUS_000919	plus	candidate_pending_human_review			weak_congruence	1	Last week they squinted six glare	simple_past	squinted	glare	squint	glare	0.022		USF:Cue_Target_Pairs.S:6107	yes	yes	yes	yes	yes	
CAND_PLAUS_000920	plus	candidate_pending_human_review			weak_congruence	1	She is ripping one jeans	be_progressive	ripping	jeans	rip	jeans	0.02		USF:Cue_Target_Pairs.P-R:8955	yes	yes	yes	yes	yes	
CAND_PLAUS_000921	plus	candidate_pending_human_review			weak_congruence	1	She does not rip one jeans	do_negation	rip	jeans	rip	jeans	0.02		USF:Cue_Target_Pairs.P-R:8955	yes	yes	yes	yes	yes	
CAND_PLAUS_000922	plus	candidate_pending_human_review			weak_congruence	1	Every day she rips one jeans	present_3s	rips	jeans	rip	jeans	0.02		USF:Cue_Target_Pairs.P-R:8955	yes	yes	yes	yes	yes	
CAND_PLAUS_000923	plus	candidate_pending_human_review			weak_congruence	1	Last week she ripped one jeans	simple_past	ripped	jeans	rip	jeans	0.02		USF:Cue_Target_Pairs.P-R:8955	yes	yes	yes	yes	yes	
CAND_PLAUS_000924	plus	candidate_pending_human_review			weak_congruence	1	He is ripping one jeans	be_progressive	ripping	jeans	rip	jeans	0.02		USF:Cue_Target_Pairs.P-R:8955	yes	yes	yes	yes	yes	
CAND_PLAUS_000925	plus	candidate_pending_human_review			weak_congruence	1	He does not rip one jeans	do_negation	rip	jeans	rip	jeans	0.02		USF:Cue_Target_Pairs.P-R:8955	yes	yes	yes	yes	yes	
CAND_PLAUS_000926	plus	candidate_pending_human_review			weak_congruence	1	Every day he rips one jeans	present_3s	rips	jeans	rip	jeans	0.02		USF:Cue_Target_Pairs.P-R:8955	yes	yes	yes	yes	yes	
CAND_PLAUS_000927	plus	candidate_pending_human_review			weak_congruence	1	Last week he ripped one jeans	simple_past	ripped	jeans	rip	jeans	0.02		USF:Cue_Target_Pairs.P-R:8955	yes	yes	yes	yes	yes	
CAND_PLAUS_000928	plus	candidate_pending_human_review			weak_congruence	1	They are ripping one jeans	be_progressive	ripping	jeans	rip	jeans	0.02		USF:Cue_Target_Pairs.P-R:8955	yes	yes	yes	yes	yes	
CAND_PLAUS_000929	plus	candidate_pending_human_review			weak_congruence	1	They do not rip one jeans	do_negation	rip	jeans	rip	jeans	0.02		USF:Cue_Target_Pairs.P-R:8955	yes	yes	yes	yes	yes	
CAND_PLAUS_000930	plus	candidate_pending_human_review			weak_congruence	1	Every day they rip one jeans	present_3s	rip	jeans	rip	jeans	0.02		USF:Cue_Target_Pairs.P-R:8955	yes	yes	yes	yes	yes	
CAND_PLAUS_000931	plus	candidate_pending_human_review			weak_congruence	1	Last week they ripped one jeans	simple_past	ripped	jeans	rip	jeans	0.02		USF:Cue_Target_Pairs.P-R:8955	yes	yes	yes	yes	yes	
CAND_PLAUS_000932	plus	candidate_pending_human_review			weak_congruence	1	She is ripping two jeans	be_progressive	ripping	jeans	rip	jeans	0.02		USF:Cue_Target_Pairs.P-R:8955	yes	yes	yes	yes	yes	
CAND_PLAUS_000933	plus	candidate_pending_human_review			weak_congruence	1	She does not rip two jeans	do_negation	rip	jeans	rip	jeans	0.02		USF:Cue_Target_Pairs.P-R:8955	yes	yes	yes	yes	yes	
CAND_PLAUS_000934	plus	candidate_pending_human_review			weak_congruence	1	Every day she rips two jeans	present_3s	rips	jeans	rip	jeans	0.02		USF:Cue_Target_Pairs.P-R:8955	yes	yes	yes	yes	yes	
CAND_PLAUS_000935	plus	candidate_pending_human_review			weak_congruence	1	Last week she ripped two jeans	simple_past	ripped	jeans	rip	jeans	0.02		USF:Cue_Target_Pairs.P-R:8955	yes	yes	yes	yes	yes	
CAND_PLAUS_000936	plus	candidate_pending_human_review			weak_congruence	1	He is ripping two jeans	be_progressive	ripping	jeans	rip	jeans	0.02		USF:Cue_Target_Pairs.P-R:8955	yes	yes	yes	yes	yes	
CAND_PLAUS_000937	plus	candidate_pending_human_review			weak_congruence	1	He does not rip two jeans	do_negation	rip	jeans	rip	jeans	0.02		USF:Cue_Target_Pairs.P-R:8955	yes	yes	yes	yes	yes	
CAND_PLAUS_000938	plus	candidate_pending_human_review			weak_congruence	1	Every day he rips two jeans	present_3s	rips	jeans	rip	jeans	0.02		USF:Cue_Target_Pairs.P-R:8955	yes	yes	yes	yes	yes	
CAND_PLAUS_000939	plus	candidate_pending_human_review			weak_congruence	1	Last week he ripped two jeans	simple_past	ripped	jeans	rip	jeans	0.02		USF:Cue_Target_Pairs.P-R:8955	yes	yes	yes	yes	yes	
CAND_PLAUS_000940	plus	candidate_pending_human_review			weak_congruence	1	They are ripping two jeans	be_progressive	ripping	jeans	rip	jeans	0.02		USF:Cue_Target_Pairs.P-R:8955	yes	yes	yes	yes	yes	
CAND_PLAUS_000941	plus	candidate_pending_human_review			weak_congruence	1	They do not rip two jeans	do_negation	rip	jeans	rip	jeans	0.02		USF:Cue_Target_Pairs.P-R:8955	yes	yes	yes	yes	yes	
CAND_PLAUS_000942	plus	candidate_pending_human_review			weak_congruence	1	Every day they rip two jeans	present_3s	rip	jeans	rip	jeans	0.02		USF:Cue_Target_Pairs.P-R:8955	yes	yes	yes	yes	yes	
CAND_PLAUS_000943	plus	candidate_pending_human_review			weak_congruence	1	Last week they ripped two jeans	simple_past	ripped	jeans	rip	jeans	0.02		USF:Cue_Target_Pairs.P-R:8955	yes	yes	yes	yes	yes	
CAND_PLAUS_000944	plus	candidate_pending_human_review			weak_congruence	1	She is ripping three jeans	be_progressive	ripping	jeans	rip	jeans	0.02		USF:Cue_Target_Pairs.P-R:8955	yes	yes	yes	yes	yes	
CAND_PLAUS_000945	plus	candidate_pending_human_review			weak_congruence	1	She does not rip three jeans	do_negation	rip	jeans	rip	jeans	0.02		USF:Cue_Target_Pairs.P-R:8955	yes	yes	yes	yes	yes	
CAND_PLAUS_000946	plus	candidate_pending_human_review			weak_congruence	1	Every day she rips three jeans	present_3s	rips	jeans	rip	jeans	0.02		USF:Cue_Target_Pairs.P-R:8955	yes	yes	yes	yes	yes	
CAND_PLAUS_000947	plus	candidate_pending_human_review			weak_congruence	1	Last week she ripped three jeans	simple_past	ripped	jeans	rip	jeans	0.02		USF:Cue_Target_Pairs.P-R:8955	yes	yes	yes	yes	yes	
CAND_PLAUS_000948	plus	candidate_pending_human_review			weak_congruence	1	He is ripping three jeans	be_progressive	ripping	jeans	rip	jeans	0.02		USF:Cue_Target_Pairs.P-R:8955	yes	yes	yes	yes	yes	
CAND_PLAUS_000949	plus	candidate_pending_human_review			weak_congruence	1	He does not rip three jeans	do_negation	rip	jeans	rip	jeans	0.02		USF:Cue_Target_Pairs.P-R:8955	yes	yes	yes	yes	yes	
CAND_PLAUS_000950	plus	candidate_pending_human_review			weak_congruence	1	Every day he rips three jeans	present_3s	rips	jeans	rip	jeans	0.02		USF:Cue_Target_Pairs.P-R:8955	yes	yes	yes	yes	yes	
CAND_PLAUS_000951	plus	candidate_pending_human_review			weak_congruence	1	Last week he ripped three jeans	simple_past	ripped	jeans	rip	jeans	0.02		USF:Cue_Target_Pairs.P-R:8955	yes	yes	yes	yes	yes	
CAND_PLAUS_000952	plus	candidate_pending_human_review			weak_congruence	1	They are ripping three jeans	be_progressive	ripping	jeans	rip	jeans	0.02		USF:Cue_Target_Pairs.P-R:8955	yes	yes	yes	yes	yes	
CAND_PLAUS_000953	plus	candidate_pending_human_review			weak_congruence	1	They do not rip three jeans	do_negation	rip	jeans	rip	jeans	0.02		USF:Cue_Target_Pairs.P-R:8955	yes	yes	yes	yes	yes	
CAND_PLAUS_000954	plus	candidate_pending_human_review			weak_congruence	1	Every day they rip three jeans	present_3s	rip	jeans	rip	jeans	0.02		USF:Cue_Target_Pairs.P-R:8955	yes	yes	yes	yes	yes	
CAND_PLAUS_000955	plus	candidate_pending_human_review			weak_congruence	1	Last week they ripped three jeans	simple_past	ripped	jeans	rip	jeans	0.02		USF:Cue_Target_Pairs.P-R:8955	yes	yes	yes	yes	yes	
CAND_PLAUS_000956	plus	candidate_pending_human_review			weak_congruence	1	She is ripping four jeans	be_progressive	ripping	jeans	rip	jeans	0.02		USF:Cue_Target_Pairs.P-R:8955	yes	yes	yes	yes	yes	
CAND_PLAUS_000957	plus	candidate_pending_human_review			weak_congruence	1	She does not rip four jeans	do_negation	rip	jeans	rip	jeans	0.02		USF:Cue_Target_Pairs.P-R:8955	yes	yes	yes	yes	yes	
CAND_PLAUS_000958	plus	candidate_pending_human_review			weak_congruence	1	Every day she rips four jeans	present_3s	rips	jeans	rip	jeans	0.02		USF:Cue_Target_Pairs.P-R:8955	yes	yes	yes	yes	yes	
CAND_PLAUS_000959	plus	candidate_pending_human_review			weak_congruence	1	Last week she ripped four jeans	simple_past	ripped	jeans	rip	jeans	0.02		USF:Cue_Target_Pairs.P-R:8955	yes	yes	yes	yes	yes	
CAND_PLAUS_000960	plus	candidate_pending_human_review			weak_congruence	1	He is ripping four jeans	be_progressive	ripping	jeans	rip	jeans	0.02		USF:Cue_Target_Pairs.P-R:8955	yes	yes	yes	yes	yes	
CAND_PLAUS_000961	plus	candidate_pending_human_review			weak_congruence	1	He does not rip four jeans	do_negation	rip	jeans	rip	jeans	0.02		USF:Cue_Target_Pairs.P-R:8955	yes	yes	yes	yes	yes	
CAND_PLAUS_000962	plus	candidate_pending_human_review			weak_congruence	1	Every day he rips four jeans	present_3s	rips	jeans	rip	jeans	0.02		USF:Cue_Target_Pairs.P-R:8955	yes	yes	yes	yes	yes	
CAND_PLAUS_000963	plus	candidate_pending_human_review			weak_congruence	1	Last week he ripped four jeans	simple_past	ripped	jeans	rip	jeans	0.02		USF:Cue_Target_Pairs.P-R:8955	yes	yes	yes	yes	yes	
CAND_PLAUS_000964	plus	candidate_pending_human_review			weak_congruence	1	They are ripping four jeans	be_progressive	ripping	jeans	rip	jeans	0.02		USF:Cue_Target_Pairs.P-R:8955	yes	yes	yes	yes	yes	
CAND_PLAUS_000965	plus	candidate_pending_human_review			weak_congruence	1	They do not rip four jeans	do_negation	rip	jeans	rip	jeans	0.02		USF:Cue_Target_Pairs.P-R:8955	yes	yes	yes	yes	yes	
CAND_PLAUS_000966	plus	candidate_pending_human_review			weak_congruence	1	Every day they rip four jeans	present_3s	rip	jeans	rip	jeans	0.02		USF:Cue_Target_Pairs.P-R:8955	yes	yes	yes	yes	yes	
CAND_PLAUS_000967	plus	candidate_pending_human_review			weak_congruence	1	Last week they ripped four jeans	simple_past	ripped	jeans	rip	jeans	0.02		USF:Cue_Target_Pairs.P-R:8955	yes	yes	yes	yes	yes	
CAND_PLAUS_000968	plus	candidate_pending_human_review			weak_congruence	1	She is ripping five jeans	be_progressive	ripping	jeans	rip	jeans	0.02		USF:Cue_Target_Pairs.P-R:8955	yes	yes	yes	yes	yes	
CAND_PLAUS_000969	plus	candidate_pending_human_review			weak_congruence	1	She does not rip five jeans	do_negation	rip	jeans	rip	jeans	0.02		USF:Cue_Target_Pairs.P-R:8955	yes	yes	yes	yes	yes	
CAND_PLAUS_000970	plus	candidate_pending_human_review			weak_congruence	1	Every day she rips five jeans	present_3s	rips	jeans	rip	jeans	0.02		USF:Cue_Target_Pairs.P-R:8955	yes	yes	yes	yes	yes	
CAND_PLAUS_000971	plus	candidate_pending_human_review			weak_congruence	1	Last week she ripped five jeans	simple_past	ripped	jeans	rip	jeans	0.02		USF:Cue_Target_Pairs.P-R:8955	yes	yes	yes	yes	yes	
CAND_PLAUS_000972	plus	candidate_pending_human_review			weak_congruence	1	He is ripping five jeans	be_progressive	ripping	jeans	rip	jeans	0.02		USF:Cue_Target_Pairs.P-R:8955	yes	yes	yes	yes	yes	
CAND_PLAUS_000973	plus	candidate_pending_human_review			weak_congruence	1	He does not rip five jeans	do_negation	rip	jeans	rip	jeans	0.02		USF:Cue_Target_Pairs.P-R:8955	yes	yes	yes	yes	yes	
CAND_PLAUS_000974	plus	candidate_pending_human_review			weak_congruence	1	Every day he rips five jeans	present_3s	rips	jeans	rip	jeans	0.02		USF:Cue_Target_Pairs.P-R:8955	yes	yes	yes	yes	yes	
CAND_PLAUS_000975	plus	candidate_pending_human_review			weak_congruence	1	Last week he ripped five jeans	simple_past	ripped	jeans	rip	jeans	0.02		USF:Cue_Target_Pairs.P-R:8955	yes	yes	yes	yes	yes	
CAND_PLAUS_000976	plus	candidate_pending_human_review			weak_congruence	1	They are ripping five jeans	be_progressive	ripping	jeans	rip	jeans	0.02		USF:Cue_Target_Pairs.P-R:8955	yes	yes	yes	yes	yes	
CAND_PLAUS_000977	plus	candidate_pending_human_review			weak_congruence	1	They do not rip five jeans	do_negation	rip	jeans	rip	jeans	0.02		USF:Cue_Target_Pairs.P-R:8955	yes	yes	yes	yes	yes	
CAND_PLAUS_000978	plus	candidate_pending_human_review			weak_congruence	1	Every day they rip five jeans	present_3s	rip	jeans	rip	jeans	0.02		USF:Cue_Target_Pairs.P-R:8955	yes	yes	yes	yes	yes	
CAND_PLAUS_000979	plus	candidate_pending_human_review			weak_congruence	1	Last week they ripped five jeans	simple_past	ripped	jeans	rip	jeans	0.02		USF:Cue_Target_Pairs.P-R:8955	yes	yes	yes	yes	yes	
CAND_PLAUS_000980	plus	candidate_pending_human_review			weak_congruence	1	She is ripping six jeans	be_progressive	ripping	jeans	rip	jeans	0.02		USF:Cue_Target_Pairs.P-R:8955	yes	yes	yes	yes	yes	
CAND_PLAUS_000981	plus	candidate_pending_human_review			weak_congruence	1	She does not rip six jeans	do_negation	rip	jeans	rip	jeans	0.02		USF:Cue_Target_Pairs.P-R:8955	yes	yes	yes	yes	yes	
CAND_PLAUS_000982	plus	candidate_pending_human_review			weak_congruence	1	Every day she rips six jeans	present_3s	rips	jeans	rip	jeans	0.02		USF:Cue_Target_Pairs.P-R:8955	yes	yes	yes	yes	yes	
CAND_PLAUS_000983	plus	candidate_pending_human_review			weak_congruence	1	Last week she ripped six jeans	simple_past	ripped	jeans	rip	jeans	0.02		USF:Cue_Target_Pairs.P-R:8955	yes	yes	yes	yes	yes	
CAND_PLAUS_000984	plus	candidate_pending_human_review			weak_congruence	1	He is ripping six jeans	be_progressive	ripping	jeans	rip	jeans	0.02		USF:Cue_Target_Pairs.P-R:8955	yes	yes	yes	yes	yes	
CAND_PLAUS_000985	plus	candidate_pending_human_review			weak_congruence	1	He does not rip six jeans	do_negation	rip	jeans	rip	jeans	0.02		USF:Cue_Target_Pairs.P-R:8955	yes	yes	yes	yes	yes	
CAND_PLAUS_000986	plus	candidate_pending_human_review			weak_congruence	1	Every day he rips six jeans	present_3s	rips	jeans	rip	jeans	0.02		USF:Cue_Target_Pairs.P-R:8955	yes	yes	yes	yes	yes	
CAND_PLAUS_000987	plus	candidate_pending_human_review			weak_congruence	1	Last week he ripped six jeans	simple_past	ripped	jeans	rip	jeans	0.02		USF:Cue_Target_Pairs.P-R:8955	yes	yes	yes	yes	yes	
CAND_PLAUS_000988	plus	candidate_pending_human_review			weak_congruence	1	They are ripping six jeans	be_progressive	ripping	jeans	rip	jeans	0.02		USF:Cue_Target_Pairs.P-R:8955	yes	yes	yes	yes	yes	
CAND_PLAUS_000989	plus	candidate_pending_human_review			weak_congruence	1	They do not rip six jeans	do_negation	rip	jeans	rip	jeans	0.02		USF:Cue_Target_Pairs.P-R:8955	yes	yes	yes	yes	yes	
CAND_PLAUS_000990	plus	candidate_pending_human_review			weak_congruence	1	Every day they rip six jeans	present_3s	rip	jeans	rip	jeans	0.02		USF:Cue_Target_Pairs.P-R:8955	yes	yes	yes	yes	yes	
CAND_PLAUS_000991	plus	candidate_pending_human_review			weak_congruence	1	Last week they ripped six jeans	simple_past	ripped	jeans	rip	jeans	0.02		USF:Cue_Target_Pairs.P-R:8955	yes	yes	yes	yes	yes	
CAND_PLAUS_000992	plus	candidate_pending_human_review			weak_congruence	1	She is showing one time	be_progressive	showing	time	show	time	0.047		USF:Cue_Target_Pairs.S:2767	yes	yes	yes	yes	yes	
CAND_PLAUS_000993	plus	candidate_pending_human_review			weak_congruence	1	She does not show one time	do_negation	show	time	show	time	0.047		USF:Cue_Target_Pairs.S:2767	yes	yes	yes	yes	yes	
CAND_PLAUS_000994	plus	candidate_pending_human_review			weak_congruence	1	Every day she shows one time	present_3s	shows	time	show	time	0.047		USF:Cue_Target_Pairs.S:2767	yes	yes	yes	yes	yes	
CAND_PLAUS_000995	plus	candidate_pending_human_review			weak_congruence	1	Last week she showed one time	simple_past	showed	time	show	time	0.047		USF:Cue_Target_Pairs.S:2767	yes	yes	yes	yes	yes	
CAND_PLAUS_000996	plus	candidate_pending_human_review			weak_congruence	1	He is showing one time	be_progressive	showing	time	show	time	0.047		USF:Cue_Target_Pairs.S:2767	yes	yes	yes	yes	yes	
CAND_PLAUS_000997	plus	candidate_pending_human_review			weak_congruence	1	He does not show one time	do_negation	show	time	show	time	0.047		USF:Cue_Target_Pairs.S:2767	yes	yes	yes	yes	yes	
CAND_PLAUS_000998	plus	candidate_pending_human_review			weak_congruence	1	Every day he shows one time	present_3s	shows	time	show	time	0.047		USF:Cue_Target_Pairs.S:2767	yes	yes	yes	yes	yes	
CAND_PLAUS_000999	plus	candidate_pending_human_review			weak_congruence	1	Last week he showed one time	simple_past	showed	time	show	time	0.047		USF:Cue_Target_Pairs.S:2767	yes	yes	yes	yes	yes	
CAND_PLAUS_001000	plus	candidate_pending_human_review			weak_congruence	1	They are showing one time	be_progressive	showing	time	show	time	0.047		USF:Cue_Target_Pairs.S:2767	yes	yes	yes	yes	yes	
CAND_PLAUS_001001	plus	candidate_pending_human_review			weak_congruence	1	They do not show one time	do_negation	show	time	show	time	0.047		USF:Cue_Target_Pairs.S:2767	yes	yes	yes	yes	yes	
CAND_PLAUS_001002	plus	candidate_pending_human_review			weak_congruence	1	Every day they show one time	present_3s	show	time	show	time	0.047		USF:Cue_Target_Pairs.S:2767	yes	yes	yes	yes	yes	
CAND_PLAUS_001003	plus	candidate_pending_human_review			weak_congruence	1	Last week they showed one time	simple_past	showed	time	show	time	0.047		USF:Cue_Target_Pairs.S:2767	yes	yes	yes	yes	yes	
CAND_PLAUS_001004	plus	candidate_pending_human_review			weak_congruence	1	She is showing two times	be_progressive	showing	times	show	time	0.047		USF:Cue_Target_Pairs.S:2767	yes	yes	yes	yes	yes	
CAND_PLAUS_001005	plus	candidate_pending_human_review			weak_congruence	1	She does not show two times	do_negation	show	times	show	time	0.047		USF:Cue_Target_Pairs.S:2767	yes	yes	yes	yes	yes	
CAND_PLAUS_001006	plus	candidate_pending_human_review			weak_congruence	1	Every day she shows two times	present_3s	shows	times	show	time	0.047		USF:Cue_Target_Pairs.S:2767	yes	yes	yes	yes	yes	
CAND_PLAUS_001007	plus	candidate_pending_human_review			weak_congruence	1	Last week she showed two times	simple_past	showed	times	show	time	0.047		USF:Cue_Target_Pairs.S:2767	yes	yes	yes	yes	yes	
CAND_PLAUS_001008	plus	candidate_pending_human_review			weak_congruence	1	He is showing two times	be_progressive	showing	times	show	time	0.047		USF:Cue_Target_Pairs.S:2767	yes	yes	yes	yes	yes	
CAND_PLAUS_001009	plus	candidate_pending_human_review			weak_congruence	1	He does not show two times	do_negation	show	times	show	time	0.047		USF:Cue_Target_Pairs.S:2767	yes	yes	yes	yes	yes	
CAND_PLAUS_001010	plus	candidate_pending_human_review			weak_congruence	1	Every day he shows two times	present_3s	shows	times	show	time	0.047		USF:Cue_Target_Pairs.S:2767	yes	yes	yes	yes	yes	
CAND_PLAUS_001011	plus	candidate_pending_human_review			weak_congruence	1	Last week he showed two times	simple_past	showed	times	show	time	0.047		USF:Cue_Target_Pairs.S:2767	yes	yes	yes	yes	yes	
CAND_PLAUS_001012	plus	candidate_pending_human_review			weak_congruence	1	They are showing two times	be_progressive	showing	times	show	time	0.047		USF:Cue_Target_Pairs.S:2767	yes	yes	yes	yes	yes	
CAND_PLAUS_001013	plus	candidate_pending_human_review			weak_congruence	1	They do not show two times	do_negation	show	times	show	time	0.047		USF:Cue_Target_Pairs.S:2767	yes	yes	yes	yes	yes	
CAND_PLAUS_001014	plus	candidate_pending_human_review			weak_congruence	1	Every day they show two times	present_3s	show	times	show	time	0.047		USF:Cue_Target_Pairs.S:2767	yes	yes	yes	yes	yes	
CAND_PLAUS_001015	plus	candidate_pending_human_review			weak_congruence	1	Last week they showed two times	simple_past	showed	times	show	time	0.047		USF:Cue_Target_Pairs.S:2767	yes	yes	yes	yes	yes	
CAND_PLAUS_001016	plus	candidate_pending_human_review			weak_congruence	1	She is showing three times	be_progressive	showing	times	show	time	0.047		USF:Cue_Target_Pairs.S:2767	yes	yes	yes	yes	yes	
CAND_PLAUS_001017	plus	candidate_pending_human_review			weak_congruence	1	She does not show three times	do_negation	show	times	show	time	0.047		USF:Cue_Target_Pairs.S:2767	yes	yes	yes	yes	yes	
CAND_PLAUS_001018	plus	candidate_pending_human_review			weak_congruence	1	Every day she shows three times	present_3s	shows	times	show	time	0.047		USF:Cue_Target_Pairs.S:2767	yes	yes	yes	yes	yes	
CAND_PLAUS_001019	plus	candidate_pending_human_review			weak_congruence	1	Last week she showed three times	simple_past	showed	times	show	time	0.047		USF:Cue_Target_Pairs.S:2767	yes	yes	yes	yes	yes	
CAND_PLAUS_001020	plus	candidate_pending_human_review			weak_congruence	1	He is showing three times	be_progressive	showing	times	show	time	0.047		USF:Cue_Target_Pairs.S:2767	yes	yes	yes	yes	yes	
CAND_PLAUS_001021	plus	candidate_pending_human_review			weak_congruence	1	He does not show three times	do_negation	show	times	show	time	0.047		USF:Cue_Target_Pairs.S:2767	yes	yes	yes	yes	yes	
CAND_PLAUS_001022	plus	candidate_pending_human_review			weak_congruence	1	Every day he shows three times	present_3s	shows	times	show	time	0.047		USF:Cue_Target_Pairs.S:2767	yes	yes	yes	yes	yes	
CAND_PLAUS_001023	plus	candidate_pending_human_review			weak_congruence	1	Last week he showed three times	simple_past	showed	times	show	time	0.047		USF:Cue_Target_Pairs.S:2767	yes	yes	yes	yes	yes	
CAND_PLAUS_001024	plus	candidate_pending_human_review			weak_congruence	1	They are showing three times	be_progressive	showing	times	show	time	0.047		USF:Cue_Target_Pairs.S:2767	yes	yes	yes	yes	yes	
CAND_PLAUS_001025	plus	candidate_pending_human_review			weak_congruence	1	They do not show three times	do_negation	show	times	show	time	0.047		USF:Cue_Target_Pairs.S:2767	yes	yes	yes	yes	yes	
CAND_PLAUS_001026	plus	candidate_pending_human_review			weak_congruence	1	Every day they show three times	present_3s	show	times	show	time	0.047		USF:Cue_Target_Pairs.S:2767	yes	yes	yes	yes	yes	
CAND_PLAUS_001027	plus	candidate_pending_human_review			weak_congruence	1	Last week they showed three times	simple_past	showed	times	show	time	0.047		USF:Cue_Target_Pairs.S:2767	yes	yes	yes	yes	yes	
CAND_PLAUS_001028	plus	candidate_pending_human_review			weak_congruence	1	She is showing four times	be_progressive	showing	times	show	time	0.047		USF:Cue_Target_Pairs.S:2767	yes	yes	yes	yes	yes	
CAND_PLAUS_001029	plus	candidate_pending_human_review			weak_congruence	1	She does not show four times	do_negation	show	times	show	time	0.047		USF:Cue_Target_Pairs.S:2767	yes	yes	yes	yes	yes	
CAND_PLAUS_001030	plus	candidate_pending_human_review			weak_congruence	1	Every day she shows four times	present_3s	shows	times	show	time	0.047		USF:Cue_Target_Pairs.S:2767	yes	yes	yes	yes	yes	
CAND_PLAUS_001031	plus	candidate_pending_human_review			weak_congruence	1	Last week she showed four times	simple_past	showed	times	show	time	0.047		USF:Cue_Target_Pairs.S:2767	yes	yes	yes	yes	yes	
CAND_PLAUS_001032	plus	candidate_pending_human_review			weak_congruence	1	He is showing four times	be_progressive	showing	times	show	time	0.047		USF:Cue_Target_Pairs.S:2767	yes	yes	yes	yes	yes	
CAND_PLAUS_001033	plus	candidate_pending_human_review			weak_congruence	1	He does not show four times	do_negation	show	times	show	time	0.047		USF:Cue_Target_Pairs.S:2767	yes	yes	yes	yes	yes	
CAND_PLAUS_001034	plus	candidate_pending_human_review			weak_congruence	1	Every day he shows four times	present_3s	shows	times	show	time	0.047		USF:Cue_Target_Pairs.S:2767	yes	yes	yes	yes	yes	
CAND_PLAUS_001035	plus	candidate_pending_human_review			weak_congruence	1	Last week he showed four times	simple_past	showed	times	show	time	0.047		USF:Cue_Target_Pairs.S:2767	yes	yes	yes	yes	yes	
CAND_PLAUS_001036	plus	candidate_pending_human_review			weak_congruence	1	They are showing four times	be_progressive	showing	times	show	time	0.047		USF:Cue_Target_Pairs.S:2767	yes	yes	yes	yes	yes	
CAND_PLAUS_001037	plus	candidate_pending_human_review			weak_congruence	1	They do not show four times	do_negation	show	times	show	time	0.047		USF:Cue_Target_Pairs.S:2767	yes	yes	yes	yes	yes	
CAND_PLAUS_001038	plus	candidate_pending_human_review			weak_congruence	1	Every day they show four times	present_3s	show	times	show	time	0.047		USF:Cue_Target_Pairs.S:2767	yes	yes	yes	yes	yes	
CAND_PLAUS_001039	plus	candidate_pending_human_review			weak_congruence	1	Last week they showed four times	simple_past	showed	times	show	time	0.047		USF:Cue_Target_Pairs.S:2767	yes	yes	yes	yes	yes	
CAND_PLAUS_001040	plus	candidate_pending_human_review			weak_congruence	1	She is showing five times	be_progressive	showing	times	show	time	0.047		USF:Cue_Target_Pairs.S:2767	yes	yes	yes	yes	yes	
CAND_PLAUS_001041	plus	candidate_pending_human_review			weak_congruence	1	She does not show five times	do_negation	show	times	show	time	0.047		USF:Cue_Target_Pairs.S:2767	yes	yes	yes	yes	yes	
CAND_PLAUS_001042	plus	candidate_pending_human_review			weak_congruence	1	Every day she shows five times	present_3s	shows	times	show	time	0.047		USF:Cue_Target_Pairs.S:2767	yes	yes	yes	yes	yes	
CAND_PLAUS_001043	plus	candidate_pending_human_review			weak_congruence	1	Last week she showed five times	simple_past	showed	times	show	time	0.047		USF:Cue_Target_Pairs.S:2767	yes	yes	yes	yes	yes	
CAND_PLAUS_001044	plus	candidate_pending_human_review			weak_congruence	1	He is showing five times	be_progressive	showing	times	show	time	0.047		USF:Cue_Target_Pairs.S:2767	yes	yes	yes	yes	yes	
CAND_PLAUS_001045	plus	candidate_pending_human_review			weak_congruence	1	He does not show five times	do_negation	show	times	show	time	0.047		USF:Cue_Target_Pairs.S:2767	yes	yes	yes	yes	yes	
CAND_PLAUS_001046	plus	candidate_pending_human_review			weak_congruence	1	Every day he shows five times	present_3s	shows	times	show	time	0.047		USF:Cue_Target_Pairs.S:2767	yes	yes	yes	yes	yes	
CAND_PLAUS_001047	plus	candidate_pending_human_review			weak_congruence	1	Last week he showed five times	simple_past	showed	times	show	time	0.047		USF:Cue_Target_Pairs.S:2767	yes	yes	yes	yes	yes	
CAND_PLAUS_001048	plus	candidate_pending_human_review			weak_congruence	1	They are showing five times	be_progressive	showing	times	show	time	0.047		USF:Cue_Target_Pairs.S:2767	yes	yes	yes	yes	yes	
CAND_PLAUS_001049	plus	candidate_pending_human_review			weak_congruence	1	They do not show five times	do_negation	show	times	show	time	0.047		USF:Cue_Target_Pairs.S:2767	yes	yes	yes	yes	yes	
CAND_PLAUS_001050	plus	candidate_pending_human_review			weak_congruence	1	Every day they show five times	present_3s	show	times	show	time	0.047		USF:Cue_Target_Pairs.S:2767	yes	yes	yes	yes	yes	
CAND_PLAUS_001051	plus	candidate_pending_human_review			weak_congruence	1	Last week they showed five times	simple_past	showed	times	show	time	0.047		USF:Cue_Target_Pairs.S:2767	yes	yes	yes	yes	yes	
CAND_PLAUS_001052	plus	candidate_pending_human_review			weak_congruence	1	She is showing six times	be_progressive	showing	times	show	time	0.047		USF:Cue_Target_Pairs.S:2767	yes	yes	yes	yes	yes	
CAND_PLAUS_001053	plus	candidate_pending_human_review			weak_congruence	1	She does not show six times	do_negation	show	times	show	time	0.047		USF:Cue_Target_Pairs.S:2767	yes	yes	yes	yes	yes	
CAND_PLAUS_001054	plus	candidate_pending_human_review			weak_congruence	1	Every day she shows six times	present_3s	shows	times	show	time	0.047		USF:Cue_Target_Pairs.S:2767	yes	yes	yes	yes	yes	
CAND_PLAUS_001055	plus	candidate_pending_human_review			weak_congruence	1	Last week she showed six times	simple_past	showed	times	show	time	0.047		USF:Cue_Target_Pairs.S:2767	yes	yes	yes	yes	yes	
CAND_PLAUS_001056	plus	candidate_pending_human_review			weak_congruence	1	He is showing six times	be_progressive	showing	times	show	time	0.047		USF:Cue_Target_Pairs.S:2767	yes	yes	yes	yes	yes	
CAND_PLAUS_001057	plus	candidate_pending_human_review			weak_congruence	1	He does not show six times	do_negation	show	times	show	time	0.047		USF:Cue_Target_Pairs.S:2767	yes	yes	yes	yes	yes	
CAND_PLAUS_001058	plus	candidate_pending_human_review			weak_congruence	1	Every day he shows six times	present_3s	shows	times	show	time	0.047		USF:Cue_Target_Pairs.S:2767	yes	yes	yes	yes	yes	
CAND_PLAUS_001059	plus	candidate_pending_human_review			weak_congruence	1	Last week he showed six times	simple_past	showed	times	show	time	0.047		USF:Cue_Target_Pairs.S:2767	yes	yes	yes	yes	yes	
CAND_PLAUS_001060	plus	candidate_pending_human_review			weak_congruence	1	They are showing six times	be_progressive	showing	times	show	time	0.047		USF:Cue_Target_Pairs.S:2767	yes	yes	yes	yes	yes	
CAND_PLAUS_001061	plus	candidate_pending_human_review			weak_congruence	1	They do not show six times	do_negation	show	times	show	time	0.047		USF:Cue_Target_Pairs.S:2767	yes	yes	yes	yes	yes	
CAND_PLAUS_001062	plus	candidate_pending_human_review			weak_congruence	1	Every day they show six times	present_3s	show	times	show	time	0.047		USF:Cue_Target_Pairs.S:2767	yes	yes	yes	yes	yes	
CAND_PLAUS_001063	plus	candidate_pending_human_review			weak_congruence	1	Last week they showed six times	simple_past	showed	times	show	time	0.047		USF:Cue_Target_Pairs.S:2767	yes	yes	yes	yes	yes	
CAND_PLAUS_001064	plus	candidate_pending_human_review			weak_congruence	1	She is soaking one tub	be_progressive	soaking	tub	soak	tub	0.029		USF:Cue_Target_Pairs.S:4579	yes	yes	yes	yes	yes	
CAND_PLAUS_001065	plus	candidate_pending_human_review			weak_congruence	1	She does not soak one tub	do_negation	soak	tub	soak	tub	0.029		USF:Cue_Target_Pairs.S:4579	yes	yes	yes	yes	yes	
CAND_PLAUS_001066	plus	candidate_pending_human_review			weak_congruence	1	Every day she soaks one tub	present_3s	soaks	tub	soak	tub	0.029		USF:Cue_Target_Pairs.S:4579	yes	yes	yes	yes	yes	
CAND_PLAUS_001067	plus	candidate_pending_human_review			weak_congruence	1	Last week she soaked one tub	simple_past	soaked	tub	soak	tub	0.029		USF:Cue_Target_Pairs.S:4579	yes	yes	yes	yes	yes	
CAND_PLAUS_001068	plus	candidate_pending_human_review			weak_congruence	1	He is soaking one tub	be_progressive	soaking	tub	soak	tub	0.029		USF:Cue_Target_Pairs.S:4579	yes	yes	yes	yes	yes	
CAND_PLAUS_001069	plus	candidate_pending_human_review			weak_congruence	1	He does not soak one tub	do_negation	soak	tub	soak	tub	0.029		USF:Cue_Target_Pairs.S:4579	yes	yes	yes	yes	yes	
CAND_PLAUS_001070	plus	candidate_pending_human_review			weak_congruence	1	Every day he soaks one tub	present_3s	soaks	tub	soak	tub	0.029		USF:Cue_Target_Pairs.S:4579	yes	yes	yes	yes	yes	
CAND_PLAUS_001071	plus	candidate_pending_human_review			weak_congruence	1	Last week he soaked one tub	simple_past	soaked	tub	soak	tub	0.029		USF:Cue_Target_Pairs.S:4579	yes	yes	yes	yes	yes	
CAND_PLAUS_001072	plus	candidate_pending_human_review			weak_congruence	1	They are soaking one tub	be_progressive	soaking	tub	soak	tub	0.029		USF:Cue_Target_Pairs.S:4579	yes	yes	yes	yes	yes	
CAND_PLAUS_001073	plus	candidate_pending_human_review			weak_congruence	1	They do not soak one tub	do_negation	soak	tub	soak	tub	0.029		USF:Cue_Target_Pairs.S:4579	yes	yes	yes	yes	yes	
CAND_PLAUS_001074	plus	candidate_pending_human_review			weak_congruence	1	Every day they soak one tub	present_3s	soak	tub	soak	tub	0.029		USF:Cue_Target_Pairs.S:4579	yes	yes	yes	yes	yes	
CAND_PLAUS_001075	plus	candidate_pending_human_review			weak_congruence	1	Last week they soaked one tub	simple_past	soaked	tub	soak	tub	0.029		USF:Cue_Target_Pairs.S:4579	yes	yes	yes	yes	yes	
CAND_PLAUS_001076	plus	candidate_pending_human_review			weak_congruence	1	She is soaking two tubs	be_progressive	soaking	tubs	soak	tub	0.029		USF:Cue_Target_Pairs.S:4579	yes	yes	yes	yes	yes	
CAND_PLAUS_001077	plus	candidate_pending_human_review			weak_congruence	1	She does not soak two tubs	do_negation	soak	tubs	soak	tub	0.029		USF:Cue_Target_Pairs.S:4579	yes	yes	yes	yes	yes	
CAND_PLAUS_001078	plus	candidate_pending_human_review			weak_congruence	1	Every day she soaks two tubs	present_3s	soaks	tubs	soak	tub	0.029		USF:Cue_Target_Pairs.S:4579	yes	yes	yes	yes	yes	
CAND_PLAUS_001079	plus	candidate_pending_human_review			weak_congruence	1	Last week she soaked two tubs	simple_past	soaked	tubs	soak	tub	0.029		USF:Cue_Target_Pairs.S:4579	yes	yes	yes	yes	yes	
CAND_PLAUS_001080	plus	candidate_pending_human_review			weak_congruence	1	He is soaking two tubs	be_progressive	soaking	tubs	soak	tub	0.029		USF:Cue_Target_Pairs.S:4579	yes	yes	yes	yes	yes	
CAND_PLAUS_001081	plus	candidate_pending_human_review			weak_congruence	1	He does not soak two tubs	do_negation	soak	tubs	soak	tub	0.029		USF:Cue_Target_Pairs.S:4579	yes	yes	yes	yes	yes	
CAND_PLAUS_001082	plus	candidate_pending_human_review			weak_congruence	1	Every day he soaks two tubs	present_3s	soaks	tubs	soak	tub	0.029		USF:Cue_Target_Pairs.S:4579	yes	yes	yes	yes	yes	
CAND_PLAUS_001083	plus	candidate_pending_human_review			weak_congruence	1	Last week he soaked two tubs	simple_past	soaked	tubs	soak	tub	0.029		USF:Cue_Target_Pairs.S:4579	yes	yes	yes	yes	yes	
CAND_PLAUS_001084	plus	candidate_pending_human_review			weak_congruence	1	They are soaking two tubs	be_progressive	soaking	tubs	soak	tub	0.029		USF:Cue_Target_Pairs.S:4579	yes	yes	yes	yes	yes	
CAND_PLAUS_001085	plus	candidate_pending_human_review			weak_congruence	1	They do not soak two tubs	do_negation	soak	tubs	soak	tub	0.029		USF:Cue_Target_Pairs.S:4579	yes	yes	yes	yes	yes	
CAND_PLAUS_001086	plus	candidate_pending_human_review			weak_congruence	1	Every day they soak two tubs	present_3s	soak	tubs	soak	tub	0.029		USF:Cue_Target_Pairs.S:4579	yes	yes	yes	yes	yes	
CAND_PLAUS_001087	plus	candidate_pending_human_review			weak_congruence	1	Last week they soaked two tubs	simple_past	soaked	tubs	soak	tub	0.029		USF:Cue_Target_Pairs.S:4579	yes	yes	yes	yes	yes	
CAND_PLAUS_001088	plus	candidate_pending_human_review			weak_congruence	1	She is soaking three tubs	be_progressive	soaking	tubs	soak	tub	0.029		USF:Cue_Target_Pairs.S:4579	yes	yes	yes	yes	yes	
CAND_PLAUS_001089	plus	candidate_pending_human_review			weak_congruence	1	She does not soak three tubs	do_negation	soak	tubs	soak	tub	0.029		USF:Cue_Target_Pairs.S:4579	yes	yes	yes	yes	yes	
CAND_PLAUS_001090	plus	candidate_pending_human_review			weak_congruence	1	Every day she soaks three tubs	present_3s	soaks	tubs	soak	tub	0.029		USF:Cue_Target_Pairs.S:4579	yes	yes	yes	yes	yes	
CAND_PLAUS_001091	plus	candidate_pending_human_review			weak_congruence	1	Last week she soaked three tubs	simple_past	soaked	tubs	soak	tub	0.029		USF:Cue_Target_Pairs.S:4579	yes	yes	yes	yes	yes	
CAND_PLAUS_001092	plus	candidate_pending_human_review			weak_congruence	1	He is soaking three tubs	be_progressive	soaking	tubs	soak	tub	0.029		USF:Cue_Target_Pairs.S:4579	yes	yes	yes	yes	yes	
CAND_PLAUS_001093	plus	candidate_pending_human_review			weak_congruence	1	He does not soak three tubs	do_negation	soak	tubs	soak	tub	0.029		USF:Cue_Target_Pairs.S:4579	yes	yes	yes	yes	yes	
CAND_PLAUS_001094	plus	candidate_pending_human_review			weak_congruence	1	Every day he soaks three tubs	present_3s	soaks	tubs	soak	tub	0.029		USF:Cue_Target_Pairs.S:4579	yes	yes	yes	yes	yes	
CAND_PLAUS_001095	plus	candidate_pending_human_review			weak_congruence	1	Last week he soaked three tubs	simple_past	soaked	tubs	soak	tub	0.029		USF:Cue_Target_Pairs.S:4579	yes	yes	yes	yes	yes	
CAND_PLAUS_001096	plus	candidate_pending_human_review			weak_congruence	1	They are soaking three tubs	be_progressive	soaking	tubs	soak	tub	0.029		USF:Cue_Target_Pairs.S:4579	yes	yes	yes	yes	yes	
CAND_PLAUS_001097	plus	candidate_pending_human_review			weak_congruence	1	They do not soak three tubs	do_negation	soak	tubs	soak	tub	0.029		USF:Cue_Target_Pairs.S:4579	yes	yes	yes	yes	yes	
CAND_PLAUS_001098	plus	candidate_pending_human_review			weak_congruence	1	Every day they soak three tubs	present_3s	soak	tubs	soak	tub	0.029		USF:Cue_Target_Pairs.S:4579	yes	yes	yes	yes	yes	
CAND_PLAUS_001099	plus	candidate_pending_human_review			weak_congruence	1	Last week they soaked three tubs	simple_past	soaked	tubs	soak	tub	0.029		USF:Cue_Target_Pairs.S:4579	yes	yes	yes	yes	yes	
CAND_PLAUS_001100	plus	candidate_pending_human_review			weak_congruence	1	She is soaking four tubs	be_progressive	soaking	tubs	soak	tub	0.029		USF:Cue_Target_Pairs.S:4579	yes	yes	yes	yes	yes	
CAND_PLAUS_001101	plus	candidate_pending_human_review			weak_congruence	1	She does not soak four tubs	do_negation	soak	tubs	soak	tub	0.029		USF:Cue_Target_Pairs.S:4579	yes	yes	yes	yes	yes	
CAND_PLAUS_001102	plus	candidate_pending_human_review			weak_congruence	1	Every day she soaks four tubs	present_3s	soaks	tubs	soak	tub	0.029		USF:Cue_Target_Pairs.S:4579	yes	yes	yes	yes	yes	
CAND_PLAUS_001103	plus	candidate_pending_human_review			weak_congruence	1	Last week she soaked four tubs	simple_past	soaked	tubs	soak	tub	0.029		USF:Cue_Target_Pairs.S:4579	yes	yes	yes	yes	yes	
CAND_PLAUS_001104	plus	candidate_pending_human_review			weak_congruence	1	He is soaking four tubs	be_progressive	soaking	tubs	soak	tub	0.029		USF:Cue_Target_Pairs.S:4579	yes	yes	yes	yes	yes	
CAND_PLAUS_001105	plus	candidate_pending_human_review			weak_congruence	1	He does not soak four tubs	do_negation	soak	tubs	soak	tub	0.029		USF:Cue_Target_Pairs.S:4579	yes	yes	yes	yes	yes	
CAND_PLAUS_001106	plus	candidate_pending_human_review			weak_congruence	1	Every day he soaks four tubs	present_3s	soaks	tubs	soak	tub	0.029		USF:Cue_Target_Pairs.S:4579	yes	yes	yes	yes	yes	
CAND_PLAUS_001107	plus	candidate_pending_human_review			weak_congruence	1	Last week he soaked four tubs	simple_past	soaked	tubs	soak	tub	0.029		USF:Cue_Target_Pairs.S:4579	yes	yes	yes	yes	yes	
CAND_PLAUS_001108	plus	candidate_pending_human_review			weak_congruence	1	They are soaking four tubs	be_progressive	soaking	tubs	soak	tub	0.029		USF:Cue_Target_Pairs.S:4579	yes	yes	yes	yes	yes	
CAND_PLAUS_001109	plus	candidate_pending_human_review			weak_congruence	1	They do not soak four tubs	do_negation	soak	tubs	soak	tub	0.029		USF:Cue_Target_Pairs.S:4579	yes	yes	yes	yes	yes	
CAND_PLAUS_001110	plus	candidate_pending_human_review			weak_congruence	1	Every day they soak four tubs	present_3s	soak	tubs	soak	tub	0.029		USF:Cue_Target_Pairs.S:4579	yes	yes	yes	yes	yes	
CAND_PLAUS_001111	plus	candidate_pending_human_review			weak_congruence	1	Last week they soaked four tubs	simple_past	soaked	tubs	soak	tub	0.029		USF:Cue_Target_Pairs.S:4579	yes	yes	yes	yes	yes	
CAND_PLAUS_001112	plus	candidate_pending_human_review			weak_congruence	1	She is soaking five tubs	be_progressive	soaking	tubs	soak	tub	0.029		USF:Cue_Target_Pairs.S:4579	yes	yes	yes	yes	yes	
CAND_PLAUS_001113	plus	candidate_pending_human_review			weak_congruence	1	She does not soak five tubs	do_negation	soak	tubs	soak	tub	0.029		USF:Cue_Target_Pairs.S:4579	yes	yes	yes	yes	yes	
CAND_PLAUS_001114	plus	candidate_pending_human_review			weak_congruence	1	Every day she soaks five tubs	present_3s	soaks	tubs	soak	tub	0.029		USF:Cue_Target_Pairs.S:4579	yes	yes	yes	yes	yes	
CAND_PLAUS_001115	plus	candidate_pending_human_review			weak_congruence	1	Last week she soaked five tubs	simple_past	soaked	tubs	soak	tub	0.029		USF:Cue_Target_Pairs.S:4579	yes	yes	yes	yes	yes	
CAND_PLAUS_001116	plus	candidate_pending_human_review			weak_congruence	1	He is soaking five tubs	be_progressive	soaking	tubs	soak	tub	0.029		USF:Cue_Target_Pairs.S:4579	yes	yes	yes	yes	yes	
CAND_PLAUS_001117	plus	candidate_pending_human_review			weak_congruence	1	He does not soak five tubs	do_negation	soak	tubs	soak	tub	0.029		USF:Cue_Target_Pairs.S:4579	yes	yes	yes	yes	yes	
CAND_PLAUS_001118	plus	candidate_pending_human_review			weak_congruence	1	Every day he soaks five tubs	present_3s	soaks	tubs	soak	tub	0.029		USF:Cue_Target_Pairs.S:4579	yes	yes	yes	yes	yes	
CAND_PLAUS_001119	plus	candidate_pending_human_review			weak_congruence	1	Last week he soaked five tubs	simple_past	soaked	tubs	soak	tub	0.029		USF:Cue_Target_Pairs.S:4579	yes	yes	yes	yes	yes	
CAND_PLAUS_001120	plus	candidate_pending_human_review			weak_congruence	1	They are soaking five tubs	be_progressive	soaking	tubs	soak	tub	0.029		USF:Cue_Target_Pairs.S:4579	yes	yes	yes	yes	yes	
CAND_PLAUS_001121	plus	candidate_pending_human_review			weak_congruence	1	They do not soak five tubs	do_negation	soak	tubs	soak	tub	0.029		USF:Cue_Target_Pairs.S:4579	yes	yes	yes	yes	yes	
CAND_PLAUS_001122	plus	candidate_pending_human_review			weak_congruence	1	Every day they soak five tubs	present_3s	soak	tubs	soak	tub	0.029		USF:Cue_Target_Pairs.S:4579	yes	yes	yes	yes	yes	
CAND_PLAUS_001123	plus	candidate_pending_human_review			weak_congruence	1	Last week they soaked five tubs	simple_past	soaked	tubs	soak	tub	0.029		USF:Cue_Target_Pairs.S:4579	yes	yes	yes	yes	yes	
CAND_PLAUS_001124	plus	candidate_pending_human_review			weak_congruence	1	She is soaking six tubs	be_progressive	soaking	tubs	soak	tub	0.029		USF:Cue_Target_Pairs.S:4579	yes	yes	yes	yes	yes	
CAND_PLAUS_001125	plus	candidate_pending_human_review			weak_congruence	1	She does not soak six tubs	do_negation	soak	tubs	soak	tub	0.029		USF:Cue_Target_Pairs.S:4579	yes	yes	yes	yes	yes	
CAND_PLAUS_001126	plus	candidate_pending_human_review			weak_congruence	1	Every day she soaks six tubs	present_3s	soaks	tubs	soak	tub	0.029		USF:Cue_Target_Pairs.S:4579	yes	yes	yes	yes	yes	
CAND_PLAUS_001127	plus	candidate_pending_human_review			weak_congruence	1	Last week she soaked six tubs	simple_past	soaked	tubs	soak	tub	0.029		USF:Cue_Target_Pairs.S:4579	yes	yes	yes	yes	yes	
CAND_PLAUS_001128	plus	candidate_pending_human_review			weak_congruence	1	He is soaking six tubs	be_progressive	soaking	tubs	soak	tub	0.029		USF:Cue_Target_Pairs.S:4579	yes	yes	yes	yes	yes	
CAND_PLAUS_001129	plus	candidate_pending_human_review			weak_congruence	1	He does not soak six tubs	do_negation	soak	tubs	soak	tub	0.029		USF:Cue_Target_Pairs.S:4579	yes	yes	yes	yes	yes	
CAND_PLAUS_001130	plus	candidate_pending_human_review			weak_congruence	1	Every day he soaks six tubs	present_3s	soaks	tubs	soak	tub	0.029		USF:Cue_Target_Pairs.S:4579	yes	yes	yes	yes	yes	
CAND_PLAUS_001131	plus	candidate_pending_human_review			weak_congruence	1	Last week he soaked six tubs	simple_past	soaked	tubs	soak	tub	0.029		USF:Cue_Target_Pairs.S:4579	yes	yes	yes	yes	yes	
CAND_PLAUS_001132	plus	candidate_pending_human_review			weak_congruence	1	They are soaking six tubs	be_progressive	soaking	tubs	soak	tub	0.029		USF:Cue_Target_Pairs.S:4579	yes	yes	yes	yes	yes	
CAND_PLAUS_001133	plus	candidate_pending_human_review			weak_congruence	1	They do not soak six tubs	do_negation	soak	tubs	soak	tub	0.029		USF:Cue_Target_Pairs.S:4579	yes	yes	yes	yes	yes	
CAND_PLAUS_001134	plus	candidate_pending_human_review			weak_congruence	1	Every day they soak six tubs	present_3s	soak	tubs	soak	tub	0.029		USF:Cue_Target_Pairs.S:4579	yes	yes	yes	yes	yes	
CAND_PLAUS_001135	plus	candidate_pending_human_review			weak_congruence	1	Last week they soaked six tubs	simple_past	soaked	tubs	soak	tub	0.029		USF:Cue_Target_Pairs.S:4579	yes	yes	yes	yes	yes	
CAND_PLAUS_001136	plus	candidate_pending_human_review			weak_congruence	1	She is sparing one rib	be_progressive	sparing	rib	spare	rib	0.041		USF:Cue_Target_Pairs.S:5302	yes	yes	yes	yes	yes	
CAND_PLAUS_001137	plus	candidate_pending_human_review			weak_congruence	1	She does not spare one rib	do_negation	spare	rib	spare	rib	0.041		USF:Cue_Target_Pairs.S:5302	yes	yes	yes	yes	yes	
CAND_PLAUS_001138	plus	candidate_pending_human_review			weak_congruence	1	Every day she spares one rib	present_3s	spares	rib	spare	rib	0.041		USF:Cue_Target_Pairs.S:5302	yes	yes	yes	yes	yes	
CAND_PLAUS_001139	plus	candidate_pending_human_review			weak_congruence	1	Last week she spared one rib	simple_past	spared	rib	spare	rib	0.041		USF:Cue_Target_Pairs.S:5302	yes	yes	yes	yes	yes	
CAND_PLAUS_001140	plus	candidate_pending_human_review			weak_congruence	1	He is sparing one rib	be_progressive	sparing	rib	spare	rib	0.041		USF:Cue_Target_Pairs.S:5302	yes	yes	yes	yes	yes	
CAND_PLAUS_001141	plus	candidate_pending_human_review			weak_congruence	1	He does not spare one rib	do_negation	spare	rib	spare	rib	0.041		USF:Cue_Target_Pairs.S:5302	yes	yes	yes	yes	yes	
CAND_PLAUS_001142	plus	candidate_pending_human_review			weak_congruence	1	Every day he spares one rib	present_3s	spares	rib	spare	rib	0.041		USF:Cue_Target_Pairs.S:5302	yes	yes	yes	yes	yes	
CAND_PLAUS_001143	plus	candidate_pending_human_review			weak_congruence	1	Last week he spared one rib	simple_past	spared	rib	spare	rib	0.041		USF:Cue_Target_Pairs.S:5302	yes	yes	yes	yes	yes	
CAND_PLAUS_001144	plus	candidate_pending_human_review			weak_congruence	1	They are sparing one rib	be_progressive	sparing	rib	spare	rib	0.041		USF:Cue_Target_Pairs.S:5302	yes	yes	yes	yes	yes	
CAND_PLAUS_001145	plus	candidate_pending_human_review			weak_congruence	1	They do not spare one rib	do_negation	spare	rib	spare	rib	0.041		USF:Cue_Target_Pairs.S:5302	yes	yes	yes	yes	yes	
CAND_PLAUS_001146	plus	candidate_pending_human_review			weak_congruence	1	Every day they spare one rib	present_3s	spare	rib	spare	rib	0.041		USF:Cue_Target_Pairs.S:5302	yes	yes	yes	yes	yes	
CAND_PLAUS_001147	plus	candidate_pending_human_review			weak_congruence	1	Last week they spared one rib	simple_past	spared	rib	spare	rib	0.041		USF:Cue_Target_Pairs.S:5302	yes	yes	yes	yes	yes	
CAND_PLAUS_001148	plus	candidate_pending_human_review			weak_congruence	1	She is sparing two ribs	be_progressive	sparing	ribs	spare	rib	0.041		USF:Cue_Target_Pairs.S:5302	yes	yes	yes	yes	yes	
CAND_PLAUS_001149	plus	candidate_pending_human_review			weak_congruence	1	She does not spare two ribs	do_negation	spare	ribs	spare	rib	0.041		USF:Cue_Target_Pairs.S:5302	yes	yes	yes	yes	yes	
CAND_PLAUS_001150	plus	candidate_pending_human_review			weak_congruence	1	Every day she spares two ribs	present_3s	spares	ribs	spare	rib	0.041		USF:Cue_Target_Pairs.S:5302	yes	yes	yes	yes	yes	
CAND_PLAUS_001151	plus	candidate_pending_human_review			weak_congruence	1	Last week she spared two ribs	simple_past	spared	ribs	spare	rib	0.041		USF:Cue_Target_Pairs.S:5302	yes	yes	yes	yes	yes	
CAND_PLAUS_001152	plus	candidate_pending_human_review			weak_congruence	1	He is sparing two ribs	be_progressive	sparing	ribs	spare	rib	0.041		USF:Cue_Target_Pairs.S:5302	yes	yes	yes	yes	yes	
CAND_PLAUS_001153	plus	candidate_pending_human_review			weak_congruence	1	He does not spare two ribs	do_negation	spare	ribs	spare	rib	0.041		USF:Cue_Target_Pairs.S:5302	yes	yes	yes	yes	yes	
CAND_PLAUS_001154	plus	candidate_pending_human_review			weak_congruence	1	Every day he spares two ribs	present_3s	spares	ribs	spare	rib	0.041		USF:Cue_Target_Pairs.S:5302	yes	yes	yes	yes	yes	
CAND_PLAUS_001155	plus	candidate_pending_human_review			weak_congruence	1	Last week he spared two ribs	simple_past	spared	ribs	spare	rib	0.041		USF:Cue_Target_Pairs.S:5302	yes	yes	yes	yes	yes	
CAND_PLAUS_001156	plus	candidate_pending_human_review			weak_congruence	1	They are sparing two ribs	be_progressive	sparing	ribs	spare	rib	0.041		USF:Cue_Target_Pairs.S:5302	yes	yes	yes	yes	yes	
CAND_PLAUS_001157	plus	candidate_pending_human_review			weak_congruence	1	They do not spare two ribs	do_negation	spare	ribs	spare	rib	0.041		USF:Cue_Target_Pairs.S:5302	yes	yes	yes	yes	yes	
CAND_PLAUS_001158	plus	candidate_pending_human_review			weak_congruence	1	Every day they spare two ribs	present_3s	spare	ribs	spare	rib	0.041		USF:Cue_Target_Pairs.S:5302	yes	yes	yes	yes	yes	
CAND_PLAUS_001159	plus	candidate_pending_human_review			weak_congruence	1	Last week they spared two ribs	simple_past	spared	ribs	spare	rib	0.041		USF:Cue_Target_Pairs.S:5302	yes	yes	yes	yes	yes	
CAND_PLAUS_001160	plus	candidate_pending_human_review			weak_congruence	1	She is sparing three ribs	be_progressive	sparing	ribs	spare	rib	0.041		USF:Cue_Target_Pairs.S:5302	yes	yes	yes	yes	yes	
CAND_PLAUS_001161	plus	candidate_pending_human_review			weak_congruence	1	She does not spare three ribs	do_negation	spare	ribs	spare	rib	0.041		USF:Cue_Target_Pairs.S:5302	yes	yes	yes	yes	yes	
CAND_PLAUS_001162	plus	candidate_pending_human_review			weak_congruence	1	Every day she spares three ribs	present_3s	spares	ribs	spare	rib	0.041		USF:Cue_Target_Pairs.S:5302	yes	yes	yes	yes	yes	
CAND_PLAUS_001163	plus	candidate_pending_human_review			weak_congruence	1	Last week she spared three ribs	simple_past	spared	ribs	spare	rib	0.041		USF:Cue_Target_Pairs.S:5302	yes	yes	yes	yes	yes	
CAND_PLAUS_001164	plus	candidate_pending_human_review			weak_congruence	1	He is sparing three ribs	be_progressive	sparing	ribs	spare	rib	0.041		USF:Cue_Target_Pairs.S:5302	yes	yes	yes	yes	yes	
CAND_PLAUS_001165	plus	candidate_pending_human_review			weak_congruence	1	He does not spare three ribs	do_negation	spare	ribs	spare	rib	0.041		USF:Cue_Target_Pairs.S:5302	yes	yes	yes	yes	yes	
CAND_PLAUS_001166	plus	candidate_pending_human_review			weak_congruence	1	Every day he spares three ribs	present_3s	spares	ribs	spare	rib	0.041		USF:Cue_Target_Pairs.S:5302	yes	yes	yes	yes	yes	
CAND_PLAUS_001167	plus	candidate_pending_human_review			weak_congruence	1	Last week he spared three ribs	simple_past	spared	ribs	spare	rib	0.041		USF:Cue_Target_Pairs.S:5302	yes	yes	yes	yes	yes	
CAND_PLAUS_001168	plus	candidate_pending_human_review			weak_congruence	1	They are sparing three ribs	be_progressive	sparing	ribs	spare	rib	0.041		USF:Cue_Target_Pairs.S:5302	yes	yes	yes	yes	yes	
CAND_PLAUS_001169	plus	candidate_pending_human_review			weak_congruence	1	They do not spare three ribs	do_negation	spare	ribs	spare	rib	0.041		USF:Cue_Target_Pairs.S:5302	yes	yes	yes	yes	yes	
CAND_PLAUS_001170	plus	candidate_pending_human_review			weak_congruence	1	Every day they spare three ribs	present_3s	spare	ribs	spare	rib	0.041		USF:Cue_Target_Pairs.S:5302	yes	yes	yes	yes	yes	
CAND_PLAUS_001171	plus	candidate_pending_human_review			weak_congruence	1	Last week they spared three ribs	simple_past	spared	ribs	spare	rib	0.041		USF:Cue_Target_Pairs.S:5302	yes	yes	yes	yes	yes	
CAND_PLAUS_001172	plus	candidate_pending_human_review			weak_congruence	1	She is sparing four ribs	be_progressive	sparing	ribs	spare	rib	0.041		USF:Cue_Target_Pairs.S:5302	yes	yes	yes	yes	yes	
CAND_PLAUS_001173	plus	candidate_pending_human_review			weak_congruence	1	She does not spare four ribs	do_negation	spare	ribs	spare	rib	0.041		USF:Cue_Target_Pairs.S:5302	yes	yes	yes	yes	yes	
CAND_PLAUS_001174	plus	candidate_pending_human_review			weak_congruence	1	Every day she spares four ribs	present_3s	spares	ribs	spare	rib	0.041		USF:Cue_Target_Pairs.S:5302	yes	yes	yes	yes	yes	
CAND_PLAUS_001175	plus	candidate_pending_human_review			weak_congruence	1	Last week she spared four ribs	simple_past	spared	ribs	spare	rib	0.041		USF:Cue_Target_Pairs.S:5302	yes	yes	yes	yes	yes	
CAND_PLAUS_001176	plus	candidate_pending_human_review			weak_congruence	1	He is sparing four ribs	be_progressive	sparing	ribs	spare	rib	0.041		USF:Cue_Target_Pairs.S:5302	yes	yes	yes	yes	yes	
CAND_PLAUS_001177	plus	candidate_pending_human_review			weak_congruence	1	He does not spare four ribs	do_negation	spare	ribs	spare	rib	0.041		USF:Cue_Target_Pairs.S:5302	yes	yes	yes	yes	yes	
CAND_PLAUS_001178	plus	candidate_pending_human_review			weak_congruence	1	Every day he spares four ribs	present_3s	spares	ribs	spare	rib	0.041		USF:Cue_Target_Pairs.S:5302	yes	yes	yes	yes	yes	
CAND_PLAUS_001179	plus	candidate_pending_human_review			weak_congruence	1	Last week he spared four ribs	simple_past	spared	ribs	spare	rib	0.041		USF:Cue_Target_Pairs.S:5302	yes	yes	yes	yes	yes	
CAND_PLAUS_001180	plus	candidate_pending_human_review			weak_congruence	1	They are sparing four ribs	be_progressive	sparing	ribs	spare	rib	0.041		USF:Cue_Target_Pairs.S:5302	yes	yes	yes	yes	yes	
CAND_PLAUS_001181	plus	candidate_pending_human_review			weak_congruence	1	They do not spare four ribs	do_negation	spare	ribs	spare	rib	0.041		USF:Cue_Target_Pairs.S:5302	yes	yes	yes	yes	yes	
CAND_PLAUS_001182	plus	candidate_pending_human_review			weak_congruence	1	Every day they spare four ribs	present_3s	spare	ribs	spare	rib	0.041		USF:Cue_Target_Pairs.S:5302	yes	yes	yes	yes	yes	
CAND_PLAUS_001183	plus	candidate_pending_human_review			weak_congruence	1	Last week they spared four ribs	simple_past	spared	ribs	spare	rib	0.041		USF:Cue_Target_Pairs.S:5302	yes	yes	yes	yes	yes	
CAND_PLAUS_001184	plus	candidate_pending_human_review			weak_congruence	1	She is sparing five ribs	be_progressive	sparing	ribs	spare	rib	0.041		USF:Cue_Target_Pairs.S:5302	yes	yes	yes	yes	yes	
CAND_PLAUS_001185	plus	candidate_pending_human_review			weak_congruence	1	She does not spare five ribs	do_negation	spare	ribs	spare	rib	0.041		USF:Cue_Target_Pairs.S:5302	yes	yes	yes	yes	yes	
CAND_PLAUS_001186	plus	candidate_pending_human_review			weak_congruence	1	Every day she spares five ribs	present_3s	spares	ribs	spare	rib	0.041		USF:Cue_Target_Pairs.S:5302	yes	yes	yes	yes	yes	
CAND_PLAUS_001187	plus	candidate_pending_human_review			weak_congruence	1	Last week she spared five ribs	simple_past	spared	ribs	spare	rib	0.041		USF:Cue_Target_Pairs.S:5302	yes	yes	yes	yes	yes	
CAND_PLAUS_001188	plus	candidate_pending_human_review			weak_congruence	1	He is sparing five ribs	be_progressive	sparing	ribs	spare	rib	0.041		USF:Cue_Target_Pairs.S:5302	yes	yes	yes	yes	yes	
CAND_PLAUS_001189	plus	candidate_pending_human_review			weak_congruence	1	He does not spare five ribs	do_negation	spare	ribs	spare	rib	0.041		USF:Cue_Target_Pairs.S:5302	yes	yes	yes	yes	yes	
CAND_PLAUS_001190	plus	candidate_pending_human_review			weak_congruence	1	Every day he spares five ribs	present_3s	spares	ribs	spare	rib	0.041		USF:Cue_Target_Pairs.S:5302	yes	yes	yes	yes	yes	
CAND_PLAUS_001191	plus	candidate_pending_human_review			weak_congruence	1	Last week he spared five ribs	simple_past	spared	ribs	spare	rib	0.041		USF:Cue_Target_Pairs.S:5302	yes	yes	yes	yes	yes	
CAND_PLAUS_001192	plus	candidate_pending_human_review			weak_congruence	1	They are sparing five ribs	be_progressive	sparing	ribs	spare	rib	0.041		USF:Cue_Target_Pairs.S:5302	yes	yes	yes	yes	yes	
CAND_PLAUS_001193	plus	candidate_pending_human_review			weak_congruence	1	They do not spare five ribs	do_negation	spare	ribs	spare	rib	0.041		USF:Cue_Target_Pairs.S:5302	yes	yes	yes	yes	yes	
CAND_PLAUS_001194	plus	candidate_pending_human_review			weak_congruence	1	Every day they spare five ribs	present_3s	spare	ribs	spare	rib	0.041		USF:Cue_Target_Pairs.S:5302	yes	yes	yes	yes	yes	
CAND_PLAUS_001195	plus	candidate_pending_human_review			weak_congruence	1	Last week they spared five ribs	simple_past	spared	ribs	spare	rib	0.041		USF:Cue_Target_Pairs.S:5302	yes	yes	yes	yes	yes	
CAND_PLAUS_001196	plus	candidate_pending_human_review			weak_congruence	1	She is sparing six ribs	be_progressive	sparing	ribs	spare	rib	0.041		USF:Cue_Target_Pairs.S:5302	yes	yes	yes	yes	yes	
CAND_PLAUS_001197	plus	candidate_pending_human_review			weak_congruence	1	She does not spare six ribs	do_negation	spare	ribs	spare	rib	0.041		USF:Cue_Target_Pairs.S:5302	yes	yes	yes	yes	yes	
CAND_PLAUS_001198	plus	candidate_pending_human_review			weak_congruence	1	Every day she spares six ribs	present_3s	spares	ribs	spare	rib	0.041		USF:Cue_Target_Pairs.S:5302	yes	yes	yes	yes	yes	
CAND_PLAUS_001199	plus	candidate_pending_human_review			weak_congruence	1	Last week she spared six ribs	simple_past	spared	ribs	spare	rib	0.041		USF:Cue_Target_Pairs.S:5302	yes	yes	yes	yes	yes	
CAND_PLAUS_001200	plus	candidate_pending_human_review			weak_congruence	1	He is sparing six ribs	be_progressive	sparing	ribs	spare	rib	0.041		USF:Cue_Target_Pairs.S:5302	yes	yes	yes	yes	yes	
CAND_PLAUS_001201	plus	candidate_pending_human_review			weak_congruence	1	He does not spare six ribs	do_negation	spare	ribs	spare	rib	0.041		USF:Cue_Target_Pairs.S:5302	yes	yes	yes	yes	yes	
CAND_PLAUS_001202	plus	candidate_pending_human_review			weak_congruence	1	Every day he spares six ribs	present_3s	spares	ribs	spare	rib	0.041		USF:Cue_Target_Pairs.S:5302	yes	yes	yes	yes	yes	
CAND_PLAUS_001203	plus	candidate_pending_human_review			weak_congruence	1	Last week he spared six ribs	simple_past	spared	ribs	spare	rib	0.041		USF:Cue_Target_Pairs.S:5302	yes	yes	yes	yes	yes	
CAND_PLAUS_001204	plus	candidate_pending_human_review			weak_congruence	1	They are sparing six ribs	be_progressive	sparing	ribs	spare	rib	0.041		USF:Cue_Target_Pairs.S:5302	yes	yes	yes	yes	yes	
CAND_PLAUS_001205	plus	candidate_pending_human_review			weak_congruence	1	They do not spare six ribs	do_negation	spare	ribs	spare	rib	0.041		USF:Cue_Target_Pairs.S:5302	yes	yes	yes	yes	yes	
CAND_PLAUS_001206	plus	candidate_pending_human_review			weak_congruence	1	Every day they spare six ribs	present_3s	spare	ribs	spare	rib	0.041		USF:Cue_Target_Pairs.S:5302	yes	yes	yes	yes	yes	
CAND_PLAUS_001207	plus	candidate_pending_human_review			weak_congruence	1	Last week they spared six ribs	simple_past	spared	ribs	spare	rib	0.041		USF:Cue_Target_Pairs.S:5302	yes	yes	yes	yes	yes	
CAND_PLAUS_001208	plus	candidate_pending_human_review			weak_congruence	1	She is spoiling one brat	be_progressive	spoiling	brat	spoil	brat	0.054		USF:Cue_Target_Pairs.S:5713	yes	yes	yes	yes	yes	
CAND_PLAUS_001209	plus	candidate_pending_human_review			weak_congruence	1	She does not spoil one brat	do_negation	spoil	brat	spoil	brat	0.054		USF:Cue_Target_Pairs.S:5713	yes	yes	yes	yes	yes	
CAND_PLAUS_001210	plus	candidate_pending_human_review			weak_congruence	1	Every day she spoils one brat	present_3s	spoils	brat	spoil	brat	0.054		USF:Cue_Target_Pairs.S:5713	yes	yes	yes	yes	yes	
CAND_PLAUS_001211	plus	candidate_pending_human_review			weak_congruence	1	Last week she spoiled one brat	simple_past	spoiled	brat	spoil	brat	0.054		USF:Cue_Target_Pairs.S:5713	yes	yes	yes	yes	yes	
CAND_PLAUS_001212	plus	candidate_pending_human_review			weak_congruence	1	He is spoiling one brat	be_progressive	spoiling	brat	spoil	brat	0.054		USF:Cue_Target_Pairs.S:5713	yes	yes	yes	yes	yes	
CAND_PLAUS_001213	plus	candidate_pending_human_review			weak_congruence	1	He does not spoil one brat	do_negation	spoil	brat	spoil	brat	0.054		USF:Cue_Target_Pairs.S:5713	yes	yes	yes	yes	yes	
CAND_PLAUS_001214	plus	candidate_pending_human_review			weak_congruence	1	Every day he spoils one brat	present_3s	spoils	brat	spoil	brat	0.054		USF:Cue_Target_Pairs.S:5713	yes	yes	yes	yes	yes	
CAND_PLAUS_001215	plus	candidate_pending_human_review			weak_congruence	1	Last week he spoiled one brat	simple_past	spoiled	brat	spoil	brat	0.054		USF:Cue_Target_Pairs.S:5713	yes	yes	yes	yes	yes	
CAND_PLAUS_001216	plus	candidate_pending_human_review			weak_congruence	1	They are spoiling one brat	be_progressive	spoiling	brat	spoil	brat	0.054		USF:Cue_Target_Pairs.S:5713	yes	yes	yes	yes	yes	
CAND_PLAUS_001217	plus	candidate_pending_human_review			weak_congruence	1	They do not spoil one brat	do_negation	spoil	brat	spoil	brat	0.054		USF:Cue_Target_Pairs.S:5713	yes	yes	yes	yes	yes	
CAND_PLAUS_001218	plus	candidate_pending_human_review			weak_congruence	1	Every day they spoil one brat	present_3s	spoil	brat	spoil	brat	0.054		USF:Cue_Target_Pairs.S:5713	yes	yes	yes	yes	yes	
CAND_PLAUS_001219	plus	candidate_pending_human_review			weak_congruence	1	Last week they spoiled one brat	simple_past	spoiled	brat	spoil	brat	0.054		USF:Cue_Target_Pairs.S:5713	yes	yes	yes	yes	yes	
CAND_PLAUS_001220	plus	candidate_pending_human_review			weak_congruence	1	She is spoiling two brats	be_progressive	spoiling	brats	spoil	brat	0.054		USF:Cue_Target_Pairs.S:5713	yes	yes	yes	yes	yes	
CAND_PLAUS_001221	plus	candidate_pending_human_review			weak_congruence	1	She does not spoil two brats	do_negation	spoil	brats	spoil	brat	0.054		USF:Cue_Target_Pairs.S:5713	yes	yes	yes	yes	yes	
CAND_PLAUS_001222	plus	candidate_pending_human_review			weak_congruence	1	Every day she spoils two brats	present_3s	spoils	brats	spoil	brat	0.054		USF:Cue_Target_Pairs.S:5713	yes	yes	yes	yes	yes	
CAND_PLAUS_001223	plus	candidate_pending_human_review			weak_congruence	1	Last week she spoiled two brats	simple_past	spoiled	brats	spoil	brat	0.054		USF:Cue_Target_Pairs.S:5713	yes	yes	yes	yes	yes	
CAND_PLAUS_001224	plus	candidate_pending_human_review			weak_congruence	1	He is spoiling two brats	be_progressive	spoiling	brats	spoil	brat	0.054		USF:Cue_Target_Pairs.S:5713	yes	yes	yes	yes	yes	
CAND_PLAUS_001225	plus	candidate_pending_human_review			weak_congruence	1	He does not spoil two brats	do_negation	spoil	brats	spoil	brat	0.054		USF:Cue_Target_Pairs.S:5713	yes	yes	yes	yes	yes	
CAND_PLAUS_001226	plus	candidate_pending_human_review			weak_congruence	1	Every day he spoils two brats	present_3s	spoils	brats	spoil	brat	0.054		USF:Cue_Target_Pairs.S:5713	yes	yes	yes	yes	yes	
CAND_PLAUS_001227	plus	candidate_pending_human_review			weak_congruence	1	Last week he spoiled two brats	simple_past	spoiled	brats	spoil	brat	0.054		USF:Cue_Target_Pairs.S:5713	yes	yes	yes	yes	yes	
CAND_PLAUS_001228	plus	candidate_pending_human_review			weak_congruence	1	They are spoiling two brats	be_progressive	spoiling	brats	spoil	brat	0.054		USF:Cue_Target_Pairs.S:5713	yes	yes	yes	yes	yes	
CAND_PLAUS_001229	plus	candidate_pending_human_review			weak_congruence	1	They do not spoil two brats	do_negation	spoil	brats	spoil	brat	0.054		USF:Cue_Target_Pairs.S:5713	yes	yes	yes	yes	yes	
CAND_PLAUS_001230	plus	candidate_pending_human_review			weak_congruence	1	Every day they spoil two brats	present_3s	spoil	brats	spoil	brat	0.054		USF:Cue_Target_Pairs.S:5713	yes	yes	yes	yes	yes	
CAND_PLAUS_001231	plus	candidate_pending_human_review			weak_congruence	1	Last week they spoiled two brats	simple_past	spoiled	brats	spoil	brat	0.054		USF:Cue_Target_Pairs.S:5713	yes	yes	yes	yes	yes	
CAND_PLAUS_001232	plus	candidate_pending_human_review			weak_congruence	1	She is spoiling three brats	be_progressive	spoiling	brats	spoil	brat	0.054		USF:Cue_Target_Pairs.S:5713	yes	yes	yes	yes	yes	
CAND_PLAUS_001233	plus	candidate_pending_human_review			weak_congruence	1	She does not spoil three brats	do_negation	spoil	brats	spoil	brat	0.054		USF:Cue_Target_Pairs.S:5713	yes	yes	yes	yes	yes	
CAND_PLAUS_001234	plus	candidate_pending_human_review			weak_congruence	1	Every day she spoils three brats	present_3s	spoils	brats	spoil	brat	0.054		USF:Cue_Target_Pairs.S:5713	yes	yes	yes	yes	yes	
CAND_PLAUS_001235	plus	candidate_pending_human_review			weak_congruence	1	Last week she spoiled three brats	simple_past	spoiled	brats	spoil	brat	0.054		USF:Cue_Target_Pairs.S:5713	yes	yes	yes	yes	yes	
CAND_PLAUS_001236	plus	candidate_pending_human_review			weak_congruence	1	He is spoiling three brats	be_progressive	spoiling	brats	spoil	brat	0.054		USF:Cue_Target_Pairs.S:5713	yes	yes	yes	yes	yes	
CAND_PLAUS_001237	plus	candidate_pending_human_review			weak_congruence	1	He does not spoil three brats	do_negation	spoil	brats	spoil	brat	0.054		USF:Cue_Target_Pairs.S:5713	yes	yes	yes	yes	yes	
CAND_PLAUS_001238	plus	candidate_pending_human_review			weak_congruence	1	Every day he spoils three brats	present_3s	spoils	brats	spoil	brat	0.054		USF:Cue_Target_Pairs.S:5713	yes	yes	yes	yes	yes	
CAND_PLAUS_001239	plus	candidate_pending_human_review			weak_congruence	1	Last week he spoiled three brats	simple_past	spoiled	brats	spoil	brat	0.054		USF:Cue_Target_Pairs.S:5713	yes	yes	yes	yes	yes	
CAND_PLAUS_001240	plus	candidate_pending_human_review			weak_congruence	1	They are spoiling three brats	be_progressive	spoiling	brats	spoil	brat	0.054		USF:Cue_Target_Pairs.S:5713	yes	yes	yes	yes	yes	
CAND_PLAUS_001241	plus	candidate_pending_human_review			weak_congruence	1	They do not spoil three brats	do_negation	spoil	brats	spoil	brat	0.054		USF:Cue_Target_Pairs.S:5713	yes	yes	yes	yes	yes	
CAND_PLAUS_001242	plus	candidate_pending_human_review			weak_congruence	1	Every day they spoil three brats	present_3s	spoil	brats	spoil	brat	0.054		USF:Cue_Target_Pairs.S:5713	yes	yes	yes	yes	yes	
CAND_PLAUS_001243	plus	candidate_pending_human_review			weak_congruence	1	Last week they spoiled three brats	simple_past	spoiled	brats	spoil	brat	0.054		USF:Cue_Target_Pairs.S:5713	yes	yes	yes	yes	yes	
CAND_PLAUS_001244	plus	candidate_pending_human_review			weak_congruence	1	She is spoiling four brats	be_progressive	spoiling	brats	spoil	brat	0.054		USF:Cue_Target_Pairs.S:5713	yes	yes	yes	yes	yes	
CAND_PLAUS_001245	plus	candidate_pending_human_review			weak_congruence	1	She does not spoil four brats	do_negation	spoil	brats	spoil	brat	0.054		USF:Cue_Target_Pairs.S:5713	yes	yes	yes	yes	yes	
CAND_PLAUS_001246	plus	candidate_pending_human_review			weak_congruence	1	Every day she spoils four brats	present_3s	spoils	brats	spoil	brat	0.054		USF:Cue_Target_Pairs.S:5713	yes	yes	yes	yes	yes	
CAND_PLAUS_001247	plus	candidate_pending_human_review			weak_congruence	1	Last week she spoiled four brats	simple_past	spoiled	brats	spoil	brat	0.054		USF:Cue_Target_Pairs.S:5713	yes	yes	yes	yes	yes	
CAND_PLAUS_001248	plus	candidate_pending_human_review			weak_congruence	1	He is spoiling four brats	be_progressive	spoiling	brats	spoil	brat	0.054		USF:Cue_Target_Pairs.S:5713	yes	yes	yes	yes	yes	
CAND_PLAUS_001249	plus	candidate_pending_human_review			weak_congruence	1	He does not spoil four brats	do_negation	spoil	brats	spoil	brat	0.054		USF:Cue_Target_Pairs.S:5713	yes	yes	yes	yes	yes	
CAND_PLAUS_001250	plus	candidate_pending_human_review			weak_congruence	1	Every day he spoils four brats	present_3s	spoils	brats	spoil	brat	0.054		USF:Cue_Target_Pairs.S:5713	yes	yes	yes	yes	yes	
CAND_PLAUS_001251	plus	candidate_pending_human_review			weak_congruence	1	Last week he spoiled four brats	simple_past	spoiled	brats	spoil	brat	0.054		USF:Cue_Target_Pairs.S:5713	yes	yes	yes	yes	yes	
CAND_PLAUS_001252	plus	candidate_pending_human_review			weak_congruence	1	They are spoiling four brats	be_progressive	spoiling	brats	spoil	brat	0.054		USF:Cue_Target_Pairs.S:5713	yes	yes	yes	yes	yes	
CAND_PLAUS_001253	plus	candidate_pending_human_review			weak_congruence	1	They do not spoil four brats	do_negation	spoil	brats	spoil	brat	0.054		USF:Cue_Target_Pairs.S:5713	yes	yes	yes	yes	yes	
CAND_PLAUS_001254	plus	candidate_pending_human_review			weak_congruence	1	Every day they spoil four brats	present_3s	spoil	brats	spoil	brat	0.054		USF:Cue_Target_Pairs.S:5713	yes	yes	yes	yes	yes	
CAND_PLAUS_001255	plus	candidate_pending_human_review			weak_congruence	1	Last week they spoiled four brats	simple_past	spoiled	brats	spoil	brat	0.054		USF:Cue_Target_Pairs.S:5713	yes	yes	yes	yes	yes	
CAND_PLAUS_001256	plus	candidate_pending_human_review			weak_congruence	1	She is spoiling five brats	be_progressive	spoiling	brats	spoil	brat	0.054		USF:Cue_Target_Pairs.S:5713	yes	yes	yes	yes	yes	
CAND_PLAUS_001257	plus	candidate_pending_human_review			weak_congruence	1	She does not spoil five brats	do_negation	spoil	brats	spoil	brat	0.054		USF:Cue_Target_Pairs.S:5713	yes	yes	yes	yes	yes	
CAND_PLAUS_001258	plus	candidate_pending_human_review			weak_congruence	1	Every day she spoils five brats	present_3s	spoils	brats	spoil	brat	0.054		USF:Cue_Target_Pairs.S:5713	yes	yes	yes	yes	yes	
CAND_PLAUS_001259	plus	candidate_pending_human_review			weak_congruence	1	Last week she spoiled five brats	simple_past	spoiled	brats	spoil	brat	0.054		USF:Cue_Target_Pairs.S:5713	yes	yes	yes	yes	yes	
CAND_PLAUS_001260	plus	candidate_pending_human_review			weak_congruence	1	He is spoiling five brats	be_progressive	spoiling	brats	spoil	brat	0.054		USF:Cue_Target_Pairs.S:5713	yes	yes	yes	yes	yes	
CAND_PLAUS_001261	plus	candidate_pending_human_review			weak_congruence	1	He does not spoil five brats	do_negation	spoil	brats	spoil	brat	0.054		USF:Cue_Target_Pairs.S:5713	yes	yes	yes	yes	yes	
CAND_PLAUS_001262	plus	candidate_pending_human_review			weak_congruence	1	Every day he spoils five brats	present_3s	spoils	brats	spoil	brat	0.054		USF:Cue_Target_Pairs.S:5713	yes	yes	yes	yes	yes	
CAND_PLAUS_001263	plus	candidate_pending_human_review			weak_congruence	1	Last week he spoiled five brats	simple_past	spoiled	brats	spoil	brat	0.054		USF:Cue_Target_Pairs.S:5713	yes	yes	yes	yes	yes	
CAND_PLAUS_001264	plus	candidate_pending_human_review			weak_congruence	1	They are spoiling five brats	be_progressive	spoiling	brats	spoil	brat	0.054		USF:Cue_Target_Pairs.S:5713	yes	yes	yes	yes	yes	
CAND_PLAUS_001265	plus	candidate_pending_human_review			weak_congruence	1	They do not spoil five brats	do_negation	spoil	brats	spoil	brat	0.054		USF:Cue_Target_Pairs.S:5713	yes	yes	yes	yes	yes	
CAND_PLAUS_001266	plus	candidate_pending_human_review			weak_congruence	1	Every day they spoil five brats	present_3s	spoil	brats	spoil	brat	0.054		USF:Cue_Target_Pairs.S:5713	yes	yes	yes	yes	yes	
CAND_PLAUS_001267	plus	candidate_pending_human_review			weak_congruence	1	Last week they spoiled five brats	simple_past	spoiled	brats	spoil	brat	0.054		USF:Cue_Target_Pairs.S:5713	yes	yes	yes	yes	yes	
CAND_PLAUS_001268	plus	candidate_pending_human_review			weak_congruence	1	She is spoiling six brats	be_progressive	spoiling	brats	spoil	brat	0.054		USF:Cue_Target_Pairs.S:5713	yes	yes	yes	yes	yes	
CAND_PLAUS_001269	plus	candidate_pending_human_review			weak_congruence	1	She does not spoil six brats	do_negation	spoil	brats	spoil	brat	0.054		USF:Cue_Target_Pairs.S:5713	yes	yes	yes	yes	yes	
CAND_PLAUS_001270	plus	candidate_pending_human_review			weak_congruence	1	Every day she spoils six brats	present_3s	spoils	brats	spoil	brat	0.054		USF:Cue_Target_Pairs.S:5713	yes	yes	yes	yes	yes	
CAND_PLAUS_001271	plus	candidate_pending_human_review			weak_congruence	1	Last week she spoiled six brats	simple_past	spoiled	brats	spoil	brat	0.054		USF:Cue_Target_Pairs.S:5713	yes	yes	yes	yes	yes	
CAND_PLAUS_001272	plus	candidate_pending_human_review			weak_congruence	1	He is spoiling six brats	be_progressive	spoiling	brats	spoil	brat	0.054		USF:Cue_Target_Pairs.S:5713	yes	yes	yes	yes	yes	
CAND_PLAUS_001273	plus	candidate_pending_human_review			weak_congruence	1	He does not spoil six brats	do_negation	spoil	brats	spoil	brat	0.054		USF:Cue_Target_Pairs.S:5713	yes	yes	yes	yes	yes	
CAND_PLAUS_001274	plus	candidate_pending_human_review			weak_congruence	1	Every day he spoils six brats	present_3s	spoils	brats	spoil	brat	0.054		USF:Cue_Target_Pairs.S:5713	yes	yes	yes	yes	yes	
CAND_PLAUS_001275	plus	candidate_pending_human_review			weak_congruence	1	Last week he spoiled six brats	simple_past	spoiled	brats	spoil	brat	0.054		USF:Cue_Target_Pairs.S:5713	yes	yes	yes	yes	yes	
CAND_PLAUS_001276	plus	candidate_pending_human_review			weak_congruence	1	They are spoiling six brats	be_progressive	spoiling	brats	spoil	brat	0.054		USF:Cue_Target_Pairs.S:5713	yes	yes	yes	yes	yes	
CAND_PLAUS_001277	plus	candidate_pending_human_review			weak_congruence	1	They do not spoil six brats	do_negation	spoil	brats	spoil	brat	0.054		USF:Cue_Target_Pairs.S:5713	yes	yes	yes	yes	yes	
CAND_PLAUS_001278	plus	candidate_pending_human_review			weak_congruence	1	Every day they spoil six brats	present_3s	spoil	brats	spoil	brat	0.054		USF:Cue_Target_Pairs.S:5713	yes	yes	yes	yes	yes	
CAND_PLAUS_001279	plus	candidate_pending_human_review			weak_congruence	1	Last week they spoiled six brats	simple_past	spoiled	brats	spoil	brat	0.054		USF:Cue_Target_Pairs.S:5713	yes	yes	yes	yes	yes	
CAND_PLAUS_001280	plus	candidate_pending_human_review			weak_congruence	1	She is fighting one anger	be_progressive	fighting	anger	fight	anger	0.034		USF:Cue_Target_Pairs.D-F:7863	yes	yes	yes	yes	yes	
CAND_PLAUS_001281	plus	candidate_pending_human_review			weak_congruence	1	She does not fight one anger	do_negation	fight	anger	fight	anger	0.034		USF:Cue_Target_Pairs.D-F:7863	yes	yes	yes	yes	yes	
CAND_PLAUS_001282	plus	candidate_pending_human_review			weak_congruence	1	Every day she fights one anger	present_3s	fights	anger	fight	anger	0.034		USF:Cue_Target_Pairs.D-F:7863	yes	yes	yes	yes	yes	
CAND_PLAUS_001283	plus	candidate_pending_human_review			weak_congruence	1	Last week she fought one anger	simple_past	fought	anger	fight	anger	0.034		USF:Cue_Target_Pairs.D-F:7863	yes	yes	yes	yes	yes	
CAND_PLAUS_001284	plus	candidate_pending_human_review			weak_congruence	1	He is fighting one anger	be_progressive	fighting	anger	fight	anger	0.034		USF:Cue_Target_Pairs.D-F:7863	yes	yes	yes	yes	yes	
CAND_PLAUS_001285	plus	candidate_pending_human_review			weak_congruence	1	He does not fight one anger	do_negation	fight	anger	fight	anger	0.034		USF:Cue_Target_Pairs.D-F:7863	yes	yes	yes	yes	yes	
CAND_PLAUS_001286	plus	candidate_pending_human_review			weak_congruence	1	Every day he fights one anger	present_3s	fights	anger	fight	anger	0.034		USF:Cue_Target_Pairs.D-F:7863	yes	yes	yes	yes	yes	
CAND_PLAUS_001287	plus	candidate_pending_human_review			weak_congruence	1	Last week he fought one anger	simple_past	fought	anger	fight	anger	0.034		USF:Cue_Target_Pairs.D-F:7863	yes	yes	yes	yes	yes	
CAND_PLAUS_001288	plus	candidate_pending_human_review			weak_congruence	1	They are fighting one anger	be_progressive	fighting	anger	fight	anger	0.034		USF:Cue_Target_Pairs.D-F:7863	yes	yes	yes	yes	yes	
CAND_PLAUS_001289	plus	candidate_pending_human_review			weak_congruence	1	They do not fight one anger	do_negation	fight	anger	fight	anger	0.034		USF:Cue_Target_Pairs.D-F:7863	yes	yes	yes	yes	yes	
CAND_PLAUS_001290	plus	candidate_pending_human_review			weak_congruence	1	Every day they fight one anger	present_3s	fight	anger	fight	anger	0.034		USF:Cue_Target_Pairs.D-F:7863	yes	yes	yes	yes	yes	
CAND_PLAUS_001291	plus	candidate_pending_human_review			weak_congruence	1	Last week they fought one anger	simple_past	fought	anger	fight	anger	0.034		USF:Cue_Target_Pairs.D-F:7863	yes	yes	yes	yes	yes	
CAND_PLAUS_001292	plus	candidate_pending_human_review			weak_congruence	1	She is fighting two anger	be_progressive	fighting	anger	fight	anger	0.034		USF:Cue_Target_Pairs.D-F:7863	yes	yes	yes	yes	yes	
CAND_PLAUS_001293	plus	candidate_pending_human_review			weak_congruence	1	She does not fight two anger	do_negation	fight	anger	fight	anger	0.034		USF:Cue_Target_Pairs.D-F:7863	yes	yes	yes	yes	yes	
CAND_PLAUS_001294	plus	candidate_pending_human_review			weak_congruence	1	Every day she fights two anger	present_3s	fights	anger	fight	anger	0.034		USF:Cue_Target_Pairs.D-F:7863	yes	yes	yes	yes	yes	
CAND_PLAUS_001295	plus	candidate_pending_human_review			weak_congruence	1	Last week she fought two anger	simple_past	fought	anger	fight	anger	0.034		USF:Cue_Target_Pairs.D-F:7863	yes	yes	yes	yes	yes	
CAND_PLAUS_001296	plus	candidate_pending_human_review			weak_congruence	1	He is fighting two anger	be_progressive	fighting	anger	fight	anger	0.034		USF:Cue_Target_Pairs.D-F:7863	yes	yes	yes	yes	yes	
CAND_PLAUS_001297	plus	candidate_pending_human_review			weak_congruence	1	He does not fight two anger	do_negation	fight	anger	fight	anger	0.034		USF:Cue_Target_Pairs.D-F:7863	yes	yes	yes	yes	yes	
CAND_PLAUS_001298	plus	candidate_pending_human_review			weak_congruence	1	Every day he fights two anger	present_3s	fights	anger	fight	anger	0.034		USF:Cue_Target_Pairs.D-F:7863	yes	yes	yes	yes	yes	
CAND_PLAUS_001299	plus	candidate_pending_human_review			weak_congruence	1	Last week he fought two anger	simple_past	fought	anger	fight	anger	0.034		USF:Cue_Target_Pairs.D-F:7863	yes	yes	yes	yes	yes	
CAND_PLAUS_001300	plus	candidate_pending_human_review			weak_congruence	1	They are fighting two anger	be_progressive	fighting	anger	fight	anger	0.034		USF:Cue_Target_Pairs.D-F:7863	yes	yes	yes	yes	yes	
CAND_PLAUS_001301	plus	candidate_pending_human_review			weak_congruence	1	They do not fight two anger	do_negation	fight	anger	fight	anger	0.034		USF:Cue_Target_Pairs.D-F:7863	yes	yes	yes	yes	yes	
CAND_PLAUS_001302	plus	candidate_pending_human_review			weak_congruence	1	Every day they fight two anger	present_3s	fight	anger	fight	anger	0.034		USF:Cue_Target_Pairs.D-F:7863	yes	yes	yes	yes	yes	
CAND_PLAUS_001303	plus	candidate_pending_human_review			weak_congruence	1	Last week they fought two anger	simple_past	fought	anger	fight	anger	0.034		USF:Cue_Target_Pairs.D-F:7863	yes	yes	yes	yes	yes	
CAND_PLAUS_001304	plus	candidate_pending_human_review			weak_congruence	1	She is fighting three anger	be_progressive	fighting	anger	fight	anger	0.034		USF:Cue_Target_Pairs.D-F:7863	yes	yes	yes	yes	yes	
CAND_PLAUS_001305	plus	candidate_pending_human_review			weak_congruence	1	She does not fight three anger	do_negation	fight	anger	fight	anger	0.034		USF:Cue_Target_Pairs.D-F:7863	yes	yes	yes	yes	yes	
CAND_PLAUS_001306	plus	candidate_pending_human_review			weak_congruence	1	Every day she fights three anger	present_3s	fights	anger	fight	anger	0.034		USF:Cue_Target_Pairs.D-F:7863	yes	yes	yes	yes	yes	
CAND_PLAUS_001307	plus	candidate_pending_human_review			weak_congruence	1	Last week she fought three anger	simple_past	fought	anger	fight	anger	0.034		USF:Cue_Target_Pairs.D-F:7863	yes	yes	yes	yes	yes	
CAND_PLAUS_001308	plus	candidate_pending_human_review			weak_congruence	1	He is fighting three anger	be_progressive	fighting	anger	fight	anger	0.034		USF:Cue_Target_Pairs.D-F:7863	yes	yes	yes	yes	yes	
CAND_PLAUS_001309	plus	candidate_pending_human_review			weak_congruence	1	He does not fight three anger	do_negation	fight	anger	fight	anger	0.034		USF:Cue_Target_Pairs.D-F:7863	yes	yes	yes	yes	yes	
CAND_PLAUS_001310	plus	candidate_pending_human_review			weak_congruence	1	Every day he fights three anger	present_3s	fights	anger	fight	anger	0.034		USF:Cue_Target_Pairs.D-F:7863	yes	yes	yes	yes	yes	
CAND_PLAUS_001311	plus	candidate_pending_human_review			weak_congruence	1	Last week he fought three anger	simple_past	fought	anger	fight	anger	0.034		USF:Cue_Target_Pairs.D-F:7863	yes	yes	yes	yes	yes	
CAND_PLAUS_001312	plus	candidate_pending_human_review			weak_congruence	1	They are fighting three anger	be_progressive	fighting	anger	fight	anger	0.034		USF:Cue_Target_Pairs.D-F:7863	yes	yes	yes	yes	yes	
CAND_PLAUS_001313	plus	candidate_pending_human_review			weak_congruence	1	They do not fight three anger	do_negation	fight	anger	fight	anger	0.034		USF:Cue_Target_Pairs.D-F:7863	yes	yes	yes	yes	yes	
CAND_PLAUS_001314	plus	candidate_pending_human_review			weak_congruence	1	Every day they fight three anger	present_3s	fight	anger	fight	anger	0.034		USF:Cue_Target_Pairs.D-F:7863	yes	yes	yes	yes	yes	
CAND_PLAUS_001315	plus	candidate_pending_human_review			weak_congruence	1	Last week they fought three anger	simple_past	fought	anger	fight	anger	0.034		USF:Cue_Target_Pairs.D-F:7863	yes	yes	yes	yes	yes	
CAND_PLAUS_001316	plus	candidate_pending_human_review			weak_congruence	1	She is fighting four anger	be_progressive	fighting	anger	fight	anger	0.034		USF:Cue_Target_Pairs.D-F:7863	yes	yes	yes	yes	yes	
CAND_PLAUS_001317	plus	candidate_pending_human_review			weak_congruence	1	She does not fight four anger	do_negation	fight	anger	fight	anger	0.034		USF:Cue_Target_Pairs.D-F:7863	yes	yes	yes	yes	yes	
CAND_PLAUS_001318	plus	candidate_pending_human_review			weak_congruence	1	Every day she fights four anger	present_3s	fights	anger	fight	anger	0.034		USF:Cue_Target_Pairs.D-F:7863	yes	yes	yes	yes	yes	
CAND_PLAUS_001319	plus	candidate_pending_human_review			weak_congruence	1	Last week she fought four anger	simple_past	fought	anger	fight	anger	0.034		USF:Cue_Target_Pairs.D-F:7863	yes	yes	yes	yes	yes	
CAND_PLAUS_001320	plus	candidate_pending_human_review			weak_congruence	1	He is fighting four anger	be_progressive	fighting	anger	fight	anger	0.034		USF:Cue_Target_Pairs.D-F:7863	yes	yes	yes	yes	yes	
CAND_PLAUS_001321	plus	candidate_pending_human_review			weak_congruence	1	He does not fight four anger	do_negation	fight	anger	fight	anger	0.034		USF:Cue_Target_Pairs.D-F:7863	yes	yes	yes	yes	yes	
CAND_PLAUS_001322	plus	candidate_pending_human_review			weak_congruence	1	Every day he fights four anger	present_3s	fights	anger	fight	anger	0.034		USF:Cue_Target_Pairs.D-F:7863	yes	yes	yes	yes	yes	
CAND_PLAUS_001323	plus	candidate_pending_human_review			weak_congruence	1	Last week he fought four anger	simple_past	fought	anger	fight	anger	0.034		USF:Cue_Target_Pairs.D-F:7863	yes	yes	yes	yes	yes	
CAND_PLAUS_001324	plus	candidate_pending_human_review			weak_congruence	1	They are fighting four anger	be_progressive	fighting	anger	fight	anger	0.034		USF:Cue_Target_Pairs.D-F:7863	yes	yes	yes	yes	yes	
CAND_PLAUS_001325	plus	candidate_pending_human_review			weak_congruence	1	They do not fight four anger	do_negation	fight	anger	fight	anger	0.034		USF:Cue_Target_Pairs.D-F:7863	yes	yes	yes	yes	yes	
CAND_PLAUS_001326	plus	candidate_pending_human_review			weak_congruence	1	Every day they fight four anger	present_3s	fight	anger	fight	anger	0.034		USF:Cue_Target_Pairs.D-F:7863	yes	yes	yes	yes	yes	
CAND_PLAUS_001327	plus	candidate_pending_human_review			weak_congruence	1	Last week they fought four anger	simple_past	fought	anger	fight	anger	0.034		USF:Cue_Target_Pairs.D-F:7863	yes	yes	yes	yes	yes	
CAND_PLAUS_001328	plus	candidate_pending_human_review			weak_congruence	1	She is fighting five anger	be_progressive	fighting	anger	fight	anger	0.034		USF:Cue_Target_Pairs.D-F:7863	yes	yes	yes	yes	yes	
CAND_PLAUS_001329	plus	candidate_pending_human_review			weak_congruence	1	She does not fight five anger	do_negation	fight	anger	fight	anger	0.034		USF:Cue_Target_Pairs.D-F:7863	yes	yes	yes	yes	yes	
CAND_PLAUS_001330	plus	candidate_pending_human_review			weak_congruence	1	Every day she fights five anger	present_3s	fights	anger	fight	anger	0.034		USF:Cue_Target_Pairs.D-F:7863	yes	yes	yes	yes	yes	
CAND_PLAUS_001331	plus	candidate_pending_human_review			weak_congruence	1	Last week she fought five anger	simple_past	fought	anger	fight	anger	0.034		USF:Cue_Target_Pairs.D-F:7863	yes	yes	yes	yes	yes	
CAND_PLAUS_001332	plus	candidate_pending_human_review			weak_congruence	1	He is fighting five anger	be_progressive	fighting	anger	fight	anger	0.034		USF:Cue_Target_Pairs.D-F:7863	yes	yes	yes	yes	yes	
CAND_PLAUS_001333	plus	candidate_pending_human_review			weak_congruence	1	He does not fight five anger	do_negation	fight	anger	fight	anger	0.034		USF:Cue_Target_Pairs.D-F:7863	yes	yes	yes	yes	yes	
CAND_PLAUS_001334	plus	candidate_pending_human_review			weak_congruence	1	Every day he fights five anger	present_3s	fights	anger	fight	anger	0.034		USF:Cue_Target_Pairs.D-F:7863	yes	yes	yes	yes	yes	
CAND_PLAUS_001335	plus	candidate_pending_human_review			weak_congruence	1	Last week he fought five anger	simple_past	fought	anger	fight	anger	0.034		USF:Cue_Target_Pairs.D-F:7863	yes	yes	yes	yes	yes	
CAND_PLAUS_001336	plus	candidate_pending_human_review			weak_congruence	1	They are fighting five anger	be_progressive	fighting	anger	fight	anger	0.034		USF:Cue_Target_Pairs.D-F:7863	yes	yes	yes	yes	yes	
CAND_PLAUS_001337	plus	candidate_pending_human_review			weak_congruence	1	They do not fight five anger	do_negation	fight	anger	fight	anger	0.034		USF:Cue_Target_Pairs.D-F:7863	yes	yes	yes	yes	yes	
CAND_PLAUS_001338	plus	candidate_pending_human_review			weak_congruence	1	Every day they fight five anger	present_3s	fight	anger	fight	anger	0.034		USF:Cue_Target_Pairs.D-F:7863	yes	yes	yes	yes	yes	
CAND_PLAUS_001339	plus	candidate_pending_human_review			weak_congruence	1	Last week they fought five anger	simple_past	fought	anger	fight	anger	0.034		USF:Cue_Target_Pairs.D-F:7863	yes	yes	yes	yes	yes	
CAND_PLAUS_001340	plus	candidate_pending_human_review			weak_congruence	1	She is fighting six anger	be_progressive	fighting	anger	fight	anger	0.034		USF:Cue_Target_Pairs.D-F:7863	yes	yes	yes	yes	yes	
CAND_PLAUS_001341	plus	candidate_pending_human_review			weak_congruence	1	She does not fight six anger	do_negation	fight	anger	fight	anger	0.034		USF:Cue_Target_Pairs.D-F:7863	yes	yes	yes	yes	yes	
CAND_PLAUS_001342	plus	candidate_pending_human_review			weak_congruence	1	Every day she fights six anger	present_3s	fights	anger	fight	anger	0.034		USF:Cue_Target_Pairs.D-F:7863	yes	yes	yes	yes	yes	
CAND_PLAUS_001343	plus	candidate_pending_human_review			weak_congruence	1	Last week she fought six anger	simple_past	fought	anger	fight	anger	0.034		USF:Cue_Target_Pairs.D-F:7863	yes	yes	yes	yes	yes	
CAND_PLAUS_001344	plus	candidate_pending_human_review			weak_congruence	1	He is fighting six anger	be_progressive	fighting	anger	fight	anger	0.034		USF:Cue_Target_Pairs.D-F:7863	yes	yes	yes	yes	yes	
CAND_PLAUS_001345	plus	candidate_pending_human_review			weak_congruence	1	He does not fight six anger	do_negation	fight	anger	fight	anger	0.034		USF:Cue_Target_Pairs.D-F:7863	yes	yes	yes	yes	yes	
CAND_PLAUS_001346	plus	candidate_pending_human_review			weak_congruence	1	Every day he fights six anger	present_3s	fights	anger	fight	anger	0.034		USF:Cue_Target_Pairs.D-F:7863	yes	yes	yes	yes	yes	
CAND_PLAUS_001347	plus	candidate_pending_human_review			weak_congruence	1	Last week he fought six anger	simple_past	fought	anger	fight	anger	0.034		USF:Cue_Target_Pairs.D-F:7863	yes	yes	yes	yes	yes	
CAND_PLAUS_001348	plus	candidate_pending_human_review			weak_congruence	1	They are fighting six anger	be_progressive	fighting	anger	fight	anger	0.034		USF:Cue_Target_Pairs.D-F:7863	yes	yes	yes	yes	yes	
CAND_PLAUS_001349	plus	candidate_pending_human_review			weak_congruence	1	They do not fight six anger	do_negation	fight	anger	fight	anger	0.034		USF:Cue_Target_Pairs.D-F:7863	yes	yes	yes	yes	yes	
CAND_PLAUS_001350	plus	candidate_pending_human_review			weak_congruence	1	Every day they fight six anger	present_3s	fight	anger	fight	anger	0.034		USF:Cue_Target_Pairs.D-F:7863	yes	yes	yes	yes	yes	
CAND_PLAUS_001351	plus	candidate_pending_human_review			weak_congruence	1	Last week they fought six anger	simple_past	fought	anger	fight	anger	0.034		USF:Cue_Target_Pairs.D-F:7863	yes	yes	yes	yes	yes	
CAND_PLAUS_001352	plus	candidate_pending_human_review			weak_congruence	1	She is expressing one mail	be_progressive	expressing	mail	express	mail	0.062		USF:Cue_Target_Pairs.D-F:6461	yes	yes	yes	yes	yes	
CAND_PLAUS_001353	plus	candidate_pending_human_review			weak_congruence	1	She does not express one mail	do_negation	express	mail	express	mail	0.062		USF:Cue_Target_Pairs.D-F:6461	yes	yes	yes	yes	yes	
CAND_PLAUS_001354	plus	candidate_pending_human_review			weak_congruence	1	Every day she expresses one mail	present_3s	expresses	mail	express	mail	0.062		USF:Cue_Target_Pairs.D-F:6461	yes	yes	yes	yes	yes	
CAND_PLAUS_001355	plus	candidate_pending_human_review			weak_congruence	1	Last week she expressed one mail	simple_past	expressed	mail	express	mail	0.062		USF:Cue_Target_Pairs.D-F:6461	yes	yes	yes	yes	yes	
CAND_PLAUS_001356	plus	candidate_pending_human_review			weak_congruence	1	He is expressing one mail	be_progressive	expressing	mail	express	mail	0.062		USF:Cue_Target_Pairs.D-F:6461	yes	yes	yes	yes	yes	
CAND_PLAUS_001357	plus	candidate_pending_human_review			weak_congruence	1	He does not express one mail	do_negation	express	mail	express	mail	0.062		USF:Cue_Target_Pairs.D-F:6461	yes	yes	yes	yes	yes	
CAND_PLAUS_001358	plus	candidate_pending_human_review			weak_congruence	1	Every day he expresses one mail	present_3s	expresses	mail	express	mail	0.062		USF:Cue_Target_Pairs.D-F:6461	yes	yes	yes	yes	yes	
CAND_PLAUS_001359	plus	candidate_pending_human_review			weak_congruence	1	Last week he expressed one mail	simple_past	expressed	mail	express	mail	0.062		USF:Cue_Target_Pairs.D-F:6461	yes	yes	yes	yes	yes	
CAND_PLAUS_001360	plus	candidate_pending_human_review			weak_congruence	1	They are expressing one mail	be_progressive	expressing	mail	express	mail	0.062		USF:Cue_Target_Pairs.D-F:6461	yes	yes	yes	yes	yes	
CAND_PLAUS_001361	plus	candidate_pending_human_review			weak_congruence	1	They do not express one mail	do_negation	express	mail	express	mail	0.062		USF:Cue_Target_Pairs.D-F:6461	yes	yes	yes	yes	yes	
CAND_PLAUS_001362	plus	candidate_pending_human_review			weak_congruence	1	Every day they express one mail	present_3s	express	mail	express	mail	0.062		USF:Cue_Target_Pairs.D-F:6461	yes	yes	yes	yes	yes	
CAND_PLAUS_001363	plus	candidate_pending_human_review			weak_congruence	1	Last week they expressed one mail	simple_past	expressed	mail	express	mail	0.062		USF:Cue_Target_Pairs.D-F:6461	yes	yes	yes	yes	yes	
CAND_PLAUS_001364	plus	candidate_pending_human_review			weak_congruence	1	She is expressing two mails	be_progressive	expressing	mails	express	mail	0.062		USF:Cue_Target_Pairs.D-F:6461	yes	yes	yes	yes	yes	
CAND_PLAUS_001365	plus	candidate_pending_human_review			weak_congruence	1	She does not express two mails	do_negation	express	mails	express	mail	0.062		USF:Cue_Target_Pairs.D-F:6461	yes	yes	yes	yes	yes	
CAND_PLAUS_001366	plus	candidate_pending_human_review			weak_congruence	1	Every day she expresses two mails	present_3s	expresses	mails	express	mail	0.062		USF:Cue_Target_Pairs.D-F:6461	yes	yes	yes	yes	yes	
CAND_PLAUS_001367	plus	candidate_pending_human_review			weak_congruence	1	Last week she expressed two mails	simple_past	expressed	mails	express	mail	0.062		USF:Cue_Target_Pairs.D-F:6461	yes	yes	yes	yes	yes	
CAND_PLAUS_001368	plus	candidate_pending_human_review			weak_congruence	1	He is expressing two mails	be_progressive	expressing	mails	express	mail	0.062		USF:Cue_Target_Pairs.D-F:6461	yes	yes	yes	yes	yes	
CAND_PLAUS_001369	plus	candidate_pending_human_review			weak_congruence	1	He does not express two mails	do_negation	express	mails	express	mail	0.062		USF:Cue_Target_Pairs.D-F:6461	yes	yes	yes	yes	yes	
CAND_PLAUS_001370	plus	candidate_pending_human_review			weak_congruence	1	Every day he expresses two mails	present_3s	expresses	mails	express	mail	0.062		USF:Cue_Target_Pairs.D-F:6461	yes	yes	yes	yes	yes	
CAND_PLAUS_001371	plus	candidate_pending_human_review			weak_congruence	1	Last week he expressed two mails	simple_past	expressed	mails	express	mail	0.062		USF:Cue_Target_Pairs.D-F:6461	yes	yes	yes	yes	yes	
CAND_PLAUS_001372	plus	candidate_pending_human_review			weak_congruence	1	They are expressing two mails	be_progressive	expressing	mails	express	mail	0.062		USF:Cue_Target_Pairs.D-F:6461	yes	yes	yes	yes	yes	
CAND_PLAUS_001373	plus	candidate_pending_human_review			weak_congruence	1	They do not express two mails	do_negation	express	mails	express	mail	0.062		USF:Cue_Target_Pairs.D-F:6461	yes	yes	yes	yes	yes	
CAND_PLAUS_001374	plus	candidate_pending_human_review			weak_congruence	1	Every day they express two mails	present_3s	express	mails	express	mail	0.062		USF:Cue_Target_Pairs.D-F:6461	yes	yes	yes	yes	yes	
CAND_PLAUS_001375	plus	candidate_pending_human_review			weak_congruence	1	Last week they expressed two mails	simple_past	expressed	mails	express	mail	0.062		USF:Cue_Target_Pairs.D-F:6461	yes	yes	yes	yes	yes	
CAND_PLAUS_001376	plus	candidate_pending_human_review			weak_congruence	1	She is expressing three mails	be_progressive	expressing	mails	express	mail	0.062		USF:Cue_Target_Pairs.D-F:6461	yes	yes	yes	yes	yes	
CAND_PLAUS_001377	plus	candidate_pending_human_review			weak_congruence	1	She does not express three mails	do_negation	express	mails	express	mail	0.062		USF:Cue_Target_Pairs.D-F:6461	yes	yes	yes	yes	yes	
CAND_PLAUS_001378	plus	candidate_pending_human_review			weak_congruence	1	Every day she expresses three mails	present_3s	expresses	mails	express	mail	0.062		USF:Cue_Target_Pairs.D-F:6461	yes	yes	yes	yes	yes	
CAND_PLAUS_001379	plus	candidate_pending_human_review			weak_congruence	1	Last week she expressed three mails	simple_past	expressed	mails	express	mail	0.062		USF:Cue_Target_Pairs.D-F:6461	yes	yes	yes	yes	yes	
CAND_PLAUS_001380	plus	candidate_pending_human_review			weak_congruence	1	He is expressing three mails	be_progressive	expressing	mails	express	mail	0.062		USF:Cue_Target_Pairs.D-F:6461	yes	yes	yes	yes	yes	
CAND_PLAUS_001381	plus	candidate_pending_human_review			weak_congruence	1	He does not express three mails	do_negation	express	mails	express	mail	0.062		USF:Cue_Target_Pairs.D-F:6461	yes	yes	yes	yes	yes	
CAND_PLAUS_001382	plus	candidate_pending_human_review			weak_congruence	1	Every day he expresses three mails	present_3s	expresses	mails	express	mail	0.062		USF:Cue_Target_Pairs.D-F:6461	yes	yes	yes	yes	yes	
CAND_PLAUS_001383	plus	candidate_pending_human_review			weak_congruence	1	Last week he expressed three mails	simple_past	expressed	mails	express	mail	0.062		USF:Cue_Target_Pairs.D-F:6461	yes	yes	yes	yes	yes	
CAND_PLAUS_001384	plus	candidate_pending_human_review			weak_congruence	1	They are expressing three mails	be_progressive	expressing	mails	express	mail	0.062		USF:Cue_Target_Pairs.D-F:6461	yes	yes	yes	yes	yes	
CAND_PLAUS_001385	plus	candidate_pending_human_review			weak_congruence	1	They do not express three mails	do_negation	express	mails	express	mail	0.062		USF:Cue_Target_Pairs.D-F:6461	yes	yes	yes	yes	yes	
CAND_PLAUS_001386	plus	candidate_pending_human_review			weak_congruence	1	Every day they express three mails	present_3s	express	mails	express	mail	0.062		USF:Cue_Target_Pairs.D-F:6461	yes	yes	yes	yes	yes	
CAND_PLAUS_001387	plus	candidate_pending_human_review			weak_congruence	1	Last week they expressed three mails	simple_past	expressed	mails	express	mail	0.062		USF:Cue_Target_Pairs.D-F:6461	yes	yes	yes	yes	yes	
CAND_PLAUS_001388	plus	candidate_pending_human_review			weak_congruence	1	She is expressing four mails	be_progressive	expressing	mails	express	mail	0.062		USF:Cue_Target_Pairs.D-F:6461	yes	yes	yes	yes	yes	
CAND_PLAUS_001389	plus	candidate_pending_human_review			weak_congruence	1	She does not express four mails	do_negation	express	mails	express	mail	0.062		USF:Cue_Target_Pairs.D-F:6461	yes	yes	yes	yes	yes	
CAND_PLAUS_001390	plus	candidate_pending_human_review			weak_congruence	1	Every day she expresses four mails	present_3s	expresses	mails	express	mail	0.062		USF:Cue_Target_Pairs.D-F:6461	yes	yes	yes	yes	yes	
CAND_PLAUS_001391	plus	candidate_pending_human_review			weak_congruence	1	Last week she expressed four mails	simple_past	expressed	mails	express	mail	0.062		USF:Cue_Target_Pairs.D-F:6461	yes	yes	yes	yes	yes	
CAND_PLAUS_001392	plus	candidate_pending_human_review			weak_congruence	1	He is expressing four mails	be_progressive	expressing	mails	express	mail	0.062		USF:Cue_Target_Pairs.D-F:6461	yes	yes	yes	yes	yes	
CAND_PLAUS_001393	plus	candidate_pending_human_review			weak_congruence	1	He does not express four mails	do_negation	express	mails	express	mail	0.062		USF:Cue_Target_Pairs.D-F:6461	yes	yes	yes	yes	yes	
CAND_PLAUS_001394	plus	candidate_pending_human_review			weak_congruence	1	Every day he expresses four mails	present_3s	expresses	mails	express	mail	0.062		USF:Cue_Target_Pairs.D-F:6461	yes	yes	yes	yes	yes	
CAND_PLAUS_001395	plus	candidate_pending_human_review			weak_congruence	1	Last week he expressed four mails	simple_past	expressed	mails	express	mail	0.062		USF:Cue_Target_Pairs.D-F:6461	yes	yes	yes	yes	yes	
CAND_PLAUS_001396	plus	candidate_pending_human_review			weak_congruence	1	They are expressing four mails	be_progressive	expressing	mails	express	mail	0.062		USF:Cue_Target_Pairs.D-F:6461	yes	yes	yes	yes	yes	
CAND_PLAUS_001397	plus	candidate_pending_human_review			weak_congruence	1	They do not express four mails	do_negation	express	mails	express	mail	0.062		USF:Cue_Target_Pairs.D-F:6461	yes	yes	yes	yes	yes	
CAND_PLAUS_001398	plus	candidate_pending_human_review			weak_congruence	1	Every day they express four mails	present_3s	express	mails	express	mail	0.062		USF:Cue_Target_Pairs.D-F:6461	yes	yes	yes	yes	yes	
CAND_PLAUS_001399	plus	candidate_pending_human_review			weak_congruence	1	Last week they expressed four mails	simple_past	expressed	mails	express	mail	0.062		USF:Cue_Target_Pairs.D-F:6461	yes	yes	yes	yes	yes	
CAND_PLAUS_001400	plus	candidate_pending_human_review			weak_congruence	1	She is expressing five mails	be_progressive	expressing	mails	express	mail	0.062		USF:Cue_Target_Pairs.D-F:6461	yes	yes	yes	yes	yes	
CAND_PLAUS_001401	plus	candidate_pending_human_review			weak_congruence	1	She does not express five mails	do_negation	express	mails	express	mail	0.062		USF:Cue_Target_Pairs.D-F:6461	yes	yes	yes	yes	yes	
CAND_PLAUS_001402	plus	candidate_pending_human_review			weak_congruence	1	Every day she expresses five mails	present_3s	expresses	mails	express	mail	0.062		USF:Cue_Target_Pairs.D-F:6461	yes	yes	yes	yes	yes	
CAND_PLAUS_001403	plus	candidate_pending_human_review			weak_congruence	1	Last week she expressed five mails	simple_past	expressed	mails	express	mail	0.062		USF:Cue_Target_Pairs.D-F:6461	yes	yes	yes	yes	yes	
CAND_PLAUS_001404	plus	candidate_pending_human_review			weak_congruence	1	He is expressing five mails	be_progressive	expressing	mails	express	mail	0.062		USF:Cue_Target_Pairs.D-F:6461	yes	yes	yes	yes	yes	
CAND_PLAUS_001405	plus	candidate_pending_human_review			weak_congruence	1	He does not express five mails	do_negation	express	mails	express	mail	0.062		USF:Cue_Target_Pairs.D-F:6461	yes	yes	yes	yes	yes	
CAND_PLAUS_001406	plus	candidate_pending_human_review			weak_congruence	1	Every day he expresses five mails	present_3s	expresses	mails	express	mail	0.062		USF:Cue_Target_Pairs.D-F:6461	yes	yes	yes	yes	yes	
CAND_PLAUS_001407	plus	candidate_pending_human_review			weak_congruence	1	Last week he expressed five mails	simple_past	expressed	mails	express	mail	0.062		USF:Cue_Target_Pairs.D-F:6461	yes	yes	yes	yes	yes	
CAND_PLAUS_001408	plus	candidate_pending_human_review			weak_congruence	1	They are expressing five mails	be_progressive	expressing	mails	express	mail	0.062		USF:Cue_Target_Pairs.D-F:6461	yes	yes	yes	yes	yes	
CAND_PLAUS_001409	plus	candidate_pending_human_review			weak_congruence	1	They do not express five mails	do_negation	express	mails	express	mail	0.062		USF:Cue_Target_Pairs.D-F:6461	yes	yes	yes	yes	yes	
CAND_PLAUS_001410	plus	candidate_pending_human_review			weak_congruence	1	Every day they express five mails	present_3s	express	mails	express	mail	0.062		USF:Cue_Target_Pairs.D-F:6461	yes	yes	yes	yes	yes	
CAND_PLAUS_001411	plus	candidate_pending_human_review			weak_congruence	1	Last week they expressed five mails	simple_past	expressed	mails	express	mail	0.062		USF:Cue_Target_Pairs.D-F:6461	yes	yes	yes	yes	yes	
CAND_PLAUS_001412	plus	candidate_pending_human_review			weak_congruence	1	She is expressing six mails	be_progressive	expressing	mails	express	mail	0.062		USF:Cue_Target_Pairs.D-F:6461	yes	yes	yes	yes	yes	
CAND_PLAUS_001413	plus	candidate_pending_human_review			weak_congruence	1	She does not express six mails	do_negation	express	mails	express	mail	0.062		USF:Cue_Target_Pairs.D-F:6461	yes	yes	yes	yes	yes	
CAND_PLAUS_001414	plus	candidate_pending_human_review			weak_congruence	1	Every day she expresses six mails	present_3s	expresses	mails	express	mail	0.062		USF:Cue_Target_Pairs.D-F:6461	yes	yes	yes	yes	yes	
CAND_PLAUS_001415	plus	candidate_pending_human_review			weak_congruence	1	Last week she expressed six mails	simple_past	expressed	mails	express	mail	0.062		USF:Cue_Target_Pairs.D-F:6461	yes	yes	yes	yes	yes	
CAND_PLAUS_001416	plus	candidate_pending_human_review			weak_congruence	1	He is expressing six mails	be_progressive	expressing	mails	express	mail	0.062		USF:Cue_Target_Pairs.D-F:6461	yes	yes	yes	yes	yes	
CAND_PLAUS_001417	plus	candidate_pending_human_review			weak_congruence	1	He does not express six mails	do_negation	express	mails	express	mail	0.062		USF:Cue_Target_Pairs.D-F:6461	yes	yes	yes	yes	yes	
CAND_PLAUS_001418	plus	candidate_pending_human_review			weak_congruence	1	Every day he expresses six mails	present_3s	expresses	mails	express	mail	0.062		USF:Cue_Target_Pairs.D-F:6461	yes	yes	yes	yes	yes	
CAND_PLAUS_001419	plus	candidate_pending_human_review			weak_congruence	1	Last week he expressed six mails	simple_past	expressed	mails	express	mail	0.062		USF:Cue_Target_Pairs.D-F:6461	yes	yes	yes	yes	yes	
CAND_PLAUS_001420	plus	candidate_pending_human_review			weak_congruence	1	They are expressing six mails	be_progressive	expressing	mails	express	mail	0.062		USF:Cue_Target_Pairs.D-F:6461	yes	yes	yes	yes	yes	
CAND_PLAUS_001421	plus	candidate_pending_human_review			weak_congruence	1	They do not express six mails	do_negation	express	mails	express	mail	0.062		USF:Cue_Target_Pairs.D-F:6461	yes	yes	yes	yes	yes	
CAND_PLAUS_001422	plus	candidate_pending_human_review			weak_congruence	1	Every day they express six mails	present_3s	express	mails	express	mail	0.062		USF:Cue_Target_Pairs.D-F:6461	yes	yes	yes	yes	yes	
CAND_PLAUS_001423	plus	candidate_pending_human_review			weak_congruence	1	Last week they expressed six mails	simple_past	expressed	mails	express	mail	0.062		USF:Cue_Target_Pairs.D-F:6461	yes	yes	yes	yes	yes	
CAND_PLAUS_001424	plus	candidate_pending_human_review			weak_congruence	1	She is blotting one mess	be_progressive	blotting	mess	blot	mess	0.02		USF:Cue_Target_Pairs.A-B:6195	yes	yes	yes	yes	yes	
CAND_PLAUS_001425	plus	candidate_pending_human_review			weak_congruence	1	She does not blot one mess	do_negation	blot	mess	blot	mess	0.02		USF:Cue_Target_Pairs.A-B:6195	yes	yes	yes	yes	yes	
CAND_PLAUS_001426	plus	candidate_pending_human_review			weak_congruence	1	Every day she blots one mess	present_3s	blots	mess	blot	mess	0.02		USF:Cue_Target_Pairs.A-B:6195	yes	yes	yes	yes	yes	
CAND_PLAUS_001427	plus	candidate_pending_human_review			weak_congruence	1	Last week she blotted one mess	simple_past	blotted	mess	blot	mess	0.02		USF:Cue_Target_Pairs.A-B:6195	yes	yes	yes	yes	yes	
CAND_PLAUS_001428	plus	candidate_pending_human_review			weak_congruence	1	He is blotting one mess	be_progressive	blotting	mess	blot	mess	0.02		USF:Cue_Target_Pairs.A-B:6195	yes	yes	yes	yes	yes	
CAND_PLAUS_001429	plus	candidate_pending_human_review			weak_congruence	1	He does not blot one mess	do_negation	blot	mess	blot	mess	0.02		USF:Cue_Target_Pairs.A-B:6195	yes	yes	yes	yes	yes	
CAND_PLAUS_001430	plus	candidate_pending_human_review			weak_congruence	1	Every day he blots one mess	present_3s	blots	mess	blot	mess	0.02		USF:Cue_Target_Pairs.A-B:6195	yes	yes	yes	yes	yes	
CAND_PLAUS_001431	plus	candidate_pending_human_review			weak_congruence	1	Last week he blotted one mess	simple_past	blotted	mess	blot	mess	0.02		USF:Cue_Target_Pairs.A-B:6195	yes	yes	yes	yes	yes	
CAND_PLAUS_001432	plus	candidate_pending_human_review			weak_congruence	1	They are blotting one mess	be_progressive	blotting	mess	blot	mess	0.02		USF:Cue_Target_Pairs.A-B:6195	yes	yes	yes	yes	yes	
CAND_PLAUS_001433	plus	candidate_pending_human_review			weak_congruence	1	They do not blot one mess	do_negation	blot	mess	blot	mess	0.02		USF:Cue_Target_Pairs.A-B:6195	yes	yes	yes	yes	yes	
CAND_PLAUS_001434	plus	candidate_pending_human_review			weak_congruence	1	Every day they blot one mess	present_3s	blot	mess	blot	mess	0.02		USF:Cue_Target_Pairs.A-B:6195	yes	yes	yes	yes	yes	
CAND_PLAUS_001435	plus	candidate_pending_human_review			weak_congruence	1	Last week they blotted one mess	simple_past	blotted	mess	blot	mess	0.02		USF:Cue_Target_Pairs.A-B:6195	yes	yes	yes	yes	yes	
CAND_PLAUS_001436	plus	candidate_pending_human_review			weak_congruence	1	She is blotting two messes	be_progressive	blotting	messes	blot	mess	0.02		USF:Cue_Target_Pairs.A-B:6195	yes	yes	yes	yes	yes	
CAND_PLAUS_001437	plus	candidate_pending_human_review			weak_congruence	1	She does not blot two messes	do_negation	blot	messes	blot	mess	0.02		USF:Cue_Target_Pairs.A-B:6195	yes	yes	yes	yes	yes	
CAND_PLAUS_001438	plus	candidate_pending_human_review			weak_congruence	1	Every day she blots two messes	present_3s	blots	messes	blot	mess	0.02		USF:Cue_Target_Pairs.A-B:6195	yes	yes	yes	yes	yes	
CAND_PLAUS_001439	plus	candidate_pending_human_review			weak_congruence	1	Last week she blotted two messes	simple_past	blotted	messes	blot	mess	0.02		USF:Cue_Target_Pairs.A-B:6195	yes	yes	yes	yes	yes	
CAND_PLAUS_001440	plus	candidate_pending_human_review			weak_congruence	1	He is blotting two messes	be_progressive	blotting	messes	blot	mess	0.02		USF:Cue_Target_Pairs.A-B:6195	yes	yes	yes	yes	yes	
CAND_PLAUS_001441	plus	candidate_pending_human_review			weak_congruence	1	He does not blot two messes	do_negation	blot	messes	blot	mess	0.02		USF:Cue_Target_Pairs.A-B:6195	yes	yes	yes	yes	yes	
CAND_PLAUS_001442	plus	candidate_pending_human_review			weak_congruence	1	Every day he blots two messes	present_3s	blots	messes	blot	mess	0.02		USF:Cue_Target_Pairs.A-B:6195	yes	yes	yes	yes	yes	
CAND_PLAUS_001443	plus	candidate_pending_human_review			weak_congruence	1	Last week he blotted two messes	simple_past	blotted	messes	blot	mess	0.02		USF:Cue_Target_Pairs.A-B:6195	yes	yes	yes	yes	yes	
CAND_PLAUS_001444	plus	candidate_pending_human_review			weak_congruence	1	They are blotting two messes	be_progressive	blotting	messes	blot	mess	0.02		USF:Cue_Target_Pairs.A-B:6195	yes	yes	yes	yes	yes	
CAND_PLAUS_001445	plus	candidate_pending_human_review			weak_congruence	1	They do not blot two messes	do_negation	blot	messes	blot	mess	0.02		USF:Cue_Target_Pairs.A-B:6195	yes	yes	yes	yes	yes	
CAND_PLAUS_001446	plus	candidate_pending_human_review			weak_congruence	1	Every day they blot two messes	present_3s	blot	messes	blot	mess	0.02		USF:Cue_Target_Pairs.A-B:6195	yes	yes	yes	yes	yes	
CAND_PLAUS_001447	plus	candidate_pending_human_review			weak_congruence	1	Last week they blotted two messes	simple_past	blotted	messes	blot	mess	0.02		USF:Cue_Target_Pairs.A-B:6195	yes	yes	yes	yes	yes	
CAND_PLAUS_001448	plus	candidate_pending_human_review			weak_congruence	1	She is blotting three messes	be_progressive	blotting	messes	blot	mess	0.02		USF:Cue_Target_Pairs.A-B:6195	yes	yes	yes	yes	yes	
CAND_PLAUS_001449	plus	candidate_pending_human_review			weak_congruence	1	She does not blot three messes	do_negation	blot	messes	blot	mess	0.02		USF:Cue_Target_Pairs.A-B:6195	yes	yes	yes	yes	yes	
CAND_PLAUS_001450	plus	candidate_pending_human_review			weak_congruence	1	Every day she blots three messes	present_3s	blots	messes	blot	mess	0.02		USF:Cue_Target_Pairs.A-B:6195	yes	yes	yes	yes	yes	
CAND_PLAUS_001451	plus	candidate_pending_human_review			weak_congruence	1	Last week she blotted three messes	simple_past	blotted	messes	blot	mess	0.02		USF:Cue_Target_Pairs.A-B:6195	yes	yes	yes	yes	yes	
CAND_PLAUS_001452	plus	candidate_pending_human_review			weak_congruence	1	He is blotting three messes	be_progressive	blotting	messes	blot	mess	0.02		USF:Cue_Target_Pairs.A-B:6195	yes	yes	yes	yes	yes	
CAND_PLAUS_001453	plus	candidate_pending_human_review			weak_congruence	1	He does not blot three messes	do_negation	blot	messes	blot	mess	0.02		USF:Cue_Target_Pairs.A-B:6195	yes	yes	yes	yes	yes	
CAND_PLAUS_001454	plus	candidate_pending_human_review			weak_congruence	1	Every day he blots three messes	present_3s	blots	messes	blot	mess	0.02		USF:Cue_Target_Pairs.A-B:6195	yes	yes	yes	yes	yes	
CAND_PLAUS_001455	plus	candidate_pending_human_review			weak_congruence	1	Last week he blotted three messes	simple_past	blotted	messes	blot	mess	0.02		USF:Cue_Target_Pairs.A-B:6195	yes	yes	yes	yes	yes	
CAND_PLAUS_001456	plus	candidate_pending_human_review			weak_congruence	1	They are blotting three messes	be_progressive	blotting	messes	blot	mess	0.02		USF:Cue_Target_Pairs.A-B:6195	yes	yes	yes	yes	yes	
CAND_PLAUS_001457	plus	candidate_pending_human_review			weak_congruence	1	They do not blot three messes	do_negation	blot	messes	blot	mess	0.02		USF:Cue_Target_Pairs.A-B:6195	yes	yes	yes	yes	yes	
CAND_PLAUS_001458	plus	candidate_pending_human_review			weak_congruence	1	Every day they blot three messes	present_3s	blot	messes	blot	mess	0.02		USF:Cue_Target_Pairs.A-B:6195	yes	yes	yes	yes	yes	
CAND_PLAUS_001459	plus	candidate_pending_human_review			weak_congruence	1	Last week they blotted three messes	simple_past	blotted	messes	blot	mess	0.02		USF:Cue_Target_Pairs.A-B:6195	yes	yes	yes	yes	yes	
CAND_PLAUS_001460	plus	candidate_pending_human_review			weak_congruence	1	She is blotting four messes	be_progressive	blotting	messes	blot	mess	0.02		USF:Cue_Target_Pairs.A-B:6195	yes	yes	yes	yes	yes	
CAND_PLAUS_001461	plus	candidate_pending_human_review			weak_congruence	1	She does not blot four messes	do_negation	blot	messes	blot	mess	0.02		USF:Cue_Target_Pairs.A-B:6195	yes	yes	yes	yes	yes	
CAND_PLAUS_001462	plus	candidate_pending_human_review			weak_congruence	1	Every day she blots four messes	present_3s	blots	messes	blot	mess	0.02		USF:Cue_Target_Pairs.A-B:6195	yes	yes	yes	yes	yes	
CAND_PLAUS_001463	plus	candidate_pending_human_review			weak_congruence	1	Last week she blotted four messes	simple_past	blotted	messes	blot	mess	0.02		USF:Cue_Target_Pairs.A-B:6195	yes	yes	yes	yes	yes	
CAND_PLAUS_001464	plus	candidate_pending_human_review			weak_congruence	1	He is blotting four messes	be_progressive	blotting	messes	blot	mess	0.02		USF:Cue_Target_Pairs.A-B:6195	yes	yes	yes	yes	yes	
CAND_PLAUS_001465	plus	candidate_pending_human_review			weak_congruence	1	He does not blot four messes	do_negation	blot	messes	blot	mess	0.02		USF:Cue_Target_Pairs.A-B:6195	yes	yes	yes	yes	yes	
CAND_PLAUS_001466	plus	candidate_pending_human_review			weak_congruence	1	Every day he blots four messes	present_3s	blots	messes	blot	mess	0.02		USF:Cue_Target_Pairs.A-B:6195	yes	yes	yes	yes	yes	
CAND_PLAUS_001467	plus	candidate_pending_human_review			weak_congruence	1	Last week he blotted four messes	simple_past	blotted	messes	blot	mess	0.02		USF:Cue_Target_Pairs.A-B:6195	yes	yes	yes	yes	yes	
CAND_PLAUS_001468	plus	candidate_pending_human_review			weak_congruence	1	They are blotting four messes	be_progressive	blotting	messes	blot	mess	0.02		USF:Cue_Target_Pairs.A-B:6195	yes	yes	yes	yes	yes	
CAND_PLAUS_001469	plus	candidate_pending_human_review			weak_congruence	1	They do not blot four messes	do_negation	blot	messes	blot	mess	0.02		USF:Cue_Target_Pairs.A-B:6195	yes	yes	yes	yes	yes	
CAND_PLAUS_001470	plus	candidate_pending_human_review			weak_congruence	1	Every day they blot four messes	present_3s	blot	messes	blot	mess	0.02		USF:Cue_Target_Pairs.A-B:6195	yes	yes	yes	yes	yes	
CAND_PLAUS_001471	plus	candidate_pending_human_review			weak_congruence	1	Last week they blotted four messes	simple_past	blotted	messes	blot	mess	0.02		USF:Cue_Target_Pairs.A-B:6195	yes	yes	yes	yes	yes	
CAND_PLAUS_001472	plus	candidate_pending_human_review			weak_congruence	1	She is blotting five messes	be_progressive	blotting	messes	blot	mess	0.02		USF:Cue_Target_Pairs.A-B:6195	yes	yes	yes	yes	yes	
CAND_PLAUS_001473	plus	candidate_pending_human_review			weak_congruence	1	She does not blot five messes	do_negation	blot	messes	blot	mess	0.02		USF:Cue_Target_Pairs.A-B:6195	yes	yes	yes	yes	yes	
CAND_PLAUS_001474	plus	candidate_pending_human_review			weak_congruence	1	Every day she blots five messes	present_3s	blots	messes	blot	mess	0.02		USF:Cue_Target_Pairs.A-B:6195	yes	yes	yes	yes	yes	
CAND_PLAUS_001475	plus	candidate_pending_human_review			weak_congruence	1	Last week she blotted five messes	simple_past	blotted	messes	blot	mess	0.02		USF:Cue_Target_Pairs.A-B:6195	yes	yes	yes	yes	yes	
CAND_PLAUS_001476	plus	candidate_pending_human_review			weak_congruence	1	He is blotting five messes	be_progressive	blotting	messes	blot	mess	0.02		USF:Cue_Target_Pairs.A-B:6195	yes	yes	yes	yes	yes	
CAND_PLAUS_001477	plus	candidate_pending_human_review			weak_congruence	1	He does not blot five messes	do_negation	blot	messes	blot	mess	0.02		USF:Cue_Target_Pairs.A-B:6195	yes	yes	yes	yes	yes	
CAND_PLAUS_001478	plus	candidate_pending_human_review			weak_congruence	1	Every day he blots five messes	present_3s	blots	messes	blot	mess	0.02		USF:Cue_Target_Pairs.A-B:6195	yes	yes	yes	yes	yes	
CAND_PLAUS_001479	plus	candidate_pending_human_review			weak_congruence	1	Last week he blotted five messes	simple_past	blotted	messes	blot	mess	0.02		USF:Cue_Target_Pairs.A-B:6195	yes	yes	yes	yes	yes	
CAND_PLAUS_001480	plus	candidate_pending_human_review			weak_congruence	1	They are blotting five messes	be_progressive	blotting	messes	blot	mess	0.02		USF:Cue_Target_Pairs.A-B:6195	yes	yes	yes	yes	yes	
CAND_PLAUS_001481	plus	candidate_pending_human_review			weak_congruence	1	They do not blot five messes	do_negation	blot	messes	blot	mess	0.02		USF:Cue_Target_Pairs.A-B:6195	yes	yes	yes	yes	yes	
CAND_PLAUS_001482	plus	candidate_pending_human_review			weak_congruence	1	Every day they blot five messes	present_3s	blot	messes	blot	mess	0.02		USF:Cue_Target_Pairs.A-B:6195	yes	yes	yes	yes	yes	
CAND_PLAUS_001483	plus	candidate_pending_human_review			weak_congruence	1	Last week they blotted five messes	simple_past	blotted	messes	blot	mess	0.02		USF:Cue_Target_Pairs.A-B:6195	yes	yes	yes	yes	yes	
CAND_PLAUS_001484	plus	candidate_pending_human_review			weak_congruence	1	She is blotting six messes	be_progressive	blotting	messes	blot	mess	0.02		USF:Cue_Target_Pairs.A-B:6195	yes	yes	yes	yes	yes	
CAND_PLAUS_001485	plus	candidate_pending_human_review			weak_congruence	1	She does not blot six messes	do_negation	blot	messes	blot	mess	0.02		USF:Cue_Target_Pairs.A-B:6195	yes	yes	yes	yes	yes	
CAND_PLAUS_001486	plus	candidate_pending_human_review			weak_congruence	1	Every day she blots six messes	present_3s	blots	messes	blot	mess	0.02		USF:Cue_Target_Pairs.A-B:6195	yes	yes	yes	yes	yes	
CAND_PLAUS_001487	plus	candidate_pending_human_review			weak_congruence	1	Last week she blotted six messes	simple_past	blotted	messes	blot	mess	0.02		USF:Cue_Target_Pairs.A-B:6195	yes	yes	yes	yes	yes	
CAND_PLAUS_001488	plus	candidate_pending_human_review			weak_congruence	1	He is blotting six messes	be_progressive	blotting	messes	blot	mess	0.02		USF:Cue_Target_Pairs.A-B:6195	yes	yes	yes	yes	yes	
CAND_PLAUS_001489	plus	candidate_pending_human_review			weak_congruence	1	He does not blot six messes	do_negation	blot	messes	blot	mess	0.02		USF:Cue_Target_Pairs.A-B:6195	yes	yes	yes	yes	yes	
CAND_PLAUS_001490	plus	candidate_pending_human_review			weak_congruence	1	Every day he blots six messes	present_3s	blots	messes	blot	mess	0.02		USF:Cue_Target_Pairs.A-B:6195	yes	yes	yes	yes	yes	
CAND_PLAUS_001491	plus	candidate_pending_human_review			weak_congruence	1	Last week he blotted six messes	simple_past	blotted	messes	blot	mess	0.02		USF:Cue_Target_Pairs.A-B:6195	yes	yes	yes	yes	yes	
CAND_PLAUS_001492	plus	candidate_pending_human_review			weak_congruence	1	They are blotting six messes	be_progressive	blotting	messes	blot	mess	0.02		USF:Cue_Target_Pairs.A-B:6195	yes	yes	yes	yes	yes	
CAND_PLAUS_001493	plus	candidate_pending_human_review			weak_congruence	1	They do not blot six messes	do_negation	blot	messes	blot	mess	0.02		USF:Cue_Target_Pairs.A-B:6195	yes	yes	yes	yes	yes	
CAND_PLAUS_001494	plus	candidate_pending_human_review			weak_congruence	1	Every day they blot six messes	present_3s	blot	messes	blot	mess	0.02		USF:Cue_Target_Pairs.A-B:6195	yes	yes	yes	yes	yes	
CAND_PLAUS_001495	plus	candidate_pending_human_review			weak_congruence	1	Last week they blotted six messes	simple_past	blotted	messes	blot	mess	0.02		USF:Cue_Target_Pairs.A-B:6195	yes	yes	yes	yes	yes	
CAND_PLAUS_001496	plus	candidate_pending_human_review			weak_congruence	1	She is screwing one wood	be_progressive	screwing	wood	screw	wood	0.022		USF:Cue_Target_Pairs.S:1149	yes	yes	yes	yes	yes	
CAND_PLAUS_001497	plus	candidate_pending_human_review			weak_congruence	1	She does not screw one wood	do_negation	screw	wood	screw	wood	0.022		USF:Cue_Target_Pairs.S:1149	yes	yes	yes	yes	yes	
CAND_PLAUS_001498	plus	candidate_pending_human_review			weak_congruence	1	Every day she screws one wood	present_3s	screws	wood	screw	wood	0.022		USF:Cue_Target_Pairs.S:1149	yes	yes	yes	yes	yes	
CAND_PLAUS_001499	plus	candidate_pending_human_review			weak_congruence	1	Last week she screwed one wood	simple_past	screwed	wood	screw	wood	0.022		USF:Cue_Target_Pairs.S:1149	yes	yes	yes	yes	yes	
CAND_PLAUS_001500	plus	candidate_pending_human_review			weak_congruence	1	He is screwing one wood	be_progressive	screwing	wood	screw	wood	0.022		USF:Cue_Target_Pairs.S:1149	yes	yes	yes	yes	yes	
CAND_PLAUS_001501	plus	candidate_pending_human_review			weak_congruence	1	He does not screw one wood	do_negation	screw	wood	screw	wood	0.022		USF:Cue_Target_Pairs.S:1149	yes	yes	yes	yes	yes	
CAND_PLAUS_001502	plus	candidate_pending_human_review			weak_congruence	1	Every day he screws one wood	present_3s	screws	wood	screw	wood	0.022		USF:Cue_Target_Pairs.S:1149	yes	yes	yes	yes	yes	
CAND_PLAUS_001503	plus	candidate_pending_human_review			weak_congruence	1	Last week he screwed one wood	simple_past	screwed	wood	screw	wood	0.022		USF:Cue_Target_Pairs.S:1149	yes	yes	yes	yes	yes	
CAND_PLAUS_001504	plus	candidate_pending_human_review			weak_congruence	1	They are screwing one wood	be_progressive	screwing	wood	screw	wood	0.022		USF:Cue_Target_Pairs.S:1149	yes	yes	yes	yes	yes	
CAND_PLAUS_001505	plus	candidate_pending_human_review			weak_congruence	1	They do not screw one wood	do_negation	screw	wood	screw	wood	0.022		USF:Cue_Target_Pairs.S:1149	yes	yes	yes	yes	yes	
CAND_PLAUS_001506	plus	candidate_pending_human_review			weak_congruence	1	Every day they screw one wood	present_3s	screw	wood	screw	wood	0.022		USF:Cue_Target_Pairs.S:1149	yes	yes	yes	yes	yes	
CAND_PLAUS_001507	plus	candidate_pending_human_review			weak_congruence	1	Last week they screwed one wood	simple_past	screwed	wood	screw	wood	0.022		USF:Cue_Target_Pairs.S:1149	yes	yes	yes	yes	yes	
CAND_PLAUS_001508	plus	candidate_pending_human_review			weak_congruence	1	She is screwing two woods	be_progressive	screwing	woods	screw	wood	0.022		USF:Cue_Target_Pairs.S:1149	yes	yes	yes	yes	yes	
CAND_PLAUS_001509	plus	candidate_pending_human_review			weak_congruence	1	She does not screw two woods	do_negation	screw	woods	screw	wood	0.022		USF:Cue_Target_Pairs.S:1149	yes	yes	yes	yes	yes	
CAND_PLAUS_001510	plus	candidate_pending_human_review			weak_congruence	1	Every day she screws two woods	present_3s	screws	woods	screw	wood	0.022		USF:Cue_Target_Pairs.S:1149	yes	yes	yes	yes	yes	
CAND_PLAUS_001511	plus	candidate_pending_human_review			weak_congruence	1	Last week she screwed two woods	simple_past	screwed	woods	screw	wood	0.022		USF:Cue_Target_Pairs.S:1149	yes	yes	yes	yes	yes	
CAND_PLAUS_001512	plus	candidate_pending_human_review			weak_congruence	1	He is screwing two woods	be_progressive	screwing	woods	screw	wood	0.022		USF:Cue_Target_Pairs.S:1149	yes	yes	yes	yes	yes	
CAND_PLAUS_001513	plus	candidate_pending_human_review			weak_congruence	1	He does not screw two woods	do_negation	screw	woods	screw	wood	0.022		USF:Cue_Target_Pairs.S:1149	yes	yes	yes	yes	yes	
CAND_PLAUS_001514	plus	candidate_pending_human_review			weak_congruence	1	Every day he screws two woods	present_3s	screws	woods	screw	wood	0.022		USF:Cue_Target_Pairs.S:1149	yes	yes	yes	yes	yes	
CAND_PLAUS_001515	plus	candidate_pending_human_review			weak_congruence	1	Last week he screwed two woods	simple_past	screwed	woods	screw	wood	0.022		USF:Cue_Target_Pairs.S:1149	yes	yes	yes	yes	yes	
CAND_PLAUS_001516	plus	candidate_pending_human_review			weak_congruence	1	They are screwing two woods	be_progressive	screwing	woods	screw	wood	0.022		USF:Cue_Target_Pairs.S:1149	yes	yes	yes	yes	yes	
CAND_PLAUS_001517	plus	candidate_pending_human_review			weak_congruence	1	They do not screw two woods	do_negation	screw	woods	screw	wood	0.022		USF:Cue_Target_Pairs.S:1149	yes	yes	yes	yes	yes	
CAND_PLAUS_001518	plus	candidate_pending_human_review			weak_congruence	1	Every day they screw two woods	present_3s	screw	woods	screw	wood	0.022		USF:Cue_Target_Pairs.S:1149	yes	yes	yes	yes	yes	
CAND_PLAUS_001519	plus	candidate_pending_human_review			weak_congruence	1	Last week they screwed two woods	simple_past	screwed	woods	screw	wood	0.022		USF:Cue_Target_Pairs.S:1149	yes	yes	yes	yes	yes	
CAND_PLAUS_001520	plus	candidate_pending_human_review			weak_congruence	1	She is screwing three woods	be_progressive	screwing	woods	screw	wood	0.022		USF:Cue_Target_Pairs.S:1149	yes	yes	yes	yes	yes	
CAND_PLAUS_001521	plus	candidate_pending_human_review			weak_congruence	1	She does not screw three woods	do_negation	screw	woods	screw	wood	0.022		USF:Cue_Target_Pairs.S:1149	yes	yes	yes	yes	yes	
CAND_PLAUS_001522	plus	candidate_pending_human_review			weak_congruence	1	Every day she screws three woods	present_3s	screws	woods	screw	wood	0.022		USF:Cue_Target_Pairs.S:1149	yes	yes	yes	yes	yes	
CAND_PLAUS_001523	plus	candidate_pending_human_review			weak_congruence	1	Last week she screwed three woods	simple_past	screwed	woods	screw	wood	0.022		USF:Cue_Target_Pairs.S:1149	yes	yes	yes	yes	yes	
CAND_PLAUS_001524	plus	candidate_pending_human_review			weak_congruence	1	He is screwing three woods	be_progressive	screwing	woods	screw	wood	0.022		USF:Cue_Target_Pairs.S:1149	yes	yes	yes	yes	yes	
CAND_PLAUS_001525	plus	candidate_pending_human_review			weak_congruence	1	He does not screw three woods	do_negation	screw	woods	screw	wood	0.022		USF:Cue_Target_Pairs.S:1149	yes	yes	yes	yes	yes	
CAND_PLAUS_001526	plus	candidate_pending_human_review			weak_congruence	1	Every day he screws three woods	present_3s	screws	woods	screw	wood	0.022		USF:Cue_Target_Pairs.S:1149	yes	yes	yes	yes	yes	
CAND_PLAUS_001527	plus	candidate_pending_human_review			weak_congruence	1	Last week he screwed three woods	simple_past	screwed	woods	screw	wood	0.022		USF:Cue_Target_Pairs.S:1149	yes	yes	yes	yes	yes	
CAND_PLAUS_001528	plus	candidate_pending_human_review			weak_congruence	1	They are screwing three woods	be_progressive	screwing	woods	screw	wood	0.022		USF:Cue_Target_Pairs.S:1149	yes	yes	yes	yes	yes	
CAND_PLAUS_001529	plus	candidate_pending_human_review			weak_congruence	1	They do not screw three woods	do_negation	screw	woods	screw	wood	0.022		USF:Cue_Target_Pairs.S:1149	yes	yes	yes	yes	yes	
CAND_PLAUS_001530	plus	candidate_pending_human_review			weak_congruence	1	Every day they screw three woods	present_3s	screw	woods	screw	wood	0.022		USF:Cue_Target_Pairs.S:1149	yes	yes	yes	yes	yes	
CAND_PLAUS_001531	plus	candidate_pending_human_review			weak_congruence	1	Last week they screwed three woods	simple_past	screwed	woods	screw	wood	0.022		USF:Cue_Target_Pairs.S:1149	yes	yes	yes	yes	yes	
CAND_PLAUS_001532	plus	candidate_pending_human_review			weak_congruence	1	She is screwing four woods	be_progressive	screwing	woods	screw	wood	0.022		USF:Cue_Target_Pairs.S:1149	yes	yes	yes	yes	yes	
CAND_PLAUS_001533	plus	candidate_pending_human_review			weak_congruence	1	She does not screw four woods	do_negation	screw	woods	screw	wood	0.022		USF:Cue_Target_Pairs.S:1149	yes	yes	yes	yes	yes	
CAND_PLAUS_001534	plus	candidate_pending_human_review			weak_congruence	1	Every day she screws four woods	present_3s	screws	woods	screw	wood	0.022		USF:Cue_Target_Pairs.S:1149	yes	yes	yes	yes	yes	
CAND_PLAUS_001535	plus	candidate_pending_human_review			weak_congruence	1	Last week she screwed four woods	simple_past	screwed	woods	screw	wood	0.022		USF:Cue_Target_Pairs.S:1149	yes	yes	yes	yes	yes	
CAND_PLAUS_001536	plus	candidate_pending_human_review			weak_congruence	1	He is screwing four woods	be_progressive	screwing	woods	screw	wood	0.022		USF:Cue_Target_Pairs.S:1149	yes	yes	yes	yes	yes	
CAND_PLAUS_001537	plus	candidate_pending_human_review			weak_congruence	1	He does not screw four woods	do_negation	screw	woods	screw	wood	0.022		USF:Cue_Target_Pairs.S:1149	yes	yes	yes	yes	yes	
CAND_PLAUS_001538	plus	candidate_pending_human_review			weak_congruence	1	Every day he screws four woods	present_3s	screws	woods	screw	wood	0.022		USF:Cue_Target_Pairs.S:1149	yes	yes	yes	yes	yes	
CAND_PLAUS_001539	plus	candidate_pending_human_review			weak_congruence	1	Last week he screwed four woods	simple_past	screwed	woods	screw	wood	0.022		USF:Cue_Target_Pairs.S:1149	yes	yes	yes	yes	yes	
CAND_PLAUS_001540	plus	candidate_pending_human_review			weak_congruence	1	They are screwing four woods	be_progressive	screwing	woods	screw	wood	0.022		USF:Cue_Target_Pairs.S:1149	yes	yes	yes	yes	yes	
CAND_PLAUS_001541	plus	candidate_pending_human_review			weak_congruence	1	They do not screw four woods	do_negation	screw	woods	screw	wood	0.022		USF:Cue_Target_Pairs.S:1149	yes	yes	yes	yes	yes	
CAND_PLAUS_001542	plus	candidate_pending_human_review			weak_congruence	1	Every day they screw four woods	present_3s	screw	woods	screw	wood	0.022		USF:Cue_Target_Pairs.S:1149	yes	yes	yes	yes	yes	
CAND_PLAUS_001543	plus	candidate_pending_human_review			weak_congruence	1	Last week they screwed four woods	simple_past	screwed	woods	screw	wood	0.022		USF:Cue_Target_Pairs.S:1149	yes	yes	yes	yes	yes	
CAND_PLAUS_001544	plus	candidate_pending_human_review			weak_congruence	1	She is screwing five woods	be_progressive	screwing	woods	screw	wood	0.022		USF:Cue_Target_Pairs.S:1149	yes	yes	yes	yes	yes	
CAND_PLAUS_001545	plus	candidate_pending_human_review			weak_congruence	1	She does not screw five woods	do_negation	screw	woods	screw	wood	0.022		USF:Cue_Target_Pairs.S:1149	yes	yes	yes	yes	yes	
CAND_PLAUS_001546	plus	candidate_pending_human_review			weak_congruence	1	Every day she screws five woods	present_3s	screws	woods	screw	wood	0.022		USF:Cue_Target_Pairs.S:1149	yes	yes	yes	yes	yes	
CAND_PLAUS_001547	plus	candidate_pending_human_review			weak_congruence	1	Last week she screwed five woods	simple_past	screwed	woods	screw	wood	0.022		USF:Cue_Target_Pairs.S:1149	yes	yes	yes	yes	yes	
CAND_PLAUS_001548	plus	candidate_pending_human_review			weak_congruence	1	He is screwing five woods	be_progressive	screwing	woods	screw	wood	0.022		USF:Cue_Target_Pairs.S:1149	yes	yes	yes	yes	yes	
CAND_PLAUS_001549	plus	candidate_pending_human_review			weak_congruence	1	He does not screw five woods	do_negation	screw	woods	screw	wood	0.022		USF:Cue_Target_Pairs.S:1149	yes	yes	yes	yes	yes	
CAND_PLAUS_001550	plus	candidate_pending_human_review			weak_congruence	1	Every day he screws five woods	present_3s	screws	woods	screw	wood	0.022		USF:Cue_Target_Pairs.S:1149	yes	yes	yes	yes	yes	
CAND_PLAUS_001551	plus	candidate_pending_human_review			incongruent	0	She is inspecting one pin	be_progressive	inspecting	pin	inspect	pin	0.0		USF:absent-both-directions	no	yes	yes	yes	no	
CAND_PLAUS_001552	plus	candidate_pending_human_review			incongruent	0	She does not inspect one pin	do_negation	inspect	pin	inspect	pin	0.0		USF:absent-both-directions	no	yes	yes	yes	no	
CAND_PLAUS_001553	plus	candidate_pending_human_review			incongruent	0	Every day she inspects one pin	present_3s	inspects	pin	inspect	pin	0.0		USF:absent-both-directions	no	yes	yes	yes	no	
CAND_PLAUS_001554	plus	candidate_pending_human_review			incongruent	0	Last week she inspected one pin	simple_past	inspected	pin	inspect	pin	0.0		USF:absent-both-directions	no	yes	yes	yes	no	
CAND_PLAUS_001555	plus	candidate_pending_human_review			incongruent	0	He is inspecting one pin	be_progressive	inspecting	pin	inspect	pin	0.0		USF:absent-both-directions	no	yes	yes	yes	no	
CAND_PLAUS_001556	plus	candidate_pending_human_review			incongruent	0	He does not inspect one pin	do_negation	inspect	pin	inspect	pin	0.0		USF:absent-both-directions	no	yes	yes	yes	no	
CAND_PLAUS_001557	plus	candidate_pending_human_review			incongruent	0	Every day he inspects one pin	present_3s	inspects	pin	inspect	pin	0.0		USF:absent-both-directions	no	yes	yes	yes	no	
CAND_PLAUS_001558	plus	candidate_pending_human_review			incongruent	0	Last week he inspected one pin	simple_past	inspected	pin	inspect	pin	0.0		USF:absent-both-directions	no	yes	yes	yes	no	
CAND_PLAUS_001559	plus	candidate_pending_human_review			incongruent	0	They are inspecting one pin	be_progressive	inspecting	pin	inspect	pin	0.0		USF:absent-both-directions	no	yes	yes	yes	no	
CAND_PLAUS_001560	plus	candidate_pending_human_review			incongruent	0	They do not inspect one pin	do_negation	inspect	pin	inspect	pin	0.0		USF:absent-both-directions	no	yes	yes	yes	no	
CAND_PLAUS_001561	plus	candidate_pending_human_review			incongruent	0	Every day they inspect one pin	present_3s	inspect	pin	inspect	pin	0.0		USF:absent-both-directions	no	yes	yes	yes	no	
CAND_PLAUS_001562	plus	candidate_pending_human_review			incongruent	0	Last week they inspected one pin	simple_past	inspected	pin	inspect	pin	0.0		USF:absent-both-directions	no	yes	yes	yes	no	
CAND_PLAUS_001563	plus	candidate_pending_human_review			incongruent	0	She is inspecting two pins	be_progressive	inspecting	pins	inspect	pin	0.0		USF:absent-both-directions	no	yes	yes	yes	no	
CAND_PLAUS_001564	plus	candidate_pending_human_review			incongruent	0	She does not inspect two pins	do_negation	inspect	pins	inspect	pin	0.0		USF:absent-both-directions	no	yes	yes	yes	no	
CAND_PLAUS_001565	plus	candidate_pending_human_review			incongruent	0	Every day she inspects two pins	present_3s	inspects	pins	inspect	pin	0.0		USF:absent-both-directions	no	yes	yes	yes	no	
CAND_PLAUS_001566	plus	candidate_pending_human_review			incongruent	0	Last week she inspected two pins	simple_past	inspected	pins	inspect	pin	0.0		USF:absent-both-directions	no	yes	yes	yes	no	
CAND_PLAUS_001567	plus	candidate_pending_human_review			incongruent	0	He is inspecting two pins	be_progressive	inspecting	pins	inspect	pin	0.0		USF:absent-both-directions	no	yes	yes	yes	no	
CAND_PLAUS_001568	plus	candidate_pending_human_review			incongruent	0	He does not inspect two pins	do_negation	inspect	pins	inspect	pin	0.0		USF:absent-both-directions	no	yes	yes	yes	no	
CAND_PLAUS_001569	plus	candidate_pending_human_review			incongruent	0	Every day he inspects two pins	present_3s	inspects	pins	inspect	pin	0.0		USF:absent-both-directions	no	yes	yes	yes	no	
CAND_PLAUS_001570	plus	candidate_pending_human_review			incongruent	0	Last week he inspected two pins	simple_past	inspected	pins	inspect	pin	0.0		USF:absent-both-directions	no	yes	yes	yes	no	
CAND_PLAUS_001571	plus	candidate_pending_human_review			incongruent	0	They are inspecting two pins	be_progressive	inspecting	pins	inspect	pin	0.0		USF:absent-both-directions	no	yes	yes	yes	no	
CAND_PLAUS_001572	plus	candidate_pending_human_review			incongruent	0	They do not inspect two pins	do_negation	inspect	pins	inspect	pin	0.0		USF:absent-both-directions	no	yes	yes	yes	no	
CAND_PLAUS_001573	plus	candidate_pending_human_review			incongruent	0	Every day they inspect two pins	present_3s	inspect	pins	inspect	pin	0.0		USF:absent-both-directions	no	yes	yes	yes	no	
CAND_PLAUS_001574	plus	candidate_pending_human_review			incongruent	0	Last week they inspected two pins	simple_past	inspected	pins	inspect	pin	0.0		USF:absent-both-directions	no	yes	yes	yes	no	
CAND_PLAUS_001575	plus	candidate_pending_human_review			incongruent	0	She is inspecting three pins	be_progressive	inspecting	pins	inspect	pin	0.0		USF:absent-both-directions	no	yes	yes	yes	no	
CAND_PLAUS_001576	plus	candidate_pending_human_review			incongruent	0	She does not inspect three pins	do_negation	inspect	pins	inspect	pin	0.0		USF:absent-both-directions	no	yes	yes	yes	no	
CAND_PLAUS_001577	plus	candidate_pending_human_review			incongruent	0	Every day she inspects three pins	present_3s	inspects	pins	inspect	pin	0.0		USF:absent-both-directions	no	yes	yes	yes	no	
CAND_PLAUS_001578	plus	candidate_pending_human_review			incongruent	0	Last week she inspected three pins	simple_past	inspected	pins	inspect	pin	0.0		USF:absent-both-directions	no	yes	yes	yes	no	
CAND_PLAUS_001579	plus	candidate_pending_human_review			incongruent	0	He is inspecting three pins	be_progressive	inspecting	pins	inspect	pin	0.0		USF:absent-both-directions	no	yes	yes	yes	no	
CAND_PLAUS_001580	plus	candidate_pending_human_review			incongruent	0	He does not inspect three pins	do_negation	inspect	pins	inspect	pin	0.0		USF:absent-both-directions	no	yes	yes	yes	no	
CAND_PLAUS_001581	plus	candidate_pending_human_review			incongruent	0	Every day he inspects three pins	present_3s	inspects	pins	inspect	pin	0.0		USF:absent-both-directions	no	yes	yes	yes	no	
CAND_PLAUS_001582	plus	candidate_pending_human_review			incongruent	0	Last week he inspected three pins	simple_past	inspected	pins	inspect	pin	0.0		USF:absent-both-directions	no	yes	yes	yes	no	
CAND_PLAUS_001583	plus	candidate_pending_human_review			incongruent	0	They are inspecting three pins	be_progressive	inspecting	pins	inspect	pin	0.0		USF:absent-both-directions	no	yes	yes	yes	no	
CAND_PLAUS_001584	plus	candidate_pending_human_review			incongruent	0	They do not inspect three pins	do_negation	inspect	pins	inspect	pin	0.0		USF:absent-both-directions	no	yes	yes	yes	no	
CAND_PLAUS_001585	plus	candidate_pending_human_review			incongruent	0	Every day they inspect three pins	present_3s	inspect	pins	inspect	pin	0.0		USF:absent-both-directions	no	yes	yes	yes	no	
CAND_PLAUS_001586	plus	candidate_pending_human_review			incongruent	0	Last week they inspected three pins	simple_past	inspected	pins	inspect	pin	0.0		USF:absent-both-directions	no	yes	yes	yes	no	
CAND_PLAUS_001587	plus	candidate_pending_human_review			incongruent	0	She is inspecting four pins	be_progressive	inspecting	pins	inspect	pin	0.0		USF:absent-both-directions	no	yes	yes	yes	no	
CAND_PLAUS_001588	plus	candidate_pending_human_review			incongruent	0	She does not inspect four pins	do_negation	inspect	pins	inspect	pin	0.0		USF:absent-both-directions	no	yes	yes	yes	no	
CAND_PLAUS_001589	plus	candidate_pending_human_review			incongruent	0	Every day she inspects four pins	present_3s	inspects	pins	inspect	pin	0.0		USF:absent-both-directions	no	yes	yes	yes	no	
CAND_PLAUS_001590	plus	candidate_pending_human_review			incongruent	0	Last week she inspected four pins	simple_past	inspected	pins	inspect	pin	0.0		USF:absent-both-directions	no	yes	yes	yes	no	
CAND_PLAUS_001591	plus	candidate_pending_human_review			incongruent	0	He is inspecting four pins	be_progressive	inspecting	pins	inspect	pin	0.0		USF:absent-both-directions	no	yes	yes	yes	no	
CAND_PLAUS_001592	plus	candidate_pending_human_review			incongruent	0	He does not inspect four pins	do_negation	inspect	pins	inspect	pin	0.0		USF:absent-both-directions	no	yes	yes	yes	no	
CAND_PLAUS_001593	plus	candidate_pending_human_review			incongruent	0	Every day he inspects four pins	present_3s	inspects	pins	inspect	pin	0.0		USF:absent-both-directions	no	yes	yes	yes	no	
CAND_PLAUS_001594	plus	candidate_pending_human_review			incongruent	0	Last week he inspected four pins	simple_past	inspected	pins	inspect	pin	0.0		USF:absent-both-directions	no	yes	yes	yes	no	
CAND_PLAUS_001595	plus	candidate_pending_human_review			incongruent	0	They are inspecting four pins	be_progressive	inspecting	pins	inspect	pin	0.0		USF:absent-both-directions	no	yes	yes	yes	no	
CAND_PLAUS_001596	plus	candidate_pending_human_review			incongruent	0	They do not inspect four pins	do_negation	inspect	pins	inspect	pin	0.0		USF:absent-both-directions	no	yes	yes	yes	no	
CAND_PLAUS_001597	plus	candidate_pending_human_review			incongruent	0	Every day they inspect four pins	present_3s	inspect	pins	inspect	pin	0.0		USF:absent-both-directions	no	yes	yes	yes	no	
CAND_PLAUS_001598	plus	candidate_pending_human_review			incongruent	0	Last week they inspected four pins	simple_past	inspected	pins	inspect	pin	0.0		USF:absent-both-directions	no	yes	yes	yes	no	
CAND_PLAUS_001599	plus	candidate_pending_human_review			incongruent	0	She is inspecting five pins	be_progressive	inspecting	pins	inspect	pin	0.0		USF:absent-both-directions	no	yes	yes	yes	no	
CAND_PLAUS_001600	plus	candidate_pending_human_review			incongruent	0	She does not inspect five pins	do_negation	inspect	pins	inspect	pin	0.0		USF:absent-both-directions	no	yes	yes	yes	no	
CAND_PLAUS_001601	plus	candidate_pending_human_review			incongruent	0	Every day she inspects five pins	present_3s	inspects	pins	inspect	pin	0.0		USF:absent-both-directions	no	yes	yes	yes	no	
CAND_PLAUS_001602	plus	candidate_pending_human_review			incongruent	0	Last week she inspected five pins	simple_past	inspected	pins	inspect	pin	0.0		USF:absent-both-directions	no	yes	yes	yes	no	
CAND_PLAUS_001603	plus	candidate_pending_human_review			incongruent	0	He is inspecting five pins	be_progressive	inspecting	pins	inspect	pin	0.0		USF:absent-both-directions	no	yes	yes	yes	no	
CAND_PLAUS_001604	plus	candidate_pending_human_review			incongruent	0	He does not inspect five pins	do_negation	inspect	pins	inspect	pin	0.0		USF:absent-both-directions	no	yes	yes	yes	no	
CAND_PLAUS_001605	plus	candidate_pending_human_review			incongruent	0	Every day he inspects five pins	present_3s	inspects	pins	inspect	pin	0.0		USF:absent-both-directions	no	yes	yes	yes	no	
CAND_PLAUS_001606	plus	candidate_pending_human_review			incongruent	0	Last week he inspected five pins	simple_past	inspected	pins	inspect	pin	0.0		USF:absent-both-directions	no	yes	yes	yes	no	
CAND_PLAUS_001607	plus	candidate_pending_human_review			incongruent	0	They are inspecting five pins	be_progressive	inspecting	pins	inspect	pin	0.0		USF:absent-both-directions	no	yes	yes	yes	no	
CAND_PLAUS_001608	plus	candidate_pending_human_review			incongruent	0	They do not inspect five pins	do_negation	inspect	pins	inspect	pin	0.0		USF:absent-both-directions	no	yes	yes	yes	no	
CAND_PLAUS_001609	plus	candidate_pending_human_review			incongruent	0	Every day they inspect five pins	present_3s	inspect	pins	inspect	pin	0.0		USF:absent-both-directions	no	yes	yes	yes	no	
CAND_PLAUS_001610	plus	candidate_pending_human_review			incongruent	0	Last week they inspected five pins	simple_past	inspected	pins	inspect	pin	0.0		USF:absent-both-directions	no	yes	yes	yes	no	
CAND_PLAUS_001611	plus	candidate_pending_human_review			incongruent	0	She is inspecting six pins	be_progressive	inspecting	pins	inspect	pin	0.0		USF:absent-both-directions	no	yes	yes	yes	no	
CAND_PLAUS_001612	plus	candidate_pending_human_review			incongruent	0	She does not inspect six pins	do_negation	inspect	pins	inspect	pin	0.0		USF:absent-both-directions	no	yes	yes	yes	no	
CAND_PLAUS_001613	plus	candidate_pending_human_review			incongruent	0	Every day she inspects six pins	present_3s	inspects	pins	inspect	pin	0.0		USF:absent-both-directions	no	yes	yes	yes	no	
CAND_PLAUS_001614	plus	candidate_pending_human_review			incongruent	0	Last week she inspected six pins	simple_past	inspected	pins	inspect	pin	0.0		USF:absent-both-directions	no	yes	yes	yes	no	
CAND_PLAUS_001615	plus	candidate_pending_human_review			incongruent	0	He is inspecting six pins	be_progressive	inspecting	pins	inspect	pin	0.0		USF:absent-both-directions	no	yes	yes	yes	no	
CAND_PLAUS_001616	plus	candidate_pending_human_review			incongruent	0	He does not inspect six pins	do_negation	inspect	pins	inspect	pin	0.0		USF:absent-both-directions	no	yes	yes	yes	no	
CAND_PLAUS_001617	plus	candidate_pending_human_review			incongruent	0	Every day he inspects six pins	present_3s	inspects	pins	inspect	pin	0.0		USF:absent-both-directions	no	yes	yes	yes	no	
CAND_PLAUS_001618	plus	candidate_pending_human_review			incongruent	0	Last week he inspected six pins	simple_past	inspected	pins	inspect	pin	0.0		USF:absent-both-directions	no	yes	yes	yes	no	
CAND_PLAUS_001619	plus	candidate_pending_human_review			incongruent	0	They are inspecting six pins	be_progressive	inspecting	pins	inspect	pin	0.0		USF:absent-both-directions	no	yes	yes	yes	no	
CAND_PLAUS_001620	plus	candidate_pending_human_review			incongruent	0	They do not inspect six pins	do_negation	inspect	pins	inspect	pin	0.0		USF:absent-both-directions	no	yes	yes	yes	no	
CAND_PLAUS_001621	plus	candidate_pending_human_review			incongruent	0	Every day they inspect six pins	present_3s	inspect	pins	inspect	pin	0.0		USF:absent-both-directions	no	yes	yes	yes	no	
CAND_PLAUS_001622	plus	candidate_pending_human_review			incongruent	0	Last week they inspected six pins	simple_past	inspected	pins	inspect	pin	0.0		USF:absent-both-directions	no	yes	yes	yes	no	
CAND_PLAUS_001623	plus	candidate_pending_human_review			incongruent	0	She is sparing one grass	be_progressive	sparing	grass	spare	grass	0.0		USF:absent-both-directions	no	yes	yes	yes	no	
CAND_PLAUS_001624	plus	candidate_pending_human_review			incongruent	0	She does not spare one grass	do_negation	spare	grass	spare	grass	0.0		USF:absent-both-directions	no	yes	yes	yes	no	
CAND_PLAUS_001625	plus	candidate_pending_human_review			incongruent	0	Every day she spares one grass	present_3s	spares	grass	spare	grass	0.0		USF:absent-both-directions	no	yes	yes	yes	no	
CAND_PLAUS_001626	plus	candidate_pending_human_review			incongruent	0	Last week she spared one grass	simple_past	spared	grass	spare	grass	0.0		USF:absent-both-directions	no	yes	yes	yes	no	
CAND_PLAUS_001627	plus	candidate_pending_human_review			incongruent	0	He is sparing one grass	be_progressive	sparing	grass	spare	grass	0.0		USF:absent-both-directions	no	yes	yes	yes	no	
CAND_PLAUS_001628	plus	candidate_pending_human_review			incongruent	0	He does not spare one grass	do_negation	spare	grass	spare	grass	0.0		USF:absent-both-directions	no	yes	yes	yes	no	
CAND_PLAUS_001629	plus	candidate_pending_human_review			incongruent	0	Every day he spares one grass	present_3s	spares	grass	spare	grass	0.0		USF:absent-both-directions	no	yes	yes	yes	no	
CAND_PLAUS_001630	plus	candidate_pending_human_review			incongruent	0	Last week he spared one grass	simple_past	spared	grass	spare	grass	0.0		USF:absent-both-directions	no	yes	yes	yes	no	
CAND_PLAUS_001631	plus	candidate_pending_human_review			incongruent	0	They are sparing one grass	be_progressive	sparing	grass	spare	grass	0.0		USF:absent-both-directions	no	yes	yes	yes	no	
CAND_PLAUS_001632	plus	candidate_pending_human_review			incongruent	0	They do not spare one grass	do_negation	spare	grass	spare	grass	0.0		USF:absent-both-directions	no	yes	yes	yes	no	
CAND_PLAUS_001633	plus	candidate_pending_human_review			incongruent	0	Every day they spare one grass	present_3s	spare	grass	spare	grass	0.0		USF:absent-both-directions	no	yes	yes	yes	no	
CAND_PLAUS_001634	plus	candidate_pending_human_review			incongruent	0	Last week they spared one grass	simple_past	spared	grass	spare	grass	0.0		USF:absent-both-directions	no	yes	yes	yes	no	
CAND_PLAUS_001635	plus	candidate_pending_human_review			incongruent	0	She is sparing two grasses	be_progressive	sparing	grasses	spare	grass	0.0		USF:absent-both-directions	no	yes	yes	yes	no	
CAND_PLAUS_001636	plus	candidate_pending_human_review			incongruent	0	She does not spare two grasses	do_negation	spare	grasses	spare	grass	0.0		USF:absent-both-directions	no	yes	yes	yes	no	
CAND_PLAUS_001637	plus	candidate_pending_human_review			incongruent	0	Every day she spares two grasses	present_3s	spares	grasses	spare	grass	0.0		USF:absent-both-directions	no	yes	yes	yes	no	
CAND_PLAUS_001638	plus	candidate_pending_human_review			incongruent	0	Last week she spared two grasses	simple_past	spared	grasses	spare	grass	0.0		USF:absent-both-directions	no	yes	yes	yes	no	
CAND_PLAUS_001639	plus	candidate_pending_human_review			incongruent	0	He is sparing two grasses	be_progressive	sparing	grasses	spare	grass	0.0		USF:absent-both-directions	no	yes	yes	yes	no	
CAND_PLAUS_001640	plus	candidate_pending_human_review			incongruent	0	He does not spare two grasses	do_negation	spare	grasses	spare	grass	0.0		USF:absent-both-directions	no	yes	yes	yes	no	
CAND_PLAUS_001641	plus	candidate_pending_human_review			incongruent	0	Every day he spares two grasses	present_3s	spares	grasses	spare	grass	0.0		USF:absent-both-directions	no	yes	yes	yes	no	
CAND_PLAUS_001642	plus	candidate_pending_human_review			incongruent	0	Last week he spared two grasses	simple_past	spared	grasses	spare	grass	0.0		USF:absent-both-directions	no	yes	yes	yes	no	
CAND_PLAUS_001643	plus	candidate_pending_human_review			incongruent	0	They are sparing two grasses	be_progressive	sparing	grasses	spare	grass	0.0		USF:absent-both-directions	no	yes	yes	yes	no	
CAND_PLAUS_001644	plus	candidate_pending_human_review			incongruent	0	They do not spare two grasses	do_negation	spare	grasses	spare	grass	0.0		USF:absent-both-directions	no	yes	yes	yes	no	
CAND_PLAUS_001645	plus	candidate_pending_human_review			incongruent	0	Every day they spare two grasses	present_3s	spare	grasses	spare	grass	0.0		USF:absent-both-directions	no	yes	yes	yes	no	
CAND_PLAUS_001646	plus	candidate_pending_human_review			incongruent	0	Last week they spared two grasses	simple_past	spared	grasses	spare	grass	0.0		USF:absent-both-directions	no	yes	yes	yes	no	
CAND_PLAUS_001647	plus	candidate_pending_human_review			incongruent	0	She is sparing three grasses	be_progressive	sparing	grasses	spare	grass	0.0		USF:absent-both-directions	no	yes	yes	yes	no	
CAND_PLAUS_001648	plus	candidate_pending_human_review			incongruent	0	She does not spare three grasses	do_negation	spare	grasses	spare	grass	0.0		USF:absent-both-directions	no	yes	yes	yes	no	
CAND_PLAUS_001649	plus	candidate_pending_human_review			incongruent	0	Every day she spares three grasses	present_3s	spares	grasses	spare	grass	0.0		USF:absent-both-directions	no	yes	yes	yes	no	
CAND_PLAUS_001650	plus	candidate_pending_human_review			incongruent	0	Last week she spared three grasses	simple_past	spared	grasses	spare	grass	0.0		USF:absent-both-directions	no	yes	yes	yes	no	
CAND_PLAUS_001651	plus	candidate_pending_human_review			incongruent	0	He is sparing three grasses	be_progressive	sparing	grasses	spare	grass	0.0		USF:absent-both-directions	no	yes	yes	yes	no	
CAND_PLAUS_001652	plus	candidate_pending_human_review			incongruent	0	He does not spare three grasses	do_negation	spare	grasses	spare	grass	0.0		USF:absent-both-directions	no	yes	yes	yes	no	
CAND_PLAUS_001653	plus	candidate_pending_human_review			incongruent	0	Every day he spares three grasses	present_3s	spares	grasses	spare	grass	0.0		USF:absent-both-directions	no	yes	yes	yes	no	
CAND_PLAUS_001654	plus	candidate_pending_human_review			incongruent	0	Last week he spared three grasses	simple_past	spared	grasses	spare	grass	0.0		USF:absent-both-directions	no	yes	yes	yes	no	
CAND_PLAUS_001655	plus	candidate_pending_human_review			incongruent	0	They are sparing three grasses	be_progressive	sparing	grasses	spare	grass	0.0		USF:absent-both-directions	no	yes	yes	yes	no	
CAND_PLAUS_001656	plus	candidate_pending_human_review			incongruent	0	They do not spare three grasses	do_negation	spare	grasses	spare	grass	0.0		USF:absent-both-directions	no	yes	yes	yes	no	
CAND_PLAUS_001657	plus	candidate_pending_human_review			incongruent	0	Every day they spare three grasses	present_3s	spare	grasses	spare	grass	0.0		USF:absent-both-directions	no	yes	yes	yes	no	
CAND_PLAUS_001658	plus	candidate_pending_human_review			incongruent	0	Last week they spared three grasses	simple_past	spared	grasses	spare	grass	0.0		USF:absent-both-directions	no	yes	yes	yes	no	
CAND_PLAUS_001659	plus	candidate_pending_human_review			incongruent	0	She is sparing four grasses	be_progressive	sparing	grasses	spare	grass	0.0		USF:absent-both-directions	no	yes	yes	yes	no	
CAND_PLAUS_001660	plus	candidate_pending_human_review			incongruent	0	She does not spare four grasses	do_negation	spare	grasses	spare	grass	0.0		USF:absent-both-directions	no	yes	yes	yes	no	
CAND_PLAUS_001661	plus	candidate_pending_human_review			incongruent	0	Every day she spares four grasses	present_3s	spares	grasses	spare	grass	0.0		USF:absent-both-directions	no	yes	yes	yes	no	
CAND_PLAUS_001662	plus	candidate_pending_human_review			incongruent	0	Last week she spared four grasses	simple_past	spared	grasses	spare	grass	0.0		USF:absent-both-directions	no	yes	yes	yes	no	
CAND_PLAUS_001663	plus	candidate_pending_human_review			incongruent	0	He is sparing four grasses	be_progressive	sparing	grasses	spare	grass	0.0		USF:absent-both-directions	no	yes	yes	yes	no	
CAND_PLAUS_001664	plus	candidate_pending_human_review			incongruent	0	He does not spare four grasses	do_negation	spare	grasses	spare	grass	0.0		USF:absent-both-directions	no	yes	yes	yes	no	
CAND_PLAUS_001665	plus	candidate_pending_human_review			incongruent	0	Every day he spares four grasses	present_3s	spares	grasses	spare	grass	0.0		USF:absent-both-directions	no	yes	yes	yes	no	
CAND_PLAUS_001666	plus	candidate_pending_human_review			incongruent	0	Last week he spared four grasses	simple_past	spared	grasses	spare	grass	0.0		USF:absent-both-directions	no	yes	yes	yes	no	
CAND_PLAUS_001667	plus	candidate_pending_human_review			incongruent	0	They are sparing four grasses	be_progressive	sparing	grasses	spare	grass	0.0		USF:absent-both-directions	no	yes	yes	yes	no	
CAND_PLAUS_001668	plus	candidate_pending_human_review			incongruent	0	They do not spare four grasses	do_negation	spare	grasses	spare	grass	0.0		USF:absent-both-directions	no	yes	yes	yes	no	
CAND_PLAUS_001669	plus	candidate_pending_human_review			incongruent	0	Every day they spare four grasses	present_3s	spare	grasses	spare	grass	0.0		USF:absent-both-directions	no	yes	yes	yes	no	
CAND_PLAUS_001670	plus	candidate_pending_human_review			incongruent	0	Last week they spared four grasses	simple_past	spared	grasses	spare	grass	0.0		USF:absent-both-directions	no	yes	yes	yes	no	
CAND_PLAUS_001671	plus	candidate_pending_human_review			incongruent	0	She is sparing five grasses	be_progressive	sparing	grasses	spare	grass	0.0		USF:absent-both-directions	no	yes	yes	yes	no	
CAND_PLAUS_001672	plus	candidate_pending_human_review			incongruent	0	She does not spare five grasses	do_negation	spare	grasses	spare	grass	0.0		USF:absent-both-directions	no	yes	yes	yes	no	
CAND_PLAUS_001673	plus	candidate_pending_human_review			incongruent	0	Every day she spares five grasses	present_3s	spares	grasses	spare	grass	0.0		USF:absent-both-directions	no	yes	yes	yes	no	
CAND_PLAUS_001674	plus	candidate_pending_human_review			incongruent	0	Last week she spared five grasses	simple_past	spared	grasses	spare	grass	0.0		USF:absent-both-directions	no	yes	yes	yes	no	
CAND_PLAUS_001675	plus	candidate_pending_human_review			incongruent	0	He is sparing five grasses	be_progressive	sparing	grasses	spare	grass	0.0		USF:absent-both-directions	no	yes	yes	yes	no	
CAND_PLAUS_001676	plus	candidate_pending_human_review			incongruent	0	He does not spare five grasses	do_negation	spare	grasses	spare	grass	0.0		USF:absent-both-directions	no	yes	yes	yes	no	
CAND_PLAUS_001677	plus	candidate_pending_human_review			incongruent	0	Every day he spares five grasses	present_3s	spares	grasses	spare	grass	0.0		USF:absent-both-directions	no	yes	yes	yes	no	
CAND_PLAUS_001678	plus	candidate_pending_human_review			incongruent	0	Last week he spared five grasses	simple_past	spared	grasses	spare	grass	0.0		USF:absent-both-directions	no	yes	yes	yes	no	
CAND_PLAUS_001679	plus	candidate_pending_human_review			incongruent	0	They are sparing five grasses	be_progressive	sparing	grasses	spare	grass	0.0		USF:absent-both-directions	no	yes	yes	yes	no	
CAND_PLAUS_001680	plus	candidate_pending_human_review			incongruent	0	They do not spare five grasses	do_negation	spare	grasses	spare	grass	0.0		USF:absent-both-directions	no	yes	yes	yes	no	
CAND_PLAUS_001681	plus	candidate_pending_human_review			incongruent	0	Every day they spare five grasses	present_3s	spare	grasses	spare	grass	0.0		USF:absent-both-directions	no	yes	yes	yes	no	
CAND_PLAUS_001682	plus	candidate_pending_human_review			incongruent	0	Last week they spared five grasses	simple_past	spared	grasses	spare	grass	0.0		USF:absent-both-directions	no	yes	yes	yes	no	
CAND_PLAUS_001683	plus	candidate_pending_human_review			incongruent	0	She is sparing six grasses	be_progressive	sparing	grasses	spare	grass	0.0		USF:absent-both-directions	no	yes	yes	yes	no	
CAND_PLAUS_001684	plus	candidate_pending_human_review			incongruent	0	She does not spare six grasses	do_negation	spare	grasses	spare	grass	0.0		USF:absent-both-directions	no	yes	yes	yes	no	
CAND_PLAUS_001685	plus	candidate_pending_human_review			incongruent	0	Every day she spares six grasses	present_3s	spares	grasses	spare	grass	0.0		USF:absent-both-directions	no	yes	yes	yes	no	
CAND_PLAUS_001686	plus	candidate_pending_human_review			incongruent	0	Last week she spared six grasses	simple_past	spared	grasses	spare	grass	0.0		USF:absent-both-directions	no	yes	yes	yes	no	
CAND_PLAUS_001687	plus	candidate_pending_human_review			incongruent	0	He is sparing six grasses	be_progressive	sparing	grasses	spare	grass	0.0		USF:absent-both-directions	no	yes	yes	yes	no	
CAND_PLAUS_001688	plus	candidate_pending_human_review			incongruent	0	He does not spare six grasses	do_negation	spare	grasses	spare	grass	0.0		USF:absent-both-directions	no	yes	yes	yes	no	
CAND_PLAUS_001689	plus	candidate_pending_human_review			incongruent	0	Every day he spares six grasses	present_3s	spares	grasses	spare	grass	0.0		USF:absent-both-directions	no	yes	yes	yes	no	
CAND_PLAUS_001690	plus	candidate_pending_human_review			incongruent	0	Last week he spared six grasses	simple_past	spared	grasses	spare	grass	0.0		USF:absent-both-directions	no	yes	yes	yes	no	
CAND_PLAUS_001691	plus	candidate_pending_human_review			incongruent	0	They are sparing six grasses	be_progressive	sparing	grasses	spare	grass	0.0		USF:absent-both-directions	no	yes	yes	yes	no	
CAND_PLAUS_001692	plus	candidate_pending_human_review			incongruent	0	They do not spare six grasses	do_negation	spare	grasses	spare	grass	0.0		USF:absent-both-directions	no	yes	yes	yes	no	
CAND_PLAUS_001693	plus	candidate_pending_human_review			incongruent	0	Every day they spare six grasses	present_3s	spare	grasses	spare	grass	0.0		USF:absent-both-directions	no	yes	yes	yes	no	
CAND_PLAUS_001694	plus	candidate_pending_human_review			incongruent	0	Last week they spared six grasses	simple_past	spared	grasses	spare	grass	0.0		USF:absent-both-directions	no	yes	yes	yes	no	
CAND_PLAUS_001695	plus	candidate_pending_human_review			incongruent	0	She is dancing one computer	be_progressive	dancing	computer	dance	computer	0.0		USF:absent-both-directions	no	yes	yes	yes	no	
CAND_PLAUS_001696	plus	candidate_pending_human_review			incongruent	0	She does not dance one computer	do_negation	dance	computer	dance	computer	0.0		USF:absent-both-directions	no	yes	yes	yes	no	
CAND_PLAUS_001697	plus	candidate_pending_human_review			incongruent	0	Every day she dances one computer	present_3s	dances	computer	dance	computer	0.0		USF:absent-both-directions	no	yes	yes	yes	no	
CAND_PLAUS_001698	plus	candidate_pending_human_review			incongruent	0	Last week she danced one computer	simple_past	danced	computer	dance	computer	0.0		USF:absent-both-directions	no	yes	yes	yes	no	
CAND_PLAUS_001699	plus	candidate_pending_human_review			incongruent	0	He is dancing one computer	be_progressive	dancing	computer	dance	computer	0.0		USF:absent-both-directions	no	yes	yes	yes	no	
CAND_PLAUS_001700	plus	candidate_pending_human_review			incongruent	0	He does not dance one computer	do_negation	dance	computer	dance	computer	0.0		USF:absent-both-directions	no	yes	yes	yes	no	
CAND_PLAUS_001701	plus	candidate_pending_human_review			incongruent	0	Every day he dances one computer	present_3s	dances	computer	dance	computer	0.0		USF:absent-both-directions	no	yes	yes	yes	no	
CAND_PLAUS_001702	plus	candidate_pending_human_review			incongruent	0	Last week he danced one computer	simple_past	danced	computer	dance	computer	0.0		USF:absent-both-directions	no	yes	yes	yes	no	
CAND_PLAUS_001703	plus	candidate_pending_human_review			incongruent	0	They are dancing one computer	be_progressive	dancing	computer	dance	computer	0.0		USF:absent-both-directions	no	yes	yes	yes	no	
CAND_PLAUS_001704	plus	candidate_pending_human_review			incongruent	0	They do not dance one computer	do_negation	dance	computer	dance	computer	0.0		USF:absent-both-directions	no	yes	yes	yes	no	
CAND_PLAUS_001705	plus	candidate_pending_human_review			incongruent	0	Every day they dance one computer	present_3s	dance	computer	dance	computer	0.0		USF:absent-both-directions	no	yes	yes	yes	no	
CAND_PLAUS_001706	plus	candidate_pending_human_review			incongruent	0	Last week they danced one computer	simple_past	danced	computer	dance	computer	0.0		USF:absent-both-directions	no	yes	yes	yes	no	
CAND_PLAUS_001707	plus	candidate_pending_human_review			incongruent	0	She is dancing two computers	be_progressive	dancing	computers	dance	computer	0.0		USF:absent-both-directions	no	yes	yes	yes	no	
CAND_PLAUS_001708	plus	candidate_pending_human_review			incongruent	0	She does not dance two computers	do_negation	dance	computers	dance	computer	0.0		USF:absent-both-directions	no	yes	yes	yes	no	
CAND_PLAUS_001709	plus	candidate_pending_human_review			incongruent	0	Every day she dances two computers	present_3s	dances	computers	dance	computer	0.0		USF:absent-both-directions	no	yes	yes	yes	no	
CAND_PLAUS_001710	plus	candidate_pending_human_review			incongruent	0	Last week she danced two computers	simple_past	danced	computers	dance	computer	0.0		USF:absent-both-directions	no	yes	yes	yes	no	
CAND_PLAUS_001711	plus	candidate_pending_human_review			incongruent	0	He is dancing two computers	be_progressive	dancing	computers	dance	computer	0.0		USF:absent-both-directions	no	yes	yes	yes	no	
CAND_PLAUS_001712	plus	candidate_pending_human_review			incongruent	0	He does not dance two computers	do_negation	dance	computers	dance	computer	0.0		USF:absent-both-directions	no	yes	yes	yes	no	
CAND_PLAUS_001713	plus	candidate_pending_human_review			incongruent	0	Every day he dances two computers	present_3s	dances	computers	dance	computer	0.0		USF:absent-both-directions	no	yes	yes	yes	no	
CAND_PLAUS_001714	plus	candidate_pending_human_review			incongruent	0	Last week he danced two computers	simple_past	danced	computers	dance	computer	0.0		USF:absent-both-directions	no	yes	yes	yes	no	
CAND_PLAUS_001715	plus	candidate_pending_human_review			incongruent	0	They are dancing two computers	be_progressive	dancing	computers	dance	computer	0.0		USF:absent-both-directions	no	yes	yes	yes	no	
CAND_PLAUS_001716	plus	candidate_pending_human_review			incongruent	0	They do not dance two computers	do_negation	dance	computers	dance	computer	0.0		USF:absent-both-directions	no	yes	yes	yes	no	
CAND_PLAUS_001717	plus	candidate_pending_human_review			incongruent	0	Every day they dance two computers	present_3s	dance	computers	dance	computer	0.0		USF:absent-both-directions	no	yes	yes	yes	no	
CAND_PLAUS_001718	plus	candidate_pending_human_review			incongruent	0	Last week they danced two computers	simple_past	danced	computers	dance	computer	0.0		USF:absent-both-directions	no	yes	yes	yes	no	
CAND_PLAUS_001719	plus	candidate_pending_human_review			incongruent	0	She is dancing three computers	be_progressive	dancing	computers	dance	computer	0.0		USF:absent-both-directions	no	yes	yes	yes	no	
CAND_PLAUS_001720	plus	candidate_pending_human_review			incongruent	0	She does not dance three computers	do_negation	dance	computers	dance	computer	0.0		USF:absent-both-directions	no	yes	yes	yes	no	
CAND_PLAUS_001721	plus	candidate_pending_human_review			incongruent	0	Every day she dances three computers	present_3s	dances	computers	dance	computer	0.0		USF:absent-both-directions	no	yes	yes	yes	no	
CAND_PLAUS_001722	plus	candidate_pending_human_review			incongruent	0	Last week she danced three computers	simple_past	danced	computers	dance	computer	0.0		USF:absent-both-directions	no	yes	yes	yes	no	
CAND_PLAUS_001723	plus	candidate_pending_human_review			incongruent	0	He is dancing three computers	be_progressive	dancing	computers	dance	computer	0.0		USF:absent-both-directions	no	yes	yes	yes	no	
CAND_PLAUS_001724	plus	candidate_pending_human_review			incongruent	0	He does not dance three computers	do_negation	dance	computers	dance	computer	0.0		USF:absent-both-directions	no	yes	yes	yes	no	
CAND_PLAUS_001725	plus	candidate_pending_human_review			incongruent	0	Every day he dances three computers	present_3s	dances	computers	dance	computer	0.0		USF:absent-both-directions	no	yes	yes	yes	no	
CAND_PLAUS_001726	plus	candidate_pending_human_review			incongruent	0	Last week he danced three computers	simple_past	danced	computers	dance	computer	0.0		USF:absent-both-directions	no	yes	yes	yes	no	
CAND_PLAUS_001727	plus	candidate_pending_human_review			incongruent	0	They are dancing three computers	be_progressive	dancing	computers	dance	computer	0.0		USF:absent-both-directions	no	yes	yes	yes	no	
CAND_PLAUS_001728	plus	candidate_pending_human_review			incongruent	0	They do not dance three computers	do_negation	dance	computers	dance	computer	0.0		USF:absent-both-directions	no	yes	yes	yes	no	
CAND_PLAUS_001729	plus	candidate_pending_human_review			incongruent	0	Every day they dance three computers	present_3s	dance	computers	dance	computer	0.0		USF:absent-both-directions	no	yes	yes	yes	no	
CAND_PLAUS_001730	plus	candidate_pending_human_review			incongruent	0	Last week they danced three computers	simple_past	danced	computers	dance	computer	0.0		USF:absent-both-directions	no	yes	yes	yes	no	
CAND_PLAUS_001731	plus	candidate_pending_human_review			incongruent	0	She is dancing four computers	be_progressive	dancing	computers	dance	computer	0.0		USF:absent-both-directions	no	yes	yes	yes	no	
CAND_PLAUS_001732	plus	candidate_pending_human_review			incongruent	0	She does not dance four computers	do_negation	dance	computers	dance	computer	0.0		USF:absent-both-directions	no	yes	yes	yes	no	
CAND_PLAUS_001733	plus	candidate_pending_human_review			incongruent	0	Every day she dances four computers	present_3s	dances	computers	dance	computer	0.0		USF:absent-both-directions	no	yes	yes	yes	no	
CAND_PLAUS_001734	plus	candidate_pending_human_review			incongruent	0	Last week she danced four computers	simple_past	danced	computers	dance	computer	0.0		USF:absent-both-directions	no	yes	yes	yes	no	
CAND_PLAUS_001735	plus	candidate_pending_human_review			incongruent	0	He is dancing four computers	be_progressive	dancing	computers	dance	computer	0.0		USF:absent-both-directions	no	yes	yes	yes	no	
CAND_PLAUS_001736	plus	candidate_pending_human_review			incongruent	0	He does not dance four computers	do_negation	dance	computers	dance	computer	0.0		USF:absent-both-directions	no	yes	yes	yes	no	
CAND_PLAUS_001737	plus	candidate_pending_human_review			incongruent	0	Every day he dances four computers	present_3s	dances	computers	dance	computer	0.0		USF:absent-both-directions	no	yes	yes	yes	no	
CAND_PLAUS_001738	plus	candidate_pending_human_review			incongruent	0	Last week he danced four computers	simple_past	danced	computers	dance	computer	0.0		USF:absent-both-directions	no	yes	yes	yes	no	
CAND_PLAUS_001739	plus	candidate_pending_human_review			incongruent	0	They are dancing four computers	be_progressive	dancing	computers	dance	computer	0.0		USF:absent-both-directions	no	yes	yes	yes	no	
CAND_PLAUS_001740	plus	candidate_pending_human_review			incongruent	0	They do not dance four computers	do_negation	dance	computers	dance	computer	0.0		USF:absent-both-directions	no	yes	yes	yes	no	
CAND_PLAUS_001741	plus	candidate_pending_human_review			incongruent	0	Every day they dance four computers	present_3s	dance	computers	dance	computer	0.0		USF:absent-both-directions	no	yes	yes	yes	no	
CAND_PLAUS_001742	plus	candidate_pending_human_review			incongruent	0	Last week they danced four computers	simple_past	danced	computers	dance	computer	0.0		USF:absent-both-directions	no	yes	yes	yes	no	
CAND_PLAUS_001743	plus	candidate_pending_human_review			incongruent	0	She is dancing five computers	be_progressive	dancing	computers	dance	computer	0.0		USF:absent-both-directions	no	yes	yes	yes	no	
CAND_PLAUS_001744	plus	candidate_pending_human_review			incongruent	0	She does not dance five computers	do_negation	dance	computers	dance	computer	0.0		USF:absent-both-directions	no	yes	yes	yes	no	
CAND_PLAUS_001745	plus	candidate_pending_human_review			incongruent	0	Every day she dances five computers	present_3s	dances	computers	dance	computer	0.0		USF:absent-both-directions	no	yes	yes	yes	no	
CAND_PLAUS_001746	plus	candidate_pending_human_review			incongruent	0	Last week she danced five computers	simple_past	danced	computers	dance	computer	0.0		USF:absent-both-directions	no	yes	yes	yes	no	
CAND_PLAUS_001747	plus	candidate_pending_human_review			incongruent	0	He is dancing five computers	be_progressive	dancing	computers	dance	computer	0.0		USF:absent-both-directions	no	yes	yes	yes	no	
CAND_PLAUS_001748	plus	candidate_pending_human_review			incongruent	0	He does not dance five computers	do_negation	dance	computers	dance	computer	0.0		USF:absent-both-directions	no	yes	yes	yes	no	
CAND_PLAUS_001749	plus	candidate_pending_human_review			incongruent	0	Every day he dances five computers	present_3s	dances	computers	dance	computer	0.0		USF:absent-both-directions	no	yes	yes	yes	no	
CAND_PLAUS_001750	plus	candidate_pending_human_review			incongruent	0	Last week he danced five computers	simple_past	danced	computers	dance	computer	0.0		USF:absent-both-directions	no	yes	yes	yes	no	
CAND_PLAUS_001751	plus	candidate_pending_human_review			incongruent	0	They are dancing five computers	be_progressive	dancing	computers	dance	computer	0.0		USF:absent-both-directions	no	yes	yes	yes	no	
CAND_PLAUS_001752	plus	candidate_pending_human_review			incongruent	0	They do not dance five computers	do_negation	dance	computers	dance	computer	0.0		USF:absent-both-directions	no	yes	yes	yes	no	
CAND_PLAUS_001753	plus	candidate_pending_human_review			incongruent	0	Every day they dance five computers	present_3s	dance	computers	dance	computer	0.0		USF:absent-both-directions	no	yes	yes	yes	no	
CAND_PLAUS_001754	plus	candidate_pending_human_review			incongruent	0	Last week they danced five computers	simple_past	danced	computers	dance	computer	0.0		USF:absent-both-directions	no	yes	yes	yes	no	
CAND_PLAUS_001755	plus	candidate_pending_human_review			incongruent	0	She is dancing six computers	be_progressive	dancing	computers	dance	computer	0.0		USF:absent-both-directions	no	yes	yes	yes	no	
CAND_PLAUS_001756	plus	candidate_pending_human_review			incongruent	0	She does not dance six computers	do_negation	dance	computers	dance	computer	0.0		USF:absent-both-directions	no	yes	yes	yes	no	
CAND_PLAUS_001757	plus	candidate_pending_human_review			incongruent	0	Every day she dances six computers	present_3s	dances	computers	dance	computer	0.0		USF:absent-both-directions	no	yes	yes	yes	no	
CAND_PLAUS_001758	plus	candidate_pending_human_review			incongruent	0	Last week she danced six computers	simple_past	danced	computers	dance	computer	0.0		USF:absent-both-directions	no	yes	yes	yes	no	
CAND_PLAUS_001759	plus	candidate_pending_human_review			incongruent	0	He is dancing six computers	be_progressive	dancing	computers	dance	computer	0.0		USF:absent-both-directions	no	yes	yes	yes	no	
CAND_PLAUS_001760	plus	candidate_pending_human_review			incongruent	0	He does not dance six computers	do_negation	dance	computers	dance	computer	0.0		USF:absent-both-directions	no	yes	yes	yes	no	
CAND_PLAUS_001761	plus	candidate_pending_human_review			incongruent	0	Every day he dances six computers	present_3s	dances	computers	dance	computer	0.0		USF:absent-both-directions	no	yes	yes	yes	no	
CAND_PLAUS_001762	plus	candidate_pending_human_review			incongruent	0	Last week he danced six computers	simple_past	danced	computers	dance	computer	0.0		USF:absent-both-directions	no	yes	yes	yes	no	
CAND_PLAUS_001763	plus	candidate_pending_human_review			incongruent	0	They are dancing six computers	be_progressive	dancing	computers	dance	computer	0.0		USF:absent-both-directions	no	yes	yes	yes	no	
CAND_PLAUS_001764	plus	candidate_pending_human_review			incongruent	0	They do not dance six computers	do_negation	dance	computers	dance	computer	0.0		USF:absent-both-directions	no	yes	yes	yes	no	
CAND_PLAUS_001765	plus	candidate_pending_human_review			incongruent	0	Every day they dance six computers	present_3s	dance	computers	dance	computer	0.0		USF:absent-both-directions	no	yes	yes	yes	no	
CAND_PLAUS_001766	plus	candidate_pending_human_review			incongruent	0	Last week they danced six computers	simple_past	danced	computers	dance	computer	0.0		USF:absent-both-directions	no	yes	yes	yes	no	
CAND_PLAUS_001767	plus	candidate_pending_human_review			incongruent	0	She is yawning one peace	be_progressive	yawning	peace	yawn	peace	0.0		USF:absent-both-directions	no	yes	yes	yes	no	
CAND_PLAUS_001768	plus	candidate_pending_human_review			incongruent	0	She does not yawn one peace	do_negation	yawn	peace	yawn	peace	0.0		USF:absent-both-directions	no	yes	yes	yes	no	
CAND_PLAUS_001769	plus	candidate_pending_human_review			incongruent	0	Every day she yawns one peace	present_3s	yawns	peace	yawn	peace	0.0		USF:absent-both-directions	no	yes	yes	yes	no	
CAND_PLAUS_001770	plus	candidate_pending_human_review			incongruent	0	Last week she yawned one peace	simple_past	yawned	peace	yawn	peace	0.0		USF:absent-both-directions	no	yes	yes	yes	no	
CAND_PLAUS_001771	plus	candidate_pending_human_review			incongruent	0	He is yawning one peace	be_progressive	yawning	peace	yawn	peace	0.0		USF:absent-both-directions	no	yes	yes	yes	no	
CAND_PLAUS_001772	plus	candidate_pending_human_review			incongruent	0	He does not yawn one peace	do_negation	yawn	peace	yawn	peace	0.0		USF:absent-both-directions	no	yes	yes	yes	no	
CAND_PLAUS_001773	plus	candidate_pending_human_review			incongruent	0	Every day he yawns one peace	present_3s	yawns	peace	yawn	peace	0.0		USF:absent-both-directions	no	yes	yes	yes	no	
CAND_PLAUS_001774	plus	candidate_pending_human_review			incongruent	0	Last week he yawned one peace	simple_past	yawned	peace	yawn	peace	0.0		USF:absent-both-directions	no	yes	yes	yes	no	
CAND_PLAUS_001775	plus	candidate_pending_human_review			incongruent	0	They are yawning one peace	be_progressive	yawning	peace	yawn	peace	0.0		USF:absent-both-directions	no	yes	yes	yes	no	
CAND_PLAUS_001776	plus	candidate_pending_human_review			incongruent	0	They do not yawn one peace	do_negation	yawn	peace	yawn	peace	0.0		USF:absent-both-directions	no	yes	yes	yes	no	
CAND_PLAUS_001777	plus	candidate_pending_human_review			incongruent	0	Every day they yawn one peace	present_3s	yawn	peace	yawn	peace	0.0		USF:absent-both-directions	no	yes	yes	yes	no	
CAND_PLAUS_001778	plus	candidate_pending_human_review			incongruent	0	Last week they yawned one peace	simple_past	yawned	peace	yawn	peace	0.0		USF:absent-both-directions	no	yes	yes	yes	no	
CAND_PLAUS_001779	plus	candidate_pending_human_review			incongruent	0	She is yawning two peace	be_progressive	yawning	peace	yawn	peace	0.0		USF:absent-both-directions	no	yes	yes	yes	no	
CAND_PLAUS_001780	plus	candidate_pending_human_review			incongruent	0	She does not yawn two peace	do_negation	yawn	peace	yawn	peace	0.0		USF:absent-both-directions	no	yes	yes	yes	no	
CAND_PLAUS_001781	plus	candidate_pending_human_review			incongruent	0	Every day she yawns two peace	present_3s	yawns	peace	yawn	peace	0.0		USF:absent-both-directions	no	yes	yes	yes	no	
CAND_PLAUS_001782	plus	candidate_pending_human_review			incongruent	0	Last week she yawned two peace	simple_past	yawned	peace	yawn	peace	0.0		USF:absent-both-directions	no	yes	yes	yes	no	
CAND_PLAUS_001783	plus	candidate_pending_human_review			incongruent	0	He is yawning two peace	be_progressive	yawning	peace	yawn	peace	0.0		USF:absent-both-directions	no	yes	yes	yes	no	
CAND_PLAUS_001784	plus	candidate_pending_human_review			incongruent	0	He does not yawn two peace	do_negation	yawn	peace	yawn	peace	0.0		USF:absent-both-directions	no	yes	yes	yes	no	
CAND_PLAUS_001785	plus	candidate_pending_human_review			incongruent	0	Every day he yawns two peace	present_3s	yawns	peace	yawn	peace	0.0		USF:absent-both-directions	no	yes	yes	yes	no	
CAND_PLAUS_001786	plus	candidate_pending_human_review			incongruent	0	Last week he yawned two peace	simple_past	yawned	peace	yawn	peace	0.0		USF:absent-both-directions	no	yes	yes	yes	no	
CAND_PLAUS_001787	plus	candidate_pending_human_review			incongruent	0	They are yawning two peace	be_progressive	yawning	peace	yawn	peace	0.0		USF:absent-both-directions	no	yes	yes	yes	no	
CAND_PLAUS_001788	plus	candidate_pending_human_review			incongruent	0	They do not yawn two peace	do_negation	yawn	peace	yawn	peace	0.0		USF:absent-both-directions	no	yes	yes	yes	no	
CAND_PLAUS_001789	plus	candidate_pending_human_review			incongruent	0	Every day they yawn two peace	present_3s	yawn	peace	yawn	peace	0.0		USF:absent-both-directions	no	yes	yes	yes	no	
CAND_PLAUS_001790	plus	candidate_pending_human_review			incongruent	0	Last week they yawned two peace	simple_past	yawned	peace	yawn	peace	0.0		USF:absent-both-directions	no	yes	yes	yes	no	
CAND_PLAUS_001791	plus	candidate_pending_human_review			incongruent	0	She is yawning three peace	be_progressive	yawning	peace	yawn	peace	0.0		USF:absent-both-directions	no	yes	yes	yes	no	
CAND_PLAUS_001792	plus	candidate_pending_human_review			incongruent	0	She does not yawn three peace	do_negation	yawn	peace	yawn	peace	0.0		USF:absent-both-directions	no	yes	yes	yes	no	
CAND_PLAUS_001793	plus	candidate_pending_human_review			incongruent	0	Every day she yawns three peace	present_3s	yawns	peace	yawn	peace	0.0		USF:absent-both-directions	no	yes	yes	yes	no	
CAND_PLAUS_001794	plus	candidate_pending_human_review			incongruent	0	Last week she yawned three peace	simple_past	yawned	peace	yawn	peace	0.0		USF:absent-both-directions	no	yes	yes	yes	no	
CAND_PLAUS_001795	plus	candidate_pending_human_review			incongruent	0	He is yawning three peace	be_progressive	yawning	peace	yawn	peace	0.0		USF:absent-both-directions	no	yes	yes	yes	no	
CAND_PLAUS_001796	plus	candidate_pending_human_review			incongruent	0	He does not yawn three peace	do_negation	yawn	peace	yawn	peace	0.0		USF:absent-both-directions	no	yes	yes	yes	no	
CAND_PLAUS_001797	plus	candidate_pending_human_review			incongruent	0	Every day he yawns three peace	present_3s	yawns	peace	yawn	peace	0.0		USF:absent-both-directions	no	yes	yes	yes	no	
CAND_PLAUS_001798	plus	candidate_pending_human_review			incongruent	0	Last week he yawned three peace	simple_past	yawned	peace	yawn	peace	0.0		USF:absent-both-directions	no	yes	yes	yes	no	
CAND_PLAUS_001799	plus	candidate_pending_human_review			incongruent	0	They are yawning three peace	be_progressive	yawning	peace	yawn	peace	0.0		USF:absent-both-directions	no	yes	yes	yes	no	
CAND_PLAUS_001800	plus	candidate_pending_human_review			incongruent	0	They do not yawn three peace	do_negation	yawn	peace	yawn	peace	0.0		USF:absent-both-directions	no	yes	yes	yes	no	
CAND_PLAUS_001801	plus	candidate_pending_human_review			incongruent	0	Every day they yawn three peace	present_3s	yawn	peace	yawn	peace	0.0		USF:absent-both-directions	no	yes	yes	yes	no	
CAND_PLAUS_001802	plus	candidate_pending_human_review			incongruent	0	Last week they yawned three peace	simple_past	yawned	peace	yawn	peace	0.0		USF:absent-both-directions	no	yes	yes	yes	no	
CAND_PLAUS_001803	plus	candidate_pending_human_review			incongruent	0	She is yawning four peace	be_progressive	yawning	peace	yawn	peace	0.0		USF:absent-both-directions	no	yes	yes	yes	no	
CAND_PLAUS_001804	plus	candidate_pending_human_review			incongruent	0	She does not yawn four peace	do_negation	yawn	peace	yawn	peace	0.0		USF:absent-both-directions	no	yes	yes	yes	no	
CAND_PLAUS_001805	plus	candidate_pending_human_review			incongruent	0	Every day she yawns four peace	present_3s	yawns	peace	yawn	peace	0.0		USF:absent-both-directions	no	yes	yes	yes	no	
CAND_PLAUS_001806	plus	candidate_pending_human_review			incongruent	0	Last week she yawned four peace	simple_past	yawned	peace	yawn	peace	0.0		USF:absent-both-directions	no	yes	yes	yes	no	
CAND_PLAUS_001807	plus	candidate_pending_human_review			incongruent	0	He is yawning four peace	be_progressive	yawning	peace	yawn	peace	0.0		USF:absent-both-directions	no	yes	yes	yes	no	
CAND_PLAUS_001808	plus	candidate_pending_human_review			incongruent	0	He does not yawn four peace	do_negation	yawn	peace	yawn	peace	0.0		USF:absent-both-directions	no	yes	yes	yes	no	
CAND_PLAUS_001809	plus	candidate_pending_human_review			incongruent	0	Every day he yawns four peace	present_3s	yawns	peace	yawn	peace	0.0		USF:absent-both-directions	no	yes	yes	yes	no	
CAND_PLAUS_001810	plus	candidate_pending_human_review			incongruent	0	Last week he yawned four peace	simple_past	yawned	peace	yawn	peace	0.0		USF:absent-both-directions	no	yes	yes	yes	no	
CAND_PLAUS_001811	plus	candidate_pending_human_review			incongruent	0	They are yawning four peace	be_progressive	yawning	peace	yawn	peace	0.0		USF:absent-both-directions	no	yes	yes	yes	no	
CAND_PLAUS_001812	plus	candidate_pending_human_review			incongruent	0	They do not yawn four peace	do_negation	yawn	peace	yawn	peace	0.0		USF:absent-both-directions	no	yes	yes	yes	no	
CAND_PLAUS_001813	plus	candidate_pending_human_review			incongruent	0	Every day they yawn four peace	present_3s	yawn	peace	yawn	peace	0.0		USF:absent-both-directions	no	yes	yes	yes	no	
CAND_PLAUS_001814	plus	candidate_pending_human_review			incongruent	0	Last week they yawned four peace	simple_past	yawned	peace	yawn	peace	0.0		USF:absent-both-directions	no	yes	yes	yes	no	
CAND_PLAUS_001815	plus	candidate_pending_human_review			incongruent	0	She is yawning five peace	be_progressive	yawning	peace	yawn	peace	0.0		USF:absent-both-directions	no	yes	yes	yes	no	
CAND_PLAUS_001816	plus	candidate_pending_human_review			incongruent	0	She does not yawn five peace	do_negation	yawn	peace	yawn	peace	0.0		USF:absent-both-directions	no	yes	yes	yes	no	
CAND_PLAUS_001817	plus	candidate_pending_human_review			incongruent	0	Every day she yawns five peace	present_3s	yawns	peace	yawn	peace	0.0		USF:absent-both-directions	no	yes	yes	yes	no	
CAND_PLAUS_001818	plus	candidate_pending_human_review			incongruent	0	Last week she yawned five peace	simple_past	yawned	peace	yawn	peace	0.0		USF:absent-both-directions	no	yes	yes	yes	no	
CAND_PLAUS_001819	plus	candidate_pending_human_review			incongruent	0	He is yawning five peace	be_progressive	yawning	peace	yawn	peace	0.0		USF:absent-both-directions	no	yes	yes	yes	no	
CAND_PLAUS_001820	plus	candidate_pending_human_review			incongruent	0	He does not yawn five peace	do_negation	yawn	peace	yawn	peace	0.0		USF:absent-both-directions	no	yes	yes	yes	no	
CAND_PLAUS_001821	plus	candidate_pending_human_review			incongruent	0	Every day he yawns five peace	present_3s	yawns	peace	yawn	peace	0.0		USF:absent-both-directions	no	yes	yes	yes	no	
CAND_PLAUS_001822	plus	candidate_pending_human_review			incongruent	0	Last week he yawned five peace	simple_past	yawned	peace	yawn	peace	0.0		USF:absent-both-directions	no	yes	yes	yes	no	
CAND_PLAUS_001823	plus	candidate_pending_human_review			incongruent	0	They are yawning five peace	be_progressive	yawning	peace	yawn	peace	0.0		USF:absent-both-directions	no	yes	yes	yes	no	
CAND_PLAUS_001824	plus	candidate_pending_human_review			incongruent	0	They do not yawn five peace	do_negation	yawn	peace	yawn	peace	0.0		USF:absent-both-directions	no	yes	yes	yes	no	
CAND_PLAUS_001825	plus	candidate_pending_human_review			incongruent	0	Every day they yawn five peace	present_3s	yawn	peace	yawn	peace	0.0		USF:absent-both-directions	no	yes	yes	yes	no	
CAND_PLAUS_001826	plus	candidate_pending_human_review			incongruent	0	Last week they yawned five peace	simple_past	yawned	peace	yawn	peace	0.0		USF:absent-both-directions	no	yes	yes	yes	no	
CAND_PLAUS_001827	plus	candidate_pending_human_review			incongruent	0	She is yawning six peace	be_progressive	yawning	peace	yawn	peace	0.0		USF:absent-both-directions	no	yes	yes	yes	no	
CAND_PLAUS_001828	plus	candidate_pending_human_review			incongruent	0	She does not yawn six peace	do_negation	yawn	peace	yawn	peace	0.0		USF:absent-both-directions	no	yes	yes	yes	no	
CAND_PLAUS_001829	plus	candidate_pending_human_review			incongruent	0	Every day she yawns six peace	present_3s	yawns	peace	yawn	peace	0.0		USF:absent-both-directions	no	yes	yes	yes	no	
CAND_PLAUS_001830	plus	candidate_pending_human_review			incongruent	0	Last week she yawned six peace	simple_past	yawned	peace	yawn	peace	0.0		USF:absent-both-directions	no	yes	yes	yes	no	
CAND_PLAUS_001831	plus	candidate_pending_human_review			incongruent	0	He is yawning six peace	be_progressive	yawning	peace	yawn	peace	0.0		USF:absent-both-directions	no	yes	yes	yes	no	
CAND_PLAUS_001832	plus	candidate_pending_human_review			incongruent	0	He does not yawn six peace	do_negation	yawn	peace	yawn	peace	0.0		USF:absent-both-directions	no	yes	yes	yes	no	
CAND_PLAUS_001833	plus	candidate_pending_human_review			incongruent	0	Every day he yawns six peace	present_3s	yawns	peace	yawn	peace	0.0		USF:absent-both-directions	no	yes	yes	yes	no	
CAND_PLAUS_001834	plus	candidate_pending_human_review			incongruent	0	Last week he yawned six peace	simple_past	yawned	peace	yawn	peace	0.0		USF:absent-both-directions	no	yes	yes	yes	no	
CAND_PLAUS_001835	plus	candidate_pending_human_review			incongruent	0	They are yawning six peace	be_progressive	yawning	peace	yawn	peace	0.0		USF:absent-both-directions	no	yes	yes	yes	no	
CAND_PLAUS_001836	plus	candidate_pending_human_review			incongruent	0	They do not yawn six peace	do_negation	yawn	peace	yawn	peace	0.0		USF:absent-both-directions	no	yes	yes	yes	no	
CAND_PLAUS_001837	plus	candidate_pending_human_review			incongruent	0	Every day they yawn six peace	present_3s	yawn	peace	yawn	peace	0.0		USF:absent-both-directions	no	yes	yes	yes	no	
CAND_PLAUS_001838	plus	candidate_pending_human_review			incongruent	0	Last week they yawned six peace	simple_past	yawned	peace	yawn	peace	0.0		USF:absent-both-directions	no	yes	yes	yes	no	
CAND_PLAUS_001839	plus	candidate_pending_human_review			incongruent	0	She is fluttering one torture	be_progressive	fluttering	torture	flutter	torture	0.0		USF:absent-both-directions	no	yes	yes	yes	no	
CAND_PLAUS_001840	plus	candidate_pending_human_review			incongruent	0	She does not flutter one torture	do_negation	flutter	torture	flutter	torture	0.0		USF:absent-both-directions	no	yes	yes	yes	no	
CAND_PLAUS_001841	plus	candidate_pending_human_review			incongruent	0	Every day she flutters one torture	present_3s	flutters	torture	flutter	torture	0.0		USF:absent-both-directions	no	yes	yes	yes	no	
CAND_PLAUS_001842	plus	candidate_pending_human_review			incongruent	0	Last week she fluttered one torture	simple_past	fluttered	torture	flutter	torture	0.0		USF:absent-both-directions	no	yes	yes	yes	no	
CAND_PLAUS_001843	plus	candidate_pending_human_review			incongruent	0	He is fluttering one torture	be_progressive	fluttering	torture	flutter	torture	0.0		USF:absent-both-directions	no	yes	yes	yes	no	
CAND_PLAUS_001844	plus	candidate_pending_human_review			incongruent	0	He does not flutter one torture	do_negation	flutter	torture	flutter	torture	0.0		USF:absent-both-directions	no	yes	yes	yes	no	
CAND_PLAUS_001845	plus	candidate_pending_human_review			incongruent	0	Every day he flutters one torture	present_3s	flutters	torture	flutter	torture	0.0		USF:absent-both-directions	no	yes	yes	yes	no	
CAND_PLAUS_001846	plus	candidate_pending_human_review			incongruent	0	Last week he fluttered one torture	simple_past	fluttered	torture	flutter	torture	0.0		USF:absent-both-directions	no	yes	yes	yes	no	
CAND_PLAUS_001847	plus	candidate_pending_human_review			incongruent	0	They are fluttering one torture	be_progressive	fluttering	torture	flutter	torture	0.0		USF:absent-both-directions	no	yes	yes	yes	no	
CAND_PLAUS_001848	plus	candidate_pending_human_review			incongruent	0	They do not flutter one torture	do_negation	flutter	torture	flutter	torture	0.0		USF:absent-both-directions	no	yes	yes	yes	no	
CAND_PLAUS_001849	plus	candidate_pending_human_review			incongruent	0	Every day they flutter one torture	present_3s	flutter	torture	flutter	torture	0.0		USF:absent-both-directions	no	yes	yes	yes	no	
CAND_PLAUS_001850	plus	candidate_pending_human_review			incongruent	0	Last week they fluttered one torture	simple_past	fluttered	torture	flutter	torture	0.0		USF:absent-both-directions	no	yes	yes	yes	no	
CAND_PLAUS_001851	plus	candidate_pending_human_review			incongruent	0	She is fluttering two tortures	be_progressive	fluttering	tortures	flutter	torture	0.0		USF:absent-both-directions	no	yes	yes	yes	no	
CAND_PLAUS_001852	plus	candidate_pending_human_review			incongruent	0	She does not flutter two tortures	do_negation	flutter	tortures	flutter	torture	0.0		USF:absent-both-directions	no	yes	yes	yes	no	
CAND_PLAUS_001853	plus	candidate_pending_human_review			incongruent	0	Every day she flutters two tortures	present_3s	flutters	tortures	flutter	torture	0.0		USF:absent-both-directions	no	yes	yes	yes	no	
CAND_PLAUS_001854	plus	candidate_pending_human_review			incongruent	0	Last week she fluttered two tortures	simple_past	fluttered	tortures	flutter	torture	0.0		USF:absent-both-directions	no	yes	yes	yes	no	
CAND_PLAUS_001855	plus	candidate_pending_human_review			incongruent	0	He is fluttering two tortures	be_progressive	fluttering	tortures	flutter	torture	0.0		USF:absent-both-directions	no	yes	yes	yes	no	
CAND_PLAUS_001856	plus	candidate_pending_human_review			incongruent	0	He does not flutter two tortures	do_negation	flutter	tortures	flutter	torture	0.0		USF:absent-both-directions	no	yes	yes	yes	no	
CAND_PLAUS_001857	plus	candidate_pending_human_review			incongruent	0	Every day he flutters two tortures	present_3s	flutters	tortures	flutter	torture	0.0		USF:absent-both-directions	no	yes	yes	yes	no	
CAND_PLAUS_001858	plus	candidate_pending_human_review			incongruent	0	Last week he fluttered two tortures	simple_past	fluttered	tortures	flutter	torture	0.0		USF:absent-both-directions	no	yes	yes	yes	no	
CAND_PLAUS_001859	plus	candidate_pending_human_review			incongruent	0	They are fluttering two tortures	be_progressive	fluttering	tortures	flutter	torture	0.0		USF:absent-both-directions	no	yes	yes	yes	no	
CAND_PLAUS_001860	plus	candidate_pending_human_review			incongruent	0	They do not flutter two tortures	do_negation	flutter	tortures	flutter	torture	0.0		USF:absent-both-directions	no	yes	yes	yes	no	
CAND_PLAUS_001861	plus	candidate_pending_human_review			incongruent	0	Every day they flutter two tortures	present_3s	flutter	tortures	flutter	torture	0.0		USF:absent-both-directions	no	yes	yes	yes	no	
CAND_PLAUS_001862	plus	candidate_pending_human_review			incongruent	0	Last week they fluttered two tortures	simple_past	fluttered	tortures	flutter	torture	0.0		USF:absent-both-directions	no	yes	yes	yes	no	
CAND_PLAUS_001863	plus	candidate_pending_human_review			incongruent	0	She is fluttering three tortures	be_progressive	fluttering	tortures	flutter	torture	0.0		USF:absent-both-directions	no	yes	yes	yes	no	
CAND_PLAUS_001864	plus	candidate_pending_human_review			incongruent	0	She does not flutter three tortures	do_negation	flutter	tortures	flutter	torture	0.0		USF:absent-both-directions	no	yes	yes	yes	no	
CAND_PLAUS_001865	plus	candidate_pending_human_review			incongruent	0	Every day she flutters three tortures	present_3s	flutters	tortures	flutter	torture	0.0		USF:absent-both-directions	no	yes	yes	yes	no	
CAND_PLAUS_001866	plus	candidate_pending_human_review			incongruent	0	Last week she fluttered three tortures	simple_past	fluttered	tortures	flutter	torture	0.0		USF:absent-both-directions	no	yes	yes	yes	no	
CAND_PLAUS_001867	plus	candidate_pending_human_review			incongruent	0	He is fluttering three tortures	be_progressive	fluttering	tortures	flutter	torture	0.0		USF:absent-both-directions	no	yes	yes	yes	no	
CAND_PLAUS_001868	plus	candidate_pending_human_review			incongruent	0	He does not flutter three tortures	do_negation	flutter	tortures	flutter	torture	0.0		USF:absent-both-directions	no	yes	yes	yes	no	
CAND_PLAUS_001869	plus	candidate_pending_human_review			incongruent	0	Every day he flutters three tortures	present_3s	flutters	tortures	flutter	torture	0.0		USF:absent-both-directions	no	yes	yes	yes	no	
CAND_PLAUS_001870	plus	candidate_pending_human_review			incongruent	0	Last week he fluttered three tortures	simple_past	fluttered	tortures	flutter	torture	0.0		USF:absent-both-directions	no	yes	yes	yes	no	
CAND_PLAUS_001871	plus	candidate_pending_human_review			incongruent	0	They are fluttering three tortures	be_progressive	fluttering	tortures	flutter	torture	0.0		USF:absent-both-directions	no	yes	yes	yes	no	
CAND_PLAUS_001872	plus	candidate_pending_human_review			incongruent	0	They do not flutter three tortures	do_negation	flutter	tortures	flutter	torture	0.0		USF:absent-both-directions	no	yes	yes	yes	no	
CAND_PLAUS_001873	plus	candidate_pending_human_review			incongruent	0	Every day they flutter three tortures	present_3s	flutter	tortures	flutter	torture	0.0		USF:absent-both-directions	no	yes	yes	yes	no	
CAND_PLAUS_001874	plus	candidate_pending_human_review			incongruent	0	Last week they fluttered three tortures	simple_past	fluttered	tortures	flutter	torture	0.0		USF:absent-both-directions	no	yes	yes	yes	no	
CAND_PLAUS_001875	plus	candidate_pending_human_review			incongruent	0	She is fluttering four tortures	be_progressive	fluttering	tortures	flutter	torture	0.0		USF:absent-both-directions	no	yes	yes	yes	no	
CAND_PLAUS_001876	plus	candidate_pending_human_review			incongruent	0	She does not flutter four tortures	do_negation	flutter	tortures	flutter	torture	0.0		USF:absent-both-directions	no	yes	yes	yes	no	
CAND_PLAUS_001877	plus	candidate_pending_human_review			incongruent	0	Every day she flutters four tortures	present_3s	flutters	tortures	flutter	torture	0.0		USF:absent-both-directions	no	yes	yes	yes	no	
CAND_PLAUS_001878	plus	candidate_pending_human_review			incongruent	0	Last week she fluttered four tortures	simple_past	fluttered	tortures	flutter	torture	0.0		USF:absent-both-directions	no	yes	yes	yes	no	
CAND_PLAUS_001879	plus	candidate_pending_human_review			incongruent	0	He is fluttering four tortures	be_progressive	fluttering	tortures	flutter	torture	0.0		USF:absent-both-directions	no	yes	yes	yes	no	
CAND_PLAUS_001880	plus	candidate_pending_human_review			incongruent	0	He does not flutter four tortures	do_negation	flutter	tortures	flutter	torture	0.0		USF:absent-both-directions	no	yes	yes	yes	no	
CAND_PLAUS_001881	plus	candidate_pending_human_review			incongruent	0	Every day he flutters four tortures	present_3s	flutters	tortures	flutter	torture	0.0		USF:absent-both-directions	no	yes	yes	yes	no	
CAND_PLAUS_001882	plus	candidate_pending_human_review			incongruent	0	Last week he fluttered four tortures	simple_past	fluttered	tortures	flutter	torture	0.0		USF:absent-both-directions	no	yes	yes	yes	no	
CAND_PLAUS_001883	plus	candidate_pending_human_review			incongruent	0	They are fluttering four tortures	be_progressive	fluttering	tortures	flutter	torture	0.0		USF:absent-both-directions	no	yes	yes	yes	no	
CAND_PLAUS_001884	plus	candidate_pending_human_review			incongruent	0	They do not flutter four tortures	do_negation	flutter	tortures	flutter	torture	0.0		USF:absent-both-directions	no	yes	yes	yes	no	
CAND_PLAUS_001885	plus	candidate_pending_human_review			incongruent	0	Every day they flutter four tortures	present_3s	flutter	tortures	flutter	torture	0.0		USF:absent-both-directions	no	yes	yes	yes	no	
CAND_PLAUS_001886	plus	candidate_pending_human_review			incongruent	0	Last week they fluttered four tortures	simple_past	fluttered	tortures	flutter	torture	0.0		USF:absent-both-directions	no	yes	yes	yes	no	
CAND_PLAUS_001887	plus	candidate_pending_human_review			incongruent	0	She is fluttering five tortures	be_progressive	fluttering	tortures	flutter	torture	0.0		USF:absent-both-directions	no	yes	yes	yes	no	
CAND_PLAUS_001888	plus	candidate_pending_human_review			incongruent	0	She does not flutter five tortures	do_negation	flutter	tortures	flutter	torture	0.0		USF:absent-both-directions	no	yes	yes	yes	no	
CAND_PLAUS_001889	plus	candidate_pending_human_review			incongruent	0	Every day she flutters five tortures	present_3s	flutters	tortures	flutter	torture	0.0		USF:absent-both-directions	no	yes	yes	yes	no	
CAND_PLAUS_001890	plus	candidate_pending_human_review			incongruent	0	Last week she fluttered five tortures	simple_past	fluttered	tortures	flutter	torture	0.0		USF:absent-both-directions	no	yes	yes	yes	no	
CAND_PLAUS_001891	plus	candidate_pending_human_review			incongruent	0	He is fluttering five tortures	be_progressive	fluttering	tortures	flutter	torture	0.0		USF:absent-both-directions	no	yes	yes	yes	no	
CAND_PLAUS_001892	plus	candidate_pending_human_review			incongruent	0	He does not flutter five tortures	do_negation	flutter	tortures	flutter	torture	0.0		USF:absent-both-directions	no	yes	yes	yes	no	
CAND_PLAUS_001893	plus	candidate_pending_human_review			incongruent	0	Every day he flutters five tortures	present_3s	flutters	tortures	flutter	torture	0.0		USF:absent-both-directions	no	yes	yes	yes	no	
CAND_PLAUS_001894	plus	candidate_pending_human_review			incongruent	0	Last week he fluttered five tortures	simple_past	fluttered	tortures	flutter	torture	0.0		USF:absent-both-directions	no	yes	yes	yes	no	
CAND_PLAUS_001895	plus	candidate_pending_human_review			incongruent	0	They are fluttering five tortures	be_progressive	fluttering	tortures	flutter	torture	0.0		USF:absent-both-directions	no	yes	yes	yes	no	
CAND_PLAUS_001896	plus	candidate_pending_human_review			incongruent	0	They do not flutter five tortures	do_negation	flutter	tortures	flutter	torture	0.0		USF:absent-both-directions	no	yes	yes	yes	no	
CAND_PLAUS_001897	plus	candidate_pending_human_review			incongruent	0	Every day they flutter five tortures	present_3s	flutter	tortures	flutter	torture	0.0		USF:absent-both-directions	no	yes	yes	yes	no	
CAND_PLAUS_001898	plus	candidate_pending_human_review			incongruent	0	Last week they fluttered five tortures	simple_past	fluttered	tortures	flutter	torture	0.0		USF:absent-both-directions	no	yes	yes	yes	no	
CAND_PLAUS_001899	plus	candidate_pending_human_review			incongruent	0	She is fluttering six tortures	be_progressive	fluttering	tortures	flutter	torture	0.0		USF:absent-both-directions	no	yes	yes	yes	no	
CAND_PLAUS_001900	plus	candidate_pending_human_review			incongruent	0	She does not flutter six tortures	do_negation	flutter	tortures	flutter	torture	0.0		USF:absent-both-directions	no	yes	yes	yes	no	
CAND_PLAUS_001901	plus	candidate_pending_human_review			incongruent	0	Every day she flutters six tortures	present_3s	flutters	tortures	flutter	torture	0.0		USF:absent-both-directions	no	yes	yes	yes	no	
CAND_PLAUS_001902	plus	candidate_pending_human_review			incongruent	0	Last week she fluttered six tortures	simple_past	fluttered	tortures	flutter	torture	0.0		USF:absent-both-directions	no	yes	yes	yes	no	
CAND_PLAUS_001903	plus	candidate_pending_human_review			incongruent	0	He is fluttering six tortures	be_progressive	fluttering	tortures	flutter	torture	0.0		USF:absent-both-directions	no	yes	yes	yes	no	
CAND_PLAUS_001904	plus	candidate_pending_human_review			incongruent	0	He does not flutter six tortures	do_negation	flutter	tortures	flutter	torture	0.0		USF:absent-both-directions	no	yes	yes	yes	no	
CAND_PLAUS_001905	plus	candidate_pending_human_review			incongruent	0	Every day he flutters six tortures	present_3s	flutters	tortures	flutter	torture	0.0		USF:absent-both-directions	no	yes	yes	yes	no	
CAND_PLAUS_001906	plus	candidate_pending_human_review			incongruent	0	Last week he fluttered six tortures	simple_past	fluttered	tortures	flutter	torture	0.0		USF:absent-both-directions	no	yes	yes	yes	no	
CAND_PLAUS_001907	plus	candidate_pending_human_review			incongruent	0	They are fluttering six tortures	be_progressive	fluttering	tortures	flutter	torture	0.0		USF:absent-both-directions	no	yes	yes	yes	no	
CAND_PLAUS_001908	plus	candidate_pending_human_review			incongruent	0	They do not flutter six tortures	do_negation	flutter	tortures	flutter	torture	0.0		USF:absent-both-directions	no	yes	yes	yes	no	
CAND_PLAUS_001909	plus	candidate_pending_human_review			incongruent	0	Every day they flutter six tortures	present_3s	flutter	tortures	flutter	torture	0.0		USF:absent-both-directions	no	yes	yes	yes	no	
CAND_PLAUS_001910	plus	candidate_pending_human_review			incongruent	0	Last week they fluttered six tortures	simple_past	fluttered	tortures	flutter	torture	0.0		USF:absent-both-directions	no	yes	yes	yes	no	
CAND_PLAUS_001911	plus	candidate_pending_human_review			incongruent	0	She is shattering one tongue	be_progressive	shattering	tongue	shatter	tongue	0.0		USF:absent-both-directions	no	yes	yes	yes	no	
CAND_PLAUS_001912	plus	candidate_pending_human_review			incongruent	0	She does not shatter one tongue	do_negation	shatter	tongue	shatter	tongue	0.0		USF:absent-both-directions	no	yes	yes	yes	no	
CAND_PLAUS_001913	plus	candidate_pending_human_review			incongruent	0	Every day she shatters one tongue	present_3s	shatters	tongue	shatter	tongue	0.0		USF:absent-both-directions	no	yes	yes	yes	no	
CAND_PLAUS_001914	plus	candidate_pending_human_review			incongruent	0	Last week she shattered one tongue	simple_past	shattered	tongue	shatter	tongue	0.0		USF:absent-both-directions	no	yes	yes	yes	no	
CAND_PLAUS_001915	plus	candidate_pending_human_review			incongruent	0	He is shattering one tongue	be_progressive	shattering	tongue	shatter	tongue	0.0		USF:absent-both-directions	no	yes	yes	yes	no	
CAND_PLAUS_001916	plus	candidate_pending_human_review			incongruent	0	He does not shatter one tongue	do_negation	shatter	tongue	shatter	tongue	0.0		USF:absent-both-directions	no	yes	yes	yes	no	
CAND_PLAUS_001917	plus	candidate_pending_human_review			incongruent	0	Every day he shatters one tongue	present_3s	shatters	tongue	shatter	tongue	0.0		USF:absent-both-directions	no	yes	yes	yes	no	
CAND_PLAUS_001918	plus	candidate_pending_human_review			incongruent	0	Last week he shattered one tongue	simple_past	shattered	tongue	shatter	tongue	0.0		USF:absent-both-directions	no	yes	yes	yes	no	
CAND_PLAUS_001919	plus	candidate_pending_human_review			incongruent	0	They are shattering one tongue	be_progressive	shattering	tongue	shatter	tongue	0.0		USF:absent-both-directions	no	yes	yes	yes	no	
CAND_PLAUS_001920	plus	candidate_pending_human_review			incongruent	0	They do not shatter one tongue	do_negation	shatter	tongue	shatter	tongue	0.0		USF:absent-both-directions	no	yes	yes	yes	no	
CAND_PLAUS_001921	plus	candidate_pending_human_review			incongruent	0	Every day they shatter one tongue	present_3s	shatter	tongue	shatter	tongue	0.0		USF:absent-both-directions	no	yes	yes	yes	no	
CAND_PLAUS_001922	plus	candidate_pending_human_review			incongruent	0	Last week they shattered one tongue	simple_past	shattered	tongue	shatter	tongue	0.0		USF:absent-both-directions	no	yes	yes	yes	no	
CAND_PLAUS_001923	plus	candidate_pending_human_review			incongruent	0	She is shattering two tongues	be_progressive	shattering	tongues	shatter	tongue	0.0		USF:absent-both-directions	no	yes	yes	yes	no	
CAND_PLAUS_001924	plus	candidate_pending_human_review			incongruent	0	She does not shatter two tongues	do_negation	shatter	tongues	shatter	tongue	0.0		USF:absent-both-directions	no	yes	yes	yes	no	
CAND_PLAUS_001925	plus	candidate_pending_human_review			incongruent	0	Every day she shatters two tongues	present_3s	shatters	tongues	shatter	tongue	0.0		USF:absent-both-directions	no	yes	yes	yes	no	
CAND_PLAUS_001926	plus	candidate_pending_human_review			incongruent	0	Last week she shattered two tongues	simple_past	shattered	tongues	shatter	tongue	0.0		USF:absent-both-directions	no	yes	yes	yes	no	
CAND_PLAUS_001927	plus	candidate_pending_human_review			incongruent	0	He is shattering two tongues	be_progressive	shattering	tongues	shatter	tongue	0.0		USF:absent-both-directions	no	yes	yes	yes	no	
CAND_PLAUS_001928	plus	candidate_pending_human_review			incongruent	0	He does not shatter two tongues	do_negation	shatter	tongues	shatter	tongue	0.0		USF:absent-both-directions	no	yes	yes	yes	no	
CAND_PLAUS_001929	plus	candidate_pending_human_review			incongruent	0	Every day he shatters two tongues	present_3s	shatters	tongues	shatter	tongue	0.0		USF:absent-both-directions	no	yes	yes	yes	no	
CAND_PLAUS_001930	plus	candidate_pending_human_review			incongruent	0	Last week he shattered two tongues	simple_past	shattered	tongues	shatter	tongue	0.0		USF:absent-both-directions	no	yes	yes	yes	no	
CAND_PLAUS_001931	plus	candidate_pending_human_review			incongruent	0	They are shattering two tongues	be_progressive	shattering	tongues	shatter	tongue	0.0		USF:absent-both-directions	no	yes	yes	yes	no	
CAND_PLAUS_001932	plus	candidate_pending_human_review			incongruent	0	They do not shatter two tongues	do_negation	shatter	tongues	shatter	tongue	0.0		USF:absent-both-directions	no	yes	yes	yes	no	
CAND_PLAUS_001933	plus	candidate_pending_human_review			incongruent	0	Every day they shatter two tongues	present_3s	shatter	tongues	shatter	tongue	0.0		USF:absent-both-directions	no	yes	yes	yes	no	
CAND_PLAUS_001934	plus	candidate_pending_human_review			incongruent	0	Last week they shattered two tongues	simple_past	shattered	tongues	shatter	tongue	0.0		USF:absent-both-directions	no	yes	yes	yes	no	
CAND_PLAUS_001935	plus	candidate_pending_human_review			incongruent	0	She is shattering three tongues	be_progressive	shattering	tongues	shatter	tongue	0.0		USF:absent-both-directions	no	yes	yes	yes	no	
CAND_PLAUS_001936	plus	candidate_pending_human_review			incongruent	0	She does not shatter three tongues	do_negation	shatter	tongues	shatter	tongue	0.0		USF:absent-both-directions	no	yes	yes	yes	no	
CAND_PLAUS_001937	plus	candidate_pending_human_review			incongruent	0	Every day she shatters three tongues	present_3s	shatters	tongues	shatter	tongue	0.0		USF:absent-both-directions	no	yes	yes	yes	no	
CAND_PLAUS_001938	plus	candidate_pending_human_review			incongruent	0	Last week she shattered three tongues	simple_past	shattered	tongues	shatter	tongue	0.0		USF:absent-both-directions	no	yes	yes	yes	no	
CAND_PLAUS_001939	plus	candidate_pending_human_review			incongruent	0	He is shattering three tongues	be_progressive	shattering	tongues	shatter	tongue	0.0		USF:absent-both-directions	no	yes	yes	yes	no	
CAND_PLAUS_001940	plus	candidate_pending_human_review			incongruent	0	He does not shatter three tongues	do_negation	shatter	tongues	shatter	tongue	0.0		USF:absent-both-directions	no	yes	yes	yes	no	
CAND_PLAUS_001941	plus	candidate_pending_human_review			incongruent	0	Every day he shatters three tongues	present_3s	shatters	tongues	shatter	tongue	0.0		USF:absent-both-directions	no	yes	yes	yes	no	
CAND_PLAUS_001942	plus	candidate_pending_human_review			incongruent	0	Last week he shattered three tongues	simple_past	shattered	tongues	shatter	tongue	0.0		USF:absent-both-directions	no	yes	yes	yes	no	
CAND_PLAUS_001943	plus	candidate_pending_human_review			incongruent	0	They are shattering three tongues	be_progressive	shattering	tongues	shatter	tongue	0.0		USF:absent-both-directions	no	yes	yes	yes	no	
CAND_PLAUS_001944	plus	candidate_pending_human_review			incongruent	0	They do not shatter three tongues	do_negation	shatter	tongues	shatter	tongue	0.0		USF:absent-both-directions	no	yes	yes	yes	no	
CAND_PLAUS_001945	plus	candidate_pending_human_review			incongruent	0	Every day they shatter three tongues	present_3s	shatter	tongues	shatter	tongue	0.0		USF:absent-both-directions	no	yes	yes	yes	no	
CAND_PLAUS_001946	plus	candidate_pending_human_review			incongruent	0	Last week they shattered three tongues	simple_past	shattered	tongues	shatter	tongue	0.0		USF:absent-both-directions	no	yes	yes	yes	no	
CAND_PLAUS_001947	plus	candidate_pending_human_review			incongruent	0	She is shattering four tongues	be_progressive	shattering	tongues	shatter	tongue	0.0		USF:absent-both-directions	no	yes	yes	yes	no	
CAND_PLAUS_001948	plus	candidate_pending_human_review			incongruent	0	She does not shatter four tongues	do_negation	shatter	tongues	shatter	tongue	0.0		USF:absent-both-directions	no	yes	yes	yes	no	
CAND_PLAUS_001949	plus	candidate_pending_human_review			incongruent	0	Every day she shatters four tongues	present_3s	shatters	tongues	shatter	tongue	0.0		USF:absent-both-directions	no	yes	yes	yes	no	
CAND_PLAUS_001950	plus	candidate_pending_human_review			incongruent	0	Last week she shattered four tongues	simple_past	shattered	tongues	shatter	tongue	0.0		USF:absent-both-directions	no	yes	yes	yes	no	
CAND_PLAUS_001951	plus	candidate_pending_human_review			incongruent	0	He is shattering four tongues	be_progressive	shattering	tongues	shatter	tongue	0.0		USF:absent-both-directions	no	yes	yes	yes	no	
CAND_PLAUS_001952	plus	candidate_pending_human_review			incongruent	0	He does not shatter four tongues	do_negation	shatter	tongues	shatter	tongue	0.0		USF:absent-both-directions	no	yes	yes	yes	no	
CAND_PLAUS_001953	plus	candidate_pending_human_review			incongruent	0	Every day he shatters four tongues	present_3s	shatters	tongues	shatter	tongue	0.0		USF:absent-both-directions	no	yes	yes	yes	no	
CAND_PLAUS_001954	plus	candidate_pending_human_review			incongruent	0	Last week he shattered four tongues	simple_past	shattered	tongues	shatter	tongue	0.0		USF:absent-both-directions	no	yes	yes	yes	no	
CAND_PLAUS_001955	plus	candidate_pending_human_review			incongruent	0	They are shattering four tongues	be_progressive	shattering	tongues	shatter	tongue	0.0		USF:absent-both-directions	no	yes	yes	yes	no	
CAND_PLAUS_001956	plus	candidate_pending_human_review			incongruent	0	They do not shatter four tongues	do_negation	shatter	tongues	shatter	tongue	0.0		USF:absent-both-directions	no	yes	yes	yes	no	
CAND_PLAUS_001957	plus	candidate_pending_human_review			incongruent	0	Every day they shatter four tongues	present_3s	shatter	tongues	shatter	tongue	0.0		USF:absent-both-directions	no	yes	yes	yes	no	
CAND_PLAUS_001958	plus	candidate_pending_human_review			incongruent	0	Last week they shattered four tongues	simple_past	shattered	tongues	shatter	tongue	0.0		USF:absent-both-directions	no	yes	yes	yes	no	
CAND_PLAUS_001959	plus	candidate_pending_human_review			incongruent	0	She is shattering five tongues	be_progressive	shattering	tongues	shatter	tongue	0.0		USF:absent-both-directions	no	yes	yes	yes	no	
CAND_PLAUS_001960	plus	candidate_pending_human_review			incongruent	0	She does not shatter five tongues	do_negation	shatter	tongues	shatter	tongue	0.0		USF:absent-both-directions	no	yes	yes	yes	no	
CAND_PLAUS_001961	plus	candidate_pending_human_review			incongruent	0	Every day she shatters five tongues	present_3s	shatters	tongues	shatter	tongue	0.0		USF:absent-both-directions	no	yes	yes	yes	no	
CAND_PLAUS_001962	plus	candidate_pending_human_review			incongruent	0	Last week she shattered five tongues	simple_past	shattered	tongues	shatter	tongue	0.0		USF:absent-both-directions	no	yes	yes	yes	no	
CAND_PLAUS_001963	plus	candidate_pending_human_review			incongruent	0	He is shattering five tongues	be_progressive	shattering	tongues	shatter	tongue	0.0		USF:absent-both-directions	no	yes	yes	yes	no	
CAND_PLAUS_001964	plus	candidate_pending_human_review			incongruent	0	He does not shatter five tongues	do_negation	shatter	tongues	shatter	tongue	0.0		USF:absent-both-directions	no	yes	yes	yes	no	
CAND_PLAUS_001965	plus	candidate_pending_human_review			incongruent	0	Every day he shatters five tongues	present_3s	shatters	tongues	shatter	tongue	0.0		USF:absent-both-directions	no	yes	yes	yes	no	
CAND_PLAUS_001966	plus	candidate_pending_human_review			incongruent	0	Last week he shattered five tongues	simple_past	shattered	tongues	shatter	tongue	0.0		USF:absent-both-directions	no	yes	yes	yes	no	
CAND_PLAUS_001967	plus	candidate_pending_human_review			incongruent	0	They are shattering five tongues	be_progressive	shattering	tongues	shatter	tongue	0.0		USF:absent-both-directions	no	yes	yes	yes	no	
CAND_PLAUS_001968	plus	candidate_pending_human_review			incongruent	0	They do not shatter five tongues	do_negation	shatter	tongues	shatter	tongue	0.0		USF:absent-both-directions	no	yes	yes	yes	no	
CAND_PLAUS_001969	plus	candidate_pending_human_review			incongruent	0	Every day they shatter five tongues	present_3s	shatter	tongues	shatter	tongue	0.0		USF:absent-both-directions	no	yes	yes	yes	no	
CAND_PLAUS_001970	plus	candidate_pending_human_review			incongruent	0	Last week they shattered five tongues	simple_past	shattered	tongues	shatter	tongue	0.0		USF:absent-both-directions	no	yes	yes	yes	no	
CAND_PLAUS_001971	plus	candidate_pending_human_review			incongruent	0	She is shattering six tongues	be_progressive	shattering	tongues	shatter	tongue	0.0		USF:absent-both-directions	no	yes	yes	yes	no	
CAND_PLAUS_001972	plus	candidate_pending_human_review			incongruent	0	She does not shatter six tongues	do_negation	shatter	tongues	shatter	tongue	0.0		USF:absent-both-directions	no	yes	yes	yes	no	
CAND_PLAUS_001973	plus	candidate_pending_human_review			incongruent	0	Every day she shatters six tongues	present_3s	shatters	tongues	shatter	tongue	0.0		USF:absent-both-directions	no	yes	yes	yes	no	
CAND_PLAUS_001974	plus	candidate_pending_human_review			incongruent	0	Last week she shattered six tongues	simple_past	shattered	tongues	shatter	tongue	0.0		USF:absent-both-directions	no	yes	yes	yes	no	
CAND_PLAUS_001975	plus	candidate_pending_human_review			incongruent	0	He is shattering six tongues	be_progressive	shattering	tongues	shatter	tongue	0.0		USF:absent-both-directions	no	yes	yes	yes	no	
CAND_PLAUS_001976	plus	candidate_pending_human_review			incongruent	0	He does not shatter six tongues	do_negation	shatter	tongues	shatter	tongue	0.0		USF:absent-both-directions	no	yes	yes	yes	no	
CAND_PLAUS_001977	plus	candidate_pending_human_review			incongruent	0	Every day he shatters six tongues	present_3s	shatters	tongues	shatter	tongue	0.0		USF:absent-both-directions	no	yes	yes	yes	no	
CAND_PLAUS_001978	plus	candidate_pending_human_review			incongruent	0	Last week he shattered six tongues	simple_past	shattered	tongues	shatter	tongue	0.0		USF:absent-both-directions	no	yes	yes	yes	no	
CAND_PLAUS_001979	plus	candidate_pending_human_review			incongruent	0	They are shattering six tongues	be_progressive	shattering	tongues	shatter	tongue	0.0		USF:absent-both-directions	no	yes	yes	yes	no	
CAND_PLAUS_001980	plus	candidate_pending_human_review			incongruent	0	They do not shatter six tongues	do_negation	shatter	tongues	shatter	tongue	0.0		USF:absent-both-directions	no	yes	yes	yes	no	
CAND_PLAUS_001981	plus	candidate_pending_human_review			incongruent	0	Every day they shatter six tongues	present_3s	shatter	tongues	shatter	tongue	0.0		USF:absent-both-directions	no	yes	yes	yes	no	
CAND_PLAUS_001982	plus	candidate_pending_human_review			incongruent	0	Last week they shattered six tongues	simple_past	shattered	tongues	shatter	tongue	0.0		USF:absent-both-directions	no	yes	yes	yes	no	
CAND_PLAUS_001983	plus	candidate_pending_human_review			incongruent	0	She is shivering one power	be_progressive	shivering	power	shiver	power	0.0		USF:absent-both-directions	no	yes	yes	yes	no	
CAND_PLAUS_001984	plus	candidate_pending_human_review			incongruent	0	She does not shiver one power	do_negation	shiver	power	shiver	power	0.0		USF:absent-both-directions	no	yes	yes	yes	no	
CAND_PLAUS_001985	plus	candidate_pending_human_review			incongruent	0	Every day she shivers one power	present_3s	shivers	power	shiver	power	0.0		USF:absent-both-directions	no	yes	yes	yes	no	
CAND_PLAUS_001986	plus	candidate_pending_human_review			incongruent	0	Last week she shivered one power	simple_past	shivered	power	shiver	power	0.0		USF:absent-both-directions	no	yes	yes	yes	no	
CAND_PLAUS_001987	plus	candidate_pending_human_review			incongruent	0	He is shivering one power	be_progressive	shivering	power	shiver	power	0.0		USF:absent-both-directions	no	yes	yes	yes	no	
CAND_PLAUS_001988	plus	candidate_pending_human_review			incongruent	0	He does not shiver one power	do_negation	shiver	power	shiver	power	0.0		USF:absent-both-directions	no	yes	yes	yes	no	
CAND_PLAUS_001989	plus	candidate_pending_human_review			incongruent	0	Every day he shivers one power	present_3s	shivers	power	shiver	power	0.0		USF:absent-both-directions	no	yes	yes	yes	no	
CAND_PLAUS_001990	plus	candidate_pending_human_review			incongruent	0	Last week he shivered one power	simple_past	shivered	power	shiver	power	0.0		USF:absent-both-directions	no	yes	yes	yes	no	
CAND_PLAUS_001991	plus	candidate_pending_human_review			incongruent	0	They are shivering one power	be_progressive	shivering	power	shiver	power	0.0		USF:absent-both-directions	no	yes	yes	yes	no	
CAND_PLAUS_001992	plus	candidate_pending_human_review			incongruent	0	They do not shiver one power	do_negation	shiver	power	shiver	power	0.0		USF:absent-both-directions	no	yes	yes	yes	no	
CAND_PLAUS_001993	plus	candidate_pending_human_review			incongruent	0	Every day they shiver one power	present_3s	shiver	power	shiver	power	0.0		USF:absent-both-directions	no	yes	yes	yes	no	
CAND_PLAUS_001994	plus	candidate_pending_human_review			incongruent	0	Last week they shivered one power	simple_past	shivered	power	shiver	power	0.0		USF:absent-both-directions	no	yes	yes	yes	no	
CAND_PLAUS_001995	plus	candidate_pending_human_review			incongruent	0	She is shivering two powers	be_progressive	shivering	powers	shiver	power	0.0		USF:absent-both-directions	no	yes	yes	yes	no	
CAND_PLAUS_001996	plus	candidate_pending_human_review			incongruent	0	She does not shiver two powers	do_negation	shiver	powers	shiver	power	0.0		USF:absent-both-directions	no	yes	yes	yes	no	
CAND_PLAUS_001997	plus	candidate_pending_human_review			incongruent	0	Every day she shivers two powers	present_3s	shivers	powers	shiver	power	0.0		USF:absent-both-directions	no	yes	yes	yes	no	
CAND_PLAUS_001998	plus	candidate_pending_human_review			incongruent	0	Last week she shivered two powers	simple_past	shivered	powers	shiver	power	0.0		USF:absent-both-directions	no	yes	yes	yes	no	
CAND_PLAUS_001999	plus	candidate_pending_human_review			incongruent	0	He is shivering two powers	be_progressive	shivering	powers	shiver	power	0.0		USF:absent-both-directions	no	yes	yes	yes	no	
CAND_PLAUS_002000	plus	candidate_pending_human_review			incongruent	0	He does not shiver two powers	do_negation	shiver	powers	shiver	power	0.0		USF:absent-both-directions	no	yes	yes	yes	no	
CAND_PLAUS_002001	plus	candidate_pending_human_review			incongruent	0	Every day he shivers two powers	present_3s	shivers	powers	shiver	power	0.0		USF:absent-both-directions	no	yes	yes	yes	no	
CAND_PLAUS_002002	plus	candidate_pending_human_review			incongruent	0	Last week he shivered two powers	simple_past	shivered	powers	shiver	power	0.0		USF:absent-both-directions	no	yes	yes	yes	no	
CAND_PLAUS_002003	plus	candidate_pending_human_review			incongruent	0	They are shivering two powers	be_progressive	shivering	powers	shiver	power	0.0		USF:absent-both-directions	no	yes	yes	yes	no	
CAND_PLAUS_002004	plus	candidate_pending_human_review			incongruent	0	They do not shiver two powers	do_negation	shiver	powers	shiver	power	0.0		USF:absent-both-directions	no	yes	yes	yes	no	
CAND_PLAUS_002005	plus	candidate_pending_human_review			incongruent	0	Every day they shiver two powers	present_3s	shiver	powers	shiver	power	0.0		USF:absent-both-directions	no	yes	yes	yes	no	
CAND_PLAUS_002006	plus	candidate_pending_human_review			incongruent	0	Last week they shivered two powers	simple_past	shivered	powers	shiver	power	0.0		USF:absent-both-directions	no	yes	yes	yes	no	
CAND_PLAUS_002007	plus	candidate_pending_human_review			incongruent	0	She is shivering three powers	be_progressive	shivering	powers	shiver	power	0.0		USF:absent-both-directions	no	yes	yes	yes	no	
CAND_PLAUS_002008	plus	candidate_pending_human_review			incongruent	0	She does not shiver three powers	do_negation	shiver	powers	shiver	power	0.0		USF:absent-both-directions	no	yes	yes	yes	no	
CAND_PLAUS_002009	plus	candidate_pending_human_review			incongruent	0	Every day she shivers three powers	present_3s	shivers	powers	shiver	power	0.0		USF:absent-both-directions	no	yes	yes	yes	no	
CAND_PLAUS_002010	plus	candidate_pending_human_review			incongruent	0	Last week she shivered three powers	simple_past	shivered	powers	shiver	power	0.0		USF:absent-both-directions	no	yes	yes	yes	no	
CAND_PLAUS_002011	plus	candidate_pending_human_review			incongruent	0	He is shivering three powers	be_progressive	shivering	powers	shiver	power	0.0		USF:absent-both-directions	no	yes	yes	yes	no	
CAND_PLAUS_002012	plus	candidate_pending_human_review			incongruent	0	He does not shiver three powers	do_negation	shiver	powers	shiver	power	0.0		USF:absent-both-directions	no	yes	yes	yes	no	
CAND_PLAUS_002013	plus	candidate_pending_human_review			incongruent	0	Every day he shivers three powers	present_3s	shivers	powers	shiver	power	0.0		USF:absent-both-directions	no	yes	yes	yes	no	
CAND_PLAUS_002014	plus	candidate_pending_human_review			incongruent	0	Last week he shivered three powers	simple_past	shivered	powers	shiver	power	0.0		USF:absent-both-directions	no	yes	yes	yes	no	
CAND_PLAUS_002015	plus	candidate_pending_human_review			incongruent	0	They are shivering three powers	be_progressive	shivering	powers	shiver	power	0.0		USF:absent-both-directions	no	yes	yes	yes	no	
CAND_PLAUS_002016	plus	candidate_pending_human_review			incongruent	0	They do not shiver three powers	do_negation	shiver	powers	shiver	power	0.0		USF:absent-both-directions	no	yes	yes	yes	no	
CAND_PLAUS_002017	plus	candidate_pending_human_review			incongruent	0	Every day they shiver three powers	present_3s	shiver	powers	shiver	power	0.0		USF:absent-both-directions	no	yes	yes	yes	no	
CAND_PLAUS_002018	plus	candidate_pending_human_review			incongruent	0	Last week they shivered three powers	simple_past	shivered	powers	shiver	power	0.0		USF:absent-both-directions	no	yes	yes	yes	no	
CAND_PLAUS_002019	plus	candidate_pending_human_review			incongruent	0	She is shivering four powers	be_progressive	shivering	powers	shiver	power	0.0		USF:absent-both-directions	no	yes	yes	yes	no	
CAND_PLAUS_002020	plus	candidate_pending_human_review			incongruent	0	She does not shiver four powers	do_negation	shiver	powers	shiver	power	0.0		USF:absent-both-directions	no	yes	yes	yes	no	
CAND_PLAUS_002021	plus	candidate_pending_human_review			incongruent	0	Every day she shivers four powers	present_3s	shivers	powers	shiver	power	0.0		USF:absent-both-directions	no	yes	yes	yes	no	
CAND_PLAUS_002022	plus	candidate_pending_human_review			incongruent	0	Last week she shivered four powers	simple_past	shivered	powers	shiver	power	0.0		USF:absent-both-directions	no	yes	yes	yes	no	
CAND_PLAUS_002023	plus	candidate_pending_human_review			incongruent	0	He is shivering four powers	be_progressive	shivering	powers	shiver	power	0.0		USF:absent-both-directions	no	yes	yes	yes	no	
CAND_PLAUS_002024	plus	candidate_pending_human_review			incongruent	0	He does not shiver four powers	do_negation	shiver	powers	shiver	power	0.0		USF:absent-both-directions	no	yes	yes	yes	no	
CAND_PLAUS_002025	plus	candidate_pending_human_review			incongruent	0	Every day he shivers four powers	present_3s	shivers	powers	shiver	power	0.0		USF:absent-both-directions	no	yes	yes	yes	no	
CAND_PLAUS_002026	plus	candidate_pending_human_review			incongruent	0	Last week he shivered four powers	simple_past	shivered	powers	shiver	power	0.0		USF:absent-both-directions	no	yes	yes	yes	no	
CAND_PLAUS_002027	plus	candidate_pending_human_review			incongruent	0	They are shivering four powers	be_progressive	shivering	powers	shiver	power	0.0		USF:absent-both-directions	no	yes	yes	yes	no	
CAND_PLAUS_002028	plus	candidate_pending_human_review			incongruent	0	They do not shiver four powers	do_negation	shiver	powers	shiver	power	0.0		USF:absent-both-directions	no	yes	yes	yes	no	
CAND_PLAUS_002029	plus	candidate_pending_human_review			incongruent	0	Every day they shiver four powers	present_3s	shiver	powers	shiver	power	0.0		USF:absent-both-directions	no	yes	yes	yes	no	
CAND_PLAUS_002030	plus	candidate_pending_human_review			incongruent	0	Last week they shivered four powers	simple_past	shivered	powers	shiver	power	0.0		USF:absent-both-directions	no	yes	yes	yes	no	
CAND_PLAUS_002031	plus	candidate_pending_human_review			incongruent	0	She is shivering five powers	be_progressive	shivering	powers	shiver	power	0.0		USF:absent-both-directions	no	yes	yes	yes	no	
CAND_PLAUS_002032	plus	candidate_pending_human_review			incongruent	0	She does not shiver five powers	do_negation	shiver	powers	shiver	power	0.0		USF:absent-both-directions	no	yes	yes	yes	no	
CAND_PLAUS_002033	plus	candidate_pending_human_review			incongruent	0	Every day she shivers five powers	present_3s	shivers	powers	shiver	power	0.0		USF:absent-both-directions	no	yes	yes	yes	no	
CAND_PLAUS_002034	plus	candidate_pending_human_review			incongruent	0	Last week she shivered five powers	simple_past	shivered	powers	shiver	power	0.0		USF:absent-both-directions	no	yes	yes	yes	no	
CAND_PLAUS_002035	plus	candidate_pending_human_review			incongruent	0	He is shivering five powers	be_progressive	shivering	powers	shiver	power	0.0		USF:absent-both-directions	no	yes	yes	yes	no	
CAND_PLAUS_002036	plus	candidate_pending_human_review			incongruent	0	He does not shiver five powers	do_negation	shiver	powers	shiver	power	0.0		USF:absent-both-directions	no	yes	yes	yes	no	
CAND_PLAUS_002037	plus	candidate_pending_human_review			incongruent	0	Every day he shivers five powers	present_3s	shivers	powers	shiver	power	0.0		USF:absent-both-directions	no	yes	yes	yes	no	
CAND_PLAUS_002038	plus	candidate_pending_human_review			incongruent	0	Last week he shivered five powers	simple_past	shivered	powers	shiver	power	0.0		USF:absent-both-directions	no	yes	yes	yes	no	
CAND_PLAUS_002039	plus	candidate_pending_human_review			incongruent	0	They are shivering five powers	be_progressive	shivering	powers	shiver	power	0.0		USF:absent-both-directions	no	yes	yes	yes	no	
CAND_PLAUS_002040	plus	candidate_pending_human_review			incongruent	0	They do not shiver five powers	do_negation	shiver	powers	shiver	power	0.0		USF:absent-both-directions	no	yes	yes	yes	no	
CAND_PLAUS_002041	plus	candidate_pending_human_review			incongruent	0	Every day they shiver five powers	present_3s	shiver	powers	shiver	power	0.0		USF:absent-both-directions	no	yes	yes	yes	no	
CAND_PLAUS_002042	plus	candidate_pending_human_review			incongruent	0	Last week they shivered five powers	simple_past	shivered	powers	shiver	power	0.0		USF:absent-both-directions	no	yes	yes	yes	no	
CAND_PLAUS_002043	plus	candidate_pending_human_review			incongruent	0	She is shivering six powers	be_progressive	shivering	powers	shiver	power	0.0		USF:absent-both-directions	no	yes	yes	yes	no	
CAND_PLAUS_002044	plus	candidate_pending_human_review			incongruent	0	She does not shiver six powers	do_negation	shiver	powers	shiver	power	0.0		USF:absent-both-directions	no	yes	yes	yes	no	
CAND_PLAUS_002045	plus	candidate_pending_human_review			incongruent	0	Every day she shivers six powers	present_3s	shivers	powers	shiver	power	0.0		USF:absent-both-directions	no	yes	yes	yes	no	
CAND_PLAUS_002046	plus	candidate_pending_human_review			incongruent	0	Last week she shivered six powers	simple_past	shivered	powers	shiver	power	0.0		USF:absent-both-directions	no	yes	yes	yes	no	
CAND_PLAUS_002047	plus	candidate_pending_human_review			incongruent	0	He is shivering six powers	be_progressive	shivering	powers	shiver	power	0.0		USF:absent-both-directions	no	yes	yes	yes	no	
CAND_PLAUS_002048	plus	candidate_pending_human_review			incongruent	0	He does not shiver six powers	do_negation	shiver	powers	shiver	power	0.0		USF:absent-both-directions	no	yes	yes	yes	no	
CAND_PLAUS_002049	plus	candidate_pending_human_review			incongruent	0	Every day he shivers six powers	present_3s	shivers	powers	shiver	power	0.0		USF:absent-both-directions	no	yes	yes	yes	no	
CAND_PLAUS_002050	plus	candidate_pending_human_review			incongruent	0	Last week he shivered six powers	simple_past	shivered	powers	shiver	power	0.0		USF:absent-both-directions	no	yes	yes	yes	no	
CAND_PLAUS_002051	plus	candidate_pending_human_review			incongruent	0	They are shivering six powers	be_progressive	shivering	powers	shiver	power	0.0		USF:absent-both-directions	no	yes	yes	yes	no	
CAND_PLAUS_002052	plus	candidate_pending_human_review			incongruent	0	They do not shiver six powers	do_negation	shiver	powers	shiver	power	0.0		USF:absent-both-directions	no	yes	yes	yes	no	
CAND_PLAUS_002053	plus	candidate_pending_human_review			incongruent	0	Every day they shiver six powers	present_3s	shiver	powers	shiver	power	0.0		USF:absent-both-directions	no	yes	yes	yes	no	
CAND_PLAUS_002054	plus	candidate_pending_human_review			incongruent	0	Last week they shivered six powers	simple_past	shivered	powers	shiver	power	0.0		USF:absent-both-directions	no	yes	yes	yes	no	
CAND_PLAUS_002055	plus	candidate_pending_human_review			incongruent	0	She is flipping one bean	be_progressive	flipping	bean	flip	bean	0.0		USF:absent-both-directions	no	yes	yes	yes	no	
CAND_PLAUS_002056	plus	candidate_pending_human_review			incongruent	0	She does not flip one bean	do_negation	flip	bean	flip	bean	0.0		USF:absent-both-directions	no	yes	yes	yes	no	
CAND_PLAUS_002057	plus	candidate_pending_human_review			incongruent	0	Every day she flips one bean	present_3s	flips	bean	flip	bean	0.0		USF:absent-both-directions	no	yes	yes	yes	no	
CAND_PLAUS_002058	plus	candidate_pending_human_review			incongruent	0	Last week she flipped one bean	simple_past	flipped	bean	flip	bean	0.0		USF:absent-both-directions	no	yes	yes	yes	no	
CAND_PLAUS_002059	plus	candidate_pending_human_review			incongruent	0	He is flipping one bean	be_progressive	flipping	bean	flip	bean	0.0		USF:absent-both-directions	no	yes	yes	yes	no	
CAND_PLAUS_002060	plus	candidate_pending_human_review			incongruent	0	He does not flip one bean	do_negation	flip	bean	flip	bean	0.0		USF:absent-both-directions	no	yes	yes	yes	no	
CAND_PLAUS_002061	plus	candidate_pending_human_review			incongruent	0	Every day he flips one bean	present_3s	flips	bean	flip	bean	0.0		USF:absent-both-directions	no	yes	yes	yes	no	
CAND_PLAUS_002062	plus	candidate_pending_human_review			incongruent	0	Last week he flipped one bean	simple_past	flipped	bean	flip	bean	0.0		USF:absent-both-directions	no	yes	yes	yes	no	
CAND_PLAUS_002063	plus	candidate_pending_human_review			incongruent	0	They are flipping one bean	be_progressive	flipping	bean	flip	bean	0.0		USF:absent-both-directions	no	yes	yes	yes	no	
CAND_PLAUS_002064	plus	candidate_pending_human_review			incongruent	0	They do not flip one bean	do_negation	flip	bean	flip	bean	0.0		USF:absent-both-directions	no	yes	yes	yes	no	
CAND_PLAUS_002065	plus	candidate_pending_human_review			incongruent	0	Every day they flip one bean	present_3s	flip	bean	flip	bean	0.0		USF:absent-both-directions	no	yes	yes	yes	no	
CAND_PLAUS_002066	plus	candidate_pending_human_review			incongruent	0	Last week they flipped one bean	simple_past	flipped	bean	flip	bean	0.0		USF:absent-both-directions	no	yes	yes	yes	no	
CAND_PLAUS_002067	plus	candidate_pending_human_review			incongruent	0	She is flipping two beans	be_progressive	flipping	beans	flip	bean	0.0		USF:absent-both-directions	no	yes	yes	yes	no	
CAND_PLAUS_002068	plus	candidate_pending_human_review			incongruent	0	She does not flip two beans	do_negation	flip	beans	flip	bean	0.0		USF:absent-both-directions	no	yes	yes	yes	no	
CAND_PLAUS_002069	plus	candidate_pending_human_review			incongruent	0	Every day she flips two beans	present_3s	flips	beans	flip	bean	0.0		USF:absent-both-directions	no	yes	yes	yes	no	
CAND_PLAUS_002070	plus	candidate_pending_human_review			incongruent	0	Last week she flipped two beans	simple_past	flipped	beans	flip	bean	0.0		USF:absent-both-directions	no	yes	yes	yes	no	
CAND_PLAUS_002071	plus	candidate_pending_human_review			incongruent	0	He is flipping two beans	be_progressive	flipping	beans	flip	bean	0.0		USF:absent-both-directions	no	yes	yes	yes	no	
CAND_PLAUS_002072	plus	candidate_pending_human_review			incongruent	0	He does not flip two beans	do_negation	flip	beans	flip	bean	0.0		USF:absent-both-directions	no	yes	yes	yes	no	
CAND_PLAUS_002073	plus	candidate_pending_human_review			incongruent	0	Every day he flips two beans	present_3s	flips	beans	flip	bean	0.0		USF:absent-both-directions	no	yes	yes	yes	no	
CAND_PLAUS_002074	plus	candidate_pending_human_review			incongruent	0	Last week he flipped two beans	simple_past	flipped	beans	flip	bean	0.0		USF:absent-both-directions	no	yes	yes	yes	no	
CAND_PLAUS_002075	plus	candidate_pending_human_review			incongruent	0	They are flipping two beans	be_progressive	flipping	beans	flip	bean	0.0		USF:absent-both-directions	no	yes	yes	yes	no	
CAND_PLAUS_002076	plus	candidate_pending_human_review			incongruent	0	They do not flip two beans	do_negation	flip	beans	flip	bean	0.0		USF:absent-both-directions	no	yes	yes	yes	no	
CAND_PLAUS_002077	plus	candidate_pending_human_review			incongruent	0	Every day they flip two beans	present_3s	flip	beans	flip	bean	0.0		USF:absent-both-directions	no	yes	yes	yes	no	
CAND_PLAUS_002078	plus	candidate_pending_human_review			incongruent	0	Last week they flipped two beans	simple_past	flipped	beans	flip	bean	0.0		USF:absent-both-directions	no	yes	yes	yes	no	
CAND_PLAUS_002079	plus	candidate_pending_human_review			incongruent	0	She is flipping three beans	be_progressive	flipping	beans	flip	bean	0.0		USF:absent-both-directions	no	yes	yes	yes	no	
CAND_PLAUS_002080	plus	candidate_pending_human_review			incongruent	0	She does not flip three beans	do_negation	flip	beans	flip	bean	0.0		USF:absent-both-directions	no	yes	yes	yes	no	
CAND_PLAUS_002081	plus	candidate_pending_human_review			incongruent	0	Every day she flips three beans	present_3s	flips	beans	flip	bean	0.0		USF:absent-both-directions	no	yes	yes	yes	no	
CAND_PLAUS_002082	plus	candidate_pending_human_review			incongruent	0	Last week she flipped three beans	simple_past	flipped	beans	flip	bean	0.0		USF:absent-both-directions	no	yes	yes	yes	no	
CAND_PLAUS_002083	plus	candidate_pending_human_review			incongruent	0	He is flipping three beans	be_progressive	flipping	beans	flip	bean	0.0		USF:absent-both-directions	no	yes	yes	yes	no	
CAND_PLAUS_002084	plus	candidate_pending_human_review			incongruent	0	He does not flip three beans	do_negation	flip	beans	flip	bean	0.0		USF:absent-both-directions	no	yes	yes	yes	no	
CAND_PLAUS_002085	plus	candidate_pending_human_review			incongruent	0	Every day he flips three beans	present_3s	flips	beans	flip	bean	0.0		USF:absent-both-directions	no	yes	yes	yes	no	
CAND_PLAUS_002086	plus	candidate_pending_human_review			incongruent	0	Last week he flipped three beans	simple_past	flipped	beans	flip	bean	0.0		USF:absent-both-directions	no	yes	yes	yes	no	
CAND_PLAUS_002087	plus	candidate_pending_human_review			incongruent	0	They are flipping three beans	be_progressive	flipping	beans	flip	bean	0.0		USF:absent-both-directions	no	yes	yes	yes	no	
CAND_PLAUS_002088	plus	candidate_pending_human_review			incongruent	0	They do not flip three beans	do_negation	flip	beans	flip	bean	0.0		USF:absent-both-directions	no	yes	yes	yes	no	
CAND_PLAUS_002089	plus	candidate_pending_human_review			incongruent	0	Every day they flip three beans	present_3s	flip	beans	flip	bean	0.0		USF:absent-both-directions	no	yes	yes	yes	no	
CAND_PLAUS_002090	plus	candidate_pending_human_review			incongruent	0	Last week they flipped three beans	simple_past	flipped	beans	flip	bean	0.0		USF:absent-both-directions	no	yes	yes	yes	no	
CAND_PLAUS_002091	plus	candidate_pending_human_review			incongruent	0	She is flipping four beans	be_progressive	flipping	beans	flip	bean	0.0		USF:absent-both-directions	no	yes	yes	yes	no	
CAND_PLAUS_002092	plus	candidate_pending_human_review			incongruent	0	She does not flip four beans	do_negation	flip	beans	flip	bean	0.0		USF:absent-both-directions	no	yes	yes	yes	no	
CAND_PLAUS_002093	plus	candidate_pending_human_review			incongruent	0	Every day she flips four beans	present_3s	flips	beans	flip	bean	0.0		USF:absent-both-directions	no	yes	yes	yes	no	
CAND_PLAUS_002094	plus	candidate_pending_human_review			incongruent	0	Last week she flipped four beans	simple_past	flipped	beans	flip	bean	0.0		USF:absent-both-directions	no	yes	yes	yes	no	
CAND_PLAUS_002095	plus	candidate_pending_human_review			incongruent	0	He is flipping four beans	be_progressive	flipping	beans	flip	bean	0.0		USF:absent-both-directions	no	yes	yes	yes	no	
CAND_PLAUS_002096	plus	candidate_pending_human_review			incongruent	0	He does not flip four beans	do_negation	flip	beans	flip	bean	0.0		USF:absent-both-directions	no	yes	yes	yes	no	
CAND_PLAUS_002097	plus	candidate_pending_human_review			incongruent	0	Every day he flips four beans	present_3s	flips	beans	flip	bean	0.0		USF:absent-both-directions	no	yes	yes	yes	no	
CAND_PLAUS_002098	plus	candidate_pending_human_review			incongruent	0	Last week he flipped four beans	simple_past	flipped	beans	flip	bean	0.0		USF:absent-both-directions	no	yes	yes	yes	no	
CAND_PLAUS_002099	plus	candidate_pending_human_review			incongruent	0	They are flipping four beans	be_progressive	flipping	beans	flip	bean	0.0		USF:absent-both-directions	no	yes	yes	yes	no	
CAND_PLAUS_002100	plus	candidate_pending_human_review			incongruent	0	They do not flip four beans	do_negation	flip	beans	flip	bean	0.0		USF:absent-both-directions	no	yes	yes	yes	no	
CAND_PLAUS_002101	plus	candidate_pending_human_review			incongruent	0	Every day they flip four beans	present_3s	flip	beans	flip	bean	0.0		USF:absent-both-directions	no	yes	yes	yes	no	
CAND_PLAUS_002102	plus	candidate_pending_human_review			incongruent	0	Last week they flipped four beans	simple_past	flipped	beans	flip	bean	0.0		USF:absent-both-directions	no	yes	yes	yes	no	
CAND_PLAUS_002103	plus	candidate_pending_human_review			incongruent	0	She is flipping five beans	be_progressive	flipping	beans	flip	bean	0.0		USF:absent-both-directions	no	yes	yes	yes	no	
CAND_PLAUS_002104	plus	candidate_pending_human_review			incongruent	0	She does not flip five beans	do_negation	flip	beans	flip	bean	0.0		USF:absent-both-directions	no	yes	yes	yes	no	
CAND_PLAUS_002105	plus	candidate_pending_human_review			incongruent	0	Every day she flips five beans	present_3s	flips	beans	flip	bean	0.0		USF:absent-both-directions	no	yes	yes	yes	no	
CAND_PLAUS_002106	plus	candidate_pending_human_review			incongruent	0	Last week she flipped five beans	simple_past	flipped	beans	flip	bean	0.0		USF:absent-both-directions	no	yes	yes	yes	no	
CAND_PLAUS_002107	plus	candidate_pending_human_review			incongruent	0	He is flipping five beans	be_progressive	flipping	beans	flip	bean	0.0		USF:absent-both-directions	no	yes	yes	yes	no	
CAND_PLAUS_002108	plus	candidate_pending_human_review			incongruent	0	He does not flip five beans	do_negation	flip	beans	flip	bean	0.0		USF:absent-both-directions	no	yes	yes	yes	no	
CAND_PLAUS_002109	plus	candidate_pending_human_review			incongruent	0	Every day he flips five beans	present_3s	flips	beans	flip	bean	0.0		USF:absent-both-directions	no	yes	yes	yes	no	
CAND_PLAUS_002110	plus	candidate_pending_human_review			incongruent	0	Last week he flipped five beans	simple_past	flipped	beans	flip	bean	0.0		USF:absent-both-directions	no	yes	yes	yes	no	
CAND_PLAUS_002111	plus	candidate_pending_human_review			incongruent	0	They are flipping five beans	be_progressive	flipping	beans	flip	bean	0.0		USF:absent-both-directions	no	yes	yes	yes	no	
CAND_PLAUS_002112	plus	candidate_pending_human_review			incongruent	0	They do not flip five beans	do_negation	flip	beans	flip	bean	0.0		USF:absent-both-directions	no	yes	yes	yes	no	
CAND_PLAUS_002113	plus	candidate_pending_human_review			incongruent	0	Every day they flip five beans	present_3s	flip	beans	flip	bean	0.0		USF:absent-both-directions	no	yes	yes	yes	no	
CAND_PLAUS_002114	plus	candidate_pending_human_review			incongruent	0	Last week they flipped five beans	simple_past	flipped	beans	flip	bean	0.0		USF:absent-both-directions	no	yes	yes	yes	no	
CAND_PLAUS_002115	plus	candidate_pending_human_review			incongruent	0	She is flipping six beans	be_progressive	flipping	beans	flip	bean	0.0		USF:absent-both-directions	no	yes	yes	yes	no	
CAND_PLAUS_002116	plus	candidate_pending_human_review			incongruent	0	She does not flip six beans	do_negation	flip	beans	flip	bean	0.0		USF:absent-both-directions	no	yes	yes	yes	no	
CAND_PLAUS_002117	plus	candidate_pending_human_review			incongruent	0	Every day she flips six beans	present_3s	flips	beans	flip	bean	0.0		USF:absent-both-directions	no	yes	yes	yes	no	
CAND_PLAUS_002118	plus	candidate_pending_human_review			incongruent	0	Last week she flipped six beans	simple_past	flipped	beans	flip	bean	0.0		USF:absent-both-directions	no	yes	yes	yes	no	
CAND_PLAUS_002119	plus	candidate_pending_human_review			incongruent	0	He is flipping six beans	be_progressive	flipping	beans	flip	bean	0.0		USF:absent-both-directions	no	yes	yes	yes	no	
CAND_PLAUS_002120	plus	candidate_pending_human_review			incongruent	0	He does not flip six beans	do_negation	flip	beans	flip	bean	0.0		USF:absent-both-directions	no	yes	yes	yes	no	
CAND_PLAUS_002121	plus	candidate_pending_human_review			incongruent	0	Every day he flips six beans	present_3s	flips	beans	flip	bean	0.0		USF:absent-both-directions	no	yes	yes	yes	no	
CAND_PLAUS_002122	plus	candidate_pending_human_review			incongruent	0	Last week he flipped six beans	simple_past	flipped	beans	flip	bean	0.0		USF:absent-both-directions	no	yes	yes	yes	no	
CAND_PLAUS_002123	plus	candidate_pending_human_review			incongruent	0	They are flipping six beans	be_progressive	flipping	beans	flip	bean	0.0		USF:absent-both-directions	no	yes	yes	yes	no	
CAND_PLAUS_002124	plus	candidate_pending_human_review			incongruent	0	They do not flip six beans	do_negation	flip	beans	flip	bean	0.0		USF:absent-both-directions	no	yes	yes	yes	no	
CAND_PLAUS_002125	plus	candidate_pending_human_review			incongruent	0	Every day they flip six beans	present_3s	flip	beans	flip	bean	0.0		USF:absent-both-directions	no	yes	yes	yes	no	
CAND_PLAUS_002126	plus	candidate_pending_human_review			incongruent	0	Last week they flipped six beans	simple_past	flipped	beans	flip	bean	0.0		USF:absent-both-directions	no	yes	yes	yes	no	
CAND_PLAUS_002127	plus	candidate_pending_human_review			incongruent	0	She is reaching one voice	be_progressive	reaching	voice	reach	voice	0.0		USF:absent-both-directions	no	yes	yes	yes	no	
CAND_PLAUS_002128	plus	candidate_pending_human_review			incongruent	0	She does not reach one voice	do_negation	reach	voice	reach	voice	0.0		USF:absent-both-directions	no	yes	yes	yes	no	
CAND_PLAUS_002129	plus	candidate_pending_human_review			incongruent	0	Every day she reaches one voice	present_3s	reaches	voice	reach	voice	0.0		USF:absent-both-directions	no	yes	yes	yes	no	
CAND_PLAUS_002130	plus	candidate_pending_human_review			incongruent	0	Last week she reached one voice	simple_past	reached	voice	reach	voice	0.0		USF:absent-both-directions	no	yes	yes	yes	no	
CAND_PLAUS_002131	plus	candidate_pending_human_review			incongruent	0	He is reaching one voice	be_progressive	reaching	voice	reach	voice	0.0		USF:absent-both-directions	no	yes	yes	yes	no	
CAND_PLAUS_002132	plus	candidate_pending_human_review			incongruent	0	He does not reach one voice	do_negation	reach	voice	reach	voice	0.0		USF:absent-both-directions	no	yes	yes	yes	no	
CAND_PLAUS_002133	plus	candidate_pending_human_review			incongruent	0	Every day he reaches one voice	present_3s	reaches	voice	reach	voice	0.0		USF:absent-both-directions	no	yes	yes	yes	no	
CAND_PLAUS_002134	plus	candidate_pending_human_review			incongruent	0	Last week he reached one voice	simple_past	reached	voice	reach	voice	0.0		USF:absent-both-directions	no	yes	yes	yes	no	
CAND_PLAUS_002135	plus	candidate_pending_human_review			incongruent	0	They are reaching one voice	be_progressive	reaching	voice	reach	voice	0.0		USF:absent-both-directions	no	yes	yes	yes	no	
CAND_PLAUS_002136	plus	candidate_pending_human_review			incongruent	0	They do not reach one voice	do_negation	reach	voice	reach	voice	0.0		USF:absent-both-directions	no	yes	yes	yes	no	
CAND_PLAUS_002137	plus	candidate_pending_human_review			incongruent	0	Every day they reach one voice	present_3s	reach	voice	reach	voice	0.0		USF:absent-both-directions	no	yes	yes	yes	no	
CAND_PLAUS_002138	plus	candidate_pending_human_review			incongruent	0	Last week they reached one voice	simple_past	reached	voice	reach	voice	0.0		USF:absent-both-directions	no	yes	yes	yes	no	
CAND_PLAUS_002139	plus	candidate_pending_human_review			incongruent	0	She is reaching two voices	be_progressive	reaching	voices	reach	voice	0.0		USF:absent-both-directions	no	yes	yes	yes	no	
CAND_PLAUS_002140	plus	candidate_pending_human_review			incongruent	0	She does not reach two voices	do_negation	reach	voices	reach	voice	0.0		USF:absent-both-directions	no	yes	yes	yes	no	
CAND_PLAUS_002141	plus	candidate_pending_human_review			incongruent	0	Every day she reaches two voices	present_3s	reaches	voices	reach	voice	0.0		USF:absent-both-directions	no	yes	yes	yes	no	
CAND_PLAUS_002142	plus	candidate_pending_human_review			incongruent	0	Last week she reached two voices	simple_past	reached	voices	reach	voice	0.0		USF:absent-both-directions	no	yes	yes	yes	no	
CAND_PLAUS_002143	plus	candidate_pending_human_review			incongruent	0	He is reaching two voices	be_progressive	reaching	voices	reach	voice	0.0		USF:absent-both-directions	no	yes	yes	yes	no	
CAND_PLAUS_002144	plus	candidate_pending_human_review			incongruent	0	He does not reach two voices	do_negation	reach	voices	reach	voice	0.0		USF:absent-both-directions	no	yes	yes	yes	no	
CAND_PLAUS_002145	plus	candidate_pending_human_review			incongruent	0	Every day he reaches two voices	present_3s	reaches	voices	reach	voice	0.0		USF:absent-both-directions	no	yes	yes	yes	no	
CAND_PLAUS_002146	plus	candidate_pending_human_review			incongruent	0	Last week he reached two voices	simple_past	reached	voices	reach	voice	0.0		USF:absent-both-directions	no	yes	yes	yes	no	
CAND_PLAUS_002147	plus	candidate_pending_human_review			incongruent	0	They are reaching two voices	be_progressive	reaching	voices	reach	voice	0.0		USF:absent-both-directions	no	yes	yes	yes	no	
CAND_PLAUS_002148	plus	candidate_pending_human_review			incongruent	0	They do not reach two voices	do_negation	reach	voices	reach	voice	0.0		USF:absent-both-directions	no	yes	yes	yes	no	
CAND_PLAUS_002149	plus	candidate_pending_human_review			incongruent	0	Every day they reach two voices	present_3s	reach	voices	reach	voice	0.0		USF:absent-both-directions	no	yes	yes	yes	no	
CAND_PLAUS_002150	plus	candidate_pending_human_review			incongruent	0	Last week they reached two voices	simple_past	reached	voices	reach	voice	0.0		USF:absent-both-directions	no	yes	yes	yes	no	
CAND_PLAUS_002151	plus	candidate_pending_human_review			incongruent	0	She is reaching three voices	be_progressive	reaching	voices	reach	voice	0.0		USF:absent-both-directions	no	yes	yes	yes	no	
CAND_PLAUS_002152	plus	candidate_pending_human_review			incongruent	0	She does not reach three voices	do_negation	reach	voices	reach	voice	0.0		USF:absent-both-directions	no	yes	yes	yes	no	
CAND_PLAUS_002153	plus	candidate_pending_human_review			incongruent	0	Every day she reaches three voices	present_3s	reaches	voices	reach	voice	0.0		USF:absent-both-directions	no	yes	yes	yes	no	
CAND_PLAUS_002154	plus	candidate_pending_human_review			incongruent	0	Last week she reached three voices	simple_past	reached	voices	reach	voice	0.0		USF:absent-both-directions	no	yes	yes	yes	no	
CAND_PLAUS_002155	plus	candidate_pending_human_review			incongruent	0	He is reaching three voices	be_progressive	reaching	voices	reach	voice	0.0		USF:absent-both-directions	no	yes	yes	yes	no	
CAND_PLAUS_002156	plus	candidate_pending_human_review			incongruent	0	He does not reach three voices	do_negation	reach	voices	reach	voice	0.0		USF:absent-both-directions	no	yes	yes	yes	no	
CAND_PLAUS_002157	plus	candidate_pending_human_review			incongruent	0	Every day he reaches three voices	present_3s	reaches	voices	reach	voice	0.0		USF:absent-both-directions	no	yes	yes	yes	no	
CAND_PLAUS_002158	plus	candidate_pending_human_review			incongruent	0	Last week he reached three voices	simple_past	reached	voices	reach	voice	0.0		USF:absent-both-directions	no	yes	yes	yes	no	
CAND_PLAUS_002159	plus	candidate_pending_human_review			incongruent	0	They are reaching three voices	be_progressive	reaching	voices	reach	voice	0.0		USF:absent-both-directions	no	yes	yes	yes	no	
CAND_PLAUS_002160	plus	candidate_pending_human_review			incongruent	0	They do not reach three voices	do_negation	reach	voices	reach	voice	0.0		USF:absent-both-directions	no	yes	yes	yes	no	
CAND_PLAUS_002161	plus	candidate_pending_human_review			incongruent	0	Every day they reach three voices	present_3s	reach	voices	reach	voice	0.0		USF:absent-both-directions	no	yes	yes	yes	no	
CAND_PLAUS_002162	plus	candidate_pending_human_review			incongruent	0	Last week they reached three voices	simple_past	reached	voices	reach	voice	0.0		USF:absent-both-directions	no	yes	yes	yes	no	
CAND_PLAUS_002163	plus	candidate_pending_human_review			incongruent	0	She is reaching four voices	be_progressive	reaching	voices	reach	voice	0.0		USF:absent-both-directions	no	yes	yes	yes	no	
CAND_PLAUS_002164	plus	candidate_pending_human_review			incongruent	0	She does not reach four voices	do_negation	reach	voices	reach	voice	0.0		USF:absent-both-directions	no	yes	yes	yes	no	
CAND_PLAUS_002165	plus	candidate_pending_human_review			incongruent	0	Every day she reaches four voices	present_3s	reaches	voices	reach	voice	0.0		USF:absent-both-directions	no	yes	yes	yes	no	
CAND_PLAUS_002166	plus	candidate_pending_human_review			incongruent	0	Last week she reached four voices	simple_past	reached	voices	reach	voice	0.0		USF:absent-both-directions	no	yes	yes	yes	no	
CAND_PLAUS_002167	plus	candidate_pending_human_review			incongruent	0	He is reaching four voices	be_progressive	reaching	voices	reach	voice	0.0		USF:absent-both-directions	no	yes	yes	yes	no	
CAND_PLAUS_002168	plus	candidate_pending_human_review			incongruent	0	He does not reach four voices	do_negation	reach	voices	reach	voice	0.0		USF:absent-both-directions	no	yes	yes	yes	no	
CAND_PLAUS_002169	plus	candidate_pending_human_review			incongruent	0	Every day he reaches four voices	present_3s	reaches	voices	reach	voice	0.0		USF:absent-both-directions	no	yes	yes	yes	no	
CAND_PLAUS_002170	plus	candidate_pending_human_review			incongruent	0	Last week he reached four voices	simple_past	reached	voices	reach	voice	0.0		USF:absent-both-directions	no	yes	yes	yes	no	
CAND_PLAUS_002171	plus	candidate_pending_human_review			incongruent	0	They are reaching four voices	be_progressive	reaching	voices	reach	voice	0.0		USF:absent-both-directions	no	yes	yes	yes	no	
CAND_PLAUS_002172	plus	candidate_pending_human_review			incongruent	0	They do not reach four voices	do_negation	reach	voices	reach	voice	0.0		USF:absent-both-directions	no	yes	yes	yes	no	
CAND_PLAUS_002173	plus	candidate_pending_human_review			incongruent	0	Every day they reach four voices	present_3s	reach	voices	reach	voice	0.0		USF:absent-both-directions	no	yes	yes	yes	no	
CAND_PLAUS_002174	plus	candidate_pending_human_review			incongruent	0	Last week they reached four voices	simple_past	reached	voices	reach	voice	0.0		USF:absent-both-directions	no	yes	yes	yes	no	
CAND_PLAUS_002175	plus	candidate_pending_human_review			incongruent	0	She is reaching five voices	be_progressive	reaching	voices	reach	voice	0.0		USF:absent-both-directions	no	yes	yes	yes	no	
CAND_PLAUS_002176	plus	candidate_pending_human_review			incongruent	0	She does not reach five voices	do_negation	reach	voices	reach	voice	0.0		USF:absent-both-directions	no	yes	yes	yes	no	
CAND_PLAUS_002177	plus	candidate_pending_human_review			incongruent	0	Every day she reaches five voices	present_3s	reaches	voices	reach	voice	0.0		USF:absent-both-directions	no	yes	yes	yes	no	
CAND_PLAUS_002178	plus	candidate_pending_human_review			incongruent	0	Last week she reached five voices	simple_past	reached	voices	reach	voice	0.0		USF:absent-both-directions	no	yes	yes	yes	no	
CAND_PLAUS_002179	plus	candidate_pending_human_review			incongruent	0	He is reaching five voices	be_progressive	reaching	voices	reach	voice	0.0		USF:absent-both-directions	no	yes	yes	yes	no	
CAND_PLAUS_002180	plus	candidate_pending_human_review			incongruent	0	He does not reach five voices	do_negation	reach	voices	reach	voice	0.0		USF:absent-both-directions	no	yes	yes	yes	no	
CAND_PLAUS_002181	plus	candidate_pending_human_review			incongruent	0	Every day he reaches five voices	present_3s	reaches	voices	reach	voice	0.0		USF:absent-both-directions	no	yes	yes	yes	no	
CAND_PLAUS_002182	plus	candidate_pending_human_review			incongruent	0	Last week he reached five voices	simple_past	reached	voices	reach	voice	0.0		USF:absent-both-directions	no	yes	yes	yes	no	
CAND_PLAUS_002183	plus	candidate_pending_human_review			incongruent	0	They are reaching five voices	be_progressive	reaching	voices	reach	voice	0.0		USF:absent-both-directions	no	yes	yes	yes	no	
CAND_PLAUS_002184	plus	candidate_pending_human_review			incongruent	0	They do not reach five voices	do_negation	reach	voices	reach	voice	0.0		USF:absent-both-directions	no	yes	yes	yes	no	
CAND_PLAUS_002185	plus	candidate_pending_human_review			incongruent	0	Every day they reach five voices	present_3s	reach	voices	reach	voice	0.0		USF:absent-both-directions	no	yes	yes	yes	no	
CAND_PLAUS_002186	plus	candidate_pending_human_review			incongruent	0	Last week they reached five voices	simple_past	reached	voices	reach	voice	0.0		USF:absent-both-directions	no	yes	yes	yes	no	
CAND_PLAUS_002187	plus	candidate_pending_human_review			incongruent	0	She is reaching six voices	be_progressive	reaching	voices	reach	voice	0.0		USF:absent-both-directions	no	yes	yes	yes	no	
CAND_PLAUS_002188	plus	candidate_pending_human_review			incongruent	0	She does not reach six voices	do_negation	reach	voices	reach	voice	0.0		USF:absent-both-directions	no	yes	yes	yes	no	
CAND_PLAUS_002189	plus	candidate_pending_human_review			incongruent	0	Every day she reaches six voices	present_3s	reaches	voices	reach	voice	0.0		USF:absent-both-directions	no	yes	yes	yes	no	
CAND_PLAUS_002190	plus	candidate_pending_human_review			incongruent	0	Last week she reached six voices	simple_past	reached	voices	reach	voice	0.0		USF:absent-both-directions	no	yes	yes	yes	no	
CAND_PLAUS_002191	plus	candidate_pending_human_review			incongruent	0	He is reaching six voices	be_progressive	reaching	voices	reach	voice	0.0		USF:absent-both-directions	no	yes	yes	yes	no	
CAND_PLAUS_002192	plus	candidate_pending_human_review			incongruent	0	He does not reach six voices	do_negation	reach	voices	reach	voice	0.0		USF:absent-both-directions	no	yes	yes	yes	no	
CAND_PLAUS_002193	plus	candidate_pending_human_review			incongruent	0	Every day he reaches six voices	present_3s	reaches	voices	reach	voice	0.0		USF:absent-both-directions	no	yes	yes	yes	no	
CAND_PLAUS_002194	plus	candidate_pending_human_review			incongruent	0	Last week he reached six voices	simple_past	reached	voices	reach	voice	0.0		USF:absent-both-directions	no	yes	yes	yes	no	
CAND_PLAUS_002195	plus	candidate_pending_human_review			incongruent	0	They are reaching six voices	be_progressive	reaching	voices	reach	voice	0.0		USF:absent-both-directions	no	yes	yes	yes	no	
CAND_PLAUS_002196	plus	candidate_pending_human_review			incongruent	0	They do not reach six voices	do_negation	reach	voices	reach	voice	0.0		USF:absent-both-directions	no	yes	yes	yes	no	
CAND_PLAUS_002197	plus	candidate_pending_human_review			incongruent	0	Every day they reach six voices	present_3s	reach	voices	reach	voice	0.0		USF:absent-both-directions	no	yes	yes	yes	no	
CAND_PLAUS_002198	plus	candidate_pending_human_review			incongruent	0	Last week they reached six voices	simple_past	reached	voices	reach	voice	0.0		USF:absent-both-directions	no	yes	yes	yes	no	
CAND_PLAUS_002199	plus	candidate_pending_human_review			incongruent	0	She is destroying one side	be_progressive	destroying	side	destroy	side	0.0		USF:absent-both-directions	no	yes	yes	yes	no	
CAND_PLAUS_002200	plus	candidate_pending_human_review			incongruent	0	She does not destroy one side	do_negation	destroy	side	destroy	side	0.0		USF:absent-both-directions	no	yes	yes	yes	no	
CAND_PLAUS_002201	plus	candidate_pending_human_review			incongruent	0	Every day she destroys one side	present_3s	destroys	side	destroy	side	0.0		USF:absent-both-directions	no	yes	yes	yes	no	
CAND_PLAUS_002202	plus	candidate_pending_human_review			incongruent	0	Last week she destroyed one side	simple_past	destroyed	side	destroy	side	0.0		USF:absent-both-directions	no	yes	yes	yes	no	
CAND_PLAUS_002203	plus	candidate_pending_human_review			incongruent	0	He is destroying one side	be_progressive	destroying	side	destroy	side	0.0		USF:absent-both-directions	no	yes	yes	yes	no	
CAND_PLAUS_002204	plus	candidate_pending_human_review			incongruent	0	He does not destroy one side	do_negation	destroy	side	destroy	side	0.0		USF:absent-both-directions	no	yes	yes	yes	no	
CAND_PLAUS_002205	plus	candidate_pending_human_review			incongruent	0	Every day he destroys one side	present_3s	destroys	side	destroy	side	0.0		USF:absent-both-directions	no	yes	yes	yes	no	
CAND_PLAUS_002206	plus	candidate_pending_human_review			incongruent	0	Last week he destroyed one side	simple_past	destroyed	side	destroy	side	0.0		USF:absent-both-directions	no	yes	yes	yes	no	
CAND_PLAUS_002207	plus	candidate_pending_human_review			incongruent	0	They are destroying one side	be_progressive	destroying	side	destroy	side	0.0		USF:absent-both-directions	no	yes	yes	yes	no	
CAND_PLAUS_002208	plus	candidate_pending_human_review			incongruent	0	They do not destroy one side	do_negation	destroy	side	destroy	side	0.0		USF:absent-both-directions	no	yes	yes	yes	no	
CAND_PLAUS_002209	plus	candidate_pending_human_review			incongruent	0	Every day they destroy one side	present_3s	destroy	side	destroy	side	0.0		USF:absent-both-directions	no	yes	yes	yes	no	
CAND_PLAUS_002210	plus	candidate_pending_human_review			incongruent	0	Last week they destroyed one side	simple_past	destroyed	side	destroy	side	0.0		USF:absent-both-directions	no	yes	yes	yes	no	
CAND_PLAUS_002211	plus	candidate_pending_human_review			incongruent	0	She is destroying two sides	be_progressive	destroying	sides	destroy	side	0.0		USF:absent-both-directions	no	yes	yes	yes	no	
CAND_PLAUS_002212	plus	candidate_pending_human_review			incongruent	0	She does not destroy two sides	do_negation	destroy	sides	destroy	side	0.0		USF:absent-both-directions	no	yes	yes	yes	no	
CAND_PLAUS_002213	plus	candidate_pending_human_review			incongruent	0	Every day she destroys two sides	present_3s	destroys	sides	destroy	side	0.0		USF:absent-both-directions	no	yes	yes	yes	no	
CAND_PLAUS_002214	plus	candidate_pending_human_review			incongruent	0	Last week she destroyed two sides	simple_past	destroyed	sides	destroy	side	0.0		USF:absent-both-directions	no	yes	yes	yes	no	
CAND_PLAUS_002215	plus	candidate_pending_human_review			incongruent	0	He is destroying two sides	be_progressive	destroying	sides	destroy	side	0.0		USF:absent-both-directions	no	yes	yes	yes	no	
CAND_PLAUS_002216	plus	candidate_pending_human_review			incongruent	0	He does not destroy two sides	do_negation	destroy	sides	destroy	side	0.0		USF:absent-both-directions	no	yes	yes	yes	no	
CAND_PLAUS_002217	plus	candidate_pending_human_review			incongruent	0	Every day he destroys two sides	present_3s	destroys	sides	destroy	side	0.0		USF:absent-both-directions	no	yes	yes	yes	no	
CAND_PLAUS_002218	plus	candidate_pending_human_review			incongruent	0	Last week he destroyed two sides	simple_past	destroyed	sides	destroy	side	0.0		USF:absent-both-directions	no	yes	yes	yes	no	
CAND_PLAUS_002219	plus	candidate_pending_human_review			incongruent	0	They are destroying two sides	be_progressive	destroying	sides	destroy	side	0.0		USF:absent-both-directions	no	yes	yes	yes	no	
CAND_PLAUS_002220	plus	candidate_pending_human_review			incongruent	0	They do not destroy two sides	do_negation	destroy	sides	destroy	side	0.0		USF:absent-both-directions	no	yes	yes	yes	no	
CAND_PLAUS_002221	plus	candidate_pending_human_review			incongruent	0	Every day they destroy two sides	present_3s	destroy	sides	destroy	side	0.0		USF:absent-both-directions	no	yes	yes	yes	no	
CAND_PLAUS_002222	plus	candidate_pending_human_review			incongruent	0	Last week they destroyed two sides	simple_past	destroyed	sides	destroy	side	0.0		USF:absent-both-directions	no	yes	yes	yes	no	
CAND_PLAUS_002223	plus	candidate_pending_human_review			incongruent	0	She is destroying three sides	be_progressive	destroying	sides	destroy	side	0.0		USF:absent-both-directions	no	yes	yes	yes	no	
CAND_PLAUS_002224	plus	candidate_pending_human_review			incongruent	0	She does not destroy three sides	do_negation	destroy	sides	destroy	side	0.0		USF:absent-both-directions	no	yes	yes	yes	no	
CAND_PLAUS_002225	plus	candidate_pending_human_review			incongruent	0	Every day she destroys three sides	present_3s	destroys	sides	destroy	side	0.0		USF:absent-both-directions	no	yes	yes	yes	no	
CAND_PLAUS_002226	plus	candidate_pending_human_review			incongruent	0	Last week she destroyed three sides	simple_past	destroyed	sides	destroy	side	0.0		USF:absent-both-directions	no	yes	yes	yes	no	
CAND_PLAUS_002227	plus	candidate_pending_human_review			incongruent	0	He is destroying three sides	be_progressive	destroying	sides	destroy	side	0.0		USF:absent-both-directions	no	yes	yes	yes	no	
CAND_PLAUS_002228	plus	candidate_pending_human_review			incongruent	0	He does not destroy three sides	do_negation	destroy	sides	destroy	side	0.0		USF:absent-both-directions	no	yes	yes	yes	no	
CAND_PLAUS_002229	plus	candidate_pending_human_review			incongruent	0	Every day he destroys three sides	present_3s	destroys	sides	destroy	side	0.0		USF:absent-both-directions	no	yes	yes	yes	no	
CAND_PLAUS_002230	plus	candidate_pending_human_review			incongruent	0	Last week he destroyed three sides	simple_past	destroyed	sides	destroy	side	0.0		USF:absent-both-directions	no	yes	yes	yes	no	
CAND_PLAUS_002231	plus	candidate_pending_human_review			incongruent	0	They are destroying three sides	be_progressive	destroying	sides	destroy	side	0.0		USF:absent-both-directions	no	yes	yes	yes	no	
CAND_PLAUS_002232	plus	candidate_pending_human_review			incongruent	0	They do not destroy three sides	do_negation	destroy	sides	destroy	side	0.0		USF:absent-both-directions	no	yes	yes	yes	no	
CAND_PLAUS_002233	plus	candidate_pending_human_review			incongruent	0	Every day they destroy three sides	present_3s	destroy	sides	destroy	side	0.0		USF:absent-both-directions	no	yes	yes	yes	no	
CAND_PLAUS_002234	plus	candidate_pending_human_review			incongruent	0	Last week they destroyed three sides	simple_past	destroyed	sides	destroy	side	0.0		USF:absent-both-directions	no	yes	yes	yes	no	
CAND_PLAUS_002235	plus	candidate_pending_human_review			incongruent	0	She is destroying four sides	be_progressive	destroying	sides	destroy	side	0.0		USF:absent-both-directions	no	yes	yes	yes	no	
CAND_PLAUS_002236	plus	candidate_pending_human_review			incongruent	0	She does not destroy four sides	do_negation	destroy	sides	destroy	side	0.0		USF:absent-both-directions	no	yes	yes	yes	no	
CAND_PLAUS_002237	plus	candidate_pending_human_review			incongruent	0	Every day she destroys four sides	present_3s	destroys	sides	destroy	side	0.0		USF:absent-both-directions	no	yes	yes	yes	no	
CAND_PLAUS_002238	plus	candidate_pending_human_review			incongruent	0	Last week she destroyed four sides	simple_past	destroyed	sides	destroy	side	0.0		USF:absent-both-directions	no	yes	yes	yes	no	
CAND_PLAUS_002239	plus	candidate_pending_human_review			incongruent	0	He is destroying four sides	be_progressive	destroying	sides	destroy	side	0.0		USF:absent-both-directions	no	yes	yes	yes	no	
CAND_PLAUS_002240	plus	candidate_pending_human_review			incongruent	0	He does not destroy four sides	do_negation	destroy	sides	destroy	side	0.0		USF:absent-both-directions	no	yes	yes	yes	no	
CAND_PLAUS_002241	plus	candidate_pending_human_review			incongruent	0	Every day he destroys four sides	present_3s	destroys	sides	destroy	side	0.0		USF:absent-both-directions	no	yes	yes	yes	no	
CAND_PLAUS_002242	plus	candidate_pending_human_review			incongruent	0	Last week he destroyed four sides	simple_past	destroyed	sides	destroy	side	0.0		USF:absent-both-directions	no	yes	yes	yes	no	
CAND_PLAUS_002243	plus	candidate_pending_human_review			incongruent	0	They are destroying four sides	be_progressive	destroying	sides	destroy	side	0.0		USF:absent-both-directions	no	yes	yes	yes	no	
CAND_PLAUS_002244	plus	candidate_pending_human_review			incongruent	0	They do not destroy four sides	do_negation	destroy	sides	destroy	side	0.0		USF:absent-both-directions	no	yes	yes	yes	no	
CAND_PLAUS_002245	plus	candidate_pending_human_review			incongruent	0	Every day they destroy four sides	present_3s	destroy	sides	destroy	side	0.0		USF:absent-both-directions	no	yes	yes	yes	no	
CAND_PLAUS_002246	plus	candidate_pending_human_review			incongruent	0	Last week they destroyed four sides	simple_past	destroyed	sides	destroy	side	0.0		USF:absent-both-directions	no	yes	yes	yes	no	
CAND_PLAUS_002247	plus	candidate_pending_human_review			incongruent	0	She is destroying five sides	be_progressive	destroying	sides	destroy	side	0.0		USF:absent-both-directions	no	yes	yes	yes	no	
CAND_PLAUS_002248	plus	candidate_pending_human_review			incongruent	0	She does not destroy five sides	do_negation	destroy	sides	destroy	side	0.0		USF:absent-both-directions	no	yes	yes	yes	no	
CAND_PLAUS_002249	plus	candidate_pending_human_review			incongruent	0	Every day she destroys five sides	present_3s	destroys	sides	destroy	side	0.0		USF:absent-both-directions	no	yes	yes	yes	no	
CAND_PLAUS_002250	plus	candidate_pending_human_review			incongruent	0	Last week she destroyed five sides	simple_past	destroyed	sides	destroy	side	0.0		USF:absent-both-directions	no	yes	yes	yes	no	
CAND_PLAUS_002251	plus	candidate_pending_human_review			incongruent	0	He is destroying five sides	be_progressive	destroying	sides	destroy	side	0.0		USF:absent-both-directions	no	yes	yes	yes	no	
CAND_PLAUS_002252	plus	candidate_pending_human_review			incongruent	0	He does not destroy five sides	do_negation	destroy	sides	destroy	side	0.0		USF:absent-both-directions	no	yes	yes	yes	no	
CAND_PLAUS_002253	plus	candidate_pending_human_review			incongruent	0	Every day he destroys five sides	present_3s	destroys	sides	destroy	side	0.0		USF:absent-both-directions	no	yes	yes	yes	no	
CAND_PLAUS_002254	plus	candidate_pending_human_review			incongruent	0	Last week he destroyed five sides	simple_past	destroyed	sides	destroy	side	0.0		USF:absent-both-directions	no	yes	yes	yes	no	
CAND_PLAUS_002255	plus	candidate_pending_human_review			incongruent	0	They are destroying five sides	be_progressive	destroying	sides	destroy	side	0.0		USF:absent-both-directions	no	yes	yes	yes	no	
CAND_PLAUS_002256	plus	candidate_pending_human_review			incongruent	0	They do not destroy five sides	do_negation	destroy	sides	destroy	side	0.0		USF:absent-both-directions	no	yes	yes	yes	no	
CAND_PLAUS_002257	plus	candidate_pending_human_review			incongruent	0	Every day they destroy five sides	present_3s	destroy	sides	destroy	side	0.0		USF:absent-both-directions	no	yes	yes	yes	no	
CAND_PLAUS_002258	plus	candidate_pending_human_review			incongruent	0	Last week they destroyed five sides	simple_past	destroyed	sides	destroy	side	0.0		USF:absent-both-directions	no	yes	yes	yes	no	
CAND_PLAUS_002259	plus	candidate_pending_human_review			incongruent	0	She is destroying six sides	be_progressive	destroying	sides	destroy	side	0.0		USF:absent-both-directions	no	yes	yes	yes	no	
CAND_PLAUS_002260	plus	candidate_pending_human_review			incongruent	0	She does not destroy six sides	do_negation	destroy	sides	destroy	side	0.0		USF:absent-both-directions	no	yes	yes	yes	no	
CAND_PLAUS_002261	plus	candidate_pending_human_review			incongruent	0	Every day she destroys six sides	present_3s	destroys	sides	destroy	side	0.0		USF:absent-both-directions	no	yes	yes	yes	no	
CAND_PLAUS_002262	plus	candidate_pending_human_review			incongruent	0	Last week she destroyed six sides	simple_past	destroyed	sides	destroy	side	0.0		USF:absent-both-directions	no	yes	yes	yes	no	
CAND_PLAUS_002263	plus	candidate_pending_human_review			incongruent	0	He is destroying six sides	be_progressive	destroying	sides	destroy	side	0.0		USF:absent-both-directions	no	yes	yes	yes	no	
CAND_PLAUS_002264	plus	candidate_pending_human_review			incongruent	0	He does not destroy six sides	do_negation	destroy	sides	destroy	side	0.0		USF:absent-both-directions	no	yes	yes	yes	no	
CAND_PLAUS_002265	plus	candidate_pending_human_review			incongruent	0	Every day he destroys six sides	present_3s	destroys	sides	destroy	side	0.0		USF:absent-both-directions	no	yes	yes	yes	no	
CAND_PLAUS_002266	plus	candidate_pending_human_review			incongruent	0	Last week he destroyed six sides	simple_past	destroyed	sides	destroy	side	0.0		USF:absent-both-directions	no	yes	yes	yes	no	
CAND_PLAUS_002267	plus	candidate_pending_human_review			incongruent	0	They are destroying six sides	be_progressive	destroying	sides	destroy	side	0.0		USF:absent-both-directions	no	yes	yes	yes	no	
CAND_PLAUS_002268	plus	candidate_pending_human_review			incongruent	0	They do not destroy six sides	do_negation	destroy	sides	destroy	side	0.0		USF:absent-both-directions	no	yes	yes	yes	no	
CAND_PLAUS_002269	plus	candidate_pending_human_review			incongruent	0	Every day they destroy six sides	present_3s	destroy	sides	destroy	side	0.0		USF:absent-both-directions	no	yes	yes	yes	no	
CAND_PLAUS_002270	plus	candidate_pending_human_review			incongruent	0	Last week they destroyed six sides	simple_past	destroyed	sides	destroy	side	0.0		USF:absent-both-directions	no	yes	yes	yes	no	
CAND_PLAUS_002271	plus	candidate_pending_human_review			incongruent	0	She is greeting one army	be_progressive	greeting	army	greet	army	0.0		USF:absent-both-directions	no	yes	yes	yes	no	
CAND_PLAUS_002272	plus	candidate_pending_human_review			incongruent	0	She does not greet one army	do_negation	greet	army	greet	army	0.0		USF:absent-both-directions	no	yes	yes	yes	no	
CAND_PLAUS_002273	plus	candidate_pending_human_review			incongruent	0	Every day she greets one army	present_3s	greets	army	greet	army	0.0		USF:absent-both-directions	no	yes	yes	yes	no	
CAND_PLAUS_002274	plus	candidate_pending_human_review			incongruent	0	Last week she greeted one army	simple_past	greeted	army	greet	army	0.0		USF:absent-both-directions	no	yes	yes	yes	no	
CAND_PLAUS_002275	plus	candidate_pending_human_review			incongruent	0	He is greeting one army	be_progressive	greeting	army	greet	army	0.0		USF:absent-both-directions	no	yes	yes	yes	no	
CAND_PLAUS_002276	plus	candidate_pending_human_review			incongruent	0	He does not greet one army	do_negation	greet	army	greet	army	0.0		USF:absent-both-directions	no	yes	yes	yes	no	
CAND_PLAUS_002277	plus	candidate_pending_human_review			incongruent	0	Every day he greets one army	present_3s	greets	army	greet	army	0.0		USF:absent-both-directions	no	yes	yes	yes	no	
CAND_PLAUS_002278	plus	candidate_pending_human_review			incongruent	0	Last week he greeted one army	simple_past	greeted	army	greet	army	0.0		USF:absent-both-directions	no	yes	yes	yes	no	
CAND_PLAUS_002279	plus	candidate_pending_human_review			incongruent	0	They are greeting one army	be_progressive	greeting	army	greet	army	0.0		USF:absent-both-directions	no	yes	yes	yes	no	
CAND_PLAUS_002280	plus	candidate_pending_human_review			incongruent	0	They do not greet one army	do_negation	greet	army	greet	army	0.0		USF:absent-both-directions	no	yes	yes	yes	no	
CAND_PLAUS_002281	plus	candidate_pending_human_review			incongruent	0	Every day they greet one army	present_3s	greet	army	greet	army	0.0		USF:absent-both-directions	no	yes	yes	yes	no	
CAND_PLAUS_002282	plus	candidate_pending_human_review			incongruent	0	Last week they greeted one army	simple_past	greeted	army	greet	army	0.0		USF:absent-both-directions	no	yes	yes	yes	no	
CAND_PLAUS_002283	plus	candidate_pending_human_review			incongruent	0	She is greeting two armies	be_progressive	greeting	armies	greet	army	0.0		USF:absent-both-directions	no	yes	yes	yes	no	
CAND_PLAUS_002284	plus	candidate_pending_human_review			incongruent	0	She does not greet two armies	do_negation	greet	armies	greet	army	0.0		USF:absent-both-directions	no	yes	yes	yes	no	
CAND_PLAUS_002285	plus	candidate_pending_human_review			incongruent	0	Every day she greets two armies	present_3s	greets	armies	greet	army	0.0		USF:absent-both-directions	no	yes	yes	yes	no	
CAND_PLAUS_002286	plus	candidate_pending_human_review			incongruent	0	Last week she greeted two armies	simple_past	greeted	armies	greet	army	0.0		USF:absent-both-directions	no	yes	yes	yes	no	
CAND_PLAUS_002287	plus	candidate_pending_human_review			incongruent	0	He is greeting two armies	be_progressive	greeting	armies	greet	army	0.0		USF:absent-both-directions	no	yes	yes	yes	no	
CAND_PLAUS_002288	plus	candidate_pending_human_review			incongruent	0	He does not greet two armies	do_negation	greet	armies	greet	army	0.0		USF:absent-both-directions	no	yes	yes	yes	no	
CAND_PLAUS_002289	plus	candidate_pending_human_review			incongruent	0	Every day he greets two armies	present_3s	greets	armies	greet	army	0.0		USF:absent-both-directions	no	yes	yes	yes	no	
CAND_PLAUS_002290	plus	candidate_pending_human_review			incongruent	0	Last week he greeted two armies	simple_past	greeted	armies	greet	army	0.0		USF:absent-both-directions	no	yes	yes	yes	no	
CAND_PLAUS_002291	plus	candidate_pending_human_review			incongruent	0	They are greeting two armies	be_progressive	greeting	armies	greet	army	0.0		USF:absent-both-directions	no	yes	yes	yes	no	
CAND_PLAUS_002292	plus	candidate_pending_human_review			incongruent	0	They do not greet two armies	do_negation	greet	armies	greet	army	0.0		USF:absent-both-directions	no	yes	yes	yes	no	
CAND_PLAUS_002293	plus	candidate_pending_human_review			incongruent	0	Every day they greet two armies	present_3s	greet	armies	greet	army	0.0		USF:absent-both-directions	no	yes	yes	yes	no	
CAND_PLAUS_002294	plus	candidate_pending_human_review			incongruent	0	Last week they greeted two armies	simple_past	greeted	armies	greet	army	0.0		USF:absent-both-directions	no	yes	yes	yes	no	
CAND_PLAUS_002295	plus	candidate_pending_human_review			incongruent	0	She is greeting three armies	be_progressive	greeting	armies	greet	army	0.0		USF:absent-both-directions	no	yes	yes	yes	no	
CAND_PLAUS_002296	plus	candidate_pending_human_review			incongruent	0	She does not greet three armies	do_negation	greet	armies	greet	army	0.0		USF:absent-both-directions	no	yes	yes	yes	no	
CAND_PLAUS_002297	plus	candidate_pending_human_review			incongruent	0	Every day she greets three armies	present_3s	greets	armies	greet	army	0.0		USF:absent-both-directions	no	yes	yes	yes	no	
CAND_PLAUS_002298	plus	candidate_pending_human_review			incongruent	0	Last week she greeted three armies	simple_past	greeted	armies	greet	army	0.0		USF:absent-both-directions	no	yes	yes	yes	no	
CAND_PLAUS_002299	plus	candidate_pending_human_review			incongruent	0	He is greeting three armies	be_progressive	greeting	armies	greet	army	0.0		USF:absent-both-directions	no	yes	yes	yes	no	
CAND_PLAUS_002300	plus	candidate_pending_human_review			incongruent	0	He does not greet three armies	do_negation	greet	armies	greet	army	0.0		USF:absent-both-directions	no	yes	yes	yes	no	
CAND_PLAUS_002301	plus	candidate_pending_human_review			incongruent	0	Every day he greets three armies	present_3s	greets	armies	greet	army	0.0		USF:absent-both-directions	no	yes	yes	yes	no	
CAND_PLAUS_002302	plus	candidate_pending_human_review			incongruent	0	Last week he greeted three armies	simple_past	greeted	armies	greet	army	0.0		USF:absent-both-directions	no	yes	yes	yes	no	
CAND_PLAUS_002303	plus	candidate_pending_human_review			incongruent	0	They are greeting three armies	be_progressive	greeting	armies	greet	army	0.0		USF:absent-both-directions	no	yes	yes	yes	no	
CAND_PLAUS_002304	plus	candidate_pending_human_review			incongruent	0	They do not greet three armies	do_negation	greet	armies	greet	army	0.0		USF:absent-both-directions	no	yes	yes	yes	no	
CAND_PLAUS_002305	plus	candidate_pending_human_review			incongruent	0	Every day they greet three armies	present_3s	greet	armies	greet	army	0.0		USF:absent-both-directions	no	yes	yes	yes	no	
CAND_PLAUS_002306	plus	candidate_pending_human_review			incongruent	0	Last week they greeted three armies	simple_past	greeted	armies	greet	army	0.0		USF:absent-both-directions	no	yes	yes	yes	no	
CAND_PLAUS_002307	plus	candidate_pending_human_review			incongruent	0	She is greeting four armies	be_progressive	greeting	armies	greet	army	0.0		USF:absent-both-directions	no	yes	yes	yes	no	
CAND_PLAUS_002308	plus	candidate_pending_human_review			incongruent	0	She does not greet four armies	do_negation	greet	armies	greet	army	0.0		USF:absent-both-directions	no	yes	yes	yes	no	
CAND_PLAUS_002309	plus	candidate_pending_human_review			incongruent	0	Every day she greets four armies	present_3s	greets	armies	greet	army	0.0		USF:absent-both-directions	no	yes	yes	yes	no	
CAND_PLAUS_002310	plus	candidate_pending_human_review			incongruent	0	Last week she greeted four armies	simple_past	greeted	armies	greet	army	0.0		USF:absent-both-directions	no	yes	yes	yes	no	
CAND_PLAUS_002311	plus	candidate_pending_human_review			incongruent	0	He is greeting four armies	be_progressive	greeting	armies	greet	army	0.0		USF:absent-both-directions	no	yes	yes	yes	no	
CAND_PLAUS_002312	plus	candidate_pending_human_review			incongruent	0	He does not greet four armies	do_negation	greet	armies	greet	army	0.0		USF:absent-both-directions	no	yes	yes	yes	no	
CAND_PLAUS_002313	plus	candidate_pending_human_review			incongruent	0	Every day he greets four armies	present_3s	greets	armies	greet	army	0.0		USF:absent-both-directions	no	yes	yes	yes	no	
CAND_PLAUS_002314	plus	candidate_pending_human_review			incongruent	0	Last week he greeted four armies	simple_past	greeted	armies	greet	army	0.0		USF:absent-both-directions	no	yes	yes	yes	no	
CAND_PLAUS_002315	plus	candidate_pending_human_review			incongruent	0	They are greeting four armies	be_progressive	greeting	armies	greet	army	0.0		USF:absent-both-directions	no	yes	yes	yes	no	
CAND_PLAUS_002316	plus	candidate_pending_human_review			incongruent	0	They do not greet four armies	do_negation	greet	armies	greet	army	0.0		USF:absent-both-directions	no	yes	yes	yes	no	
CAND_PLAUS_002317	plus	candidate_pending_human_review			incongruent	0	Every day they greet four armies	present_3s	greet	armies	greet	army	0.0		USF:absent-both-directions	no	yes	yes	yes	no	
CAND_PLAUS_002318	plus	candidate_pending_human_review			incongruent	0	Last week they greeted four armies	simple_past	greeted	armies	greet	army	0.0		USF:absent-both-directions	no	yes	yes	yes	no	
CAND_PLAUS_002319	plus	candidate_pending_human_review			incongruent	0	She is greeting five armies	be_progressive	greeting	armies	greet	army	0.0		USF:absent-both-directions	no	yes	yes	yes	no	
CAND_PLAUS_002320	plus	candidate_pending_human_review			incongruent	0	She does not greet five armies	do_negation	greet	armies	greet	army	0.0		USF:absent-both-directions	no	yes	yes	yes	no	
CAND_PLAUS_002321	plus	candidate_pending_human_review			incongruent	0	Every day she greets five armies	present_3s	greets	armies	greet	army	0.0		USF:absent-both-directions	no	yes	yes	yes	no	
CAND_PLAUS_002322	plus	candidate_pending_human_review			incongruent	0	Last week she greeted five armies	simple_past	greeted	armies	greet	army	0.0		USF:absent-both-directions	no	yes	yes	yes	no	
CAND_PLAUS_002323	plus	candidate_pending_human_review			incongruent	0	He is greeting five armies	be_progressive	greeting	armies	greet	army	0.0		USF:absent-both-directions	no	yes	yes	yes	no	
CAND_PLAUS_002324	plus	candidate_pending_human_review			incongruent	0	He does not greet five armies	do_negation	greet	armies	greet	army	0.0		USF:absent-both-directions	no	yes	yes	yes	no	
CAND_PLAUS_002325	plus	candidate_pending_human_review			incongruent	0	Every day he greets five armies	present_3s	greets	armies	greet	army	0.0		USF:absent-both-directions	no	yes	yes	yes	no	
CAND_PLAUS_002326	plus	candidate_pending_human_review			incongruent	0	Last week he greeted five armies	simple_past	greeted	armies	greet	army	0.0		USF:absent-both-directions	no	yes	yes	yes	no	
CAND_PLAUS_002327	plus	candidate_pending_human_review			incongruent	0	They are greeting five armies	be_progressive	greeting	armies	greet	army	0.0		USF:absent-both-directions	no	yes	yes	yes	no	
CAND_PLAUS_002328	plus	candidate_pending_human_review			incongruent	0	They do not greet five armies	do_negation	greet	armies	greet	army	0.0		USF:absent-both-directions	no	yes	yes	yes	no	
CAND_PLAUS_002329	plus	candidate_pending_human_review			incongruent	0	Every day they greet five armies	present_3s	greet	armies	greet	army	0.0		USF:absent-both-directions	no	yes	yes	yes	no	
CAND_PLAUS_002330	plus	candidate_pending_human_review			incongruent	0	Last week they greeted five armies	simple_past	greeted	armies	greet	army	0.0		USF:absent-both-directions	no	yes	yes	yes	no	
CAND_PLAUS_002331	plus	candidate_pending_human_review			incongruent	0	She is greeting six armies	be_progressive	greeting	armies	greet	army	0.0		USF:absent-both-directions	no	yes	yes	yes	no	
CAND_PLAUS_002332	plus	candidate_pending_human_review			incongruent	0	She does not greet six armies	do_negation	greet	armies	greet	army	0.0		USF:absent-both-directions	no	yes	yes	yes	no	
CAND_PLAUS_002333	plus	candidate_pending_human_review			incongruent	0	Every day she greets six armies	present_3s	greets	armies	greet	army	0.0		USF:absent-both-directions	no	yes	yes	yes	no	
CAND_PLAUS_002334	plus	candidate_pending_human_review			incongruent	0	Last week she greeted six armies	simple_past	greeted	armies	greet	army	0.0		USF:absent-both-directions	no	yes	yes	yes	no	
CAND_PLAUS_002335	plus	candidate_pending_human_review			incongruent	0	He is greeting six armies	be_progressive	greeting	armies	greet	army	0.0		USF:absent-both-directions	no	yes	yes	yes	no	
CAND_PLAUS_002336	plus	candidate_pending_human_review			incongruent	0	He does not greet six armies	do_negation	greet	armies	greet	army	0.0		USF:absent-both-directions	no	yes	yes	yes	no	
CAND_PLAUS_002337	plus	candidate_pending_human_review			incongruent	0	Every day he greets six armies	present_3s	greets	armies	greet	army	0.0		USF:absent-both-directions	no	yes	yes	yes	no	
CAND_PLAUS_002338	plus	candidate_pending_human_review			incongruent	0	Last week he greeted six armies	simple_past	greeted	armies	greet	army	0.0		USF:absent-both-directions	no	yes	yes	yes	no	
CAND_PLAUS_002339	plus	candidate_pending_human_review			incongruent	0	They are greeting six armies	be_progressive	greeting	armies	greet	army	0.0		USF:absent-both-directions	no	yes	yes	yes	no	
CAND_PLAUS_002340	plus	candidate_pending_human_review			incongruent	0	They do not greet six armies	do_negation	greet	armies	greet	army	0.0		USF:absent-both-directions	no	yes	yes	yes	no	
CAND_PLAUS_002341	plus	candidate_pending_human_review			incongruent	0	Every day they greet six armies	present_3s	greet	armies	greet	army	0.0		USF:absent-both-directions	no	yes	yes	yes	no	
CAND_PLAUS_002342	plus	candidate_pending_human_review			incongruent	0	Last week they greeted six armies	simple_past	greeted	armies	greet	army	0.0		USF:absent-both-directions	no	yes	yes	yes	no	
CAND_PLAUS_002343	plus	candidate_pending_human_review			incongruent	0	She is rubbing one mud	be_progressive	rubbing	mud	rub	mud	0.0		USF:absent-both-directions	no	yes	yes	yes	no	
CAND_PLAUS_002344	plus	candidate_pending_human_review			incongruent	0	She does not rub one mud	do_negation	rub	mud	rub	mud	0.0		USF:absent-both-directions	no	yes	yes	yes	no	
CAND_PLAUS_002345	plus	candidate_pending_human_review			incongruent	0	Every day she rubs one mud	present_3s	rubs	mud	rub	mud	0.0		USF:absent-both-directions	no	yes	yes	yes	no	
CAND_PLAUS_002346	plus	candidate_pending_human_review			incongruent	0	Last week she rubbed one mud	simple_past	rubbed	mud	rub	mud	0.0		USF:absent-both-directions	no	yes	yes	yes	no	
CAND_PLAUS_002347	plus	candidate_pending_human_review			incongruent	0	He is rubbing one mud	be_progressive	rubbing	mud	rub	mud	0.0		USF:absent-both-directions	no	yes	yes	yes	no	
CAND_PLAUS_002348	plus	candidate_pending_human_review			incongruent	0	He does not rub one mud	do_negation	rub	mud	rub	mud	0.0		USF:absent-both-directions	no	yes	yes	yes	no	
CAND_PLAUS_002349	plus	candidate_pending_human_review			incongruent	0	Every day he rubs one mud	present_3s	rubs	mud	rub	mud	0.0		USF:absent-both-directions	no	yes	yes	yes	no	
CAND_PLAUS_002350	plus	candidate_pending_human_review			incongruent	0	Last week he rubbed one mud	simple_past	rubbed	mud	rub	mud	0.0		USF:absent-both-directions	no	yes	yes	yes	no	
CAND_PLAUS_002351	plus	candidate_pending_human_review			incongruent	0	They are rubbing one mud	be_progressive	rubbing	mud	rub	mud	0.0		USF:absent-both-directions	no	yes	yes	yes	no	
CAND_PLAUS_002352	plus	candidate_pending_human_review			incongruent	0	They do not rub one mud	do_negation	rub	mud	rub	mud	0.0		USF:absent-both-directions	no	yes	yes	yes	no	
CAND_PLAUS_002353	plus	candidate_pending_human_review			incongruent	0	Every day they rub one mud	present_3s	rub	mud	rub	mud	0.0		USF:absent-both-directions	no	yes	yes	yes	no	
CAND_PLAUS_002354	plus	candidate_pending_human_review			incongruent	0	Last week they rubbed one mud	simple_past	rubbed	mud	rub	mud	0.0		USF:absent-both-directions	no	yes	yes	yes	no	
CAND_PLAUS_002355	plus	candidate_pending_human_review			incongruent	0	She is rubbing two mud	be_progressive	rubbing	mud	rub	mud	0.0		USF:absent-both-directions	no	yes	yes	yes	no	
CAND_PLAUS_002356	plus	candidate_pending_human_review			incongruent	0	She does not rub two mud	do_negation	rub	mud	rub	mud	0.0		USF:absent-both-directions	no	yes	yes	yes	no	
CAND_PLAUS_002357	plus	candidate_pending_human_review			incongruent	0	Every day she rubs two mud	present_3s	rubs	mud	rub	mud	0.0		USF:absent-both-directions	no	yes	yes	yes	no	
CAND_PLAUS_002358	plus	candidate_pending_human_review			incongruent	0	Last week she rubbed two mud	simple_past	rubbed	mud	rub	mud	0.0		USF:absent-both-directions	no	yes	yes	yes	no	
CAND_PLAUS_002359	plus	candidate_pending_human_review			incongruent	0	He is rubbing two mud	be_progressive	rubbing	mud	rub	mud	0.0		USF:absent-both-directions	no	yes	yes	yes	no	
CAND_PLAUS_002360	plus	candidate_pending_human_review			incongruent	0	He does not rub two mud	do_negation	rub	mud	rub	mud	0.0		USF:absent-both-directions	no	yes	yes	yes	no	
CAND_PLAUS_002361	plus	candidate_pending_human_review			incongruent	0	Every day he rubs two mud	present_3s	rubs	mud	rub	mud	0.0		USF:absent-both-directions	no	yes	yes	yes	no	
CAND_PLAUS_002362	plus	candidate_pending_human_review			incongruent	0	Last week he rubbed two mud	simple_past	rubbed	mud	rub	mud	0.0		USF:absent-both-directions	no	yes	yes	yes	no	
CAND_PLAUS_002363	plus	candidate_pending_human_review			incongruent	0	They are rubbing two mud	be_progressive	rubbing	mud	rub	mud	0.0		USF:absent-both-directions	no	yes	yes	yes	no	
CAND_PLAUS_002364	plus	candidate_pending_human_review			incongruent	0	They do not rub two mud	do_negation	rub	mud	rub	mud	0.0		USF:absent-both-directions	no	yes	yes	yes	no	
CAND_PLAUS_002365	plus	candidate_pending_human_review			incongruent	0	Every day they rub two mud	present_3s	rub	mud	rub	mud	0.0		USF:absent-both-directions	no	yes	yes	yes	no	
CAND_PLAUS_002366	plus	candidate_pending_human_review			incongruent	0	Last week they rubbed two mud	simple_past	rubbed	mud	rub	mud	0.0		USF:absent-both-directions	no	yes	yes	yes	no	
CAND_PLAUS_002367	plus	candidate_pending_human_review			incongruent	0	She is rubbing three mud	be_progressive	rubbing	mud	rub	mud	0.0		USF:absent-both-directions	no	yes	yes	yes	no	
CAND_PLAUS_002368	plus	candidate_pending_human_review			incongruent	0	She does not rub three mud	do_negation	rub	mud	rub	mud	0.0		USF:absent-both-directions	no	yes	yes	yes	no	
CAND_PLAUS_002369	plus	candidate_pending_human_review			incongruent	0	Every day she rubs three mud	present_3s	rubs	mud	rub	mud	0.0		USF:absent-both-directions	no	yes	yes	yes	no	
CAND_PLAUS_002370	plus	candidate_pending_human_review			incongruent	0	Last week she rubbed three mud	simple_past	rubbed	mud	rub	mud	0.0		USF:absent-both-directions	no	yes	yes	yes	no	
CAND_PLAUS_002371	plus	candidate_pending_human_review			incongruent	0	He is rubbing three mud	be_progressive	rubbing	mud	rub	mud	0.0		USF:absent-both-directions	no	yes	yes	yes	no	
CAND_PLAUS_002372	plus	candidate_pending_human_review			incongruent	0	He does not rub three mud	do_negation	rub	mud	rub	mud	0.0		USF:absent-both-directions	no	yes	yes	yes	no	
CAND_PLAUS_002373	plus	candidate_pending_human_review			incongruent	0	Every day he rubs three mud	present_3s	rubs	mud	rub	mud	0.0		USF:absent-both-directions	no	yes	yes	yes	no	
CAND_PLAUS_002374	plus	candidate_pending_human_review			incongruent	0	Last week he rubbed three mud	simple_past	rubbed	mud	rub	mud	0.0		USF:absent-both-directions	no	yes	yes	yes	no	
CAND_PLAUS_002375	plus	candidate_pending_human_review			incongruent	0	They are rubbing three mud	be_progressive	rubbing	mud	rub	mud	0.0		USF:absent-both-directions	no	yes	yes	yes	no	
CAND_PLAUS_002376	plus	candidate_pending_human_review			incongruent	0	They do not rub three mud	do_negation	rub	mud	rub	mud	0.0		USF:absent-both-directions	no	yes	yes	yes	no	
CAND_PLAUS_002377	plus	candidate_pending_human_review			incongruent	0	Every day they rub three mud	present_3s	rub	mud	rub	mud	0.0		USF:absent-both-directions	no	yes	yes	yes	no	
CAND_PLAUS_002378	plus	candidate_pending_human_review			incongruent	0	Last week they rubbed three mud	simple_past	rubbed	mud	rub	mud	0.0		USF:absent-both-directions	no	yes	yes	yes	no	
CAND_PLAUS_002379	plus	candidate_pending_human_review			incongruent	0	She is rubbing four mud	be_progressive	rubbing	mud	rub	mud	0.0		USF:absent-both-directions	no	yes	yes	yes	no	
CAND_PLAUS_002380	plus	candidate_pending_human_review			incongruent	0	She does not rub four mud	do_negation	rub	mud	rub	mud	0.0		USF:absent-both-directions	no	yes	yes	yes	no	
CAND_PLAUS_002381	plus	candidate_pending_human_review			incongruent	0	Every day she rubs four mud	present_3s	rubs	mud	rub	mud	0.0		USF:absent-both-directions	no	yes	yes	yes	no	
CAND_PLAUS_002382	plus	candidate_pending_human_review			incongruent	0	Last week she rubbed four mud	simple_past	rubbed	mud	rub	mud	0.0		USF:absent-both-directions	no	yes	yes	yes	no	
CAND_PLAUS_002383	plus	candidate_pending_human_review			incongruent	0	He is rubbing four mud	be_progressive	rubbing	mud	rub	mud	0.0		USF:absent-both-directions	no	yes	yes	yes	no	
CAND_PLAUS_002384	plus	candidate_pending_human_review			incongruent	0	He does not rub four mud	do_negation	rub	mud	rub	mud	0.0		USF:absent-both-directions	no	yes	yes	yes	no	
CAND_PLAUS_002385	plus	candidate_pending_human_review			incongruent	0	Every day he rubs four mud	present_3s	rubs	mud	rub	mud	0.0		USF:absent-both-directions	no	yes	yes	yes	no	
CAND_PLAUS_002386	plus	candidate_pending_human_review			incongruent	0	Last week he rubbed four mud	simple_past	rubbed	mud	rub	mud	0.0		USF:absent-both-directions	no	yes	yes	yes	no	
CAND_PLAUS_002387	plus	candidate_pending_human_review			incongruent	0	They are rubbing four mud	be_progressive	rubbing	mud	rub	mud	0.0		USF:absent-both-directions	no	yes	yes	yes	no	
CAND_PLAUS_002388	plus	candidate_pending_human_review			incongruent	0	They do not rub four mud	do_negation	rub	mud	rub	mud	0.0		USF:absent-both-directions	no	yes	yes	yes	no	
CAND_PLAUS_002389	plus	candidate_pending_human_review			incongruent	0	Every day they rub four mud	present_3s	rub	mud	rub	mud	0.0		USF:absent-both-directions	no	yes	yes	yes	no	
CAND_PLAUS_002390	plus	candidate_pending_human_review			incongruent	0	Last week they rubbed four mud	simple_past	rubbed	mud	rub	mud	0.0		USF:absent-both-directions	no	yes	yes	yes	no	
CAND_PLAUS_002391	plus	candidate_pending_human_review			incongruent	0	She is rubbing five mud	be_progressive	rubbing	mud	rub	mud	0.0		USF:absent-both-directions	no	yes	yes	yes	no	
CAND_PLAUS_002392	plus	candidate_pending_human_review			incongruent	0	She does not rub five mud	do_negation	rub	mud	rub	mud	0.0		USF:absent-both-directions	no	yes	yes	yes	no	
CAND_PLAUS_002393	plus	candidate_pending_human_review			incongruent	0	Every day she rubs five mud	present_3s	rubs	mud	rub	mud	0.0		USF:absent-both-directions	no	yes	yes	yes	no	
CAND_PLAUS_002394	plus	candidate_pending_human_review			incongruent	0	Last week she rubbed five mud	simple_past	rubbed	mud	rub	mud	0.0		USF:absent-both-directions	no	yes	yes	yes	no	
CAND_PLAUS_002395	plus	candidate_pending_human_review			incongruent	0	He is rubbing five mud	be_progressive	rubbing	mud	rub	mud	0.0		USF:absent-both-directions	no	yes	yes	yes	no	
CAND_PLAUS_002396	plus	candidate_pending_human_review			incongruent	0	He does not rub five mud	do_negation	rub	mud	rub	mud	0.0		USF:absent-both-directions	no	yes	yes	yes	no	
CAND_PLAUS_002397	plus	candidate_pending_human_review			incongruent	0	Every day he rubs five mud	present_3s	rubs	mud	rub	mud	0.0		USF:absent-both-directions	no	yes	yes	yes	no	
CAND_PLAUS_002398	plus	candidate_pending_human_review			incongruent	0	Last week he rubbed five mud	simple_past	rubbed	mud	rub	mud	0.0		USF:absent-both-directions	no	yes	yes	yes	no	
CAND_PLAUS_002399	plus	candidate_pending_human_review			incongruent	0	They are rubbing five mud	be_progressive	rubbing	mud	rub	mud	0.0		USF:absent-both-directions	no	yes	yes	yes	no	
CAND_PLAUS_002400	plus	candidate_pending_human_review			incongruent	0	They do not rub five mud	do_negation	rub	mud	rub	mud	0.0		USF:absent-both-directions	no	yes	yes	yes	no	
CAND_PLAUS_002401	plus	candidate_pending_human_review			incongruent	0	Every day they rub five mud	present_3s	rub	mud	rub	mud	0.0		USF:absent-both-directions	no	yes	yes	yes	no	
CAND_PLAUS_002402	plus	candidate_pending_human_review			incongruent	0	Last week they rubbed five mud	simple_past	rubbed	mud	rub	mud	0.0		USF:absent-both-directions	no	yes	yes	yes	no	
CAND_PLAUS_002403	plus	candidate_pending_human_review			incongruent	0	She is rubbing six mud	be_progressive	rubbing	mud	rub	mud	0.0		USF:absent-both-directions	no	yes	yes	yes	no	
CAND_PLAUS_002404	plus	candidate_pending_human_review			incongruent	0	She does not rub six mud	do_negation	rub	mud	rub	mud	0.0		USF:absent-both-directions	no	yes	yes	yes	no	
CAND_PLAUS_002405	plus	candidate_pending_human_review			incongruent	0	Every day she rubs six mud	present_3s	rubs	mud	rub	mud	0.0		USF:absent-both-directions	no	yes	yes	yes	no	
CAND_PLAUS_002406	plus	candidate_pending_human_review			incongruent	0	Last week she rubbed six mud	simple_past	rubbed	mud	rub	mud	0.0		USF:absent-both-directions	no	yes	yes	yes	no	
CAND_PLAUS_002407	plus	candidate_pending_human_review			incongruent	0	He is rubbing six mud	be_progressive	rubbing	mud	rub	mud	0.0		USF:absent-both-directions	no	yes	yes	yes	no	
CAND_PLAUS_002408	plus	candidate_pending_human_review			incongruent	0	He does not rub six mud	do_negation	rub	mud	rub	mud	0.0		USF:absent-both-directions	no	yes	yes	yes	no	
CAND_PLAUS_002409	plus	candidate_pending_human_review			incongruent	0	Every day he rubs six mud	present_3s	rubs	mud	rub	mud	0.0		USF:absent-both-directions	no	yes	yes	yes	no	
CAND_PLAUS_002410	plus	candidate_pending_human_review			incongruent	0	Last week he rubbed six mud	simple_past	rubbed	mud	rub	mud	0.0		USF:absent-both-directions	no	yes	yes	yes	no	
CAND_PLAUS_002411	plus	candidate_pending_human_review			incongruent	0	They are rubbing six mud	be_progressive	rubbing	mud	rub	mud	0.0		USF:absent-both-directions	no	yes	yes	yes	no	
CAND_PLAUS_002412	plus	candidate_pending_human_review			incongruent	0	They do not rub six mud	do_negation	rub	mud	rub	mud	0.0		USF:absent-both-directions	no	yes	yes	yes	no	
CAND_PLAUS_002413	plus	candidate_pending_human_review			incongruent	0	Every day they rub six mud	present_3s	rub	mud	rub	mud	0.0		USF:absent-both-directions	no	yes	yes	yes	no	
CAND_PLAUS_002414	plus	candidate_pending_human_review			incongruent	0	Last week they rubbed six mud	simple_past	rubbed	mud	rub	mud	0.0		USF:absent-both-directions	no	yes	yes	yes	no	
CAND_PLAUS_002415	plus	candidate_pending_human_review			incongruent	0	She is reaching one reason	be_progressive	reaching	reason	reach	reason	0.0		USF:absent-both-directions	no	yes	yes	yes	no	
CAND_PLAUS_002416	plus	candidate_pending_human_review			incongruent	0	She does not reach one reason	do_negation	reach	reason	reach	reason	0.0		USF:absent-both-directions	no	yes	yes	yes	no	
CAND_PLAUS_002417	plus	candidate_pending_human_review			incongruent	0	Every day she reaches one reason	present_3s	reaches	reason	reach	reason	0.0		USF:absent-both-directions	no	yes	yes	yes	no	
CAND_PLAUS_002418	plus	candidate_pending_human_review			incongruent	0	Last week she reached one reason	simple_past	reached	reason	reach	reason	0.0		USF:absent-both-directions	no	yes	yes	yes	no	
CAND_PLAUS_002419	plus	candidate_pending_human_review			incongruent	0	He is reaching one reason	be_progressive	reaching	reason	reach	reason	0.0		USF:absent-both-directions	no	yes	yes	yes	no	
CAND_PLAUS_002420	plus	candidate_pending_human_review			incongruent	0	He does not reach one reason	do_negation	reach	reason	reach	reason	0.0		USF:absent-both-directions	no	yes	yes	yes	no	
CAND_PLAUS_002421	plus	candidate_pending_human_review			incongruent	0	Every day he reaches one reason	present_3s	reaches	reason	reach	reason	0.0		USF:absent-both-directions	no	yes	yes	yes	no	
CAND_PLAUS_002422	plus	candidate_pending_human_review			incongruent	0	Last week he reached one reason	simple_past	reached	reason	reach	reason	0.0		USF:absent-both-directions	no	yes	yes	yes	no	
CAND_PLAUS_002423	plus	candidate_pending_human_review			incongruent	0	They are reaching one reason	be_progressive	reaching	reason	reach	reason	0.0		USF:absent-both-directions	no	yes	yes	yes	no	
CAND_PLAUS_002424	plus	candidate_pending_human_review			incongruent	0	They do not reach one reason	do_negation	reach	reason	reach	reason	0.0		USF:absent-both-directions	no	yes	yes	yes	no	
CAND_PLAUS_002425	plus	candidate_pending_human_review			incongruent	0	Every day they reach one reason	present_3s	reach	reason	reach	reason	0.0		USF:absent-both-directions	no	yes	yes	yes	no	
CAND_PLAUS_002426	plus	candidate_pending_human_review			incongruent	0	Last week they reached one reason	simple_past	reached	reason	reach	reason	0.0		USF:absent-both-directions	no	yes	yes	yes	no	
CAND_PLAUS_002427	plus	candidate_pending_human_review			incongruent	0	She is reaching two reasons	be_progressive	reaching	reasons	reach	reason	0.0		USF:absent-both-directions	no	yes	yes	yes	no	
CAND_PLAUS_002428	plus	candidate_pending_human_review			incongruent	0	She does not reach two reasons	do_negation	reach	reasons	reach	reason	0.0		USF:absent-both-directions	no	yes	yes	yes	no	
CAND_PLAUS_002429	plus	candidate_pending_human_review			incongruent	0	Every day she reaches two reasons	present_3s	reaches	reasons	reach	reason	0.0		USF:absent-both-directions	no	yes	yes	yes	no	
CAND_PLAUS_002430	plus	candidate_pending_human_review			incongruent	0	Last week she reached two reasons	simple_past	reached	reasons	reach	reason	0.0		USF:absent-both-directions	no	yes	yes	yes	no	
CAND_PLAUS_002431	plus	candidate_pending_human_review			incongruent	0	He is reaching two reasons	be_progressive	reaching	reasons	reach	reason	0.0		USF:absent-both-directions	no	yes	yes	yes	no	
CAND_PLAUS_002432	plus	candidate_pending_human_review			incongruent	0	He does not reach two reasons	do_negation	reach	reasons	reach	reason	0.0		USF:absent-both-directions	no	yes	yes	yes	no	
CAND_PLAUS_002433	plus	candidate_pending_human_review			incongruent	0	Every day he reaches two reasons	present_3s	reaches	reasons	reach	reason	0.0		USF:absent-both-directions	no	yes	yes	yes	no	
CAND_PLAUS_002434	plus	candidate_pending_human_review			incongruent	0	Last week he reached two reasons	simple_past	reached	reasons	reach	reason	0.0		USF:absent-both-directions	no	yes	yes	yes	no	
CAND_PLAUS_002435	plus	candidate_pending_human_review			incongruent	0	They are reaching two reasons	be_progressive	reaching	reasons	reach	reason	0.0		USF:absent-both-directions	no	yes	yes	yes	no	
CAND_PLAUS_002436	plus	candidate_pending_human_review			incongruent	0	They do not reach two reasons	do_negation	reach	reasons	reach	reason	0.0		USF:absent-both-directions	no	yes	yes	yes	no	
CAND_PLAUS_002437	plus	candidate_pending_human_review			incongruent	0	Every day they reach two reasons	present_3s	reach	reasons	reach	reason	0.0		USF:absent-both-directions	no	yes	yes	yes	no	
CAND_PLAUS_002438	plus	candidate_pending_human_review			incongruent	0	Last week they reached two reasons	simple_past	reached	reasons	reach	reason	0.0		USF:absent-both-directions	no	yes	yes	yes	no	
CAND_PLAUS_002439	plus	candidate_pending_human_review			incongruent	0	She is reaching three reasons	be_progressive	reaching	reasons	reach	reason	0.0		USF:absent-both-directions	no	yes	yes	yes	no	
CAND_PLAUS_002440	plus	candidate_pending_human_review			incongruent	0	She does not reach three reasons	do_negation	reach	reasons	reach	reason	0.0		USF:absent-both-directions	no	yes	yes	yes	no	
CAND_PLAUS_002441	plus	candidate_pending_human_review			incongruent	0	Every day she reaches three reasons	present_3s	reaches	reasons	reach	reason	0.0		USF:absent-both-directions	no	yes	yes	yes	no	
CAND_PLAUS_002442	plus	candidate_pending_human_review			incongruent	0	Last week she reached three reasons	simple_past	reached	reasons	reach	reason	0.0		USF:absent-both-directions	no	yes	yes	yes	no	
CAND_PLAUS_002443	plus	candidate_pending_human_review			incongruent	0	He is reaching three reasons	be_progressive	reaching	reasons	reach	reason	0.0		USF:absent-both-directions	no	yes	yes	yes	no	
CAND_PLAUS_002444	plus	candidate_pending_human_review			incongruent	0	He does not reach three reasons	do_negation	reach	reasons	reach	reason	0.0		USF:absent-both-directions	no	yes	yes	yes	no	
CAND_PLAUS_002445	plus	candidate_pending_human_review			incongruent	0	Every day he reaches three reasons	present_3s	reaches	reasons	reach	reason	0.0		USF:absent-both-directions	no	yes	yes	yes	no	
CAND_PLAUS_002446	plus	candidate_pending_human_review			incongruent	0	Last week he reached three reasons	simple_past	reached	reasons	reach	reason	0.0		USF:absent-both-directions	no	yes	yes	yes	no	
CAND_PLAUS_002447	plus	candidate_pending_human_review			incongruent	0	They are reaching three reasons	be_progressive	reaching	reasons	reach	reason	0.0		USF:absent-both-directions	no	yes	yes	yes	no	
CAND_PLAUS_002448	plus	candidate_pending_human_review			incongruent	0	They do not reach three reasons	do_negation	reach	reasons	reach	reason	0.0		USF:absent-both-directions	no	yes	yes	yes	no	
CAND_PLAUS_002449	plus	candidate_pending_human_review			incongruent	0	Every day they reach three reasons	present_3s	reach	reasons	reach	reason	0.0		USF:absent-both-directions	no	yes	yes	yes	no	
CAND_PLAUS_002450	plus	candidate_pending_human_review			incongruent	0	Last week they reached three reasons	simple_past	reached	reasons	reach	reason	0.0		USF:absent-both-directions	no	yes	yes	yes	no	
CAND_PLAUS_002451	plus	candidate_pending_human_review			incongruent	0	She is reaching four reasons	be_progressive	reaching	reasons	reach	reason	0.0		USF:absent-both-directions	no	yes	yes	yes	no	
CAND_PLAUS_002452	plus	candidate_pending_human_review			incongruent	0	She does not reach four reasons	do_negation	reach	reasons	reach	reason	0.0		USF:absent-both-directions	no	yes	yes	yes	no	
CAND_PLAUS_002453	plus	candidate_pending_human_review			incongruent	0	Every day she reaches four reasons	present_3s	reaches	reasons	reach	reason	0.0		USF:absent-both-directions	no	yes	yes	yes	no	
CAND_PLAUS_002454	plus	candidate_pending_human_review			incongruent	0	Last week she reached four reasons	simple_past	reached	reasons	reach	reason	0.0		USF:absent-both-directions	no	yes	yes	yes	no	
CAND_PLAUS_002455	plus	candidate_pending_human_review			incongruent	0	He is reaching four reasons	be_progressive	reaching	reasons	reach	reason	0.0		USF:absent-both-directions	no	yes	yes	yes	no	
CAND_PLAUS_002456	plus	candidate_pending_human_review			incongruent	0	He does not reach four reasons	do_negation	reach	reasons	reach	reason	0.0		USF:absent-both-directions	no	yes	yes	yes	no	
CAND_PLAUS_002457	plus	candidate_pending_human_review			incongruent	0	Every day he reaches four reasons	present_3s	reaches	reasons	reach	reason	0.0		USF:absent-both-directions	no	yes	yes	yes	no	
CAND_PLAUS_002458	plus	candidate_pending_human_review			incongruent	0	Last week he reached four reasons	simple_past	reached	reasons	reach	reason	0.0		USF:absent-both-directions	no	yes	yes	yes	no	
CAND_PLAUS_002459	plus	candidate_pending_human_review			incongruent	0	They are reaching four reasons	be_progressive	reaching	reasons	reach	reason	0.0		USF:absent-both-directions	no	yes	yes	yes	no	
CAND_PLAUS_002460	plus	candidate_pending_human_review			incongruent	0	They do not reach four reasons	do_negation	reach	reasons	reach	reason	0.0		USF:absent-both-directions	no	yes	yes	yes	no	
CAND_PLAUS_002461	plus	candidate_pending_human_review			incongruent	0	Every day they reach four reasons	present_3s	reach	reasons	reach	reason	0.0		USF:absent-both-directions	no	yes	yes	yes	no	
CAND_PLAUS_002462	plus	candidate_pending_human_review			incongruent	0	Last week they reached four reasons	simple_past	reached	reasons	reach	reason	0.0		USF:absent-both-directions	no	yes	yes	yes	no	
CAND_PLAUS_002463	plus	candidate_pending_human_review			incongruent	0	She is reaching five reasons	be_progressive	reaching	reasons	reach	reason	0.0		USF:absent-both-directions	no	yes	yes	yes	no	
CAND_PLAUS_002464	plus	candidate_pending_human_review			incongruent	0	She does not reach five reasons	do_negation	reach	reasons	reach	reason	0.0		USF:absent-both-directions	no	yes	yes	yes	no	
CAND_PLAUS_002465	plus	candidate_pending_human_review			incongruent	0	Every day she reaches five reasons	present_3s	reaches	reasons	reach	reason	0.0		USF:absent-both-directions	no	yes	yes	yes	no	
CAND_PLAUS_002466	plus	candidate_pending_human_review			incongruent	0	Last week she reached five reasons	simple_past	reached	reasons	reach	reason	0.0		USF:absent-both-directions	no	yes	yes	yes	no	
CAND_PLAUS_002467	plus	candidate_pending_human_review			incongruent	0	He is reaching five reasons	be_progressive	reaching	reasons	reach	reason	0.0		USF:absent-both-directions	no	yes	yes	yes	no	
CAND_PLAUS_002468	plus	candidate_pending_human_review			incongruent	0	He does not reach five reasons	do_negation	reach	reasons	reach	reason	0.0		USF:absent-both-directions	no	yes	yes	yes	no	
CAND_PLAUS_002469	plus	candidate_pending_human_review			incongruent	0	Every day he reaches five reasons	present_3s	reaches	reasons	reach	reason	0.0		USF:absent-both-directions	no	yes	yes	yes	no	
CAND_PLAUS_002470	plus	candidate_pending_human_review			incongruent	0	Last week he reached five reasons	simple_past	reached	reasons	reach	reason	0.0		USF:absent-both-directions	no	yes	yes	yes	no	
CAND_PLAUS_002471	plus	candidate_pending_human_review			incongruent	0	They are reaching five reasons	be_progressive	reaching	reasons	reach	reason	0.0		USF:absent-both-directions	no	yes	yes	yes	no	
CAND_PLAUS_002472	plus	candidate_pending_human_review			incongruent	0	They do not reach five reasons	do_negation	reach	reasons	reach	reason	0.0		USF:absent-both-directions	no	yes	yes	yes	no	
CAND_PLAUS_002473	plus	candidate_pending_human_review			incongruent	0	Every day they reach five reasons	present_3s	reach	reasons	reach	reason	0.0		USF:absent-both-directions	no	yes	yes	yes	no	
CAND_PLAUS_002474	plus	candidate_pending_human_review			incongruent	0	Last week they reached five reasons	simple_past	reached	reasons	reach	reason	0.0		USF:absent-both-directions	no	yes	yes	yes	no	
CAND_PLAUS_002475	plus	candidate_pending_human_review			incongruent	0	She is reaching six reasons	be_progressive	reaching	reasons	reach	reason	0.0		USF:absent-both-directions	no	yes	yes	yes	no	
CAND_PLAUS_002476	plus	candidate_pending_human_review			incongruent	0	She does not reach six reasons	do_negation	reach	reasons	reach	reason	0.0		USF:absent-both-directions	no	yes	yes	yes	no	
CAND_PLAUS_002477	plus	candidate_pending_human_review			incongruent	0	Every day she reaches six reasons	present_3s	reaches	reasons	reach	reason	0.0		USF:absent-both-directions	no	yes	yes	yes	no	
CAND_PLAUS_002478	plus	candidate_pending_human_review			incongruent	0	Last week she reached six reasons	simple_past	reached	reasons	reach	reason	0.0		USF:absent-both-directions	no	yes	yes	yes	no	
CAND_PLAUS_002479	plus	candidate_pending_human_review			incongruent	0	He is reaching six reasons	be_progressive	reaching	reasons	reach	reason	0.0		USF:absent-both-directions	no	yes	yes	yes	no	
CAND_PLAUS_002480	plus	candidate_pending_human_review			incongruent	0	He does not reach six reasons	do_negation	reach	reasons	reach	reason	0.0		USF:absent-both-directions	no	yes	yes	yes	no	
CAND_PLAUS_002481	plus	candidate_pending_human_review			incongruent	0	Every day he reaches six reasons	present_3s	reaches	reasons	reach	reason	0.0		USF:absent-both-directions	no	yes	yes	yes	no	
CAND_PLAUS_002482	plus	candidate_pending_human_review			incongruent	0	Last week he reached six reasons	simple_past	reached	reasons	reach	reason	0.0		USF:absent-both-directions	no	yes	yes	yes	no	
CAND_PLAUS_002483	plus	candidate_pending_human_review			incongruent	0	They are reaching six reasons	be_progressive	reaching	reasons	reach	reason	0.0		USF:absent-both-directions	no	yes	yes	yes	no	
CAND_PLAUS_002484	plus	candidate_pending_human_review			incongruent	0	They do not reach six reasons	do_negation	reach	reasons	reach	reason	0.0		USF:absent-both-directions	no	yes	yes	yes	no	
CAND_PLAUS_002485	plus	candidate_pending_human_review			incongruent	0	Every day they reach six reasons	present_3s	reach	reasons	reach	reason	0.0		USF:absent-both-directions	no	yes	yes	yes	no	
CAND_PLAUS_002486	plus	candidate_pending_human_review			incongruent	0	Last week they reached six reasons	simple_past	reached	reasons	reach	reason	0.0		USF:absent-both-directions	no	yes	yes	yes	no	
CAND_PLAUS_002487	plus	candidate_pending_human_review			incongruent	0	She is leaning one bolt	be_progressive	leaning	bolt	lean	bolt	0.0		USF:absent-both-directions	no	yes	yes	yes	no	
CAND_PLAUS_002488	plus	candidate_pending_human_review			incongruent	0	She does not lean one bolt	do_negation	lean	bolt	lean	bolt	0.0		USF:absent-both-directions	no	yes	yes	yes	no	
CAND_PLAUS_002489	plus	candidate_pending_human_review			incongruent	0	Every day she leans one bolt	present_3s	leans	bolt	lean	bolt	0.0		USF:absent-both-directions	no	yes	yes	yes	no	
CAND_PLAUS_002490	plus	candidate_pending_human_review			incongruent	0	Last week she leaned one bolt	simple_past	leaned	bolt	lean	bolt	0.0		USF:absent-both-directions	no	yes	yes	yes	no	
CAND_PLAUS_002491	plus	candidate_pending_human_review			incongruent	0	He is leaning one bolt	be_progressive	leaning	bolt	lean	bolt	0.0		USF:absent-both-directions	no	yes	yes	yes	no	
CAND_PLAUS_002492	plus	candidate_pending_human_review			incongruent	0	He does not lean one bolt	do_negation	lean	bolt	lean	bolt	0.0		USF:absent-both-directions	no	yes	yes	yes	no	
CAND_PLAUS_002493	plus	candidate_pending_human_review			incongruent	0	Every day he leans one bolt	present_3s	leans	bolt	lean	bolt	0.0		USF:absent-both-directions	no	yes	yes	yes	no	
CAND_PLAUS_002494	plus	candidate_pending_human_review			incongruent	0	Last week he leaned one bolt	simple_past	leaned	bolt	lean	bolt	0.0		USF:absent-both-directions	no	yes	yes	yes	no	
CAND_PLAUS_002495	plus	candidate_pending_human_review			incongruent	0	They are leaning one bolt	be_progressive	leaning	bolt	lean	bolt	0.0		USF:absent-both-directions	no	yes	yes	yes	no	
CAND_PLAUS_002496	plus	candidate_pending_human_review			incongruent	0	They do not lean one bolt	do_negation	lean	bolt	lean	bolt	0.0		USF:absent-both-directions	no	yes	yes	yes	no	
CAND_PLAUS_002497	plus	candidate_pending_human_review			incongruent	0	Every day they lean one bolt	present_3s	lean	bolt	lean	bolt	0.0		USF:absent-both-directions	no	yes	yes	yes	no	
CAND_PLAUS_002498	plus	candidate_pending_human_review			incongruent	0	Last week they leaned one bolt	simple_past	leaned	bolt	lean	bolt	0.0		USF:absent-both-directions	no	yes	yes	yes	no	
CAND_PLAUS_002499	plus	candidate_pending_human_review			incongruent	0	She is leaning two bolts	be_progressive	leaning	bolts	lean	bolt	0.0		USF:absent-both-directions	no	yes	yes	yes	no	
CAND_PLAUS_002500	plus	candidate_pending_human_review			incongruent	0	She does not lean two bolts	do_negation	lean	bolts	lean	bolt	0.0		USF:absent-both-directions	no	yes	yes	yes	no	
CAND_PLAUS_002501	plus	candidate_pending_human_review			incongruent	0	Every day she leans two bolts	present_3s	leans	bolts	lean	bolt	0.0		USF:absent-both-directions	no	yes	yes	yes	no	
CAND_PLAUS_002502	plus	candidate_pending_human_review			incongruent	0	Last week she leaned two bolts	simple_past	leaned	bolts	lean	bolt	0.0		USF:absent-both-directions	no	yes	yes	yes	no	
CAND_PLAUS_002503	plus	candidate_pending_human_review			incongruent	0	He is leaning two bolts	be_progressive	leaning	bolts	lean	bolt	0.0		USF:absent-both-directions	no	yes	yes	yes	no	
CAND_PLAUS_002504	plus	candidate_pending_human_review			incongruent	0	He does not lean two bolts	do_negation	lean	bolts	lean	bolt	0.0		USF:absent-both-directions	no	yes	yes	yes	no	
CAND_PLAUS_002505	plus	candidate_pending_human_review			incongruent	0	Every day he leans two bolts	present_3s	leans	bolts	lean	bolt	0.0		USF:absent-both-directions	no	yes	yes	yes	no	
CAND_PLAUS_002506	plus	candidate_pending_human_review			incongruent	0	Last week he leaned two bolts	simple_past	leaned	bolts	lean	bolt	0.0		USF:absent-both-directions	no	yes	yes	yes	no	
CAND_PLAUS_002507	plus	candidate_pending_human_review			incongruent	0	They are leaning two bolts	be_progressive	leaning	bolts	lean	bolt	0.0		USF:absent-both-directions	no	yes	yes	yes	no	
CAND_PLAUS_002508	plus	candidate_pending_human_review			incongruent	0	They do not lean two bolts	do_negation	lean	bolts	lean	bolt	0.0		USF:absent-both-directions	no	yes	yes	yes	no	
CAND_PLAUS_002509	plus	candidate_pending_human_review			incongruent	0	Every day they lean two bolts	present_3s	lean	bolts	lean	bolt	0.0		USF:absent-both-directions	no	yes	yes	yes	no	
CAND_PLAUS_002510	plus	candidate_pending_human_review			incongruent	0	Last week they leaned two bolts	simple_past	leaned	bolts	lean	bolt	0.0		USF:absent-both-directions	no	yes	yes	yes	no	
CAND_PLAUS_002511	plus	candidate_pending_human_review			incongruent	0	She is leaning three bolts	be_progressive	leaning	bolts	lean	bolt	0.0		USF:absent-both-directions	no	yes	yes	yes	no	
CAND_PLAUS_002512	plus	candidate_pending_human_review			incongruent	0	She does not lean three bolts	do_negation	lean	bolts	lean	bolt	0.0		USF:absent-both-directions	no	yes	yes	yes	no	
CAND_PLAUS_002513	plus	candidate_pending_human_review			incongruent	0	Every day she leans three bolts	present_3s	leans	bolts	lean	bolt	0.0		USF:absent-both-directions	no	yes	yes	yes	no	
CAND_PLAUS_002514	plus	candidate_pending_human_review			incongruent	0	Last week she leaned three bolts	simple_past	leaned	bolts	lean	bolt	0.0		USF:absent-both-directions	no	yes	yes	yes	no	
CAND_PLAUS_002515	plus	candidate_pending_human_review			incongruent	0	He is leaning three bolts	be_progressive	leaning	bolts	lean	bolt	0.0		USF:absent-both-directions	no	yes	yes	yes	no	
CAND_PLAUS_002516	plus	candidate_pending_human_review			incongruent	0	He does not lean three bolts	do_negation	lean	bolts	lean	bolt	0.0		USF:absent-both-directions	no	yes	yes	yes	no	
CAND_PLAUS_002517	plus	candidate_pending_human_review			incongruent	0	Every day he leans three bolts	present_3s	leans	bolts	lean	bolt	0.0		USF:absent-both-directions	no	yes	yes	yes	no	
CAND_PLAUS_002518	plus	candidate_pending_human_review			incongruent	0	Last week he leaned three bolts	simple_past	leaned	bolts	lean	bolt	0.0		USF:absent-both-directions	no	yes	yes	yes	no	
CAND_PLAUS_002519	plus	candidate_pending_human_review			incongruent	0	They are leaning three bolts	be_progressive	leaning	bolts	lean	bolt	0.0		USF:absent-both-directions	no	yes	yes	yes	no	
CAND_PLAUS_002520	plus	candidate_pending_human_review			incongruent	0	They do not lean three bolts	do_negation	lean	bolts	lean	bolt	0.0		USF:absent-both-directions	no	yes	yes	yes	no	
CAND_PLAUS_002521	plus	candidate_pending_human_review			incongruent	0	Every day they lean three bolts	present_3s	lean	bolts	lean	bolt	0.0		USF:absent-both-directions	no	yes	yes	yes	no	
CAND_PLAUS_002522	plus	candidate_pending_human_review			incongruent	0	Last week they leaned three bolts	simple_past	leaned	bolts	lean	bolt	0.0		USF:absent-both-directions	no	yes	yes	yes	no	
CAND_PLAUS_002523	plus	candidate_pending_human_review			incongruent	0	She is leaning four bolts	be_progressive	leaning	bolts	lean	bolt	0.0		USF:absent-both-directions	no	yes	yes	yes	no	
CAND_PLAUS_002524	plus	candidate_pending_human_review			incongruent	0	She does not lean four bolts	do_negation	lean	bolts	lean	bolt	0.0		USF:absent-both-directions	no	yes	yes	yes	no	
CAND_PLAUS_002525	plus	candidate_pending_human_review			incongruent	0	Every day she leans four bolts	present_3s	leans	bolts	lean	bolt	0.0		USF:absent-both-directions	no	yes	yes	yes	no	
CAND_PLAUS_002526	plus	candidate_pending_human_review			incongruent	0	Last week she leaned four bolts	simple_past	leaned	bolts	lean	bolt	0.0		USF:absent-both-directions	no	yes	yes	yes	no	
CAND_PLAUS_002527	plus	candidate_pending_human_review			incongruent	0	He is leaning four bolts	be_progressive	leaning	bolts	lean	bolt	0.0		USF:absent-both-directions	no	yes	yes	yes	no	
CAND_PLAUS_002528	plus	candidate_pending_human_review			incongruent	0	He does not lean four bolts	do_negation	lean	bolts	lean	bolt	0.0		USF:absent-both-directions	no	yes	yes	yes	no	
CAND_PLAUS_002529	plus	candidate_pending_human_review			incongruent	0	Every day he leans four bolts	present_3s	leans	bolts	lean	bolt	0.0		USF:absent-both-directions	no	yes	yes	yes	no	
CAND_PLAUS_002530	plus	candidate_pending_human_review			incongruent	0	Last week he leaned four bolts	simple_past	leaned	bolts	lean	bolt	0.0		USF:absent-both-directions	no	yes	yes	yes	no	
CAND_PLAUS_002531	plus	candidate_pending_human_review			incongruent	0	They are leaning four bolts	be_progressive	leaning	bolts	lean	bolt	0.0		USF:absent-both-directions	no	yes	yes	yes	no	
CAND_PLAUS_002532	plus	candidate_pending_human_review			incongruent	0	They do not lean four bolts	do_negation	lean	bolts	lean	bolt	0.0		USF:absent-both-directions	no	yes	yes	yes	no	
CAND_PLAUS_002533	plus	candidate_pending_human_review			incongruent	0	Every day they lean four bolts	present_3s	lean	bolts	lean	bolt	0.0		USF:absent-both-directions	no	yes	yes	yes	no	
CAND_PLAUS_002534	plus	candidate_pending_human_review			incongruent	0	Last week they leaned four bolts	simple_past	leaned	bolts	lean	bolt	0.0		USF:absent-both-directions	no	yes	yes	yes	no	
CAND_PLAUS_002535	plus	candidate_pending_human_review			incongruent	0	She is leaning five bolts	be_progressive	leaning	bolts	lean	bolt	0.0		USF:absent-both-directions	no	yes	yes	yes	no	
CAND_PLAUS_002536	plus	candidate_pending_human_review			incongruent	0	She does not lean five bolts	do_negation	lean	bolts	lean	bolt	0.0		USF:absent-both-directions	no	yes	yes	yes	no	
CAND_PLAUS_002537	plus	candidate_pending_human_review			incongruent	0	Every day she leans five bolts	present_3s	leans	bolts	lean	bolt	0.0		USF:absent-both-directions	no	yes	yes	yes	no	
CAND_PLAUS_002538	plus	candidate_pending_human_review			incongruent	0	Last week she leaned five bolts	simple_past	leaned	bolts	lean	bolt	0.0		USF:absent-both-directions	no	yes	yes	yes	no	
CAND_PLAUS_002539	plus	candidate_pending_human_review			incongruent	0	He is leaning five bolts	be_progressive	leaning	bolts	lean	bolt	0.0		USF:absent-both-directions	no	yes	yes	yes	no	
CAND_PLAUS_002540	plus	candidate_pending_human_review			incongruent	0	He does not lean five bolts	do_negation	lean	bolts	lean	bolt	0.0		USF:absent-both-directions	no	yes	yes	yes	no	
CAND_PLAUS_002541	plus	candidate_pending_human_review			incongruent	0	Every day he leans five bolts	present_3s	leans	bolts	lean	bolt	0.0		USF:absent-both-directions	no	yes	yes	yes	no	
CAND_PLAUS_002542	plus	candidate_pending_human_review			incongruent	0	Last week he leaned five bolts	simple_past	leaned	bolts	lean	bolt	0.0		USF:absent-both-directions	no	yes	yes	yes	no	
CAND_PLAUS_002543	plus	candidate_pending_human_review			incongruent	0	They are leaning five bolts	be_progressive	leaning	bolts	lean	bolt	0.0		USF:absent-both-directions	no	yes	yes	yes	no	
CAND_PLAUS_002544	plus	candidate_pending_human_review			incongruent	0	They do not lean five bolts	do_negation	lean	bolts	lean	bolt	0.0		USF:absent-both-directions	no	yes	yes	yes	no	
CAND_PLAUS_002545	plus	candidate_pending_human_review			incongruent	0	Every day they lean five bolts	present_3s	lean	bolts	lean	bolt	0.0		USF:absent-both-directions	no	yes	yes	yes	no	
CAND_PLAUS_002546	plus	candidate_pending_human_review			incongruent	0	Last week they leaned five bolts	simple_past	leaned	bolts	lean	bolt	0.0		USF:absent-both-directions	no	yes	yes	yes	no	
CAND_PLAUS_002547	plus	candidate_pending_human_review			incongruent	0	She is leaning six bolts	be_progressive	leaning	bolts	lean	bolt	0.0		USF:absent-both-directions	no	yes	yes	yes	no	
CAND_PLAUS_002548	plus	candidate_pending_human_review			incongruent	0	She does not lean six bolts	do_negation	lean	bolts	lean	bolt	0.0		USF:absent-both-directions	no	yes	yes	yes	no	
CAND_PLAUS_002549	plus	candidate_pending_human_review			incongruent	0	Every day she leans six bolts	present_3s	leans	bolts	lean	bolt	0.0		USF:absent-both-directions	no	yes	yes	yes	no	
CAND_PLAUS_002550	plus	candidate_pending_human_review			incongruent	0	Last week she leaned six bolts	simple_past	leaned	bolts	lean	bolt	0.0		USF:absent-both-directions	no	yes	yes	yes	no	
CAND_PLAUS_002551	plus	candidate_pending_human_review			incongruent	0	He is leaning six bolts	be_progressive	leaning	bolts	lean	bolt	0.0		USF:absent-both-directions	no	yes	yes	yes	no	
CAND_PLAUS_002552	plus	candidate_pending_human_review			incongruent	0	He does not lean six bolts	do_negation	lean	bolts	lean	bolt	0.0		USF:absent-both-directions	no	yes	yes	yes	no	
CAND_PLAUS_002553	plus	candidate_pending_human_review			incongruent	0	Every day he leans six bolts	present_3s	leans	bolts	lean	bolt	0.0		USF:absent-both-directions	no	yes	yes	yes	no	
CAND_PLAUS_002554	plus	candidate_pending_human_review			incongruent	0	Last week he leaned six bolts	simple_past	leaned	bolts	lean	bolt	0.0		USF:absent-both-directions	no	yes	yes	yes	no	
CAND_PLAUS_002555	plus	candidate_pending_human_review			incongruent	0	They are leaning six bolts	be_progressive	leaning	bolts	lean	bolt	0.0		USF:absent-both-directions	no	yes	yes	yes	no	
CAND_PLAUS_002556	plus	candidate_pending_human_review			incongruent	0	They do not lean six bolts	do_negation	lean	bolts	lean	bolt	0.0		USF:absent-both-directions	no	yes	yes	yes	no	
CAND_PLAUS_002557	plus	candidate_pending_human_review			incongruent	0	Every day they lean six bolts	present_3s	lean	bolts	lean	bolt	0.0		USF:absent-both-directions	no	yes	yes	yes	no	
CAND_PLAUS_002558	plus	candidate_pending_human_review			incongruent	0	Last week they leaned six bolts	simple_past	leaned	bolts	lean	bolt	0.0		USF:absent-both-directions	no	yes	yes	yes	no	
CAND_PLAUS_002559	plus	candidate_pending_human_review			incongruent	0	She is inspecting one trash	be_progressive	inspecting	trash	inspect	trash	0.0		USF:absent-both-directions	no	yes	yes	yes	no	
CAND_PLAUS_002560	plus	candidate_pending_human_review			incongruent	0	She does not inspect one trash	do_negation	inspect	trash	inspect	trash	0.0		USF:absent-both-directions	no	yes	yes	yes	no	
CAND_PLAUS_002561	plus	candidate_pending_human_review			incongruent	0	Every day she inspects one trash	present_3s	inspects	trash	inspect	trash	0.0		USF:absent-both-directions	no	yes	yes	yes	no	
CAND_PLAUS_002562	plus	candidate_pending_human_review			incongruent	0	Last week she inspected one trash	simple_past	inspected	trash	inspect	trash	0.0		USF:absent-both-directions	no	yes	yes	yes	no	
CAND_PLAUS_002563	plus	candidate_pending_human_review			incongruent	0	He is inspecting one trash	be_progressive	inspecting	trash	inspect	trash	0.0		USF:absent-both-directions	no	yes	yes	yes	no	
CAND_PLAUS_002564	plus	candidate_pending_human_review			incongruent	0	He does not inspect one trash	do_negation	inspect	trash	inspect	trash	0.0		USF:absent-both-directions	no	yes	yes	yes	no	
CAND_PLAUS_002565	plus	candidate_pending_human_review			incongruent	0	Every day he inspects one trash	present_3s	inspects	trash	inspect	trash	0.0		USF:absent-both-directions	no	yes	yes	yes	no	
CAND_PLAUS_002566	plus	candidate_pending_human_review			incongruent	0	Last week he inspected one trash	simple_past	inspected	trash	inspect	trash	0.0		USF:absent-both-directions	no	yes	yes	yes	no	
CAND_PLAUS_002567	plus	candidate_pending_human_review			incongruent	0	They are inspecting one trash	be_progressive	inspecting	trash	inspect	trash	0.0		USF:absent-both-directions	no	yes	yes	yes	no	
CAND_PLAUS_002568	plus	candidate_pending_human_review			incongruent	0	They do not inspect one trash	do_negation	inspect	trash	inspect	trash	0.0		USF:absent-both-directions	no	yes	yes	yes	no	
CAND_PLAUS_002569	plus	candidate_pending_human_review			incongruent	0	Every day they inspect one trash	present_3s	inspect	trash	inspect	trash	0.0		USF:absent-both-directions	no	yes	yes	yes	no	
CAND_PLAUS_002570	plus	candidate_pending_human_review			incongruent	0	Last week they inspected one trash	simple_past	inspected	trash	inspect	trash	0.0		USF:absent-both-directions	no	yes	yes	yes	no	
CAND_PLAUS_002571	plus	candidate_pending_human_review			incongruent	0	She is inspecting two trash	be_progressive	inspecting	trash	inspect	trash	0.0		USF:absent-both-directions	no	yes	yes	yes	no	
CAND_PLAUS_002572	plus	candidate_pending_human_review			incongruent	0	She does not inspect two trash	do_negation	inspect	trash	inspect	trash	0.0		USF:absent-both-directions	no	yes	yes	yes	no	
CAND_PLAUS_002573	plus	candidate_pending_human_review			incongruent	0	Every day she inspects two trash	present_3s	inspects	trash	inspect	trash	0.0		USF:absent-both-directions	no	yes	yes	yes	no	
CAND_PLAUS_002574	plus	candidate_pending_human_review			incongruent	0	Last week she inspected two trash	simple_past	inspected	trash	inspect	trash	0.0		USF:absent-both-directions	no	yes	yes	yes	no	
CAND_PLAUS_002575	plus	candidate_pending_human_review			incongruent	0	He is inspecting two trash	be_progressive	inspecting	trash	inspect	trash	0.0		USF:absent-both-directions	no	yes	yes	yes	no	
CAND_PLAUS_002576	plus	candidate_pending_human_review			incongruent	0	He does not inspect two trash	do_negation	inspect	trash	inspect	trash	0.0		USF:absent-both-directions	no	yes	yes	yes	no	
CAND_PLAUS_002577	plus	candidate_pending_human_review			incongruent	0	Every day he inspects two trash	present_3s	inspects	trash	inspect	trash	0.0		USF:absent-both-directions	no	yes	yes	yes	no	
CAND_PLAUS_002578	plus	candidate_pending_human_review			incongruent	0	Last week he inspected two trash	simple_past	inspected	trash	inspect	trash	0.0		USF:absent-both-directions	no	yes	yes	yes	no	
CAND_PLAUS_002579	plus	candidate_pending_human_review			incongruent	0	They are inspecting two trash	be_progressive	inspecting	trash	inspect	trash	0.0		USF:absent-both-directions	no	yes	yes	yes	no	
CAND_PLAUS_002580	plus	candidate_pending_human_review			incongruent	0	They do not inspect two trash	do_negation	inspect	trash	inspect	trash	0.0		USF:absent-both-directions	no	yes	yes	yes	no	
CAND_PLAUS_002581	plus	candidate_pending_human_review			incongruent	0	Every day they inspect two trash	present_3s	inspect	trash	inspect	trash	0.0		USF:absent-both-directions	no	yes	yes	yes	no	
CAND_PLAUS_002582	plus	candidate_pending_human_review			incongruent	0	Last week they inspected two trash	simple_past	inspected	trash	inspect	trash	0.0		USF:absent-both-directions	no	yes	yes	yes	no	
CAND_PLAUS_002583	plus	candidate_pending_human_review			incongruent	0	She is inspecting three trash	be_progressive	inspecting	trash	inspect	trash	0.0		USF:absent-both-directions	no	yes	yes	yes	no	
CAND_PLAUS_002584	plus	candidate_pending_human_review			incongruent	0	She does not inspect three trash	do_negation	inspect	trash	inspect	trash	0.0		USF:absent-both-directions	no	yes	yes	yes	no	
CAND_PLAUS_002585	plus	candidate_pending_human_review			incongruent	0	Every day she inspects three trash	present_3s	inspects	trash	inspect	trash	0.0		USF:absent-both-directions	no	yes	yes	yes	no	
CAND_PLAUS_002586	plus	candidate_pending_human_review			incongruent	0	Last week she inspected three trash	simple_past	inspected	trash	inspect	trash	0.0		USF:absent-both-directions	no	yes	yes	yes	no	
CAND_PLAUS_002587	plus	candidate_pending_human_review			incongruent	0	He is inspecting three trash	be_progressive	inspecting	trash	inspect	trash	0.0		USF:absent-both-directions	no	yes	yes	yes	no	
CAND_PLAUS_002588	plus	candidate_pending_human_review			incongruent	0	He does not inspect three trash	do_negation	inspect	trash	inspect	trash	0.0		USF:absent-both-directions	no	yes	yes	yes	no	
CAND_PLAUS_002589	plus	candidate_pending_human_review			incongruent	0	Every day he inspects three trash	present_3s	inspects	trash	inspect	trash	0.0		USF:absent-both-directions	no	yes	yes	yes	no	
CAND_PLAUS_002590	plus	candidate_pending_human_review			incongruent	0	Last week he inspected three trash	simple_past	inspected	trash	inspect	trash	0.0		USF:absent-both-directions	no	yes	yes	yes	no	
CAND_PLAUS_002591	plus	candidate_pending_human_review			incongruent	0	They are inspecting three trash	be_progressive	inspecting	trash	inspect	trash	0.0		USF:absent-both-directions	no	yes	yes	yes	no	
CAND_PLAUS_002592	plus	candidate_pending_human_review			incongruent	0	They do not inspect three trash	do_negation	inspect	trash	inspect	trash	0.0		USF:absent-both-directions	no	yes	yes	yes	no	
CAND_PLAUS_002593	plus	candidate_pending_human_review			incongruent	0	Every day they inspect three trash	present_3s	inspect	trash	inspect	trash	0.0		USF:absent-both-directions	no	yes	yes	yes	no	
CAND_PLAUS_002594	plus	candidate_pending_human_review			incongruent	0	Last week they inspected three trash	simple_past	inspected	trash	inspect	trash	0.0		USF:absent-both-directions	no	yes	yes	yes	no	
CAND_PLAUS_002595	plus	candidate_pending_human_review			incongruent	0	She is inspecting four trash	be_progressive	inspecting	trash	inspect	trash	0.0		USF:absent-both-directions	no	yes	yes	yes	no	
CAND_PLAUS_002596	plus	candidate_pending_human_review			incongruent	0	She does not inspect four trash	do_negation	inspect	trash	inspect	trash	0.0		USF:absent-both-directions	no	yes	yes	yes	no	
CAND_PLAUS_002597	plus	candidate_pending_human_review			incongruent	0	Every day she inspects four trash	present_3s	inspects	trash	inspect	trash	0.0		USF:absent-both-directions	no	yes	yes	yes	no	
CAND_PLAUS_002598	plus	candidate_pending_human_review			incongruent	0	Last week she inspected four trash	simple_past	inspected	trash	inspect	trash	0.0		USF:absent-both-directions	no	yes	yes	yes	no	
CAND_PLAUS_002599	plus	candidate_pending_human_review			incongruent	0	He is inspecting four trash	be_progressive	inspecting	trash	inspect	trash	0.0		USF:absent-both-directions	no	yes	yes	yes	no	
CAND_PLAUS_002600	plus	candidate_pending_human_review			incongruent	0	He does not inspect four trash	do_negation	inspect	trash	inspect	trash	0.0		USF:absent-both-directions	no	yes	yes	yes	no	
CAND_PLAUS_002601	plus	candidate_pending_human_review			incongruent	0	Every day he inspects four trash	present_3s	inspects	trash	inspect	trash	0.0		USF:absent-both-directions	no	yes	yes	yes	no	
CAND_PLAUS_002602	plus	candidate_pending_human_review			incongruent	0	Last week he inspected four trash	simple_past	inspected	trash	inspect	trash	0.0		USF:absent-both-directions	no	yes	yes	yes	no	
CAND_PLAUS_002603	plus	candidate_pending_human_review			incongruent	0	They are inspecting four trash	be_progressive	inspecting	trash	inspect	trash	0.0		USF:absent-both-directions	no	yes	yes	yes	no	
CAND_PLAUS_002604	plus	candidate_pending_human_review			incongruent	0	They do not inspect four trash	do_negation	inspect	trash	inspect	trash	0.0		USF:absent-both-directions	no	yes	yes	yes	no	
CAND_PLAUS_002605	plus	candidate_pending_human_review			incongruent	0	Every day they inspect four trash	present_3s	inspect	trash	inspect	trash	0.0		USF:absent-both-directions	no	yes	yes	yes	no	
CAND_PLAUS_002606	plus	candidate_pending_human_review			incongruent	0	Last week they inspected four trash	simple_past	inspected	trash	inspect	trash	0.0		USF:absent-both-directions	no	yes	yes	yes	no	
CAND_PLAUS_002607	plus	candidate_pending_human_review			incongruent	0	She is inspecting five trash	be_progressive	inspecting	trash	inspect	trash	0.0		USF:absent-both-directions	no	yes	yes	yes	no	
CAND_PLAUS_002608	plus	candidate_pending_human_review			incongruent	0	She does not inspect five trash	do_negation	inspect	trash	inspect	trash	0.0		USF:absent-both-directions	no	yes	yes	yes	no	
CAND_PLAUS_002609	plus	candidate_pending_human_review			incongruent	0	Every day she inspects five trash	present_3s	inspects	trash	inspect	trash	0.0		USF:absent-both-directions	no	yes	yes	yes	no	
CAND_PLAUS_002610	plus	candidate_pending_human_review			incongruent	0	Last week she inspected five trash	simple_past	inspected	trash	inspect	trash	0.0		USF:absent-both-directions	no	yes	yes	yes	no	
CAND_PLAUS_002611	plus	candidate_pending_human_review			incongruent	0	He is inspecting five trash	be_progressive	inspecting	trash	inspect	trash	0.0		USF:absent-both-directions	no	yes	yes	yes	no	
CAND_PLAUS_002612	plus	candidate_pending_human_review			incongruent	0	He does not inspect five trash	do_negation	inspect	trash	inspect	trash	0.0		USF:absent-both-directions	no	yes	yes	yes	no	
CAND_PLAUS_002613	plus	candidate_pending_human_review			incongruent	0	Every day he inspects five trash	present_3s	inspects	trash	inspect	trash	0.0		USF:absent-both-directions	no	yes	yes	yes	no	
CAND_PLAUS_002614	plus	candidate_pending_human_review			incongruent	0	Last week he inspected five trash	simple_past	inspected	trash	inspect	trash	0.0		USF:absent-both-directions	no	yes	yes	yes	no	
CAND_PLAUS_002615	plus	candidate_pending_human_review			incongruent	0	They are inspecting five trash	be_progressive	inspecting	trash	inspect	trash	0.0		USF:absent-both-directions	no	yes	yes	yes	no	
CAND_PLAUS_002616	plus	candidate_pending_human_review			incongruent	0	They do not inspect five trash	do_negation	inspect	trash	inspect	trash	0.0		USF:absent-both-directions	no	yes	yes	yes	no	
CAND_PLAUS_002617	plus	candidate_pending_human_review			incongruent	0	Every day they inspect five trash	present_3s	inspect	trash	inspect	trash	0.0		USF:absent-both-directions	no	yes	yes	yes	no	
CAND_PLAUS_002618	plus	candidate_pending_human_review			incongruent	0	Last week they inspected five trash	simple_past	inspected	trash	inspect	trash	0.0		USF:absent-both-directions	no	yes	yes	yes	no	
CAND_PLAUS_002619	plus	candidate_pending_human_review			incongruent	0	She is inspecting six trash	be_progressive	inspecting	trash	inspect	trash	0.0		USF:absent-both-directions	no	yes	yes	yes	no	
CAND_PLAUS_002620	plus	candidate_pending_human_review			incongruent	0	She does not inspect six trash	do_negation	inspect	trash	inspect	trash	0.0		USF:absent-both-directions	no	yes	yes	yes	no	
CAND_PLAUS_002621	plus	candidate_pending_human_review			incongruent	0	Every day she inspects six trash	present_3s	inspects	trash	inspect	trash	0.0		USF:absent-both-directions	no	yes	yes	yes	no	
CAND_PLAUS_002622	plus	candidate_pending_human_review			incongruent	0	Last week she inspected six trash	simple_past	inspected	trash	inspect	trash	0.0		USF:absent-both-directions	no	yes	yes	yes	no	
CAND_PLAUS_002623	plus	candidate_pending_human_review			incongruent	0	He is inspecting six trash	be_progressive	inspecting	trash	inspect	trash	0.0		USF:absent-both-directions	no	yes	yes	yes	no	
CAND_PLAUS_002624	plus	candidate_pending_human_review			incongruent	0	He does not inspect six trash	do_negation	inspect	trash	inspect	trash	0.0		USF:absent-both-directions	no	yes	yes	yes	no	
CAND_PLAUS_002625	plus	candidate_pending_human_review			incongruent	0	Every day he inspects six trash	present_3s	inspects	trash	inspect	trash	0.0		USF:absent-both-directions	no	yes	yes	yes	no	
CAND_PLAUS_002626	plus	candidate_pending_human_review			incongruent	0	Last week he inspected six trash	simple_past	inspected	trash	inspect	trash	0.0		USF:absent-both-directions	no	yes	yes	yes	no	
CAND_PLAUS_002627	plus	candidate_pending_human_review			incongruent	0	They are inspecting six trash	be_progressive	inspecting	trash	inspect	trash	0.0		USF:absent-both-directions	no	yes	yes	yes	no	
CAND_PLAUS_002628	plus	candidate_pending_human_review			incongruent	0	They do not inspect six trash	do_negation	inspect	trash	inspect	trash	0.0		USF:absent-both-directions	no	yes	yes	yes	no	
CAND_PLAUS_002629	plus	candidate_pending_human_review			incongruent	0	Every day they inspect six trash	present_3s	inspect	trash	inspect	trash	0.0		USF:absent-both-directions	no	yes	yes	yes	no	
CAND_PLAUS_002630	plus	candidate_pending_human_review			incongruent	0	Last week they inspected six trash	simple_past	inspected	trash	inspect	trash	0.0		USF:absent-both-directions	no	yes	yes	yes	no	
CAND_PLAUS_002631	plus	candidate_pending_human_review			incongruent	0	She is turning one sugar	be_progressive	turning	sugar	turn	sugar	0.0		USF:absent-both-directions	no	yes	yes	yes	no	
CAND_PLAUS_002632	plus	candidate_pending_human_review			incongruent	0	She does not turn one sugar	do_negation	turn	sugar	turn	sugar	0.0		USF:absent-both-directions	no	yes	yes	yes	no	
CAND_PLAUS_002633	plus	candidate_pending_human_review			incongruent	0	Every day she turns one sugar	present_3s	turns	sugar	turn	sugar	0.0		USF:absent-both-directions	no	yes	yes	yes	no	
CAND_PLAUS_002634	plus	candidate_pending_human_review			incongruent	0	Last week she turned one sugar	simple_past	turned	sugar	turn	sugar	0.0		USF:absent-both-directions	no	yes	yes	yes	no	
CAND_PLAUS_002635	plus	candidate_pending_human_review			incongruent	0	He is turning one sugar	be_progressive	turning	sugar	turn	sugar	0.0		USF:absent-both-directions	no	yes	yes	yes	no	
CAND_PLAUS_002636	plus	candidate_pending_human_review			incongruent	0	He does not turn one sugar	do_negation	turn	sugar	turn	sugar	0.0		USF:absent-both-directions	no	yes	yes	yes	no	
CAND_PLAUS_002637	plus	candidate_pending_human_review			incongruent	0	Every day he turns one sugar	present_3s	turns	sugar	turn	sugar	0.0		USF:absent-both-directions	no	yes	yes	yes	no	
CAND_PLAUS_002638	plus	candidate_pending_human_review			incongruent	0	Last week he turned one sugar	simple_past	turned	sugar	turn	sugar	0.0		USF:absent-both-directions	no	yes	yes	yes	no	
CAND_PLAUS_002639	plus	candidate_pending_human_review			incongruent	0	They are turning one sugar	be_progressive	turning	sugar	turn	sugar	0.0		USF:absent-both-directions	no	yes	yes	yes	no	
CAND_PLAUS_002640	plus	candidate_pending_human_review			incongruent	0	They do not turn one sugar	do_negation	turn	sugar	turn	sugar	0.0		USF:absent-both-directions	no	yes	yes	yes	no	
CAND_PLAUS_002641	plus	candidate_pending_human_review			incongruent	0	Every day they turn one sugar	present_3s	turn	sugar	turn	sugar	0.0		USF:absent-both-directions	no	yes	yes	yes	no	
CAND_PLAUS_002642	plus	candidate_pending_human_review			incongruent	0	Last week they turned one sugar	simple_past	turned	sugar	turn	sugar	0.0		USF:absent-both-directions	no	yes	yes	yes	no	
CAND_PLAUS_002643	plus	candidate_pending_human_review			incongruent	0	She is turning two sugars	be_progressive	turning	sugars	turn	sugar	0.0		USF:absent-both-directions	no	yes	yes	yes	no	
CAND_PLAUS_002644	plus	candidate_pending_human_review			incongruent	0	She does not turn two sugars	do_negation	turn	sugars	turn	sugar	0.0		USF:absent-both-directions	no	yes	yes	yes	no	
CAND_PLAUS_002645	plus	candidate_pending_human_review			incongruent	0	Every day she turns two sugars	present_3s	turns	sugars	turn	sugar	0.0		USF:absent-both-directions	no	yes	yes	yes	no	
CAND_PLAUS_002646	plus	candidate_pending_human_review			incongruent	0	Last week she turned two sugars	simple_past	turned	sugars	turn	sugar	0.0		USF:absent-both-directions	no	yes	yes	yes	no	
CAND_PLAUS_002647	plus	candidate_pending_human_review			incongruent	0	He is turning two sugars	be_progressive	turning	sugars	turn	sugar	0.0		USF:absent-both-directions	no	yes	yes	yes	no	
CAND_PLAUS_002648	plus	candidate_pending_human_review			incongruent	0	He does not turn two sugars	do_negation	turn	sugars	turn	sugar	0.0		USF:absent-both-directions	no	yes	yes	yes	no	
CAND_PLAUS_002649	plus	candidate_pending_human_review			incongruent	0	Every day he turns two sugars	present_3s	turns	sugars	turn	sugar	0.0		USF:absent-both-directions	no	yes	yes	yes	no	
CAND_PLAUS_002650	plus	candidate_pending_human_review			incongruent	0	Last week he turned two sugars	simple_past	turned	sugars	turn	sugar	0.0		USF:absent-both-directions	no	yes	yes	yes	no	
CAND_PLAUS_002651	plus	candidate_pending_human_review			incongruent	0	They are turning two sugars	be_progressive	turning	sugars	turn	sugar	0.0		USF:absent-both-directions	no	yes	yes	yes	no	
CAND_PLAUS_002652	plus	candidate_pending_human_review			incongruent	0	They do not turn two sugars	do_negation	turn	sugars	turn	sugar	0.0		USF:absent-both-directions	no	yes	yes	yes	no	
CAND_PLAUS_002653	plus	candidate_pending_human_review			incongruent	0	Every day they turn two sugars	present_3s	turn	sugars	turn	sugar	0.0		USF:absent-both-directions	no	yes	yes	yes	no	
CAND_PLAUS_002654	plus	candidate_pending_human_review			incongruent	0	Last week they turned two sugars	simple_past	turned	sugars	turn	sugar	0.0		USF:absent-both-directions	no	yes	yes	yes	no	
CAND_PLAUS_002655	plus	candidate_pending_human_review			incongruent	0	She is turning three sugars	be_progressive	turning	sugars	turn	sugar	0.0		USF:absent-both-directions	no	yes	yes	yes	no	
CAND_PLAUS_002656	plus	candidate_pending_human_review			incongruent	0	She does not turn three sugars	do_negation	turn	sugars	turn	sugar	0.0		USF:absent-both-directions	no	yes	yes	yes	no	
CAND_PLAUS_002657	plus	candidate_pending_human_review			incongruent	0	Every day she turns three sugars	present_3s	turns	sugars	turn	sugar	0.0		USF:absent-both-directions	no	yes	yes	yes	no	
CAND_PLAUS_002658	plus	candidate_pending_human_review			incongruent	0	Last week she turned three sugars	simple_past	turned	sugars	turn	sugar	0.0		USF:absent-both-directions	no	yes	yes	yes	no	
CAND_PLAUS_002659	plus	candidate_pending_human_review			incongruent	0	He is turning three sugars	be_progressive	turning	sugars	turn	sugar	0.0		USF:absent-both-directions	no	yes	yes	yes	no	
CAND_PLAUS_002660	plus	candidate_pending_human_review			incongruent	0	He does not turn three sugars	do_negation	turn	sugars	turn	sugar	0.0		USF:absent-both-directions	no	yes	yes	yes	no	
CAND_PLAUS_002661	plus	candidate_pending_human_review			incongruent	0	Every day he turns three sugars	present_3s	turns	sugars	turn	sugar	0.0		USF:absent-both-directions	no	yes	yes	yes	no	
CAND_PLAUS_002662	plus	candidate_pending_human_review			incongruent	0	Last week he turned three sugars	simple_past	turned	sugars	turn	sugar	0.0		USF:absent-both-directions	no	yes	yes	yes	no	
CAND_PLAUS_002663	plus	candidate_pending_human_review			incongruent	0	They are turning three sugars	be_progressive	turning	sugars	turn	sugar	0.0		USF:absent-both-directions	no	yes	yes	yes	no	
CAND_PLAUS_002664	plus	candidate_pending_human_review			incongruent	0	They do not turn three sugars	do_negation	turn	sugars	turn	sugar	0.0		USF:absent-both-directions	no	yes	yes	yes	no	
CAND_PLAUS_002665	plus	candidate_pending_human_review			incongruent	0	Every day they turn three sugars	present_3s	turn	sugars	turn	sugar	0.0		USF:absent-both-directions	no	yes	yes	yes	no	
CAND_PLAUS_002666	plus	candidate_pending_human_review			incongruent	0	Last week they turned three sugars	simple_past	turned	sugars	turn	sugar	0.0		USF:absent-both-directions	no	yes	yes	yes	no	
CAND_PLAUS_002667	plus	candidate_pending_human_review			incongruent	0	She is turning four sugars	be_progressive	turning	sugars	turn	sugar	0.0		USF:absent-both-directions	no	yes	yes	yes	no	
CAND_PLAUS_002668	plus	candidate_pending_human_review			incongruent	0	She does not turn four sugars	do_negation	turn	sugars	turn	sugar	0.0		USF:absent-both-directions	no	yes	yes	yes	no	
CAND_PLAUS_002669	plus	candidate_pending_human_review			incongruent	0	Every day she turns four sugars	present_3s	turns	sugars	turn	sugar	0.0		USF:absent-both-directions	no	yes	yes	yes	no	
CAND_PLAUS_002670	plus	candidate_pending_human_review			incongruent	0	Last week she turned four sugars	simple_past	turned	sugars	turn	sugar	0.0		USF:absent-both-directions	no	yes	yes	yes	no	
CAND_PLAUS_002671	plus	candidate_pending_human_review			incongruent	0	He is turning four sugars	be_progressive	turning	sugars	turn	sugar	0.0		USF:absent-both-directions	no	yes	yes	yes	no	
CAND_PLAUS_002672	plus	candidate_pending_human_review			incongruent	0	He does not turn four sugars	do_negation	turn	sugars	turn	sugar	0.0		USF:absent-both-directions	no	yes	yes	yes	no	
CAND_PLAUS_002673	plus	candidate_pending_human_review			incongruent	0	Every day he turns four sugars	present_3s	turns	sugars	turn	sugar	0.0		USF:absent-both-directions	no	yes	yes	yes	no	
CAND_PLAUS_002674	plus	candidate_pending_human_review			incongruent	0	Last week he turned four sugars	simple_past	turned	sugars	turn	sugar	0.0		USF:absent-both-directions	no	yes	yes	yes	no	
CAND_PLAUS_002675	plus	candidate_pending_human_review			incongruent	0	They are turning four sugars	be_progressive	turning	sugars	turn	sugar	0.0		USF:absent-both-directions	no	yes	yes	yes	no	
CAND_PLAUS_002676	plus	candidate_pending_human_review			incongruent	0	They do not turn four sugars	do_negation	turn	sugars	turn	sugar	0.0		USF:absent-both-directions	no	yes	yes	yes	no	
CAND_PLAUS_002677	plus	candidate_pending_human_review			incongruent	0	Every day they turn four sugars	present_3s	turn	sugars	turn	sugar	0.0		USF:absent-both-directions	no	yes	yes	yes	no	
CAND_PLAUS_002678	plus	candidate_pending_human_review			incongruent	0	Last week they turned four sugars	simple_past	turned	sugars	turn	sugar	0.0		USF:absent-both-directions	no	yes	yes	yes	no	
CAND_PLAUS_002679	plus	candidate_pending_human_review			incongruent	0	She is turning five sugars	be_progressive	turning	sugars	turn	sugar	0.0		USF:absent-both-directions	no	yes	yes	yes	no	
CAND_PLAUS_002680	plus	candidate_pending_human_review			incongruent	0	She does not turn five sugars	do_negation	turn	sugars	turn	sugar	0.0		USF:absent-both-directions	no	yes	yes	yes	no	
CAND_PLAUS_002681	plus	candidate_pending_human_review			incongruent	0	Every day she turns five sugars	present_3s	turns	sugars	turn	sugar	0.0		USF:absent-both-directions	no	yes	yes	yes	no	
CAND_PLAUS_002682	plus	candidate_pending_human_review			incongruent	0	Last week she turned five sugars	simple_past	turned	sugars	turn	sugar	0.0		USF:absent-both-directions	no	yes	yes	yes	no	
CAND_PLAUS_002683	plus	candidate_pending_human_review			incongruent	0	He is turning five sugars	be_progressive	turning	sugars	turn	sugar	0.0		USF:absent-both-directions	no	yes	yes	yes	no	
CAND_PLAUS_002684	plus	candidate_pending_human_review			incongruent	0	He does not turn five sugars	do_negation	turn	sugars	turn	sugar	0.0		USF:absent-both-directions	no	yes	yes	yes	no	
CAND_PLAUS_002685	plus	candidate_pending_human_review			incongruent	0	Every day he turns five sugars	present_3s	turns	sugars	turn	sugar	0.0		USF:absent-both-directions	no	yes	yes	yes	no	
CAND_PLAUS_002686	plus	candidate_pending_human_review			incongruent	0	Last week he turned five sugars	simple_past	turned	sugars	turn	sugar	0.0		USF:absent-both-directions	no	yes	yes	yes	no	
CAND_PLAUS_002687	plus	candidate_pending_human_review			incongruent	0	They are turning five sugars	be_progressive	turning	sugars	turn	sugar	0.0		USF:absent-both-directions	no	yes	yes	yes	no	
CAND_PLAUS_002688	plus	candidate_pending_human_review			incongruent	0	They do not turn five sugars	do_negation	turn	sugars	turn	sugar	0.0		USF:absent-both-directions	no	yes	yes	yes	no	
CAND_PLAUS_002689	plus	candidate_pending_human_review			incongruent	0	Every day they turn five sugars	present_3s	turn	sugars	turn	sugar	0.0		USF:absent-both-directions	no	yes	yes	yes	no	
CAND_PLAUS_002690	plus	candidate_pending_human_review			incongruent	0	Last week they turned five sugars	simple_past	turned	sugars	turn	sugar	0.0		USF:absent-both-directions	no	yes	yes	yes	no	
CAND_PLAUS_002691	plus	candidate_pending_human_review			incongruent	0	She is turning six sugars	be_progressive	turning	sugars	turn	sugar	0.0		USF:absent-both-directions	no	yes	yes	yes	no	
CAND_PLAUS_002692	plus	candidate_pending_human_review			incongruent	0	She does not turn six sugars	do_negation	turn	sugars	turn	sugar	0.0		USF:absent-both-directions	no	yes	yes	yes	no	
CAND_PLAUS_002693	plus	candidate_pending_human_review			incongruent	0	Every day she turns six sugars	present_3s	turns	sugars	turn	sugar	0.0		USF:absent-both-directions	no	yes	yes	yes	no	
CAND_PLAUS_002694	plus	candidate_pending_human_review			incongruent	0	Last week she turned six sugars	simple_past	turned	sugars	turn	sugar	0.0		USF:absent-both-directions	no	yes	yes	yes	no	
CAND_PLAUS_002695	plus	candidate_pending_human_review			incongruent	0	He is turning six sugars	be_progressive	turning	sugars	turn	sugar	0.0		USF:absent-both-directions	no	yes	yes	yes	no	
CAND_PLAUS_002696	plus	candidate_pending_human_review			incongruent	0	He does not turn six sugars	do_negation	turn	sugars	turn	sugar	0.0		USF:absent-both-directions	no	yes	yes	yes	no	
CAND_PLAUS_002697	plus	candidate_pending_human_review			incongruent	0	Every day he turns six sugars	present_3s	turns	sugars	turn	sugar	0.0		USF:absent-both-directions	no	yes	yes	yes	no	
CAND_PLAUS_002698	plus	candidate_pending_human_review			incongruent	0	Last week he turned six sugars	simple_past	turned	sugars	turn	sugar	0.0		USF:absent-both-directions	no	yes	yes	yes	no	
CAND_PLAUS_002699	plus	candidate_pending_human_review			incongruent	0	They are turning six sugars	be_progressive	turning	sugars	turn	sugar	0.0		USF:absent-both-directions	no	yes	yes	yes	no	
CAND_PLAUS_002700	plus	candidate_pending_human_review			incongruent	0	They do not turn six sugars	do_negation	turn	sugars	turn	sugar	0.0		USF:absent-both-directions	no	yes	yes	yes	no	
CAND_PLAUS_002701	plus	candidate_pending_human_review			incongruent	0	Every day they turn six sugars	present_3s	turn	sugars	turn	sugar	0.0		USF:absent-both-directions	no	yes	yes	yes	no	
CAND_PLAUS_002702	plus	candidate_pending_human_review			incongruent	0	Last week they turned six sugars	simple_past	turned	sugars	turn	sugar	0.0		USF:absent-both-directions	no	yes	yes	yes	no	
CAND_PLAUS_002703	plus	candidate_pending_human_review			incongruent	0	She is deciding one blender	be_progressive	deciding	blender	decide	blender	0.0		USF:absent-both-directions	no	yes	yes	yes	no	
CAND_PLAUS_002704	plus	candidate_pending_human_review			incongruent	0	She does not decide one blender	do_negation	decide	blender	decide	blender	0.0		USF:absent-both-directions	no	yes	yes	yes	no	
CAND_PLAUS_002705	plus	candidate_pending_human_review			incongruent	0	Every day she decides one blender	present_3s	decides	blender	decide	blender	0.0		USF:absent-both-directions	no	yes	yes	yes	no	
CAND_PLAUS_002706	plus	candidate_pending_human_review			incongruent	0	Last week she decided one blender	simple_past	decided	blender	decide	blender	0.0		USF:absent-both-directions	no	yes	yes	yes	no	
CAND_PLAUS_002707	plus	candidate_pending_human_review			incongruent	0	He is deciding one blender	be_progressive	deciding	blender	decide	blender	0.0		USF:absent-both-directions	no	yes	yes	yes	no	
CAND_PLAUS_002708	plus	candidate_pending_human_review			incongruent	0	He does not decide one blender	do_negation	decide	blender	decide	blender	0.0		USF:absent-both-directions	no	yes	yes	yes	no	
CAND_PLAUS_002709	plus	candidate_pending_human_review			incongruent	0	Every day he decides one blender	present_3s	decides	blender	decide	blender	0.0		USF:absent-both-directions	no	yes	yes	yes	no	
CAND_PLAUS_002710	plus	candidate_pending_human_review			incongruent	0	Last week he decided one blender	simple_past	decided	blender	decide	blender	0.0		USF:absent-both-directions	no	yes	yes	yes	no	
CAND_PLAUS_002711	plus	candidate_pending_human_review			incongruent	0	They are deciding one blender	be_progressive	deciding	blender	decide	blender	0.0		USF:absent-both-directions	no	yes	yes	yes	no	
CAND_PLAUS_002712	plus	candidate_pending_human_review			incongruent	0	They do not decide one blender	do_negation	decide	blender	decide	blender	0.0		USF:absent-both-directions	no	yes	yes	yes	no	
CAND_PLAUS_002713	plus	candidate_pending_human_review			incongruent	0	Every day they decide one blender	present_3s	decide	blender	decide	blender	0.0		USF:absent-both-directions	no	yes	yes	yes	no	
CAND_PLAUS_002714	plus	candidate_pending_human_review			incongruent	0	Last week they decided one blender	simple_past	decided	blender	decide	blender	0.0		USF:absent-both-directions	no	yes	yes	yes	no	
CAND_PLAUS_002715	plus	candidate_pending_human_review			incongruent	0	She is deciding two blenders	be_progressive	deciding	blenders	decide	blender	0.0		USF:absent-both-directions	no	yes	yes	yes	no	
CAND_PLAUS_002716	plus	candidate_pending_human_review			incongruent	0	She does not decide two blenders	do_negation	decide	blenders	decide	blender	0.0		USF:absent-both-directions	no	yes	yes	yes	no	
CAND_PLAUS_002717	plus	candidate_pending_human_review			incongruent	0	Every day she decides two blenders	present_3s	decides	blenders	decide	blender	0.0		USF:absent-both-directions	no	yes	yes	yes	no	
CAND_PLAUS_002718	plus	candidate_pending_human_review			incongruent	0	Last week she decided two blenders	simple_past	decided	blenders	decide	blender	0.0		USF:absent-both-directions	no	yes	yes	yes	no	
CAND_PLAUS_002719	plus	candidate_pending_human_review			incongruent	0	He is deciding two blenders	be_progressive	deciding	blenders	decide	blender	0.0		USF:absent-both-directions	no	yes	yes	yes	no	
CAND_PLAUS_002720	plus	candidate_pending_human_review			incongruent	0	He does not decide two blenders	do_negation	decide	blenders	decide	blender	0.0		USF:absent-both-directions	no	yes	yes	yes	no	
CAND_PLAUS_002721	plus	candidate_pending_human_review			incongruent	0	Every day he decides two blenders	present_3s	decides	blenders	decide	blender	0.0		USF:absent-both-directions	no	yes	yes	yes	no	
CAND_PLAUS_002722	plus	candidate_pending_human_review			incongruent	0	Last week he decided two blenders	simple_past	decided	blenders	decide	blender	0.0		USF:absent-both-directions	no	yes	yes	yes	no	
CAND_PLAUS_002723	plus	candidate_pending_human_review			incongruent	0	They are deciding two blenders	be_progressive	deciding	blenders	decide	blender	0.0		USF:absent-both-directions	no	yes	yes	yes	no	
CAND_PLAUS_002724	plus	candidate_pending_human_review			incongruent	0	They do not decide two blenders	do_negation	decide	blenders	decide	blender	0.0		USF:absent-both-directions	no	yes	yes	yes	no	
CAND_PLAUS_002725	plus	candidate_pending_human_review			incongruent	0	Every day they decide two blenders	present_3s	decide	blenders	decide	blender	0.0		USF:absent-both-directions	no	yes	yes	yes	no	
CAND_PLAUS_002726	plus	candidate_pending_human_review			incongruent	0	Last week they decided two blenders	simple_past	decided	blenders	decide	blender	0.0		USF:absent-both-directions	no	yes	yes	yes	no	
CAND_PLAUS_002727	plus	candidate_pending_human_review			incongruent	0	She is deciding three blenders	be_progressive	deciding	blenders	decide	blender	0.0		USF:absent-both-directions	no	yes	yes	yes	no	
CAND_PLAUS_002728	plus	candidate_pending_human_review			incongruent	0	She does not decide three blenders	do_negation	decide	blenders	decide	blender	0.0		USF:absent-both-directions	no	yes	yes	yes	no	
CAND_PLAUS_002729	plus	candidate_pending_human_review			incongruent	0	Every day she decides three blenders	present_3s	decides	blenders	decide	blender	0.0		USF:absent-both-directions	no	yes	yes	yes	no	
CAND_PLAUS_002730	plus	candidate_pending_human_review			incongruent	0	Last week she decided three blenders	simple_past	decided	blenders	decide	blender	0.0		USF:absent-both-directions	no	yes	yes	yes	no	
CAND_PLAUS_002731	plus	candidate_pending_human_review			incongruent	0	He is deciding three blenders	be_progressive	deciding	blenders	decide	blender	0.0		USF:absent-both-directions	no	yes	yes	yes	no	
CAND_PLAUS_002732	plus	candidate_pending_human_review			incongruent	0	He does not decide three blenders	do_negation	decide	blenders	decide	blender	0.0		USF:absent-both-directions	no	yes	yes	yes	no	
CAND_PLAUS_002733	plus	candidate_pending_human_review			incongruent	0	Every day he decides three blenders	present_3s	decides	blenders	decide	blender	0.0		USF:absent-both-directions	no	yes	yes	yes	no	
CAND_PLAUS_002734	plus	candidate_pending_human_review			incongruent	0	Last week he decided three blenders	simple_past	decided	blenders	decide	blender	0.0		USF:absent-both-directions	no	yes	yes	yes	no	
CAND_PLAUS_002735	plus	candidate_pending_human_review			incongruent	0	They are deciding three blenders	be_progressive	deciding	blenders	decide	blender	0.0		USF:absent-both-directions	no	yes	yes	yes	no	
CAND_PLAUS_002736	plus	candidate_pending_human_review			incongruent	0	They do not decide three blenders	do_negation	decide	blenders	decide	blender	0.0		USF:absent-both-directions	no	yes	yes	yes	no	
CAND_PLAUS_002737	plus	candidate_pending_human_review			incongruent	0	Every day they decide three blenders	present_3s	decide	blenders	decide	blender	0.0		USF:absent-both-directions	no	yes	yes	yes	no	
CAND_PLAUS_002738	plus	candidate_pending_human_review			incongruent	0	Last week they decided three blenders	simple_past	decided	blenders	decide	blender	0.0		USF:absent-both-directions	no	yes	yes	yes	no	
CAND_PLAUS_002739	plus	candidate_pending_human_review			incongruent	0	She is deciding four blenders	be_progressive	deciding	blenders	decide	blender	0.0		USF:absent-both-directions	no	yes	yes	yes	no	
CAND_PLAUS_002740	plus	candidate_pending_human_review			incongruent	0	She does not decide four blenders	do_negation	decide	blenders	decide	blender	0.0		USF:absent-both-directions	no	yes	yes	yes	no	
CAND_PLAUS_002741	plus	candidate_pending_human_review			incongruent	0	Every day she decides four blenders	present_3s	decides	blenders	decide	blender	0.0		USF:absent-both-directions	no	yes	yes	yes	no	
CAND_PLAUS_002742	plus	candidate_pending_human_review			incongruent	0	Last week she decided four blenders	simple_past	decided	blenders	decide	blender	0.0		USF:absent-both-directions	no	yes	yes	yes	no	
CAND_PLAUS_002743	plus	candidate_pending_human_review			incongruent	0	He is deciding four blenders	be_progressive	deciding	blenders	decide	blender	0.0		USF:absent-both-directions	no	yes	yes	yes	no	
CAND_PLAUS_002744	plus	candidate_pending_human_review			incongruent	0	He does not decide four blenders	do_negation	decide	blenders	decide	blender	0.0		USF:absent-both-directions	no	yes	yes	yes	no	
CAND_PLAUS_002745	plus	candidate_pending_human_review			incongruent	0	Every day he decides four blenders	present_3s	decides	blenders	decide	blender	0.0		USF:absent-both-directions	no	yes	yes	yes	no	
CAND_PLAUS_002746	plus	candidate_pending_human_review			incongruent	0	Last week he decided four blenders	simple_past	decided	blenders	decide	blender	0.0		USF:absent-both-directions	no	yes	yes	yes	no	
CAND_PLAUS_002747	plus	candidate_pending_human_review			incongruent	0	They are deciding four blenders	be_progressive	deciding	blenders	decide	blender	0.0		USF:absent-both-directions	no	yes	yes	yes	no	
CAND_PLAUS_002748	plus	candidate_pending_human_review			incongruent	0	They do not decide four blenders	do_negation	decide	blenders	decide	blender	0.0		USF:absent-both-directions	no	yes	yes	yes	no	
CAND_PLAUS_002749	plus	candidate_pending_human_review			incongruent	0	Every day they decide four blenders	present_3s	decide	blenders	decide	blender	0.0		USF:absent-both-directions	no	yes	yes	yes	no	
CAND_PLAUS_002750	plus	candidate_pending_human_review			incongruent	0	Last week they decided four blenders	simple_past	decided	blenders	decide	blender	0.0		USF:absent-both-directions	no	yes	yes	yes	no	
CAND_PLAUS_002751	plus	candidate_pending_human_review			incongruent	0	She is deciding five blenders	be_progressive	deciding	blenders	decide	blender	0.0		USF:absent-both-directions	no	yes	yes	yes	no	
CAND_PLAUS_002752	plus	candidate_pending_human_review			incongruent	0	She does not decide five blenders	do_negation	decide	blenders	decide	blender	0.0		USF:absent-both-directions	no	yes	yes	yes	no	
CAND_PLAUS_002753	plus	candidate_pending_human_review			incongruent	0	Every day she decides five blenders	present_3s	decides	blenders	decide	blender	0.0		USF:absent-both-directions	no	yes	yes	yes	no	
CAND_PLAUS_002754	plus	candidate_pending_human_review			incongruent	0	Last week she decided five blenders	simple_past	decided	blenders	decide	blender	0.0		USF:absent-both-directions	no	yes	yes	yes	no	
CAND_PLAUS_002755	plus	candidate_pending_human_review			incongruent	0	He is deciding five blenders	be_progressive	deciding	blenders	decide	blender	0.0		USF:absent-both-directions	no	yes	yes	yes	no	
CAND_PLAUS_002756	plus	candidate_pending_human_review			incongruent	0	He does not decide five blenders	do_negation	decide	blenders	decide	blender	0.0		USF:absent-both-directions	no	yes	yes	yes	no	
CAND_PLAUS_002757	plus	candidate_pending_human_review			incongruent	0	Every day he decides five blenders	present_3s	decides	blenders	decide	blender	0.0		USF:absent-both-directions	no	yes	yes	yes	no	
CAND_PLAUS_002758	plus	candidate_pending_human_review			incongruent	0	Last week he decided five blenders	simple_past	decided	blenders	decide	blender	0.0		USF:absent-both-directions	no	yes	yes	yes	no	
CAND_PLAUS_002759	plus	candidate_pending_human_review			incongruent	0	They are deciding five blenders	be_progressive	deciding	blenders	decide	blender	0.0		USF:absent-both-directions	no	yes	yes	yes	no	
CAND_PLAUS_002760	plus	candidate_pending_human_review			incongruent	0	They do not decide five blenders	do_negation	decide	blenders	decide	blender	0.0		USF:absent-both-directions	no	yes	yes	yes	no	
CAND_PLAUS_002761	plus	candidate_pending_human_review			incongruent	0	Every day they decide five blenders	present_3s	decide	blenders	decide	blender	0.0		USF:absent-both-directions	no	yes	yes	yes	no	
CAND_PLAUS_002762	plus	candidate_pending_human_review			incongruent	0	Last week they decided five blenders	simple_past	decided	blenders	decide	blender	0.0		USF:absent-both-directions	no	yes	yes	yes	no	
CAND_PLAUS_002763	plus	candidate_pending_human_review			incongruent	0	She is deciding six blenders	be_progressive	deciding	blenders	decide	blender	0.0		USF:absent-both-directions	no	yes	yes	yes	no	
CAND_PLAUS_002764	plus	candidate_pending_human_review			incongruent	0	She does not decide six blenders	do_negation	decide	blenders	decide	blender	0.0		USF:absent-both-directions	no	yes	yes	yes	no	
CAND_PLAUS_002765	plus	candidate_pending_human_review			incongruent	0	Every day she decides six blenders	present_3s	decides	blenders	decide	blender	0.0		USF:absent-both-directions	no	yes	yes	yes	no	
CAND_PLAUS_002766	plus	candidate_pending_human_review			incongruent	0	Last week she decided six blenders	simple_past	decided	blenders	decide	blender	0.0		USF:absent-both-directions	no	yes	yes	yes	no	
CAND_PLAUS_002767	plus	candidate_pending_human_review			incongruent	0	He is deciding six blenders	be_progressive	deciding	blenders	decide	blender	0.0		USF:absent-both-directions	no	yes	yes	yes	no	
CAND_PLAUS_002768	plus	candidate_pending_human_review			incongruent	0	He does not decide six blenders	do_negation	decide	blenders	decide	blender	0.0		USF:absent-both-directions	no	yes	yes	yes	no	
CAND_PLAUS_002769	plus	candidate_pending_human_review			incongruent	0	Every day he decides six blenders	present_3s	decides	blenders	decide	blender	0.0		USF:absent-both-directions	no	yes	yes	yes	no	
CAND_PLAUS_002770	plus	candidate_pending_human_review			incongruent	0	Last week he decided six blenders	simple_past	decided	blenders	decide	blender	0.0		USF:absent-both-directions	no	yes	yes	yes	no	
CAND_PLAUS_002771	plus	candidate_pending_human_review			incongruent	0	They are deciding six blenders	be_progressive	deciding	blenders	decide	blender	0.0		USF:absent-both-directions	no	yes	yes	yes	no	
CAND_PLAUS_002772	plus	candidate_pending_human_review			incongruent	0	They do not decide six blenders	do_negation	decide	blenders	decide	blender	0.0		USF:absent-both-directions	no	yes	yes	yes	no	
CAND_PLAUS_002773	plus	candidate_pending_human_review			incongruent	0	Every day they decide six blenders	present_3s	decide	blenders	decide	blender	0.0		USF:absent-both-directions	no	yes	yes	yes	no	
CAND_PLAUS_002774	plus	candidate_pending_human_review			incongruent	0	Last week they decided six blenders	simple_past	decided	blenders	decide	blender	0.0		USF:absent-both-directions	no	yes	yes	yes	no	
CAND_PLAUS_002775	plus	candidate_pending_human_review			incongruent	0	She is demolishing one gold	be_progressive	demolishing	gold	demolish	gold	0.0		USF:absent-both-directions	no	yes	yes	yes	no	
CAND_PLAUS_002776	plus	candidate_pending_human_review			incongruent	0	She does not demolish one gold	do_negation	demolish	gold	demolish	gold	0.0		USF:absent-both-directions	no	yes	yes	yes	no	
CAND_PLAUS_002777	plus	candidate_pending_human_review			incongruent	0	Every day she demolishes one gold	present_3s	demolishes	gold	demolish	gold	0.0		USF:absent-both-directions	no	yes	yes	yes	no	
CAND_PLAUS_002778	plus	candidate_pending_human_review			incongruent	0	Last week she demolished one gold	simple_past	demolished	gold	demolish	gold	0.0		USF:absent-both-directions	no	yes	yes	yes	no	
CAND_PLAUS_002779	plus	candidate_pending_human_review			incongruent	0	He is demolishing one gold	be_progressive	demolishing	gold	demolish	gold	0.0		USF:absent-both-directions	no	yes	yes	yes	no	
CAND_PLAUS_002780	plus	candidate_pending_human_review			incongruent	0	He does not demolish one gold	do_negation	demolish	gold	demolish	gold	0.0		USF:absent-both-directions	no	yes	yes	yes	no	
CAND_PLAUS_002781	plus	candidate_pending_human_review			incongruent	0	Every day he demolishes one gold	present_3s	demolishes	gold	demolish	gold	0.0		USF:absent-both-directions	no	yes	yes	yes	no	
CAND_PLAUS_002782	plus	candidate_pending_human_review			incongruent	0	Last week he demolished one gold	simple_past	demolished	gold	demolish	gold	0.0		USF:absent-both-directions	no	yes	yes	yes	no	
CAND_PLAUS_002783	plus	candidate_pending_human_review			incongruent	0	They are demolishing one gold	be_progressive	demolishing	gold	demolish	gold	0.0		USF:absent-both-directions	no	yes	yes	yes	no	
CAND_PLAUS_002784	plus	candidate_pending_human_review			incongruent	0	They do not demolish one gold	do_negation	demolish	gold	demolish	gold	0.0		USF:absent-both-directions	no	yes	yes	yes	no	
CAND_PLAUS_002785	plus	candidate_pending_human_review			incongruent	0	Every day they demolish one gold	present_3s	demolish	gold	demolish	gold	0.0		USF:absent-both-directions	no	yes	yes	yes	no	
CAND_PLAUS_002786	plus	candidate_pending_human_review			incongruent	0	Last week they demolished one gold	simple_past	demolished	gold	demolish	gold	0.0		USF:absent-both-directions	no	yes	yes	yes	no	
CAND_PLAUS_002787	plus	candidate_pending_human_review			incongruent	0	She is demolishing two golds	be_progressive	demolishing	golds	demolish	gold	0.0		USF:absent-both-directions	no	yes	yes	yes	no	
CAND_PLAUS_002788	plus	candidate_pending_human_review			incongruent	0	She does not demolish two golds	do_negation	demolish	golds	demolish	gold	0.0		USF:absent-both-directions	no	yes	yes	yes	no	
CAND_PLAUS_002789	plus	candidate_pending_human_review			incongruent	0	Every day she demolishes two golds	present_3s	demolishes	golds	demolish	gold	0.0		USF:absent-both-directions	no	yes	yes	yes	no	
CAND_PLAUS_002790	plus	candidate_pending_human_review			incongruent	0	Last week she demolished two golds	simple_past	demolished	golds	demolish	gold	0.0		USF:absent-both-directions	no	yes	yes	yes	no	
CAND_PLAUS_002791	plus	candidate_pending_human_review			incongruent	0	He is demolishing two golds	be_progressive	demolishing	golds	demolish	gold	0.0		USF:absent-both-directions	no	yes	yes	yes	no	
CAND_PLAUS_002792	plus	candidate_pending_human_review			incongruent	0	He does not demolish two golds	do_negation	demolish	golds	demolish	gold	0.0		USF:absent-both-directions	no	yes	yes	yes	no	
CAND_PLAUS_002793	plus	candidate_pending_human_review			incongruent	0	Every day he demolishes two golds	present_3s	demolishes	golds	demolish	gold	0.0		USF:absent-both-directions	no	yes	yes	yes	no	
CAND_PLAUS_002794	plus	candidate_pending_human_review			incongruent	0	Last week he demolished two golds	simple_past	demolished	golds	demolish	gold	0.0		USF:absent-both-directions	no	yes	yes	yes	no	
CAND_PLAUS_002795	plus	candidate_pending_human_review			incongruent	0	They are demolishing two golds	be_progressive	demolishing	golds	demolish	gold	0.0		USF:absent-both-directions	no	yes	yes	yes	no	
CAND_PLAUS_002796	plus	candidate_pending_human_review			incongruent	0	They do not demolish two golds	do_negation	demolish	golds	demolish	gold	0.0		USF:absent-both-directions	no	yes	yes	yes	no	
CAND_PLAUS_002797	plus	candidate_pending_human_review			incongruent	0	Every day they demolish two golds	present_3s	demolish	golds	demolish	gold	0.0		USF:absent-both-directions	no	yes	yes	yes	no	
CAND_PLAUS_002798	plus	candidate_pending_human_review			incongruent	0	Last week they demolished two golds	simple_past	demolished	golds	demolish	gold	0.0		USF:absent-both-directions	no	yes	yes	yes	no	
CAND_PLAUS_002799	plus	candidate_pending_human_review			incongruent	0	She is demolishing three golds	be_progressive	demolishing	golds	demolish	gold	0.0		USF:absent-both-directions	no	yes	yes	yes	no	
CAND_PLAUS_002800	plus	candidate_pending_human_review			incongruent	0	She does not demolish three golds	do_negation	demolish	golds	demolish	gold	0.0		USF:absent-both-directions	no	yes	yes	yes	no	
CAND_PLAUS_002801	plus	candidate_pending_human_review			incongruent	0	Every day she demolishes three golds	present_3s	demolishes	golds	demolish	gold	0.0		USF:absent-both-directions	no	yes	yes	yes	no	
CAND_PLAUS_002802	plus	candidate_pending_human_review			incongruent	0	Last week she demolished three golds	simple_past	demolished	golds	demolish	gold	0.0		USF:absent-both-directions	no	yes	yes	yes	no	
CAND_PLAUS_002803	plus	candidate_pending_human_review			incongruent	0	He is demolishing three golds	be_progressive	demolishing	golds	demolish	gold	0.0		USF:absent-both-directions	no	yes	yes	yes	no	
CAND_PLAUS_002804	plus	candidate_pending_human_review			incongruent	0	He does not demolish three golds	do_negation	demolish	golds	demolish	gold	0.0		USF:absent-both-directions	no	yes	yes	yes	no	
CAND_PLAUS_002805	plus	candidate_pending_human_review			incongruent	0	Every day he demolishes three golds	present_3s	demolishes	golds	demolish	gold	0.0		USF:absent-both-directions	no	yes	yes	yes	no	
CAND_PLAUS_002806	plus	candidate_pending_human_review			incongruent	0	Last week he demolished three golds	simple_past	demolished	golds	demolish	gold	0.0		USF:absent-both-directions	no	yes	yes	yes	no	
CAND_PLAUS_002807	plus	candidate_pending_human_review			incongruent	0	They are demolishing three golds	be_progressive	demolishing	golds	demolish	gold	0.0		USF:absent-both-directions	no	yes	yes	yes	no	
CAND_PLAUS_002808	plus	candidate_pending_human_review			incongruent	0	They do not demolish three golds	do_negation	demolish	golds	demolish	gold	0.0		USF:absent-both-directions	no	yes	yes	yes	no	
CAND_PLAUS_002809	plus	candidate_pending_human_review			incongruent	0	Every day they demolish three golds	present_3s	demolish	golds	demolish	gold	0.0		USF:absent-both-directions	no	yes	yes	yes	no	
CAND_PLAUS_002810	plus	candidate_pending_human_review			incongruent	0	Last week they demolished three golds	simple_past	demolished	golds	demolish	gold	0.0		USF:absent-both-directions	no	yes	yes	yes	no	
CAND_PLAUS_002811	plus	candidate_pending_human_review			incongruent	0	She is demolishing four golds	be_progressive	demolishing	golds	demolish	gold	0.0		USF:absent-both-directions	no	yes	yes	yes	no	
CAND_PLAUS_002812	plus	candidate_pending_human_review			incongruent	0	She does not demolish four golds	do_negation	demolish	golds	demolish	gold	0.0		USF:absent-both-directions	no	yes	yes	yes	no	
CAND_PLAUS_002813	plus	candidate_pending_human_review			incongruent	0	Every day she demolishes four golds	present_3s	demolishes	golds	demolish	gold	0.0		USF:absent-both-directions	no	yes	yes	yes	no	
CAND_PLAUS_002814	plus	candidate_pending_human_review			incongruent	0	Last week she demolished four golds	simple_past	demolished	golds	demolish	gold	0.0		USF:absent-both-directions	no	yes	yes	yes	no	
CAND_PLAUS_002815	plus	candidate_pending_human_review			incongruent	0	He is demolishing four golds	be_progressive	demolishing	golds	demolish	gold	0.0		USF:absent-both-directions	no	yes	yes	yes	no	
CAND_PLAUS_002816	plus	candidate_pending_human_review			incongruent	0	He does not demolish four golds	do_negation	demolish	golds	demolish	gold	0.0		USF:absent-both-directions	no	yes	yes	yes	no	
CAND_PLAUS_002817	plus	candidate_pending_human_review			incongruent	0	Every day he demolishes four golds	present_3s	demolishes	golds	demolish	gold	0.0		USF:absent-both-directions	no	yes	yes	yes	no	
CAND_PLAUS_002818	plus	candidate_pending_human_review			incongruent	0	Last week he demolished four golds	simple_past	demolished	golds	demolish	gold	0.0		USF:absent-both-directions	no	yes	yes	yes	no	
CAND_PLAUS_002819	plus	candidate_pending_human_review			incongruent	0	They are demolishing four golds	be_progressive	demolishing	golds	demolish	gold	0.0		USF:absent-both-directions	no	yes	yes	yes	no	
CAND_PLAUS_002820	plus	candidate_pending_human_review			incongruent	0	They do not demolish four golds	do_negation	demolish	golds	demolish	gold	0.0		USF:absent-both-directions	no	yes	yes	yes	no	
CAND_PLAUS_002821	plus	candidate_pending_human_review			incongruent	0	Every day they demolish four golds	present_3s	demolish	golds	demolish	gold	0.0		USF:absent-both-directions	no	yes	yes	yes	no	
CAND_PLAUS_002822	plus	candidate_pending_human_review			incongruent	0	Last week they demolished four golds	simple_past	demolished	golds	demolish	gold	0.0		USF:absent-both-directions	no	yes	yes	yes	no	
CAND_PLAUS_002823	plus	candidate_pending_human_review			incongruent	0	She is demolishing five golds	be_progressive	demolishing	golds	demolish	gold	0.0		USF:absent-both-directions	no	yes	yes	yes	no	
CAND_PLAUS_002824	plus	candidate_pending_human_review			incongruent	0	She does not demolish five golds	do_negation	demolish	golds	demolish	gold	0.0		USF:absent-both-directions	no	yes	yes	yes	no	
CAND_PLAUS_002825	plus	candidate_pending_human_review			incongruent	0	Every day she demolishes five golds	present_3s	demolishes	golds	demolish	gold	0.0		USF:absent-both-directions	no	yes	yes	yes	no	
CAND_PLAUS_002826	plus	candidate_pending_human_review			incongruent	0	Last week she demolished five golds	simple_past	demolished	golds	demolish	gold	0.0		USF:absent-both-directions	no	yes	yes	yes	no	
CAND_PLAUS_002827	plus	candidate_pending_human_review			incongruent	0	He is demolishing five golds	be_progressive	demolishing	golds	demolish	gold	0.0		USF:absent-both-directions	no	yes	yes	yes	no	
CAND_PLAUS_002828	plus	candidate_pending_human_review			incongruent	0	He does not demolish five golds	do_negation	demolish	golds	demolish	gold	0.0		USF:absent-both-directions	no	yes	yes	yes	no	
CAND_PLAUS_002829	plus	candidate_pending_human_review			incongruent	0	Every day he demolishes five golds	present_3s	demolishes	golds	demolish	gold	0.0		USF:absent-both-directions	no	yes	yes	yes	no	
CAND_PLAUS_002830	plus	candidate_pending_human_review			incongruent	0	Last week he demolished five golds	simple_past	demolished	golds	demolish	gold	0.0		USF:absent-both-directions	no	yes	yes	yes	no	
CAND_PLAUS_002831	plus	candidate_pending_human_review			incongruent	0	They are demolishing five golds	be_progressive	demolishing	golds	demolish	gold	0.0		USF:absent-both-directions	no	yes	yes	yes	no	
CAND_PLAUS_002832	plus	candidate_pending_human_review			incongruent	0	They do not demolish five golds	do_negation	demolish	golds	demolish	gold	0.0		USF:absent-both-directions	no	yes	yes	yes	no	
CAND_PLAUS_002833	plus	candidate_pending_human_review			incongruent	0	Every day they demolish five golds	present_3s	demolish	golds	demolish	gold	0.0		USF:absent-both-directions	no	yes	yes	yes	no	
CAND_PLAUS_002834	plus	candidate_pending_human_review			incongruent	0	Last week they demolished five golds	simple_past	demolished	golds	demolish	gold	0.0		USF:absent-both-directions	no	yes	yes	yes	no	
CAND_PLAUS_002835	plus	candidate_pending_human_review			incongruent	0	She is demolishing six golds	be_progressive	demolishing	golds	demolish	gold	0.0		USF:absent-both-directions	no	yes	yes	yes	no	
CAND_PLAUS_002836	plus	candidate_pending_human_review			incongruent	0	She does not demolish six golds	do_negation	demolish	golds	demolish	gold	0.0		USF:absent-both-directions	no	yes	yes	yes	no	
CAND_PLAUS_002837	plus	candidate_pending_human_review			incongruent	0	Every day she demolishes six golds	present_3s	demolishes	golds	demolish	gold	0.0		USF:absent-both-directions	no	yes	yes	yes	no	
CAND_PLAUS_002838	plus	candidate_pending_human_review			incongruent	0	Last week she demolished six golds	simple_past	demolished	golds	demolish	gold	0.0		USF:absent-both-directions	no	yes	yes	yes	no	
CAND_PLAUS_002839	plus	candidate_pending_human_review			incongruent	0	He is demolishing six golds	be_progressive	demolishing	golds	demolish	gold	0.0		USF:absent-both-directions	no	yes	yes	yes	no	
CAND_PLAUS_002840	plus	candidate_pending_human_review			incongruent	0	He does not demolish six golds	do_negation	demolish	golds	demolish	gold	0.0		USF:absent-both-directions	no	yes	yes	yes	no	
CAND_PLAUS_002841	plus	candidate_pending_human_review			incongruent	0	Every day he demolishes six golds	present_3s	demolishes	golds	demolish	gold	0.0		USF:absent-both-directions	no	yes	yes	yes	no	
CAND_PLAUS_002842	plus	candidate_pending_human_review			incongruent	0	Last week he demolished six golds	simple_past	demolished	golds	demolish	gold	0.0		USF:absent-both-directions	no	yes	yes	yes	no	
CAND_PLAUS_002843	plus	candidate_pending_human_review			incongruent	0	They are demolishing six golds	be_progressive	demolishing	golds	demolish	gold	0.0		USF:absent-both-directions	no	yes	yes	yes	no	
CAND_PLAUS_002844	plus	candidate_pending_human_review			incongruent	0	They do not demolish six golds	do_negation	demolish	golds	demolish	gold	0.0		USF:absent-both-directions	no	yes	yes	yes	no	
CAND_PLAUS_002845	plus	candidate_pending_human_review			incongruent	0	Every day they demolish six golds	present_3s	demolish	golds	demolish	gold	0.0		USF:absent-both-directions	no	yes	yes	yes	no	
CAND_PLAUS_002846	plus	candidate_pending_human_review			incongruent	0	Last week they demolished six golds	simple_past	demolished	golds	demolish	gold	0.0		USF:absent-both-directions	no	yes	yes	yes	no	
CAND_PLAUS_002847	plus	candidate_pending_human_review			incongruent	0	She is escaping one country	be_progressive	escaping	country	escape	country	0.0		USF:absent-both-directions	no	yes	yes	yes	no	
CAND_PLAUS_002848	plus	candidate_pending_human_review			incongruent	0	She does not escape one country	do_negation	escape	country	escape	country	0.0		USF:absent-both-directions	no	yes	yes	yes	no	
CAND_PLAUS_002849	plus	candidate_pending_human_review			incongruent	0	Every day she escapes one country	present_3s	escapes	country	escape	country	0.0		USF:absent-both-directions	no	yes	yes	yes	no	
CAND_PLAUS_002850	plus	candidate_pending_human_review			incongruent	0	Last week she escaped one country	simple_past	escaped	country	escape	country	0.0		USF:absent-both-directions	no	yes	yes	yes	no	
CAND_PLAUS_002851	plus	candidate_pending_human_review			incongruent	0	He is escaping one country	be_progressive	escaping	country	escape	country	0.0		USF:absent-both-directions	no	yes	yes	yes	no	
CAND_PLAUS_002852	plus	candidate_pending_human_review			incongruent	0	He does not escape one country	do_negation	escape	country	escape	country	0.0		USF:absent-both-directions	no	yes	yes	yes	no	
CAND_PLAUS_002853	plus	candidate_pending_human_review			incongruent	0	Every day he escapes one country	present_3s	escapes	country	escape	country	0.0		USF:absent-both-directions	no	yes	yes	yes	no	
CAND_PLAUS_002854	plus	candidate_pending_human_review			incongruent	0	Last week he escaped one country	simple_past	escaped	country	escape	country	0.0		USF:absent-both-directions	no	yes	yes	yes	no	
CAND_PLAUS_002855	plus	candidate_pending_human_review			incongruent	0	They are escaping one country	be_progressive	escaping	country	escape	country	0.0		USF:absent-both-directions	no	yes	yes	yes	no	
CAND_PLAUS_002856	plus	candidate_pending_human_review			incongruent	0	They do not escape one country	do_negation	escape	country	escape	country	0.0		USF:absent-both-directions	no	yes	yes	yes	no	
CAND_PLAUS_002857	plus	candidate_pending_human_review			incongruent	0	Every day they escape one country	present_3s	escape	country	escape	country	0.0		USF:absent-both-directions	no	yes	yes	yes	no	
CAND_PLAUS_002858	plus	candidate_pending_human_review			incongruent	0	Last week they escaped one country	simple_past	escaped	country	escape	country	0.0		USF:absent-both-directions	no	yes	yes	yes	no	
CAND_PLAUS_002859	plus	candidate_pending_human_review			incongruent	0	She is escaping two countries	be_progressive	escaping	countries	escape	country	0.0		USF:absent-both-directions	no	yes	yes	yes	no	
CAND_PLAUS_002860	plus	candidate_pending_human_review			incongruent	0	She does not escape two countries	do_negation	escape	countries	escape	country	0.0		USF:absent-both-directions	no	yes	yes	yes	no	
CAND_PLAUS_002861	plus	candidate_pending_human_review			incongruent	0	Every day she escapes two countries	present_3s	escapes	countries	escape	country	0.0		USF:absent-both-directions	no	yes	yes	yes	no	
CAND_PLAUS_002862	plus	candidate_pending_human_review			incongruent	0	Last week she escaped two countries	simple_past	escaped	countries	escape	country	0.0		USF:absent-both-directions	no	yes	yes	yes	no	
CAND_PLAUS_002863	plus	candidate_pending_human_review			incongruent	0	He is escaping two countries	be_progressive	escaping	countries	escape	country	0.0		USF:absent-both-directions	no	yes	yes	yes	no	
CAND_PLAUS_002864	plus	candidate_pending_human_review			incongruent	0	He does not escape two countries	do_negation	escape	countries	escape	country	0.0		USF:absent-both-directions	no	yes	yes	yes	no	
CAND_PLAUS_002865	plus	candidate_pending_human_review			incongruent	0	Every day he escapes two countries	present_3s	escapes	countries	escape	country	0.0		USF:absent-both-directions	no	yes	yes	yes	no	
CAND_PLAUS_002866	plus	candidate_pending_human_review			incongruent	0	Last week he escaped two countries	simple_past	escaped	countries	escape	country	0.0		USF:absent-both-directions	no	yes	yes	yes	no	
CAND_PLAUS_002867	plus	candidate_pending_human_review			incongruent	0	They are escaping two countries	be_progressive	escaping	countries	escape	country	0.0		USF:absent-both-directions	no	yes	yes	yes	no	
CAND_PLAUS_002868	plus	candidate_pending_human_review			incongruent	0	They do not escape two countries	do_negation	escape	countries	escape	country	0.0		USF:absent-both-directions	no	yes	yes	yes	no	
CAND_PLAUS_002869	plus	candidate_pending_human_review			incongruent	0	Every day they escape two countries	present_3s	escape	countries	escape	country	0.0		USF:absent-both-directions	no	yes	yes	yes	no	
CAND_PLAUS_002870	plus	candidate_pending_human_review			incongruent	0	Last week they escaped two countries	simple_past	escaped	countries	escape	country	0.0		USF:absent-both-directions	no	yes	yes	yes	no	
CAND_PLAUS_002871	plus	candidate_pending_human_review			incongruent	0	She is escaping three countries	be_progressive	escaping	countries	escape	country	0.0		USF:absent-both-directions	no	yes	yes	yes	no	
CAND_PLAUS_002872	plus	candidate_pending_human_review			incongruent	0	She does not escape three countries	do_negation	escape	countries	escape	country	0.0		USF:absent-both-directions	no	yes	yes	yes	no	
CAND_PLAUS_002873	plus	candidate_pending_human_review			incongruent	0	Every day she escapes three countries	present_3s	escapes	countries	escape	country	0.0		USF:absent-both-directions	no	yes	yes	yes	no	
CAND_PLAUS_002874	plus	candidate_pending_human_review			incongruent	0	Last week she escaped three countries	simple_past	escaped	countries	escape	country	0.0		USF:absent-both-directions	no	yes	yes	yes	no	
CAND_PLAUS_002875	plus	candidate_pending_human_review			incongruent	0	He is escaping three countries	be_progressive	escaping	countries	escape	country	0.0		USF:absent-both-directions	no	yes	yes	yes	no	
CAND_PLAUS_002876	plus	candidate_pending_human_review			incongruent	0	He does not escape three countries	do_negation	escape	countries	escape	country	0.0		USF:absent-both-directions	no	yes	yes	yes	no	
CAND_PLAUS_002877	plus	candidate_pending_human_review			incongruent	0	Every day he escapes three countries	present_3s	escapes	countries	escape	country	0.0		USF:absent-both-directions	no	yes	yes	yes	no	
CAND_PLAUS_002878	plus	candidate_pending_human_review			incongruent	0	Last week he escaped three countries	simple_past	escaped	countries	escape	country	0.0		USF:absent-both-directions	no	yes	yes	yes	no	
CAND_PLAUS_002879	plus	candidate_pending_human_review			incongruent	0	They are escaping three countries	be_progressive	escaping	countries	escape	country	0.0		USF:absent-both-directions	no	yes	yes	yes	no	
CAND_PLAUS_002880	plus	candidate_pending_human_review			incongruent	0	They do not escape three countries	do_negation	escape	countries	escape	country	0.0		USF:absent-both-directions	no	yes	yes	yes	no	
CAND_PLAUS_002881	plus	candidate_pending_human_review			incongruent	0	Every day they escape three countries	present_3s	escape	countries	escape	country	0.0		USF:absent-both-directions	no	yes	yes	yes	no	
CAND_PLAUS_002882	plus	candidate_pending_human_review			incongruent	0	Last week they escaped three countries	simple_past	escaped	countries	escape	country	0.0		USF:absent-both-directions	no	yes	yes	yes	no	
CAND_PLAUS_002883	plus	candidate_pending_human_review			incongruent	0	She is escaping four countries	be_progressive	escaping	countries	escape	country	0.0		USF:absent-both-directions	no	yes	yes	yes	no	
CAND_PLAUS_002884	plus	candidate_pending_human_review			incongruent	0	She does not escape four countries	do_negation	escape	countries	escape	country	0.0		USF:absent-both-directions	no	yes	yes	yes	no	
CAND_PLAUS_002885	plus	candidate_pending_human_review			incongruent	0	Every day she escapes four countries	present_3s	escapes	countries	escape	country	0.0		USF:absent-both-directions	no	yes	yes	yes	no	
CAND_PLAUS_002886	plus	candidate_pending_human_review			incongruent	0	Last week she escaped four countries	simple_past	escaped	countries	escape	country	0.0		USF:absent-both-directions	no	yes	yes	yes	no	
CAND_PLAUS_002887	plus	candidate_pending_human_review			incongruent	0	He is escaping four countries	be_progressive	escaping	countries	escape	country	0.0		USF:absent-both-directions	no	yes	yes	yes	no	
CAND_PLAUS_002888	plus	candidate_pending_human_review			incongruent	0	He does not escape four countries	do_negation	escape	countries	escape	country	0.0		USF:absent-both-directions	no	yes	yes	yes	no	
CAND_PLAUS_002889	plus	candidate_pending_human_review			incongruent	0	Every day he escapes four countries	present_3s	escapes	countries	escape	country	0.0		USF:absent-both-directions	no	yes	yes	yes	no	
CAND_PLAUS_002890	plus	candidate_pending_human_review			incongruent	0	Last week he escaped four countries	simple_past	escaped	countries	escape	country	0.0		USF:absent-both-directions	no	yes	yes	yes	no	
CAND_PLAUS_002891	plus	candidate_pending_human_review			incongruent	0	They are escaping four countries	be_progressive	escaping	countries	escape	country	0.0		USF:absent-both-directions	no	yes	yes	yes	no	
CAND_PLAUS_002892	plus	candidate_pending_human_review			incongruent	0	They do not escape four countries	do_negation	escape	countries	escape	country	0.0		USF:absent-both-directions	no	yes	yes	yes	no	
CAND_PLAUS_002893	plus	candidate_pending_human_review			incongruent	0	Every day they escape four countries	present_3s	escape	countries	escape	country	0.0		USF:absent-both-directions	no	yes	yes	yes	no	
CAND_PLAUS_002894	plus	candidate_pending_human_review			incongruent	0	Last week they escaped four countries	simple_past	escaped	countries	escape	country	0.0		USF:absent-both-directions	no	yes	yes	yes	no	
CAND_PLAUS_002895	plus	candidate_pending_human_review			incongruent	0	She is escaping five countries	be_progressive	escaping	countries	escape	country	0.0		USF:absent-both-directions	no	yes	yes	yes	no	
CAND_PLAUS_002896	plus	candidate_pending_human_review			incongruent	0	She does not escape five countries	do_negation	escape	countries	escape	country	0.0		USF:absent-both-directions	no	yes	yes	yes	no	
CAND_PLAUS_002897	plus	candidate_pending_human_review			incongruent	0	Every day she escapes five countries	present_3s	escapes	countries	escape	country	0.0		USF:absent-both-directions	no	yes	yes	yes	no	
CAND_PLAUS_002898	plus	candidate_pending_human_review			incongruent	0	Last week she escaped five countries	simple_past	escaped	countries	escape	country	0.0		USF:absent-both-directions	no	yes	yes	yes	no	
CAND_PLAUS_002899	plus	candidate_pending_human_review			incongruent	0	He is escaping five countries	be_progressive	escaping	countries	escape	country	0.0		USF:absent-both-directions	no	yes	yes	yes	no	
CAND_PLAUS_002900	plus	candidate_pending_human_review			incongruent	0	He does not escape five countries	do_negation	escape	countries	escape	country	0.0		USF:absent-both-directions	no	yes	yes	yes	no	
CAND_PLAUS_002901	plus	candidate_pending_human_review			incongruent	0	Every day he escapes five countries	present_3s	escapes	countries	escape	country	0.0		USF:absent-both-directions	no	yes	yes	yes	no	
CAND_PLAUS_002902	plus	candidate_pending_human_review			incongruent	0	Last week he escaped five countries	simple_past	escaped	countries	escape	country	0.0		USF:absent-both-directions	no	yes	yes	yes	no	
CAND_PLAUS_002903	plus	candidate_pending_human_review			incongruent	0	They are escaping five countries	be_progressive	escaping	countries	escape	country	0.0		USF:absent-both-directions	no	yes	yes	yes	no	
CAND_PLAUS_002904	plus	candidate_pending_human_review			incongruent	0	They do not escape five countries	do_negation	escape	countries	escape	country	0.0		USF:absent-both-directions	no	yes	yes	yes	no	
CAND_PLAUS_002905	plus	candidate_pending_human_review			incongruent	0	Every day they escape five countries	present_3s	escape	countries	escape	country	0.0		USF:absent-both-directions	no	yes	yes	yes	no	
CAND_PLAUS_002906	plus	candidate_pending_human_review			incongruent	0	Last week they escaped five countries	simple_past	escaped	countries	escape	country	0.0		USF:absent-both-directions	no	yes	yes	yes	no	
CAND_PLAUS_002907	plus	candidate_pending_human_review			incongruent	0	She is escaping six countries	be_progressive	escaping	countries	escape	country	0.0		USF:absent-both-directions	no	yes	yes	yes	no	
CAND_PLAUS_002908	plus	candidate_pending_human_review			incongruent	0	She does not escape six countries	do_negation	escape	countries	escape	country	0.0		USF:absent-both-directions	no	yes	yes	yes	no	
CAND_PLAUS_002909	plus	candidate_pending_human_review			incongruent	0	Every day she escapes six countries	present_3s	escapes	countries	escape	country	0.0		USF:absent-both-directions	no	yes	yes	yes	no	
CAND_PLAUS_002910	plus	candidate_pending_human_review			incongruent	0	Last week she escaped six countries	simple_past	escaped	countries	escape	country	0.0		USF:absent-both-directions	no	yes	yes	yes	no	
CAND_PLAUS_002911	plus	candidate_pending_human_review			incongruent	0	He is escaping six countries	be_progressive	escaping	countries	escape	country	0.0		USF:absent-both-directions	no	yes	yes	yes	no	
CAND_PLAUS_002912	plus	candidate_pending_human_review			incongruent	0	He does not escape six countries	do_negation	escape	countries	escape	country	0.0		USF:absent-both-directions	no	yes	yes	yes	no	
CAND_PLAUS_002913	plus	candidate_pending_human_review			incongruent	0	Every day he escapes six countries	present_3s	escapes	countries	escape	country	0.0		USF:absent-both-directions	no	yes	yes	yes	no	
CAND_PLAUS_002914	plus	candidate_pending_human_review			incongruent	0	Last week he escaped six countries	simple_past	escaped	countries	escape	country	0.0		USF:absent-both-directions	no	yes	yes	yes	no	
CAND_PLAUS_002915	plus	candidate_pending_human_review			incongruent	0	They are escaping six countries	be_progressive	escaping	countries	escape	country	0.0		USF:absent-both-directions	no	yes	yes	yes	no	
CAND_PLAUS_002916	plus	candidate_pending_human_review			incongruent	0	They do not escape six countries	do_negation	escape	countries	escape	country	0.0		USF:absent-both-directions	no	yes	yes	yes	no	
CAND_PLAUS_002917	plus	candidate_pending_human_review			incongruent	0	Every day they escape six countries	present_3s	escape	countries	escape	country	0.0		USF:absent-both-directions	no	yes	yes	yes	no	
CAND_PLAUS_002918	plus	candidate_pending_human_review			incongruent	0	Last week they escaped six countries	simple_past	escaped	countries	escape	country	0.0		USF:absent-both-directions	no	yes	yes	yes	no	
CAND_PLAUS_002919	plus	candidate_pending_human_review			incongruent	0	She is banging one approval	be_progressive	banging	approval	bang	approval	0.0		USF:absent-both-directions	no	yes	yes	yes	no	
CAND_PLAUS_002920	plus	candidate_pending_human_review			incongruent	0	She does not bang one approval	do_negation	bang	approval	bang	approval	0.0		USF:absent-both-directions	no	yes	yes	yes	no	
CAND_PLAUS_002921	plus	candidate_pending_human_review			incongruent	0	Every day she bangs one approval	present_3s	bangs	approval	bang	approval	0.0		USF:absent-both-directions	no	yes	yes	yes	no	
CAND_PLAUS_002922	plus	candidate_pending_human_review			incongruent	0	Last week she banged one approval	simple_past	banged	approval	bang	approval	0.0		USF:absent-both-directions	no	yes	yes	yes	no	
CAND_PLAUS_002923	plus	candidate_pending_human_review			incongruent	0	He is banging one approval	be_progressive	banging	approval	bang	approval	0.0		USF:absent-both-directions	no	yes	yes	yes	no	
CAND_PLAUS_002924	plus	candidate_pending_human_review			incongruent	0	He does not bang one approval	do_negation	bang	approval	bang	approval	0.0		USF:absent-both-directions	no	yes	yes	yes	no	
CAND_PLAUS_002925	plus	candidate_pending_human_review			incongruent	0	Every day he bangs one approval	present_3s	bangs	approval	bang	approval	0.0		USF:absent-both-directions	no	yes	yes	yes	no	
CAND_PLAUS_002926	plus	candidate_pending_human_review			incongruent	0	Last week he banged one approval	simple_past	banged	approval	bang	approval	0.0		USF:absent-both-directions	no	yes	yes	yes	no	
CAND_PLAUS_002927	plus	candidate_pending_human_review			incongruent	0	They are banging one approval	be_progressive	banging	approval	bang	approval	0.0		USF:absent-both-directions	no	yes	yes	yes	no	
CAND_PLAUS_002928	plus	candidate_pending_human_review			incongruent	0	They do not bang one approval	do_negation	bang	approval	bang	approval	0.0		USF:absent-both-directions	no	yes	yes	yes	no	
CAND_PLAUS_002929	plus	candidate_pending_human_review			incongruent	0	Every day they bang one approval	present_3s	bang	approval	bang	approval	0.0		USF:absent-both-directions	no	yes	yes	yes	no	
CAND_PLAUS_002930	plus	candidate_pending_human_review			incongruent	0	Last week they banged one approval	simple_past	banged	approval	bang	approval	0.0		USF:absent-both-directions	no	yes	yes	yes	no	
CAND_PLAUS_002931	plus	candidate_pending_human_review			incongruent	0	She is banging two approvals	be_progressive	banging	approvals	bang	approval	0.0		USF:absent-both-directions	no	yes	yes	yes	no	
CAND_PLAUS_002932	plus	candidate_pending_human_review			incongruent	0	She does not bang two approvals	do_negation	bang	approvals	bang	approval	0.0		USF:absent-both-directions	no	yes	yes	yes	no	
CAND_PLAUS_002933	plus	candidate_pending_human_review			incongruent	0	Every day she bangs two approvals	present_3s	bangs	approvals	bang	approval	0.0		USF:absent-both-directions	no	yes	yes	yes	no	
CAND_PLAUS_002934	plus	candidate_pending_human_review			incongruent	0	Last week she banged two approvals	simple_past	banged	approvals	bang	approval	0.0		USF:absent-both-directions	no	yes	yes	yes	no	
CAND_PLAUS_002935	plus	candidate_pending_human_review			incongruent	0	He is banging two approvals	be_progressive	banging	approvals	bang	approval	0.0		USF:absent-both-directions	no	yes	yes	yes	no	
CAND_PLAUS_002936	plus	candidate_pending_human_review			incongruent	0	He does not bang two approvals	do_negation	bang	approvals	bang	approval	0.0		USF:absent-both-directions	no	yes	yes	yes	no	
CAND_PLAUS_002937	plus	candidate_pending_human_review			incongruent	0	Every day he bangs two approvals	present_3s	bangs	approvals	bang	approval	0.0		USF:absent-both-directions	no	yes	yes	yes	no	
CAND_PLAUS_002938	plus	candidate_pending_human_review			incongruent	0	Last week he banged two approvals	simple_past	banged	approvals	bang	approval	0.0		USF:absent-both-directions	no	yes	yes	yes	no	
CAND_PLAUS_002939	plus	candidate_pending_human_review			incongruent	0	They are banging two approvals	be_progressive	banging	approvals	bang	approval	0.0		USF:absent-both-directions	no	yes	yes	yes	no	
CAND_PLAUS_002940	plus	candidate_pending_human_review			incongruent	0	They do not bang two approvals	do_negation	bang	approvals	bang	approval	0.0		USF:absent-both-directions	no	yes	yes	yes	no	
CAND_PLAUS_002941	plus	candidate_pending_human_review			incongruent	0	Every day they bang two approvals	present_3s	bang	approvals	bang	approval	0.0		USF:absent-both-directions	no	yes	yes	yes	no	
CAND_PLAUS_002942	plus	candidate_pending_human_review			incongruent	0	Last week they banged two approvals	simple_past	banged	approvals	bang	approval	0.0		USF:absent-both-directions	no	yes	yes	yes	no	
CAND_PLAUS_002943	plus	candidate_pending_human_review			incongruent	0	She is banging three approvals	be_progressive	banging	approvals	bang	approval	0.0		USF:absent-both-directions	no	yes	yes	yes	no	
CAND_PLAUS_002944	plus	candidate_pending_human_review			incongruent	0	She does not bang three approvals	do_negation	bang	approvals	bang	approval	0.0		USF:absent-both-directions	no	yes	yes	yes	no	
CAND_PLAUS_002945	plus	candidate_pending_human_review			incongruent	0	Every day she bangs three approvals	present_3s	bangs	approvals	bang	approval	0.0		USF:absent-both-directions	no	yes	yes	yes	no	
CAND_PLAUS_002946	plus	candidate_pending_human_review			incongruent	0	Last week she banged three approvals	simple_past	banged	approvals	bang	approval	0.0		USF:absent-both-directions	no	yes	yes	yes	no	
CAND_PLAUS_002947	plus	candidate_pending_human_review			incongruent	0	He is banging three approvals	be_progressive	banging	approvals	bang	approval	0.0		USF:absent-both-directions	no	yes	yes	yes	no	
CAND_PLAUS_002948	plus	candidate_pending_human_review			incongruent	0	He does not bang three approvals	do_negation	bang	approvals	bang	approval	0.0		USF:absent-both-directions	no	yes	yes	yes	no	
CAND_PLAUS_002949	plus	candidate_pending_human_review			incongruent	0	Every day he bangs three approvals	present_3s	bangs	approvals	bang	approval	0.0		USF:absent-both-directions	no	yes	yes	yes	no	
CAND_PLAUS_002950	plus	candidate_pending_human_review			incongruent	0	Last week he banged three approvals	simple_past	banged	approvals	bang	approval	0.0		USF:absent-both-directions	no	yes	yes	yes	no	
CAND_PLAUS_002951	plus	candidate_pending_human_review			incongruent	0	They are banging three approvals	be_progressive	banging	approvals	bang	approval	0.0		USF:absent-both-directions	no	yes	yes	yes	no	
CAND_PLAUS_002952	plus	candidate_pending_human_review			incongruent	0	They do not bang three approvals	do_negation	bang	approvals	bang	approval	0.0		USF:absent-both-directions	no	yes	yes	yes	no	
CAND_PLAUS_002953	plus	candidate_pending_human_review			incongruent	0	Every day they bang three approvals	present_3s	bang	approvals	bang	approval	0.0		USF:absent-both-directions	no	yes	yes	yes	no	
CAND_PLAUS_002954	plus	candidate_pending_human_review			incongruent	0	Last week they banged three approvals	simple_past	banged	approvals	bang	approval	0.0		USF:absent-both-directions	no	yes	yes	yes	no	
CAND_PLAUS_002955	plus	candidate_pending_human_review			incongruent	0	She is banging four approvals	be_progressive	banging	approvals	bang	approval	0.0		USF:absent-both-directions	no	yes	yes	yes	no	
CAND_PLAUS_002956	plus	candidate_pending_human_review			incongruent	0	She does not bang four approvals	do_negation	bang	approvals	bang	approval	0.0		USF:absent-both-directions	no	yes	yes	yes	no	
CAND_PLAUS_002957	plus	candidate_pending_human_review			incongruent	0	Every day she bangs four approvals	present_3s	bangs	approvals	bang	approval	0.0		USF:absent-both-directions	no	yes	yes	yes	no	
CAND_PLAUS_002958	plus	candidate_pending_human_review			incongruent	0	Last week she banged four approvals	simple_past	banged	approvals	bang	approval	0.0		USF:absent-both-directions	no	yes	yes	yes	no	
CAND_PLAUS_002959	plus	candidate_pending_human_review			incongruent	0	He is banging four approvals	be_progressive	banging	approvals	bang	approval	0.0		USF:absent-both-directions	no	yes	yes	yes	no	
CAND_PLAUS_002960	plus	candidate_pending_human_review			incongruent	0	He does not bang four approvals	do_negation	bang	approvals	bang	approval	0.0		USF:absent-both-directions	no	yes	yes	yes	no	
CAND_PLAUS_002961	plus	candidate_pending_human_review			incongruent	0	Every day he bangs four approvals	present_3s	bangs	approvals	bang	approval	0.0		USF:absent-both-directions	no	yes	yes	yes	no	
CAND_PLAUS_002962	plus	candidate_pending_human_review			incongruent	0	Last week he banged four approvals	simple_past	banged	approvals	bang	approval	0.0		USF:absent-both-directions	no	yes	yes	yes	no	
CAND_PLAUS_002963	plus	candidate_pending_human_review			incongruent	0	They are banging four approvals	be_progressive	banging	approvals	bang	approval	0.0		USF:absent-both-directions	no	yes	yes	yes	no	
CAND_PLAUS_002964	plus	candidate_pending_human_review			incongruent	0	They do not bang four approvals	do_negation	bang	approvals	bang	approval	0.0		USF:absent-both-directions	no	yes	yes	yes	no	
CAND_PLAUS_002965	plus	candidate_pending_human_review			incongruent	0	Every day they bang four approvals	present_3s	bang	approvals	bang	approval	0.0		USF:absent-both-directions	no	yes	yes	yes	no	
CAND_PLAUS_002966	plus	candidate_pending_human_review			incongruent	0	Last week they banged four approvals	simple_past	banged	approvals	bang	approval	0.0		USF:absent-both-directions	no	yes	yes	yes	no	
CAND_PLAUS_002967	plus	candidate_pending_human_review			incongruent	0	She is banging five approvals	be_progressive	banging	approvals	bang	approval	0.0		USF:absent-both-directions	no	yes	yes	yes	no	
CAND_PLAUS_002968	plus	candidate_pending_human_review			incongruent	0	She does not bang five approvals	do_negation	bang	approvals	bang	approval	0.0		USF:absent-both-directions	no	yes	yes	yes	no	
CAND_PLAUS_002969	plus	candidate_pending_human_review			incongruent	0	Every day she bangs five approvals	present_3s	bangs	approvals	bang	approval	0.0		USF:absent-both-directions	no	yes	yes	yes	no	
CAND_PLAUS_002970	plus	candidate_pending_human_review			incongruent	0	Last week she banged five approvals	simple_past	banged	approvals	bang	approval	0.0		USF:absent-both-directions	no	yes	yes	yes	no	
CAND_PLAUS_002971	plus	candidate_pending_human_review			incongruent	0	He is banging five approvals	be_progressive	banging	approvals	bang	approval	0.0		USF:absent-both-directions	no	yes	yes	yes	no	
CAND_PLAUS_002972	plus	candidate_pending_human_review			incongruent	0	He does not bang five approvals	do_negation	bang	approvals	bang	approval	0.0		USF:absent-both-directions	no	yes	yes	yes	no	
CAND_PLAUS_002973	plus	candidate_pending_human_review			incongruent	0	Every day he bangs five approvals	present_3s	bangs	approvals	bang	approval	0.0		USF:absent-both-directions	no	yes	yes	yes	no	
CAND_PLAUS_002974	plus	candidate_pending_human_review			incongruent	0	Last week he banged five approvals	simple_past	banged	approvals	bang	approval	0.0		USF:absent-both-directions	no	yes	yes	yes	no	
CAND_PLAUS_002975	plus	candidate_pending_human_review			incongruent	0	They are banging five approvals	be_progressive	banging	approvals	bang	approval	0.0		USF:absent-both-directions	no	yes	yes	yes	no	
CAND_PLAUS_002976	plus	candidate_pending_human_review			incongruent	0	They do not bang five approvals	do_negation	bang	approvals	bang	approval	0.0		USF:absent-both-directions	no	yes	yes	yes	no	
CAND_PLAUS_002977	plus	candidate_pending_human_review			incongruent	0	Every day they bang five approvals	present_3s	bang	approvals	bang	approval	0.0		USF:absent-both-directions	no	yes	yes	yes	no	
CAND_PLAUS_002978	plus	candidate_pending_human_review			incongruent	0	Last week they banged five approvals	simple_past	banged	approvals	bang	approval	0.0		USF:absent-both-directions	no	yes	yes	yes	no	
CAND_PLAUS_002979	plus	candidate_pending_human_review			incongruent	0	She is banging six approvals	be_progressive	banging	approvals	bang	approval	0.0		USF:absent-both-directions	no	yes	yes	yes	no	
CAND_PLAUS_002980	plus	candidate_pending_human_review			incongruent	0	She does not bang six approvals	do_negation	bang	approvals	bang	approval	0.0		USF:absent-both-directions	no	yes	yes	yes	no	
CAND_PLAUS_002981	plus	candidate_pending_human_review			incongruent	0	Every day she bangs six approvals	present_3s	bangs	approvals	bang	approval	0.0		USF:absent-both-directions	no	yes	yes	yes	no	
CAND_PLAUS_002982	plus	candidate_pending_human_review			incongruent	0	Last week she banged six approvals	simple_past	banged	approvals	bang	approval	0.0		USF:absent-both-directions	no	yes	yes	yes	no	
CAND_PLAUS_002983	plus	candidate_pending_human_review			incongruent	0	He is banging six approvals	be_progressive	banging	approvals	bang	approval	0.0		USF:absent-both-directions	no	yes	yes	yes	no	
CAND_PLAUS_002984	plus	candidate_pending_human_review			incongruent	0	He does not bang six approvals	do_negation	bang	approvals	bang	approval	0.0		USF:absent-both-directions	no	yes	yes	yes	no	
CAND_PLAUS_002985	plus	candidate_pending_human_review			incongruent	0	Every day he bangs six approvals	present_3s	bangs	approvals	bang	approval	0.0		USF:absent-both-directions	no	yes	yes	yes	no	
CAND_PLAUS_002986	plus	candidate_pending_human_review			incongruent	0	Last week he banged six approvals	simple_past	banged	approvals	bang	approval	0.0		USF:absent-both-directions	no	yes	yes	yes	no	
CAND_PLAUS_002987	plus	candidate_pending_human_review			incongruent	0	They are banging six approvals	be_progressive	banging	approvals	bang	approval	0.0		USF:absent-both-directions	no	yes	yes	yes	no	
CAND_PLAUS_002988	plus	candidate_pending_human_review			incongruent	0	They do not bang six approvals	do_negation	bang	approvals	bang	approval	0.0		USF:absent-both-directions	no	yes	yes	yes	no	
CAND_PLAUS_002989	plus	candidate_pending_human_review			incongruent	0	Every day they bang six approvals	present_3s	bang	approvals	bang	approval	0.0		USF:absent-both-directions	no	yes	yes	yes	no	
CAND_PLAUS_002990	plus	candidate_pending_human_review			incongruent	0	Last week they banged six approvals	simple_past	banged	approvals	bang	approval	0.0		USF:absent-both-directions	no	yes	yes	yes	no	
CAND_PLAUS_002991	plus	candidate_pending_human_review			incongruent	0	She is yawning one traffic	be_progressive	yawning	traffic	yawn	traffic	0.0		USF:absent-both-directions	no	yes	yes	yes	no	
CAND_PLAUS_002992	plus	candidate_pending_human_review			incongruent	0	She does not yawn one traffic	do_negation	yawn	traffic	yawn	traffic	0.0		USF:absent-both-directions	no	yes	yes	yes	no	
CAND_PLAUS_002993	plus	candidate_pending_human_review			incongruent	0	Every day she yawns one traffic	present_3s	yawns	traffic	yawn	traffic	0.0		USF:absent-both-directions	no	yes	yes	yes	no	
CAND_PLAUS_002994	plus	candidate_pending_human_review			incongruent	0	Last week she yawned one traffic	simple_past	yawned	traffic	yawn	traffic	0.0		USF:absent-both-directions	no	yes	yes	yes	no	
CAND_PLAUS_002995	plus	candidate_pending_human_review			incongruent	0	He is yawning one traffic	be_progressive	yawning	traffic	yawn	traffic	0.0		USF:absent-both-directions	no	yes	yes	yes	no	
CAND_PLAUS_002996	plus	candidate_pending_human_review			incongruent	0	He does not yawn one traffic	do_negation	yawn	traffic	yawn	traffic	0.0		USF:absent-both-directions	no	yes	yes	yes	no	
CAND_PLAUS_002997	plus	candidate_pending_human_review			incongruent	0	Every day he yawns one traffic	present_3s	yawns	traffic	yawn	traffic	0.0		USF:absent-both-directions	no	yes	yes	yes	no	
CAND_PLAUS_002998	plus	candidate_pending_human_review			incongruent	0	Last week he yawned one traffic	simple_past	yawned	traffic	yawn	traffic	0.0		USF:absent-both-directions	no	yes	yes	yes	no	
CAND_PLAUS_002999	plus	candidate_pending_human_review			incongruent	0	They are yawning one traffic	be_progressive	yawning	traffic	yawn	traffic	0.0		USF:absent-both-directions	no	yes	yes	yes	no	
CAND_PLAUS_003000	plus	candidate_pending_human_review			incongruent	0	They do not yawn one traffic	do_negation	yawn	traffic	yawn	traffic	0.0		USF:absent-both-directions	no	yes	yes	yes	no	
CAND_PLAUS_003001	plus	candidate_pending_human_review			incongruent	0	Every day they yawn one traffic	present_3s	yawn	traffic	yawn	traffic	0.0		USF:absent-both-directions	no	yes	yes	yes	no	
CAND_PLAUS_003002	plus	candidate_pending_human_review			incongruent	0	Last week they yawned one traffic	simple_past	yawned	traffic	yawn	traffic	0.0		USF:absent-both-directions	no	yes	yes	yes	no	
CAND_PLAUS_003003	plus	candidate_pending_human_review			incongruent	0	She is yawning two traffic	be_progressive	yawning	traffic	yawn	traffic	0.0		USF:absent-both-directions	no	yes	yes	yes	no	
CAND_PLAUS_003004	plus	candidate_pending_human_review			incongruent	0	She does not yawn two traffic	do_negation	yawn	traffic	yawn	traffic	0.0		USF:absent-both-directions	no	yes	yes	yes	no	
CAND_PLAUS_003005	plus	candidate_pending_human_review			incongruent	0	Every day she yawns two traffic	present_3s	yawns	traffic	yawn	traffic	0.0		USF:absent-both-directions	no	yes	yes	yes	no	
CAND_PLAUS_003006	plus	candidate_pending_human_review			incongruent	0	Last week she yawned two traffic	simple_past	yawned	traffic	yawn	traffic	0.0		USF:absent-both-directions	no	yes	yes	yes	no	
CAND_PLAUS_003007	plus	candidate_pending_human_review			incongruent	0	He is yawning two traffic	be_progressive	yawning	traffic	yawn	traffic	0.0		USF:absent-both-directions	no	yes	yes	yes	no	
CAND_PLAUS_003008	plus	candidate_pending_human_review			incongruent	0	He does not yawn two traffic	do_negation	yawn	traffic	yawn	traffic	0.0		USF:absent-both-directions	no	yes	yes	yes	no	
CAND_PLAUS_003009	plus	candidate_pending_human_review			incongruent	0	Every day he yawns two traffic	present_3s	yawns	traffic	yawn	traffic	0.0		USF:absent-both-directions	no	yes	yes	yes	no	
CAND_PLAUS_003010	plus	candidate_pending_human_review			incongruent	0	Last week he yawned two traffic	simple_past	yawned	traffic	yawn	traffic	0.0		USF:absent-both-directions	no	yes	yes	yes	no	
CAND_PLAUS_003011	plus	candidate_pending_human_review			incongruent	0	They are yawning two traffic	be_progressive	yawning	traffic	yawn	traffic	0.0		USF:absent-both-directions	no	yes	yes	yes	no	
CAND_PLAUS_003012	plus	candidate_pending_human_review			incongruent	0	They do not yawn two traffic	do_negation	yawn	traffic	yawn	traffic	0.0		USF:absent-both-directions	no	yes	yes	yes	no	
CAND_PLAUS_003013	plus	candidate_pending_human_review			incongruent	0	Every day they yawn two traffic	present_3s	yawn	traffic	yawn	traffic	0.0		USF:absent-both-directions	no	yes	yes	yes	no	
CAND_PLAUS_003014	plus	candidate_pending_human_review			incongruent	0	Last week they yawned two traffic	simple_past	yawned	traffic	yawn	traffic	0.0		USF:absent-both-directions	no	yes	yes	yes	no	
CAND_PLAUS_003015	plus	candidate_pending_human_review			incongruent	0	She is yawning three traffic	be_progressive	yawning	traffic	yawn	traffic	0.0		USF:absent-both-directions	no	yes	yes	yes	no	
CAND_PLAUS_003016	plus	candidate_pending_human_review			incongruent	0	She does not yawn three traffic	do_negation	yawn	traffic	yawn	traffic	0.0		USF:absent-both-directions	no	yes	yes	yes	no	
CAND_PLAUS_003017	plus	candidate_pending_human_review			incongruent	0	Every day she yawns three traffic	present_3s	yawns	traffic	yawn	traffic	0.0		USF:absent-both-directions	no	yes	yes	yes	no	
CAND_PLAUS_003018	plus	candidate_pending_human_review			incongruent	0	Last week she yawned three traffic	simple_past	yawned	traffic	yawn	traffic	0.0		USF:absent-both-directions	no	yes	yes	yes	no	
CAND_PLAUS_003019	plus	candidate_pending_human_review			incongruent	0	He is yawning three traffic	be_progressive	yawning	traffic	yawn	traffic	0.0		USF:absent-both-directions	no	yes	yes	yes	no	
CAND_PLAUS_003020	plus	candidate_pending_human_review			incongruent	0	He does not yawn three traffic	do_negation	yawn	traffic	yawn	traffic	0.0		USF:absent-both-directions	no	yes	yes	yes	no	
CAND_PLAUS_003021	plus	candidate_pending_human_review			incongruent	0	Every day he yawns three traffic	present_3s	yawns	traffic	yawn	traffic	0.0		USF:absent-both-directions	no	yes	yes	yes	no	
CAND_PLAUS_003022	plus	candidate_pending_human_review			incongruent	0	Last week he yawned three traffic	simple_past	yawned	traffic	yawn	traffic	0.0		USF:absent-both-directions	no	yes	yes	yes	no	
CAND_PLAUS_003023	plus	candidate_pending_human_review			incongruent	0	They are yawning three traffic	be_progressive	yawning	traffic	yawn	traffic	0.0		USF:absent-both-directions	no	yes	yes	yes	no	
CAND_PLAUS_003024	plus	candidate_pending_human_review			incongruent	0	They do not yawn three traffic	do_negation	yawn	traffic	yawn	traffic	0.0		USF:absent-both-directions	no	yes	yes	yes	no	
CAND_PLAUS_003025	plus	candidate_pending_human_review			incongruent	0	Every day they yawn three traffic	present_3s	yawn	traffic	yawn	traffic	0.0		USF:absent-both-directions	no	yes	yes	yes	no	
CAND_PLAUS_003026	plus	candidate_pending_human_review			incongruent	0	Last week they yawned three traffic	simple_past	yawned	traffic	yawn	traffic	0.0		USF:absent-both-directions	no	yes	yes	yes	no	
CAND_PLAUS_003027	plus	candidate_pending_human_review			incongruent	0	She is yawning four traffic	be_progressive	yawning	traffic	yawn	traffic	0.0		USF:absent-both-directions	no	yes	yes	yes	no	
CAND_PLAUS_003028	plus	candidate_pending_human_review			incongruent	0	She does not yawn four traffic	do_negation	yawn	traffic	yawn	traffic	0.0		USF:absent-both-directions	no	yes	yes	yes	no	
CAND_PLAUS_003029	plus	candidate_pending_human_review			incongruent	0	Every day she yawns four traffic	present_3s	yawns	traffic	yawn	traffic	0.0		USF:absent-both-directions	no	yes	yes	yes	no	
CAND_PLAUS_003030	plus	candidate_pending_human_review			incongruent	0	Last week she yawned four traffic	simple_past	yawned	traffic	yawn	traffic	0.0		USF:absent-both-directions	no	yes	yes	yes	no	
CAND_PLAUS_003031	plus	candidate_pending_human_review			incongruent	0	He is yawning four traffic	be_progressive	yawning	traffic	yawn	traffic	0.0		USF:absent-both-directions	no	yes	yes	yes	no	
CAND_PLAUS_003032	plus	candidate_pending_human_review			incongruent	0	He does not yawn four traffic	do_negation	yawn	traffic	yawn	traffic	0.0		USF:absent-both-directions	no	yes	yes	yes	no	
CAND_PLAUS_003033	plus	candidate_pending_human_review			incongruent	0	Every day he yawns four traffic	present_3s	yawns	traffic	yawn	traffic	0.0		USF:absent-both-directions	no	yes	yes	yes	no	
CAND_PLAUS_003034	plus	candidate_pending_human_review			incongruent	0	Last week he yawned four traffic	simple_past	yawned	traffic	yawn	traffic	0.0		USF:absent-both-directions	no	yes	yes	yes	no	
CAND_PLAUS_003035	plus	candidate_pending_human_review			incongruent	0	They are yawning four traffic	be_progressive	yawning	traffic	yawn	traffic	0.0		USF:absent-both-directions	no	yes	yes	yes	no	
CAND_PLAUS_003036	plus	candidate_pending_human_review			incongruent	0	They do not yawn four traffic	do_negation	yawn	traffic	yawn	traffic	0.0		USF:absent-both-directions	no	yes	yes	yes	no	
CAND_PLAUS_003037	plus	candidate_pending_human_review			incongruent	0	Every day they yawn four traffic	present_3s	yawn	traffic	yawn	traffic	0.0		USF:absent-both-directions	no	yes	yes	yes	no	
CAND_PLAUS_003038	plus	candidate_pending_human_review			incongruent	0	Last week they yawned four traffic	simple_past	yawned	traffic	yawn	traffic	0.0		USF:absent-both-directions	no	yes	yes	yes	no	
CAND_PLAUS_003039	plus	candidate_pending_human_review			incongruent	0	She is yawning five traffic	be_progressive	yawning	traffic	yawn	traffic	0.0		USF:absent-both-directions	no	yes	yes	yes	no	
CAND_PLAUS_003040	plus	candidate_pending_human_review			incongruent	0	She does not yawn five traffic	do_negation	yawn	traffic	yawn	traffic	0.0		USF:absent-both-directions	no	yes	yes	yes	no	
CAND_PLAUS_003041	plus	candidate_pending_human_review			incongruent	0	Every day she yawns five traffic	present_3s	yawns	traffic	yawn	traffic	0.0		USF:absent-both-directions	no	yes	yes	yes	no	
CAND_PLAUS_003042	plus	candidate_pending_human_review			incongruent	0	Last week she yawned five traffic	simple_past	yawned	traffic	yawn	traffic	0.0		USF:absent-both-directions	no	yes	yes	yes	no	
CAND_PLAUS_003043	plus	candidate_pending_human_review			incongruent	0	He is yawning five traffic	be_progressive	yawning	traffic	yawn	traffic	0.0		USF:absent-both-directions	no	yes	yes	yes	no	
CAND_PLAUS_003044	plus	candidate_pending_human_review			incongruent	0	He does not yawn five traffic	do_negation	yawn	traffic	yawn	traffic	0.0		USF:absent-both-directions	no	yes	yes	yes	no	
CAND_PLAUS_003045	plus	candidate_pending_human_review			incongruent	0	Every day he yawns five traffic	present_3s	yawns	traffic	yawn	traffic	0.0		USF:absent-both-directions	no	yes	yes	yes	no	
CAND_PLAUS_003046	plus	candidate_pending_human_review			incongruent	0	Last week he yawned five traffic	simple_past	yawned	traffic	yawn	traffic	0.0		USF:absent-both-directions	no	yes	yes	yes	no	
CAND_PLAUS_003047	plus	candidate_pending_human_review			incongruent	0	They are yawning five traffic	be_progressive	yawning	traffic	yawn	traffic	0.0		USF:absent-both-directions	no	yes	yes	yes	no	
CAND_PLAUS_003048	plus	candidate_pending_human_review			incongruent	0	They do not yawn five traffic	do_negation	yawn	traffic	yawn	traffic	0.0		USF:absent-both-directions	no	yes	yes	yes	no	
CAND_PLAUS_003049	plus	candidate_pending_human_review			incongruent	0	Every day they yawn five traffic	present_3s	yawn	traffic	yawn	traffic	0.0		USF:absent-both-directions	no	yes	yes	yes	no	
CAND_PLAUS_003050	plus	candidate_pending_human_review			incongruent	0	Last week they yawned five traffic	simple_past	yawned	traffic	yawn	traffic	0.0		USF:absent-both-directions	no	yes	yes	yes	no	
CAND_PLAUS_003051	plus	candidate_pending_human_review			incongruent	0	She is yawning six traffic	be_progressive	yawning	traffic	yawn	traffic	0.0		USF:absent-both-directions	no	yes	yes	yes	no	
CAND_PLAUS_003052	plus	candidate_pending_human_review			incongruent	0	She does not yawn six traffic	do_negation	yawn	traffic	yawn	traffic	0.0		USF:absent-both-directions	no	yes	yes	yes	no	
CAND_PLAUS_003053	plus	candidate_pending_human_review			incongruent	0	Every day she yawns six traffic	present_3s	yawns	traffic	yawn	traffic	0.0		USF:absent-both-directions	no	yes	yes	yes	no	
CAND_PLAUS_003054	plus	candidate_pending_human_review			incongruent	0	Last week she yawned six traffic	simple_past	yawned	traffic	yawn	traffic	0.0		USF:absent-both-directions	no	yes	yes	yes	no	
CAND_PLAUS_003055	plus	candidate_pending_human_review			incongruent	0	He is yawning six traffic	be_progressive	yawning	traffic	yawn	traffic	0.0		USF:absent-both-directions	no	yes	yes	yes	no	
CAND_PLAUS_003056	plus	candidate_pending_human_review			incongruent	0	He does not yawn six traffic	do_negation	yawn	traffic	yawn	traffic	0.0		USF:absent-both-directions	no	yes	yes	yes	no	
CAND_PLAUS_003057	plus	candidate_pending_human_review			incongruent	0	Every day he yawns six traffic	present_3s	yawns	traffic	yawn	traffic	0.0		USF:absent-both-directions	no	yes	yes	yes	no	
CAND_PLAUS_003058	plus	candidate_pending_human_review			incongruent	0	Last week he yawned six traffic	simple_past	yawned	traffic	yawn	traffic	0.0		USF:absent-both-directions	no	yes	yes	yes	no	
CAND_PLAUS_003059	plus	candidate_pending_human_review			incongruent	0	They are yawning six traffic	be_progressive	yawning	traffic	yawn	traffic	0.0		USF:absent-both-directions	no	yes	yes	yes	no	
CAND_PLAUS_003060	plus	candidate_pending_human_review			incongruent	0	They do not yawn six traffic	do_negation	yawn	traffic	yawn	traffic	0.0		USF:absent-both-directions	no	yes	yes	yes	no	
CAND_PLAUS_003061	plus	candidate_pending_human_review			incongruent	0	Every day they yawn six traffic	present_3s	yawn	traffic	yawn	traffic	0.0		USF:absent-both-directions	no	yes	yes	yes	no	
CAND_PLAUS_003062	plus	candidate_pending_human_review			incongruent	0	Last week they yawned six traffic	simple_past	yawned	traffic	yawn	traffic	0.0		USF:absent-both-directions	no	yes	yes	yes	no	
CAND_PLAUS_003063	plus	candidate_pending_human_review			incongruent	0	She is claiming one harm	be_progressive	claiming	harm	claim	harm	0.0		USF:absent-both-directions	no	yes	yes	yes	no	
CAND_PLAUS_003064	plus	candidate_pending_human_review			incongruent	0	She does not claim one harm	do_negation	claim	harm	claim	harm	0.0		USF:absent-both-directions	no	yes	yes	yes	no	
CAND_PLAUS_003065	plus	candidate_pending_human_review			incongruent	0	Every day she claims one harm	present_3s	claims	harm	claim	harm	0.0		USF:absent-both-directions	no	yes	yes	yes	no	
CAND_PLAUS_003066	plus	candidate_pending_human_review			incongruent	0	Last week she claimed one harm	simple_past	claimed	harm	claim	harm	0.0		USF:absent-both-directions	no	yes	yes	yes	no	
CAND_PLAUS_003067	plus	candidate_pending_human_review			incongruent	0	He is claiming one harm	be_progressive	claiming	harm	claim	harm	0.0		USF:absent-both-directions	no	yes	yes	yes	no	
CAND_PLAUS_003068	plus	candidate_pending_human_review			incongruent	0	He does not claim one harm	do_negation	claim	harm	claim	harm	0.0		USF:absent-both-directions	no	yes	yes	yes	no	
CAND_PLAUS_003069	plus	candidate_pending_human_review			incongruent	0	Every day he claims one harm	present_3s	claims	harm	claim	harm	0.0		USF:absent-both-directions	no	yes	yes	yes	no	
CAND_PLAUS_003070	plus	candidate_pending_human_review			incongruent	0	Last week he claimed one harm	simple_past	claimed	harm	claim	harm	0.0		USF:absent-both-directions	no	yes	yes	yes	no	
CAND_PLAUS_003071	plus	candidate_pending_human_review			incongruent	0	They are claiming one harm	be_progressive	claiming	harm	claim	harm	0.0		USF:absent-both-directions	no	yes	yes	yes	no	
CAND_PLAUS_003072	plus	candidate_pending_human_review			incongruent	0	They do not claim one harm	do_negation	claim	harm	claim	harm	0.0		USF:absent-both-directions	no	yes	yes	yes	no	
CAND_PLAUS_003073	plus	candidate_pending_human_review			incongruent	0	Every day they claim one harm	present_3s	claim	harm	claim	harm	0.0		USF:absent-both-directions	no	yes	yes	yes	no	
CAND_PLAUS_003074	plus	candidate_pending_human_review			incongruent	0	Last week they claimed one harm	simple_past	claimed	harm	claim	harm	0.0		USF:absent-both-directions	no	yes	yes	yes	no	
CAND_PLAUS_003075	plus	candidate_pending_human_review			incongruent	0	She is claiming two harm	be_progressive	claiming	harm	claim	harm	0.0		USF:absent-both-directions	no	yes	yes	yes	no	
CAND_PLAUS_003076	plus	candidate_pending_human_review			incongruent	0	She does not claim two harm	do_negation	claim	harm	claim	harm	0.0		USF:absent-both-directions	no	yes	yes	yes	no	
CAND_PLAUS_003077	plus	candidate_pending_human_review			incongruent	0	Every day she claims two harm	present_3s	claims	harm	claim	harm	0.0		USF:absent-both-directions	no	yes	yes	yes	no	
CAND_PLAUS_003078	plus	candidate_pending_human_review			incongruent	0	Last week she claimed two harm	simple_past	claimed	harm	claim	harm	0.0		USF:absent-both-directions	no	yes	yes	yes	no	
CAND_PLAUS_003079	plus	candidate_pending_human_review			incongruent	0	He is claiming two harm	be_progressive	claiming	harm	claim	harm	0.0		USF:absent-both-directions	no	yes	yes	yes	no	
CAND_PLAUS_003080	plus	candidate_pending_human_review			incongruent	0	He does not claim two harm	do_negation	claim	harm	claim	harm	0.0		USF:absent-both-directions	no	yes	yes	yes	no	
CAND_PLAUS_003081	plus	candidate_pending_human_review			incongruent	0	Every day he claims two harm	present_3s	claims	harm	claim	harm	0.0		USF:absent-both-directions	no	yes	yes	yes	no	
CAND_PLAUS_003082	plus	candidate_pending_human_review			incongruent	0	Last week he claimed two harm	simple_past	claimed	harm	claim	harm	0.0		USF:absent-both-directions	no	yes	yes	yes	no	
CAND_PLAUS_003083	plus	candidate_pending_human_review			incongruent	0	They are claiming two harm	be_progressive	claiming	harm	claim	harm	0.0		USF:absent-both-directions	no	yes	yes	yes	no	
CAND_PLAUS_003084	plus	candidate_pending_human_review			incongruent	0	They do not claim two harm	do_negation	claim	harm	claim	harm	0.0		USF:absent-both-directions	no	yes	yes	yes	no	
CAND_PLAUS_003085	plus	candidate_pending_human_review			incongruent	0	Every day they claim two harm	present_3s	claim	harm	claim	harm	0.0		USF:absent-both-directions	no	yes	yes	yes	no	
CAND_PLAUS_003086	plus	candidate_pending_human_review			incongruent	0	Last week they claimed two harm	simple_past	claimed	harm	claim	harm	0.0		USF:absent-both-directions	no	yes	yes	yes	no	
CAND_PLAUS_003087	plus	candidate_pending_human_review			incongruent	0	She is claiming three harm	be_progressive	claiming	harm	claim	harm	0.0		USF:absent-both-directions	no	yes	yes	yes	no	
CAND_PLAUS_003088	plus	candidate_pending_human_review			incongruent	0	She does not claim three harm	do_negation	claim	harm	claim	harm	0.0		USF:absent-both-directions	no	yes	yes	yes	no	
CAND_PLAUS_003089	plus	candidate_pending_human_review			incongruent	0	Every day she claims three harm	present_3s	claims	harm	claim	harm	0.0		USF:absent-both-directions	no	yes	yes	yes	no	
CAND_PLAUS_003090	plus	candidate_pending_human_review			incongruent	0	Last week she claimed three harm	simple_past	claimed	harm	claim	harm	0.0		USF:absent-both-directions	no	yes	yes	yes	no	
CAND_PLAUS_003091	plus	candidate_pending_human_review			incongruent	0	He is claiming three harm	be_progressive	claiming	harm	claim	harm	0.0		USF:absent-both-directions	no	yes	yes	yes	no	
CAND_PLAUS_003092	plus	candidate_pending_human_review			incongruent	0	He does not claim three harm	do_negation	claim	harm	claim	harm	0.0		USF:absent-both-directions	no	yes	yes	yes	no	
CAND_PLAUS_003093	plus	candidate_pending_human_review			incongruent	0	Every day he claims three harm	present_3s	claims	harm	claim	harm	0.0		USF:absent-both-directions	no	yes	yes	yes	no	
CAND_PLAUS_003094	plus	candidate_pending_human_review			incongruent	0	Last week he claimed three harm	simple_past	claimed	harm	claim	harm	0.0		USF:absent-both-directions	no	yes	yes	yes	no	
CAND_PLAUS_003095	plus	candidate_pending_human_review			incongruent	0	They are claiming three harm	be_progressive	claiming	harm	claim	harm	0.0		USF:absent-both-directions	no	yes	yes	yes	no	
CAND_PLAUS_003096	plus	candidate_pending_human_review			incongruent	0	They do not claim three harm	do_negation	claim	harm	claim	harm	0.0		USF:absent-both-directions	no	yes	yes	yes	no	
CAND_PLAUS_003097	plus	candidate_pending_human_review			incongruent	0	Every day they claim three harm	present_3s	claim	harm	claim	harm	0.0		USF:absent-both-directions	no	yes	yes	yes	no	
CAND_PLAUS_003098	plus	candidate_pending_human_review			incongruent	0	Last week they claimed three harm	simple_past	claimed	harm	claim	harm	0.0		USF:absent-both-directions	no	yes	yes	yes	no	
CAND_PLAUS_003099	plus	candidate_pending_human_review			incongruent	0	She is claiming four harm	be_progressive	claiming	harm	claim	harm	0.0		USF:absent-both-directions	no	yes	yes	yes	no	
CAND_PLAUS_003100	plus	candidate_pending_human_review			incongruent	0	She does not claim four harm	do_negation	claim	harm	claim	harm	0.0		USF:absent-both-directions	no	yes	yes	yes	no	
