item_id	task	condition	binary_label	split	stimulus_origin	adaptation_eligibility	original_trial_type	original_stimulus_file	source_resource	source_record_id	word1	word2	sentence	word1_ipa	word2_ipa	sentence_ipa	template_id	critical_word	critical_region	association_forward	association_backward	word1_subtlex	word2_subtlex	mean_content_subtlex	word1_n_phonemes	word2_n_phonemes	sentence_n_phonemes	word1_n_syllables	word2_n_syllables	childes_count_word1	childes_count_word2	subject	verb_lemma	verb_surface	object_lemma	object_surface	number_word	negation	overlap_ds003604_exact	overlap_ds003604_critical_vocab	qc_pass	qc_notes	shared_onset	shared_rime	shared_phoneme_count	phonological_relation_verified	cue	target	FSG	BSG	verb_object_FSG	verb_object_BSG	congruence_level	template_family	grammar_subtype	violation_type	violation_location	expected_form	observed_form	childes_count_verb	childes_count_object	content_word_childes_counts
CAND_SOUND_000001	Sound	rhyme	1		plus	candidate_pending_human_review			cmusphinx/cmudict	cmudict:rime:IY	he	mee										6.8829339408825	2.6726410656136697	4.777787503248085	2	2		1	1																																	
CAND_SOUND_000002	Sound	rhyme	1		plus	candidate_pending_human_review			cmusphinx/cmudict	cmudict:rime:EY-Z	daze	haze										2.7395878552442827	3.1789205490745456	2.959254202159414	3	3		1	1																																	
CAND_SOUND_000003	Sound	rhyme	1		plus	candidate_pending_human_review			cmusphinx/cmudict	cmudict:rime:AA-R	jar	star										3.919795680494796	4.9103732587310365	4.415084469612916	3	4		1	1																																	
CAND_SOUND_000004	Sound	rhyme	1		plus	candidate_pending_human_review			cmusphinx/cmudict	cmudict:rime:OW	grow	though										4.774445400352775	5.259930998624905	5.0171881994888405	3	2		1	1																																	
CAND_SOUND_000005	Sound	rhyme	1		plus	candidate_pending_human_review			cmusphinx/cmudict	cmudict:rime:AH-N-T-S	hunts	stunts										3.070581074285707	3.2836558995945584	3.1771184869401328	5	6		1	1																																	
CAND_SOUND_000006	Sound	rhyme	1		plus	candidate_pending_human_review			cmusphinx/cmudict	cmudict:rime:EY-T	bait	date										3.987911500392261	5.150846701625552	4.569379101008907	3	3		1	1																																	
CAND_SOUND_000007	Sound	rhyme	1		plus	candidate_pending_human_review			cmusphinx/cmudict	cmudict:rime:EH-L	fell	shell										4.863322860120456	4.121089720437384	4.49220629027892	3	3		1	1																																	
CAND_SOUND_000008	Sound	rhyme	1		plus	candidate_pending_human_review			cmusphinx/cmudict	cmudict:rime:IY	pee	she										4.258571556641096	6.572044302738093	5.415307929689595	2	2		1	1																																	
CAND_SOUND_000009	Sound	rhyme	1		plus	candidate_pending_human_review			cmusphinx/cmudict	cmudict:rime:AA-T-S	dots	spots										3.4855544222565253	4.0142404391146105	3.749897430685568	4	5		1	1																																	
CAND_SOUND_000010	Sound	rhyme	1		plus	candidate_pending_human_review			cmusphinx/cmudict	cmudict:rime:AH-NG	dung	sung										3.2466723333413885	3.542849826210958	3.394761079776173	3	3		1	1																																	
CAND_SOUND_000011	Sound	rhyme	1		plus	candidate_pending_human_review			cmusphinx/cmudict	cmudict:rime:AY-N-D	blind	mined										4.66108853629429	2.872213420518874	3.766650978406582	5	4		1	1																																	
CAND_SOUND_000012	Sound	rhyme	1		plus	candidate_pending_human_review			cmusphinx/cmudict	cmudict:rime:OW-K	cloak	croak										3.4771212547196626	3.063281835544208	3.2702015451319353	4	4		1	1																																	
CAND_SOUND_000013	Sound	rhyme	1		plus	candidate_pending_human_review			cmusphinx/cmudict	cmudict:rime:UW	doo	screw										3.63485250472427	4.573917711842145	4.104385108283207	2	4		1	1																																	
CAND_SOUND_000014	Sound	rhyme	1		plus	candidate_pending_human_review			cmusphinx/cmudict	cmudict:rime:EH-L-V-Z	selves	shelves										3.0848215134003176	3.4385578595803015	3.2616896864903095	5	5		1	1																																	
CAND_SOUND_000015	Sound	rhyme	1		plus	candidate_pending_human_review			cmusphinx/cmudict	cmudict:rime:EY-L	jail	male										4.848973532385578	4.530726891777458	4.689850212081518	3	3		1	1																																	
CAND_SOUND_000016	Sound	rhyme	1		plus	candidate_pending_human_review			cmusphinx/cmudict	cmudict:rime:AY-Z	rise	thighs										4.438247538393892	3.5846858952585396	4.011466716826216	3	3		1	1																																	
CAND_SOUND_000017	Sound	rhyme	1		plus	candidate_pending_human_review			cmusphinx/cmudict	cmudict:rime:IY	hee	pea										3.7349095929665124	3.59128290031177	3.6630962466391415	2	2		1	1																																	
CAND_SOUND_000018	Sound	rhyme	1		plus	candidate_pending_human_review			cmusphinx/cmudict	cmudict:rime:IY-Z	sleaze	sneeze										2.883494430928563	3.468521082957745	3.1760077569431537	4	4		1	1																																	
CAND_SOUND_000019	Sound	rhyme	1		plus	candidate_pending_human_review			cmusphinx/cmudict	cmudict:rime:AE-NG-K	crank	stank										3.7269987279362624	2.883494430928563	3.3052465794324126	5	5		1	1																																	
CAND_SOUND_000020	Sound	rhyme	1		plus	candidate_pending_human_review			cmusphinx/cmudict	cmudict:rime:AO-R	nor	snore										4.556065892490172	3.2062436762857804	3.8811547843879763	3	4		1	1																																	
CAND_SOUND_000021	Sound	rhyme	1		plus	candidate_pending_human_review			cmusphinx/cmudict	cmudict:rime:AH-N	one	shun										6.487454474062504	2.7074031718728815	4.597428822967693	3	3		1	1																																	
CAND_SOUND_000022	Sound	rhyme	1		plus	candidate_pending_human_review			cmusphinx/cmudict	cmudict:rime:AY-N-Z	lines	mines										4.58468589525854	3.7921169065204676	4.188401400889504	4	4		1	1																																	
CAND_SOUND_000023	Sound	rhyme	1		plus	candidate_pending_human_review			cmusphinx/cmudict	cmudict:rime:AA-K	crock	knock										3.3052670486072357	4.810812139447408	4.0580395940273215	4	3		1	1																																	
CAND_SOUND_000024	Sound	rhyme	1		plus	candidate_pending_human_review			cmusphinx/cmudict	cmudict:rime:EH-L	gel	spell										3.2115079162781375	4.564039125280896	3.8877735207795165	3	4		1	1																																	
CAND_SOUND_000025	Sound	rhyme	1		plus	candidate_pending_human_review			cmusphinx/cmudict	cmudict:rime:OW-Z	blows	hose										4.191703011219667	3.9062716457781326	4.0489873284988995	4	3		1	1																																	
CAND_SOUND_000026	Sound	rhyme	1		plus	candidate_pending_human_review			cmusphinx/cmudict	cmudict:rime:AA-T	squat	trot										3.4965498065579883	3.256217651247619	3.3763837289028036	5	4		1	1																																	
CAND_SOUND_000027	Sound	rhyme	1		plus	candidate_pending_human_review			cmusphinx/cmudict	cmudict:rime:IH-L	shrill	swill										2.6726410656136697	2.982625903930577	2.8276334847721234	4	4		1	1																																	
CAND_SOUND_000028	Sound	rhyme	1		plus	candidate_pending_human_review			cmusphinx/cmudict	cmudict:rime:EY	hay	se										3.8043131848809377	4.267401818200133	4.035857501540535	2	2		1	1																																	
CAND_SOUND_000029	Sound	rhyme	1		plus	candidate_pending_human_review			cmusphinx/cmudict	cmudict:rime:OW-N-Z	groans	loans										3.883494430928563	3.4416489365574434	3.6625716837430033	5	4		1	1																																	
CAND_SOUND_000030	Sound	rhyme	1		plus	candidate_pending_human_review			cmusphinx/cmudict	cmudict:rime:UW	goo	slew										3.329856321842687	3.11850462660289	3.2241804742227886	2	3		1	1																																	
CAND_SOUND_000031	Sound	rhyme	1		plus	candidate_pending_human_review			cmusphinx/cmudict	cmudict:rime:IH-P	rip	ship										4.304422938561321	4.995118792061197	4.649770865311259	3	3		1	1																																	
CAND_SOUND_000032	Sound	rhyme	1		plus	candidate_pending_human_review			cmusphinx/cmudict	cmudict:rime:IY-T-S	beets	eats										3.0084331675368627	4.101989538537332	3.5552113530370972	4	3		1	1																																	
CAND_SOUND_000033	Sound	rhyme	1		plus	candidate_pending_human_review			cmusphinx/cmudict	cmudict:rime:UW-T	cute	loot										4.943222863553995	3.5501083987712483	4.246665631162622	4	3		1	1																																	
CAND_SOUND_000034	Sound	rhyme	1		plus	candidate_pending_human_review			cmusphinx/cmudict	cmudict:rime:IY-M	cream	scheme										4.687581415406607	3.8606315479690587	4.2741064816878325	4	4		1	1																																	
CAND_SOUND_000035	Sound	rhyme	1		plus	candidate_pending_human_review			cmusphinx/cmudict	cmudict:rime:AE-M-P-S	lamps	stamps										3.309463163200844	3.718941085266639	3.5142021242337416	5	6		1	1																																	
CAND_SOUND_000036	Sound	rhyme	1		plus	candidate_pending_human_review			cmusphinx/cmudict	cmudict:rime:EY-L	fail	trail										4.390727360396761	4.283212515705202	4.336969938050982	3	4		1	1																																	
CAND_SOUND_000037	Sound	rhyme	1		plus	candidate_pending_human_review			cmusphinx/cmudict	cmudict:rime:AW-L	growl	howl										2.9913998282380825	3.3136191229720016	3.152509475605042	4	3		1	1																																	
CAND_SOUND_000038	Sound	rhyme	1		plus	candidate_pending_human_review			cmusphinx/cmudict	cmudict:rime:IY	free	te										5.249270314061297	3.468521082957745	4.358895698509521	3	2		1	1																																	
CAND_SOUND_000039	Sound	rhyme	1		plus	candidate_pending_human_review			cmusphinx/cmudict	cmudict:rime:AE-D	ad	lad										4.1337892943569186	4.159307638239563	4.14654846629824	2	3		1	1																																	
CAND_SOUND_000040	Sound	rhyme	1		plus	candidate_pending_human_review			cmusphinx/cmudict	cmudict:rime:AE-K-S	jacks	stacks										3.530475927030859	3.2880650184996134	3.409270472765236	4	5		1	1																																	
CAND_SOUND_000041	Sound	rhyme	1		plus	candidate_pending_human_review			cmusphinx/cmudict	cmudict:rime:AE-D	cad	sad										3.016705693502853	4.801901176004613	3.909303434753733	3	3		1	1																																	
CAND_SOUND_000042	Sound	rhyme	1		plus	candidate_pending_human_review			cmusphinx/cmudict	cmudict:rime:AO-R	floor	pour										5.002716471604955	4.17948420195302	4.591100336778988	4	3		1	1																																	
CAND_SOUND_000043	Sound	rhyme	1		plus	candidate_pending_human_review			cmusphinx/cmudict	cmudict:rime:AO-R-Z	cores	stores										2.8109437637799513	3.9781715625043272	3.3945576631421392	4	5		1	1																																	
CAND_SOUND_000044	Sound	rhyme	1		plus	candidate_pending_human_review			cmusphinx/cmudict	cmudict:rime:AE-B	grab	scab										4.8504179721269765	2.7975798022219696	3.823998887174473	4	4		1	1																																	
CAND_SOUND_000045	Sound	rhyme	1		plus	candidate_pending_human_review			cmusphinx/cmudict	cmudict:rime:AY-L	pile	style										4.119799096955889	4.478255183515026	4.299027140235458	3	4		1	1																																	
CAND_SOUND_000046	Sound	rhyme	1		plus	candidate_pending_human_review			cmusphinx/cmudict	cmudict:rime:AE-B	grab	nab										4.8504179721269765	2.8239087409443187	3.8371633565356476	4	3		1	1																																	
CAND_SOUND_000047	Sound	rhyme	1		plus	candidate_pending_human_review			cmusphinx/cmudict	cmudict:rime:OW	go	quo										6.578987332834114	3.274701056941632	4.926844194887873	2	3		1	1																																	
CAND_SOUND_000048	Sound	rhyme	1		plus	candidate_pending_human_review			cmusphinx/cmudict	cmudict:rime:AY-D	died	tied										5.1964958758165665	4.427244194222524	4.811870035019545	3	3		1	1																																	
CAND_SOUND_000049	Sound	rhyme	1		plus	candidate_pending_human_review			cmusphinx/cmudict	cmudict:rime:AH-N	son	ton										5.613593120662743	3.8744931868137726	4.744043153738257	3	3		1	1																																	
CAND_SOUND_000050	Sound	rhyme	1		plus	candidate_pending_human_review			cmusphinx/cmudict	cmudict:rime:AE-G	lag	tag										3.167491087293764	4.142463081591833	3.6549770844427982	3	3		1	1																																	
CAND_SOUND_000051	Sound	rhyme	1		plus	candidate_pending_human_review			cmusphinx/cmudict	cmudict:rime:IH-K-S	picks	ticks										3.9626756769761875	3.063281835544208	3.512978756260198	4	4		1	1																																	
CAND_SOUND_000052	Sound	rhyme	1		plus	candidate_pending_human_review			cmusphinx/cmudict	cmudict:rime:EY-D	fade	played										3.748795857031107	4.750311720636056	4.249553788833581	3	4		1	1																																	
CAND_SOUND_000053	Sound	rhyme	1		plus	candidate_pending_human_review			cmusphinx/cmudict	cmudict:rime:IY	d	nee										6.298189295733761	2.6726410656136697	4.485415180673716	2	2		1	1																																	
CAND_SOUND_000054	Sound	rhyme	1		plus	candidate_pending_human_review			cmusphinx/cmudict	cmudict:rime:AY-D	eyed	snide										2.872213420518874	2.7395878552442827	2.805900637881578	2	4		1	1																																	
CAND_SOUND_000055	Sound	rhyme	1		plus	candidate_pending_human_review			cmusphinx/cmudict	cmudict:rime:EY-Z	daze	trays										2.7395878552442827	3.184524426592544	2.9620561409184134	3	4		1	1																																	
CAND_SOUND_000056	Sound	rhyme	1		plus	candidate_pending_human_review			cmusphinx/cmudict	cmudict:rime:IH-T	flit	pit										2.6903698325741012	4.121089720437384	3.4057297765057424	4	3		1	1																																	
CAND_SOUND_000057	Sound	rhyme	1		plus	candidate_pending_human_review			cmusphinx/cmudict	cmudict:rime:AE-SH	hash	sash										3.5477023290053697	3.055857817465001	3.3017800732351854	3	3		1	1																																	
CAND_SOUND_000058	Sound	rhyme	1		plus	candidate_pending_human_review			cmusphinx/cmudict	cmudict:rime:UW-T-S	boots	shoots										4.282324387620837	3.843879821874939	4.0631021047478875	4	4		1	1																																	
CAND_SOUND_000059	Sound	rhyme	1		plus	candidate_pending_human_review			cmusphinx/cmudict	cmudict:rime:UW-Z-D	bruised	fused										3.3218136015872735	2.8239087409443187	3.072861171265796	5	5		1	1																																	
CAND_SOUND_000060	Sound	rhyme	1		plus	candidate_pending_human_review			cmusphinx/cmudict	cmudict:rime:AA-T	cot	hot										3.3010299956639813	5.2783949022069345	4.2897124489354574	3	3		1	1																																	
CAND_SOUND_000061	Sound	rhyme	1		plus	candidate_pending_human_review			cmusphinx/cmudict	cmudict:rime:EY-N	cane	lain										3.9208187539523753	2.75482782180102	3.337823287876698	3	3		1	1																																	
CAND_SOUND_000062	Sound	rhyme	1		plus	candidate_pending_human_review			cmusphinx/cmudict	cmudict:rime:AO-R	chore	tore										3.0	3.918770191277106	3.4593850956385532	3	3		1	1																																	
CAND_SOUND_000063	Sound	rhyme	1		plus	candidate_pending_human_review			cmusphinx/cmudict	cmudict:rime:UW	glue	true										3.769551078621726	5.403725950384326	4.586638514503026	3	3		1	1																																	
CAND_SOUND_000064	Sound	rhyme	1		plus	candidate_pending_human_review			cmusphinx/cmudict	cmudict:rime:EH-L-Z	sells	shells										3.852336448938176	3.7457481639491013	3.7990423064436385	4	4		1	1																																	
CAND_SOUND_000065	Sound	rhyme	1		plus	candidate_pending_human_review			cmusphinx/cmudict	cmudict:rime:OW-T-S	oats	votes										3.3136191229720016	3.894489815230026	3.6040544691010137	3	4		1	1																																	
CAND_SOUND_000066	Sound	rhyme	1		plus	candidate_pending_human_review			cmusphinx/cmudict	cmudict:rime:AY-T	right	sight										6.602970203685071	4.656229769381173	5.629599986533122	3	3		1	1																																	
CAND_SOUND_000067	Sound	rhyme	1		plus	candidate_pending_human_review			cmusphinx/cmudict	cmudict:rime:EY-T	ate	weight										4.5284629710196995	4.559601552305077	4.544032261662388	2	3		1	1																																	
CAND_SOUND_000068	Sound	rhyme	1		plus	candidate_pending_human_review			cmusphinx/cmudict	cmudict:rime:IY	ee	we										3.5757310526056134	6.954816458448821	5.265273755527217	1	2		1	1																																	
CAND_SOUND_000069	Sound	rhyme	1		plus	candidate_pending_human_review			cmusphinx/cmudict	cmudict:rime:IY-K-T	peaked	sneaked										3.0848215134003176	3.184524426592544	3.134672969996431	4	5		1	1																																	
CAND_SOUND_000070	Sound	rhyme	1		plus	candidate_pending_human_review			cmusphinx/cmudict	cmudict:rime:AO-R-Z	cores	pours										2.8109437637799513	3.173243416182855	2.992093589981403	4	4		1	1																																	
CAND_SOUND_000071	Sound	rhyme	1		plus	candidate_pending_human_review			cmusphinx/cmudict	cmudict:rime:AY-L	bile	file										2.894489815230026	4.643839575827503	3.7691646955287643	3	3		1	1																																	
CAND_SOUND_000072	Sound	rhyme	1		plus	candidate_pending_human_review			cmusphinx/cmudict	cmudict:rime:AE-S-T	caste	past										2.935882500388251	5.092596814103428	4.01423965724584	4	4		1	1																																	
CAND_SOUND_000073	Sound	rhyme	1		plus	candidate_pending_human_review			cmusphinx/cmudict	cmudict:rime:AE-SH-T	cashed	splashed										3.325853579389013	2.7975798022219696	3.0617166908054916	4	6		1	1																																	
CAND_SOUND_000074	Sound	rhyme	1		plus	candidate_pending_human_review			cmusphinx/cmudict	cmudict:rime:EY	day	slay										5.904078796419064	3.329856321842687	4.616967559130876	2	3		1	1																																	
CAND_SOUND_000075	Sound	rhyme	1		plus	candidate_pending_human_review			cmusphinx/cmudict	cmudict:rime:UH-K-T	hooked	looked										4.1178559416698866	5.082433344292554	4.6001446429812205	4	4		1	1																																	
CAND_SOUND_000076	Sound	rhyme	1		plus	candidate_pending_human_review			cmusphinx/cmudict	cmudict:rime:UW-N	noon	spoon										4.258101795122171	3.881261549496271	4.069681672309221	3	4		1	1																																	
CAND_SOUND_000077	Sound	rhyme	1		plus	candidate_pending_human_review			cmusphinx/cmudict	cmudict:rime:AE-K-T	blacked	sacked										3.3416478465722452	3.0917703733556454	3.2167091099639453	5	4		1	1																																	
CAND_SOUND_000078	Sound	rhyme	1		plus	candidate_pending_human_review			cmusphinx/cmudict	cmudict:rime:UW	flew	slew										4.187299480647316	3.11850462660289	3.652902053625103	3	3		1	1																																	
CAND_SOUND_000079	Sound	rhyme	1		plus	candidate_pending_human_review			cmusphinx/cmudict	cmudict:rime:AA-T	plot	spot										4.064017304783319	4.789359471975279	4.426688388379299	4	4		1	1																																	
CAND_SOUND_000080	Sound	rhyme	1		plus	candidate_pending_human_review			cmusphinx/cmudict	cmudict:rime:UW-D	rude	viewed										4.343582346349445	3.016705693502853	3.680144019926149	3	4		1	1																																	
CAND_SOUND_000081	Sound	rhyme	1		plus	candidate_pending_human_review			cmusphinx/cmudict	cmudict:rime:AE-N	bran	clan										3.11850462660289	3.6125761100131175	3.365540368308004	4	4		1	1																																	
CAND_SOUND_000082	Sound	rhyme	1		plus	candidate_pending_human_review			cmusphinx/cmudict	cmudict:rime:AY-T	fright	write										3.4416489365574434	5.1031326848491805	4.272390810703312	4	3		1	1																																	
CAND_SOUND_000083	Sound	rhyme	1		plus	candidate_pending_human_review			cmusphinx/cmudict	cmudict:rime:EY-T	fate	plate										4.430732522068345	4.409037567890312	4.4198850449793285	3	4		1	1																																	
CAND_SOUND_000084	Sound	rhyme	1		plus	candidate_pending_human_review			cmusphinx/cmudict	cmudict:rime:EH-P-T	stepped	wept										4.109333663277724	3.1436881726211388	3.6265109179494313	5	4		1	1																																	
CAND_SOUND_000085	Sound	rhyme	1		plus	candidate_pending_human_review			cmusphinx/cmudict	cmudict:rime:AE-TH	bath	wrath										4.493006750656912	3.59128290031177	4.042144825484341	3	3		1	1																																	
CAND_SOUND_000086	Sound	rhyme	1		plus	candidate_pending_human_review			cmusphinx/cmudict	cmudict:rime:OW-Z	pose	rows										3.8327592986929373	3.256217651247619	3.544488474970278	3	3		1	1																																	
CAND_SOUND_000087	Sound	rhyme	1		plus	candidate_pending_human_review			cmusphinx/cmudict	cmudict:rime:AH-F	bluff	snuff										3.7934890861198154	3.3010299956639813	3.5472595408918983	4	4		1	1																																	
CAND_SOUND_000088	Sound	rhyme	1		plus	candidate_pending_human_review			cmusphinx/cmudict	cmudict:rime:AE-NG-K	franc	sank										2.905213680621799	3.3338225090602887	3.1195180948410437	5	4		1	1																																	
CAND_SOUND_000089	Sound	rhyme	1		plus	candidate_pending_human_review			cmusphinx/cmudict	cmudict:rime:AE-CH	catch	match										5.131970716871033	4.694002669578509	4.912986693224771	3	3		1	1																																	
CAND_SOUND_000090	Sound	rhyme	1		plus	candidate_pending_human_review			cmusphinx/cmudict	cmudict:rime:ER	cur	ur										2.7837915177363364	2.8239087409443187	2.8038501293403275	2	1		1	1																																	
CAND_SOUND_000091	Sound	rhyme	1		plus	candidate_pending_human_review			cmusphinx/cmudict	cmudict:rime:OW-B-Z	probes	robes										2.8364978682523394	3.3606156856482254	3.098556776950282	5	4		1	1																																	
CAND_SOUND_000092	Sound	rhyme	1		plus	candidate_pending_human_review			cmusphinx/cmudict	cmudict:rime:IH-NG	cling	ing										3.399639793549932	3.2115079162781375	3.3055738549140345	4	2		1	1																																	
CAND_SOUND_000093	Sound	rhyme	1		plus	candidate_pending_human_review			cmusphinx/cmudict	cmudict:rime:ER-CH	perch	search										2.9913998282380825	4.684598973391799	3.837999400814941	3	3		1	1																																	
CAND_SOUND_000094	Sound	rhyme	1		plus	candidate_pending_human_review			cmusphinx/cmudict	cmudict:rime:OW	know	slow										6.757485343853885	4.880925624909274	5.8192054843815795	2	3		1	1																																	
CAND_SOUND_000095	Sound	rhyme	1		plus	candidate_pending_human_review			cmusphinx/cmudict	cmudict:rime:AH-NG-K-S	bunks	punks										3.0327925133963074	3.6167122791997564	3.324752396298032	5	5		1	1																																	
CAND_SOUND_000096	Sound	rhyme	1		plus	candidate_pending_human_review			cmusphinx/cmudict	cmudict:rime:AO-N-Z	dawns	yawns										2.723793588061051	2.769551078621726	2.7466723333413885	4	4		1	1																																	
CAND_SOUND_000097	Sound	rhyme	1		plus	candidate_pending_human_review			cmusphinx/cmudict	cmudict:rime:OW-Z	grows	shows										3.977275185546476	4.618150681921476	4.297712933733976	4	3		1	1																																	
CAND_SOUND_000098	Sound	rhyme	1		plus	candidate_pending_human_review			cmusphinx/cmudict	cmudict:rime:AO-R	chore	oar										3.0	2.915679114299964	2.957839557149982	3	2		1	1																																	
CAND_SOUND_000099	Sound	rhyme	1		plus	candidate_pending_human_review			cmusphinx/cmudict	cmudict:rime:IH-B	bib	lib										2.6903698325741012	2.7837915177363364	2.7370806751552186	3	3		1	1																																	
CAND_SOUND_000100	Sound	rhyme	1		plus	candidate_pending_human_review			cmusphinx/cmudict	cmudict:rime:OW-N	known	loan										5.091770373355645	4.298039269262344	4.694904821308995	3	3		1	1																																	
CAND_SOUND_000101	Sound	rhyme	1		plus	candidate_pending_human_review			cmusphinx/cmudict	cmudict:rime:IY-M	cream	scream										4.687581415406607	4.421797419625049	4.554689417515828	4	5		1	1																																	
CAND_SOUND_000102	Sound	rhyme	1		plus	candidate_pending_human_review			cmusphinx/cmudict	cmudict:rime:AE-M-Z	hams	slams										2.75482782180102	3.349334675238536	3.052081248519778	4	5		1	1																																	
CAND_SOUND_000103	Sound	rhyme	1		plus	candidate_pending_human_review			cmusphinx/cmudict	cmudict:rime:IY-N	clean	keen										5.083629070400939	3.6503646709025173	4.366996870651728	4	3		1	1																																	
CAND_SOUND_000104	Sound	rhyme	1		plus	candidate_pending_human_review			cmusphinx/cmudict	cmudict:rime:OW-D	lode	owed										2.905213680621799	3.865301426102544	3.3852575533621714	3	2		1	1																																	
CAND_SOUND_000105	Sound	rhyme	1		plus	candidate_pending_human_review			cmusphinx/cmudict	cmudict:rime:IY	glee	mee										3.055857817465001	2.6726410656136697	2.8642494415393354	3	2		1	1																																	
CAND_SOUND_000106	Sound	rhyme	1		plus	candidate_pending_human_review			cmusphinx/cmudict	cmudict:rime:EH-D	bled	fed										3.595625881322553	4.200914842780714	3.8982703620516332	4	3		1	1																																	
CAND_SOUND_000107	Sound	rhyme	1		plus	candidate_pending_human_review			cmusphinx/cmudict	cmudict:rime:AO-R	nor	tor										4.556065892490172	3.3962335448580205	3.976149718674096	3	3		1	1																																	
CAND_SOUND_000108	Sound	rhyme	1		plus	candidate_pending_human_review			cmusphinx/cmudict	cmudict:rime:IH-M	brim	gym										2.9456423376774072	4.2595095580465605	3.602575947861984	4	3		1	1																																	
CAND_SOUND_000109	Sound	rhyme	1		plus	candidate_pending_human_review			cmusphinx/cmudict	cmudict:rime:AE-SH	clash	thrash										3.1249387366083	2.723793588061051	2.9243661623346755	4	4		1	1																																	
CAND_SOUND_000110	Sound	rhyme	1		plus	candidate_pending_human_review			cmusphinx/cmudict	cmudict:rime:AA-K-T	knocked	mocked										4.393144910475145	3.0	3.6965724552375727	4	4		1	1																																	
CAND_SOUND_000111	Sound	rhyme	1		plus	candidate_pending_human_review			cmusphinx/cmudict	cmudict:rime:IH-K-S	bricks	picks										3.5934598195660445	3.9626756769761875	3.7780677482711162	5	4		1	1																																	
CAND_SOUND_000112	Sound	rhyme	1		plus	candidate_pending_human_review			cmusphinx/cmudict	cmudict:rime:IY-Z	cheese	trees										4.591501083929473	4.486944165784531	4.539222624857002	3	4		1	1																																	
CAND_SOUND_000113	Sound	rhyme	1		plus	candidate_pending_human_review			cmusphinx/cmudict	cmudict:rime:OW	low	though										4.7718611610998	5.259930998624905	5.015896079862353	2	2		1	1																																	
CAND_SOUND_000114	Sound	rhyme	1		plus	candidate_pending_human_review			cmusphinx/cmudict	cmudict:rime:IH-K	click	lick										3.8069775765623497	4.039841631788487	3.9234096041754185	4	3		1	1																																	
CAND_SOUND_000115	Sound	rhyme	1		plus	candidate_pending_human_review			cmusphinx/cmudict	cmudict:rime:EY-K-S	shakes	snakes										3.693830364683608	4.0067595836472965	3.850294974165452	4	5		1	1																																	
CAND_SOUND_000116	Sound	rhyme	1		plus	candidate_pending_human_review			cmusphinx/cmudict	cmudict:rime:ER-JH	merge	scourge										3.1436881726211388	3.11850462660289	3.1310963996120145	3	4		1	1																																	
CAND_SOUND_000117	Sound	rhyme	1		plus	candidate_pending_human_review			cmusphinx/cmudict	cmudict:rime:AH-B	pub	rub										3.5711834248548926	4.188956041391619	3.880069733123256	3	3		1	1																																	
CAND_SOUND_000118	Sound	rhyme	1		plus	candidate_pending_human_review			cmusphinx/cmudict	cmudict:rime:AE-M-P	clamp	tramp										3.8364978682523394	3.918770191277106	3.8776340297647227	5	5		1	1																																	
CAND_SOUND_000119	Sound	rhyme	1		plus	candidate_pending_human_review			cmusphinx/cmudict	cmudict:rime:IH-P	flip	skip										4.154561203215101	4.324242095232434	4.239401649223767	4	4		1	1																																	
CAND_SOUND_000120	Sound	rhyme	1		plus	candidate_pending_human_review			cmusphinx/cmudict	cmudict:rime:OW-K	choke	woke										3.8109437637799513	4.42082909261987	4.115886428199911	3	3		1	1																																	
CAND_SOUND_000121	Sound	rhyme	1		plus	candidate_pending_human_review			cmusphinx/cmudict	cmudict:rime:AO-R	nor	store										4.556065892490172	4.913398259546353	4.734732076018263	3	4		1	1																																	
CAND_SOUND_000122	Sound	rhyme	1		plus	candidate_pending_human_review			cmusphinx/cmudict	cmudict:rime:AE-S	glass	lass										4.7832307759129185	3.425968732272281	4.1045997540926	4	3		1	1																																	
CAND_SOUND_000123	Sound	rhyme	1		plus	candidate_pending_human_review			cmusphinx/cmudict	cmudict:rime:AE-K-S	blacks	racks										3.5228787452803374	2.935882500388251	3.2293806228342943	5	4		1	1																																	
CAND_SOUND_000124	Sound	rhyme	1		plus	candidate_pending_human_review			cmusphinx/cmudict	cmudict:rime:EH-L	bell	spell										4.594760752586463	4.564039125280896	4.57939993893368	3	4		1	1																																	
CAND_SOUND_000125	Sound	rhyme	1		plus	candidate_pending_human_review			cmusphinx/cmudict	cmudict:rime:AW-D	cloud	loud										4.069856646291375	4.60013974730687	4.3349981967991225	4	3		1	1																																	
CAND_SOUND_000126	Sound	rhyme	1		plus	candidate_pending_human_review			cmusphinx/cmudict	cmudict:rime:EY-D	paid	raid										4.9328118686116325	3.9319163131706496	4.4323640908911415	3	3		1	1																																	
CAND_SOUND_000127	Sound	rhyme	1		plus	candidate_pending_human_review			cmusphinx/cmudict	cmudict:rime:AH-JH	judge	smudge										4.901276646228475	3.0	3.9506383231142377	3	4		1	1																																	
CAND_SOUND_000128	Sound	rhyme	1		plus	candidate_pending_human_review			cmusphinx/cmudict	cmudict:rime:OW-L	roll	stroll										4.801228789305968	3.6167122791997564	4.208970534252862	3	5		1	1																																	
CAND_SOUND_000129	Sound	rhyme	1		plus	candidate_pending_human_review			cmusphinx/cmudict	cmudict:rime:EH-R	hair	there										5.186247047869527	6.638301286282986	5.912274167076257	3	3		1	1																																	
CAND_SOUND_000130	Sound	rhyme	1		plus	candidate_pending_human_review			cmusphinx/cmudict	cmudict:rime:UW-M	bloom	room										3.7411361438071435	5.642968567103875	4.692052355455509	4	3		1	1																																	
CAND_SOUND_000131	Sound	rhyme	1		plus	candidate_pending_human_review			cmusphinx/cmudict	cmudict:rime:AO-R-T-S	courts	sorts										3.769551078621726	3.980849645904774	3.87520036226325	5	5		1	1																																	
CAND_SOUND_000132	Sound	rhyme	1		plus	candidate_pending_human_review			cmusphinx/cmudict	cmudict:rime:UW-S	loose	yous										4.621013273616265	2.9551876555836376	3.7881004645999514	3	3		1	1																																	
CAND_SOUND_000133	Sound	rhyme	1		plus	candidate_pending_human_review			cmusphinx/cmudict	cmudict:rime:AE-NG-K	blank	plank										3.987035022835632	3.309463163200844	3.6482490930182383	5	5		1	1																																	
CAND_SOUND_000134	Sound	rhyme	1		plus	candidate_pending_human_review			cmusphinx/cmudict	cmudict:rime:UW	bleu	who										2.8364978682523394	6.34692797053874	4.5917129193955395	3	2		1	1																																	
CAND_SOUND_000135	Sound	rhyme	1		plus	candidate_pending_human_review			cmusphinx/cmudict	cmudict:rime:IY-K	beak	freak										3.3218136015872735	4.565199410453824	3.9435065060205483	3	4		1	1																																	
CAND_SOUND_000136	Sound	rhyme	1		plus	candidate_pending_human_review			cmusphinx/cmudict	cmudict:rime:UW	brew	que										3.399639793549932	3.718941085266639	3.5592904394082856	3	3		1	1																																	
CAND_SOUND_000137	Sound	rhyme	1		plus	candidate_pending_human_review			cmusphinx/cmudict	cmudict:rime:EY-K	flake	take										3.2418198305469765	6.276700535180079	4.759260182863528	4	3		1	1																																	
CAND_SOUND_000138	Sound	rhyme	1		plus	candidate_pending_human_review			cmusphinx/cmudict	cmudict:rime:EY-M-Z	aims	flames										3.070581074285707	3.8744931868137726	3.47253713054974	3	5		1	1																																	
CAND_SOUND_000139	Sound	rhyme	1		plus	candidate_pending_human_review			cmusphinx/cmudict	cmudict:rime:IY-M-D	beamed	creamed										2.973671061277651	3.2062436762857804	3.0899573687817155	4	5		1	1																																	
CAND_SOUND_000140	Sound	rhyme	1		plus	candidate_pending_human_review			cmusphinx/cmudict	cmudict:rime:OW	so	toe										6.627791426917725	4.103334104570764	5.365562765744245	2	2		1	1																																	
CAND_SOUND_000141	Sound	rhyme	1		plus	candidate_pending_human_review			cmusphinx/cmudict	cmudict:rime:AH-NG	rung	young										3.1436881726211388	5.385921550912995	4.264804861767066	3	3		1	1																																	
CAND_SOUND_000142	Sound	rhyme	1		plus	candidate_pending_human_review			cmusphinx/cmudict	cmudict:rime:EH-D	bred	thread										3.38933983691012	3.7123855723918213	3.550862704650971	4	4		1	1																																	
CAND_SOUND_000143	Sound	rhyme	1		plus	candidate_pending_human_review			cmusphinx/cmudict	cmudict:rime:IH-T	spit	tit										4.286746976571701	3.5254259342942174	3.906086455432959	4	3		1	1																																	
CAND_SOUND_000144	Sound	rhyme	1		plus	candidate_pending_human_review			cmusphinx/cmudict	cmudict:rime:EY-K-S	fakes	flakes										3.190056915192505	3.2701534291909113	3.230105172191708	4	5		1	1																																	
CAND_SOUND_000145	Sound	rhyme	1		plus	candidate_pending_human_review			cmusphinx/cmudict	cmudict:rime:IY-CH	preach	teach										3.3787896545768117	4.862388641998658	4.120589148287735	4	3		1	1																																	
CAND_SOUND_000146	Sound	rhyme	1		plus	candidate_pending_human_review			cmusphinx/cmudict	cmudict:rime:OW-K-S	coax	smokes										2.905213680621799	3.710731115221809	3.3079723979218043	4	5		1	1																																	
CAND_SOUND_000147	Sound	rhyme	1		plus	candidate_pending_human_review			cmusphinx/cmudict	cmudict:rime:IY	key	we										4.938833550125134	6.954816458448821	5.9468250042869775	2	2		1	1																																	
CAND_SOUND_000148	Sound	rhyme	1		plus	candidate_pending_human_review			cmusphinx/cmudict	cmudict:rime:AE-S	crass	lass										2.848732324669351	3.425968732272281	3.137350528470816	4	3		1	1																																	
CAND_SOUND_000149	Sound	rhyme	1		plus	candidate_pending_human_review			cmusphinx/cmudict	cmudict:rime:OW-T	bloat	note										2.7074031718728815	4.728751524041797	3.7180773479573395	4	3		1	1																																	
CAND_SOUND_000150	Sound	rhyme	1		plus	candidate_pending_human_review			cmusphinx/cmudict	cmudict:rime:IY-K	clique	sheik										2.883494430928563	3.1789205490745456	3.031207490001554	4	3		1	1																																	
CAND_SOUND_000151	Sound	rhyme	1		plus	candidate_pending_human_review			cmusphinx/cmudict	cmudict:rime:AE-M	scram	slam										3.5452828548819566	3.763721534961002	3.6545021949214793	5	4		1	1																																	
CAND_SOUND_000152	Sound	rhyme	1		plus	candidate_pending_human_review			cmusphinx/cmudict	cmudict:rime:AY	fly	vie										4.929418925714293	3.3338225090602887	4.131620717387291	3	2		1	1																																	
CAND_SOUND_000153	Sound	rhyme	1		plus	candidate_pending_human_review			cmusphinx/cmudict	cmudict:rime:IY-M	creme	dream										3.098609797885951	5.1248109841491045	4.111710391017528	4	4		1	1																																	
CAND_SOUND_000154	Sound	rhyme	1		plus	candidate_pending_human_review			cmusphinx/cmudict	cmudict:rime:EY-D-Z	aides	spades										2.7975798022219696	3.4162814648691495	3.1069306335455593	3	5		1	1																																	
CAND_SOUND_000155	Sound	rhyme	1		plus	candidate_pending_human_review			cmusphinx/cmudict	cmudict:rime:EH-R	snare	stair										2.883494430928563	3.131278914639319	3.007386672783941	4	4		1	1																																	
CAND_SOUND_000156	Sound	rhyme	1		plus	candidate_pending_human_review			cmusphinx/cmudict	cmudict:rime:AY-Z	dries	dyes										2.973671061277651	2.75482782180102	2.8642494415393354	4	3		1	1																																	
CAND_SOUND_000157	Sound	rhyme	1		plus	candidate_pending_human_review			cmusphinx/cmudict	cmudict:rime:EH-K	cheque	speck										3.760777154314221	3.2701534291909113	3.515465291752566	3	4		1	1																																	
CAND_SOUND_000158	Sound	rhyme	1		plus	candidate_pending_human_review			cmusphinx/cmudict	cmudict:rime:EH-R	ere	share										3.3716110699496884	4.842046063421149	4.106828566685419	2	3		1	1																																	
CAND_SOUND_000159	Sound	rhyme	1		plus	candidate_pending_human_review			cmusphinx/cmudict	cmudict:rime:AA-P-T	chopped	popped										3.657917808792963	3.898811189012669	3.778364498902816	4	4		1	1																																	
CAND_SOUND_000160	Sound	rhyme	1		plus	candidate_pending_human_review			cmusphinx/cmudict	cmudict:rime:EH-N	hen	yen										3.5046174283060214	3.7865844179205066	3.645600923113264	3	3		1	1																																	
CAND_SOUND_000161	Sound	rhyme	1		plus	candidate_pending_human_review			cmusphinx/cmudict	cmudict:rime:EH-R-Z	airs	fares										2.883494430928563	2.7975798022219696	2.840537116575266	3	4		1	1																																	
CAND_SOUND_000162	Sound	rhyme	1		plus	candidate_pending_human_review			cmusphinx/cmudict	cmudict:rime:EY-K-S	makes	takes										5.382193678393753	5.069566536406237	5.225880107399995	4	4		1	1																																	
CAND_SOUND_000163	Sound	rhyme	1		plus	candidate_pending_human_review			cmusphinx/cmudict	cmudict:rime:IH-T-S	mitts	splits										3.040617850908264	3.190056915192505	3.1153373830503845	4	6		1	1																																	
CAND_SOUND_000164	Sound	rhyme	1		plus	candidate_pending_human_review			cmusphinx/cmudict	cmudict:rime:UW-Z	fuse	snooze										3.68688150472828	2.9551876555836376	3.321034580155959	4	4		1	1																																	
CAND_SOUND_000165	Sound	rhyme	1		plus	candidate_pending_human_review			cmusphinx/cmudict	cmudict:rime:IH-G	dig	gig										4.6647894064263875	4.049065932147911	4.356927669287149	3	3		1	1																																	
CAND_SOUND_000166	Sound	rhyme	1		plus	candidate_pending_human_review			cmusphinx/cmudict	cmudict:rime:AA-P-S	ops	pops										3.6228435972512543	4.0691310078904745	3.8459873025708644	3	4		1	1																																	
CAND_SOUND_000167	Sound	rhyme	1		plus	candidate_pending_human_review			cmusphinx/cmudict	cmudict:rime:EY	day	stray										5.904078796419064	3.7269987279362624	4.815538762177663	2	4		1	1																																	
CAND_SOUND_000168	Sound	rhyme	1		plus	candidate_pending_human_review			cmusphinx/cmudict	cmudict:rime:UW-M	broom	womb										3.678036097500376	3.54040309026387	3.609219593882123	4	3		1	1																																	
CAND_SOUND_000169	Sound	rhyme	1		plus	candidate_pending_human_review			cmusphinx/cmudict	cmudict:rime:IH-K	mic	quick										3.2009148427807133	5.036096345348277	4.118505594064495	3	4		1	1																																	
CAND_SOUND_000170	Sound	rhyme	1		plus	candidate_pending_human_review			cmusphinx/cmudict	cmudict:rime:UW	grew	shoe										4.4664896316270895	4.482761522072355	4.474625576849722	3	2		1	1																																	
CAND_SOUND_000171	Sound	rhyme	1		plus	candidate_pending_human_review			cmusphinx/cmudict	cmudict:rime:EY-D-Z	braids	maids										2.894489815230026	3.4416489365574434	3.168069375893735	5	4		1	1																																	
CAND_SOUND_000172	Sound	rhyme	1		plus	candidate_pending_human_review			cmusphinx/cmudict	cmudict:rime:EH-S-T	quest	test										3.8069775765623497	4.924684600586778	4.365831088574564	5	4		1	1																																	
CAND_SOUND_000173	Sound	rhyme	1		plus	candidate_pending_human_review			cmusphinx/cmudict	cmudict:rime:OY-L	foil	oil										3.0848215134003176	4.613613851204378	3.849217682302348	3	2		1	1																																	
CAND_SOUND_000174	Sound	rhyme	1		plus	candidate_pending_human_review			cmusphinx/cmudict	cmudict:rime:ER-T	blurt	pert										2.6903698325741012	2.6903698325741012	2.6903698325741012	4	3		1	1																																	
CAND_SOUND_000175	Sound	rhyme	1		plus	candidate_pending_human_review			cmusphinx/cmudict	cmudict:rime:EH-R	glare	stare										3.2062436762857804	3.998293536185983	3.6022686062358815	4	4		1	1																																	
CAND_SOUND_000176	Sound	rhyme	1		plus	candidate_pending_human_review			cmusphinx/cmudict	cmudict:rime:AE-G	bag	tag										4.973308998328875	4.142463081591833	4.557886039960354	3	3		1	1																																	
CAND_SOUND_000177	Sound	rhyme	1		plus	candidate_pending_human_review			cmusphinx/cmudict	cmudict:rime:AO-R	boar	door										3.337752802688721	5.465470331453126	4.4016115670709235	3	3		1	1																																	
CAND_SOUND_000178	Sound	rhyme	1		plus	candidate_pending_human_review			cmusphinx/cmudict	cmudict:rime:OW-D	bode	load										2.6726410656136697	4.465616092314338	3.569128578964004	3	3		1	1																																	
CAND_SOUND_000179	Sound	rhyme	1		plus	candidate_pending_human_review			cmusphinx/cmudict	cmudict:rime:AE-K-S	packs	wax										3.656041803794208	3.9561307492917117	3.8060862765429597	4	4		1	1																																	
CAND_SOUND_000180	Sound	rhyme	1		plus	candidate_pending_human_review			cmusphinx/cmudict	cmudict:rime:UW	cue	thru										3.8912203306651785	2.7837915177363364	3.3375059242007574	3	3		1	1																																	
CAND_SOUND_000181	Sound	rhyme	1		plus	candidate_pending_human_review			cmusphinx/cmudict	cmudict:rime:AA-P	flop	slop										3.364311831208189	3.2655576775017625	3.314934754354976	4	4		1	1																																	
CAND_SOUND_000182	Sound	rhyme	1		plus	candidate_pending_human_review			cmusphinx/cmudict	cmudict:rime:AW-N-D	lb	round										3.0248235837250323	4.823013683547181	3.9239186336361067	4	4		1	1																																	
CAND_SOUND_000183	Sound	rhyme	1		plus	candidate_pending_human_review			cmusphinx/cmudict	cmudict:rime:UW	dew	glue										3.329856321842687	3.769551078621726	3.5497037002322065	2	3		1	1																																	
CAND_SOUND_000184	Sound	rhyme	1		plus	candidate_pending_human_review			cmusphinx/cmudict	cmudict:rime:AA-N	con	non										4.101315691261876	3.5734631911497914	3.8373894412058336	3	3		1	1																																	
CAND_SOUND_000185	Sound	rhyme	1		plus	candidate_pending_human_review			cmusphinx/cmudict	cmudict:rime:OW	dough	flow										4.200914842780714	4.138147841868722	4.169531342324718	2	3		1	1																																	
CAND_SOUND_000186	Sound	rhyme	1		plus	candidate_pending_human_review			cmusphinx/cmudict	cmudict:rime:IY	knee	yi										4.16691164160153	3.4597471586502397	3.813329400125885	2	2		1	1																																	
CAND_SOUND_000187	Sound	rhyme	1		plus	candidate_pending_human_review			cmusphinx/cmudict	cmudict:rime:AA-T	blot	spot										2.973671061277651	4.789359471975279	3.8815152666264647	4	4		1	1																																	
CAND_SOUND_000188	Sound	rhyme	1		plus	candidate_pending_human_review			cmusphinx/cmudict	cmudict:rime:AY-T	fright	mite										3.4416489365574434	3.070581074285707	3.2561150054215755	4	3		1	1																																	
CAND_SOUND_000189	Sound	rhyme	1		plus	candidate_pending_human_review			cmusphinx/cmudict	cmudict:rime:UW	blue	view										5.010266691388989	4.585792378613509	4.798029535001249	3	3		1	1																																	
CAND_SOUND_000190	Sound	rhyme	1		plus	candidate_pending_human_review			cmusphinx/cmudict	cmudict:rime:AH-NG-K	drunk	shrunk										4.883939632896718	3.190056915192505	4.0369982740446115	5	5		1	1																																	
CAND_SOUND_000191	Sound	rhyme	1		plus	candidate_pending_human_review			cmusphinx/cmudict	cmudict:rime:AH-M-Z	comes	sums										5.358979362663997	3.2369124960522324	4.297945929358114	4	4		1	1																																	
CAND_SOUND_000192	Sound	rhyme	1		plus	candidate_pending_human_review			cmusphinx/cmudict	cmudict:rime:IY-Z	sees	trees										4.570954788639082	4.486944165784531	4.528949477211807	3	4		1	1																																	
CAND_SOUND_000193	Sound	rhyme	1		plus	candidate_pending_human_review			cmusphinx/cmudict	cmudict:rime:EH-D	fed	tread										4.200914842780714	3.3568878131289823	3.778901327954848	3	4		1	1																																	
CAND_SOUND_000194	Sound	rhyme	1		plus	candidate_pending_human_review			cmusphinx/cmudict	cmudict:rime:OW-N	phone	scone										5.43092199105204	2.6903698325741012	4.06064591181307	3	4		1	1																																	
CAND_SOUND_000195	Sound	rhyme	1		plus	candidate_pending_human_review			cmusphinx/cmudict	cmudict:rime:AE-SH-T	stashed	trashed										3.4416489365574434	3.4195346222668714	3.4305917794121576	5	5		1	1																																	
CAND_SOUND_000196	Sound	rhyme	1		plus	candidate_pending_human_review			cmusphinx/cmudict	cmudict:rime:AE-SH	slash	stash										3.3787896545768117	3.7023629472333583	3.540576300905085	4	4		1	1																																	
CAND_SOUND_000197	Sound	rhyme	1		plus	candidate_pending_human_review			cmusphinx/cmudict	cmudict:rime:EH-R	bare	care										3.9208187539523753	5.6859699312500265	4.803394342601201	3	3		1	1																																	
CAND_SOUND_000198	Sound	rhyme	1		plus	candidate_pending_human_review			cmusphinx/cmudict	cmudict:rime:OW-T	note	wrote										4.728751524041797	4.85221679210262	4.790484158072209	3	3		1	1																																	
CAND_SOUND_000199	Sound	rhyme	1		plus	candidate_pending_human_review			cmusphinx/cmudict	cmudict:rime:UW-M	plume	whom										2.6726410656136697	4.546494276816402	3.6095676712150357	4	3		1	1																																	
CAND_SOUND_000200	Sound	rhyme	1		plus	candidate_pending_human_review			cmusphinx/cmudict	cmudict:rime:IH-P-T	clipped	shipped										3.3455082673854832	3.6228435972512543	3.4841759323183688	5	4		1	1																																	
CAND_SOUND_000201	Sound	rhyme	1		plus	candidate_pending_human_review			cmusphinx/cmudict	cmudict:rime:AE-K	quack	smack										3.6653418268721705	3.9781715625043272	3.821756694688249	4	4		1	1																																	
CAND_SOUND_000202	Sound	rhyme	1		plus	candidate_pending_human_review			cmusphinx/cmudict	cmudict:rime:AE-P	lap	wrap										4.129386560961614	4.250515672423148	4.189951116692381	3	3		1	1																																	
CAND_SOUND_000203	Sound	rhyme	1		plus	candidate_pending_human_review			cmusphinx/cmudict	cmudict:rime:EY-T	mate	pate										4.465907467355058	2.8109437637799513	3.6384256155675048	3	3		1	1																																	
CAND_SOUND_000204	Sound	rhyme	1		plus	candidate_pending_human_review			cmusphinx/cmudict	cmudict:rime:AY-Z	dyes	skies										2.75482782180102	3.8744931868137726	3.3146605043073962	3	4		1	1																																	
CAND_SOUND_000205	Sound	rhyme	1		plus	candidate_pending_human_review			cmusphinx/cmudict	cmudict:rime:AY	pie	pry										4.458563794207173	3.614649118635983	4.036606456421578	2	3		1	1																																	
CAND_SOUND_000206	Sound	rhyme	1		plus	candidate_pending_human_review			cmusphinx/cmudict	cmudict:rime:AH-NG-K	flunk	trunk										3.256217651247619	4.296751197684706	3.7764844244661626	5	5		1	1																																	
CAND_SOUND_000207	Sound	rhyme	1		plus	candidate_pending_human_review			cmusphinx/cmudict	cmudict:rime:EH-N-T	lent	meant										3.5711834248548926	5.018014796172758	4.2945991105138255	4	4		1	1																																	
CAND_SOUND_000208	Sound	rhyme	1		plus	candidate_pending_human_review			cmusphinx/cmudict	cmudict:rime:AA-R-T-S	starts	tarts										4.660716708804195	3.048304679574555	3.8545106941893748	6	5		1	1																																	
CAND_SOUND_000209	Sound	rhyme	1		plus	candidate_pending_human_review			cmusphinx/cmudict	cmudict:rime:EY-N-D	drained	stained										3.337752802688721	3.1497623203333323	3.2437575615110266	5	5		1	1																																	
CAND_SOUND_000210	Sound	rhyme	1		plus	candidate_pending_human_review			cmusphinx/cmudict	cmudict:rime:EY-L-D	nailed	veiled										3.857095888154153	2.723793588061051	3.290444738107602	4	4		1	1																																	
CAND_SOUND_000211	Sound	rhyme	1		plus	candidate_pending_human_review			cmusphinx/cmudict	cmudict:rime:AO-R-D-Z	hordes	swords										2.905213680621799	3.63485250472427	3.2700330926730343	5	5		1	1																																	
CAND_SOUND_000212	Sound	rhyme	1		plus	candidate_pending_human_review			cmusphinx/cmudict	cmudict:rime:EH-N-T	gent	tent										3.2062436762857804	4.2427946782781865	3.7245191772819837	4	4		1	1																																	
CAND_SOUND_000213	Sound	rhyme	1		plus	candidate_pending_human_review			cmusphinx/cmudict	cmudict:rime:AO-R	door	ore										5.465470331453126	3.2167091099639453	4.341089720708536	3	2		1	1																																	
CAND_SOUND_000214	Sound	rhyme	1		plus	candidate_pending_human_review			cmusphinx/cmudict	cmudict:rime:UW-L	fool	ghoul										4.951013539309127	3.0084331675368627	3.9797233534229948	3	3		1	1																																	
CAND_SOUND_000215	Sound	rhyme	1		plus	candidate_pending_human_review			cmusphinx/cmudict	cmudict:rime:UW-T	hoot	scoot										3.4162814648691495	3.4742734118468364	3.445277438357993	3	4		1	1																																	
CAND_SOUND_000216	Sound	rhyme	1		plus	candidate_pending_human_review			cmusphinx/cmudict	cmudict:rime:AE-P	sap	wrap										3.542849826210958	4.250515672423148	3.896682749317053	3	3		1	1																																	
CAND_SOUND_000217	Sound	rhyme	1		plus	candidate_pending_human_review			cmusphinx/cmudict	cmudict:rime:EH-R-Z	hairs	pairs										3.7156756978388716	3.618765684830815	3.667220691334843	4	4		1	1																																	
CAND_SOUND_000218	Sound	rhyme	1		plus	candidate_pending_human_review			cmusphinx/cmudict	cmudict:rime:IH-N	fin	tin										3.5329790721846632	3.9368684133699023	3.7349237427772826	3	3		1	1																																	
CAND_SOUND_000219	Sound	rhyme	1		plus	candidate_pending_human_review			cmusphinx/cmudict	cmudict:rime:IY-K	reek	streak										2.9551876555836376	3.7622518398802267	3.358719747731932	3	5		1	1																																	
CAND_SOUND_000220	Sound	rhyme	1		plus	candidate_pending_human_review			cmusphinx/cmudict	cmudict:rime:AH-K-S	fucks	tucks										3.6597857449280826	2.6726410656136697	3.1662134052708764	4	4		1	1																																	
CAND_SOUND_000221	Sound	rhyme	1		plus	candidate_pending_human_review			cmusphinx/cmudict	cmudict:rime:OW-N	known	shown										5.091770373355645	4.151568121196594	4.62166924727612	3	3		1	1																																	
CAND_SOUND_000222	Sound	rhyme	1		plus	candidate_pending_human_review			cmusphinx/cmudict	cmudict:rime:IH-CH	pitch	snitch										4.191155005491558	3.4992556999339133	3.8452053527127354	3	4		1	1																																	
CAND_SOUND_000223	Sound	rhyme	1		plus	candidate_pending_human_review			cmusphinx/cmudict	cmudict:rime:UW	pew	queue										3.016705693502853	3.070581074285707	3.0436433838942802	3	3		1	1																																	
CAND_SOUND_000224	Sound	rhyme	1		plus	candidate_pending_human_review			cmusphinx/cmudict	cmudict:rime:OW	flow	glow										4.138147841868722	3.7592974442561733	3.948722643062448	3	3		1	1																																	
CAND_SOUND_000225	Sound	rhyme	1		plus	candidate_pending_human_review			cmusphinx/cmudict	cmudict:rime:ER-D	heard	stirred										5.588546316071778	3.3823349353414613	4.4854406257066195	3	4		1	1																																	
CAND_SOUND_000226	Sound	rhyme	1		plus	candidate_pending_human_review			cmusphinx/cmudict	cmudict:rime:IY-N	bien	queen										3.3752151942185136	4.737878338168113	4.056546766193313	3	4		1	1																																	
CAND_SOUND_000227	Sound	rhyme	1		plus	candidate_pending_human_review			cmusphinx/cmudict	cmudict:rime:AO-R-N	scorn	torn										3.063281835544208	4.035154955206762	3.549218395375485	5	4		1	1																																	
CAND_SOUND_000228	Sound	rhyme	1		plus	candidate_pending_human_review			cmusphinx/cmudict	cmudict:rime:IY-L-Z	reels	seals										2.8606315479690587	3.4354446241561587	3.1480380860626087	4	4		1	1																																	
CAND_SOUND_000229	Sound	rhyme	1		plus	candidate_pending_human_review			cmusphinx/cmudict	cmudict:rime:EH-T	threat	vet										4.317325784009549	3.763721534961002	4.040523659485276	4	3		1	1																																	
CAND_SOUND_000230	Sound	rhyme	1		plus	candidate_pending_human_review			cmusphinx/cmudict	cmudict:rime:UW	blew	few										4.499255699933913	5.479753093277111	4.989504396605512	3	3		1	1																																	
CAND_SOUND_000231	Sound	rhyme	1		plus	candidate_pending_human_review			cmusphinx/cmudict	cmudict:rime:UW	brew	flew										3.399639793549932	4.187299480647316	3.793469637098624	3	3		1	1																																	
CAND_SOUND_000232	Sound	rhyme	1		plus	candidate_pending_human_review			cmusphinx/cmudict	cmudict:rime:OW	know	stow										6.757485343853885	3.098609797885951	4.928047570869918	2	3		1	1																																	
CAND_SOUND_000233	Sound	rhyme	1		plus	candidate_pending_human_review			cmusphinx/cmudict	cmudict:rime:AY-S-T	iced	sliced										3.6308863175066683	3.329856321842687	3.4803713196746777	3	5		1	1																																	
CAND_SOUND_000234	Sound	rhyme	1		plus	candidate_pending_human_review			cmusphinx/cmudict	cmudict:rime:IH-G	brig	fig										3.482761522072355	3.0848215134003176	3.2837915177363364	4	3		1	1																																	
CAND_SOUND_000235	Sound	rhyme	1		plus	candidate_pending_human_review			cmusphinx/cmudict	cmudict:rime:EH-JH	dredge	sledge										2.6726410656136697	2.6726410656136697	2.6726410656136697	4	4		1	1																																	
CAND_SOUND_000236	Sound	rhyme	1		plus	candidate_pending_human_review			cmusphinx/cmudict	cmudict:rime:ER	fur	purr										3.9177422748637376	2.883494430928563	3.40061835289615	2	2		1	1																																	
CAND_SOUND_000237	Sound	rhyme	1		plus	candidate_pending_human_review			cmusphinx/cmudict	cmudict:rime:EY-N	plane	reign										4.980137103526882	3.493826948222515	4.236982025874699	4	3		1	1																																	
CAND_SOUND_000238	Sound	rhyme	1		plus	candidate_pending_human_review			cmusphinx/cmudict	cmudict:rime:AY-D	bride	snide										4.384096781497748	2.7395878552442827	3.5618423183710153	4	4		1	1																																	
CAND_SOUND_000239	Sound	rhyme	1		plus	candidate_pending_human_review			cmusphinx/cmudict	cmudict:rime:AW-T-S	outs	shouts										3.2880650184996134	3.6228435972512543	3.455454307875434	3	4		1	1																																	
CAND_SOUND_000240	Sound	rhyme	1		plus	candidate_pending_human_review			cmusphinx/cmudict	cmudict:rime:EH-R	fair	wear										4.976556749515139	5.038752588992017	5.0076546692535775	3	3		1	1																																	
CAND_SOUND_000241	Sound	rhyme	1		plus	candidate_pending_human_review			cmusphinx/cmudict	cmudict:rime:AH-S-T	rust	trust										3.3962335448580205	5.250850351954582	4.323541948406302	4	5		1	1																																	
CAND_SOUND_000242	Sound	rhyme	1		plus	candidate_pending_human_review			cmusphinx/cmudict	cmudict:rime:OW-Z	hose	those										3.9062716457781326	5.8768062849220915	4.891538965350112	3	3		1	1																																	
CAND_SOUND_000243	Sound	rhyme	1		plus	candidate_pending_human_review			cmusphinx/cmudict	cmudict:rime:ER	sir	were										5.98428898826619	6.2208461612644115	6.102567574765301	2	2		1	1																																	
CAND_SOUND_000244	Sound	rhyme	1		plus	candidate_pending_human_review			cmusphinx/cmudict	cmudict:rime:IH-T	fit	mitt										4.760333770424864	3.1375278639163207	3.9489308171705924	3	3		1	1																																	
CAND_SOUND_000245	Sound	rhyme	1		plus	candidate_pending_human_review			cmusphinx/cmudict	cmudict:rime:EY-T-S	mates	plates										3.678036097500376	4.0972505026232255	3.887643300061801	4	5		1	1																																	
CAND_SOUND_000246	Sound	rhyme	1		plus	candidate_pending_human_review			cmusphinx/cmudict	cmudict:rime:AW-T	spout	stout										3.0084331675368627	3.016705693502853	3.012569430519858	4	4		1	1																																	
CAND_SOUND_000247	Sound	rhyme	1		plus	candidate_pending_human_review			cmusphinx/cmudict	cmudict:rime:OW	flow	hoe										4.138147841868722	2.9645276818377813	3.551337761853252	3	2		1	1																																	
CAND_SOUND_000248	Sound	rhyme	1		plus	candidate_pending_human_review			cmusphinx/cmudict	cmudict:rime:IH-P-T	dipped	skipped										3.2655576775017625	3.704049529865294	3.4848036036835284	4	5		1	1																																	
CAND_SOUND_000249	Sound	rhyme	1		plus	candidate_pending_human_review			cmusphinx/cmudict	cmudict:rime:AA-K-S	blocks	ox										4.176091259055681	3.8912203306651785	4.0336557948604295	5	3		1	1																																	
CAND_SOUND_000250	Sound	rhyme	1		plus	candidate_pending_human_review			cmusphinx/cmudict	cmudict:rime:AH-NG-K-S	monks	skunks										3.425968732272281	2.6903698325741012	3.058169282423191	5	6		1	1																																	
CAND_SOUND_000251	Sound	rhyme	1		plus	candidate_pending_human_review			cmusphinx/cmudict	cmudict:rime:EY-L-Z	rails	sales										3.016705693502853	4.1040048297726575	3.5603552616377554	4	4		1	1																																	
CAND_SOUND_000252	Sound	rhyme	1		plus	candidate_pending_human_review			cmusphinx/cmudict	cmudict:rime:AY-T-S	kites	rites										2.848732324669351	3.2701534291909113	3.059442876930131	4	4		1	1																																	
CAND_SOUND_000253	Sound	rhyme	1		plus	candidate_pending_human_review			cmusphinx/cmudict	cmudict:rime:AY-Z	cries	dies										3.843879821874939	4.3962335448580205	4.12005668336648	4	3		1	1																																	
CAND_SOUND_000254	Sound	rhyme	1		plus	candidate_pending_human_review			cmusphinx/cmudict	cmudict:rime:EY-L	sale	tail										4.404699592319334	4.3784335295204455	4.391566560919889	3	3		1	1																																	
CAND_SOUND_000255	Sound	rhyme	1		plus	candidate_pending_human_review			cmusphinx/cmudict	cmudict:rime:IY-K	leak	sneak										4.005920366996007	4.227432975355718	4.1166766711758624	3	4		1	1																																	
CAND_SOUND_000256	Sound	rhyme	1		plus	candidate_pending_human_review			cmusphinx/cmudict	cmudict:rime:EH-L	cell	gel										4.735223049841833	3.2115079162781375	3.973365483059985	3	3		1	1																																	
CAND_SOUND_000257	Sound	rhyme	1		plus	candidate_pending_human_review			cmusphinx/cmudict	cmudict:rime:AE-P-S	snaps	traps										3.4507923159973135	3.6690067809585756	3.5598995484779445	5	5		1	1																																	
CAND_SOUND_000258	Sound	rhyme	1		plus	candidate_pending_human_review			cmusphinx/cmudict	cmudict:rime:OW-N	grown	known										4.3979400086720375	5.091770373355645	4.7448551910138415	4	3		1	1																																	
CAND_SOUND_000259	Sound	rhyme	1		plus	candidate_pending_human_review			cmusphinx/cmudict	cmudict:rime:AO-R-T	short	snort										4.932613015823404	3.063281835544208	3.997947425683806	4	5		1	1																																	
CAND_SOUND_000260	Sound	rhyme	1		plus	candidate_pending_human_review			cmusphinx/cmudict	cmudict:rime:AO-R-Z	floors	sores										3.9020242331272836	3.070581074285707	3.4863026537064954	5	4		1	1																																	
CAND_SOUND_000261	Sound	rhyme	1		plus	candidate_pending_human_review			cmusphinx/cmudict	cmudict:rime:AO-R	core	war										3.992267549769309	5.242405001731717	4.617336275750513	3	3		1	1																																	
CAND_SOUND_000262	Sound	rhyme	1		plus	candidate_pending_human_review			cmusphinx/cmudict	cmudict:rime:IH-NG-K	sink	think										4.228440619617273	6.42997698247318	5.329208801045226	4	4		1	1																																	
CAND_SOUND_000263	Sound	rhyme	1		plus	candidate_pending_human_review			cmusphinx/cmudict	cmudict:rime:AA-K	clock	frock										4.768101012226493	2.9258982794816504	3.846999645854072	4	4		1	1																																	
CAND_SOUND_000264	Sound	rhyme	1		plus	candidate_pending_human_review			cmusphinx/cmudict	cmudict:rime:AE-CH-T	hatched	matched										3.1436881726211388	3.604183684957818	3.3739359287894786	4	4		1	1																																	
CAND_SOUND_000265	Sound	rhyme	1		plus	candidate_pending_human_review			cmusphinx/cmudict	cmudict:rime:AA-K	clock	shock										4.768101012226493	4.459155879482116	4.613628445854305	4	3		1	1																																	
CAND_SOUND_000266	Sound	rhyme	1		plus	candidate_pending_human_review			cmusphinx/cmudict	cmudict:rime:AO-R-T	quart	short										3.3177356891668337	4.932613015823404	4.125174352495119	5	4		1	1																																	
CAND_SOUND_000267	Sound	rhyme	1		plus	candidate_pending_human_review			cmusphinx/cmudict	cmudict:rime:UW	brew	few										3.399639793549932	5.479753093277111	4.4396964434135215	3	3		1	1																																	
CAND_SOUND_000268	Sound	rhyme	1		plus	candidate_pending_human_review			cmusphinx/cmudict	cmudict:rime:AH-M-P	clump	rump										2.723793588061051	3.1497623203333323	2.9367779541971917	5	4		1	1																																	
CAND_SOUND_000269	Sound	rhyme	1		plus	candidate_pending_human_review			cmusphinx/cmudict	cmudict:rime:AW-T-S	bouts	outs										2.7074031718728815	3.2880650184996134	2.9977340951862477	4	3		1	1																																	
CAND_SOUND_000270	Sound	rhyme	1		plus	candidate_pending_human_review			cmusphinx/cmudict	cmudict:rime:EY-P-S	rapes	tapes										2.935882500388251	4.114597903270081	3.525240201829166	4	4		1	1																																	
CAND_SOUND_000271	Sound	rhyme	1		plus	candidate_pending_human_review			cmusphinx/cmudict	cmudict:rime:UW-D	chewed	viewed										3.3928003690196267	3.016705693502853	3.20475303126124	3	4		1	1																																	
CAND_SOUND_000272	Sound	rhyme	1		plus	candidate_pending_human_review			cmusphinx/cmudict	cmudict:rime:IY-Z	fees	seas										3.4507923159973135	3.6407346869502244	3.545763501473769	3	3		1	1																																	
CAND_SOUND_000273	Sound	rhyme	1		plus	candidate_pending_human_review			cmusphinx/cmudict	cmudict:rime:IY	he	pee										6.8829339408825	4.258571556641096	5.570752748761798	2	2		1	1																																	
CAND_SOUND_000274	Sound	rhyme	1		plus	candidate_pending_human_review			cmusphinx/cmudict	cmudict:rime:IH-NG-K	clink	mink										3.1119737594439325	3.568891628075308	3.3404326937596203	5	4		1	1																																	
CAND_SOUND_000275	Sound	rhyme	1		plus	candidate_pending_human_review			cmusphinx/cmudict	cmudict:rime:IY	tee	tree										3.3338225090602887	4.812913356642856	4.073367932851572	2	3		1	1																																	
CAND_SOUND_000276	Sound	rhyme	1		plus	candidate_pending_human_review			cmusphinx/cmudict	cmudict:rime:EH-N-D	end	penned										5.424657484635431	2.6903698325741012	4.057513658604766	3	4		1	1																																	
CAND_SOUND_000277	Sound	rhyme	1		plus	candidate_pending_human_review			cmusphinx/cmudict	cmudict:rime:OW-B	lobe	robe										3.2701534291909113	3.928917720255429	3.59953557472317	3	3		1	1																																	
CAND_SOUND_000278	Sound	rhyme	1		plus	candidate_pending_human_review			cmusphinx/cmudict	cmudict:rime:AE-M-Z	clams	jams										3.4323089103033	3.098609797885951	3.2654593540946255	5	4		1	1																																	
CAND_SOUND_000279	Sound	rhyme	1		plus	candidate_pending_human_review			cmusphinx/cmudict	cmudict:rime:EY-L	scale	trail										3.9781715625043272	4.283212515705202	4.130692039104765	4	4		1	1																																	
CAND_SOUND_000280	Sound	rhyme	1		plus	candidate_pending_human_review			cmusphinx/cmudict	cmudict:rime:AE-P-S	saps	snaps										2.8364978682523394	3.4507923159973135	3.1436450921248262	4	5		1	1																																	
CAND_SOUND_000281	Sound	rhyme	1		plus	candidate_pending_human_review			cmusphinx/cmudict	cmudict:rime:EH-R	hair	stare										5.186247047869527	3.998293536185983	4.592270292027755	3	4		1	1																																	
CAND_SOUND_000282	Sound	rhyme	1		plus	candidate_pending_human_review			cmusphinx/cmudict	cmudict:rime:IY-Z	sneeze	these										3.468521082957745	5.956168430475364	4.712344756716554	4	3		1	1																																	
CAND_SOUND_000283	Sound	rhyme	1		plus	candidate_pending_human_review			cmusphinx/cmudict	cmudict:rime:IH-L	mil	still										3.456782679686501	5.896925876673131	4.676854278179816	3	4		1	1																																	
CAND_SOUND_000284	Sound	rhyme	1		plus	candidate_pending_human_review			cmusphinx/cmudict	cmudict:rime:IY-L-Z	heels	squeals										4.0	3.131278914639319	3.5656394573196595	4	6		1	1																																	
CAND_SOUND_000285	Sound	rhyme	1		plus	candidate_pending_human_review			cmusphinx/cmudict	cmudict:rime:OW-K	oak	stroke										3.748795857031107	4.116555657818613	3.93267575742486	2	5		1	1																																	
CAND_SOUND_000286	Sound	rhyme	1		plus	candidate_pending_human_review			cmusphinx/cmudict	cmudict:rime:AY	ly	sky										2.973671061277651	4.6513160283079324	3.8124935447927917	2	3		1	1																																	
CAND_SOUND_000287	Sound	rhyme	1		plus	candidate_pending_human_review			cmusphinx/cmudict	cmudict:rime:UW-N	coon	toon										3.098609797885951	2.883494430928563	2.991052114407257	3	3		1	1																																	
CAND_SOUND_000288	Sound	rhyme	1		plus	candidate_pending_human_review			cmusphinx/cmudict	cmudict:rime:OW	fro	ho										3.055857817465001	4.623046491196502	3.8394521543307514	3	2		1	1																																	
CAND_SOUND_000289	Sound	rhyme	1		plus	candidate_pending_human_review			cmusphinx/cmudict	cmudict:rime:AO-NG-Z	songs	wrongs										4.3462762507543165	3.016705693502853	3.681490972128585	4	4		1	1																																	
CAND_SOUND_000290	Sound	rhyme	1		plus	candidate_pending_human_review			cmusphinx/cmudict	cmudict:rime:IH-K-S	mix	ticks										4.213595874539802	3.063281835544208	3.638438855042005	4	4		1	1																																	
CAND_SOUND_000291	Sound	rhyme	1		plus	candidate_pending_human_review			cmusphinx/cmudict	cmudict:rime:UW-Z	choose	lose										4.681773135154142	5.21577748039989	4.948775307777016	3	3		1	1																																	
CAND_SOUND_000292	Sound	rhyme	1		plus	candidate_pending_human_review			cmusphinx/cmudict	cmudict:rime:AA-T-S	plots	pots										3.226928275145631	3.5501083987712483	3.3885183369584397	5	4		1	1																																	
CAND_SOUND_000293	Sound	rhyme	1		plus	candidate_pending_human_review			cmusphinx/cmudict	cmudict:rime:AA-R-T	cart	smart										3.9561307492917117	4.983422856001933	4.469776802646822	4	5		1	1																																	
CAND_SOUND_000294	Sound	rhyme	1		plus	candidate_pending_human_review			cmusphinx/cmudict	cmudict:rime:AA-R-K	dark	narc										4.947472165233266	3.16166154363304	4.054566854433153	4	4		1	1																																	
CAND_SOUND_000295	Sound	rhyme	1		plus	candidate_pending_human_review			cmusphinx/cmudict	cmudict:rime:AA-T	clot	yacht										3.256217651247619	3.914643846868359	3.5854307490579886	4	3		1	1																																	
CAND_SOUND_000296	Sound	rhyme	1		plus	candidate_pending_human_review			cmusphinx/cmudict	cmudict:rime:AA-R-D	barred	card										3.098609797885951	4.931617383837818	4.015113590861884	4	4		1	1																																	
CAND_SOUND_000297	Sound	rhyme	1		plus	candidate_pending_human_review			cmusphinx/cmudict	cmudict:rime:EY-N	pane	train										2.6726410656136697	4.977992435060294	3.825316750336982	3	4		1	1																																	
CAND_SOUND_000298	Sound	rhyme	1		plus	candidate_pending_human_review			cmusphinx/cmudict	cmudict:rime:IY	free	see										5.249270314061297	6.407684101318111	5.828477207689704	3	2		1	1																																	
CAND_SOUND_000299	Sound	rhyme	1		plus	candidate_pending_human_review			cmusphinx/cmudict	cmudict:rime:UW	flew	hoo										4.187299480647316	3.5999258618152767	3.8936126712312964	3	2		1	1																																	
CAND_SOUND_000300	Sound	rhyme	1		plus	candidate_pending_human_review			cmusphinx/cmudict	cmudict:rime:UW	grew	zoo										4.4664896316270895	4.135039063512625	4.300764347569857	3	2		1	1																																	
CAND_SOUND_000301	Sound	rhyme	1		plus	candidate_pending_human_review			cmusphinx/cmudict	cmudict:rime:AA-T	shot	slot										5.356850372335657	3.7395878552442827	4.54821911378997	3	4		1	1																																	
CAND_SOUND_000302	Sound	rhyme	1		plus	candidate_pending_human_review			cmusphinx/cmudict	cmudict:rime:EY-N	chain	ln										4.326657084672615	4.866808388315146	4.59673273649388	3	3		1	1																																	
CAND_SOUND_000303	Sound	rhyme	1		plus	candidate_pending_human_review			cmusphinx/cmudict	cmudict:rime:AH-N-T	front	grunt										5.258993907999374	3.3455082673854832	4.3022510876924285	5	5		1	1																																	
CAND_SOUND_000304	Sound	rhyme	1		plus	candidate_pending_human_review			cmusphinx/cmudict	cmudict:rime:OW-D	code	node										4.725238828935232	2.6903698325741012	3.7078043307546666	3	3		1	1																																	
CAND_SOUND_000305	Sound	rhyme	1		plus	candidate_pending_human_review			cmusphinx/cmudict	cmudict:rime:OW-T-S	coats	oats										3.769551078621726	3.3136191229720016	3.5415851007968637	4	3		1	1																																	
CAND_SOUND_000306	Sound	rhyme	1		plus	candidate_pending_human_review			cmusphinx/cmudict	cmudict:rime:AW-T	spout	sprout										3.0084331675368627	2.9551876555836376	2.98181041156025	4	5		1	1																																	
CAND_SOUND_000307	Sound	rhyme	1		plus	candidate_pending_human_review			cmusphinx/cmudict	cmudict:rime:AW-D	crowd	vowed										4.572552720204371	3.2115079162781375	3.892030318241254	4	3		1	1																																	
CAND_SOUND_000308	Sound	rhyme	1		plus	candidate_pending_human_review			cmusphinx/cmudict	cmudict:rime:ER-K	smirk	work										2.905213680621799	5.902013562370102	4.403613621495951	4	3		1	1																																	
CAND_SOUND_000309	Sound	rhyme	1		plus	candidate_pending_human_review			cmusphinx/cmudict	cmudict:rime:EY-S-T	laced	paste										3.040617850908264	3.231949076520682	3.1362834637144728	4	4		1	1																																	
CAND_SOUND_000310	Sound	rhyme	1		plus	candidate_pending_human_review			cmusphinx/cmudict	cmudict:rime:AH-NG	lung	sprung										3.915679114299964	3.4097011195578277	3.662690116928896	3	5		1	1																																	
CAND_SOUND_000311	Sound	rhyme	1		plus	candidate_pending_human_review			cmusphinx/cmudict	cmudict:rime:OW-L	dole	droll										2.982625903930577	2.6903698325741012	2.836497868252339	3	4		1	1																																	
CAND_SOUND_000312	Sound	rhyme	1		plus	candidate_pending_human_review			cmusphinx/cmudict	cmudict:rime:OW	blow	mow										4.989310195584826	3.3606156856482254	4.174962940616526	3	2		1	1																																	
CAND_SOUND_000313	Sound	rhyme	1		plus	candidate_pending_human_review			cmusphinx/cmudict	cmudict:rime:UW	grew	stew										4.4664896316270895	3.8083036676137425	4.137396649620416	3	3		1	1																																	
CAND_SOUND_000314	Sound	rhyme	1		plus	candidate_pending_human_review			cmusphinx/cmudict	cmudict:rime:IY-T	meat	street										4.639954983900753	5.170779246119839	4.905367115010296	3	5		1	1																																	
CAND_SOUND_000315	Sound	rhyme	1		plus	candidate_pending_human_review			cmusphinx/cmudict	cmudict:rime:EY-Z	prays	weighs										3.0	3.542849826210958	3.271424913105479	4	3		1	1																																	
CAND_SOUND_000316	Sound	rhyme	1		plus	candidate_pending_human_review			cmusphinx/cmudict	cmudict:rime:OW	blow	flow										4.989310195584826	4.138147841868722	4.563729018726774	3	3		1	1																																	
CAND_SOUND_000317	Sound	rhyme	1		plus	candidate_pending_human_review			cmusphinx/cmudict	cmudict:rime:EY-D	braid	laid										2.973671061277651	4.476268860958485	3.724969961118068	4	3		1	1																																	
CAND_SOUND_000318	Sound	rhyme	1		plus	candidate_pending_human_review			cmusphinx/cmudict	cmudict:rime:EH-N-D	penned	spend										2.6903698325741012	4.969762975321966	3.8300664039480337	4	5		1	1																																	
CAND_SOUND_000319	Sound	rhyme	1		plus	candidate_pending_human_review			cmusphinx/cmudict	cmudict:rime:EY	spray	weigh										3.984394926669424	3.852336448938176	3.9183656878038002	4	2		1	1																																	
CAND_SOUND_000320	Sound	rhyme	1		plus	candidate_pending_human_review			cmusphinx/cmudict	cmudict:rime:AH-V	glove	love										4.004237052943255	6.047267230027272	5.025752141485263	4	3		1	1																																	
CAND_SOUND_000321	Sound	rhyme	1		plus	candidate_pending_human_review			cmusphinx/cmudict	cmudict:rime:AH-SH	crush	gush										4.225410645825262	2.848732324669351	3.5370714852473064	4	3		1	1																																	
CAND_SOUND_000322	Sound	rhyme	1		plus	candidate_pending_human_review			cmusphinx/cmudict	cmudict:rime:EY-K	ache	make										3.3962335448580205	6.142309701939205	4.7692716233986125	2	3		1	1																																	
CAND_SOUND_000323	Sound	rhyme	1		plus	candidate_pending_human_review			cmusphinx/cmudict	cmudict:rime:AY-T	might	spite										5.712946655130681	3.881261549496271	4.797104102313476	3	4		1	1																																	
CAND_SOUND_000324	Sound	rhyme	1		plus	candidate_pending_human_review			cmusphinx/cmudict	cmudict:rime:EY-L-D	sailed	tailed										3.56194276811998	3.131278914639319	3.3466108413796496	4	4		1	1																																	
CAND_SOUND_000325	Sound	rhyme	1		plus	candidate_pending_human_review			cmusphinx/cmudict	cmudict:rime:IH-T	kit	mitt										4.2466723333413885	3.1375278639163207	3.6921000986288544	3	3		1	1																																	
CAND_SOUND_000326	Sound	rhyme	1		plus	candidate_pending_human_review			cmusphinx/cmudict	cmudict:rime:AY-N-D	grind	mind										3.5711834248548926	5.685390438698859	4.628286931776876	5	4		1	1																																	
CAND_SOUND_000327	Sound	rhyme	1		plus	candidate_pending_human_review			cmusphinx/cmudict	cmudict:rime:AO-L-D	auld	bald										3.0327925133963074	3.987911500392261	3.5103520068942844	3	4		1	1																																	
CAND_SOUND_000328	Sound	rhyme	1		plus	candidate_pending_human_review			cmusphinx/cmudict	cmudict:rime:AE-N-D	brand	strand										4.14490981753892	3.2655576775017625	3.7052337475203414	5	6		1	1																																	
CAND_SOUND_000329	Sound	rhyme	1		plus	candidate_pending_human_review			cmusphinx/cmudict	cmudict:rime:IY	mee	plea										2.6726410656136697	3.8352552508612434	3.2539481582374563	2	3		1	1																																	
CAND_SOUND_000330	Sound	rhyme	1		plus	candidate_pending_human_review			cmusphinx/cmudict	cmudict:rime:AY	dry	lye										4.6316824579347635	2.7837915177363364	3.70773698783555	3	2		1	1																																	
CAND_SOUND_000331	Sound	rhyme	1		plus	candidate_pending_human_review			cmusphinx/cmudict	cmudict:rime:AH-T-S	butts	shuts										3.7578126753504817	3.4130037551079138	3.5854082152291977	4	4		1	1																																	
CAND_SOUND_000332	Sound	rhyme	1		plus	candidate_pending_human_review			cmusphinx/cmudict	cmudict:rime:IY-T	greet	sweet										3.7205646179308527	5.1619548867592915	4.441259752345072	4	4		1	1																																	
CAND_SOUND_000333	Sound	rhyme	1		plus	candidate_pending_human_review			cmusphinx/cmudict	cmudict:rime:AE-M-Z	hams	jams										2.75482782180102	3.098609797885951	2.9267188098434853	4	4		1	1																																	
CAND_SOUND_000334	Sound	rhyme	1		plus	candidate_pending_human_review			cmusphinx/cmudict	cmudict:rime:OW-B	globe	lobe										3.7173114605331308	3.2701534291909113	3.493732444862021	4	3		1	1																																	
CAND_SOUND_000335	Sound	rhyme	1		plus	candidate_pending_human_review			cmusphinx/cmudict	cmudict:rime:AW-T	tout	trout										3.0327925133963074	3.604183684957818	3.3184880991770624	3	4		1	1																																	
CAND_SOUND_000336	Sound	rhyme	1		plus	candidate_pending_human_review			cmusphinx/cmudict	cmudict:rime:EH-R	bare	wear										3.9208187539523753	5.038752588992017	4.479785671472196	3	3		1	1																																	
CAND_SOUND_000337	Sound	rhyme	1		plus	candidate_pending_human_review			cmusphinx/cmudict	cmudict:rime:AY-V-Z	fives	knives										3.11850462660289	3.840204529289886	3.4793545779463884	4	4		1	1																																	
CAND_SOUND_000338	Sound	rhyme	1		plus	candidate_pending_human_review			cmusphinx/cmudict	cmudict:rime:IH-NG	bring	swing										5.514756034892875	4.414645702174891	4.964700868533883	4	4		1	1																																	
CAND_SOUND_000339	Sound	rhyme	1		plus	candidate_pending_human_review			cmusphinx/cmudict	cmudict:rime:AO-R-Z	drawers	floors										3.6308863175066683	3.9020242331272836	3.766455275316976	5	5		1	1																																	
CAND_SOUND_000340	Sound	rhyme	1		plus	candidate_pending_human_review			cmusphinx/cmudict	cmudict:rime:AY-P	hype	pipe										3.2115079162781375	4.287626115499243	3.7495670158886902	3	3		1	1																																	
CAND_SOUND_000341	Sound	rhyme	1		plus	candidate_pending_human_review			cmusphinx/cmudict	cmudict:rime:EH-S-T	guessed	pressed										3.871069033870136	3.765186273219276	3.818127653544706	4	5		1	1																																	
CAND_SOUND_000342	Sound	rhyme	1		plus	candidate_pending_human_review			cmusphinx/cmudict	cmudict:rime:EH-R	pair	share										4.571183424854892	4.842046063421149	4.706614744138021	3	3		1	1																																	
CAND_SOUND_000343	Sound	rhyme	1		plus	candidate_pending_human_review			cmusphinx/cmudict	cmudict:rime:OW-N	bone	clone										4.415954804844795	3.399639793549932	3.9077972991973637	3	4		1	1																																	
CAND_SOUND_000344	Sound	rhyme	1		plus	candidate_pending_human_review			cmusphinx/cmudict	cmudict:rime:UW-D-Z	dudes	moods										3.8302489189753377	3.325853579389013	3.5780512491821757	5	4		1	1																																	
CAND_SOUND_000345	Sound	rhyme	1		plus	candidate_pending_human_review			cmusphinx/cmudict	cmudict:rime:EH-L-Z	sells	spells										3.852336448938176	3.7622518398802267	3.8072941444092017	4	5		1	1																																	
CAND_SOUND_000346	Sound	rhyme	1		plus	candidate_pending_human_review			cmusphinx/cmudict	cmudict:rime:AE-K	lac	smack										3.2062436762857804	3.9781715625043272	3.5922076193950536	3	4		1	1																																	
CAND_SOUND_000347	Sound	rhyme	1		plus	candidate_pending_human_review			cmusphinx/cmudict	cmudict:rime:ER	blur	sir										3.329856321842687	5.98428898826619	4.657072655054439	3	2		1	1																																	
CAND_SOUND_000348	Sound	rhyme	1		plus	candidate_pending_human_review			cmusphinx/cmudict	cmudict:rime:IH-N	bin	skin										3.7301803867224517	4.643839575827503	4.1870099812749775	3	4		1	1																																	
CAND_SOUND_000349	Sound	rhyme	1		plus	candidate_pending_human_review			cmusphinx/cmudict	cmudict:rime:IY-K-S	reeks	sneaks										3.1119737594439325	3.1119737594439325	3.1119737594439325	4	5		1	1																																	
CAND_SOUND_000350	Sound	rhyme	1		plus	candidate_pending_human_review			cmusphinx/cmudict	cmudict:rime:EY-M	came	lame										5.6662609689758945	4.038285019075793	4.852272994025844	3	3		1	1																																	
CAND_SOUND_000351	Sound	rhyme	1		plus	candidate_pending_human_review			cmusphinx/cmudict	cmudict:rime:OW-N	loan	throne										4.298039269262344	3.9368684133699023	4.117453841316124	3	4		1	1																																	
CAND_SOUND_000352	Sound	rhyme	1		plus	candidate_pending_human_review			cmusphinx/cmudict	cmudict:rime:AY-Z	dries	lies										2.973671061277651	4.567280143918729	3.77047560259819	4	3		1	1																																	
CAND_SOUND_000353	Sound	rhyme	1		plus	candidate_pending_human_review			cmusphinx/cmudict	cmudict:rime:AY-D	died	stride										5.1964958758165665	3.3218136015872735	4.25915473870192	3	5		1	1																																	
CAND_SOUND_000354	Sound	rhyme	1		plus	candidate_pending_human_review			cmusphinx/cmudict	cmudict:rime:IH-G	big	brig										5.834308478051406	3.482761522072355	4.65853500006188	3	4		1	1																																	
CAND_SOUND_000355	Sound	rhyme	1		plus	candidate_pending_human_review			cmusphinx/cmudict	cmudict:rime:AA-B-Z	jobs	knobs										4.441032478708157	3.016705693502853	3.7288690861055054	4	4		1	1																																	
CAND_SOUND_000356	Sound	rhyme	1		plus	candidate_pending_human_review			cmusphinx/cmudict	cmudict:rime:AH-G-Z	plugs	slugs										3.3052670486072357	3.256217651247619	3.2807423499274275	5	5		1	1																																	
CAND_SOUND_000357	Sound	rhyme	1		plus	candidate_pending_human_review			cmusphinx/cmudict	cmudict:rime:IY-K-S	peaks	shrieks										3.2009148427807133	3.0327925133963074	3.1168536780885105	4	5		1	1																																	
CAND_SOUND_000358	Sound	rhyme	1		plus	candidate_pending_human_review			cmusphinx/cmudict	cmudict:rime:IY-CH	preach	reach										3.3787896545768117	4.755276859733737	4.067033257155274	4	3		1	1																																	
CAND_SOUND_000359	Sound	rhyme	1		plus	candidate_pending_human_review			cmusphinx/cmudict	cmudict:rime:OW-L	pole	scroll										4.099964851970917	3.3568878131289823	3.7284263325499496	3	5		1	1																																	
CAND_SOUND_000360	Sound	rhyme	1		plus	candidate_pending_human_review			cmusphinx/cmudict	cmudict:rime:IH-NG	cling	swing										3.399639793549932	4.414645702174891	3.9071427478624114	4	4		1	1																																	
CAND_SOUND_000361	Sound	rhyme	1		plus	candidate_pending_human_review			cmusphinx/cmudict	cmudict:rime:OW-Z	glows	throes										2.915679114299964	2.723793588061051	2.8197363511805076	4	4		1	1																																	
CAND_SOUND_000362	Sound	rhyme	1		plus	candidate_pending_human_review			cmusphinx/cmudict	cmudict:rime:AE-D	cad	had										3.016705693502853	6.2242536902433425	4.620479691873098	3	3		1	1																																	
CAND_SOUND_000363	Sound	rhyme	1		plus	candidate_pending_human_review			cmusphinx/cmudict	cmudict:rime:AE-T	chat	flat										4.211507916278137	4.418561231164048	4.315034573721093	3	4		1	1																																	
CAND_SOUND_000364	Sound	rhyme	1		plus	candidate_pending_human_review			cmusphinx/cmudict	cmudict:rime:IY	ski	tee										3.908379875558465	3.3338225090602887	3.6211011923093768	3	2		1	1																																	
CAND_SOUND_000365	Sound	rhyme	1		plus	candidate_pending_human_review			cmusphinx/cmudict	cmudict:rime:AE-G-Z	drags	gags										3.0777596589128304	3.055857817465001	3.0668087381889158	5	4		1	1																																	
CAND_SOUND_000366	Sound	rhyme	1		plus	candidate_pending_human_review			cmusphinx/cmudict	cmudict:rime:OW-N	scone	stone										2.6903698325741012	4.608819574975259	3.64959470377468	4	4		1	1																																	
CAND_SOUND_000367	Sound	rhyme	1		plus	candidate_pending_human_review			cmusphinx/cmudict	cmudict:rime:AH-F	buff	puff										3.3962335448580205	3.6484556810951863	3.522344612976603	3	3		1	1																																	
CAND_SOUND_000368	Sound	rhyme	1		plus	candidate_pending_human_review			cmusphinx/cmudict	cmudict:rime:IY-K	creak	peak										2.7074031718728815	3.7738724524043685	3.2406378121386252	4	3		1	1																																	
CAND_SOUND_000369	Sound	rhyme	1		plus	candidate_pending_human_review			cmusphinx/cmudict	cmudict:rime:AA	moi	trois										3.2924298239020637	2.894489815230026	3.0934598195660445	3	3		1	1																																	
CAND_SOUND_000370	Sound	rhyme	1		plus	candidate_pending_human_review			cmusphinx/cmudict	cmudict:rime:EH-S-T	best	pest										5.606781665677726	3.456782679686501	4.531782172682114	4	4		1	1																																	
CAND_SOUND_000371	Sound	rhyme	1		plus	candidate_pending_human_review			cmusphinx/cmudict	cmudict:rime:EH-R	flare	stare										3.624868283817669	3.998293536185983	3.811580910001826	4	4		1	1																																	
CAND_SOUND_000372	Sound	rhyme	1		plus	candidate_pending_human_review			cmusphinx/cmudict	cmudict:rime:IY-P	beep	keep										3.8135679076061	5.846870524356412	4.830219215981256	3	3		1	1																																	
CAND_SOUND_000373	Sound	rhyme	1		plus	candidate_pending_human_review			cmusphinx/cmudict	cmudict:rime:EH-S	es	mess										3.7837915177363364	4.892858149634195	4.338324833685266	2	3		1	1																																	
CAND_SOUND_000374	Sound	rhyme	1		plus	candidate_pending_human_review			cmusphinx/cmudict	cmudict:rime:AA-P-S	crops	pops										3.4162814648691495	4.0691310078904745	3.742706236379812	5	4		1	1																																	
CAND_SOUND_000375	Sound	rhyme	1		plus	candidate_pending_human_review			cmusphinx/cmudict	cmudict:rime:UW	coo	screw										2.8364978682523394	4.573917711842145	3.7052077900472424	2	4		1	1																																	
CAND_SOUND_000376	Sound	rhyme	1		plus	candidate_pending_human_review			cmusphinx/cmudict	cmudict:rime:IY-L	squeal	teal										3.425968732272281	2.7074031718728815	3.0666859520725813	5	3		1	1																																	
CAND_SOUND_000377	Sound	rhyme	1		plus	candidate_pending_human_review			cmusphinx/cmudict	cmudict:rime:IH-K-S	licks	sticks										3.0248235837250323	4.1337892943569186	3.5793064390409755	4	5		1	1																																	
CAND_SOUND_000378	Sound	rhyme	1		plus	candidate_pending_human_review			cmusphinx/cmudict	cmudict:rime:IH-P	flip	sip										4.154561203215101	3.7074031718728815	3.930982187543991	4	3		1	1																																	
CAND_SOUND_000379	Sound	rhyme	1		plus	candidate_pending_human_review			cmusphinx/cmudict	cmudict:rime:AA	na	trois										3.6955503450778817	2.894489815230026	3.2950200801539538	2	3		1	1																																	
CAND_SOUND_000380	Sound	rhyme	1		plus	candidate_pending_human_review			cmusphinx/cmudict	cmudict:rime:IY	see	t										6.407684101318111	7.157734013687971	6.782709057503041	2	2		1	1																																	
CAND_SOUND_000381	Sound	rhyme	1		plus	candidate_pending_human_review			cmusphinx/cmudict	cmudict:rime:AE-K-T	packed	smacked										4.248598254377427	3.226928275145631	3.7377632647615293	4	5		1	1																																	
CAND_SOUND_000382	Sound	rhyme	1		plus	candidate_pending_human_review			cmusphinx/cmudict	cmudict:rime:AH-NG-K	monk	sunk										3.8676176688297246	3.6671781699121677	3.7673979193709464	4	4		1	1																																	
CAND_SOUND_000383	Sound	rhyme	1		plus	candidate_pending_human_review			cmusphinx/cmudict	cmudict:rime:UW-L-Z	cools	tools										2.8606315479690587	4.046012882794971	3.4533222153820144	4	4		1	1																																	
CAND_SOUND_000384	Sound	rhyme	1		plus	candidate_pending_human_review			cmusphinx/cmudict	cmudict:rime:IY-Z	peas	tease										3.6671781699121677	3.75482782180102	3.7110029958565938	3	3		1	1																																	
CAND_SOUND_000385	Sound	rhyme	1		plus	candidate_pending_human_review			cmusphinx/cmudict	cmudict:rime:AY	ly	pie										2.973671061277651	4.458563794207173	3.716117427742412	2	2		1	1																																	
CAND_SOUND_000386	Sound	rhyme	1		plus	candidate_pending_human_review			cmusphinx/cmudict	cmudict:rime:AE-N-D	canned	hand										3.6228435972512543	5.446610256013887	4.534726926632571	4	4		1	1																																	
CAND_SOUND_000387	Sound	rhyme	1		plus	candidate_pending_human_review			cmusphinx/cmudict	cmudict:rime:UW	bleu	loo										2.8364978682523394	3.3752151942185136	3.1058565312354265	3	2		1	1																																	
CAND_SOUND_000388	Sound	rhyme	1		plus	candidate_pending_human_review			cmusphinx/cmudict	cmudict:rime:OW-L-Z	goals	poles										3.710731115221809	3.3338225090602887	3.522276812141049	4	4		1	1																																	
CAND_SOUND_000389	Sound	rhyme	1		plus	candidate_pending_human_review			cmusphinx/cmudict	cmudict:rime:EY-Z	gaze	phrase										3.4030195342013125	3.9589478044569444	3.6809836693291285	3	4		1	1																																	
CAND_SOUND_000390	Sound	rhyme	1		plus	candidate_pending_human_review			cmusphinx/cmudict	cmudict:rime:AY-D	dried	pride										3.704049529865294	4.441956837656411	4.073003183760853	4	4		1	1																																	
CAND_SOUND_000391	Sound	rhyme	1		plus	candidate_pending_human_review			cmusphinx/cmudict	cmudict:rime:IH-P	drip	ship										3.7090703312403446	4.995118792061197	4.3520945616507705	4	3		1	1																																	
CAND_SOUND_000392	Sound	rhyme	1		plus	candidate_pending_human_review			cmusphinx/cmudict	cmudict:rime:IY	plea	yi										3.8352552508612434	3.4597471586502397	3.6475012047557414	3	2		1	1																																	
CAND_SOUND_000393	Sound	rhyme	1		plus	candidate_pending_human_review			cmusphinx/cmudict	cmudict:rime:OW-T-S	goats	votes										3.42276359239707	3.894489815230026	3.658626703813548	4	4		1	1																																	
CAND_SOUND_000394	Sound	rhyme	1		plus	candidate_pending_human_review			cmusphinx/cmudict	cmudict:rime:IY	flee	nee										3.6597857449280826	2.6726410656136697	3.1662134052708764	3	2		1	1																																	
CAND_SOUND_000395	Sound	rhyme	1		plus	candidate_pending_human_review			cmusphinx/cmudict	cmudict:rime:AY	spy	y										4.302305457614224	4.930419604686749	4.616362531150487	3	2		1	1																																	
CAND_SOUND_000396	Sound	rhyme	1		plus	candidate_pending_human_review			cmusphinx/cmudict	cmudict:rime:EY-N	gain	sane										4.13752786391632	3.7411361438071435	3.9393320038617317	3	3		1	1																																	
CAND_SOUND_000397	Sound	rhyme	1		plus	candidate_pending_human_review			cmusphinx/cmudict	cmudict:rime:AO-R	soar	war										3.184524426592544	5.242405001731717	4.21346471416213	3	3		1	1																																	
CAND_SOUND_000398	Sound	rhyme	1		plus	candidate_pending_human_review			cmusphinx/cmudict	cmudict:rime:IH-T	fit	quit										4.760333770424864	4.954715339624194	4.857524555024529	3	4		1	1																																	
CAND_SOUND_000399	Sound	rhyme	1		plus	candidate_pending_human_review			cmusphinx/cmudict	cmudict:rime:OW-N-Z	cones	zones										3.0777596589128304	3.2466723333413885	3.1622159961271095	4	4		1	1																																	
CAND_SOUND_000400	Sound	rhyme	1		plus	candidate_pending_human_review			cmusphinx/cmudict	cmudict:rime:IY-T	cheat	sleet										4.2471546148811266	2.8109437637799513	3.529049189330539	3	4		1	1																																	
CAND_SOUND_000401	Sound	rhyme	1		plus	candidate_pending_human_review			cmusphinx/cmudict	cmudict:rime:OW-L-Z	coals	roles										2.973671061277651	3.462691539297021	3.218181300287336	4	4		1	1																																	
CAND_SOUND_000402	Sound	rhyme	1		plus	candidate_pending_human_review			cmusphinx/cmudict	cmudict:rime:IH-L	pill	till										4.072747136042215	5.222002002978614	4.647374569510415	3	3		1	1																																	
CAND_SOUND_000403	Sound	rhyme	1		plus	candidate_pending_human_review			cmusphinx/cmudict	cmudict:rime:AO-R-Z	fours	sores										3.3136191229720016	3.070581074285707	3.1921000986288544	4	4		1	1																																	
CAND_SOUND_000404	Sound	rhyme	1		plus	candidate_pending_human_review			cmusphinx/cmudict	cmudict:rime:AA-T	knot	squat										3.5665876731657433	3.4965498065579883	3.531568739861866	3	5		1	1																																	
CAND_SOUND_000405	Sound	rhyme	1		plus	candidate_pending_human_review			cmusphinx/cmudict	cmudict:rime:IH-P-S	dips	skips										2.7975798022219696	2.915679114299964	2.856629458260967	4	5		1	1																																	
CAND_SOUND_000406	Sound	rhyme	1		plus	candidate_pending_human_review			cmusphinx/cmudict	cmudict:rime:IY-M	cream	seam										4.687581415406607	2.8109437637799513	3.749262589593279	4	3		1	1																																	
CAND_SOUND_000407	Sound	rhyme	1		plus	candidate_pending_human_review			cmusphinx/cmudict	cmudict:rime:AY	fly	nigh										4.929418925714293	2.915679114299964	3.9225490200071285	3	2		1	1																																	
CAND_SOUND_000408	Sound	rhyme	1		plus	candidate_pending_human_review			cmusphinx/cmudict	cmudict:rime:EH-JH	dredge	hedge										2.6726410656136697	3.190056915192505	2.9313489904030874	4	3		1	1																																	
CAND_SOUND_000409	Sound	rhyme	1		plus	candidate_pending_human_review			cmusphinx/cmudict	cmudict:rime:EY-K-S	aches	breaks										3.1789205490745456	4.274701056941632	3.726810803008089	3	5		1	1																																	
CAND_SOUND_000410	Sound	rhyme	1		plus	candidate_pending_human_review			cmusphinx/cmudict	cmudict:rime:EH-S-T	lest	pest										3.2924298239020637	3.456782679686501	3.3746062517942823	4	4		1	1																																	
CAND_SOUND_000411	Sound	rhyme	1		plus	candidate_pending_human_review			cmusphinx/cmudict	cmudict:rime:IY	glee	thee										3.055857817465001	4.4153007467664995	3.7355792821157503	3	2		1	1																																	
CAND_SOUND_000412	Sound	rhyme	1		plus	candidate_pending_human_review			cmusphinx/cmudict	cmudict:rime:UW	crew	shoe										4.676962439396313	4.482761522072355	4.579861980734334	3	2		1	1																																	
CAND_SOUND_000413	Sound	rhyme	1		plus	candidate_pending_human_review			cmusphinx/cmudict	cmudict:rime:IY-L-Z	feels	steals										4.844976371857724	3.6407346869502244	4.2428555294039745	4	5		1	1																																	
CAND_SOUND_000414	Sound	rhyme	1		plus	candidate_pending_human_review			cmusphinx/cmudict	cmudict:rime:AY-N-D	bind	mined										3.5254259342942174	2.872213420518874	3.1988196774065454	4	4		1	1																																	
CAND_SOUND_000415	Sound	rhyme	1		plus	candidate_pending_human_review			cmusphinx/cmudict	cmudict:rime:OW-Z	nose	shows										4.843513689087844	4.618150681921476	4.73083218550466	3	3		1	1																																	
CAND_SOUND_000416	Sound	rhyme	1		plus	candidate_pending_human_review			cmusphinx/cmudict	cmudict:rime:IY-Z	keys	trees										4.707570176097937	4.486944165784531	4.5972571709412335	3	4		1	1																																	
CAND_SOUND_000417	Sound	rhyme	1		plus	candidate_pending_human_review			cmusphinx/cmudict	cmudict:rime:AY-T	fight	site										5.303365488606449	4.283655899594558	4.793510694100504	3	3		1	1																																	
CAND_SOUND_000418	Sound	rhyme	1		plus	candidate_pending_human_review			cmusphinx/cmudict	cmudict:rime:OW	pro	tow										4.150967021471702	3.7622518398802267	3.9566094306759645	3	2		1	1																																	
CAND_SOUND_000419	Sound	rhyme	1		plus	candidate_pending_human_review			cmusphinx/cmudict	cmudict:rime:EY-K-S	breaks	cakes										4.274701056941632	3.756322812887971	4.015511934914802	5	4		1	1																																	
CAND_SOUND_000420	Sound	rhyme	1		plus	candidate_pending_human_review			cmusphinx/cmudict	cmudict:rime:AO-R	snore	swore										3.2062436762857804	3.941764682614205	3.574004179449993	4	4		1	1																																	
CAND_SOUND_000421	Sound	rhyme	1		plus	candidate_pending_human_review			cmusphinx/cmudict	cmudict:rime:AY-T-S	flights	sights										3.6616456813122067	3.6690067809585756	3.665326231135391	5	4		1	1																																	
CAND_SOUND_000422	Sound	rhyme	1		plus	candidate_pending_human_review			cmusphinx/cmudict	cmudict:rime:UW-P-T	cooped	pooped										3.2009148427807133	3.098609797885951	3.1497623203333323	4	4		1	1																																	
CAND_SOUND_000423	Sound	rhyme	1		plus	candidate_pending_human_review			cmusphinx/cmudict	cmudict:rime:OW-P	scope	slope										3.748795857031107	3.468521082957745	3.6086584699944257	4	4		1	1																																	
CAND_SOUND_000424	Sound	rhyme	1		plus	candidate_pending_human_review			cmusphinx/cmudict	cmudict:rime:UW-P	coupe	group										2.7837915177363364	4.867848615116424	3.82582006642638	3	4		1	1																																	
CAND_SOUND_000425	Sound	rhyme	1		plus	candidate_pending_human_review			cmusphinx/cmudict	cmudict:rime:AE-T	rat	vat										4.513322073121583	3.173243416182855	3.8432827446522193	3	3		1	1																																	
CAND_SOUND_000426	Sound	rhyme	1		plus	candidate_pending_human_review			cmusphinx/cmudict	cmudict:rime:AH-K-T	lucked	plucked										2.9645276818377813	3.105343180544919	3.03493543119135	4	5		1	1																																	
CAND_SOUND_000427	Sound	rhyme	1		plus	candidate_pending_human_review			cmusphinx/cmudict	cmudict:rime:EH-R	stare	their										3.998293536185983	5.816345294600177	4.90731941539308	4	3		1	1																																	
CAND_SOUND_000428	Sound	rhyme	1		plus	candidate_pending_human_review			cmusphinx/cmudict	cmudict:rime:AO-R-D	stored	sword										3.520316528515737	4.417911089602658	3.9691138090591975	5	4		1	1																																	
CAND_SOUND_000429	Sound	rhyme	1		plus	candidate_pending_human_review			cmusphinx/cmudict	cmudict:rime:AA-P	hop	plop										4.282324387620837	2.9258982794816504	3.6041113335512436	3	4		1	1																																	
CAND_SOUND_000430	Sound	rhyme	1		plus	candidate_pending_human_review			cmusphinx/cmudict	cmudict:rime:ER-D	herd	third										3.848732324669351	4.872327693505167	4.36053000908726	3	3		1	1																																	
CAND_SOUND_000431	Sound	rhyme	1		plus	candidate_pending_human_review			cmusphinx/cmudict	cmudict:rime:IY-K	cheek	shriek										3.8547226883585384	2.7975798022219696	3.326151245290254	3	4		1	1																																	
CAND_SOUND_000432	Sound	rhyme	1		plus	candidate_pending_human_review			cmusphinx/cmudict	cmudict:rime:AE-NG-K-T	cranked	spanked										2.723793588061051	3.173243416182855	2.948518502121953	6	6		1	1																																	
CAND_SOUND_000433	Sound	rhyme	1		plus	candidate_pending_human_review			cmusphinx/cmudict	cmudict:rime:IY-T	sweet	treat										5.1619548867592915	4.715019663753546	4.938487275256419	4	4		1	1																																	
CAND_SOUND_000434	Sound	rhyme	1		plus	candidate_pending_human_review			cmusphinx/cmudict	cmudict:rime:UW	crew	goo										4.676962439396313	3.329856321842687	4.0034093806195	3	2		1	1																																	
CAND_SOUND_000435	Sound	rhyme	1		plus	candidate_pending_human_review			cmusphinx/cmudict	cmudict:rime:UW-TH	tooth	youth										4.132535918358822	4.2259171117507695	4.179226515054795	3	3		1	1																																	
CAND_SOUND_000436	Sound	rhyme	1		plus	candidate_pending_human_review			cmusphinx/cmudict	cmudict:rime:IH-L	drill	grill										4.138147841868722	3.6484556810951863	3.893301761481954	4	4		1	1																																	
CAND_SOUND_000437	Sound	rhyme	1		plus	candidate_pending_human_review			cmusphinx/cmudict	cmudict:rime:AY	die	thigh										5.416868834458589	3.5734631911497914	4.495166012804191	2	2		1	1																																	
CAND_SOUND_000438	Sound	rhyme	1		plus	candidate_pending_human_review			cmusphinx/cmudict	cmudict:rime:AE-K-T	blacked	hacked										3.3416478465722452	3.624868283817669	3.483258065194957	5	4		1	1																																	
CAND_SOUND_000439	Sound	rhyme	1		plus	candidate_pending_human_review			cmusphinx/cmudict	cmudict:rime:UW	bleu	stew										2.8364978682523394	3.8083036676137425	3.3224007679330407	3	3		1	1																																	
CAND_SOUND_000440	Sound	rhyme	1		plus	candidate_pending_human_review			cmusphinx/cmudict	cmudict:rime:AE-B	crab	gab										3.838972487380195	2.8364978682523394	3.337735177816267	4	3		1	1																																	
CAND_SOUND_000441	Sound	rhyme	1		plus	candidate_pending_human_review			cmusphinx/cmudict	cmudict:rime:AH-JH	judge	sludge										4.901276646228475	2.6726410656136697	3.7869588559210725	3	4		1	1																																	
CAND_SOUND_000442	Sound	rhyme	1		plus	candidate_pending_human_review			cmusphinx/cmudict	cmudict:rime:UW	grew	you										4.4664896316270895	7.6217693187691165	6.044129475198103	3	2		1	1																																	
CAND_SOUND_000443	Sound	rhyme	1		plus	candidate_pending_human_review			cmusphinx/cmudict	cmudict:rime:IY-K	sheik	streak										3.1789205490745456	3.7622518398802267	3.470586194477386	3	5		1	1																																	
CAND_SOUND_000444	Sound	rhyme	1		plus	candidate_pending_human_review			cmusphinx/cmudict	cmudict:rime:AE-P-S	laps	traps										3.515146295049647	3.6690067809585756	3.592076538004111	4	5		1	1																																	
CAND_SOUND_000445	Sound	rhyme	1		plus	candidate_pending_human_review			cmusphinx/cmudict	cmudict:rime:AE-M-Z	jams	lambs										3.098609797885951	3.2218487496163566	3.1602292737511535	4	4		1	1																																	
CAND_SOUND_000446	Sound	rhyme	1		plus	candidate_pending_human_review			cmusphinx/cmudict	cmudict:rime:AY-N-Z	lines	pines										4.58468589525854	3.0777596589128304	3.831222777085685	4	4		1	1																																	
CAND_SOUND_000447	Sound	rhyme	1		plus	candidate_pending_human_review			cmusphinx/cmudict	cmudict:rime:EY-L-Z	scales	trails										3.3052670486072357	3.325853579389013	3.3155603139981245	5	5		1	1																																	
CAND_SOUND_000448	Sound	rhyme	1		plus	candidate_pending_human_review			cmusphinx/cmudict	cmudict:rime:AH-K	puck	suck										3.4597471586502397	4.542605771985989	4.001176465318114	3	3		1	1																																	
CAND_SOUND_000449	Sound	rhyme	1		plus	candidate_pending_human_review			cmusphinx/cmudict	cmudict:rime:EH-N-T	sent	vent										5.139879086401237	3.644612342013426	4.3922457142073315	4	4		1	1																																	
CAND_SOUND_000450	Sound	rhyme	1		plus	candidate_pending_human_review			cmusphinx/cmudict	cmudict:rime:AE-P	chap	pap										3.8029748341086758	3.1119737594439325	3.4574742967763044	3	3		1	1																																	
CAND_SOUND_000451	Sound	rhyme	1		plus	candidate_pending_human_review			cmusphinx/cmudict	cmudict:rime:AH-M	drum	plumb										3.9279135707169757	3.226928275145631	3.5774209229313034	4	4		1	1																																	
CAND_SOUND_000452	Sound	rhyme	1		plus	candidate_pending_human_review			cmusphinx/cmudict	cmudict:rime:AY-Z	cries	wise										3.843879821874939	4.454396440266138	4.149138131070538	4	3		1	1																																	
CAND_SOUND_000453	Sound	rhyme	1		plus	candidate_pending_human_review			cmusphinx/cmudict	cmudict:rime:EY-V	crave	rave										3.3177356891668337	3.4030195342013125	3.360377611684073	4	3		1	1																																	
CAND_SOUND_000454	Sound	rhyme	1		plus	candidate_pending_human_review			cmusphinx/cmudict	cmudict:rime:OW	blow	tow										4.989310195584826	3.7622518398802267	4.3757810177325265	3	2		1	1																																	
CAND_SOUND_000455	Sound	rhyme	1		plus	candidate_pending_human_review			cmusphinx/cmudict	cmudict:rime:AA-R-D	card	yard										4.931617383837818	4.398960677724445	4.665289030781132	4	4		1	1																																	
CAND_SOUND_000456	Sound	rhyme	1		plus	candidate_pending_human_review			cmusphinx/cmudict	cmudict:rime:OW-K	broke	joke										5.021189299069938	4.8634394962113685	4.942314397640653	4	3		1	1																																	
CAND_SOUND_000457	Sound	rhyme	1		plus	candidate_pending_human_review			cmusphinx/cmudict	cmudict:rime:IY-K	seek	sleek										4.262776700132157	2.9258982794816504	3.594337489806904	3	4		1	1																																	
CAND_SOUND_000458	Sound	rhyme	1		plus	candidate_pending_human_review			cmusphinx/cmudict	cmudict:rime:AY-P	hype	tripe										3.2115079162781375	2.905213680621799	3.0583607984499683	3	4		1	1																																	
CAND_SOUND_000459	Sound	rhyme	1		plus	candidate_pending_human_review			cmusphinx/cmudict	cmudict:rime:EY-D-Z	blades	raids										3.5125379119421187	3.0777596589128304	3.2951487854274744	5	4		1	1																																	
CAND_SOUND_000460	Sound	rhyme	1		plus	candidate_pending_human_review			cmusphinx/cmudict	cmudict:rime:IY-M-D	deemed	dreamed										3.1436881726211388	4.186745886586502	3.6652170296038205	4	5		1	1																																	
CAND_SOUND_000461	Sound	rhyme	1		plus	candidate_pending_human_review			cmusphinx/cmudict	cmudict:rime:IY-L	peel	reel										3.7285924709428198	3.5125379119421187	3.620565191442469	3	3		1	1																																	
CAND_SOUND_000462	Sound	rhyme	1		plus	candidate_pending_human_review			cmusphinx/cmudict	cmudict:rime:UW-L-Z	mules	pools										3.3716110699496884	3.364311831208189	3.367961450578939	5	4		1	1																																	
CAND_SOUND_000463	Sound	rhyme	1		plus	candidate_pending_human_review			cmusphinx/cmudict	cmudict:rime:AE-NG-K	franc	rank										2.905213680621799	3.928917720255429	3.417065700438614	5	4		1	1																																	
CAND_SOUND_000464	Sound	rhyme	1		plus	candidate_pending_human_review			cmusphinx/cmudict	cmudict:rime:AA-K	dock	wok										3.9887862126353957	2.872213420518874	3.430499816577135	3	3		1	1																																	
CAND_SOUND_000465	Sound	rhyme	1		plus	candidate_pending_human_review			cmusphinx/cmudict	cmudict:rime:UW	clue	stew										4.245706160569368	3.8083036676137425	4.027004914091555	3	3		1	1																																	
CAND_SOUND_000466	Sound	rhyme	1		plus	candidate_pending_human_review			cmusphinx/cmudict	cmudict:rime:AE-NG-K-S	banks	flanks										4.20145067811322	2.8109437637799513	3.5061972209465857	5	6		1	1																																	
CAND_SOUND_000467	Sound	rhyme	1		plus	candidate_pending_human_review			cmusphinx/cmudict	cmudict:rime:AO-NG	song	thong										4.971675969315923	3.3218136015872735	4.146744785451598	3	3		1	1																																	
CAND_SOUND_000468	Sound	rhyme	1		plus	candidate_pending_human_review			cmusphinx/cmudict	cmudict:rime:AY	bi	spry										2.9456423376774072	2.7975798022219696	2.8716110699496884	2	4		1	1																																	
CAND_SOUND_000469	Sound	rhyme	1		plus	candidate_pending_human_review			cmusphinx/cmudict	cmudict:rime:IH-D	lid	mid										3.6921035453831017	3.098609797885951	3.3953566716345263	3	3		1	1																																	
CAND_SOUND_000470	Sound	rhyme	1		plus	candidate_pending_human_review			cmusphinx/cmudict	cmudict:rime:AA-R-D	scarred	yard										3.11850462660289	4.398960677724445	3.7587326521636677	5	4		1	1																																	
CAND_SOUND_000471	Sound	rhyme	1		plus	candidate_pending_human_review			cmusphinx/cmudict	cmudict:rime:UW-S	loose	spruce										4.621013273616265	3.040617850908264	3.8308155622622646	3	5		1	1																																	
CAND_SOUND_000472	Sound	rhyme	1		plus	candidate_pending_human_review			cmusphinx/cmudict	cmudict:rime:EH-M	hem	phlegm										2.915679114299964	2.8239087409443187	2.8697939276221414	3	4		1	1																																	
CAND_SOUND_000473	Sound	rhyme	1		plus	candidate_pending_human_review			cmusphinx/cmudict	cmudict:rime:IY-CH	peach	speech										3.8029748341086758	4.58023155383229	4.191603193970483	3	4		1	1																																	
CAND_SOUND_000474	Sound	rhyme	1		plus	candidate_pending_human_review			cmusphinx/cmudict	cmudict:rime:UW-F-S	proofs	roofs										2.9645276818377813	3.0848215134003176	3.0246745976190494	5	4		1	1																																	
CAND_SOUND_000475	Sound	rhyme	1		plus	candidate_pending_human_review			cmusphinx/cmudict	cmudict:rime:EH-R	bear	hair										4.759000896288418	5.186247047869527	4.972623972078972	3	3		1	1																																	
CAND_SOUND_000476	Sound	rhyme	1		plus	candidate_pending_human_review			cmusphinx/cmudict	cmudict:rime:OW-T-S	goats	notes										3.42276359239707	4.3910735497191205	3.906918571058095	4	4		1	1																																	
CAND_SOUND_000477	Sound	rhyme	1		plus	candidate_pending_human_review			cmusphinx/cmudict	cmudict:rime:UW	doo	flu										3.63485250472427	3.9398127940166834	3.7873326493704766	2	3		1	1																																	
CAND_SOUND_000478	Sound	rhyme	1		plus	candidate_pending_human_review			cmusphinx/cmudict	cmudict:rime:UW-T	flute	shoot										3.325853579389013	5.217329087916347	4.2715913336526805	4	3		1	1																																	
CAND_SOUND_000479	Sound	rhyme	1		plus	candidate_pending_human_review			cmusphinx/cmudict	cmudict:rime:AY	pi	sly										3.5642714304385628	3.425968732272281	3.495120081355422	2	3		1	1																																	
CAND_SOUND_000480	Sound	rhyme	1		plus	candidate_pending_human_review			cmusphinx/cmudict	cmudict:rime:IH-K-S	kicks	ticks										3.909430165022963	3.063281835544208	3.4863560002835854	4	4		1	1																																	
CAND_SOUND_000481	Sound	rhyme	1		plus	candidate_pending_human_review			cmusphinx/cmudict	cmudict:rime:AE-G	lag	wag										3.167491087293764	2.7074031718728815	2.9374471295833224	3	3		1	1																																	
CAND_SOUND_000482	Sound	rhyme	1		plus	candidate_pending_human_review			cmusphinx/cmudict	cmudict:rime:IY	ee	thee										3.5757310526056134	4.4153007467664995	3.9955158996860565	1	2		1	1																																	
CAND_SOUND_000483	Sound	rhyme	1		plus	candidate_pending_human_review			cmusphinx/cmudict	cmudict:rime:OW-Z	hoes	toes										2.7074031718728815	4.0972505026232255	3.4023268372480535	3	3		1	1																																	
CAND_SOUND_000484	Sound	rhyme	1		plus	candidate_pending_human_review			cmusphinx/cmudict	cmudict:rime:AH-M	from	numb										6.309429754648045	3.6886291709978	4.999029462822922	4	3		1	1																																	
CAND_SOUND_000485	Sound	rhyme	1		plus	candidate_pending_human_review			cmusphinx/cmudict	cmudict:rime:IY-T-S	eats	meats										4.101989538537332	2.915679114299964	3.508834326418648	3	4		1	1																																	
CAND_SOUND_000486	Sound	rhyme	1		plus	candidate_pending_human_review			cmusphinx/cmudict	cmudict:rime:AY-N-D	hind	mined										3.38933983691012	2.872213420518874	3.130776628714497	4	4		1	1																																	
CAND_SOUND_000487	Sound	rhyme	1		plus	candidate_pending_human_review			cmusphinx/cmudict	cmudict:rime:AH-NG-K	chunk	junk										3.6167122791997564	4.186745886586502	3.9017290828931293	4	4		1	1																																	
CAND_SOUND_000488	Sound	rhyme	1		plus	candidate_pending_human_review			cmusphinx/cmudict	cmudict:rime:AE-P-S	scraps	traps										3.309463163200844	3.6690067809585756	3.48923497207971	6	5		1	1																																	
CAND_SOUND_000489	Sound	rhyme	1		plus	candidate_pending_human_review			cmusphinx/cmudict	cmudict:rime:AH-M	gum	sum										4.1268505275835965	4.0109315127693375	4.068891020176467	3	3		1	1																																	
CAND_SOUND_000490	Sound	rhyme	1		plus	candidate_pending_human_review			cmusphinx/cmudict	cmudict:rime:AH-T	butt	smut										4.5862341838214	3.1375278639163207	3.86188102386886	3	4		1	1																																	
CAND_SOUND_000491	Sound	rhyme	1		plus	candidate_pending_human_review			cmusphinx/cmudict	cmudict:rime:EY-L	scale	tail										3.9781715625043272	4.3784335295204455	4.178302546012386	4	3		1	1																																	
CAND_SOUND_000492	Sound	rhyme	1		plus	candidate_pending_human_review			cmusphinx/cmudict	cmudict:rime:EY-N	grain	rain										3.678036097500376	4.689326273044587	4.183681185272482	4	3		1	1																																	
CAND_SOUND_000493	Sound	rhyme	1		plus	candidate_pending_human_review			cmusphinx/cmudict	cmudict:rime:AA-R-T-S	carts	parts										3.274701056941632	4.468810516145334	3.871755786543483	5	5		1	1																																	
CAND_SOUND_000494	Sound	rhyme	1		plus	candidate_pending_human_review			cmusphinx/cmudict	cmudict:rime:AO-R	drawer	por										4.113943352306837	3.542849826210958	3.8283965892588974	4	3		1	1																																	
CAND_SOUND_000495	Sound	rhyme	1		plus	candidate_pending_human_review			cmusphinx/cmudict	cmudict:rime:AY	fly	ly										4.929418925714293	2.973671061277651	3.951544993495972	3	2		1	1																																	
CAND_SOUND_000496	Sound	rhyme	1		plus	candidate_pending_human_review			cmusphinx/cmudict	cmudict:rime:AY-M	dime	time										4.08130493967748	6.291951837030967	5.186628388354224	3	3		1	1																																	
CAND_SOUND_000497	Sound	rhyme	1		plus	candidate_pending_human_review			cmusphinx/cmudict	cmudict:rime:EY-T	plait	trait										2.7395878552442827	3.0327925133963074	2.886190184320295	4	4		1	1																																	
CAND_SOUND_000498	Sound	rhyme	1		plus	candidate_pending_human_review			cmusphinx/cmudict	cmudict:rime:AO-R	bore	soar										3.889026919528524	3.184524426592544	3.536775673060534	3	3		1	1																																	
CAND_SOUND_000499	Sound	rhyme	1		plus	candidate_pending_human_review			cmusphinx/cmudict	cmudict:rime:IH-N-CH-T	flinched	pinched										2.7395878552442827	3.4323089103033	3.0859483827737915	6	5		1	1																																	
CAND_SOUND_000500	Sound	rhyme	1		plus	candidate_pending_human_review			cmusphinx/cmudict	cmudict:rime:AE-P-S	schnapps	traps										2.8606315479690587	3.6690067809585756	3.264819164463817	5	5		1	1																																	
CAND_SOUND_000501	Sound	rhyme	1		plus	candidate_pending_human_review			cmusphinx/cmudict	cmudict:rime:AE-D	fad	sad										2.883494430928563	4.801901176004613	3.8426978034665877	3	3		1	1																																	
CAND_SOUND_000502	Sound	rhyme	1		plus	candidate_pending_human_review			cmusphinx/cmudict	cmudict:rime:AY	by	eye										6.127257289406368	5.048380864906195	5.587819077156282	2	1		1	1																																	
CAND_SOUND_000503	Sound	rhyme	1		plus	candidate_pending_human_review			cmusphinx/cmudict	cmudict:rime:UW	do	zoo										6.787856206035433	4.135039063512625	5.461447634774029	2	2		1	1																																	
CAND_SOUND_000504	Sound	rhyme	1		plus	candidate_pending_human_review			cmusphinx/cmudict	cmudict:rime:EY-N	reign	thane										3.493826948222515	2.848732324669351	3.171279636445933	3	3		1	1																																	
CAND_SOUND_000505	Sound	rhyme	1		plus	candidate_pending_human_review			cmusphinx/cmudict	cmudict:rime:EH-K-S	cheques	sex										3.1249387366083	5.182347507338269	4.153643121973285	4	4		1	1																																	
CAND_SOUND_000506	Sound	rhyme	1		plus	candidate_pending_human_review			cmusphinx/cmudict	cmudict:rime:IH-G	jig	rig										3.231949076520682	3.935882500388251	3.5839157884544663	3	3		1	1																																	
CAND_SOUND_000507	Sound	rhyme	1		plus	candidate_pending_human_review			cmusphinx/cmudict	cmudict:rime:IY	bee	key										4.015063746435876	4.938833550125134	4.476948648280505	2	2		1	1																																	
CAND_SOUND_000508	Sound	rhyme	1		plus	candidate_pending_human_review			cmusphinx/cmudict	cmudict:rime:IY-Z	fees	seize										3.4507923159973135	3.6833649310054426	3.567078623501378	3	3		1	1																																	
CAND_SOUND_000509	Sound	rhyme	1		plus	candidate_pending_human_review			cmusphinx/cmudict	cmudict:rime:AA-B	blob	slob										3.070581074285707	3.5525012118871384	3.311541143086423	4	4		1	1																																	
CAND_SOUND_000510	Sound	rhyme	1		plus	candidate_pending_human_review			cmusphinx/cmudict	cmudict:rime:AE-P-S	saps	slaps										2.8364978682523394	2.935882500388251	2.886190184320295	4	5		1	1																																	
CAND_SOUND_000511	Sound	rhyme	1		plus	candidate_pending_human_review			cmusphinx/cmudict	cmudict:rime:OW-N	clone	own										3.399639793549932	5.661998170498611	4.530818982024272	4	2		1	1																																	
CAND_SOUND_000512	Sound	rhyme	1		plus	candidate_pending_human_review			cmusphinx/cmudict	cmudict:rime:IH-P	clip	lip										3.75482782180102	4.0312103823864325	3.893019102093726	4	3		1	1																																	
CAND_SOUND_000513	Sound	rhyme	1		plus	candidate_pending_human_review			cmusphinx/cmudict	cmudict:rime:IH-L-D	spilled	thrilled										3.8029748341086758	4.043708927885406	3.9233418809970413	5	5		1	1																																	
CAND_SOUND_000514	Sound	rhyme	1		plus	candidate_pending_human_review			cmusphinx/cmudict	cmudict:rime:IY	ski	thee										3.908379875558465	4.4153007467664995	4.161840311162482	3	2		1	1																																	
CAND_SOUND_000515	Sound	rhyme	1		plus	candidate_pending_human_review			cmusphinx/cmudict	cmudict:rime:AE-K-S	axe	sax										3.6886291709978	3.098609797885951	3.3936194844418752	3	4		1	1																																	
CAND_SOUND_000516	Sound	rhyme	1		plus	candidate_pending_human_review			cmusphinx/cmudict	cmudict:rime:AA-K-S	jocks	pox										3.063281835544208	3.167491087293764	3.1153864614189857	4	4		1	1																																	
CAND_SOUND_000517	Sound	rhyme	1		plus	candidate_pending_human_review			cmusphinx/cmudict	cmudict:rime:ER-L	girl	hurl										5.745946915233606	3.131278914639319	4.438612914936463	3	3		1	1																																	
CAND_SOUND_000518	Sound	rhyme	1		plus	candidate_pending_human_review			cmusphinx/cmudict	cmudict:rime:OW-Z	prose	throes										2.973671061277651	2.723793588061051	2.848732324669351	4	4		1	1																																	
CAND_SOUND_000519	Sound	rhyme	1		plus	candidate_pending_human_review			cmusphinx/cmudict	cmudict:rime:UW	bleu	crew										2.8364978682523394	4.676962439396313	3.756730153824326	3	3		1	1																																	
CAND_SOUND_000520	Sound	rhyme	1		plus	candidate_pending_human_review			cmusphinx/cmudict	cmudict:rime:AE-K-T	jacked	lacked										3.3455082673854832	3.105343180544919	3.225425723965201	4	4		1	1																																	
CAND_SOUND_000521	Sound	rhyme	1		plus	candidate_pending_human_review			cmusphinx/cmudict	cmudict:rime:AO-R-D	scored	sword										3.7592974442561733	4.417911089602658	4.088604266929416	5	4		1	1																																	
CAND_SOUND_000522	Sound	rhyme	1		plus	candidate_pending_human_review			cmusphinx/cmudict	cmudict:rime:AE-K-S	shacks	tax										2.723793588061051	4.162833729181091	3.443313658621071	4	4		1	1																																	
CAND_SOUND_000523	Sound	rhyme	1		plus	candidate_pending_human_review			cmusphinx/cmudict	cmudict:rime:UW	blew	cue										4.499255699933913	3.8912203306651785	4.195238015299546	3	3		1	1																																	
CAND_SOUND_000524	Sound	rhyme	1		plus	candidate_pending_human_review			cmusphinx/cmudict	cmudict:rime:IH-T	git	spit										3.2967511976847064	4.286746976571701	3.7917490871282036	3	4		1	1																																	
CAND_SOUND_000525	Sound	rhyme	1		plus	candidate_pending_human_review			cmusphinx/cmudict	cmudict:rime:IY	three	wee										5.734187782410228	3.9299195534145746	4.832053667912401	3	2		1	1																																	
CAND_SOUND_000526	Sound	rhyme	1		plus	candidate_pending_human_review			cmusphinx/cmudict	cmudict:rime:AE-N	plan	tan										5.163535524887649	3.934894344144185	4.549214934515917	4	3		1	1																																	
CAND_SOUND_000527	Sound	rhyme	1		plus	candidate_pending_human_review			cmusphinx/cmudict	cmudict:rime:UW-T	loot	shoot										3.5501083987712483	5.217329087916347	4.383718743343798	3	3		1	1																																	
CAND_SOUND_000528	Sound	rhyme	1		plus	candidate_pending_human_review			cmusphinx/cmudict	cmudict:rime:AA-R-T	carte	heart										3.070581074285707	5.387703812000245	4.229142443142976	4	4		1	1																																	
CAND_SOUND_000529	Sound	rhyme	1		plus	candidate_pending_human_review			cmusphinx/cmudict	cmudict:rime:AA-P-S	cops	ops										4.924887116086788	3.6228435972512543	4.273865356669021	4	3		1	1																																	
CAND_SOUND_000530	Sound	rhyme	1		plus	candidate_pending_human_review			cmusphinx/cmudict	cmudict:rime:EY-D	played	strayed										4.750311720636056	2.973671061277651	3.8619913909568533	4	5		1	1																																	
CAND_SOUND_000531	Sound	rhyme	1		plus	candidate_pending_human_review			cmusphinx/cmudict	cmudict:rime:OW-L-Z	tolls	trolls										2.769551078621726	3.1375278639163207	2.953539471269023	4	5		1	1																																	
CAND_SOUND_000532	Sound	rhyme	1		plus	candidate_pending_human_review			cmusphinx/cmudict	cmudict:rime:IH-T-S	bits	pits										4.032002168352156	3.4965498065579883	3.764275987455072	4	4		1	1																																	
CAND_SOUND_000533	Sound	rhyme	1		plus	candidate_pending_human_review			cmusphinx/cmudict	cmudict:rime:AY	dye	thy										3.5868960500636566	4.386900952543709	3.9868985013036826	2	2		1	1																																	
CAND_SOUND_000534	Sound	rhyme	1		plus	candidate_pending_human_review			cmusphinx/cmudict	cmudict:rime:AA-P	slop	swap										3.2655576775017625	3.5596015523050775	3.4125796149034198	4	4		1	1																																	
CAND_SOUND_000535	Sound	rhyme	1		plus	candidate_pending_human_review			cmusphinx/cmudict	cmudict:rime:UW	cue	doo										3.8912203306651785	3.63485250472427	3.763036417694724	3	2		1	1																																	
CAND_SOUND_000536	Sound	rhyme	1		plus	candidate_pending_human_review			cmusphinx/cmudict	cmudict:rime:OW-Z	crows	goes										3.4416489365574434	5.337008778778676	4.38932885766806	4	3		1	1																																	
CAND_SOUND_000537	Sound	rhyme	1		plus	candidate_pending_human_review			cmusphinx/cmudict	cmudict:rime:IH-NG-Z	brings	wings										4.545525409751095	4.293730756922482	4.4196280833367885	5	4		1	1																																	
CAND_SOUND_000538	Sound	rhyme	1		plus	candidate_pending_human_review			cmusphinx/cmudict	cmudict:rime:EY-T	fait	trait										2.75482782180102	3.0327925133963074	2.8938101675986636	3	4		1	1																																	
CAND_SOUND_000539	Sound	rhyme	1		plus	candidate_pending_human_review			cmusphinx/cmudict	cmudict:rime:IY	hee	sea										3.7349095929665124	4.7770143531849065	4.25596197307571	2	2		1	1																																	
CAND_SOUND_000540	Sound	rhyme	1		plus	candidate_pending_human_review			cmusphinx/cmudict	cmudict:rime:EY-V	grave	waive										4.419534622266871	3.2369124960522324	3.828223559159552	4	3		1	1																																	
CAND_SOUND_000541	Sound	rhyme	1		plus	candidate_pending_human_review			cmusphinx/cmudict	cmudict:rime:OW	quo	tow										3.274701056941632	3.7622518398802267	3.5184764484109294	3	2		1	1																																	
CAND_SOUND_000542	Sound	rhyme	1		plus	candidate_pending_human_review			cmusphinx/cmudict	cmudict:rime:IY	fee	she										3.9861567728257103	6.572044302738093	5.279100537781902	2	2		1	1																																	
CAND_SOUND_000543	Sound	rhyme	1		plus	candidate_pending_human_review			cmusphinx/cmudict	cmudict:rime:AO-R-N	sworn	worn										3.9861567728257103	4.00339294289734	3.994774857861525	5	4		1	1																																	
CAND_SOUND_000544	Sound	rhyme	1		plus	candidate_pending_human_review			cmusphinx/cmudict	cmudict:rime:OY-L-D	boiled	soiled										3.520316528515737	2.9551876555836376	3.2377520920496874	4	4		1	1																																	
CAND_SOUND_000545	Sound	rhyme	1		plus	candidate_pending_human_review			cmusphinx/cmudict	cmudict:rime:EY-K-S	cakes	flakes										3.756322812887971	3.2701534291909113	3.513238121039441	4	5		1	1																																	
CAND_SOUND_000546	Sound	rhyme	1		plus	candidate_pending_human_review			cmusphinx/cmudict	cmudict:rime:AW-N-D-Z	hounds	lbs										3.274701056941632	3.063281835544208	3.16899144624292	5	5		1	1																																	
CAND_SOUND_000547	Sound	rhyme	1		plus	candidate_pending_human_review			cmusphinx/cmudict	cmudict:rime:AE-K-S	jacks	slacks										3.530475927030859	3.040617850908264	3.2855468889695616	4	5		1	1																																	
CAND_SOUND_000548	Sound	rhyme	1		plus	candidate_pending_human_review			cmusphinx/cmudict	cmudict:rime:IH-T	grit	spit										2.973671061277651	4.286746976571701	3.630209018924676	4	4		1	1																																	
CAND_SOUND_000549	Sound	rhyme	1		plus	candidate_pending_human_review			cmusphinx/cmudict	cmudict:rime:OW-N-Z	clones	zones										2.9456423376774072	3.2466723333413885	3.096157335509398	5	4		1	1																																	
CAND_SOUND_000550	Sound	rhyme	1		plus	candidate_pending_human_review			cmusphinx/cmudict	cmudict:rime:AY-T	kite	spite										3.3606156856482254	3.881261549496271	3.620938617572248	3	4		1	1																																	
CAND_SOUND_000551	Sound	rhyme	1		plus	candidate_pending_human_review			cmusphinx/cmudict	cmudict:rime:AA-T-S	dots	yachts										3.4855544222565253	2.6903698325741012	3.087962127415313	4	4		1	1																																	
CAND_SOUND_000552	Sound	rhyme	1		plus	candidate_pending_human_review			cmusphinx/cmudict	cmudict:rime:OW-P	hope	rope										5.506000702356682	4.356138383293481	4.931069542825082	3	3		1	1																																	
CAND_SOUND_000553	Sound	rhyme	1		plus	candidate_pending_human_review			cmusphinx/cmudict	cmudict:rime:IH-NG-K-T	blinked	winked										3.105343180544919	2.8606315479690587	2.9829873642569886	6	5		1	1																																	
CAND_SOUND_000554	Sound	rhyme	1		plus	candidate_pending_human_review			cmusphinx/cmudict	cmudict:rime:IY	fee	he										3.9861567728257103	6.8829339408825	5.434545356854105	2	2		1	1																																	
CAND_SOUND_000555	Sound	rhyme	1		plus	candidate_pending_human_review			cmusphinx/cmudict	cmudict:rime:AE-D	cad	grad										3.016705693502853	3.462691539297021	3.239698616399937	3	4		1	1																																	
CAND_SOUND_000556	Sound	rhyme	1		plus	candidate_pending_human_review			cmusphinx/cmudict	cmudict:rime:AH-N-CH	bunch	hunch										4.769985156101045	3.875628597870686	4.322806876985865	4	4		1	1																																	
CAND_SOUND_000557	Sound	rhyme	1		plus	candidate_pending_human_review			cmusphinx/cmudict	cmudict:rime:OW	grow	woe										4.774445400352775	3.3679767852945943	4.071211092823685	3	2		1	1																																	
CAND_SOUND_000558	Sound	rhyme	1		plus	candidate_pending_human_review			cmusphinx/cmudict	cmudict:rime:IH-P	blip	sip										2.905213680621799	3.7074031718728815	3.30630842624734	4	3		1	1																																	
CAND_SOUND_000559	Sound	rhyme	1		plus	candidate_pending_human_review			cmusphinx/cmudict	cmudict:rime:AE-M	clam	jam										3.5934598195660445	4.131278914639319	3.8623693671026817	4	3		1	1																																	
CAND_SOUND_000560	Sound	rhyme	1		plus	candidate_pending_human_review			cmusphinx/cmudict	cmudict:rime:AH-T-S	guts	klutz										4.375573967045116	2.9645276818377813	3.6700508244414487	4	5		1	1																																	
CAND_SOUND_000561	Sound	rhyme	1		plus	candidate_pending_human_review			cmusphinx/cmudict	cmudict:rime:OW-N	groan	known										2.9645276818377813	5.091770373355645	4.028149027596713	4	3		1	1																																	
CAND_SOUND_000562	Sound	rhyme	1		plus	candidate_pending_human_review			cmusphinx/cmudict	cmudict:rime:IY-P	leap	peep										3.8239087409443187	3.6465382630494645	3.7352235019968916	3	3		1	1																																	
CAND_SOUND_000563	Sound	rhyme	1		plus	candidate_pending_human_review			cmusphinx/cmudict	cmudict:rime:EH-R	chair	wear										4.692276536614986	5.038752588992017	4.865514562803501	3	3		1	1																																	
CAND_SOUND_000564	Sound	rhyme	1		plus	candidate_pending_human_review			cmusphinx/cmudict	cmudict:rime:UW-Z	crews	zoos										3.515146295049647	2.883494430928563	3.1993203629891047	4	3		1	1																																	
CAND_SOUND_000565	Sound	rhyme	1		plus	candidate_pending_human_review			cmusphinx/cmudict	cmudict:rime:AE-M	bam	dam										3.8499370258077215	3.7592974442561733	3.804617235031947	3	3		1	1																																	
CAND_SOUND_000566	Sound	rhyme	1		plus	candidate_pending_human_review			cmusphinx/cmudict	cmudict:rime:EY-L	fail	veil										4.390727360396761	3.471406771195233	3.931067065795997	3	3		1	1																																	
CAND_SOUND_000567	Sound	rhyme	1		plus	candidate_pending_human_review			cmusphinx/cmudict	cmudict:rime:EY-L	male	veil										4.530726891777458	3.471406771195233	4.001066831486345	3	3		1	1																																	
CAND_SOUND_000568	Sound	rhyme	1		plus	candidate_pending_human_review			cmusphinx/cmudict	cmudict:rime:EY	say	stay										6.214786727609269	5.712352544939666	5.9635696362744675	2	3		1	1																																	
CAND_SOUND_000569	Sound	rhyme	1		plus	candidate_pending_human_review			cmusphinx/cmudict	cmudict:rime:IY-Z	breeze	frees										3.905213680621799	2.8239087409443187	3.3645612107830587	4	4		1	1																																	
CAND_SOUND_000570	Sound	rhyme	1		plus	candidate_pending_human_review			cmusphinx/cmudict	cmudict:rime:AH-M-P	bump	jump										4.091770373355645	4.844001797576317	4.467886085465981	4	4		1	1																																	
CAND_SOUND_000571	Sound	rhyme	1		plus	candidate_pending_human_review			cmusphinx/cmudict	cmudict:rime:IY-K	peak	shriek										3.7738724524043685	2.7975798022219696	3.2857261273131693	3	4		1	1																																	
CAND_SOUND_000572	Sound	rhyme	1		plus	candidate_pending_human_review			cmusphinx/cmudict	cmudict:rime:AH-F-T	bluffed	cuffed										2.723793588061051	2.7395878552442827	2.731690721652667	5	4		1	1																																	
CAND_SOUND_000573	Sound	rhyme	1		plus	candidate_pending_human_review			cmusphinx/cmudict	cmudict:rime:IY-T	meat	sweet										4.639954983900753	5.1619548867592915	4.900954935330022	3	4		1	1																																	
CAND_SOUND_000574	Sound	rhyme	1		plus	candidate_pending_human_review			cmusphinx/cmudict	cmudict:rime:AE-N-T	chant	slant										3.3568878131289823	3.055857817465001	3.2063728152969917	4	5		1	1																																	
CAND_SOUND_000575	Sound	rhyme	1		plus	candidate_pending_human_review			cmusphinx/cmudict	cmudict:rime:OW-N	clone	tone										3.399639793549932	4.226928275145632	3.813284034347782	4	3		1	1																																	
CAND_SOUND_000576	Sound	rhyme	1		plus	candidate_pending_human_review			cmusphinx/cmudict	cmudict:rime:IH-N-T	squint	stint										3.0	2.872213420518874	2.9361067102594367	6	5		1	1																																	
CAND_SOUND_000577	Sound	rhyme	1		plus	candidate_pending_human_review			cmusphinx/cmudict	cmudict:rime:OW-N	own	prone										5.661998170498611	3.256217651247619	4.459107910873115	2	4		1	1																																	
CAND_SOUND_000578	Sound	rhyme	1		plus	candidate_pending_human_review			cmusphinx/cmudict	cmudict:rime:IY	flea	we										3.520316528515737	6.954816458448821	5.237566493482279	3	2		1	1																																	
CAND_SOUND_000579	Sound	rhyme	1		plus	candidate_pending_human_review			cmusphinx/cmudict	cmudict:rime:AH-T	but	hut										6.645173666631628	4.121089720437384	5.383131693534506	3	3		1	1																																	
CAND_SOUND_000580	Sound	rhyme	1		plus	candidate_pending_human_review			cmusphinx/cmudict	cmudict:rime:UH-K-S	books	hooks										4.83100355770892	3.618765684830815	4.224884621269867	4	4		1	1																																	
CAND_SOUND_000581	Sound	rhyme	1		plus	candidate_pending_human_review			cmusphinx/cmudict	cmudict:rime:IH-M	hymn	rim										3.2115079162781375	3.38933983691012	3.3004238765941287	3	3		1	1																																	
CAND_SOUND_000582	Sound	rhyme	1		plus	candidate_pending_human_review			cmusphinx/cmudict	cmudict:rime:IH-L	mill	skill										3.979066093164357	3.898811189012669	3.938938641088513	3	4		1	1																																	
CAND_SOUND_000583	Sound	rhyme	1		plus	candidate_pending_human_review			cmusphinx/cmudict	cmudict:rime:OW-N	blown	throne										4.20145067811322	3.9368684133699023	4.069159545741561	4	4		1	1																																	
CAND_SOUND_000584	Sound	rhyme	1		plus	candidate_pending_human_review			cmusphinx/cmudict	cmudict:rime:AE-N	ban	fan										3.4965498065579883	4.54576782922817	4.021158817893079	3	3		1	1																																	
CAND_SOUND_000585	Sound	rhyme	1		plus	candidate_pending_human_review			cmusphinx/cmudict	cmudict:rime:IY-D	bleed	freed										4.004237052943255	3.5711834248548926	3.7877102388990735	4	4		1	1																																	
CAND_SOUND_000586	Sound	rhyme	1		plus	candidate_pending_human_review			cmusphinx/cmudict	cmudict:rime:AA-T-S	hots	knots										3.16166154363304	3.747274683910574	3.454468113771807	4	4		1	1																																	
CAND_SOUND_000587	Sound	rhyme	1		plus	candidate_pending_human_review			cmusphinx/cmudict	cmudict:rime:AE-K-S	shacks	slacks										2.723793588061051	3.040617850908264	2.8822057194846575	4	5		1	1																																	
CAND_SOUND_000588	Sound	rhyme	1		plus	candidate_pending_human_review			cmusphinx/cmudict	cmudict:rime:IY	she	t										6.572044302738093	7.157734013687971	6.864889158213032	2	2		1	1																																	
CAND_SOUND_000589	Sound	rhyme	1		plus	candidate_pending_human_review			cmusphinx/cmudict	cmudict:rime:AH-M	rum	sum										3.8744931868137726	4.0109315127693375	3.942712349791555	3	3		1	1																																	
CAND_SOUND_000590	Sound	rhyme	1		plus	candidate_pending_human_review			cmusphinx/cmudict	cmudict:rime:IH-D	rid	skid										4.7770143531849065	3.337752802688721	4.057383577936814	3	4		1	1																																	
CAND_SOUND_000591	Sound	rhyme	1		plus	candidate_pending_human_review			cmusphinx/cmudict	cmudict:rime:AA	la	spa										4.838725659023506	3.6708277248502013	4.254776691936854	2	3		1	1																																	
CAND_SOUND_000592	Sound	rhyme	1		plus	candidate_pending_human_review			cmusphinx/cmudict	cmudict:rime:AY-P-S	stripes	wipes										3.8002856955978945	3.1436881726211388	3.4719869341095166	6	4		1	1																																	
CAND_SOUND_000593	Sound	rhyme	1		plus	candidate_pending_human_review			cmusphinx/cmudict	cmudict:rime:IH-P-S	dips	pips										2.7975798022219696	3.040617850908264	2.9190988265651168	4	4		1	1																																	
CAND_SOUND_000594	Sound	rhyme	1		plus	candidate_pending_human_review			cmusphinx/cmudict	cmudict:rime:AY	fry	lye										3.9238735929152355	2.7837915177363364	3.353832555325786	3	2		1	1																																	
CAND_SOUND_000595	Sound	rhyme	1		plus	candidate_pending_human_review			cmusphinx/cmudict	cmudict:rime:IY-L-D	field	yield										4.846312850545938	3.606297044271217	4.226304947408577	4	4		1	1																																	
CAND_SOUND_000596	Sound	rhyme	1		plus	candidate_pending_human_review			cmusphinx/cmudict	cmudict:rime:OW-D	mode	owed										3.7123855723918213	3.865301426102544	3.7888434992471827	3	2		1	1																																	
CAND_SOUND_000597	Sound	rhyme	1		plus	candidate_pending_human_review			cmusphinx/cmudict	cmudict:rime:IH-L	mil	shrill										3.456782679686501	2.6726410656136697	3.0647118726500855	3	4		1	1																																	
CAND_SOUND_000598	Sound	rhyme	1		plus	candidate_pending_human_review			cmusphinx/cmudict	cmudict:rime:AY	fry	vie										3.9238735929152355	3.3338225090602887	3.628848050987762	3	2		1	1																																	
CAND_SOUND_000599	Sound	rhyme	1		plus	candidate_pending_human_review			cmusphinx/cmudict	cmudict:rime:EY-Z	maze	res										3.4063731762089002	2.723793588061051	3.0650833821349757	3	3		1	1																																	
CAND_SOUND_000600	Sound	rhyme	1		plus	candidate_pending_human_review			cmusphinx/cmudict	cmudict:rime:OW	low	throw										4.7718611610998	5.109995193461844	4.9409281772808225	2	3		1	1																																	
CAND_SOUND_000601	Sound	rhyme	1		plus	candidate_pending_human_review			cmusphinx/cmudict	cmudict:rime:EY-Z	prays	raise										3.0	4.741908223089428	3.870954111544714	4	3		1	1																																	
CAND_SOUND_000602	Sound	rhyme	1		plus	candidate_pending_human_review			cmusphinx/cmudict	cmudict:rime:AY-D	bide	tide										2.7395878552442827	3.8664610916297826	3.3030244734370324	3	3		1	1																																	
CAND_SOUND_000603	Sound	rhyme	1		plus	candidate_pending_human_review			cmusphinx/cmudict	cmudict:rime:AW-S	blouse	house										3.7269987279362624	5.710963118995275	4.718980923465769	4	3		1	1																																	
CAND_SOUND_000604	Sound	rhyme	1		plus	candidate_pending_human_review			cmusphinx/cmudict	cmudict:rime:EY-Z	phrase	strays										3.9589478044569444	3.0917703733556454	3.5253590889062947	4	5		1	1																																	
CAND_SOUND_000605	Sound	rhyme	1		plus	candidate_pending_human_review			cmusphinx/cmudict	cmudict:rime:ER-K	jerk	smirk										4.520316528515737	2.905213680621799	3.712765104568768	3	4		1	1																																	
CAND_SOUND_000606	Sound	rhyme	1		plus	candidate_pending_human_review			cmusphinx/cmudict	cmudict:rime:AO-R	lore	tore										2.8239087409443187	3.918770191277106	3.3713394661107126	3	3		1	1																																	
CAND_SOUND_000607	Sound	rhyme	1		plus	candidate_pending_human_review			cmusphinx/cmudict	cmudict:rime:AY-V-Z	dives	knives										3.0	3.840204529289886	3.4201022646449433	4	4		1	1																																	
CAND_SOUND_000608	Sound	rhyme	1		plus	candidate_pending_human_review			cmusphinx/cmudict	cmudict:rime:ER	blur	per										3.329856321842687	4.349715468320278	3.8397858950814827	3	2		1	1																																	
CAND_SOUND_000609	Sound	rhyme	1		plus	candidate_pending_human_review			cmusphinx/cmudict	cmudict:rime:UW	crew	flu										4.676962439396313	3.9398127940166834	4.308387616706498	3	3		1	1																																	
CAND_SOUND_000610	Sound	rhyme	1		plus	candidate_pending_human_review			cmusphinx/cmudict	cmudict:rime:OW	mow	sew										3.3606156856482254	3.7395878552442827	3.550101770446254	2	2		1	1																																	
CAND_SOUND_000611	Sound	rhyme	1		plus	candidate_pending_human_review			cmusphinx/cmudict	cmudict:rime:AE-F-T	aft	graft										3.5477023290053697	3.2167091099639453	3.3822057194846575	3	5		1	1																																	
CAND_SOUND_000612	Sound	rhyme	1		plus	candidate_pending_human_review			cmusphinx/cmudict	cmudict:rime:IH-P-T	flipped	skipped										3.6955503450778817	3.704049529865294	3.699799937471588	5	5		1	1																																	
CAND_SOUND_000613	Sound	rhyme	1		plus	candidate_pending_human_review			cmusphinx/cmudict	cmudict:rime:UW	bleu	view										2.8364978682523394	4.585792378613509	3.7111451234329245	3	3		1	1																																	
CAND_SOUND_000614	Sound	rhyme	1		plus	candidate_pending_human_review			cmusphinx/cmudict	cmudict:rime:AH-NG	hung	kung										4.449584263808346	3.7205646179308527	4.085074440869599	3	3		1	1																																	
CAND_SOUND_000615	Sound	rhyme	1		plus	candidate_pending_human_review			cmusphinx/cmudict	cmudict:rime:IY-D-Z	seeds	speeds										3.6503646709025173	3.167491087293764	3.4089278790981403	4	5		1	1																																	
CAND_SOUND_000616	Sound	rhyme	1		plus	candidate_pending_human_review			cmusphinx/cmudict	cmudict:rime:IY-P	steep	weep										3.38933983691012	3.7395878552442827	3.564463846077201	4	3		1	1																																	
CAND_SOUND_000617	Sound	rhyme	1		plus	candidate_pending_human_review			cmusphinx/cmudict	cmudict:rime:AE-D	pad	rad										3.910477920614156	2.9456423376774072	3.4280601291457815	3	3		1	1																																	
CAND_SOUND_000618	Sound	rhyme	1		plus	candidate_pending_human_review			cmusphinx/cmudict	cmudict:rime:IY-M	seam	steam										2.8109437637799513	4.128753939608815	3.4698488516943833	3	4		1	1																																	
CAND_SOUND_000619	Sound	rhyme	1		plus	candidate_pending_human_review			cmusphinx/cmudict	cmudict:rime:EH-R-Z	fares	swears										2.7975798022219696	3.364311831208189	3.0809458167150794	4	5		1	1																																	
CAND_SOUND_000620	Sound	rhyme	1		plus	candidate_pending_human_review			cmusphinx/cmudict	cmudict:rime:EY-T-S	rates	waits										3.6125761100131175	3.7795681993792503	3.696072154696184	4	4		1	1																																	
CAND_SOUND_000621	Sound	rhyme	1		plus	candidate_pending_human_review			cmusphinx/cmudict	cmudict:rime:AH-M-Z	drums	thumbs										3.857095888154153	3.6690067809585756	3.7630513345563643	5	4		1	1																																	
CAND_SOUND_000622	Sound	rhyme	1		plus	candidate_pending_human_review			cmusphinx/cmudict	cmudict:rime:AO-R	chore	fore										3.0	3.42276359239707	3.211381796198535	3	3		1	1																																	
CAND_SOUND_000623	Sound	rhyme	1		plus	candidate_pending_human_review			cmusphinx/cmudict	cmudict:rime:AH-M	from	glum										6.309429754648045	3.0084331675368627	4.658931461092454	4	4		1	1																																	
CAND_SOUND_000624	Sound	rhyme	1		plus	candidate_pending_human_review			cmusphinx/cmudict	cmudict:rime:EH-D	bred	led										3.38933983691012	4.380565912602615	3.884952874756367	4	3		1	1																																	
CAND_SOUND_000625	Sound	rhyme	1		plus	candidate_pending_human_review			cmusphinx/cmudict	cmudict:rime:ER	purr	stir										2.883494430928563	3.770996319495907	3.327245375212235	2	3		1	1																																	
CAND_SOUND_000626	Sound	rhyme	1		plus	candidate_pending_human_review			cmusphinx/cmudict	cmudict:rime:UW-N	coon	goon										3.098609797885951	3.3568878131289823	3.2277488055074666	3	3		1	1																																	
CAND_SOUND_000627	Sound	rhyme	1		plus	candidate_pending_human_review			cmusphinx/cmudict	cmudict:rime:IH-L-Z	kills	stills										4.2988958661512955	2.723793588061051	3.5113447271061733	4	5		1	1																																	
CAND_SOUND_000628	Sound	rhyme	1		plus	candidate_pending_human_review			cmusphinx/cmudict	cmudict:rime:UW	chew	clue										3.957071799458189	4.245706160569368	4.101388980013779	2	3		1	1																																	
CAND_SOUND_000629	Sound	rhyme	1		plus	candidate_pending_human_review			cmusphinx/cmudict	cmudict:rime:UW-Z	screws	sues										3.542849826210958	2.7975798022219696	3.1702148142164637	5	3		1	1																																	
CAND_SOUND_000630	Sound	rhyme	1		plus	candidate_pending_human_review			cmusphinx/cmudict	cmudict:rime:AH-M-Z	crumbs	slums										3.4063731762089002	2.9913998282380825	3.198886502223491	5	5		1	1																																	
CAND_SOUND_000631	Sound	rhyme	1		plus	candidate_pending_human_review			cmusphinx/cmudict	cmudict:rime:OY	boy	soy										5.724131241365484	3.364311831208189	4.544221536286837	2	2		1	1																																	
CAND_SOUND_000632	Sound	rhyme	1		plus	candidate_pending_human_review			cmusphinx/cmudict	cmudict:rime:IY-Z	bees	ease										3.7269987279362624	4.280988780780679	4.00399375435847	3	2		1	1																																	
CAND_SOUND_000633	Sound	rhyme	1		plus	candidate_pending_human_review			cmusphinx/cmudict	cmudict:rime:IY-L	heel	real										3.8687711741078568	5.64621145843088	4.757491316269368	3	3		1	1																																	
CAND_SOUND_000634	Sound	rhyme	1		plus	candidate_pending_human_review			cmusphinx/cmudict	cmudict:rime:AY-D	eyed	tried										2.872213420518874	5.271477150850028	4.071845285684451	2	4		1	1																																	
CAND_SOUND_000635	Sound	rhyme	1		plus	candidate_pending_human_review			cmusphinx/cmudict	cmudict:rime:EH-R	snare	stare										2.883494430928563	3.998293536185983	3.440893983557273	4	4		1	1																																	
CAND_SOUND_000636	Sound	rhyme	1		plus	candidate_pending_human_review			cmusphinx/cmudict	cmudict:rime:EH-S-T	nest	quest										4.045246255090335	3.8069775765623497	3.9261119158263424	4	5		1	1																																	
CAND_SOUND_000637	Sound	rhyme	1		plus	candidate_pending_human_review			cmusphinx/cmudict	cmudict:rime:IY-L-D	field	healed										4.846312850545938	3.63485250472427	4.240582677635103	4	4		1	1																																	
CAND_SOUND_000638	Sound	rhyme	1		plus	candidate_pending_human_review			cmusphinx/cmudict	cmudict:rime:IH-N	fin	twin										3.5329790721846632	4.018341456197112	3.775660264190887	3	4		1	1																																	
CAND_SOUND_000639	Sound	rhyme	1		plus	candidate_pending_human_review			cmusphinx/cmudict	cmudict:rime:EH-T	jet	net										4.150365088621493	4.191703011219667	4.17103404992058	3	3		1	1																																	
CAND_SOUND_000640	Sound	rhyme	1		plus	candidate_pending_human_review			cmusphinx/cmudict	cmudict:rime:AY-D	fide	guide										3.040617850908264	4.251471216223157	3.6460445335657106	3	3		1	1																																	
CAND_SOUND_000641	Sound	rhyme	1		plus	candidate_pending_human_review			cmusphinx/cmudict	cmudict:rime:UW	doo	loo										3.63485250472427	3.3752151942185136	3.505033849471392	2	2		1	1																																	
CAND_SOUND_000642	Sound	rhyme	1		plus	candidate_pending_human_review			cmusphinx/cmudict	cmudict:rime:AH-M-P	hump	pump										3.644612342013426	4.101989538537332	3.873300940275379	4	4		1	1																																	
CAND_SOUND_000643	Sound	rhyme	1		plus	candidate_pending_human_review			cmusphinx/cmudict	cmudict:rime:ER-V-Z	nerves	serves										4.039841631788487	3.7962205069592447	3.918031069373866	4	4		1	1																																	
CAND_SOUND_000644	Sound	rhyme	1		plus	candidate_pending_human_review			cmusphinx/cmudict	cmudict:rime:EY-D	sprayed	stayed										3.2466723333413885	4.514625870203783	3.880649101772586	5	4		1	1																																	
CAND_SOUND_000645	Sound	rhyme	1		plus	candidate_pending_human_review			cmusphinx/cmudict	cmudict:rime:IY	spree	tree										3.329856321842687	4.812913356642856	4.071384839242771	4	3		1	1																																	
CAND_SOUND_000646	Sound	rhyme	1		plus	candidate_pending_human_review			cmusphinx/cmudict	cmudict:rime:EY-D	aid	fade										4.14307605908513	3.748795857031107	3.9459359580581186	2	3		1	1																																	
CAND_SOUND_000647	Sound	rhyme	1		plus	candidate_pending_human_review			cmusphinx/cmudict	cmudict:rime:AE-P-S	taps	wraps										3.4063731762089002	3.3606156856482254	3.383494430928563	4	4		1	1																																	
CAND_SOUND_000648	Sound	rhyme	1		plus	candidate_pending_human_review			cmusphinx/cmudict	cmudict:rime:AY-M-D	climbed	primed										3.6989700043360187	2.872213420518874	3.285591712427446	5	5		1	1																																	
CAND_SOUND_000649	Sound	rhyme	1		plus	candidate_pending_human_review			cmusphinx/cmudict	cmudict:rime:AY-Z	eyes	highs										5.34546983254481	2.8364978682523394	4.090983850398574	2	3		1	1																																	
CAND_SOUND_000650	Sound	rhyme	1		plus	candidate_pending_human_review			cmusphinx/cmudict	cmudict:rime:IY-Z	bees	seas										3.7269987279362624	3.6407346869502244	3.6838667074432436	3	3		1	1																																	
CAND_SOUND_000651	Sound	rhyme	1		plus	candidate_pending_human_review			cmusphinx/cmudict	cmudict:rime:AA-R-K-T	marked	parked										4.030417150235494	4.019157032928636	4.0247870915820645	5	5		1	1																																	
CAND_SOUND_000652	Sound	rhyme	1		plus	candidate_pending_human_review			cmusphinx/cmudict	cmudict:rime:IY-T-S	beets	treats										3.0084331675368627	3.7934890861198154	3.400961126828339	4	5		1	1																																	
CAND_SOUND_000653	Sound	rhyme	1		plus	candidate_pending_human_review			cmusphinx/cmudict	cmudict:rime:OW-Z	nose	slows										4.843513689087844	3.070581074285707	3.9570473816867757	3	4		1	1																																	
CAND_SOUND_000654	Sound	rhyme	1		plus	candidate_pending_human_review			cmusphinx/cmudict	cmudict:rime:EY-T	crate	weight										3.6125761100131175	4.559601552305077	4.086088831159097	4	3		1	1																																	
CAND_SOUND_000655	Sound	rhyme	1		plus	candidate_pending_human_review			cmusphinx/cmudict	cmudict:rime:EY-T	bait	crate										3.987911500392261	3.6125761100131175	3.8002438052026895	3	4		1	1																																	
CAND_SOUND_000656	Sound	rhyme	1		plus	candidate_pending_human_review			cmusphinx/cmudict	cmudict:rime:AY-S	dice	slice										4.019157032928636	3.930919080856701	3.9750380568926684	3	4		1	1																																	
CAND_SOUND_000657	Sound	rhyme	1		plus	candidate_pending_human_review			cmusphinx/cmudict	cmudict:rime:AY-N-D	bind	signed										3.5254259342942174	4.557011553140141	4.041218743717179	4	4		1	1																																	
CAND_SOUND_000658	Sound	rhyme	1		plus	candidate_pending_human_review			cmusphinx/cmudict	cmudict:rime:AE-P-T	apt	wrapped										3.2418198305469765	4.070581074285707	3.656200452416342	3	4		1	1																																	
CAND_SOUND_000659	Sound	rhyme	1		plus	candidate_pending_human_review			cmusphinx/cmudict	cmudict:rime:ER-D	herd	word										3.848732324669351	5.372081300975909	4.61040681282263	3	3		1	1																																	
CAND_SOUND_000660	Sound	rhyme	1		plus	candidate_pending_human_review			cmusphinx/cmudict	cmudict:rime:EH-T	threat	yet										4.317325784009549	5.53367737516578	4.925501579587665	4	3		1	1																																	
CAND_SOUND_000661	Sound	rhyme	1		plus	candidate_pending_human_review			cmusphinx/cmudict	cmudict:rime:EH-D	fed	wed										4.200914842780714	3.38933983691012	3.7951273398454166	3	3		1	1																																	
CAND_SOUND_000662	Sound	rhyme	1		plus	candidate_pending_human_review			cmusphinx/cmudict	cmudict:rime:EH-N-D	penned	tend										2.6903698325741012	4.089004157112493	3.389686994843297	4	4		1	1																																	
CAND_SOUND_000663	Sound	rhyme	1		plus	candidate_pending_human_review			cmusphinx/cmudict	cmudict:rime:IY-K	sheik	tweak										3.1789205490745456	2.8239087409443187	3.001414645009432	3	4		1	1																																	
CAND_SOUND_000664	Sound	rhyme	1		plus	candidate_pending_human_review			cmusphinx/cmudict	cmudict:rime:AO-L-D	called	hauled										5.531503962137958	3.1497623203333323	4.340633141235645	4	4		1	1																																	
CAND_SOUND_000665	Sound	rhyme	1		plus	candidate_pending_human_review			cmusphinx/cmudict	cmudict:rime:EH-R	mare	snare										3.462691539297021	2.883494430928563	3.173092985112792	3	4		1	1																																	
CAND_SOUND_000666	Sound	rhyme	1		plus	candidate_pending_human_review			cmusphinx/cmudict	cmudict:rime:OW-P	mope	scope										2.8239087409443187	3.748795857031107	3.2863522989877128	3	4		1	1																																	
CAND_SOUND_000667	Sound	rhyme	1		plus	candidate_pending_human_review			cmusphinx/cmudict	cmudict:rime:EY-Z	glaze	plays										2.9456423376774072	4.474559037955062	3.710100687816235	4	4		1	1																																	
CAND_SOUND_000668	Sound	rhyme	1		plus	candidate_pending_human_review			cmusphinx/cmudict	cmudict:rime:AA-K-S	blocks	shocks										4.176091259055681	3.0327925133963074	3.6044418862259944	5	4		1	1																																	
CAND_SOUND_000669	Sound	rhyme	1		plus	candidate_pending_human_review			cmusphinx/cmudict	cmudict:rime:IH-T	slit	wit										3.5802315538322897	3.7724367668592143	3.676334160345752	4	3		1	1																																	
CAND_SOUND_000670	Sound	rhyme	1		plus	candidate_pending_human_review			cmusphinx/cmudict	cmudict:rime:ER-T	flirt	shirt										3.5934598195660445	4.6662609689758945	4.1298603942709695	4	3		1	1																																	
CAND_SOUND_000671	Sound	rhyme	1		plus	candidate_pending_human_review			cmusphinx/cmudict	cmudict:rime:AY-Z	flies	sighs										4.147948979569864	4.192796952558534	4.170372966064199	4	3		1	1																																	
CAND_SOUND_000672	Sound	rhyme	1		plus	candidate_pending_human_review			cmusphinx/cmudict	cmudict:rime:AY-D	pride	side										4.441956837656411	5.303026560108589	4.8724916988825	4	3		1	1																																	
CAND_SOUND_000673	Sound	rhyme	1		plus	candidate_pending_human_review			cmusphinx/cmudict	cmudict:rime:IH-P	dip	strip										3.900955857479258	4.195519810894007	4.048237834186633	3	5		1	1																																	
CAND_SOUND_000674	Sound	rhyme	1		plus	candidate_pending_human_review			cmusphinx/cmudict	cmudict:rime:AE-K-S	fax	snacks										3.845098040014257	3.530475927030859	3.687786983522558	4	5		1	1																																	
CAND_SOUND_000675	Sound	rhyme	1		plus	candidate_pending_human_review			cmusphinx/cmudict	cmudict:rime:UW	through	too										5.73999094157349	6.1372175427299105	5.9386042421517	3	2		1	1																																	
CAND_SOUND_000676	Sound	rhyme	1		plus	candidate_pending_human_review			cmusphinx/cmudict	cmudict:rime:IY	hee	nee										3.7349095929665124	2.6726410656136697	3.203775329290091	2	2		1	1																																	
CAND_SOUND_000677	Sound	rhyme	1		plus	candidate_pending_human_review			cmusphinx/cmudict	cmudict:rime:EY-K	make	steak										6.142309701939205	4.210460160686944	5.176384931313074	3	4		1	1																																	
CAND_SOUND_000678	Sound	rhyme	1		plus	candidate_pending_human_review			cmusphinx/cmudict	cmudict:rime:AY	high	try										5.290034611362518	5.678286236263478	5.484160423812998	2	3		1	1																																	
CAND_SOUND_000679	Sound	rhyme	1		plus	candidate_pending_human_review			cmusphinx/cmudict	cmudict:rime:AY	shy	spry										4.264169414789842	2.7975798022219696	3.530874608505906	2	4		1	1																																	
CAND_SOUND_000680	Sound	rhyme	1		plus	candidate_pending_human_review			cmusphinx/cmudict	cmudict:rime:IH-L	hill	still										4.574598602206705	5.896925876673131	5.235762239439918	3	4		1	1																																	
CAND_SOUND_000681	Sound	rhyme	1		plus	candidate_pending_human_review			cmusphinx/cmudict	cmudict:rime:IY	flee	key										3.6597857449280826	4.938833550125134	4.299309647526608	3	2		1	1																																	
CAND_SOUND_000682	Sound	rhyme	1		plus	candidate_pending_human_review			cmusphinx/cmudict	cmudict:rime:EY-L-Z	jails	rails										2.883494430928563	3.016705693502853	2.950100062215708	4	4		1	1																																	
CAND_SOUND_000683	Sound	rhyme	1		plus	candidate_pending_human_review			cmusphinx/cmudict	cmudict:rime:UW-M	tomb	zoom										3.750311720636056	3.5501083987712483	3.650210059703652	3	3		1	1																																	
CAND_SOUND_000684	Sound	rhyme	1		plus	candidate_pending_human_review			cmusphinx/cmudict	cmudict:rime:EH-R	share	stare										4.842046063421149	3.998293536185983	4.420169799803566	3	4		1	1																																	
CAND_SOUND_000685	Sound	rhyme	1		plus	candidate_pending_human_review			cmusphinx/cmudict	cmudict:rime:IY-M-D	steamed	teamed										3.2924298239020637	2.8109437637799513	3.0516867938410073	5	4		1	1																																	
CAND_SOUND_000686	Sound	rhyme	1		plus	candidate_pending_human_review			cmusphinx/cmudict	cmudict:rime:AE-K-T	act	tact										5.037894992572791	3.040617850908264	4.039256421740527	3	4		1	1																																	
CAND_SOUND_000687	Sound	rhyme	1		plus	candidate_pending_human_review			cmusphinx/cmudict	cmudict:rime:EY-L	sale	tale										4.404699592319334	4.079181246047625	4.2419404191834795	3	3		1	1																																	
CAND_SOUND_000688	Sound	rhyme	1		plus	candidate_pending_human_review			cmusphinx/cmudict	cmudict:rime:IH-P	blip	scrip										2.905213680621799	2.848732324669351	2.876973002645575	4	5		1	1																																	
CAND_SOUND_000689	Sound	rhyme	1		plus	candidate_pending_human_review			cmusphinx/cmudict	cmudict:rime:UW-L-Z	mules	tools										3.3716110699496884	4.046012882794971	3.7088119763723295	5	4		1	1																																	
CAND_SOUND_000690	Sound	rhyme	1		plus	candidate_pending_human_review			cmusphinx/cmudict	cmudict:rime:OW-N	hone	zone										2.8606315479690587	4.303577184677861	3.5821043663234597	3	3		1	1																																	
CAND_SOUND_000691	Sound	rhyme	1		plus	candidate_pending_human_review			cmusphinx/cmudict	cmudict:rime:AH-M	dumb	numb										4.671735341652646	3.6886291709978	4.180182256325223	3	3		1	1																																	
CAND_SOUND_000692	Sound	rhyme	1		plus	candidate_pending_human_review			cmusphinx/cmudict	cmudict:rime:AE-NG-K	plank	swank										3.309463163200844	2.6726410656136697	2.991052114407257	5	5		1	1																																	
CAND_SOUND_000693	Sound	rhyme	1		plus	candidate_pending_human_review			cmusphinx/cmudict	cmudict:rime:IY-T-S	eats	meets										4.101989538537332	3.96912343352693	4.035556486032131	3	4		1	1																																	
CAND_SOUND_000694	Sound	rhyme	1		plus	candidate_pending_human_review			cmusphinx/cmudict	cmudict:rime:IY-S	lease	piece										3.7975798022219696	5.095135150976416	4.446357476599193	3	3		1	1																																	
CAND_SOUND_000695	Sound	rhyme	1		plus	candidate_pending_human_review			cmusphinx/cmudict	cmudict:rime:AE-K-S	axe	snacks										3.6886291709978	3.530475927030859	3.60955254901433	3	5		1	1																																	
CAND_SOUND_000696	Sound	rhyme	1		plus	candidate_pending_human_review			cmusphinx/cmudict	cmudict:rime:AH-G-D	drugged	hugged										3.5642714304385628	3.231949076520682	3.398110253479622	5	4		1	1																																	
CAND_SOUND_000697	Sound	rhyme	1		plus	candidate_pending_human_review			cmusphinx/cmudict	cmudict:rime:AO-R	oar	por										2.915679114299964	3.542849826210958	3.229264470255461	2	3		1	1																																	
CAND_SOUND_000698	Sound	rhyme	1		plus	candidate_pending_human_review			cmusphinx/cmudict	cmudict:rime:AO-R	pour	snore										4.17948420195302	3.2062436762857804	3.6928639391194	3	4		1	1																																	
CAND_SOUND_000699	Sound	rhyme	1		plus	candidate_pending_human_review			cmusphinx/cmudict	cmudict:rime:EH-K-S	decks	techs										3.4063731762089002	2.723793588061051	3.0650833821349757	4	4		1	1																																	
CAND_SOUND_000700	Sound	rhyme	1		plus	candidate_pending_human_review			cmusphinx/cmudict	cmudict:rime:IY-S-T	beast	leased										4.390034152776474	3.055857817465001	3.7229459851207376	4	4		1	1																																	
CAND_SOUND_000701	Sound	rhyme	1		plus	candidate_pending_human_review			cmusphinx/cmudict	cmudict:rime:AO-R-T	quart	sort										3.3177356891668337	5.172328148232074	4.245031918699453	5	4		1	1																																	
CAND_SOUND_000702	Sound	rhyme	1		plus	candidate_pending_human_review			cmusphinx/cmudict	cmudict:rime:AE-SH	bash	stash										3.515146295049647	3.7023629472333583	3.608754621141503	3	4		1	1																																	
CAND_SOUND_000703	Sound	rhyme	1		plus	candidate_pending_human_review			cmusphinx/cmudict	cmudict:rime:AE-T	sat	stat										4.456485115795515	3.4477658613671256	3.9521254885813204	3	4		1	1																																	
CAND_SOUND_000704	Sound	rhyme	1		plus	candidate_pending_human_review			cmusphinx/cmudict	cmudict:rime:AE-K-S	fax	wax										3.845098040014257	3.9561307492917117	3.900614394652984	4	4		1	1																																	
CAND_SOUND_000705	Sound	rhyme	1		plus	candidate_pending_human_review			cmusphinx/cmudict	cmudict:rime:AY-Z	pies	ties										3.5379424917162137	3.993133541047083	3.7655380163816483	3	3		1	1																																	
CAND_SOUND_000706	Sound	rhyme	1		plus	candidate_pending_human_review			cmusphinx/cmudict	cmudict:rime:AA-K	cock	wok										4.055857817465001	2.872213420518874	3.4640356189919377	3	3		1	1																																	
CAND_SOUND_000707	Sound	rhyme	1		plus	candidate_pending_human_review			cmusphinx/cmudict	cmudict:rime:IH-L-Z	drills	spills										3.1436881726211388	2.905213680621799	3.024450926621469	5	5		1	1																																	
CAND_SOUND_000708	Sound	rhyme	1		plus	candidate_pending_human_review			cmusphinx/cmudict	cmudict:rime:UW	deux	through										2.894489815230026	5.73999094157349	4.317240378401758	2	3		1	1																																	
CAND_SOUND_000709	Sound	rhyme	1		plus	candidate_pending_human_review			cmusphinx/cmudict	cmudict:rime:EY-N-D	rained	strained										3.4323089103033	3.1375278639163207	3.28491838710981	4	6		1	1																																	
CAND_SOUND_000710	Sound	rhyme	1		plus	candidate_pending_human_review			cmusphinx/cmudict	cmudict:rime:EY-T	freight	weight										3.5846858952585396	4.559601552305077	4.072143723781808	4	3		1	1																																	
CAND_SOUND_000711	Sound	rhyme	1		plus	candidate_pending_human_review			cmusphinx/cmudict	cmudict:rime:IH-NG	king	zing										5.111447022591123	3.070581074285707	4.091014048438415	3	3		1	1																																	
CAND_SOUND_000712	Sound	rhyme	1		plus	candidate_pending_human_review			cmusphinx/cmudict	cmudict:rime:EY-T	fate	wait										4.430732522068345	5.919211448423671	5.1749719852460085	3	3		1	1																																	
CAND_SOUND_000713	Sound	rhyme	1		plus	candidate_pending_human_review			cmusphinx/cmudict	cmudict:rime:AE-F	graph	staph										2.872213420518874	2.6903698325741012	2.7812916265464875	4	4		1	1																																	
CAND_SOUND_000714	Sound	rhyme	1		plus	candidate_pending_human_review			cmusphinx/cmudict	cmudict:rime:IH-N	bin	chin										3.7301803867224517	4.103334104570764	3.9167572456466075	3	3		1	1																																	
CAND_SOUND_000715	Sound	rhyme	1		plus	candidate_pending_human_review			cmusphinx/cmudict	cmudict:rime:OW-Z	chose	toes										4.271066772286538	4.0972505026232255	4.184158637454882	3	3		1	1																																	
CAND_SOUND_000716	Sound	rhyme	1		plus	candidate_pending_human_review			cmusphinx/cmudict	cmudict:rime:UW-S	moose	spruce										3.7426789322214247	3.040617850908264	3.3916483915648445	3	5		1	1																																	
CAND_SOUND_000717	Sound	rhyme	1		plus	candidate_pending_human_review			cmusphinx/cmudict	cmudict:rime:AY	dry	tie										4.6316824579347635	4.647689729429442	4.639686093682103	3	2		1	1																																	
CAND_SOUND_000718	Sound	rhyme	1		plus	candidate_pending_human_review			cmusphinx/cmudict	cmudict:rime:IH-S-K	brisk	risk										3.016705693502853	4.690543515632566	3.8536246045677096	5	4		1	1																																	
CAND_SOUND_000719	Sound	rhyme	1		plus	candidate_pending_human_review			cmusphinx/cmudict	cmudict:rime:EH-R	care	fare										5.6859699312500265	3.7893594719752786	4.737664701612653	3	3		1	1																																	
CAND_SOUND_000720	Sound	rhyme	1		plus	candidate_pending_human_review			cmusphinx/cmudict	cmudict:rime:IH-T	hit	knit										5.439332693830263	3.2792015581683085	4.359267125999286	3	3		1	1																																	
CAND_SOUND_000721	Sound	rhyme	1		plus	candidate_pending_human_review			cmusphinx/cmudict	cmudict:rime:IY-M	scheme	team										3.8606315479690587	5.169109434321264	4.514870491145161	4	3		1	1																																	
CAND_SOUND_000722	Sound	rhyme	1		plus	candidate_pending_human_review			cmusphinx/cmudict	cmudict:rime:OW-P	cope	soap										3.5125379119421187	4.181731526408374	3.847134719175246	3	3		1	1																																	
CAND_SOUND_000723	Sound	rhyme	1		plus	candidate_pending_human_review			cmusphinx/cmudict	cmudict:rime:AE-K	shack	track										3.7518223116612948	4.746206683592506	4.2490144976269	3	4		1	1																																	
CAND_SOUND_000724	Sound	rhyme	1		plus	candidate_pending_human_review			cmusphinx/cmudict	cmudict:rime:AY	dye	fry										3.5868960500636566	3.9238735929152355	3.755384821489446	2	3		1	1																																	
CAND_SOUND_000725	Sound	rhyme	1		plus	candidate_pending_human_review			cmusphinx/cmudict	cmudict:rime:IH-NG	sling	zing										3.3606156856482254	3.070581074285707	3.2155983799669663	4	3		1	1																																	
CAND_SOUND_000726	Sound	rhyme	1		plus	candidate_pending_human_review			cmusphinx/cmudict	cmudict:rime:IH-L	drill	swill										4.138147841868722	2.982625903930577	3.5603868728996497	4	4		1	1																																	
CAND_SOUND_000727	Sound	rhyme	1		plus	candidate_pending_human_review			cmusphinx/cmudict	cmudict:rime:AA-T	blot	plot										2.973671061277651	4.064017304783319	3.518844183030485	4	4		1	1																																	
CAND_SOUND_000728	Sound	rhyme	1		plus	candidate_pending_human_review			cmusphinx/cmudict	cmudict:rime:AY-T	flight	write										4.775874472000599	5.1031326848491805	4.9395035784248895	4	3		1	1																																	
CAND_SOUND_000729	Sound	rhyme	1		plus	candidate_pending_human_review			cmusphinx/cmudict	cmudict:rime:AH-NG	clung	sung										2.6726410656136697	3.542849826210958	3.1077454459123137	4	3		1	1																																	
CAND_SOUND_000730	Sound	rhyme	1		plus	candidate_pending_human_review			cmusphinx/cmudict	cmudict:rime:OW-D	mowed	snowed										2.848732324669351	3.0848215134003176	2.9667769190348343	3	4		1	1																																	
CAND_SOUND_000731	Sound	rhyme	1		plus	candidate_pending_human_review			cmusphinx/cmudict	cmudict:rime:AY	fly	sly										4.929418925714293	3.425968732272281	4.177693828993287	3	3		1	1																																	
CAND_SOUND_000732	Sound	rhyme	1		plus	candidate_pending_human_review			cmusphinx/cmudict	cmudict:rime:OW-N	moan	shone										3.274701056941632	2.769551078621726	3.022126067781679	3	3		1	1																																	
CAND_SOUND_000733	Sound	rhyme	1		plus	candidate_pending_human_review			cmusphinx/cmudict	cmudict:rime:AY	fly	thy										4.929418925714293	4.386900952543709	4.658159939129001	3	2		1	1																																	
CAND_SOUND_000734	Sound	rhyme	1		plus	candidate_pending_human_review			cmusphinx/cmudict	cmudict:rime:EY-T	eight	mate										4.992267549769309	4.465907467355058	4.729087508562184	2	3		1	1																																	
CAND_SOUND_000735	Sound	rhyme	1		plus	candidate_pending_human_review			cmusphinx/cmudict	cmudict:rime:UW-M	boom	broom										4.338534611148102	3.678036097500376	4.008285354324239	3	4		1	1																																	
CAND_SOUND_000736	Sound	rhyme	1		plus	candidate_pending_human_review			cmusphinx/cmudict	cmudict:rime:AA-K	mock	smock										3.7301803867224517	2.6903698325741012	3.2102751096482764	3	4		1	1																																	
CAND_SOUND_000737	Sound	rhyme	1		plus	candidate_pending_human_review			cmusphinx/cmudict	cmudict:rime:UW-D	brood	lewd										3.0327925133963074	3.105343180544919	3.069067846970613	4	3		1	1																																	
CAND_SOUND_000738	Sound	rhyme	1		plus	candidate_pending_human_review			cmusphinx/cmudict	cmudict:rime:AY-T	light	write										5.21799973344544	5.1031326848491805	5.16056620914731	3	3		1	1																																	
CAND_SOUND_000739	Sound	rhyme	1		plus	candidate_pending_human_review			cmusphinx/cmudict	cmudict:rime:UW-P	dupe	troop										2.8109437637799513	3.763721534961002	3.2873326493704766	3	4		1	1																																	
CAND_SOUND_000740	Sound	rhyme	1		plus	candidate_pending_human_review			cmusphinx/cmudict	cmudict:rime:OW	pro	toe										4.150967021471702	4.103334104570764	4.1271505630212335	3	2		1	1																																	
CAND_SOUND_000741	Sound	rhyme	1		plus	candidate_pending_human_review			cmusphinx/cmudict	cmudict:rime:IH-NG-K	brink	pink										3.3962335448580205	4.454396440266138	3.9253149925620794	5	4		1	1																																	
CAND_SOUND_000742	Sound	rhyme	1		plus	candidate_pending_human_review			cmusphinx/cmudict	cmudict:rime:EY-Z	raise	stays										4.741908223089428	4.282324387620837	4.512116305355132	3	4		1	1																																	
CAND_SOUND_000743	Sound	rhyme	1		plus	candidate_pending_human_review			cmusphinx/cmudict	cmudict:rime:OW-L-D	holed	scold										3.2836558995945584	3.11850462660289	3.2010802630987243	4	5		1	1																																	
CAND_SOUND_000744	Sound	rhyme	1		plus	candidate_pending_human_review			cmusphinx/cmudict	cmudict:rime:AY	my	pry										6.830121759078061	3.614649118635983	5.222385438857022	2	3		1	1																																	
CAND_SOUND_000745	Sound	rhyme	1		plus	candidate_pending_human_review			cmusphinx/cmudict	cmudict:rime:EY-T	date	freight										5.150846701625552	3.5846858952585396	4.367766298442046	3	4		1	1																																	
CAND_SOUND_000746	Sound	rhyme	1		plus	candidate_pending_human_review			cmusphinx/cmudict	cmudict:rime:EY	may	sway										5.708737410961946	3.4030195342013125	4.55587847258163	2	3		1	1																																	
CAND_SOUND_000747	Sound	rhyme	1		plus	candidate_pending_human_review			cmusphinx/cmudict	cmudict:rime:OW-K	broke	oak										5.021189299069938	3.748795857031107	4.384992578050523	4	2		1	1																																	
CAND_SOUND_000748	Sound	rhyme	1		plus	candidate_pending_human_review			cmusphinx/cmudict	cmudict:rime:AO-N	gone	pawn										5.472412249194655	3.6368220975871743	4.554617173390914	3	3		1	1																																	
CAND_SOUND_000749	Sound	rhyme	1		plus	candidate_pending_human_review			cmusphinx/cmudict	cmudict:rime:AE-G-Z	fags	rags										3.184524426592544	3.4992556999339133	3.3418900632632287	4	4		1	1																																	
CAND_SOUND_000750	Sound	rhyme	1		plus	candidate_pending_human_review			cmusphinx/cmudict	cmudict:rime:AE-G	rag	snag										3.679819650240793	3.2792015581683085	3.4795106042045507	3	4		1	1																																	
CAND_SOUND_000751	Sound	rhyme	1		plus	candidate_pending_human_review			cmusphinx/cmudict	cmudict:rime:IY-T	greet	sleet										3.7205646179308527	2.8109437637799513	3.265754190855402	4	4		1	1																																	
CAND_SOUND_000752	Sound	rhyme	1		plus	candidate_pending_human_review			cmusphinx/cmudict	cmudict:rime:IY-L	deal	heel										5.4172599733159235	3.8687711741078568	4.6430155737118906	3	3		1	1																																	
CAND_SOUND_000753	Sound	rhyme	1		plus	candidate_pending_human_review			cmusphinx/cmudict	cmudict:rime:UH-K	gook	took										3.0777596589128304	5.534324795532767	4.3060422272227985	3	3		1	1																																	
CAND_SOUND_000754	Sound	rhyme	1		plus	candidate_pending_human_review			cmusphinx/cmudict	cmudict:rime:EH-S-T	best	test										5.606781665677726	4.924684600586778	5.265733133132252	4	4		1	1																																	
CAND_SOUND_000755	Sound	rhyme	1		plus	candidate_pending_human_review			cmusphinx/cmudict	cmudict:rime:IH-NG-K	clink	think										3.1119737594439325	6.42997698247318	4.770975370958556	5	4		1	1																																	
CAND_SOUND_000756	Sound	rhyme	1		plus	candidate_pending_human_review			cmusphinx/cmudict	cmudict:rime:OW-L	roll	whole										4.801228789305968	5.58601333739818	5.193621063352074	3	3		1	1																																	
CAND_SOUND_000757	Sound	rhyme	1		plus	candidate_pending_human_review			cmusphinx/cmudict	cmudict:rime:IH-N-T-S	hints	prints										3.2115079162781375	4.230949549078556	3.7212287326783464	5	6		1	1																																	
CAND_SOUND_000758	Sound	rhyme	1		plus	candidate_pending_human_review			cmusphinx/cmudict	cmudict:rime:EY-K-S	flakes	sakes										3.2701534291909113	4.075618514977322	3.6728859720841163	5	4		1	1																																	
CAND_SOUND_000759	Sound	rhyme	1		plus	candidate_pending_human_review			cmusphinx/cmudict	cmudict:rime:AE-K-S	jacks	wax										3.530475927030859	3.9561307492917117	3.7433033381612857	4	4		1	1																																	
CAND_SOUND_000760	Sound	rhyme	1		plus	candidate_pending_human_review			cmusphinx/cmudict	cmudict:rime:IY	fee	tee										3.9861567728257103	3.3338225090602887	3.6599896409429995	2	2		1	1																																	
CAND_SOUND_000761	Sound	rhyme	1		plus	candidate_pending_human_review			cmusphinx/cmudict	cmudict:rime:UW-Z	cruise	whose										4.089004157112493	4.7958118873757964	4.442408022244145	4	3		1	1																																	
CAND_SOUND_000762	Sound	rhyme	1		plus	candidate_pending_human_review			cmusphinx/cmudict	cmudict:rime:IH-K-S	flicks	six										2.9258982794816504	5.300006922206402	4.112952600844026	5	4		1	1																																	
CAND_SOUND_000763	Sound	rhyme	1		plus	candidate_pending_human_review			cmusphinx/cmudict	cmudict:rime:UH-K-T	booked	hooked										4.017524344983533	4.1178559416698866	4.067690143326709	4	4		1	1																																	
CAND_SOUND_000764	Sound	rhyme	1		plus	candidate_pending_human_review			cmusphinx/cmudict	cmudict:rime:AE-G	slag	wag										2.883494430928563	2.7074031718728815	2.795448801400722	4	3		1	1																																	
CAND_SOUND_000765	Sound	rhyme	1		plus	candidate_pending_human_review			cmusphinx/cmudict	cmudict:rime:AE-K	snack	tack										3.960815740592064	3.325853579389013	3.6433346599905385	4	3		1	1																																	
CAND_SOUND_000766	Sound	rhyme	1		plus	candidate_pending_human_review			cmusphinx/cmudict	cmudict:rime:AH-M	chum	plumb										3.4855544222565253	3.226928275145631	3.3562413487010785	3	4		1	1																																	
CAND_SOUND_000767	Sound	rhyme	1		plus	candidate_pending_human_review			cmusphinx/cmudict	cmudict:rime:AO-R	bore	chore										3.889026919528524	3.0	3.444513459764262	3	3		1	1																																	
CAND_SOUND_000768	Sound	rhyme	1		plus	candidate_pending_human_review			cmusphinx/cmudict	cmudict:rime:IH-SH	fish	ish										4.921635481004367	2.7837915177363364	3.852713499370352	3	2		1	1																																	
CAND_SOUND_000769	Sound	rhyme	1		plus	candidate_pending_human_review			cmusphinx/cmudict	cmudict:rime:AA	blah	raw										4.128753939608815	4.007597181750521	4.068175560679668	3	2		1	1																																	
CAND_SOUND_000770	Sound	rhyme	1		plus	candidate_pending_human_review			cmusphinx/cmudict	cmudict:rime:OW-L-D	hold	sold										5.6402085409674285	4.716494349319552	5.17835144514349	4	4		1	1																																	
CAND_SOUND_000771	Sound	rhyme	1		plus	candidate_pending_human_review			cmusphinx/cmudict	cmudict:rime:EH-R	flair	snare										3.3568878131289823	2.883494430928563	3.1201911220287726	4	4		1	1																																	
CAND_SOUND_000772	Sound	rhyme	1		plus	candidate_pending_human_review			cmusphinx/cmudict	cmudict:rime:UW	dew	true										3.329856321842687	5.403725950384326	4.366791136113506	2	3		1	1																																	
CAND_SOUND_000773	Sound	rhyme	1		plus	candidate_pending_human_review			cmusphinx/cmudict	cmudict:rime:AY-Z	eyes	pies										5.34546983254481	3.5379424917162137	4.441706162130512	2	3		1	1																																	
CAND_SOUND_000774	Sound	rhyme	1		plus	candidate_pending_human_review			cmusphinx/cmudict	cmudict:rime:IY-Z	fees	keys										3.4507923159973135	4.707570176097937	4.079181246047625	3	3		1	1																																	
CAND_SOUND_000775	Sound	rhyme	1		plus	candidate_pending_human_review			cmusphinx/cmudict	cmudict:rime:AE-M-P-S	cramps	stamps										3.226928275145631	3.718941085266639	3.4729346802061354	6	6		1	1																																	
CAND_SOUND_000776	Sound	onset	1		plus	candidate_pending_human_review			cmusphinx/cmudict	cmudict:first:R	rails	rights										3.016705693502853	4.471406771195233	3.7440562323490427	4	4		1	1																																	
CAND_SOUND_000777	Sound	onset	1		plus	candidate_pending_human_review			cmusphinx/cmudict	cmudict:first:R	reads	rob										3.9407898348829953	4.367246264547238	4.154018049715116	4	3		1	1																																	
CAND_SOUND_000778	Sound	onset	1		plus	candidate_pending_human_review			cmusphinx/cmudict	cmudict:first:V	vexed	vines										2.6726410656136697	3.195519810894007	2.9340804382538384	5	4		1	1																																	
CAND_SOUND_000779	Sound	onset	1		plus	candidate_pending_human_review			cmusphinx/cmudict	cmudict:first:P	parks	peek										3.5711834248548926	3.7269987279362624	3.6490910763955773	5	3		1	1																																	
CAND_SOUND_000780	Sound	onset	1		plus	candidate_pending_human_review			cmusphinx/cmudict	cmudict:first:S	sport	staph										4.2988958661512955	2.6903698325741012	3.4946328493626986	5	4		1	1																																	
CAND_SOUND_000781	Sound	onset	1		plus	candidate_pending_human_review			cmusphinx/cmudict	cmudict:first:S	skin	string										4.643839575827503	4.1026623418971475	4.373250958862325	4	5		1	1																																	
CAND_SOUND_000782	Sound	onset	1		plus	candidate_pending_human_review			cmusphinx/cmudict	cmudict:first:F	flick	forced										3.7023629472333583	4.422441773573968	4.062402360403663	4	5		1	1																																	
CAND_SOUND_000783	Sound	onset	1		plus	candidate_pending_human_review			cmusphinx/cmudict	cmudict:first:W	warm	works										4.717148161233631	5.021351470274923	4.8692498157542765	4	4		1	1																																	
CAND_SOUND_000784	Sound	onset	1		plus	candidate_pending_human_review			cmusphinx/cmudict	cmudict:first:D	dim	dwarf										3.678036097500376	3.4883294763112973	3.5831827869058364	3	5		1	1																																	
CAND_SOUND_000785	Sound	onset	1		plus	candidate_pending_human_review			cmusphinx/cmudict	cmudict:first:F	fold	framed										3.935882500388251	3.7457481639491013	3.840815332168676	4	5		1	1																																	
CAND_SOUND_000786	Sound	onset	1		plus	candidate_pending_human_review			cmusphinx/cmudict	cmudict:first:K	clerk	clout										4.110655717516019	2.973671061277651	3.542163389396835	4	4		1	1																																	
CAND_SOUND_000787	Sound	onset	1		plus	candidate_pending_human_review			cmusphinx/cmudict	cmudict:first:T	tags	tanks										3.5501083987712483	3.996580340741863	3.773344369756556	4	5		1	1																																	
CAND_SOUND_000788	Sound	onset	1		plus	candidate_pending_human_review			cmusphinx/cmudict	cmudict:first:S	spine	stiffs										3.7592974442561733	2.973671061277651	3.366484252766912	4	5		1	1																																	
CAND_SOUND_000789	Sound	onset	1		plus	candidate_pending_human_review			cmusphinx/cmudict	cmudict:first:Y	yanked	yields										3.070581074285707	2.75482782180102	2.9127044480433635	5	5		1	1																																	
CAND_SOUND_000790	Sound	onset	1		plus	candidate_pending_human_review			cmusphinx/cmudict	cmudict:first:G	gloss	guard										3.16166154363304	4.764893720509053	3.9632776320710468	4	4		1	1																																	
CAND_SOUND_000791	Sound	onset	1		plus	candidate_pending_human_review			cmusphinx/cmudict	cmudict:first:B	blinked	bronc										3.105343180544919	2.7975798022219696	2.9514614913834443	6	5		1	1																																	
CAND_SOUND_000792	Sound	onset	1		plus	candidate_pending_human_review			cmusphinx/cmudict	cmudict:first:B	bail	bound										4.239373094599889	4.2655576775017625	4.252465386050826	3	4		1	1																																	
CAND_SOUND_000793	Sound	onset	1		plus	candidate_pending_human_review			cmusphinx/cmudict	cmudict:first:F	fate	flux										4.430732522068345	3.016705693502853	3.723719107785599	3	5		1	1																																	
CAND_SOUND_000794	Sound	onset	1		plus	candidate_pending_human_review			cmusphinx/cmudict	cmudict:first:JH	gist	jerks										3.040617850908264	3.6407346869502244	3.3406762689292444	4	4		1	1																																	
CAND_SOUND_000795	Sound	onset	1		plus	candidate_pending_human_review			cmusphinx/cmudict	cmudict:first:K	clapped	club										2.7074031718728815	4.994687987064157	3.8510455794685194	5	4		1	1																																	
CAND_SOUND_000796	Sound	onset	1		plus	candidate_pending_human_review			cmusphinx/cmudict	cmudict:first:N	ninth	nip										3.816176290713628	3.50991376811597	3.663045029414799	4	3		1	1																																	
CAND_SOUND_000797	Sound	onset	1		plus	candidate_pending_human_review			cmusphinx/cmudict	cmudict:first:R	rims	roles										2.883494430928563	3.462691539297021	3.173092985112792	4	4		1	1																																	
CAND_SOUND_000798	Sound	onset	1		plus	candidate_pending_human_review			cmusphinx/cmudict	cmudict:first:D	dark	douche										4.947472165233266	3.3716110699496884	4.1595416175914774	4	3		1	1																																	
CAND_SOUND_000799	Sound	onset	1		plus	candidate_pending_human_review			cmusphinx/cmudict	cmudict:first:SH	shanks	shrill										2.769551078621726	2.6726410656136697	2.7210960721176978	5	4		1	1																																	
CAND_SOUND_000800	Sound	onset	1		plus	candidate_pending_human_review			cmusphinx/cmudict	cmudict:first:HH	hilt	horse										2.7395878552442827	4.96793320863002	3.8537605319371515	4	4		1	1																																	
CAND_SOUND_000801	Sound	onset	1		plus	candidate_pending_human_review			cmusphinx/cmudict	cmudict:first:B	bowls	bugs										3.337752802688721	4.134414628492177	3.736083715590449	4	4		1	1																																	
CAND_SOUND_000802	Sound	onset	1		plus	candidate_pending_human_review			cmusphinx/cmudict	cmudict:first:N	notes	nurse										4.3910735497191205	4.653023237467313	4.5220483935932165	4	3		1	1																																	
CAND_SOUND_000803	Sound	onset	1		plus	candidate_pending_human_review			cmusphinx/cmudict	cmudict:first:M	milk	mules										4.628689375916257	3.3716110699496884	4.000150222932973	4	5		1	1																																	
CAND_SOUND_000804	Sound	onset	1		plus	candidate_pending_human_review			cmusphinx/cmudict	cmudict:first:P	paved	poise										2.9456423376774072	3.040617850908264	2.9931300942928356	4	3		1	1																																	
CAND_SOUND_000805	Sound	onset	1		plus	candidate_pending_human_review			cmusphinx/cmudict	cmudict:first:S	snatched	snow										3.4771212547196626	4.496278287648298	3.9866997711839804	5	3		1	1																																	
CAND_SOUND_000806	Sound	onset	1		plus	candidate_pending_human_review			cmusphinx/cmudict	cmudict:first:F	flair	fudge										3.3568878131289823	3.5596015523050775	3.45824468271703	4	3		1	1																																	
CAND_SOUND_000807	Sound	onset	1		plus	candidate_pending_human_review			cmusphinx/cmudict	cmudict:first:F	fend	fizz										2.9645276818377813	2.7837915177363364	2.874159599787059	4	3		1	1																																	
CAND_SOUND_000808	Sound	onset	1		plus	candidate_pending_human_review			cmusphinx/cmudict	cmudict:first:G	girl	grad										5.745946915233606	3.462691539297021	4.6043192272653135	3	4		1	1																																	
CAND_SOUND_000809	Sound	onset	1		plus	candidate_pending_human_review			cmusphinx/cmudict	cmudict:first:K	clamp	clout										3.8364978682523394	2.973671061277651	3.405084464764995	5	4		1	1																																	
CAND_SOUND_000810	Sound	onset	1		plus	candidate_pending_human_review			cmusphinx/cmudict	cmudict:first:AE	aft	amp										3.5477023290053697	3.260912772455999	3.4043075507306844	3	3		1	1																																	
CAND_SOUND_000811	Sound	onset	1		plus	candidate_pending_human_review			cmusphinx/cmudict	cmudict:first:K	cramps	keen										3.226928275145631	3.6503646709025173	3.4386464730240744	6	3		1	1																																	
CAND_SOUND_000812	Sound	onset	1		plus	candidate_pending_human_review			cmusphinx/cmudict	cmudict:first:P	perch	probes										2.9913998282380825	2.8364978682523394	2.913948848245211	3	5		1	1																																	
CAND_SOUND_000813	Sound	onset	1		plus	candidate_pending_human_review			cmusphinx/cmudict	cmudict:first:T	tipped	tree										3.679819650240793	4.812913356642856	4.246366503441824	4	3		1	1																																	
CAND_SOUND_000814	Sound	onset	1		plus	candidate_pending_human_review			cmusphinx/cmudict	cmudict:first:HH	hose	howls										3.9062716457781326	3.098609797885951	3.5024407218320417	3	4		1	1																																	
CAND_SOUND_000815	Sound	onset	1		plus	candidate_pending_human_review			cmusphinx/cmudict	cmudict:first:F	flunked	fore										3.2466723333413885	3.42276359239707	3.334717962869229	6	3		1	1																																	
CAND_SOUND_000816	Sound	onset	1		plus	candidate_pending_human_review			cmusphinx/cmudict	cmudict:first:B	bids	buys										3.2009148427807133	3.848732324669351	3.5248235837250323	4	3		1	1																																	
CAND_SOUND_000817	Sound	onset	1		plus	candidate_pending_human_review			cmusphinx/cmudict	cmudict:first:P	plane	pumps										4.980137103526882	3.5868960500636566	4.28351657679527	4	5		1	1																																	
CAND_SOUND_000818	Sound	onset	1		plus	candidate_pending_human_review			cmusphinx/cmudict	cmudict:first:CH	checked	chips										4.669371581048822	4.210460160686944	4.439915870867884	4	4		1	1																																	
CAND_SOUND_000819	Sound	onset	1		plus	candidate_pending_human_review			cmusphinx/cmudict	cmudict:first:S	sang	source										3.914643846868359	4.44988659203629	4.182265219452324	3	4		1	1																																	
CAND_SOUND_000820	Sound	onset	1		plus	candidate_pending_human_review			cmusphinx/cmudict	cmudict:first:HH	housed	hut										2.915679114299964	4.121089720437384	3.518384417368674	4	3		1	1																																	
CAND_SOUND_000821	Sound	onset	1		plus	candidate_pending_human_review			cmusphinx/cmudict	cmudict:first:K	card	clicks										4.931617383837818	3.5757310526056134	4.2536742182217155	4	5		1	1																																	
CAND_SOUND_000822	Sound	onset	1		plus	candidate_pending_human_review			cmusphinx/cmudict	cmudict:first:JH	jacked	jams										3.3455082673854832	3.098609797885951	3.222059032635717	4	4		1	1																																	
CAND_SOUND_000823	Sound	onset	1		plus	candidate_pending_human_review			cmusphinx/cmudict	cmudict:first:S	scarves	sealed										2.7837915177363364	3.9887862126353957	3.386288865185866	6	4		1	1																																	
CAND_SOUND_000824	Sound	onset	1		plus	candidate_pending_human_review			cmusphinx/cmudict	cmudict:first:TH	threat	thump										4.317325784009549	3.2880650184996134	3.8026954012545815	4	4		1	1																																	
CAND_SOUND_000825	Sound	onset	1		plus	candidate_pending_human_review			cmusphinx/cmudict	cmudict:first:D	dares	deuce										3.3823349353414613	3.456782679686501	3.4195588075139813	4	3		1	1																																	
CAND_SOUND_000826	Sound	onset	1		plus	candidate_pending_human_review			cmusphinx/cmudict	cmudict:first:M	mil	moves										3.456782679686501	4.44471816828512	3.9507504239858102	3	4		1	1																																	
CAND_SOUND_000827	Sound	onset	1		plus	candidate_pending_human_review			cmusphinx/cmudict	cmudict:first:S	scorched	stride										2.872213420518874	3.3218136015872735	3.0970135110530737	6	5		1	1																																	
CAND_SOUND_000828	Sound	onset	1		plus	candidate_pending_human_review			cmusphinx/cmudict	cmudict:first:F	fair	flick										4.976556749515139	3.7023629472333583	4.339459848374249	3	4		1	1																																	
CAND_SOUND_000829	Sound	onset	1		plus	candidate_pending_human_review			cmusphinx/cmudict	cmudict:first:P	prank	prunes										3.6020599913279625	2.8364978682523394	3.2192789297901507	5	5		1	1																																	
CAND_SOUND_000830	Sound	onset	1		plus	candidate_pending_human_review			cmusphinx/cmudict	cmudict:first:P	plays	porch										4.474559037955062	3.983511316025032	4.229035176990047	4	4		1	1																																	
CAND_SOUND_000831	Sound	onset	1		plus	candidate_pending_human_review			cmusphinx/cmudict	cmudict:first:L	lan	lands										3.912565878875821	3.843879821874939	3.87822285037538	3	5		1	1																																	
CAND_SOUND_000832	Sound	onset	1		plus	candidate_pending_human_review			cmusphinx/cmudict	cmudict:first:M	med	mic										3.8289882664735937	3.2009148427807133	3.5149515546271535	3	3		1	1																																	
CAND_SOUND_000833	Sound	onset	1		plus	candidate_pending_human_review			cmusphinx/cmudict	cmudict:first:S	sealed	singed										3.9887862126353957	2.848732324669351	3.4187592686523733	4	5		1	1																																	
CAND_SOUND_000834	Sound	onset	1		plus	candidate_pending_human_review			cmusphinx/cmudict	cmudict:first:T	tea	tune										4.768101012226493	4.193342891639732	4.480721951933113	2	3		1	1																																	
CAND_SOUND_000835	Sound	onset	1		plus	candidate_pending_human_review			cmusphinx/cmudict	cmudict:first:P	pinched	pump										3.4323089103033	4.101989538537332	3.767149224420316	5	4		1	1																																	
CAND_SOUND_000836	Sound	onset	1		plus	candidate_pending_human_review			cmusphinx/cmudict	cmudict:first:S	starch	swig										3.131278914639319	2.973671061277651	3.052474987958485	5	4		1	1																																	
CAND_SOUND_000837	Sound	onset	1		plus	candidate_pending_human_review			cmusphinx/cmudict	cmudict:first:R	rinds	wrought										2.6903698325741012	2.935882500388251	2.813126166481176	5	3		1	1																																	
CAND_SOUND_000838	Sound	onset	1		plus	candidate_pending_human_review			cmusphinx/cmudict	cmudict:first:S	sleight	smooth										2.6903698325741012	4.261845736256045	3.476107784415073	4	4		1	1																																	
CAND_SOUND_000839	Sound	onset	1		plus	candidate_pending_human_review			cmusphinx/cmudict	cmudict:first:S	stayed	switched										4.514625870203783	3.8846065812979305	4.199616225750857	4	5		1	1																																	
CAND_SOUND_000840	Sound	onset	1		plus	candidate_pending_human_review			cmusphinx/cmudict	cmudict:first:F	fiend	freak										3.4477658613671256	4.565199410453824	4.006482635910475	4	4		1	1																																	
CAND_SOUND_000841	Sound	onset	1		plus	candidate_pending_human_review			cmusphinx/cmudict	cmudict:first:F	flood	foes										3.756322812887971	2.7837915177363364	3.2700571653121537	4	3		1	1																																	
CAND_SOUND_000842	Sound	onset	1		plus	candidate_pending_human_review			cmusphinx/cmudict	cmudict:first:P	pint	poise										3.515146295049647	3.040617850908264	3.2778820729789553	4	3		1	1																																	
CAND_SOUND_000843	Sound	onset	1		plus	candidate_pending_human_review			cmusphinx/cmudict	cmudict:first:P	paste	pub										3.231949076520682	3.5711834248548926	3.4015662506877873	4	3		1	1																																	
CAND_SOUND_000844	Sound	onset	1		plus	candidate_pending_human_review			cmusphinx/cmudict	cmudict:first:N	nerve	nor										4.360986718974427	4.556065892490172	4.458526305732299	3	3		1	1																																	
CAND_SOUND_000845	Sound	onset	1		plus	candidate_pending_human_review			cmusphinx/cmudict	cmudict:first:S	stood	strings										4.41135557672784	3.9136061056770988	4.16248084120247	4	6		1	1																																	
CAND_SOUND_000846	Sound	onset	1		plus	candidate_pending_human_review			cmusphinx/cmudict	cmudict:first:TH	thanked	thaw										3.5802315538322897	3.2009148427807133	3.3905731983065017	5	2		1	1																																	
CAND_SOUND_000847	Sound	onset	1		plus	candidate_pending_human_review			cmusphinx/cmudict	cmudict:first:S	stalled	steal										3.184524426592544	4.726998727936262	3.9557615772644033	5	4		1	1																																	
CAND_SOUND_000848	Sound	onset	1		plus	candidate_pending_human_review			cmusphinx/cmudict	cmudict:first:S	seams	slope										3.1249387366083	3.468521082957745	3.2967299097830223	4	4		1	1																																	
CAND_SOUND_000849	Sound	onset	1		plus	candidate_pending_human_review			cmusphinx/cmudict	cmudict:first:K	crib	cruise										3.7921169065204676	4.089004157112493	3.9405605318164802	4	4		1	1																																	
CAND_SOUND_000850	Sound	onset	1		plus	candidate_pending_human_review			cmusphinx/cmudict	cmudict:first:S	scouts	spry										3.738034027175661	2.7975798022219696	3.2678069146988156	5	4		1	1																																	
CAND_SOUND_000851	Sound	onset	1		plus	candidate_pending_human_review			cmusphinx/cmudict	cmudict:first:CH	cheap	church										4.559131790786152	4.843025031391392	4.701078411088772	3	3		1	1																																	
CAND_SOUND_000852	Sound	onset	1		plus	candidate_pending_human_review			cmusphinx/cmudict	cmudict:first:S	stamped	stance										3.173243416182855	3.274701056941632	3.2239722365622434	6	5		1	1																																	
CAND_SOUND_000853	Sound	onset	1		plus	candidate_pending_human_review			cmusphinx/cmudict	cmudict:first:T	tails	tweak										3.75482782180102	2.8239087409443187	3.2893682813726692	4	4		1	1																																	
CAND_SOUND_000854	Sound	onset	1		plus	candidate_pending_human_review			cmusphinx/cmudict	cmudict:first:S	scared	swerved										5.125130294862631	2.6726410656136697	3.89888568023815	5	5		1	1																																	
CAND_SOUND_000855	Sound	onset	1		plus	candidate_pending_human_review			cmusphinx/cmudict	cmudict:first:CH	check	chucked										5.445573680415807	2.75482782180102	4.100200751108414	3	4		1	1																																	
CAND_SOUND_000856	Sound	onset	1		plus	candidate_pending_human_review			cmusphinx/cmudict	cmudict:first:HH	half	hitch										5.299152516103748	3.6104931588648252	4.454822837484286	3	3		1	1																																	
CAND_SOUND_000857	Sound	onset	1		plus	candidate_pending_human_review			cmusphinx/cmudict	cmudict:first:W	weighs	wop										3.542849826210958	3.2369124960522324	3.389881161131595	3	3		1	1																																	
CAND_SOUND_000858	Sound	onset	1		plus	candidate_pending_human_review			cmusphinx/cmudict	cmudict:first:P	pee	primed										4.258571556641096	2.872213420518874	3.5653924885799846	2	5		1	1																																	
CAND_SOUND_000859	Sound	onset	1		plus	candidate_pending_human_review			cmusphinx/cmudict	cmudict:first:N	knit	nerve										3.2792015581683085	4.360986718974427	3.820094138571368	3	3		1	1																																	
CAND_SOUND_000860	Sound	onset	1		plus	candidate_pending_human_review			cmusphinx/cmudict	cmudict:first:S	snores	sort										2.9551876555836376	5.172328148232074	4.063757901907856	5	4		1	1																																	
CAND_SOUND_000861	Sound	onset	1		plus	candidate_pending_human_review			cmusphinx/cmudict	cmudict:first:S	sea	slides										4.7770143531849065	3.482761522072355	4.129887937628631	2	5		1	1																																	
CAND_SOUND_000862	Sound	onset	1		plus	candidate_pending_human_review			cmusphinx/cmudict	cmudict:first:S	sacked	scopes										3.0917703733556454	2.6903698325741012	2.891070102964873	4	5		1	1																																	
CAND_SOUND_000863	Sound	onset	1		plus	candidate_pending_human_review			cmusphinx/cmudict	cmudict:first:K	climbed	coy										3.6989700043360187	3.2369124960522324	3.4679412501941256	5	2		1	1																																	
CAND_SOUND_000864	Sound	onset	1		plus	candidate_pending_human_review			cmusphinx/cmudict	cmudict:first:HH	hailed	heat										2.9258982794816504	4.602910715364739	3.7644044974231945	4	3		1	1																																	
CAND_SOUND_000865	Sound	onset	1		plus	candidate_pending_human_review			cmusphinx/cmudict	cmudict:first:T	tarp	tight										2.9913998282380825	4.706901773531366	3.8491508008847246	4	3		1	1																																	
CAND_SOUND_000866	Sound	onset	1		plus	candidate_pending_human_review			cmusphinx/cmudict	cmudict:first:CH	change	chick										5.380849440918155	4.417585653482593	4.899217547200374	4	3		1	1																																	
CAND_SOUND_000867	Sound	onset	1		plus	candidate_pending_human_review			cmusphinx/cmudict	cmudict:first:T	tripped	true										3.6368220975871743	5.403725950384326	4.52027402398575	5	3		1	1																																	
CAND_SOUND_000868	Sound	onset	1		plus	candidate_pending_human_review			cmusphinx/cmudict	cmudict:first:HH	hatch	heart										4.108007572226331	5.387703812000245	4.747855692113288	3	4		1	1																																	
CAND_SOUND_000869	Sound	onset	1		plus	candidate_pending_human_review			cmusphinx/cmudict	cmudict:first:L	leans	logs										3.0327925133963074	3.5596015523050775	3.296197032850692	4	4		1	1																																	
CAND_SOUND_000870	Sound	onset	1		plus	candidate_pending_human_review			cmusphinx/cmudict	cmudict:first:TH	throes	throw										2.723793588061051	5.109995193461844	3.9168943907614477	4	3		1	1																																	
CAND_SOUND_000871	Sound	onset	1		plus	candidate_pending_human_review			cmusphinx/cmudict	cmudict:first:W	wax	willed										3.9561307492917117	2.75482782180102	3.355479285546366	4	4		1	1																																	
CAND_SOUND_000872	Sound	onset	1		plus	candidate_pending_human_review			cmusphinx/cmudict	cmudict:first:L	lame	look										4.038285019075793	6.289427178890095	5.163856098982944	3	3		1	1																																	
CAND_SOUND_000873	Sound	onset	1		plus	candidate_pending_human_review			cmusphinx/cmudict	cmudict:first:L	lair	lanes										3.3823349353414613	3.2836558995945584	3.33299541746801	3	4		1	1																																	
CAND_SOUND_000874	Sound	onset	1		plus	candidate_pending_human_review			cmusphinx/cmudict	cmudict:first:S	strained	stuffs										3.1375278639163207	2.8239087409443187	2.9807183024303194	6	5		1	1																																	
CAND_SOUND_000875	Sound	onset	1		plus	candidate_pending_human_review			cmusphinx/cmudict	cmudict:first:F	femme	fry										3.0917703733556454	3.9238735929152355	3.5078219831354405	3	3		1	1																																	
CAND_SOUND_000876	Sound	onset	1		plus	candidate_pending_human_review			cmusphinx/cmudict	cmudict:first:HH	heart	holed										5.387703812000245	3.2836558995945584	4.335679855797402	4	4		1	1																																	
CAND_SOUND_000877	Sound	onset	1		plus	candidate_pending_human_review			cmusphinx/cmudict	cmudict:first:S	smock	strays										2.6903698325741012	3.0917703733556454	2.891070102964873	4	5		1	1																																	
CAND_SOUND_000878	Sound	onset	1		plus	candidate_pending_human_review			cmusphinx/cmudict	cmudict:first:S	slop	stuffed										3.2655576775017625	3.9368684133699023	3.6012130454358324	4	5		1	1																																	
CAND_SOUND_000879	Sound	onset	1		plus	candidate_pending_human_review			cmusphinx/cmudict	cmudict:first:T	tease	trails										3.75482782180102	3.325853579389013	3.5403407005950163	3	5		1	1																																	
CAND_SOUND_000880	Sound	onset	1		plus	candidate_pending_human_review			cmusphinx/cmudict	cmudict:first:B	blond	bricks										4.019157032928636	3.5934598195660445	3.80630842624734	5	5		1	1																																	
CAND_SOUND_000881	Sound	onset	1		plus	candidate_pending_human_review			cmusphinx/cmudict	cmudict:first:K	catch	curled										5.131970716871033	2.9645276818377813	4.048249199354407	3	4		1	1																																	
CAND_SOUND_000882	Sound	onset	1		plus	candidate_pending_human_review			cmusphinx/cmudict	cmudict:first:P	pigs	plums										4.123659517769127	3.016705693502853	3.57018260563599	4	5		1	1																																	
CAND_SOUND_000883	Sound	onset	1		plus	candidate_pending_human_review			cmusphinx/cmudict	cmudict:first:R	rat	wreck										4.513322073121583	4.135662602000073	4.324492337560828	3	3		1	1																																	
CAND_SOUND_000884	Sound	onset	1		plus	candidate_pending_human_review			cmusphinx/cmudict	cmudict:first:P	place	plot										5.780077171419682	4.064017304783319	4.9220472381015	4	4		1	1																																	
CAND_SOUND_000885	Sound	onset	1		plus	candidate_pending_human_review			cmusphinx/cmudict	cmudict:first:P	pains	plagues										3.722182103904472	2.723793588061051	3.2229878459827614	4	5		1	1																																	
CAND_SOUND_000886	Sound	onset	1		plus	candidate_pending_human_review			cmusphinx/cmudict	cmudict:first:K	coil	cooked										3.2062436762857804	3.9781715625043272	3.5922076193950536	3	4		1	1																																	
CAND_SOUND_000887	Sound	onset	1		plus	candidate_pending_human_review			cmusphinx/cmudict	cmudict:first:P	pill	print										4.072747136042215	4.300177601902804	4.18646236897251	3	5		1	1																																	
CAND_SOUND_000888	Sound	onset	1		plus	candidate_pending_human_review			cmusphinx/cmudict	cmudict:first:G	glide	grab										3.3716110699496884	4.8504179721269765	4.111014521038332	4	4		1	1																																	
CAND_SOUND_000889	Sound	onset	1		plus	candidate_pending_human_review			cmusphinx/cmudict	cmudict:first:K	coughed	queue										2.769551078621726	3.070581074285707	2.9200660764537165	4	3		1	1																																	
CAND_SOUND_000890	Sound	onset	1		plus	candidate_pending_human_review			cmusphinx/cmudict	cmudict:first:P	pissed	prays										4.4063731762089	3.0	3.70318658810445	4	4		1	1																																	
CAND_SOUND_000891	Sound	onset	1		plus	candidate_pending_human_review			cmusphinx/cmudict	cmudict:first:HH	hex	hiss										3.1119737594439325	2.9645276818377813	3.038250720640857	4	3		1	1																																	
CAND_SOUND_000892	Sound	onset	1		plus	candidate_pending_human_review			cmusphinx/cmudict	cmudict:first:B	bam	bum										3.8499370258077215	4.188404556261128	4.0191707910344245	3	3		1	1																																	
CAND_SOUND_000893	Sound	onset	1		plus	candidate_pending_human_review			cmusphinx/cmudict	cmudict:first:K	comb	cool										3.7823883033268983	5.291995312128046	4.537191807727472	3	3		1	1																																	
CAND_SOUND_000894	Sound	onset	1		plus	candidate_pending_human_review			cmusphinx/cmudict	cmudict:first:W	wasps	wines										2.7975798022219696	3.16166154363304	2.9796206729275045	5	4		1	1																																	
CAND_SOUND_000895	Sound	onset	1		plus	candidate_pending_human_review			cmusphinx/cmudict	cmudict:first:B	bald	bless										3.987911500392261	4.544797338361962	4.2663544193771115	4	4		1	1																																	
CAND_SOUND_000896	Sound	onset	1		plus	candidate_pending_human_review			cmusphinx/cmudict	cmudict:first:B	brag	bragged										3.5452828548819566	2.769551078621726	3.1574169667518412	4	5		1	1																																	
CAND_SOUND_000897	Sound	onset	1		plus	candidate_pending_human_review			cmusphinx/cmudict	cmudict:first:W	waive	warped										3.2369124960522324	3.2115079162781375	3.2242102061651847	3	5		1	1																																	
CAND_SOUND_000898	Sound	onset	1		plus	candidate_pending_human_review			cmusphinx/cmudict	cmudict:first:S	strike	swipe										4.6586659476203565	3.2062436762857804	3.9324548119530682	5	4		1	1																																	
CAND_SOUND_000899	Sound	onset	1		plus	candidate_pending_human_review			cmusphinx/cmudict	cmudict:first:JH	jig	jocks										3.231949076520682	3.063281835544208	3.1476154560324447	3	4		1	1																																	
CAND_SOUND_000900	Sound	onset	1		plus	candidate_pending_human_review			cmusphinx/cmudict	cmudict:first:N	knobs	nap										3.016705693502853	4.101989538537332	3.5593476160200925	4	3		1	1																																	
CAND_SOUND_000901	Sound	onset	1		plus	candidate_pending_human_review			cmusphinx/cmudict	cmudict:first:L	long	lunge										5.829404686475652	2.6726410656136697	4.251022876044661	3	4		1	1																																	
CAND_SOUND_000902	Sound	onset	1		plus	candidate_pending_human_review			cmusphinx/cmudict	cmudict:first:L	lark	lib										3.2115079162781375	2.7837915177363364	2.9976497170072367	4	3		1	1																																	
CAND_SOUND_000903	Sound	onset	1		plus	candidate_pending_human_review			cmusphinx/cmudict	cmudict:first:S	sign	stung										5.124747093824325	3.184524426592544	4.154635760208435	3	4		1	1																																	
CAND_SOUND_000904	Sound	onset	1		plus	candidate_pending_human_review			cmusphinx/cmudict	cmudict:first:T	track	trend										4.746206683592506	3.3177356891668337	4.0319711863796694	4	5		1	1																																	
CAND_SOUND_000905	Sound	onset	1		plus	candidate_pending_human_review			cmusphinx/cmudict	cmudict:first:V	ver	vowed										2.769551078621726	3.2115079162781375	2.9905294974499315	2	3		1	1																																	
CAND_SOUND_000906	Sound	onset	1		plus	candidate_pending_human_review			cmusphinx/cmudict	cmudict:first:P	pouch	props										3.231949076520682	3.4742734118468364	3.353111244183759	3	5		1	1																																	
CAND_SOUND_000907	Sound	onset	1		plus	candidate_pending_human_review			cmusphinx/cmudict	cmudict:first:F	foul	fro										4.160486185725105	3.055857817465001	3.608172001595053	3	3		1	1																																	
CAND_SOUND_000908	Sound	onset	1		plus	candidate_pending_human_review			cmusphinx/cmudict	cmudict:first:D	dined	duct										2.9456423376774072	3.4965498065579883	3.2210960721176978	4	4		1	1																																	
CAND_SOUND_000909	Sound	onset	1		plus	candidate_pending_human_review			cmusphinx/cmudict	cmudict:first:S	soir	stub										2.7837915177363364	2.982625903930577	2.8832087108334568	3	4		1	1																																	
CAND_SOUND_000910	Sound	onset	1		plus	candidate_pending_human_review			cmusphinx/cmudict	cmudict:first:D	digs	dyed										3.471406771195233	3.1557526840225196	3.313579727608876	4	3		1	1																																	
CAND_SOUND_000911	Sound	onset	1		plus	candidate_pending_human_review			cmusphinx/cmudict	cmudict:first:K	claim	cots										4.404699592319334	2.7975798022219696	3.6011396972706518	4	4		1	1																																	
CAND_SOUND_000912	Sound	onset	1		plus	candidate_pending_human_review			cmusphinx/cmudict	cmudict:first:W	womb	worst										3.54040309026387	4.750916587700271	4.145659838982071	3	4		1	1																																	
CAND_SOUND_000913	Sound	onset	1		plus	candidate_pending_human_review			cmusphinx/cmudict	cmudict:first:S	stores	stump										3.9781715625043272	3.38933983691012	3.6837556997072234	5	5		1	1																																	
CAND_SOUND_000914	Sound	onset	1		plus	candidate_pending_human_review			cmusphinx/cmudict	cmudict:first:R	ranked	rolled										2.982625903930577	3.9279135707169757	3.4552697373237766	5	4		1	1																																	
CAND_SOUND_000915	Sound	onset	1		plus	candidate_pending_human_review			cmusphinx/cmudict	cmudict:first:B	blares	bot										3.016705693502853	2.9913998282380825	3.0040527608704677	5	3		1	1																																	
CAND_SOUND_000916	Sound	onset	1		plus	candidate_pending_human_review			cmusphinx/cmudict	cmudict:first:K	crossed	quad										4.2339412565364665	3.190056915192505	3.711999085864486	5	4		1	1																																	
CAND_SOUND_000917	Sound	onset	1		plus	candidate_pending_human_review			cmusphinx/cmudict	cmudict:first:F	firms	floors										3.2062436762857804	3.9020242331272836	3.554133954706532	4	5		1	1																																	
CAND_SOUND_000918	Sound	onset	1		plus	candidate_pending_human_review			cmusphinx/cmudict	cmudict:first:D	debt	dunes										4.152767830473057	2.9456423376774072	3.5492050840752323	3	4		1	1																																	
CAND_SOUND_000919	Sound	onset	1		plus	candidate_pending_human_review			cmusphinx/cmudict	cmudict:first:T	tank	tight										4.408373000841118	4.706901773531366	4.557637387186242	4	3		1	1																																	
CAND_SOUND_000920	Sound	onset	1		plus	candidate_pending_human_review			cmusphinx/cmudict	cmudict:first:K	cords	cuts										3.226928275145631	4.058098378661078	3.6425133269033543	5	4		1	1																																	
CAND_SOUND_000921	Sound	onset	1		plus	candidate_pending_human_review			cmusphinx/cmudict	cmudict:first:F	foes	fore										2.7837915177363364	3.42276359239707	3.103277555066703	3	3		1	1																																	
CAND_SOUND_000922	Sound	onset	1		plus	candidate_pending_human_review			cmusphinx/cmudict	cmudict:first:D	drain	dues										3.935882500388251	3.309463163200844	3.6226728317945476	4	3		1	1																																	
CAND_SOUND_000923	Sound	onset	1		plus	candidate_pending_human_review			cmusphinx/cmudict	cmudict:first:B	bikes	bugged										3.4537978261370386	3.4063731762089002	3.4300855011729694	4	4		1	1																																	
CAND_SOUND_000924	Sound	onset	1		plus	candidate_pending_human_review			cmusphinx/cmudict	cmudict:first:B	bloke	boils										3.6690067809585756	3.3010299956639813	3.4850183883112784	4	4		1	1																																	
CAND_SOUND_000925	Sound	onset	1		plus	candidate_pending_human_review			cmusphinx/cmudict	cmudict:first:K	carbs	crop										3.0248235837250323	3.68688150472828	3.3558525442266562	5	4		1	1																																	
CAND_SOUND_000926	Sound	onset	1		plus	candidate_pending_human_review			cmusphinx/cmudict	cmudict:first:S	saw	spunk										5.604755306217195	3.1249387366083	4.364847021412747	2	5		1	1																																	
CAND_SOUND_000927	Sound	onset	1		plus	candidate_pending_human_review			cmusphinx/cmudict	cmudict:first:S	sir	snide										5.98428898826619	2.7395878552442827	4.361938421755236	2	4		1	1																																	
CAND_SOUND_000928	Sound	onset	1		plus	candidate_pending_human_review			cmusphinx/cmudict	cmudict:first:D	damp	dread										3.4656160923143378	3.399639793549932	3.432627942932135	4	4		1	1																																	
CAND_SOUND_000929	Sound	onset	1		plus	candidate_pending_human_review			cmusphinx/cmudict	cmudict:first:SH	shouts	shoves										3.6228435972512543	2.723793588061051	3.1733185926561527	4	4		1	1																																	
CAND_SOUND_000930	Sound	onset	1		plus	candidate_pending_human_review			cmusphinx/cmudict	cmudict:first:K	coach	coin										4.677857338707194	3.9887862126353957	4.333321775671295	3	3		1	1																																	
CAND_SOUND_000931	Sound	onset	1		plus	candidate_pending_human_review			cmusphinx/cmudict	cmudict:first:D	draft	dredge										3.8618037335171094	2.6726410656136697	3.2672223995653895	5	4		1	1																																	
CAND_SOUND_000932	Sound	onset	1		plus	candidate_pending_human_review			cmusphinx/cmudict	cmudict:first:P	prom	puffs										4.249558021578877	3.399639793549932	3.8245989075644045	4	4		1	1																																	
CAND_SOUND_000933	Sound	onset	1		plus	candidate_pending_human_review			cmusphinx/cmudict	cmudict:first:D	dredge	drifts										2.6726410656136697	2.872213420518874	2.7724272430662715	4	6		1	1																																	
CAND_SOUND_000934	Sound	onset	1		plus	candidate_pending_human_review			cmusphinx/cmudict	cmudict:first:K	clerks	cope										3.256217651247619	3.5125379119421187	3.3843777815948686	5	3		1	1																																	
CAND_SOUND_000935	Sound	onset	1		plus	candidate_pending_human_review			cmusphinx/cmudict	cmudict:first:F	filth	fold										3.656041803794208	3.935882500388251	3.7959621520912297	4	4		1	1																																	
CAND_SOUND_000936	Sound	onset	1		plus	candidate_pending_human_review			cmusphinx/cmudict	cmudict:first:L	leaf	lice										3.7156756978388716	3.329856321842687	3.5227660098407796	3	3		1	1																																	
CAND_SOUND_000937	Sound	onset	1		plus	candidate_pending_human_review			cmusphinx/cmudict	cmudict:first:S	seat	sun										4.896439756314294	4.843025031391392	4.869732393852843	3	3		1	1																																	
CAND_SOUND_000938	Sound	onset	1		plus	candidate_pending_human_review			cmusphinx/cmudict	cmudict:first:W	walls	work										4.393144910475145	5.902013562370102	5.147579236422624	4	3		1	1																																	
CAND_SOUND_000939	Sound	onset	1		plus	candidate_pending_human_review			cmusphinx/cmudict	cmudict:first:K	cleansed	cried										2.723793588061051	4.113287813341763	3.4185407007014073	6	4		1	1																																	
CAND_SOUND_000940	Sound	onset	1		plus	candidate_pending_human_review			cmusphinx/cmudict	cmudict:first:B	ball	brood										5.021027067285495	3.0327925133963074	4.026909790340901	3	4		1	1																																	
CAND_SOUND_000941	Sound	onset	1		plus	candidate_pending_human_review			cmusphinx/cmudict	cmudict:first:K	combs	crib										2.883494430928563	3.7921169065204676	3.3378056687245152	4	4		1	1																																	
CAND_SOUND_000942	Sound	onset	1		plus	candidate_pending_human_review			cmusphinx/cmudict	cmudict:first:P	plans	pools										4.749857516848548	3.364311831208189	4.057084674028369	5	4		1	1																																	
CAND_SOUND_000943	Sound	onset	1		plus	candidate_pending_human_review			cmusphinx/cmudict	cmudict:first:TH	thrive	thumb										3.2418198305469765	4.072747136042215	3.657283483294596	4	3		1	1																																	
CAND_SOUND_000944	Sound	onset	1		plus	candidate_pending_human_review			cmusphinx/cmudict	cmudict:first:HH	had	hype										6.2242536902433425	3.2115079162781375	4.71788080326074	3	3		1	1																																	
CAND_SOUND_000945	Sound	onset	1		plus	candidate_pending_human_review			cmusphinx/cmudict	cmudict:first:B	born	brushed										4.922654234654496	3.3823349353414613	4.152494584997979	4	5		1	1																																	
CAND_SOUND_000946	Sound	onset	1		plus	candidate_pending_human_review			cmusphinx/cmudict	cmudict:first:B	bi	burst										2.9456423376774072	3.930919080856701	3.438280709267054	2	4		1	1																																	
CAND_SOUND_000947	Sound	onset	1		plus	candidate_pending_human_review			cmusphinx/cmudict	cmudict:first:W	ward	worse										4.153964234761101	4.991573511296547	4.572768873028824	4	3		1	1																																	
CAND_SOUND_000948	Sound	onset	1		plus	candidate_pending_human_review			cmusphinx/cmudict	cmudict:first:B	bolts	bot										3.337752802688721	2.9913998282380825	3.1645763154634015	5	3		1	1																																	
CAND_SOUND_000949	Sound	onset	1		plus	candidate_pending_human_review			cmusphinx/cmudict	cmudict:first:JH	gist	jar										3.040617850908264	3.919795680494796	3.48020676570153	4	3		1	1																																	
CAND_SOUND_000950	Sound	onset	1		plus	candidate_pending_human_review			cmusphinx/cmudict	cmudict:first:G	grows	gums										3.977275185546476	3.274701056941632	3.6259881212440543	4	4		1	1																																	
CAND_SOUND_000951	Sound	onset	1		plus	candidate_pending_human_review			cmusphinx/cmudict	cmudict:first:L	lawns	lift										3.048304679574555	4.533228595019395	3.790766637296975	4	4		1	1																																	
CAND_SOUND_000952	Sound	onset	1		plus	candidate_pending_human_review			cmusphinx/cmudict	cmudict:first:L	large	leaned										4.617534806873471	3.231949076520682	3.924741941697077	4	4		1	1																																	
CAND_SOUND_000953	Sound	onset	1		plus	candidate_pending_human_review			cmusphinx/cmudict	cmudict:first:K	cash	cog										4.859926715006287	2.723793588061051	3.791860151533669	3	3		1	1																																	
CAND_SOUND_000954	Sound	onset	1		plus	candidate_pending_human_review			cmusphinx/cmudict	cmudict:first:SH	shark	shriek										4.175523182477754	2.7975798022219696	3.4865514923498617	4	4		1	1																																	
CAND_SOUND_000955	Sound	onset	1		plus	candidate_pending_human_review			cmusphinx/cmudict	cmudict:first:K	claws	crawls										3.6465382630494645	3.0084331675368627	3.3274857152931636	4	5		1	1																																	
CAND_SOUND_000956	Sound	onset	1		plus	candidate_pending_human_review			cmusphinx/cmudict	cmudict:first:K	coy	crotch										3.2369124960522324	3.4385578595803015	3.337735177816267	2	4		1	1																																	
CAND_SOUND_000957	Sound	onset	1		plus	candidate_pending_human_review			cmusphinx/cmudict	cmudict:first:D	dots	drained										3.4855544222565253	3.337752802688721	3.411653612472623	4	5		1	1																																	
CAND_SOUND_000958	Sound	onset	1		plus	candidate_pending_human_review			cmusphinx/cmudict	cmudict:first:K	clot	comes										3.256217651247619	5.358979362663997	4.307598506955808	4	4		1	1																																	
CAND_SOUND_000959	Sound	onset	1		plus	candidate_pending_human_review			cmusphinx/cmudict	cmudict:first:S	sighs	swabs										4.192796952558534	2.9258982794816504	3.559347616020092	3	5		1	1																																	
CAND_SOUND_000960	Sound	onset	1		plus	candidate_pending_human_review			cmusphinx/cmudict	cmudict:first:M	missed	mugs										4.952155919139855	3.3752151942185136	4.163685556679185	4	4		1	1																																	
CAND_SOUND_000961	Sound	onset	1		plus	candidate_pending_human_review			cmusphinx/cmudict	cmudict:first:D	doom	dredge										3.748795857031107	2.6726410656136697	3.2107184613223883	3	4		1	1																																	
CAND_SOUND_000962	Sound	onset	1		plus	candidate_pending_human_review			cmusphinx/cmudict	cmudict:first:B	base	billed										4.548666357107987	2.848732324669351	3.698699340888669	3	4		1	1																																	
CAND_SOUND_000963	Sound	onset	1		plus	candidate_pending_human_review			cmusphinx/cmudict	cmudict:first:F	fished	fraught										3.0848215134003176	2.8364978682523394	2.9606596908263283	4	4		1	1																																	
CAND_SOUND_000964	Sound	onset	1		plus	candidate_pending_human_review			cmusphinx/cmudict	cmudict:first:P	par	paws										3.6955503450778817	3.3962335448580205	3.545891944967951	3	3		1	1																																	
CAND_SOUND_000965	Sound	onset	1		plus	candidate_pending_human_review			cmusphinx/cmudict	cmudict:first:HH	hailed	hunk										2.9258982794816504	3.7123855723918213	3.319141925936736	4	4		1	1																																	
CAND_SOUND_000966	Sound	onset	1		plus	candidate_pending_human_review			cmusphinx/cmudict	cmudict:first:HH	highs	hoots										2.8364978682523394	2.75482782180102	2.79566284502668	3	4		1	1																																	
CAND_SOUND_000967	Sound	onset	1		plus	candidate_pending_human_review			cmusphinx/cmudict	cmudict:first:W	weave	wilt										3.3136191229720016	3.260912772455999	3.2872659477140003	3	4		1	1																																	
CAND_SOUND_000968	Sound	onset	1		plus	candidate_pending_human_review			cmusphinx/cmudict	cmudict:first:R	raced	robes										3.11850462660289	3.3606156856482254	3.239560156125558	4	4		1	1																																	
CAND_SOUND_000969	Sound	onset	1		plus	candidate_pending_human_review			cmusphinx/cmudict	cmudict:first:P	pay	pi										5.405871777867385	3.5642714304385628	4.485071604152974	2	2		1	1																																	
CAND_SOUND_000970	Sound	onset	1		plus	candidate_pending_human_review			cmusphinx/cmudict	cmudict:first:G	gaps	goose										2.8364978682523394	4.115251469205168	3.4758746687287534	4	3		1	1																																	
CAND_SOUND_000971	Sound	onset	1		plus	candidate_pending_human_review			cmusphinx/cmudict	cmudict:first:F	fraught	front										2.8364978682523394	5.258993907999374	4.047745888125856	4	5		1	1																																	
CAND_SOUND_000972	Sound	onset	1		plus	candidate_pending_human_review			cmusphinx/cmudict	cmudict:first:G	grave	gulp										4.419534622266871	2.9913998282380825	3.7054672252524767	4	4		1	1																																	
CAND_SOUND_000973	Sound	onset	1		plus	candidate_pending_human_review			cmusphinx/cmudict	cmudict:first:M	marks	more										4.340482997017673	6.1134714640149515	5.226977230516312	5	3		1	1																																	
CAND_SOUND_000974	Sound	onset	1		plus	candidate_pending_human_review			cmusphinx/cmudict	cmudict:first:P	pies	put										3.5379424917162137	5.918266816225465	4.728104653970839	3	3		1	1																																	
CAND_SOUND_000975	Sound	onset	1		plus	candidate_pending_human_review			cmusphinx/cmudict	cmudict:first:D	dibs	dolled										3.364311831208189	2.723793588061051	3.04405270963462	4	4		1	1																																	
CAND_SOUND_000976	Sound	onset	1		plus	candidate_pending_human_review			cmusphinx/cmudict	cmudict:first:S	solves	steaks										3.131278914639319	3.6020599913279625	3.3666694529836407	5	5		1	1																																	
CAND_SOUND_000977	Sound	onset	1		plus	candidate_pending_human_review			cmusphinx/cmudict	cmudict:first:B	booze	bunch										4.039064022839643	4.769985156101045	4.404524589470344	3	4		1	1																																	
CAND_SOUND_000978	Sound	onset	1		plus	candidate_pending_human_review			cmusphinx/cmudict	cmudict:first:S	sans	signed										2.6726410656136697	4.557011553140141	3.6148263093769053	4	4		1	1																																	
CAND_SOUND_000979	Sound	onset	1		plus	candidate_pending_human_review			cmusphinx/cmudict	cmudict:first:TH	thawed	think										2.7395878552442827	6.42997698247318	4.584782418858731	3	4		1	1																																	
CAND_SOUND_000980	Sound	onset	1		plus	candidate_pending_human_review			cmusphinx/cmudict	cmudict:first:V	vice	voice										4.270153429190911	4.935289876486555	4.602721652838733	3	3		1	1																																	
CAND_SOUND_000981	Sound	onset	1		plus	candidate_pending_human_review			cmusphinx/cmudict	cmudict:first:L	lose	lynched										5.21577748039989	2.723793588061051	3.9697855342304704	3	5		1	1																																	
CAND_SOUND_000982	Sound	onset	1		plus	candidate_pending_human_review			cmusphinx/cmudict	cmudict:first:F	falls	feet										4.40670712046365	5.081798977493545	4.744253048978598	4	3		1	1																																	
CAND_SOUND_000983	Sound	onset	1		plus	candidate_pending_human_review			cmusphinx/cmudict	cmudict:first:P	pads	pulse										3.4992556999339133	4.371611069949688	3.935433384941801	4	4		1	1																																	
CAND_SOUND_000984	Sound	onset	1		plus	candidate_pending_human_review			cmusphinx/cmudict	cmudict:first:F	fates	flares										3.063281835544208	3.1497623203333323	3.10652207793877	4	5		1	1																																	
CAND_SOUND_000985	Sound	onset	1		plus	candidate_pending_human_review			cmusphinx/cmudict	cmudict:first:CH	charred	chimes										2.872213420518874	3.231949076520682	3.052081248519778	4	4		1	1																																	
CAND_SOUND_000986	Sound	onset	1		plus	candidate_pending_human_review			cmusphinx/cmudict	cmudict:first:B	bleu	burn										2.8364978682523394	4.742062474372139	3.789280171312239	3	3		1	1																																	
CAND_SOUND_000987	Sound	onset	1		plus	candidate_pending_human_review			cmusphinx/cmudict	cmudict:first:Y	used	yachts										5.53673169012324	2.6903698325741012	4.11355076134867	4	4		1	1																																	
CAND_SOUND_000988	Sound	onset	1		plus	candidate_pending_human_review			cmusphinx/cmudict	cmudict:first:S	scar	seemed										3.9279135707169757	4.734438983043016	4.3311762768799955	4	4		1	1																																	
CAND_SOUND_000989	Sound	onset	1		plus	candidate_pending_human_review			cmusphinx/cmudict	cmudict:first:R	reel	roots										3.5125379119421187	3.8043131848809377	3.658425548411528	3	4		1	1																																	
CAND_SOUND_000990	Sound	onset	1		plus	candidate_pending_human_review			cmusphinx/cmudict	cmudict:first:T	tell	tract										6.236660729697238	3.1557526840225196	4.696206706859879	3	5		1	1																																	
CAND_SOUND_000991	Sound	onset	1		plus	candidate_pending_human_review			cmusphinx/cmudict	cmudict:first:G	gab	gas										2.8364978682523394	4.831129203444471	3.833813535848405	3	3		1	1																																	
CAND_SOUND_000992	Sound	onset	1		plus	candidate_pending_human_review			cmusphinx/cmudict	cmudict:first:S	scratched	strung										3.6503646709025173	3.349334675238536	3.4998496730705266	6	5		1	1																																	
CAND_SOUND_000993	Sound	onset	1		plus	candidate_pending_human_review			cmusphinx/cmudict	cmudict:first:D	deemed	dis										3.1436881726211388	3.1789205490745456	3.161304360847842	4	3		1	1																																	
CAND_SOUND_000994	Sound	onset	1		plus	candidate_pending_human_review			cmusphinx/cmudict	cmudict:first:S	speech	stools										4.58023155383229	2.8239087409443187	3.702070147388304	4	5		1	1																																	
CAND_SOUND_000995	Sound	onset	1		plus	candidate_pending_human_review			cmusphinx/cmudict	cmudict:first:P	piled	pours										3.173243416182855	3.173243416182855	3.173243416182855	4	4		1	1																																	
CAND_SOUND_000996	Sound	onset	1		plus	candidate_pending_human_review			cmusphinx/cmudict	cmudict:first:K	colts	cursed										2.7074031718728815	3.8687711741078568	3.288087172990369	5	4		1	1																																	
CAND_SOUND_000997	Sound	onset	1		plus	candidate_pending_human_review			cmusphinx/cmudict	cmudict:first:P	props	punch										3.4742734118468364	4.472555699066118	3.9734145554564773	5	4		1	1																																	
CAND_SOUND_000998	Sound	onset	1		plus	candidate_pending_human_review			cmusphinx/cmudict	cmudict:first:B	buds	bus										3.2466723333413885	4.870266165194808	4.058469249268098	4	3		1	1																																	
CAND_SOUND_000999	Sound	onset	1		plus	candidate_pending_human_review			cmusphinx/cmudict	cmudict:first:B	bein	blocked										3.8029748341086758	3.8315059226948405	3.817240378401758	3	5		1	1																																	
CAND_SOUND_001000	Sound	onset	1		plus	candidate_pending_human_review			cmusphinx/cmudict	cmudict:first:L	lain	loo										2.75482782180102	3.3752151942185136	3.0650215080097665	3	2		1	1																																	
CAND_SOUND_001001	Sound	onset	1		plus	candidate_pending_human_review			cmusphinx/cmudict	cmudict:first:HH	hacked	hut										3.624868283817669	4.121089720437384	3.8729790021275265	4	3		1	1																																	
CAND_SOUND_001002	Sound	onset	1		plus	candidate_pending_human_review			cmusphinx/cmudict	cmudict:first:Z	czar	zoo										2.8364978682523394	4.135039063512625	3.485768465882482	3	2		1	1																																	
CAND_SOUND_001003	Sound	onset	1		plus	candidate_pending_human_review			cmusphinx/cmudict	cmudict:first:D	doomed	drink										3.910477920614156	5.393385926961557	4.651931923787856	4	5		1	1																																	
CAND_SOUND_001004	Sound	onset	1		plus	candidate_pending_human_review			cmusphinx/cmudict	cmudict:first:T	trade	trusts										4.546494276816402	3.568891628075308	4.057692952445855	4	6		1	1																																	
CAND_SOUND_001005	Sound	onset	1		plus	candidate_pending_human_review			cmusphinx/cmudict	cmudict:first:S	skulls	strut										3.385851509064299	3.195519810894007	3.290685659979153	5	5		1	1																																	
CAND_SOUND_001006	Sound	onset	1		plus	candidate_pending_human_review			cmusphinx/cmudict	cmudict:first:F	fails	flute										3.7090703312403446	3.325853579389013	3.517461955314679	4	4		1	1																																	
CAND_SOUND_001007	Sound	onset	1		plus	candidate_pending_human_review			cmusphinx/cmudict	cmudict:first:G	grieve	gulp										3.3416478465722452	2.9913998282380825	3.1665238374051636	4	4		1	1																																	
CAND_SOUND_001008	Sound	onset	1		plus	candidate_pending_human_review			cmusphinx/cmudict	cmudict:first:S	scratch	stun										4.2751532115706095	3.274701056941632	3.774927134256121	5	4		1	1																																	
CAND_SOUND_001009	Sound	onset	1		plus	candidate_pending_human_review			cmusphinx/cmudict	cmudict:first:B	biz	bolts										3.2701534291909113	3.337752802688721	3.303953115939816	3	5		1	1																																	
CAND_SOUND_001010	Sound	onset	1		plus	candidate_pending_human_review			cmusphinx/cmudict	cmudict:first:G	glow	growl										3.7592974442561733	2.9913998282380825	3.3753486362471277	3	4		1	1																																	
CAND_SOUND_001011	Sound	onset	1		plus	candidate_pending_human_review			cmusphinx/cmudict	cmudict:first:K	carp	crumb										2.883494430928563	3.256217651247619	3.069856041088091	4	4		1	1																																	
CAND_SOUND_001012	Sound	onset	1		plus	candidate_pending_human_review			cmusphinx/cmudict	cmudict:first:M	man	moans										6.266171723689466	3.3218136015872735	4.793992662638369	3	4		1	1																																	
CAND_SOUND_001013	Sound	onset	1		plus	candidate_pending_human_review			cmusphinx/cmudict	cmudict:first:P	polls	prawn										3.337752802688721	2.7074031718728815	3.022577987280801	4	4		1	1																																	
CAND_SOUND_001014	Sound	onset	1		plus	candidate_pending_human_review			cmusphinx/cmudict	cmudict:first:R	ranks	wrought										3.59128290031177	2.935882500388251	3.2635827003500104	5	3		1	1																																	
CAND_SOUND_001015	Sound	onset	1		plus	candidate_pending_human_review			cmusphinx/cmudict	cmudict:first:W	waxed	weight										3.131278914639319	4.559601552305077	3.845440233472198	5	3		1	1																																	
CAND_SOUND_001016	Sound	onset	1		plus	candidate_pending_human_review			cmusphinx/cmudict	cmudict:first:M	mild	moose										3.681595908266596	3.7426789322214247	3.7121374202440105	4	3		1	1																																	
CAND_SOUND_001017	Sound	onset	1		plus	candidate_pending_human_review			cmusphinx/cmudict	cmudict:first:S	sniffed	swerve										2.872213420518874	2.8239087409443187	2.848061080731596	5	4		1	1																																	
CAND_SOUND_001018	Sound	onset	1		plus	candidate_pending_human_review			cmusphinx/cmudict	cmudict:first:P	parts	pate										4.468810516145334	2.8109437637799513	3.6398771399626426	5	3		1	1																																	
CAND_SOUND_001019	Sound	onset	1		plus	candidate_pending_human_review			cmusphinx/cmudict	cmudict:first:S	stout	strapped										3.016705693502853	3.5072736719497617	3.2619896827263073	4	6		1	1																																	
CAND_SOUND_001020	Sound	onset	1		plus	candidate_pending_human_review			cmusphinx/cmudict	cmudict:first:D	date	dupe										5.150846701625552	2.8109437637799513	3.9808952327027516	3	3		1	1																																	
CAND_SOUND_001021	Sound	onset	1		plus	candidate_pending_human_review			cmusphinx/cmudict	cmudict:first:JH	jest	joints										3.1249387366083	3.5824644352645816	3.3537015859364407	4	5		1	1																																	
CAND_SOUND_001022	Sound	onset	1		plus	candidate_pending_human_review			cmusphinx/cmudict	cmudict:first:HH	hounds	hymn										3.274701056941632	3.2115079162781375	3.2431044866098846	5	3		1	1																																	
CAND_SOUND_001023	Sound	onset	1		plus	candidate_pending_human_review			cmusphinx/cmudict	cmudict:first:G	green	gross										4.860161786450133	4.183967281574628	4.52206453401238	4	4		1	1																																	
CAND_SOUND_001024	Sound	onset	1		plus	candidate_pending_human_review			cmusphinx/cmudict	cmudict:first:M	mitt	mobs										3.1375278639163207	2.769551078621726	2.953539471269023	3	4		1	1																																	
CAND_SOUND_001025	Sound	onset	1		plus	candidate_pending_human_review			cmusphinx/cmudict	cmudict:first:D	dah	doth										3.0327925133963074	3.3606156856482254	3.1967040995222664	2	3		1	1																																	
CAND_SOUND_001026	Sound	onset	1		plus	candidate_pending_human_review			cmusphinx/cmudict	cmudict:first:S	sewed	stain										3.231949076520682	3.7921169065204676	3.5120329915205746	3	4		1	1																																	
CAND_SOUND_001027	Sound	onset	1		plus	candidate_pending_human_review			cmusphinx/cmudict	cmudict:first:S	siege	skit										3.364311831208189	2.915679114299964	3.1399954727540766	3	4		1	1																																	
CAND_SOUND_001028	Sound	onset	1		plus	candidate_pending_human_review			cmusphinx/cmudict	cmudict:first:K	clang	king										2.9258982794816504	5.111447022591123	4.018672651036386	4	3		1	1																																	
CAND_SOUND_001029	Sound	onset	1		plus	candidate_pending_human_review			cmusphinx/cmudict	cmudict:first:JH	jig	jug										3.231949076520682	3.4195346222668714	3.3257418493937765	3	3		1	1																																	
CAND_SOUND_001030	Sound	onset	1		plus	candidate_pending_human_review			cmusphinx/cmudict	cmudict:first:S	slammed	spew										3.5125379119421187	2.6726410656136697	3.092589488777894	5	4		1	1																																	
CAND_SOUND_001031	Sound	onset	1		plus	candidate_pending_human_review			cmusphinx/cmudict	cmudict:first:P	pairs	prawn										3.618765684830815	2.7074031718728815	3.163084428351848	4	4		1	1																																	
CAND_SOUND_001032	Sound	onset	1		plus	candidate_pending_human_review			cmusphinx/cmudict	cmudict:first:N	needs	nine										5.206137737882546	4.829114496522994	5.01762611720277	4	3		1	1																																	
CAND_SOUND_001033	Sound	onset	1		plus	candidate_pending_human_review			cmusphinx/cmudict	cmudict:first:CH	champs	charged										3.040617850908264	4.1598973117611155	3.6002575813346898	5	5		1	1																																	
CAND_SOUND_001034	Sound	onset	1		plus	candidate_pending_human_review			cmusphinx/cmudict	cmudict:first:L	lake	left										4.556302500767288	5.685249839132449	5.120776169949869	3	4		1	1																																	
CAND_SOUND_001035	Sound	onset	1		plus	candidate_pending_human_review			cmusphinx/cmudict	cmudict:first:EY	age	ake										4.898703677072052	2.8606315479690587	3.8796676125205556	2	2		1	1																																	
CAND_SOUND_001036	Sound	onset	1		plus	candidate_pending_human_review			cmusphinx/cmudict	cmudict:first:N	known	neat										5.091770373355645	4.095203549194039	4.593486961274842	3	3		1	1																																	
CAND_SOUND_001037	Sound	onset	1		plus	candidate_pending_human_review			cmusphinx/cmudict	cmudict:first:S	spoiled	squeal										3.9279135707169757	3.425968732272281	3.6769411514946286	5	5		1	1																																	
CAND_SOUND_001038	Sound	onset	1		plus	candidate_pending_human_review			cmusphinx/cmudict	cmudict:first:B	beams	begs										3.4291503910584704	3.1497623203333323	3.2894563556959016	4	4		1	1																																	
CAND_SOUND_001039	Sound	onset	1		plus	candidate_pending_human_review			cmusphinx/cmudict	cmudict:first:S	searched	skies										3.900955857479258	3.8744931868137726	3.8877245221465153	4	4		1	1																																	
CAND_SOUND_001040	Sound	onset	1		plus	candidate_pending_human_review			cmusphinx/cmudict	cmudict:first:SH	chutes	schnapps										2.9456423376774072	2.8606315479690587	2.9031369428232328	4	5		1	1																																	
CAND_SOUND_001041	Sound	onset	1		plus	candidate_pending_human_review			cmusphinx/cmudict	cmudict:first:TH	thick	thrive										4.145519353753929	3.2418198305469765	3.693669592150453	3	4		1	1																																	
CAND_SOUND_001042	Sound	onset	1		plus	candidate_pending_human_review			cmusphinx/cmudict	cmudict:first:B	bail	beams										4.239373094599889	3.4291503910584704	3.83426174282918	3	4		1	1																																	
CAND_SOUND_001043	Sound	onset	1		plus	candidate_pending_human_review			cmusphinx/cmudict	cmudict:first:JH	germ	gist										3.098609797885951	3.040617850908264	3.0696138243971074	3	4		1	1																																	
CAND_SOUND_001044	Sound	onset	1		plus	candidate_pending_human_review			cmusphinx/cmudict	cmudict:first:V	veins	viewed										3.7426789322214247	3.016705693502853	3.379692312862139	4	4		1	1																																	
CAND_SOUND_001045	Sound	onset	1		plus	candidate_pending_human_review			cmusphinx/cmudict	cmudict:first:CH	chase	chimes										4.515925764864458	3.231949076520682	3.8739374206925703	3	4		1	1																																	
CAND_SOUND_001046	Sound	onset	1		plus	candidate_pending_human_review			cmusphinx/cmudict	cmudict:first:P	played	pout										4.750311720636056	3.0327925133963074	3.8915521170161815	4	3		1	1																																	
CAND_SOUND_001047	Sound	onset	1		plus	candidate_pending_human_review			cmusphinx/cmudict	cmudict:first:B	blinks	blurt										2.769551078621726	2.6903698325741012	2.7299604555979133	6	4		1	1																																	
CAND_SOUND_001048	Sound	onset	1		plus	candidate_pending_human_review			cmusphinx/cmudict	cmudict:first:JH	jacked	judge										3.3455082673854832	4.901276646228475	4.123392456806979	4	3		1	1																																	
CAND_SOUND_001049	Sound	onset	1		plus	candidate_pending_human_review			cmusphinx/cmudict	cmudict:first:R	rare	runs										4.328659367988358	4.506478503314005	4.417568935651182	3	4		1	1																																	
CAND_SOUND_001050	Sound	onset	1		plus	candidate_pending_human_review			cmusphinx/cmudict	cmudict:first:TH	thinks	thong										5.011346509916924	3.3218136015872735	4.166580055752099	5	3		1	1																																	
CAND_SOUND_001051	Sound	onset	1		plus	candidate_pending_human_review			cmusphinx/cmudict	cmudict:first:P	pep	posts										3.542849826210958	3.4416489365574434	3.492249381384201	3	5		1	1																																	
CAND_SOUND_001052	Sound	onset	1		plus	candidate_pending_human_review			cmusphinx/cmudict	cmudict:first:V	vote	vowed										4.53571596998551	3.2115079162781375	3.8736119431318237	3	3		1	1																																	
CAND_SOUND_001053	Sound	onset	1		plus	candidate_pending_human_review			cmusphinx/cmudict	cmudict:first:D	depth	doomed										3.916711919737732	3.910477920614156	3.913594920175944	4	4		1	1																																	
CAND_SOUND_001054	Sound	onset	1		plus	candidate_pending_human_review			cmusphinx/cmudict	cmudict:first:L	laughs	legs										4.385150468586163	4.744982887130989	4.565066677858576	4	4		1	1																																	
CAND_SOUND_001055	Sound	onset	1		plus	candidate_pending_human_review			cmusphinx/cmudict	cmudict:first:R	roar	roll										3.604183684957818	4.801228789305968	4.202706237131893	3	3		1	1																																	
CAND_SOUND_001056	Sound	onset	1		plus	candidate_pending_human_review			cmusphinx/cmudict	cmudict:first:R	raps	wrapped										2.723793588061051	4.070581074285707	3.397187331173379	4	4		1	1																																	
CAND_SOUND_001057	Sound	onset	1		plus	candidate_pending_human_review			cmusphinx/cmudict	cmudict:first:S	song	street										4.971675969315923	5.170779246119839	5.071227607717881	3	5		1	1																																	
CAND_SOUND_001058	Sound	onset	1		plus	candidate_pending_human_review			cmusphinx/cmudict	cmudict:first:M	marked	moans										4.030417150235494	3.3218136015872735	3.676115375911384	5	4		1	1																																	
CAND_SOUND_001059	Sound	onset	1		plus	candidate_pending_human_review			cmusphinx/cmudict	cmudict:first:S	skis	swerved										3.131278914639319	2.6726410656136697	2.9019599901264943	4	5		1	1																																	
CAND_SOUND_001060	Sound	onset	1		plus	candidate_pending_human_review			cmusphinx/cmudict	cmudict:first:G	gland	gulls										3.1789205490745456	3.016705693502853	3.0978131212886995	5	4		1	1																																	
CAND_SOUND_001061	Sound	onset	1		plus	candidate_pending_human_review			cmusphinx/cmudict	cmudict:first:P	pips	pray										3.040617850908264	4.558896719342306	3.7997572851252848	4	3		1	1																																	
CAND_SOUND_001062	Sound	onset	1		plus	candidate_pending_human_review			cmusphinx/cmudict	cmudict:first:K	curve	quench										3.6634976861738	2.7975798022219696	3.230538744197885	3	5		1	1																																	
CAND_SOUND_001063	Sound	onset	1		plus	candidate_pending_human_review			cmusphinx/cmudict	cmudict:first:R	right	rocks										6.602970203685071	4.359500679947434	5.481235441816253	3	4		1	1																																	
CAND_SOUND_001064	Sound	onset	1		plus	candidate_pending_human_review			cmusphinx/cmudict	cmudict:first:M	mast	milk										3.2115079162781375	4.628689375916257	3.9200986460971974	4	4		1	1																																	
CAND_SOUND_001065	Sound	onset	1		plus	candidate_pending_human_review			cmusphinx/cmudict	cmudict:first:F	flats	full										3.226928275145631	5.222461438853037	4.224694856999334	5	3		1	1																																	
CAND_SOUND_001066	Sound	onset	1		plus	candidate_pending_human_review			cmusphinx/cmudict	cmudict:first:F	fag	flank										3.731762517732326	3.6653418268721705	3.6985521723022483	3	5		1	1																																	
CAND_SOUND_001067	Sound	onset	1		plus	candidate_pending_human_review			cmusphinx/cmudict	cmudict:first:D	dolled	drawers										2.723793588061051	3.6308863175066683	3.1773399527838597	4	5		1	1																																	
CAND_SOUND_001068	Sound	onset	1		plus	candidate_pending_human_review			cmusphinx/cmudict	cmudict:first:B	bide	breaks										2.7395878552442827	4.274701056941632	3.5071444560929574	3	5		1	1																																	
CAND_SOUND_001069	Sound	onset	1		plus	candidate_pending_human_review			cmusphinx/cmudict	cmudict:first:N	nights	nodes										4.529722161469523	2.7395878552442827	3.6346550083569027	4	4		1	1																																	
CAND_SOUND_001070	Sound	onset	1		plus	candidate_pending_human_review			cmusphinx/cmudict	cmudict:first:K	cleans	coarse										3.3787896545768117	3.131278914639319	3.2550342846080653	5	4		1	1																																	
CAND_SOUND_001071	Sound	onset	1		plus	candidate_pending_human_review			cmusphinx/cmudict	cmudict:first:B	beefs	blitz										2.7074031718728815	3.098609797885951	2.903006484879416	4	5		1	1																																	
CAND_SOUND_001072	Sound	onset	1		plus	candidate_pending_human_review			cmusphinx/cmudict	cmudict:first:D	dah	diff										3.0327925133963074	2.848732324669351	2.940762419032829	2	3		1	1																																	
CAND_SOUND_001073	Sound	onset	1		plus	candidate_pending_human_review			cmusphinx/cmudict	cmudict:first:R	rigs	wrongs										2.723793588061051	3.016705693502853	2.870249640781952	4	4		1	1																																	
CAND_SOUND_001074	Sound	onset	1		plus	candidate_pending_human_review			cmusphinx/cmudict	cmudict:first:B	beefs	busts										2.7074031718728815	3.1497623203333323	2.928582746103107	4	5		1	1																																	
CAND_SOUND_001075	Sound	onset	1		plus	candidate_pending_human_review			cmusphinx/cmudict	cmudict:first:F	floods	fork										3.055857817465001	3.9456423376774072	3.500750077571204	5	4		1	1																																	
CAND_SOUND_001076	Sound	onset	1		plus	candidate_pending_human_review			cmusphinx/cmudict	cmudict:first:V	vans	veal										3.016705693502853	3.5501083987712483	3.2834070461370506	4	3		1	1																																	
CAND_SOUND_001077	Sound	onset	1		plus	candidate_pending_human_review			cmusphinx/cmudict	cmudict:first:G	gook	greed										3.0777596589128304	3.681595908266596	3.379677783589713	3	4		1	1																																	
CAND_SOUND_001078	Sound	onset	1		plus	candidate_pending_human_review			cmusphinx/cmudict	cmudict:first:B	balls	boys										4.603759776205857	5.3505520396849775	4.977155907945417	4	3		1	1																																	
CAND_SOUND_001079	Sound	onset	1		plus	candidate_pending_human_review			cmusphinx/cmudict	cmudict:first:G	gone	grain										5.472412249194655	3.678036097500376	4.575224173347515	3	4		1	1																																	
CAND_SOUND_001080	Sound	onset	1		plus	candidate_pending_human_review			cmusphinx/cmudict	cmudict:first:S	scab	see										2.7975798022219696	6.407684101318111	4.60263195177004	4	2		1	1																																	
CAND_SOUND_001081	Sound	onset	1		plus	candidate_pending_human_review			cmusphinx/cmudict	cmudict:first:HH	harp	hops										3.4195346222668714	2.9551876555836376	3.1873611389252545	4	4		1	1																																	
CAND_SOUND_001082	Sound	onset	1		plus	candidate_pending_human_review			cmusphinx/cmudict	cmudict:first:T	take	trite										6.276700535180079	2.894489815230026	4.585595175205052	3	4		1	1																																	
CAND_SOUND_001083	Sound	onset	1		plus	candidate_pending_human_review			cmusphinx/cmudict	cmudict:first:G	glass	ground										4.7832307759129185	4.860161786450133	4.821696281181525	4	5		1	1																																	
CAND_SOUND_001084	Sound	onset	1		plus	candidate_pending_human_review			cmusphinx/cmudict	cmudict:first:S	spar	swipe										2.848732324669351	3.2062436762857804	3.0274880004775655	4	4		1	1																																	
CAND_SOUND_001085	Sound	onset	1		plus	candidate_pending_human_review			cmusphinx/cmudict	cmudict:first:S	spa	state										3.6708277248502013	5.032792513396307	4.351810119123254	3	4		1	1																																	
CAND_SOUND_001086	Sound	onset	1		plus	candidate_pending_human_review			cmusphinx/cmudict	cmudict:first:HH	hats	heaps										3.987911500392261	2.7074031718728815	3.3476573361325714	4	4		1	1																																	
CAND_SOUND_001087	Sound	onset	1		plus	candidate_pending_human_review			cmusphinx/cmudict	cmudict:first:T	trains	troop										3.9115231545288065	3.763721534961002	3.8376223447449043	5	4		1	1																																	
CAND_SOUND_001088	Sound	onset	1		plus	candidate_pending_human_review			cmusphinx/cmudict	cmudict:first:SH	shrimp	shy										3.9398127940166834	4.264169414789842	4.101991104403263	5	2		1	1																																	
CAND_SOUND_001089	Sound	onset	1		plus	candidate_pending_human_review			cmusphinx/cmudict	cmudict:first:HH	hit	hunts										5.439332693830263	3.070581074285707	4.254956884057985	3	5		1	1																																	
CAND_SOUND_001090	Sound	onset	1		plus	candidate_pending_human_review			cmusphinx/cmudict	cmudict:first:B	bowls	breaks										3.337752802688721	4.274701056941632	3.8062269298151765	4	5		1	1																																	
CAND_SOUND_001091	Sound	onset	1		plus	candidate_pending_human_review			cmusphinx/cmudict	cmudict:first:K	clump	curse										2.723793588061051	4.260445537895706	3.4921195629783783	5	3		1	1																																	
CAND_SOUND_001092	Sound	onset	1		plus	candidate_pending_human_review			cmusphinx/cmudict	cmudict:first:M	mauled	mind										2.8606315479690587	5.685390438698859	4.273010993333959	4	4		1	1																																	
CAND_SOUND_001093	Sound	onset	1		plus	candidate_pending_human_review			cmusphinx/cmudict	cmudict:first:K	colts	crowds										2.7074031718728815	3.5452828548819566	3.126343013377419	5	5		1	1																																	
CAND_SOUND_001094	Sound	onset	1		plus	candidate_pending_human_review			cmusphinx/cmudict	cmudict:first:B	bills	butts										4.332240378050414	3.7578126753504817	4.045026526700448	4	4		1	1																																	
CAND_SOUND_001095	Sound	onset	1		plus	candidate_pending_human_review			cmusphinx/cmudict	cmudict:first:S	sift	sprayed										2.872213420518874	3.2466723333413885	3.059442876930131	4	5		1	1																																	
CAND_SOUND_001096	Sound	onset	1		plus	candidate_pending_human_review			cmusphinx/cmudict	cmudict:first:F	floods	phrase										3.055857817465001	3.9589478044569444	3.507402810960973	5	4		1	1																																	
CAND_SOUND_001097	Sound	onset	1		plus	candidate_pending_human_review			cmusphinx/cmudict	cmudict:first:M	mince	moi										2.723793588061051	3.2924298239020637	3.008111705981557	4	3		1	1																																	
CAND_SOUND_001098	Sound	onset	1		plus	candidate_pending_human_review			cmusphinx/cmudict	cmudict:first:M	males	mouths										3.4195346222668714	3.7285924709428198	3.5740635466048456	4	4		1	1																																	
CAND_SOUND_001099	Sound	onset	1		plus	candidate_pending_human_review			cmusphinx/cmudict	cmudict:first:TH	themes	thinks										3.048304679574555	5.011346509916924	4.0298255947457395	4	5		1	1																																	
CAND_SOUND_001100	Sound	onset	1		plus	candidate_pending_human_review			cmusphinx/cmudict	cmudict:first:K	capped	que										3.0848215134003176	3.718941085266639	3.4018812993334784	4	3		1	1																																	
CAND_SOUND_001101	Sound	onset	1		plus	candidate_pending_human_review			cmusphinx/cmudict	cmudict:first:T	tell	trail										6.236660729697238	4.283212515705202	5.25993662270122	3	4		1	1																																	
CAND_SOUND_001102	Sound	onset	1		plus	candidate_pending_human_review			cmusphinx/cmudict	cmudict:first:P	pours	puffed										3.173243416182855	2.915679114299964	3.0444612652414094	4	4		1	1																																	
CAND_SOUND_001103	Sound	onset	1		plus	candidate_pending_human_review			cmusphinx/cmudict	cmudict:first:G	goats	guests										3.42276359239707	4.410032515592148	3.916398053994609	4	5		1	1																																	
CAND_SOUND_001104	Sound	onset	1		plus	candidate_pending_human_review			cmusphinx/cmudict	cmudict:first:T	tack	tie										3.325853579389013	4.647689729429442	3.9867716544092273	3	2		1	1																																	
CAND_SOUND_001105	Sound	onset	1		plus	candidate_pending_human_review			cmusphinx/cmudict	cmudict:first:G	grand	guts										4.79947569632939	4.375573967045116	4.587524831687253	5	4		1	1																																	
CAND_SOUND_001106	Sound	onset	1		plus	candidate_pending_human_review			cmusphinx/cmudict	cmudict:first:G	glazed	goof										2.9913998282380825	3.3455082673854832	3.1684540478117826	5	3		1	1																																	
CAND_SOUND_001107	Sound	onset	1		plus	candidate_pending_human_review			cmusphinx/cmudict	cmudict:first:F	flares	flirt										3.1497623203333323	3.5934598195660445	3.3716110699496884	5	4		1	1																																	
CAND_SOUND_001108	Sound	onset	1		plus	candidate_pending_human_review			cmusphinx/cmudict	cmudict:first:S	sliced	stabbed										3.329856321842687	3.9754768621409133	3.6526665919918004	5	5		1	1																																	
CAND_SOUND_001109	Sound	onset	1		plus	candidate_pending_human_review			cmusphinx/cmudict	cmudict:first:B	blab	boob										2.75482782180102	3.4771212547196626	3.115974538260341	4	3		1	1																																	
CAND_SOUND_001110	Sound	onset	1		plus	candidate_pending_human_review			cmusphinx/cmudict	cmudict:first:T	tack	tongues										3.325853579389013	3.4883294763112973	3.407091527850155	3	4		1	1																																	
CAND_SOUND_001111	Sound	onset	1		plus	candidate_pending_human_review			cmusphinx/cmudict	cmudict:first:G	girls	grossed										5.3187996354757825	2.7395878552442827	4.029193745360033	4	5		1	1																																	
CAND_SOUND_001112	Sound	onset	1		plus	candidate_pending_human_review			cmusphinx/cmudict	cmudict:first:R	rags	robe										3.4992556999339133	3.928917720255429	3.714086710094671	4	3		1	1																																	
CAND_SOUND_001113	Sound	onset	1		plus	candidate_pending_human_review			cmusphinx/cmudict	cmudict:first:B	boils	breach										3.3010299956639813	3.7934890861198154	3.5472595408918983	4	4		1	1																																	
CAND_SOUND_001114	Sound	onset	1		plus	candidate_pending_human_review			cmusphinx/cmudict	cmudict:first:T	treat	types										4.715019663753546	3.972765337316627	4.343892500535087	4	4		1	1																																	
CAND_SOUND_001115	Sound	onset	1		plus	candidate_pending_human_review			cmusphinx/cmudict	cmudict:first:CH	cheap	chirp										4.559131790786152	2.769551078621726	3.664341434703939	3	3		1	1																																	
CAND_SOUND_001116	Sound	onset	1		plus	candidate_pending_human_review			cmusphinx/cmudict	cmudict:first:R	rims	rode										2.883494430928563	4.0167056935028524	3.4501000622157076	4	3		1	1																																	
CAND_SOUND_001117	Sound	onset	1		plus	candidate_pending_human_review			cmusphinx/cmudict	cmudict:first:R	rats	risks										4.2208256761587775	3.8135679076061	4.017196791882439	4	5		1	1																																	
CAND_SOUND_001118	Sound	onset	1		plus	candidate_pending_human_review			cmusphinx/cmudict	cmudict:first:B	blasts	bone										2.9645276818377813	4.415954804844795	3.6902412433412883	6	3		1	1																																	
CAND_SOUND_001119	Sound	onset	1		plus	candidate_pending_human_review			cmusphinx/cmudict	cmudict:first:F	fast	froze										5.138147841868722	3.6268835750529944	4.382515708460859	4	4		1	1																																	
CAND_SOUND_001120	Sound	onset	1		plus	candidate_pending_human_review			cmusphinx/cmudict	cmudict:first:D	deal	dicks										5.4172599733159235	3.6020599913279625	4.509659982321943	3	4		1	1																																	
CAND_SOUND_001121	Sound	onset	1		plus	candidate_pending_human_review			cmusphinx/cmudict	cmudict:first:S	sprung	stars										3.4097011195578277	4.664051751078085	4.036876435317956	5	5		1	1																																	
CAND_SOUND_001122	Sound	onset	1		plus	candidate_pending_human_review			cmusphinx/cmudict	cmudict:first:L	logged	loops										3.3218136015872735	3.055857817465001	3.1888357095261375	4	4		1	1																																	
CAND_SOUND_001123	Sound	onset	1		plus	candidate_pending_human_review			cmusphinx/cmudict	cmudict:first:F	fray	frock										2.973671061277651	2.9258982794816504	2.9497846703796506	3	4		1	1																																	
CAND_SOUND_001124	Sound	onset	1		plus	candidate_pending_human_review			cmusphinx/cmudict	cmudict:first:S	sit	slipped										5.493252972612995	4.2208256761587775	4.857039324385886	3	5		1	1																																	
CAND_SOUND_001125	Sound	onset	1		plus	candidate_pending_human_review			cmusphinx/cmudict	cmudict:first:K	crowns	kids										3.0248235837250323	5.478707927347431	4.251765755536232	5	4		1	1																																	
CAND_SOUND_001126	Sound	onset	1		plus	candidate_pending_human_review			cmusphinx/cmudict	cmudict:first:B	bleak	brands										3.0327925133963074	3.0084331675368627	3.020612840466585	4	6		1	1																																	
CAND_SOUND_001127	Sound	onset	1		plus	candidate_pending_human_review			cmusphinx/cmudict	cmudict:first:G	gays	gosh										3.173243416182855	4.475699667584868	3.8244715418838613	3	3		1	1																																	
CAND_SOUND_001128	Sound	onset	1		plus	candidate_pending_human_review			cmusphinx/cmudict	cmudict:first:F	flag	freaks										4.2427946782781865	3.9177422748637376	4.0802684765709625	4	5		1	1																																	
CAND_SOUND_001129	Sound	onset	1		plus	candidate_pending_human_review			cmusphinx/cmudict	cmudict:first:N	named	nudes										4.844367519266901	2.848732324669351	3.846549921968126	4	4		1	1																																	
CAND_SOUND_001130	Sound	onset	1		plus	candidate_pending_human_review			cmusphinx/cmudict	cmudict:first:S	signed	spurs										4.557011553140141	3.260912772455999	3.90896216279807	4	4		1	1																																	
CAND_SOUND_001131	Sound	onset	1		plus	candidate_pending_human_review			cmusphinx/cmudict	cmudict:first:W	weighed	weight										3.4771212547196626	4.559601552305077	4.01836140351237	3	3		1	1																																	
CAND_SOUND_001132	Sound	onset	1		plus	candidate_pending_human_review			cmusphinx/cmudict	cmudict:first:F	feet	formed										5.081798977493545	3.674446866476932	4.378122921985239	3	5		1	1																																	
CAND_SOUND_001133	Sound	onset	1		plus	candidate_pending_human_review			cmusphinx/cmudict	cmudict:first:S	sting	swiped										3.846312850545938	3.2167091099639453	3.5315109802549416	4	5		1	1																																	
CAND_SOUND_001134	Sound	onset	1		plus	candidate_pending_human_review			cmusphinx/cmudict	cmudict:first:P	plunged	pulled										2.9913998282380825	4.688280199920845	3.8398400140794635	6	4		1	1																																	
CAND_SOUND_001135	Sound	onset	1		plus	candidate_pending_human_review			cmusphinx/cmudict	cmudict:first:T	tile	trunks										3.325853579389013	3.399639793549932	3.362746686469473	3	6		1	1																																	
CAND_SOUND_001136	Sound	onset	1		plus	candidate_pending_human_review			cmusphinx/cmudict	cmudict:first:S	smile	steel										4.763427993562937	4.26601944732932	4.514723720446129	4	4		1	1																																	
CAND_SOUND_001137	Sound	onset	1		plus	candidate_pending_human_review			cmusphinx/cmudict	cmudict:first:K	cashed	quiche										3.325853579389013	2.9258982794816504	3.125875929435332	4	3		1	1																																	
CAND_SOUND_001138	Sound	onset	1		plus	candidate_pending_human_review			cmusphinx/cmudict	cmudict:first:HH	heals	high										3.070581074285707	5.290034611362518	4.180307842824113	4	2		1	1																																	
CAND_SOUND_001139	Sound	onset	1		plus	candidate_pending_human_review			cmusphinx/cmudict	cmudict:first:B	breach	breathes										3.7934890861198154	3.2655576775017625	3.529523381810789	4	5		1	1																																	
CAND_SOUND_001140	Sound	onset	1		plus	candidate_pending_human_review			cmusphinx/cmudict	cmudict:first:SH	chic	shrimp										3.3679767852945943	3.9398127940166834	3.653894789655639	3	5		1	1																																	
CAND_SOUND_001141	Sound	onset	1		plus	candidate_pending_human_review			cmusphinx/cmudict	cmudict:first:SH	shawl	shelves										3.1375278639163207	3.4385578595803015	3.288042861748311	3	5		1	1																																	
CAND_SOUND_001142	Sound	onset	1		plus	candidate_pending_human_review			cmusphinx/cmudict	cmudict:first:K	carp	cooks										2.883494430928563	3.5757310526056134	3.229612741767088	4	4		1	1																																	
CAND_SOUND_001143	Sound	onset	1		plus	candidate_pending_human_review			cmusphinx/cmudict	cmudict:first:F	flies	fought										4.147948979569864	4.42660693147883	4.287277955524347	4	3		1	1																																	
CAND_SOUND_001144	Sound	onset	1		plus	candidate_pending_human_review			cmusphinx/cmudict	cmudict:first:B	badge	bluffed										4.183409420891753	2.723793588061051	3.453601504476402	3	5		1	1																																	
CAND_SOUND_001145	Sound	onset	1		plus	candidate_pending_human_review			cmusphinx/cmudict	cmudict:first:W	wills	work										3.3416478465722452	5.902013562370102	4.621830704471174	4	3		1	1																																	
CAND_SOUND_001146	Sound	onset	1		plus	candidate_pending_human_review			cmusphinx/cmudict	cmudict:first:SH	shamed	ships										2.935882500388251	4.2932975454332905	3.614590022910771	4	4		1	1																																	
CAND_SOUND_001147	Sound	onset	1		plus	candidate_pending_human_review			cmusphinx/cmudict	cmudict:first:N	kneel	know										3.7269987279362624	6.757485343853885	5.242242035895074	3	2		1	1																																	
CAND_SOUND_001148	Sound	onset	1		plus	candidate_pending_human_review			cmusphinx/cmudict	cmudict:first:K	coup	kale										3.4162814648691495	2.7395878552442827	3.077934660056716	2	3		1	1																																	
CAND_SOUND_001149	Sound	onset	1		plus	candidate_pending_human_review			cmusphinx/cmudict	cmudict:first:Y	used	yards										5.53673169012324	4.173243416182855	4.854987553153047	4	5		1	1																																	
CAND_SOUND_001150	Sound	onset	1		plus	candidate_pending_human_review			cmusphinx/cmudict	cmudict:first:HH	hick	hone										3.3010299956639813	2.8606315479690587	3.0808307718165198	3	3		1	1																																	
CAND_SOUND_001151	Sound	onset	1		plus	candidate_pending_human_review			cmusphinx/cmudict	cmudict:first:K	clubs	crumb										4.017524344983533	3.256217651247619	3.636870998115576	5	4		1	1																																	
CAND_SOUND_001152	Sound	onset	1		plus	candidate_pending_human_review			cmusphinx/cmudict	cmudict:first:M	mean	mull										6.0948135349808545	2.6726410656136697	4.383727300297262	3	3		1	1																																	
CAND_SOUND_001153	Sound	onset	1		plus	candidate_pending_human_review			cmusphinx/cmudict	cmudict:first:S	sleeve	stocks										3.748795857031107	3.6104931588648252	3.679644507947966	4	5		1	1																																	
CAND_SOUND_001154	Sound	onset	1		plus	candidate_pending_human_review			cmusphinx/cmudict	cmudict:first:F	farms	fur										3.4537978261370386	3.9177422748637376	3.685770050500388	5	2		1	1																																	
CAND_SOUND_001155	Sound	onset	1		plus	candidate_pending_human_review			cmusphinx/cmudict	cmudict:first:T	tights	tolls										3.42276359239707	2.769551078621726	3.096157335509398	4	4		1	1																																	
CAND_SOUND_001156	Sound	onset	1		plus	candidate_pending_human_review			cmusphinx/cmudict	cmudict:first:S	searched	smudged										3.900955857479258	2.6726410656136697	3.286798461546464	4	5		1	1																																	
CAND_SOUND_001157	Sound	onset	1		plus	candidate_pending_human_review			cmusphinx/cmudict	cmudict:first:B	bands	brides										3.7301803867224517	2.9645276818377813	3.3473540342801167	5	5		1	1																																	
CAND_SOUND_001158	Sound	onset	1		plus	candidate_pending_human_review			cmusphinx/cmudict	cmudict:first:S	sap	slush										3.542849826210958	2.7395878552442827	3.1412188407276203	3	4		1	1																																	
CAND_SOUND_001159	Sound	onset	1		plus	candidate_pending_human_review			cmusphinx/cmudict	cmudict:first:P	paints	poised										3.4354446241561587	3.098609797885951	3.2670272110210545	5	4		1	1																																	
CAND_SOUND_001160	Sound	onset	1		plus	candidate_pending_human_review			cmusphinx/cmudict	cmudict:first:R	rings	roach										4.475414790905646	3.42276359239707	3.9490891916513577	4	3		1	1																																	
CAND_SOUND_001161	Sound	onset	1		plus	candidate_pending_human_review			cmusphinx/cmudict	cmudict:first:TH	three	thump										5.734187782410228	3.2880650184996134	4.511126400454921	3	4		1	1																																	
CAND_SOUND_001162	Sound	onset	1		plus	candidate_pending_human_review			cmusphinx/cmudict	cmudict:first:F	fad	fats										2.883494430928563	2.973671061277651	2.928582746103107	3	4		1	1																																	
CAND_SOUND_001163	Sound	onset	1		plus	candidate_pending_human_review			cmusphinx/cmudict	cmudict:first:F	fades	fast										3.2836558995945584	5.138147841868722	4.21090187073164	4	4		1	1																																	
CAND_SOUND_001164	Sound	onset	1		plus	candidate_pending_human_review			cmusphinx/cmudict	cmudict:first:V	vile	vow										3.6465382630494645	3.7333389059672815	3.689938584508373	3	2		1	1																																	
CAND_SOUND_001165	Sound	onset	1		plus	candidate_pending_human_review			cmusphinx/cmudict	cmudict:first:L	lifts	loaned										3.3752151942185136	3.337752802688721	3.3564839984536174	5	4		1	1																																	
CAND_SOUND_001166	Sound	onset	1		plus	candidate_pending_human_review			cmusphinx/cmudict	cmudict:first:K	crawled	croak										3.5977811933486876	3.063281835544208	3.330531514446448	5	4		1	1																																	
CAND_SOUND_001167	Sound	onset	1		plus	candidate_pending_human_review			cmusphinx/cmudict	cmudict:first:S	skis	sub										3.131278914639319	3.883494430928563	3.507386672783941	4	3		1	1																																	
CAND_SOUND_001168	Sound	onset	1		plus	candidate_pending_human_review			cmusphinx/cmudict	cmudict:first:R	robes	wreath										3.3606156856482254	3.0248235837250323	3.192719634686629	4	3		1	1																																	
CAND_SOUND_001169	Sound	onset	1		plus	candidate_pending_human_review			cmusphinx/cmudict	cmudict:first:EH	edge	em										4.3712490070009125	5.401299153018295	4.886274080009604	2	2		1	1																																	
CAND_SOUND_001170	Sound	onset	1		plus	candidate_pending_human_review			cmusphinx/cmudict	cmudict:first:AE	aft	at										3.5477023290053697	6.507464295978627	5.027583312491998	3	2		1	1																																	
CAND_SOUND_001171	Sound	onset	1		plus	candidate_pending_human_review			cmusphinx/cmudict	cmudict:first:V	vibe	votes										3.7173114605331308	3.894489815230026	3.805900637881578	3	4		1	1																																	
CAND_SOUND_001172	Sound	onset	1		plus	candidate_pending_human_review			cmusphinx/cmudict	cmudict:first:K	clouds	kit										4.000850724036776	4.2466723333413885	4.123761528689082	5	3		1	1																																	
CAND_SOUND_001173	Sound	onset	1		plus	candidate_pending_human_review			cmusphinx/cmudict	cmudict:first:K	clerk	kick										4.110655717516019	4.865765663968132	4.488210690742076	4	3		1	1																																	
CAND_SOUND_001174	Sound	onset	1		plus	candidate_pending_human_review			cmusphinx/cmudict	cmudict:first:B	bleeds	bull										3.167491087293764	4.4394874949304235	3.8034892911120934	5	3		1	1																																	
CAND_SOUND_001175	Sound	onset	1		plus	candidate_pending_human_review			cmusphinx/cmudict	cmudict:first:B	bell	borscht										4.594760752586463	2.8364978682523394	3.715629310419401	3	5		1	1																																	
CAND_SOUND_001176	Sound	onset	1		plus	candidate_pending_human_review			cmusphinx/cmudict	cmudict:first:G	grabbed	guise										4.1249387366083	2.7395878552442827	3.4322632959262913	5	3		1	1																																	
CAND_SOUND_001177	Sound	onset	1		plus	candidate_pending_human_review			cmusphinx/cmudict	cmudict:first:P	plumb	porn										3.226928275145631	4.064751530624983	3.6458399028853075	4	4		1	1																																	
CAND_SOUND_001178	Sound	onset	1		plus	candidate_pending_human_review			cmusphinx/cmudict	cmudict:first:B	bounced	box										3.471406771195233	4.953010736329363	4.212208753762297	5	4		1	1																																	
CAND_SOUND_001179	Sound	onset	1		plus	candidate_pending_human_review			cmusphinx/cmudict	cmudict:first:P	plagued	press										3.2701534291909113	4.77956819937925	4.024860814285081	5	4		1	1																																	
CAND_SOUND_001180	Sound	onset	1		plus	candidate_pending_human_review			cmusphinx/cmudict	cmudict:first:S	scopes	squirts										2.6903698325741012	2.8364978682523394	2.7634338504132203	5	6		1	1																																	
CAND_SOUND_001181	Sound	onset	1		plus	candidate_pending_human_review			cmusphinx/cmudict	cmudict:first:S	skins	slew										3.425968732272281	3.11850462660289	3.2722366794375857	5	3		1	1																																	
CAND_SOUND_001182	Sound	onset	1		plus	candidate_pending_human_review			cmusphinx/cmudict	cmudict:first:M	mist	moods										3.5501083987712483	3.325853579389013	3.4379809890801307	4	4		1	1																																	
CAND_SOUND_001183	Sound	onset	1		plus	candidate_pending_human_review			cmusphinx/cmudict	cmudict:first:M	mashed	med										3.5665876731657433	3.8289882664735937	3.6977879698196685	4	3		1	1																																	
CAND_SOUND_001184	Sound	onset	1		plus	candidate_pending_human_review			cmusphinx/cmudict	cmudict:first:B	beg	blunt										4.7074031718728815	3.6903698325741012	4.198886502223491	3	5		1	1																																	
CAND_SOUND_001185	Sound	onset	1		plus	candidate_pending_human_review			cmusphinx/cmudict	cmudict:first:K	clutch	crawls										3.3962335448580205	3.0084331675368627	3.2023333561974416	4	5		1	1																																	
CAND_SOUND_001186	Sound	onset	1		plus	candidate_pending_human_review			cmusphinx/cmudict	cmudict:first:B	blond	bombs										4.019157032928636	4.154561203215101	4.086859118071868	5	4		1	1																																	
CAND_SOUND_001187	Sound	onset	1		plus	candidate_pending_human_review			cmusphinx/cmudict	cmudict:first:B	begs	bloods										3.1497623203333323	2.935882500388251	3.0428224103607917	4	5		1	1																																	
CAND_SOUND_001188	Sound	onset	1		plus	candidate_pending_human_review			cmusphinx/cmudict	cmudict:first:M	mare	moons										3.462691539297021	3.3716110699496884	3.4171513046233546	3	4		1	1																																	
CAND_SOUND_001189	Sound	onset	1		plus	candidate_pending_human_review			cmusphinx/cmudict	cmudict:first:K	carts	crumbs										3.274701056941632	3.4063731762089002	3.340537116575266	5	5		1	1																																	
CAND_SOUND_001190	Sound	onset	1		plus	candidate_pending_human_review			cmusphinx/cmudict	cmudict:first:F	fee	fluke										3.9861567728257103	3.2418198305469765	3.6139883016863434	2	4		1	1																																	
CAND_SOUND_001191	Sound	onset	1		plus	candidate_pending_human_review			cmusphinx/cmudict	cmudict:first:M	make	meant										6.142309701939205	5.018014796172758	5.580162249055981	3	4		1	1																																	
CAND_SOUND_001192	Sound	onset	1		plus	candidate_pending_human_review			cmusphinx/cmudict	cmudict:first:K	crock	quack										3.3052670486072357	3.6653418268721705	3.4853044377397033	4	4		1	1																																	
CAND_SOUND_001193	Sound	onset	1		plus	candidate_pending_human_review			cmusphinx/cmudict	cmudict:first:S	sink	smiles										4.228440619617273	3.7921169065204676	4.01027876306887	4	5		1	1																																	
CAND_SOUND_001194	Sound	onset	1		plus	candidate_pending_human_review			cmusphinx/cmudict	cmudict:first:F	frisk	fuse										3.190056915192505	3.68688150472828	3.4384692099603926	5	4		1	1																																	
CAND_SOUND_001195	Sound	onset	1		plus	candidate_pending_human_review			cmusphinx/cmudict	cmudict:first:P	plume	punk										2.6726410656136697	4.342035436497037	3.5073382510553532	4	4		1	1																																	
CAND_SOUND_001196	Sound	onset	1		plus	candidate_pending_human_review			cmusphinx/cmudict	cmudict:first:P	peel	pins										3.7285924709428198	3.6522653062419517	3.6904288885923857	3	4		1	1																																	
CAND_SOUND_001197	Sound	onset	1		plus	candidate_pending_human_review			cmusphinx/cmudict	cmudict:first:S	sage	scorched										3.2418198305469765	2.872213420518874	3.057016625532925	3	6		1	1																																	
CAND_SOUND_001198	Sound	onset	1		plus	candidate_pending_human_review			cmusphinx/cmudict	cmudict:first:M	matched	mixed										3.604183684957818	4.329856321842687	3.9670200034002523	4	5		1	1																																	
CAND_SOUND_001199	Sound	onset	1		plus	candidate_pending_human_review			cmusphinx/cmudict	cmudict:first:S	scorn	skies										3.063281835544208	3.8744931868137726	3.4688875111789903	5	4		1	1																																	
CAND_SOUND_001200	Sound	onset	1		plus	candidate_pending_human_review			cmusphinx/cmudict	cmudict:first:L	lent	lists										3.5711834248548926	3.5890950141635947	3.5801392195092436	4	5		1	1																																	
CAND_SOUND_001201	Sound	onset	1		plus	candidate_pending_human_review			cmusphinx/cmudict	cmudict:first:G	graves	growls										3.775303407510817	3.4477658613671256	3.6115346344389714	5	5		1	1																																	
CAND_SOUND_001202	Sound	onset	1		plus	candidate_pending_human_review			cmusphinx/cmudict	cmudict:first:R	rights	rots										4.471406771195233	2.935882500388251	3.703644635791742	4	4		1	1																																	
CAND_SOUND_001203	Sound	onset	1		plus	candidate_pending_human_review			cmusphinx/cmudict	cmudict:first:D	dick	drunk										4.724275869600789	4.883939632896718	4.804107751248754	3	5		1	1																																	
CAND_SOUND_001204	Sound	onset	1		plus	candidate_pending_human_review			cmusphinx/cmudict	cmudict:first:B	both	bruised										5.470312467167388	3.3218136015872735	4.396063034377331	3	5		1	1																																	
CAND_SOUND_001205	Sound	onset	1		plus	candidate_pending_human_review			cmusphinx/cmudict	cmudict:first:F	fills	fleece										3.4162814648691495	3.063281835544208	3.2397816502066785	4	4		1	1																																	
CAND_SOUND_001206	Sound	onset	1		plus	candidate_pending_human_review			cmusphinx/cmudict	cmudict:first:R	racks	roamed										2.935882500388251	2.6726410656136697	2.8042617830009604	4	4		1	1																																	
CAND_SOUND_001207	Sound	onset	1		plus	candidate_pending_human_review			cmusphinx/cmudict	cmudict:first:N	nag	night										3.337752802688721	5.937537558034146	4.637645180361433	3	3		1	1																																	
CAND_SOUND_001208	Sound	onset	1		plus	candidate_pending_human_review			cmusphinx/cmudict	cmudict:first:S	slew	smelled										3.11850462660289	3.898811189012669	3.5086579078077795	3	5		1	1																																	
CAND_SOUND_001209	Sound	onset	1		plus	candidate_pending_human_review			cmusphinx/cmudict	cmudict:first:B	blades	bragged										3.5125379119421187	2.769551078621726	3.141044495281922	5	5		1	1																																	
CAND_SOUND_001210	Sound	onset	1		plus	candidate_pending_human_review			cmusphinx/cmudict	cmudict:first:R	reap	riled										3.4130037551079138	3.16166154363304	3.2873326493704766	3	4		1	1																																	
CAND_SOUND_001211	Sound	onset	1		plus	candidate_pending_human_review			cmusphinx/cmudict	cmudict:first:S	smoke	sob										4.815786030556857	3.1789205490745456	3.997353289815701	4	3		1	1																																	
CAND_SOUND_001212	Sound	onset	1		plus	candidate_pending_human_review			cmusphinx/cmudict	cmudict:first:M	messed	moi										4.223378855069587	3.2924298239020637	3.757904339485825	4	3		1	1																																	
CAND_SOUND_001213	Sound	onset	1		plus	candidate_pending_human_review			cmusphinx/cmudict	cmudict:first:R	rail	rots										3.6597857449280826	2.935882500388251	3.297834122658167	3	4		1	1																																	
CAND_SOUND_001214	Sound	onset	1		plus	candidate_pending_human_review			cmusphinx/cmudict	cmudict:first:V	vault	vouched										4.0805981950432315	2.6903698325741012	3.385484013808666	4	4		1	1																																	
CAND_SOUND_001215	Sound	onset	1		plus	candidate_pending_human_review			cmusphinx/cmudict	cmudict:first:CH	chaste	choice										2.769551078621726	4.989222908983808	3.879386993802767	4	3		1	1																																	
CAND_SOUND_001216	Sound	onset	1		plus	candidate_pending_human_review			cmusphinx/cmudict	cmudict:first:T	tout	tricks										3.0327925133963074	4.278753600952829	3.655773057174568	3	5		1	1																																	
CAND_SOUND_001217	Sound	onset	1		plus	candidate_pending_human_review			cmusphinx/cmudict	cmudict:first:B	base	brushed										4.548666357107987	3.3823349353414613	3.965500646224724	3	5		1	1																																	
CAND_SOUND_001218	Sound	onset	1		plus	candidate_pending_human_review			cmusphinx/cmudict	cmudict:first:P	pads	puffed										3.4992556999339133	2.915679114299964	3.2074674071169387	4	4		1	1																																	
CAND_SOUND_001219	Sound	onset	1		plus	candidate_pending_human_review			cmusphinx/cmudict	cmudict:first:D	draw	dreamed										4.606507815681276	4.186745886586502	4.396626851133889	3	5		1	1																																	
CAND_SOUND_001220	Sound	onset	1		plus	candidate_pending_human_review			cmusphinx/cmudict	cmudict:first:R	rights	ruled										4.471406771195233	3.7411361438071435	4.1062714575011885	4	4		1	1																																	
CAND_SOUND_001221	Sound	onset	1		plus	candidate_pending_human_review			cmusphinx/cmudict	cmudict:first:P	lbs	plight										3.063281835544208	3.0917703733556454	3.0775261044499267	5	4		1	1																																	
CAND_SOUND_001222	Sound	onset	1		plus	candidate_pending_human_review			cmusphinx/cmudict	cmudict:first:D	dropped	ducked										4.6872316010647745	3.0777596589128304	3.8824956299888025	5	4		1	1																																	
CAND_SOUND_001223	Sound	onset	1		plus	candidate_pending_human_review			cmusphinx/cmudict	cmudict:first:SH	shipped	shock										3.6228435972512543	4.459155879482116	4.0409997383666845	4	3		1	1																																	
CAND_SOUND_001224	Sound	onset	1		plus	candidate_pending_human_review			cmusphinx/cmudict	cmudict:first:K	click	curved										3.8069775765623497	2.7837915177363364	3.295384547149343	4	4		1	1																																	
CAND_SOUND_001225	Sound	onset	1		plus	candidate_pending_human_review			cmusphinx/cmudict	cmudict:first:M	mold	my										3.632873938742182	6.830121759078061	5.231497848910122	4	2		1	1																																	
CAND_SOUND_001226	Sound	onset	1		plus	candidate_pending_human_review			cmusphinx/cmudict	cmudict:first:B	blonde	boy										4.143688172621139	5.724131241365484	4.933909706993312	5	2		1	1																																	
CAND_SOUND_001227	Sound	onset	1		plus	candidate_pending_human_review			cmusphinx/cmudict	cmudict:first:R	raced	rains										3.11850462660289	3.7173114605331308	3.4179080435680103	4	4		1	1																																	
CAND_SOUND_001228	Sound	onset	1		plus	candidate_pending_human_review			cmusphinx/cmudict	cmudict:first:P	pear	preached										3.1249387366083	2.7975798022219696	2.9612592694151347	3	5		1	1																																	
CAND_SOUND_001229	Sound	onset	1		plus	candidate_pending_human_review			cmusphinx/cmudict	cmudict:first:T	too	toys										6.1372175427299105	4.121089720437384	5.129153631583647	2	3		1	1																																	
CAND_SOUND_001230	Sound	onset	1		plus	candidate_pending_human_review			cmusphinx/cmudict	cmudict:first:F	fin	flood										3.5329790721846632	3.756322812887971	3.644650942536317	3	4		1	1																																	
CAND_SOUND_001231	Sound	onset	1		plus	candidate_pending_human_review			cmusphinx/cmudict	cmudict:first:B	blocks	bone										4.176091259055681	4.415954804844795	4.296023031950238	5	3		1	1																																	
CAND_SOUND_001232	Sound	onset	1		plus	candidate_pending_human_review			cmusphinx/cmudict	cmudict:first:S	sane	seal										3.7411361438071435	4.168647664493706	3.9548919041504247	3	3		1	1																																	
CAND_SOUND_001233	Sound	onset	1		plus	candidate_pending_human_review			cmusphinx/cmudict	cmudict:first:G	glaze	glum										2.9456423376774072	3.0084331675368627	2.977037752607135	4	4		1	1																																	
CAND_SOUND_001234	Sound	onset	1		plus	candidate_pending_human_review			cmusphinx/cmudict	cmudict:first:B	berth	boar										2.894489815230026	3.337752802688721	3.1161213089593733	3	3		1	1																																	
CAND_SOUND_001235	Sound	onset	1		plus	candidate_pending_human_review			cmusphinx/cmudict	cmudict:first:F	feast	flipped										3.8264559299581986	3.6955503450778817	3.76100313751804	4	5		1	1																																	
CAND_SOUND_001236	Sound	onset	1		plus	candidate_pending_human_review			cmusphinx/cmudict	cmudict:first:D	dorms	ducked										2.8606315479690587	3.0777596589128304	2.9691956034409444	5	4		1	1																																	
CAND_SOUND_001237	Sound	onset	1		plus	candidate_pending_human_review			cmusphinx/cmudict	cmudict:first:D	die	dumps										5.416868834458589	3.4291503910584704	4.42300961275853	2	5		1	1																																	
CAND_SOUND_001238	Sound	onset	1		plus	candidate_pending_human_review			cmusphinx/cmudict	cmudict:first:D	drain	dub										3.935882500388251	3.0327925133963074	3.4843375068922793	4	3		1	1																																	
CAND_SOUND_001239	Sound	onset	1		plus	candidate_pending_human_review			cmusphinx/cmudict	cmudict:first:K	clasp	kind										3.0084331675368627	5.771356879484989	4.389895023510926	5	4		1	1																																	
CAND_SOUND_001240	Sound	onset	1		plus	candidate_pending_human_review			cmusphinx/cmudict	cmudict:first:K	cleft	crossed										2.769551078621726	4.2339412565364665	3.501746167579096	5	5		1	1																																	
CAND_SOUND_001241	Sound	onset	1		plus	candidate_pending_human_review			cmusphinx/cmudict	cmudict:first:HH	haze	hype										3.1789205490745456	3.2115079162781375	3.1952142326763413	3	3		1	1																																	
CAND_SOUND_001242	Sound	onset	1		plus	candidate_pending_human_review			cmusphinx/cmudict	cmudict:first:K	cakes	carbs										3.756322812887971	3.0248235837250323	3.3905731983065017	4	5		1	1																																	
CAND_SOUND_001243	Sound	onset	1		plus	candidate_pending_human_review			cmusphinx/cmudict	cmudict:first:S	snuffed	swift										2.7074031718728815	3.5868960500636566	3.147149610968269	5	5		1	1																																	
CAND_SOUND_001244	Sound	onset	1		plus	candidate_pending_human_review			cmusphinx/cmudict	cmudict:first:W	ones	worms										5.00650798888392	3.7989348563069356	4.402721422595428	4	4		1	1																																	
CAND_SOUND_001245	Sound	onset	1		plus	candidate_pending_human_review			cmusphinx/cmudict	cmudict:first:W	wimps	woods										3.0084331675368627	4.463278027545373	3.735855597541118	5	4		1	1																																	
CAND_SOUND_001246	Sound	onset	1		plus	candidate_pending_human_review			cmusphinx/cmudict	cmudict:first:F	filth	framed										3.656041803794208	3.7457481639491013	3.7008949838716547	4	5		1	1																																	
CAND_SOUND_001247	Sound	onset	1		plus	candidate_pending_human_review			cmusphinx/cmudict	cmudict:first:EH	airs	eh										2.883494430928563	4.710565322327296	3.7970298766279296	3	1		1	1																																	
CAND_SOUND_001248	Sound	onset	1		plus	candidate_pending_human_review			cmusphinx/cmudict	cmudict:first:CH	chap	chow										3.8029748341086758	3.8364978682523394	3.8197363511805076	3	2		1	1																																	
CAND_SOUND_001249	Sound	onset	1		plus	candidate_pending_human_review			cmusphinx/cmudict	cmudict:first:P	passed	pig										4.712550671987767	4.592590360853416	4.6525705164205915	4	3		1	1																																	
CAND_SOUND_001250	Sound	onset	1		plus	candidate_pending_human_review			cmusphinx/cmudict	cmudict:first:K	creamed	kissed										3.2062436762857804	4.454994230425083	3.8306189533554313	5	4		1	1																																	
CAND_SOUND_001251	Sound	onset	1		plus	candidate_pending_human_review			cmusphinx/cmudict	cmudict:first:S	send	sound										5.254751796631648	5.156525397326311	5.20563859697898	4	4		1	1																																	
CAND_SOUND_001252	Sound	onset	1		plus	candidate_pending_human_review			cmusphinx/cmudict	cmudict:first:K	crazed	cribs										3.3218136015872735	2.6903698325741012	3.0060917170806873	5	5		1	1																																	
CAND_SOUND_001253	Sound	onset	1		plus	candidate_pending_human_review			cmusphinx/cmudict	cmudict:first:HH	hem	huh										2.915679114299964	5.6417073513700196	4.278693232834992	3	2		1	1																																	
CAND_SOUND_001254	Sound	onset	1		plus	candidate_pending_human_review			cmusphinx/cmudict	cmudict:first:Y	you	young										7.6217693187691165	5.385921550912995	6.503845434841056	2	3		1	1																																	
CAND_SOUND_001255	Sound	onset	1		plus	candidate_pending_human_review			cmusphinx/cmudict	cmudict:first:S	small	soar										5.096773742381929	3.184524426592544	4.140649084487237	4	3		1	1																																	
CAND_SOUND_001256	Sound	onset	1		plus	candidate_pending_human_review			cmusphinx/cmudict	cmudict:first:W	wastes	weld										2.8364978682523394	2.7975798022219696	2.8170388352371543	5	4		1	1																																	
CAND_SOUND_001257	Sound	onset	1		plus	candidate_pending_human_review			cmusphinx/cmudict	cmudict:first:B	beds	blew										3.932911260872485	4.499255699933913	4.216083480403199	4	3		1	1																																	
CAND_SOUND_001258	Sound	onset	1		plus	candidate_pending_human_review			cmusphinx/cmudict	cmudict:first:R	root	rush										4.01997108093062	4.497092335650283	4.258531708290452	3	3		1	1																																	
CAND_SOUND_001259	Sound	onset	1		plus	candidate_pending_human_review			cmusphinx/cmudict	cmudict:first:SH	shores	shunt										3.3010299956639813	2.973671061277651	3.137350528470816	4	4		1	1																																	
CAND_SOUND_001260	Sound	onset	1		plus	candidate_pending_human_review			cmusphinx/cmudict	cmudict:first:T	tasks	tuck										3.2218487496163566	3.900955857479258	3.5614023035478075	5	3		1	1																																	
CAND_SOUND_001261	Sound	onset	1		plus	candidate_pending_human_review			cmusphinx/cmudict	cmudict:first:S	spilled	stashed										3.8029748341086758	3.4416489365574434	3.6223118853330596	5	5		1	1																																	
CAND_SOUND_001262	Sound	onset	1		plus	candidate_pending_human_review			cmusphinx/cmudict	cmudict:first:G	grad	grids										3.462691539297021	2.75482782180102	3.1087596805490203	4	5		1	1																																	
CAND_SOUND_001263	Sound	onset	1		plus	candidate_pending_human_review			cmusphinx/cmudict	cmudict:first:F	fault	figs										5.017524344983533	2.8364978682523394	3.927011106617936	4	4		1	1																																	
CAND_SOUND_001264	Sound	onset	1		plus	candidate_pending_human_review			cmusphinx/cmudict	cmudict:first:HH	harsh	holes										3.851138394435229	4.183967281574628	4.017552838004928	4	4		1	1																																	
CAND_SOUND_001265	Sound	onset	1		plus	candidate_pending_human_review			cmusphinx/cmudict	cmudict:first:B	blamed	blues										3.750311720636056	4.0109315127693375	3.8806216167026966	5	4		1	1																																	
CAND_SOUND_001266	Sound	onset	1		plus	candidate_pending_human_review			cmusphinx/cmudict	cmudict:first:M	mea	month										2.848732324669351	4.97852959589798	3.9136309602836654	2	4		1	1																																	
CAND_SOUND_001267	Sound	onset	1		plus	candidate_pending_human_review			cmusphinx/cmudict	cmudict:first:K	cloves	coy										2.75482782180102	3.2369124960522324	2.995870158926626	5	2		1	1																																	
CAND_SOUND_001268	Sound	onset	1		plus	candidate_pending_human_review			cmusphinx/cmudict	cmudict:first:L	latch	lint										3.2836558995945584	3.1249387366083	3.204297318101429	3	4		1	1																																	
CAND_SOUND_001269	Sound	onset	1		plus	candidate_pending_human_review			cmusphinx/cmudict	cmudict:first:B	boards	brim										3.638782798352702	2.9456423376774072	3.2922125680150547	5	4		1	1																																	
CAND_SOUND_001270	Sound	onset	1		plus	candidate_pending_human_review			cmusphinx/cmudict	cmudict:first:G	groom	guns										3.8934027195888117	4.782669309148351	4.338036014368582	4	4		1	1																																	
CAND_SOUND_001271	Sound	onset	1		plus	candidate_pending_human_review			cmusphinx/cmudict	cmudict:first:K	carbs	con										3.0248235837250323	4.101315691261876	3.563069637493454	5	3		1	1																																	
CAND_SOUND_001272	Sound	onset	1		plus	candidate_pending_human_review			cmusphinx/cmudict	cmudict:first:W	wines	winked										3.16166154363304	2.8606315479690587	3.0111465458010493	4	5		1	1																																	
CAND_SOUND_001273	Sound	onset	1		plus	candidate_pending_human_review			cmusphinx/cmudict	cmudict:first:S	steep	stepped										3.38933983691012	4.109333663277724	3.7493367500939216	4	5		1	1																																	
CAND_SOUND_001274	Sound	onset	1		plus	candidate_pending_human_review			cmusphinx/cmudict	cmudict:first:S	squared	stuffed										3.3716110699496884	3.9368684133699023	3.6542397416597954	6	5		1	1																																	
CAND_SOUND_001275	Sound	onset	1		plus	candidate_pending_human_review			cmusphinx/cmudict	cmudict:first:T	treat	trench										4.715019663753546	3.4883294763112973	4.101674570032422	4	5		1	1																																	
CAND_SOUND_001276	Sound	onset	1		plus	candidate_pending_human_review			cmusphinx/cmudict	cmudict:first:HH	heaps	hops										2.7074031718728815	2.9551876555836376	2.8312954137282595	4	4		1	1																																	
CAND_SOUND_001277	Sound	onset	1		plus	candidate_pending_human_review			cmusphinx/cmudict	cmudict:first:TH	thin	thong										4.304845198664497	3.3218136015872735	3.813329400125885	3	3		1	1																																	
CAND_SOUND_001278	Sound	onset	1		plus	candidate_pending_human_review			cmusphinx/cmudict	cmudict:first:G	glow	guess										3.7592974442561733	5.657037095672144	4.708167269964159	3	3		1	1																																	
CAND_SOUND_001279	Sound	onset	1		plus	candidate_pending_human_review			cmusphinx/cmudict	cmudict:first:D	dah	deux										3.0327925133963074	2.894489815230026	2.9636411643131666	2	2		1	1																																	
CAND_SOUND_001280	Sound	onset	1		plus	candidate_pending_human_review			cmusphinx/cmudict	cmudict:first:D	deem	dudes										2.769551078621726	3.8302489189753377	3.299899998798532	3	5		1	1																																	
CAND_SOUND_001281	Sound	onset	1		plus	candidate_pending_human_review			cmusphinx/cmudict	cmudict:first:B	barf	blah										3.2924298239020637	4.128753939608815	3.7105918817554393	4	3		1	1																																	
CAND_SOUND_001282	Sound	onset	1		plus	candidate_pending_human_review			cmusphinx/cmudict	cmudict:first:HH	hack	hoods										3.9319163131706496	3.184524426592544	3.558220369881597	3	4		1	1																																	
CAND_SOUND_001283	Sound	onset	1		plus	candidate_pending_human_review			cmusphinx/cmudict	cmudict:first:G	grabs	grunt										3.5711834248548926	3.3455082673854832	3.4583458461201877	5	5		1	1																																	
CAND_SOUND_001284	Sound	onset	1		plus	candidate_pending_human_review			cmusphinx/cmudict	cmudict:first:S	skins	sled										3.425968732272281	3.4656160923143378	3.4457924122933097	5	4		1	1																																	
CAND_SOUND_001285	Sound	onset	1		plus	candidate_pending_human_review			cmusphinx/cmudict	cmudict:first:G	glib	guide										2.905213680621799	4.251471216223157	3.578342448422478	4	3		1	1																																	
CAND_SOUND_001286	Sound	onset	1		plus	candidate_pending_human_review			cmusphinx/cmudict	cmudict:first:M	maze	moot										3.4063731762089002	3.070581074285707	3.2384771252473037	3	3		1	1																																	
CAND_SOUND_001287	Sound	onset	1		plus	candidate_pending_human_review			cmusphinx/cmudict	cmudict:first:F	fail	fled										4.390727360396761	3.6426778422362265	4.016702601316494	3	4		1	1																																	
CAND_SOUND_001288	Sound	onset	1		plus	candidate_pending_human_review			cmusphinx/cmudict	cmudict:first:N	none	noose										5.043785923627457	3.337752802688721	4.190769363158089	3	3		1	1																																	
CAND_SOUND_001289	Sound	onset	1		plus	candidate_pending_human_review			cmusphinx/cmudict	cmudict:first:SH	shores	should										3.3010299956639813	6.02610046077392	4.663565228218951	4	3		1	1																																	
CAND_SOUND_001290	Sound	onset	1		plus	candidate_pending_human_review			cmusphinx/cmudict	cmudict:first:F	fades	froze										3.2836558995945584	3.6268835750529944	3.4552697373237766	4	4		1	1																																	
CAND_SOUND_001291	Sound	onset	1		plus	candidate_pending_human_review			cmusphinx/cmudict	cmudict:first:P	patch	pole										4.240842789680665	4.099964851970917	4.170403820825791	3	3		1	1																																	
CAND_SOUND_001292	Sound	onset	1		plus	candidate_pending_human_review			cmusphinx/cmudict	cmudict:first:EY	ache	eight										3.3962335448580205	4.992267549769309	4.194250547313665	2	2		1	1																																	
CAND_SOUND_001293	Sound	onset	1		plus	candidate_pending_human_review			cmusphinx/cmudict	cmudict:first:K	calf	clean										3.471406771195233	5.083629070400939	4.277517920798086	3	4		1	1																																	
CAND_SOUND_001294	Sound	onset	1		plus	candidate_pending_human_review			cmusphinx/cmudict	cmudict:first:G	grad	guise										3.462691539297021	2.7395878552442827	3.1011396972706518	4	3		1	1																																	
CAND_SOUND_001295	Sound	onset	1		plus	candidate_pending_human_review			cmusphinx/cmudict	cmudict:first:S	strand	sums										3.2655576775017625	3.2369124960522324	3.2512350867769975	6	4		1	1																																	
CAND_SOUND_001296	Sound	onset	1		plus	candidate_pending_human_review			cmusphinx/cmudict	cmudict:first:L	laws	lynched										4.230949549078556	2.723793588061051	3.4773715685698035	3	5		1	1																																	
CAND_SOUND_001297	Sound	onset	1		plus	candidate_pending_human_review			cmusphinx/cmudict	cmudict:first:M	moods	moved										3.325853579389013	4.840942080243099	4.0833978298160565	4	4		1	1																																	
CAND_SOUND_001298	Sound	onset	1		plus	candidate_pending_human_review			cmusphinx/cmudict	cmudict:first:P	pops	prone										4.0691310078904745	3.256217651247619	3.6626743295690467	4	4		1	1																																	
CAND_SOUND_001299	Sound	onset	1		plus	candidate_pending_human_review			cmusphinx/cmudict	cmudict:first:B	bong	bricks										3.44471816828512	3.5934598195660445	3.5190889939255823	3	5		1	1																																	
CAND_SOUND_001300	Sound	onset	1		plus	candidate_pending_human_review			cmusphinx/cmudict	cmudict:first:B	badge	bit										4.183409420891753	5.3711403292303395	4.777274875061046	3	3		1	1																																	
CAND_SOUND_001301	Sound	onset	1		plus	candidate_pending_human_review			cmusphinx/cmudict	cmudict:first:S	sky	spare										4.6513160283079324	4.489158546525351	4.570237287416642	3	4		1	1																																	
CAND_SOUND_001302	Sound	onset	1		plus	candidate_pending_human_review			cmusphinx/cmudict	cmudict:first:F	file	floors										4.643839575827503	3.9020242331272836	4.272931904477393	3	5		1	1																																	
CAND_SOUND_001303	Sound	onset	1		plus	candidate_pending_human_review			cmusphinx/cmudict	cmudict:first:T	took	tux										5.534324795532767	3.5379424917162137	4.53613364362449	3	4		1	1																																	
CAND_SOUND_001304	Sound	onset	1		plus	candidate_pending_human_review			cmusphinx/cmudict	cmudict:first:K	kite	quail										3.3606156856482254	3.1249387366083	3.2427772111282627	3	4		1	1																																	
CAND_SOUND_001305	Sound	onset	1		plus	candidate_pending_human_review			cmusphinx/cmudict	cmudict:first:AE	ant	ax										3.7285924709428198	3.6368220975871743	3.682707284264997	3	3		1	1																																	
CAND_SOUND_001306	Sound	onset	1		plus	candidate_pending_human_review			cmusphinx/cmudict	cmudict:first:P	plate	plucked										4.409037567890312	3.105343180544919	3.7571903742176156	4	5		1	1																																	
CAND_SOUND_001307	Sound	onset	1		plus	candidate_pending_human_review			cmusphinx/cmudict	cmudict:first:F	first	fling										5.924573176795779	3.5477023290053697	4.736137752900575	4	4		1	1																																	
CAND_SOUND_001308	Sound	onset	1		plus	candidate_pending_human_review			cmusphinx/cmudict	cmudict:first:P	parked	prove										4.019157032928636	4.847524272480383	4.433340652704509	5	4		1	1																																	
CAND_SOUND_001309	Sound	onset	1		plus	candidate_pending_human_review			cmusphinx/cmudict	cmudict:first:M	may	moi										5.708737410961946	3.2924298239020637	4.500583617432005	2	3		1	1																																	
CAND_SOUND_001310	Sound	onset	1		plus	candidate_pending_human_review			cmusphinx/cmudict	cmudict:first:S	spice	streak										3.723793588061051	3.7622518398802267	3.743022713970639	4	5		1	1																																	
CAND_SOUND_001311	Sound	onset	1		plus	candidate_pending_human_review			cmusphinx/cmudict	cmudict:first:D	dogged	dung										2.7074031718728815	3.2466723333413885	2.977037752607135	4	3		1	1																																	
CAND_SOUND_001312	Sound	onset	1		plus	candidate_pending_human_review			cmusphinx/cmudict	cmudict:first:G	grips	groove										3.0848215134003176	3.618765684830815	3.3517935991155663	5	4		1	1																																	
CAND_SOUND_001313	Sound	onset	1		plus	candidate_pending_human_review			cmusphinx/cmudict	cmudict:first:B	bee	brawn										4.015063746435876	2.75482782180102	3.384945784118448	2	4		1	1																																	
CAND_SOUND_001314	Sound	onset	1		plus	candidate_pending_human_review			cmusphinx/cmudict	cmudict:first:S	stance	stunned										3.274701056941632	3.568891628075308	3.42179634250847	5	5		1	1																																	
CAND_SOUND_001315	Sound	onset	1		plus	candidate_pending_human_review			cmusphinx/cmudict	cmudict:first:F	fame	fines										3.9368684133699023	2.894489815230026	3.415679114299964	3	4		1	1																																	
CAND_SOUND_001316	Sound	onset	1		plus	candidate_pending_human_review			cmusphinx/cmudict	cmudict:first:S	smooth	stench										4.261845736256045	3.3455082673854832	3.803677001820764	4	5		1	1																																	
CAND_SOUND_001317	Sound	onset	1		plus	candidate_pending_human_review			cmusphinx/cmudict	cmudict:first:S	snob	swap										3.337752802688721	3.5596015523050775	3.448677177496899	4	4		1	1																																	
CAND_SOUND_001318	Sound	onset	1		plus	candidate_pending_human_review			cmusphinx/cmudict	cmudict:first:K	climb	cram										4.295459294455682	3.1789205490745456	3.737189921765114	4	4		1	1																																	
CAND_SOUND_001319	Sound	onset	1		plus	candidate_pending_human_review			cmusphinx/cmudict	cmudict:first:S	sore	stench										4.176091259055681	3.3455082673854832	3.7607997632205823	3	5		1	1																																	
CAND_SOUND_001320	Sound	onset	1		plus	candidate_pending_human_review			cmusphinx/cmudict	cmudict:first:S	stormed	swill										3.055857817465001	2.982625903930577	3.019241860697789	6	4		1	1																																	
CAND_SOUND_001321	Sound	onset	1		plus	candidate_pending_human_review			cmusphinx/cmudict	cmudict:first:T	teas	tout										2.7074031718728815	3.0327925133963074	2.8700978426345944	3	3		1	1																																	
CAND_SOUND_001322	Sound	onset	1		plus	candidate_pending_human_review			cmusphinx/cmudict	cmudict:first:SH	shade	show										3.775303407510817	5.688733807664226	4.732018607587522	3	2		1	1																																	
CAND_SOUND_001323	Sound	onset	1		plus	candidate_pending_human_review			cmusphinx/cmudict	cmudict:first:T	talks	tush										4.37736339883878	3.1119737594439325	3.744668579141356	4	3		1	1																																	
CAND_SOUND_001324	Sound	onset	1		plus	candidate_pending_human_review			cmusphinx/cmudict	cmudict:first:T	trays	tricks										3.184524426592544	4.278753600952829	3.7316390137726865	4	5		1	1																																	
CAND_SOUND_001325	Sound	onset	1		plus	candidate_pending_human_review			cmusphinx/cmudict	cmudict:first:B	blog	bra										2.8109437637799513	4.038285019075793	3.424614391427872	4	3		1	1																																	
CAND_SOUND_001326	Sound	onset	1		plus	candidate_pending_human_review			cmusphinx/cmudict	cmudict:first:K	colds	kin										2.872213420518874	3.6308863175066683	3.251549869012771	5	3		1	1																																	
CAND_SOUND_001327	Sound	onset	1		plus	candidate_pending_human_review			cmusphinx/cmudict	cmudict:first:HH	hits	horned										4.301029995663981	2.723793588061051	3.512411791862516	4	5		1	1																																	
CAND_SOUND_001328	Sound	onset	1		plus	candidate_pending_human_review			cmusphinx/cmudict	cmudict:first:B	bleed	bugged										4.004237052943255	3.4063731762089002	3.7053051145760776	4	4		1	1																																	
CAND_SOUND_001329	Sound	onset	1		plus	candidate_pending_human_review			cmusphinx/cmudict	cmudict:first:SH	shafts	shell										2.935882500388251	4.121089720437384	3.5284861104128176	5	3		1	1																																	
CAND_SOUND_001330	Sound	onset	1		plus	candidate_pending_human_review			cmusphinx/cmudict	cmudict:first:K	camped	clans										3.0917703733556454	2.872213420518874	2.9819918969372594	5	5		1	1																																	
CAND_SOUND_001331	Sound	onset	1		plus	candidate_pending_human_review			cmusphinx/cmudict	cmudict:first:M	mid	moan										3.098609797885951	3.274701056941632	3.1866554274137915	3	3		1	1																																	
CAND_SOUND_001332	Sound	onset	1		plus	candidate_pending_human_review			cmusphinx/cmudict	cmudict:first:B	base	brink										4.548666357107987	3.3962335448580205	3.9724499509830036	3	5		1	1																																	
CAND_SOUND_001333	Sound	onset	1		plus	candidate_pending_human_review			cmusphinx/cmudict	cmudict:first:G	git	guise										3.2967511976847064	2.7395878552442827	3.0181695264644945	3	3		1	1																																	
CAND_SOUND_001334	Sound	onset	1		plus	candidate_pending_human_review			cmusphinx/cmudict	cmudict:first:T	tens	tripe										3.349334675238536	2.905213680621799	3.1272741779301674	4	4		1	1																																	
CAND_SOUND_001335	Sound	onset	1		plus	candidate_pending_human_review			cmusphinx/cmudict	cmudict:first:F	fess	flew										2.769551078621726	4.187299480647316	3.478425279634521	3	3		1	1																																	
CAND_SOUND_001336	Sound	onset	1		plus	candidate_pending_human_review			cmusphinx/cmudict	cmudict:first:P	pert	plays										2.6903698325741012	4.474559037955062	3.5824644352645816	3	4		1	1																																	
CAND_SOUND_001337	Sound	onset	1		plus	candidate_pending_human_review			cmusphinx/cmudict	cmudict:first:N	known	necks										5.091770373355645	3.5072736719497617	4.299522022652703	3	4		1	1																																	
CAND_SOUND_001338	Sound	onset	1		plus	candidate_pending_human_review			cmusphinx/cmudict	cmudict:first:L	lobe	locks										3.2701534291909113	3.8251842028945613	3.5476688160427363	3	4		1	1																																	
CAND_SOUND_001339	Sound	onset	1		plus	candidate_pending_human_review			cmusphinx/cmudict	cmudict:first:HH	hairs	hay										3.7156756978388716	3.8043131848809377	3.759994441359905	4	2		1	1																																	
CAND_SOUND_001340	Sound	onset	1		plus	candidate_pending_human_review			cmusphinx/cmudict	cmudict:first:S	seas	spelled										3.6407346869502244	3.542849826210958	3.5917922565805913	3	5		1	1																																	
CAND_SOUND_001341	Sound	onset	1		plus	candidate_pending_human_review			cmusphinx/cmudict	cmudict:first:M	moles	mull										2.905213680621799	2.6726410656136697	2.788927373117734	4	3		1	1																																	
CAND_SOUND_001342	Sound	onset	1		plus	candidate_pending_human_review			cmusphinx/cmudict	cmudict:first:R	rad	roots										2.9456423376774072	3.8043131848809377	3.3749777612791725	3	4		1	1																																	
CAND_SOUND_001343	Sound	onset	1		plus	candidate_pending_human_review			cmusphinx/cmudict	cmudict:first:K	clouds	cones										4.000850724036776	3.0777596589128304	3.5393051914748033	5	4		1	1																																	
CAND_SOUND_001344	Sound	onset	1		plus	candidate_pending_human_review			cmusphinx/cmudict	cmudict:first:P	pans	popped										3.329856321842687	3.898811189012669	3.614333755427678	4	4		1	1																																	
CAND_SOUND_001345	Sound	onset	1		plus	candidate_pending_human_review			cmusphinx/cmudict	cmudict:first:S	sprayed	stripes										3.2466723333413885	3.8002856955978945	3.5234790144696415	5	6		1	1																																	
CAND_SOUND_001346	Sound	onset	1		plus	candidate_pending_human_review			cmusphinx/cmudict	cmudict:first:S	selves	snot										3.0848215134003176	3.325853579389013	3.2053375463946656	5	4		1	1																																	
CAND_SOUND_001347	Sound	onset	1		plus	candidate_pending_human_review			cmusphinx/cmudict	cmudict:first:F	furs	phlegm										3.2009148427807133	2.8239087409443187	3.012411791862516	3	4		1	1																																	
CAND_SOUND_001348	Sound	onset	1		plus	candidate_pending_human_review			cmusphinx/cmudict	cmudict:first:S	scrub	stowed										3.7948569438864963	2.8239087409443187	3.3093828424154075	5	4		1	1																																	
CAND_SOUND_001349	Sound	onset	1		plus	candidate_pending_human_review			cmusphinx/cmudict	cmudict:first:P	peace	pulled										4.8426581769571575	4.688280199920845	4.765469188439001	3	4		1	1																																	
CAND_SOUND_001350	Sound	onset	1		plus	candidate_pending_human_review			cmusphinx/cmudict	cmudict:first:B	bet	both										5.235082635595276	5.470312467167388	5.352697551381333	3	3		1	1																																	
CAND_SOUND_001351	Sound	onset	1		plus	candidate_pending_human_review			cmusphinx/cmudict	cmudict:first:T	tilt	trees										3.3455082673854832	4.486944165784531	3.9162262165850072	4	4		1	1																																	
CAND_SOUND_001352	Sound	onset	1		plus	candidate_pending_human_review			cmusphinx/cmudict	cmudict:first:R	realm	ruse										3.6690067809585756	3.2218487496163566	3.445427765287466	4	3		1	1																																	
CAND_SOUND_001353	Sound	onset	1		plus	candidate_pending_human_review			cmusphinx/cmudict	cmudict:first:M	males	mush										3.4195346222668714	3.4477658613671256	3.4336502418169985	4	3		1	1																																	
CAND_SOUND_001354	Sound	onset	1		plus	candidate_pending_human_review			cmusphinx/cmudict	cmudict:first:V	vent	verb										3.644612342013426	3.0248235837250323	3.334717962869229	4	3		1	1																																	
CAND_SOUND_001355	Sound	onset	1		plus	candidate_pending_human_review			cmusphinx/cmudict	cmudict:first:V	verbs	vests										2.8109437637799513	3.040617850908264	2.9257808073441076	4	5		1	1																																	
CAND_SOUND_001356	Sound	onset	1		plus	candidate_pending_human_review			cmusphinx/cmudict	cmudict:first:CH	changed	chin										5.004068362134413	4.103334104570764	4.553701233352589	5	3		1	1																																	
CAND_SOUND_001357	Sound	onset	1		plus	candidate_pending_human_review			cmusphinx/cmudict	cmudict:first:G	glows	grades										2.915679114299964	3.946606365780024	3.431142740039994	4	5		1	1																																	
CAND_SOUND_001358	Sound	onset	1		plus	candidate_pending_human_review			cmusphinx/cmudict	cmudict:first:EY	ails	aims										2.883494430928563	3.070581074285707	2.977037752607135	3	3		1	1																																	
CAND_SOUND_001359	Sound	onset	1		plus	candidate_pending_human_review			cmusphinx/cmudict	cmudict:first:S	sigh	sits										3.530475927030859	3.998293536185983	3.764384731608421	2	4		1	1																																	
CAND_SOUND_001360	Sound	onset	1		plus	candidate_pending_human_review			cmusphinx/cmudict	cmudict:first:T	tolls	trashed										2.769551078621726	3.4195346222668714	3.0945428504442987	4	5		1	1																																	
CAND_SOUND_001361	Sound	onset	1		plus	candidate_pending_human_review			cmusphinx/cmudict	cmudict:first:B	blond	bong										4.019157032928636	3.44471816828512	3.731937600606878	5	3		1	1																																	
CAND_SOUND_001362	Sound	onset	1		plus	candidate_pending_human_review			cmusphinx/cmudict	cmudict:first:TH	theft	thefts										3.8289882664735937	2.7395878552442827	3.2842880608589384	4	5		1	1																																	
CAND_SOUND_001363	Sound	onset	1		plus	candidate_pending_human_review			cmusphinx/cmudict	cmudict:first:F	feels	foul										4.844976371857724	4.160486185725105	4.502731278791415	4	3		1	1																																	
CAND_SOUND_001364	Sound	onset	1		plus	candidate_pending_human_review			cmusphinx/cmudict	cmudict:first:JH	gent	jammed										3.2062436762857804	3.8618037335171094	3.534023704901445	4	4		1	1																																	
CAND_SOUND_001365	Sound	onset	1		plus	candidate_pending_human_review			cmusphinx/cmudict	cmudict:first:V	vat	view										3.173243416182855	4.585792378613509	3.8795178973981823	3	3		1	1																																	
CAND_SOUND_001366	Sound	onset	1		plus	candidate_pending_human_review			cmusphinx/cmudict	cmudict:first:P	pots	pour										3.5501083987712483	4.17948420195302	3.8647963003621344	4	3		1	1																																	
CAND_SOUND_001367	Sound	onset	1		plus	candidate_pending_human_review			cmusphinx/cmudict	cmudict:first:CH	chime	chips										2.9645276818377813	4.210460160686944	3.5874939212623627	3	4		1	1																																	
CAND_SOUND_001368	Sound	onset	1		plus	candidate_pending_human_review			cmusphinx/cmudict	cmudict:first:L	lash	lens										3.2218487496163566	3.6690067809585756	3.445427765287466	3	4		1	1																																	
CAND_SOUND_001369	Sound	onset	1		plus	candidate_pending_human_review			cmusphinx/cmudict	cmudict:first:F	flip	framed										4.154561203215101	3.7457481639491013	3.950154683582101	4	5		1	1																																	
CAND_SOUND_001370	Sound	onset	1		plus	candidate_pending_human_review			cmusphinx/cmudict	cmudict:first:D	dusk	dweeb										3.0777596589128304	2.7395878552442827	2.9086737570785566	4	4		1	1																																	
CAND_SOUND_001371	Sound	onset	1		plus	candidate_pending_human_review			cmusphinx/cmudict	cmudict:first:D	darn	dwarfs										4.14307605908513	3.0327925133963074	3.587934286240719	4	6		1	1																																	
CAND_SOUND_001372	Sound	onset	1		plus	candidate_pending_human_review			cmusphinx/cmudict	cmudict:first:S	sass	stuff										2.9645276818377813	5.487027409144574	4.2257775454911775	3	4		1	1																																	
CAND_SOUND_001373	Sound	onset	1		plus	candidate_pending_human_review			cmusphinx/cmudict	cmudict:first:S	sends	stunned										4.059585689984244	3.568891628075308	3.814238659029776	5	5		1	1																																	
CAND_SOUND_001374	Sound	onset	1		plus	candidate_pending_human_review			cmusphinx/cmudict	cmudict:first:CH	chained	chores										3.5254259342942174	3.6228435972512543	3.574134765772736	4	4		1	1																																	
CAND_SOUND_001375	Sound	onset	1		plus	candidate_pending_human_review			cmusphinx/cmudict	cmudict:first:W	once	wiped										5.537670972806524	3.895574196522246	4.7166225846643846	4	4		1	1																																	
CAND_SOUND_001376	Sound	onset	1		plus	candidate_pending_human_review			cmusphinx/cmudict	cmudict:first:F	flea	folks										3.520316528515737	4.8810376286447505	4.200677078580243	3	4		1	1																																	
CAND_SOUND_001377	Sound	onset	1		plus	candidate_pending_human_review			cmusphinx/cmudict	cmudict:first:CH	chain	charms										4.326657084672615	3.530475927030859	3.928566505851737	3	5		1	1																																	
CAND_SOUND_001378	Sound	onset	1		plus	candidate_pending_human_review			cmusphinx/cmudict	cmudict:first:F	faith	filled										4.665893545534432	4.434193054177852	4.550043299856142	3	4		1	1																																	
CAND_SOUND_001379	Sound	onset	1		plus	candidate_pending_human_review			cmusphinx/cmudict	cmudict:first:S	snake	spoils										4.349334675238536	3.3136191229720016	3.831476899105269	4	5		1	1																																	
CAND_SOUND_001380	Sound	onset	1		plus	candidate_pending_human_review			cmusphinx/cmudict	cmudict:first:T	talked	tucked										5.010599229293371	3.4910869108564864	4.250843070074929	4	4		1	1																																	
CAND_SOUND_001381	Sound	onset	1		plus	candidate_pending_human_review			cmusphinx/cmudict	cmudict:first:HH	hams	whose										2.75482782180102	4.7958118873757964	3.775319854588408	4	3		1	1																																	
CAND_SOUND_001382	Sound	onset	1		plus	candidate_pending_human_review			cmusphinx/cmudict	cmudict:first:M	milk	mope										4.628689375916257	2.8239087409443187	3.7262990584302877	4	3		1	1																																	
CAND_SOUND_001383	Sound	onset	1		plus	candidate_pending_human_review			cmusphinx/cmudict	cmudict:first:L	launch	lease										4.300177601902804	3.7975798022219696	4.048878702062387	4	3		1	1																																	
CAND_SOUND_001384	Sound	onset	1		plus	candidate_pending_human_review			cmusphinx/cmudict	cmudict:first:W	woe	words										3.3679767852945943	5.086429624886534	4.227203205090564	2	4		1	1																																	
CAND_SOUND_001385	Sound	onset	1		plus	candidate_pending_human_review			cmusphinx/cmudict	cmudict:first:W	winged	worst										3.055857817465001	4.750916587700271	3.903387202582636	4	4		1	1																																	
CAND_SOUND_001386	Sound	onset	1		plus	candidate_pending_human_review			cmusphinx/cmudict	cmudict:first:TH	thinks	threats										5.011346509916924	3.822629522105146	4.416988016011035	5	5		1	1																																	
CAND_SOUND_001387	Sound	onset	1		plus	candidate_pending_human_review			cmusphinx/cmudict	cmudict:first:HH	heart	hogs										5.387703812000245	3.2967511976847064	4.342227504842476	4	4		1	1																																	
CAND_SOUND_001388	Sound	onset	1		plus	candidate_pending_human_review			cmusphinx/cmudict	cmudict:first:T	tilt	trimmed										3.3455082673854832	2.9645276818377813	3.1550179746116322	4	5		1	1																																	
CAND_SOUND_001389	Sound	onset	1		plus	candidate_pending_human_review			cmusphinx/cmudict	cmudict:first:G	glance	grit										3.535467872588358	2.973671061277651	3.2545694669330043	5	4		1	1																																	
CAND_SOUND_001390	Sound	onset	1		plus	candidate_pending_human_review			cmusphinx/cmudict	cmudict:first:F	fix	foot										4.938441233493303	4.812389004654132	4.875415119073717	4	3		1	1																																	
CAND_SOUND_001391	Sound	onset	1		plus	candidate_pending_human_review			cmusphinx/cmudict	cmudict:first:D	dolled	drains										2.723793588061051	3.184524426592544	2.9541590073267976	4	5		1	1																																	
CAND_SOUND_001392	Sound	onset	1		plus	candidate_pending_human_review			cmusphinx/cmudict	cmudict:first:P	proofs	puck										2.9645276818377813	3.4597471586502397	3.2121374202440105	5	3		1	1																																	
CAND_SOUND_001393	Sound	onset	1		plus	candidate_pending_human_review			cmusphinx/cmudict	cmudict:first:F	fugue	phrase										2.723793588061051	3.9589478044569444	3.3413706962589975	4	4		1	1																																	
CAND_SOUND_001394	Sound	onset	1		plus	candidate_pending_human_review			cmusphinx/cmudict	cmudict:first:CH	chaps	cheek										3.4097011195578277	3.8547226883585384	3.632211903958183	4	3		1	1																																	
CAND_SOUND_001395	Sound	onset	1		plus	candidate_pending_human_review			cmusphinx/cmudict	cmudict:first:JH	jot	juke										2.8606315479690587	2.6726410656136697	2.766636306791364	3	3		1	1																																	
CAND_SOUND_001396	Sound	onset	1		plus	candidate_pending_human_review			cmusphinx/cmudict	cmudict:first:P	pact	posh										3.5757310526056134	3.105343180544919	3.340537116575266	4	3		1	1																																	
CAND_SOUND_001397	Sound	onset	1		plus	candidate_pending_human_review			cmusphinx/cmudict	cmudict:first:S	sings	soaps										3.873354799577683	3.0084331675368627	3.440893983557273	4	4		1	1																																	
CAND_SOUND_001398	Sound	onset	1		plus	candidate_pending_human_review			cmusphinx/cmudict	cmudict:first:K	cops	crank										4.924887116086788	3.7269987279362624	4.325942922011525	4	5		1	1																																	
CAND_SOUND_001399	Sound	onset	1		plus	candidate_pending_human_review			cmusphinx/cmudict	cmudict:first:L	learns	lynched										3.462691539297021	2.723793588061051	3.093242563679036	4	5		1	1																																	
CAND_SOUND_001400	Sound	onset	1		plus	candidate_pending_human_review			cmusphinx/cmudict	cmudict:first:B	bore	but										3.889026919528524	6.645173666631628	5.267100293080076	3	3		1	1																																	
CAND_SOUND_001401	Sound	onset	1		plus	candidate_pending_human_review			cmusphinx/cmudict	cmudict:first:T	troops	twat										4.284983341734199	3.11850462660289	3.7017439841685444	5	4		1	1																																	
CAND_SOUND_001402	Sound	onset	1		plus	candidate_pending_human_review			cmusphinx/cmudict	cmudict:first:EH	airs	es										2.883494430928563	3.7837915177363364	3.3336429743324496	3	2		1	1																																	
CAND_SOUND_001403	Sound	onset	1		plus	candidate_pending_human_review			cmusphinx/cmudict	cmudict:first:JH	gym	jail										4.2595095580465605	4.848973532385578	4.554241545216069	3	3		1	1																																	
CAND_SOUND_001404	Sound	onset	1		plus	candidate_pending_human_review			cmusphinx/cmudict	cmudict:first:G	gloves	grit										4.210460160686944	2.973671061277651	3.5920656109822975	5	4		1	1																																	
CAND_SOUND_001405	Sound	onset	1		plus	candidate_pending_human_review			cmusphinx/cmudict	cmudict:first:K	catch	clause										5.131970716871033	3.4477658613671256	4.289868289119079	3	4		1	1																																	
CAND_SOUND_001406	Sound	onset	1		plus	candidate_pending_human_review			cmusphinx/cmudict	cmudict:first:D	docked	dorm										3.040617850908264	3.859456190061124	3.450037020484694	4	4		1	1																																	
CAND_SOUND_001407	Sound	onset	1		plus	candidate_pending_human_review			cmusphinx/cmudict	cmudict:first:M	morn	mound										2.9456423376774072	3.1789205490745456	3.0622814433759764	4	4		1	1																																	
CAND_SOUND_001408	Sound	onset	1		plus	candidate_pending_human_review			cmusphinx/cmudict	cmudict:first:P	plush	pushed										2.7395878552442827	4.311546114349136	3.5255669847967095	4	4		1	1																																	
CAND_SOUND_001409	Sound	onset	1		plus	candidate_pending_human_review			cmusphinx/cmudict	cmudict:first:TH	thud	thump										3.2880650184996134	3.2880650184996134	3.2880650184996134	3	4		1	1																																	
CAND_SOUND_001410	Sound	onset	1		plus	candidate_pending_human_review			cmusphinx/cmudict	cmudict:first:S	slowed	suits										3.3568878131289823	4.244252859217975	3.800570336173479	4	4		1	1																																	
CAND_SOUND_001411	Sound	onset	1		plus	candidate_pending_human_review			cmusphinx/cmudict	cmudict:first:V	veil	views										3.471406771195233	3.606297044271217	3.5388519077332248	3	4		1	1																																	
CAND_SOUND_001412	Sound	onset	1		plus	candidate_pending_human_review			cmusphinx/cmudict	cmudict:first:W	wiped	worse										3.895574196522246	4.991573511296547	4.443573853909396	4	3		1	1																																	
CAND_SOUND_001413	Sound	onset	1		plus	candidate_pending_human_review			cmusphinx/cmudict	cmudict:first:F	far	fill										5.343929643034809	4.642871680437125	4.993400661735967	3	3		1	1																																	
CAND_SOUND_001414	Sound	onset	1		plus	candidate_pending_human_review			cmusphinx/cmudict	cmudict:first:S	singed	stiffs										2.848732324669351	2.973671061277651	2.911201692973501	5	5		1	1																																	
CAND_SOUND_001415	Sound	onset	1		plus	candidate_pending_human_review			cmusphinx/cmudict	cmudict:first:G	gowns	ground										3.2701534291909113	4.860161786450133	4.065157607820522	4	5		1	1																																	
CAND_SOUND_001416	Sound	onset	1		plus	candidate_pending_human_review			cmusphinx/cmudict	cmudict:first:L	lists	lull										3.5890950141635947	3.070581074285707	3.329838044224651	5	3		1	1																																	
CAND_SOUND_001417	Sound	onset	1		plus	candidate_pending_human_review			cmusphinx/cmudict	cmudict:first:S	soil	spare										3.8912203306651785	4.489158546525351	4.190189438595265	3	4		1	1																																	
CAND_SOUND_001418	Sound	onset	1		plus	candidate_pending_human_review			cmusphinx/cmudict	cmudict:first:T	tank	tied										4.408373000841118	4.427244194222524	4.417808597531821	4	3		1	1																																	
CAND_SOUND_001419	Sound	onset	1		plus	candidate_pending_human_review			cmusphinx/cmudict	cmudict:first:F	fur	phone										3.9177422748637376	5.43092199105204	4.674332132957889	2	3		1	1																																	
CAND_SOUND_001420	Sound	onset	1		plus	candidate_pending_human_review			cmusphinx/cmudict	cmudict:first:F	feats	files										2.6726410656136697	4.425329593846547	3.548985329730108	4	4		1	1																																	
CAND_SOUND_001421	Sound	onset	1		plus	candidate_pending_human_review			cmusphinx/cmudict	cmudict:first:JH	gents	jug										3.468521082957745	3.4195346222668714	3.444027852612308	5	3		1	1																																	
CAND_SOUND_001422	Sound	onset	1		plus	candidate_pending_human_review			cmusphinx/cmudict	cmudict:first:D	deuce	dreams										3.456782679686501	4.808965197797863	4.132873938742182	3	5		1	1																																	
CAND_SOUND_001423	Sound	onset	1		plus	candidate_pending_human_review			cmusphinx/cmudict	cmudict:first:S	score	stripes										4.4833215408242335	3.8002856955978945	4.141803618211064	4	6		1	1																																	
CAND_SOUND_001424	Sound	onset	1		plus	candidate_pending_human_review			cmusphinx/cmudict	cmudict:first:W	warped	witch										3.2115079162781375	4.441648936557444	3.8265784264177904	5	3		1	1																																	
CAND_SOUND_001425	Sound	onset	1		plus	candidate_pending_human_review			cmusphinx/cmudict	cmudict:first:SH	shape	sheet										4.480514197617001	4.064751530624983	4.272632864120992	3	3		1	1																																	
CAND_SOUND_001426	Sound	onset	1		plus	candidate_pending_human_review			cmusphinx/cmudict	cmudict:first:K	cares	kilt										4.598425706672868	2.7837915177363364	3.6911086122046024	4	4		1	1																																	
CAND_SOUND_001427	Sound	onset	1		plus	candidate_pending_human_review			cmusphinx/cmudict	cmudict:first:L	laugh	lose										4.79839334192019	5.21577748039989	5.007085411160039	3	3		1	1																																	
CAND_SOUND_001428	Sound	onset	1		plus	candidate_pending_human_review			cmusphinx/cmudict	cmudict:first:P	peaks	pins										3.2009148427807133	3.6522653062419517	3.4265900745113322	4	4		1	1																																	
CAND_SOUND_001429	Sound	onset	1		plus	candidate_pending_human_review			cmusphinx/cmudict	cmudict:first:S	smiles	song										3.7921169065204676	4.971675969315923	4.381896437918195	5	3		1	1																																	
CAND_SOUND_001430	Sound	onset	1		plus	candidate_pending_human_review			cmusphinx/cmudict	cmudict:first:S	slopes	soothe										3.040617850908264	3.1119737594439325	3.0762958051760982	5	3		1	1																																	
CAND_SOUND_001431	Sound	onset	1		plus	candidate_pending_human_review			cmusphinx/cmudict	cmudict:first:B	binge	blamed										2.9645276818377813	3.750311720636056	3.3574197012369185	4	5		1	1																																	
CAND_SOUND_001432	Sound	onset	1		plus	candidate_pending_human_review			cmusphinx/cmudict	cmudict:first:S	slacks	struck										3.040617850908264	4.209409871222446	3.625013861065355	5	5		1	1																																	
CAND_SOUND_001433	Sound	onset	1		plus	candidate_pending_human_review			cmusphinx/cmudict	cmudict:first:G	gal	grains										4.152767830473057	2.9913998282380825	3.57208382935557	3	5		1	1																																	
CAND_SOUND_001434	Sound	onset	1		plus	candidate_pending_human_review			cmusphinx/cmudict	cmudict:first:F	flat	freed										4.418561231164048	3.5711834248548926	3.9948723280094702	4	4		1	1																																	
CAND_SOUND_001435	Sound	onset	1		plus	candidate_pending_human_review			cmusphinx/cmudict	cmudict:first:B	beam	bom										3.9407898348829953	3.16166154363304	3.5512256892580174	3	3		1	1																																	
CAND_SOUND_001436	Sound	onset	1		plus	candidate_pending_human_review			cmusphinx/cmudict	cmudict:first:P	pad	pays										3.910477920614156	4.146735865703144	4.02860689315865	3	3		1	1																																	
CAND_SOUND_001437	Sound	onset	1		plus	candidate_pending_human_review			cmusphinx/cmudict	cmudict:first:L	leak	loan										4.005920366996007	4.298039269262344	4.151979818129176	3	3		1	1																																	
CAND_SOUND_001438	Sound	onset	1		plus	candidate_pending_human_review			cmusphinx/cmudict	cmudict:first:G	gills	gowns										3.0777596589128304	3.2701534291909113	3.1739565440518707	4	4		1	1																																	
CAND_SOUND_001439	Sound	onset	1		plus	candidate_pending_human_review			cmusphinx/cmudict	cmudict:first:F	freaked	from										4.015885495937249	6.309429754648045	5.162657625292647	5	4		1	1																																	
CAND_SOUND_001440	Sound	onset	1		plus	candidate_pending_human_review			cmusphinx/cmudict	cmudict:first:JH	gist	jog										3.040617850908264	3.3823349353414613	3.2114763931248627	4	3		1	1																																	
CAND_SOUND_001441	Sound	onset	1		plus	candidate_pending_human_review			cmusphinx/cmudict	cmudict:first:V	veiled	vents										2.723793588061051	3.2218487496163566	2.9728211688387036	4	5		1	1																																	
CAND_SOUND_001442	Sound	onset	1		plus	candidate_pending_human_review			cmusphinx/cmudict	cmudict:first:G	give	glows										6.067377221207055	2.915679114299964	4.4915281677535095	3	4		1	1																																	
CAND_SOUND_001443	Sound	onset	1		plus	candidate_pending_human_review			cmusphinx/cmudict	cmudict:first:P	pew	plane										3.016705693502853	4.980137103526882	3.9984213985148678	3	4		1	1																																	
CAND_SOUND_001444	Sound	onset	1		plus	candidate_pending_human_review			cmusphinx/cmudict	cmudict:first:S	scalps	soir										2.7837915177363364	2.7837915177363364	2.7837915177363364	6	3		1	1																																	
CAND_SOUND_001445	Sound	onset	1		plus	candidate_pending_human_review			cmusphinx/cmudict	cmudict:first:G	glued	grave										3.353127664255675	4.419534622266871	3.8863311432612733	4	4		1	1																																	
CAND_SOUND_001446	Sound	onset	1		plus	candidate_pending_human_review			cmusphinx/cmudict	cmudict:first:M	mode	mole										3.7123855723918213	3.9062716457781326	3.809328609084977	3	3		1	1																																	
CAND_SOUND_001447	Sound	onset	1		plus	candidate_pending_human_review			cmusphinx/cmudict	cmudict:first:HH	hinge	hunt										2.75482782180102	4.412674619448429	3.5837512206247246	4	4		1	1																																	
CAND_SOUND_001448	Sound	onset	1		plus	candidate_pending_human_review			cmusphinx/cmudict	cmudict:first:CH	chap	chirp										3.8029748341086758	2.769551078621726	3.286262956365201	3	3		1	1																																	
CAND_SOUND_001449	Sound	onset	1		plus	candidate_pending_human_review			cmusphinx/cmudict	cmudict:first:S	self	smokes										4.150967021471702	3.710731115221809	3.9308490683467556	4	5		1	1																																	
CAND_SOUND_001450	Sound	onset	1		plus	candidate_pending_human_review			cmusphinx/cmudict	cmudict:first:K	clang	clogged										2.9258982794816504	3.040617850908264	2.983258065194957	4	5		1	1																																	
CAND_SOUND_001451	Sound	onset	1		plus	candidate_pending_human_review			cmusphinx/cmudict	cmudict:first:F	faked	fed										3.54040309026387	4.200914842780714	3.870658966522292	4	3		1	1																																	
CAND_SOUND_001452	Sound	onset	1		plus	candidate_pending_human_review			cmusphinx/cmudict	cmudict:first:G	gained	gross										3.7140337507718946	4.183967281574628	3.9490005161732613	4	4		1	1																																	
CAND_SOUND_001453	Sound	onset	1		plus	candidate_pending_human_review			cmusphinx/cmudict	cmudict:first:F	fix	flake										4.938441233493303	3.2418198305469765	4.09013053202014	4	4		1	1																																	
CAND_SOUND_001454	Sound	onset	1		plus	candidate_pending_human_review			cmusphinx/cmudict	cmudict:first:D	door	drift										5.465470331453126	3.8069775765623497	4.636223954007738	3	5		1	1																																	
CAND_SOUND_001455	Sound	onset	1		plus	candidate_pending_human_review			cmusphinx/cmudict	cmudict:first:T	tanks	tapes										3.996580340741863	4.114597903270081	4.055589122005972	5	4		1	1																																	
CAND_SOUND_001456	Sound	onset	1		plus	candidate_pending_human_review			cmusphinx/cmudict	cmudict:first:B	budge	burnt										3.309463163200844	3.980849645904774	3.645156404552809	3	4		1	1																																	
CAND_SOUND_001457	Sound	onset	1		plus	candidate_pending_human_review			cmusphinx/cmudict	cmudict:first:S	scratch	silks										4.2751532115706095	2.7395878552442827	3.507370533407446	5	5		1	1																																	
CAND_SOUND_001458	Sound	onset	1		plus	candidate_pending_human_review			cmusphinx/cmudict	cmudict:first:CH	chicks	chimes										4.162833729181091	3.231949076520682	3.6973914028508865	4	4		1	1																																	
CAND_SOUND_001459	Sound	onset	1		plus	candidate_pending_human_review			cmusphinx/cmudict	cmudict:first:D	ditch	doubt										3.895574196522246	4.7982578577569	4.346916027139573	3	3		1	1																																	
CAND_SOUND_001460	Sound	onset	1		plus	candidate_pending_human_review			cmusphinx/cmudict	cmudict:first:S	sit	snakes										5.493252972612995	4.0067595836472965	4.7500062781301455	3	5		1	1																																	
CAND_SOUND_001461	Sound	onset	1		plus	candidate_pending_human_review			cmusphinx/cmudict	cmudict:first:R	rats	wretch										4.2208256761587775	3.2115079162781375	3.7161667962184577	4	3		1	1																																	
CAND_SOUND_001462	Sound	onset	1		plus	candidate_pending_human_review			cmusphinx/cmudict	cmudict:first:P	pimp	plowed										3.935882500388251	2.8109437637799513	3.373413132084101	4	4		1	1																																	
CAND_SOUND_001463	Sound	onset	1		plus	candidate_pending_human_review			cmusphinx/cmudict	cmudict:first:B	blew	blur										4.499255699933913	3.329856321842687	3.9145560108883	3	3		1	1																																	
CAND_SOUND_001464	Sound	onset	1		plus	candidate_pending_human_review			cmusphinx/cmudict	cmudict:first:S	sides	spin										4.20993533345461	4.165168651374732	4.187551992414671	4	4		1	1																																	
CAND_SOUND_001465	Sound	onset	1		plus	candidate_pending_human_review			cmusphinx/cmudict	cmudict:first:M	male	morn										4.530726891777458	2.9456423376774072	3.7381846147274325	3	4		1	1																																	
CAND_SOUND_001466	Sound	onset	1		plus	candidate_pending_human_review			cmusphinx/cmudict	cmudict:first:S	slips	snooze										3.5890950141635947	2.9551876555836376	3.2721413348736164	5	4		1	1																																	
CAND_SOUND_001467	Sound	onset	1		plus	candidate_pending_human_review			cmusphinx/cmudict	cmudict:first:L	lakes	lust										3.3136191229720016	3.7457481639491013	3.5296836434605514	4	4		1	1																																	
CAND_SOUND_001468	Sound	onset	1		plus	candidate_pending_human_review			cmusphinx/cmudict	cmudict:first:F	flu	fuzz										3.9398127940166834	3.2701534291909113	3.604983111603797	3	3		1	1																																	
CAND_SOUND_001469	Sound	onset	1		plus	candidate_pending_human_review			cmusphinx/cmudict	cmudict:first:S	speeds	swayed										3.167491087293764	2.75482782180102	2.961159454547392	5	4		1	1																																	
CAND_SOUND_001470	Sound	onset	1		plus	candidate_pending_human_review			cmusphinx/cmudict	cmudict:first:TH	three	throws										5.734187782410228	3.8767610482695947	4.805474415339911	3	4		1	1																																	
CAND_SOUND_001471	Sound	onset	1		plus	candidate_pending_human_review			cmusphinx/cmudict	cmudict:first:B	bawl	binge										2.7395878552442827	2.9645276818377813	2.852057768541032	3	4		1	1																																	
CAND_SOUND_001472	Sound	onset	1		plus	candidate_pending_human_review			cmusphinx/cmudict	cmudict:first:S	snore	sweet										3.2062436762857804	5.1619548867592915	4.184099281522536	4	4		1	1																																	
CAND_SOUND_001473	Sound	onset	1		plus	candidate_pending_human_review			cmusphinx/cmudict	cmudict:first:D	don	drone										6.799049841180208	3.4507923159973135	5.124921078588761	3	4		1	1																																	
CAND_SOUND_001474	Sound	onset	1		plus	candidate_pending_human_review			cmusphinx/cmudict	cmudict:first:G	gained	grand										3.7140337507718946	4.79947569632939	4.256754723550642	4	5		1	1																																	
CAND_SOUND_001475	Sound	onset	1		plus	candidate_pending_human_review			cmusphinx/cmudict	cmudict:first:CH	champs	cheese										3.040617850908264	4.591501083929473	3.8160594674188686	5	3		1	1																																	
CAND_SOUND_001476	Sound	onset	1		plus	candidate_pending_human_review			cmusphinx/cmudict	cmudict:first:B	bear	blouse										4.759000896288418	3.7269987279362624	4.24299981211234	3	4		1	1																																	
CAND_SOUND_001477	Sound	onset	1		plus	candidate_pending_human_review			cmusphinx/cmudict	cmudict:first:P	parked	pus										4.019157032928636	3.0	3.509578516464318	5	3		1	1																																	
CAND_SOUND_001478	Sound	onset	1		plus	candidate_pending_human_review			cmusphinx/cmudict	cmudict:first:P	past	pups										5.092596814103428	2.9551876555836376	4.023892234843533	4	4		1	1																																	
CAND_SOUND_001479	Sound	onset	1		plus	candidate_pending_human_review			cmusphinx/cmudict	cmudict:first:S	scooped	stained										2.9456423376774072	3.1497623203333323	3.0477023290053697	5	5		1	1																																	
CAND_SOUND_001480	Sound	onset	1		plus	candidate_pending_human_review			cmusphinx/cmudict	cmudict:first:S	seem	strained										5.145580260349906	3.1375278639163207	4.141554062133113	3	6		1	1																																	
CAND_SOUND_001481	Sound	onset	1		plus	candidate_pending_human_review			cmusphinx/cmudict	cmudict:first:L	lobes	long										2.7837915177363364	5.829404686475652	4.306598102105994	4	3		1	1																																	
CAND_SOUND_001482	Sound	onset	1		plus	candidate_pending_human_review			cmusphinx/cmudict	cmudict:first:B	barks	builds										3.5072736719497617	3.5452828548819566	3.5262782634158594	5	5		1	1																																	
CAND_SOUND_001483	Sound	onset	1		plus	candidate_pending_human_review			cmusphinx/cmudict	cmudict:first:F	flares	fleet										3.1497623203333323	4.024823583725032	3.5872929520291823	5	4		1	1																																	
CAND_SOUND_001484	Sound	onset	1		plus	candidate_pending_human_review			cmusphinx/cmudict	cmudict:first:G	groomed	grunt										2.75482782180102	3.3455082673854832	3.0501680445932515	5	5		1	1																																	
CAND_SOUND_001485	Sound	onset	1		plus	candidate_pending_human_review			cmusphinx/cmudict	cmudict:first:S	specs	stroll										3.3177356891668337	3.6167122791997564	3.467223984183295	5	5		1	1																																	
CAND_SOUND_001486	Sound	onset	1		plus	candidate_pending_human_review			cmusphinx/cmudict	cmudict:first:S	snooze	suit										2.9551876555836376	4.83637376638497	3.8957807109843037	4	3		1	1																																	
CAND_SOUND_001487	Sound	onset	1		plus	candidate_pending_human_review			cmusphinx/cmudict	cmudict:first:K	coughed	quotes										2.769551078621726	3.0777596589128304	2.923655368767278	4	5		1	1																																	
CAND_SOUND_001488	Sound	onset	1		plus	candidate_pending_human_review			cmusphinx/cmudict	cmudict:first:N	noun	nymphs										2.723793588061051	2.75482782180102	2.7393107049310355	3	5		1	1																																	
CAND_SOUND_001489	Sound	onset	1		plus	candidate_pending_human_review			cmusphinx/cmudict	cmudict:first:F	fined	from										2.9258982794816504	6.309429754648045	4.617664017064848	4	4		1	1																																	
CAND_SOUND_001490	Sound	onset	1		plus	candidate_pending_human_review			cmusphinx/cmudict	cmudict:first:L	lace	leaps										3.568891628075308	3.1249387366083	3.346915182341804	3	4		1	1																																	
CAND_SOUND_001491	Sound	onset	1		plus	candidate_pending_human_review			cmusphinx/cmudict	cmudict:first:G	grieve	guessed										3.3416478465722452	3.871069033870136	3.6063584402211903	4	4		1	1																																	
CAND_SOUND_001492	Sound	onset	1		plus	candidate_pending_human_review			cmusphinx/cmudict	cmudict:first:S	scream	spunk										4.421797419625049	3.1249387366083	3.7733680781166745	5	5		1	1																																	
CAND_SOUND_001493	Sound	onset	1		plus	candidate_pending_human_review			cmusphinx/cmudict	cmudict:first:HH	hat	heed										4.807375829210068	3.256217651247619	4.0317967402288435	3	3		1	1																																	
CAND_SOUND_001494	Sound	onset	1		plus	candidate_pending_human_review			cmusphinx/cmudict	cmudict:first:S	sores	stalked										3.070581074285707	3.190056915192505	3.130318994739106	4	5		1	1																																	
CAND_SOUND_001495	Sound	onset	1		plus	candidate_pending_human_review			cmusphinx/cmudict	cmudict:first:T	tarp	trained										2.9913998282380825	4.2756048959398765	3.6335023620889793	4	5		1	1																																	
CAND_SOUND_001496	Sound	onset	1		plus	candidate_pending_human_review			cmusphinx/cmudict	cmudict:first:SH	she	sheep										6.572044302738093	4.12812039539449	5.350082349066291	2	3		1	1																																	
CAND_SOUND_001497	Sound	onset	1		plus	candidate_pending_human_review			cmusphinx/cmudict	cmudict:first:P	pox	prep										3.167491087293764	3.8778905534105643	3.522690820352164	4	4		1	1																																	
CAND_SOUND_001498	Sound	onset	1		plus	candidate_pending_human_review			cmusphinx/cmudict	cmudict:first:B	bait	boobs										3.987911500392261	3.865301426102544	3.9266064632474027	3	4		1	1																																	
CAND_SOUND_001499	Sound	onset	1		plus	candidate_pending_human_review			cmusphinx/cmudict	cmudict:first:K	cliffs	clothed										3.337752802688721	2.8109437637799513	3.074348283234336	5	5		1	1																																	
CAND_SOUND_001500	Sound	onset	1		plus	candidate_pending_human_review			cmusphinx/cmudict	cmudict:first:TH	thieves	think										3.9589478044569444	6.42997698247318	5.194462393465062	4	4		1	1																																	
CAND_SOUND_001501	Sound	onset	1		plus	candidate_pending_human_review			cmusphinx/cmudict	cmudict:first:K	calves	quo										3.2062436762857804	3.274701056941632	3.240472366613706	4	3		1	1																																	
CAND_SOUND_001502	Sound	onset	1		plus	candidate_pending_human_review			cmusphinx/cmudict	cmudict:first:B	bloke	boys										3.6690067809585756	5.3505520396849775	4.5097794103217765	4	3		1	1																																	
CAND_SOUND_001503	Sound	onset	1		plus	candidate_pending_human_review			cmusphinx/cmudict	cmudict:first:D	death	deuce										5.3358314028129445	3.456782679686501	4.396307041249723	3	3		1	1																																	
CAND_SOUND_001504	Sound	onset	1		plus	candidate_pending_human_review			cmusphinx/cmudict	cmudict:first:W	wave	wears										4.327459106104431	4.106010812470256	4.2167349592873435	3	4		1	1																																	
CAND_SOUND_001505	Sound	onset	1		plus	candidate_pending_human_review			cmusphinx/cmudict	cmudict:first:M	maid	mound										4.358382804215934	3.1789205490745456	3.7686516766452396	3	4		1	1																																	
CAND_SOUND_001506	Sound	onset	1		plus	candidate_pending_human_review			cmusphinx/cmudict	cmudict:first:M	ma	morn										5.269054875952792	2.9456423376774072	4.1073486068150995	2	4		1	1																																	
CAND_SOUND_001507	Sound	onset	1		plus	candidate_pending_human_review			cmusphinx/cmudict	cmudict:first:K	clipped	crows										3.3455082673854832	3.4416489365574434	3.3935786019714635	5	4		1	1																																	
CAND_SOUND_001508	Sound	onset	1		plus	candidate_pending_human_review			cmusphinx/cmudict	cmudict:first:HH	harm	heed										4.502212838750578	3.256217651247619	3.8792152449990986	4	3		1	1																																	
CAND_SOUND_001509	Sound	onset	1		plus	candidate_pending_human_review			cmusphinx/cmudict	cmudict:first:D	doped	drown										2.935882500388251	4.024823583725032	3.4803530420566418	4	4		1	1																																	
CAND_SOUND_001510	Sound	onset	1		plus	candidate_pending_human_review			cmusphinx/cmudict	cmudict:first:B	beads	bless										3.5477023290053697	4.544797338361962	4.046249833683666	4	4		1	1																																	
CAND_SOUND_001511	Sound	onset	1		plus	candidate_pending_human_review			cmusphinx/cmudict	cmudict:first:S	snuffed	strip										2.7074031718728815	4.195519810894007	3.4514614913834443	5	5		1	1																																	
CAND_SOUND_001512	Sound	onset	1		plus	candidate_pending_human_review			cmusphinx/cmudict	cmudict:first:N	nor	now										4.556065892490172	6.505503762894741	5.5307848276924565	3	2		1	1																																	
CAND_SOUND_001513	Sound	onset	1		plus	candidate_pending_human_review			cmusphinx/cmudict	cmudict:first:D	discs	dock										2.8239087409443187	3.9887862126353957	3.406347476789857	5	3		1	1																																	
CAND_SOUND_001514	Sound	onset	1		plus	candidate_pending_human_review			cmusphinx/cmudict	cmudict:first:HH	hid	homes										4.0676760836423	4.150967021471702	4.109321552557001	3	4		1	1																																	
CAND_SOUND_001515	Sound	onset	1		plus	candidate_pending_human_review			cmusphinx/cmudict	cmudict:first:S	scrub	streaks										3.7948569438864963	2.973671061277651	3.3842640025820736	5	6		1	1																																	
CAND_SOUND_001516	Sound	onset	1		plus	candidate_pending_human_review			cmusphinx/cmudict	cmudict:first:AA	odds	ops										4.2792015581683085	3.6228435972512543	3.9510225777097814	3	3		1	1																																	
CAND_SOUND_001517	Sound	onset	1		plus	candidate_pending_human_review			cmusphinx/cmudict	cmudict:first:K	caps	clam										3.471406771195233	3.5934598195660445	3.5324332953806388	4	4		1	1																																	
CAND_SOUND_001518	Sound	onset	1		plus	candidate_pending_human_review			cmusphinx/cmudict	cmudict:first:JH	joke	joys										4.8634394962113685	3.1375278639163207	4.000483680063844	3	3		1	1																																	
CAND_SOUND_001519	Sound	onset	1		plus	candidate_pending_human_review			cmusphinx/cmudict	cmudict:first:G	grains	groom										2.9913998282380825	3.8934027195888117	3.442401273913447	5	4		1	1																																	
CAND_SOUND_001520	Sound	onset	1		plus	candidate_pending_human_review			cmusphinx/cmudict	cmudict:first:TH	thread	thump										3.7123855723918213	3.2880650184996134	3.500225295445717	4	4		1	1																																	
CAND_SOUND_001521	Sound	onset	1		plus	candidate_pending_human_review			cmusphinx/cmudict	cmudict:first:S	sludge	spoiled										2.6726410656136697	3.9279135707169757	3.300277318165323	4	5		1	1																																	
CAND_SOUND_001522	Sound	onset	1		plus	candidate_pending_human_review			cmusphinx/cmudict	cmudict:first:S	stomped	sweets										2.9913998282380825	3.3787896545768117	3.185094741407447	6	5		1	1																																	
CAND_SOUND_001523	Sound	onset	1		plus	candidate_pending_human_review			cmusphinx/cmudict	cmudict:first:K	cult	cute										3.6484556810951863	4.943222863553995	4.29583927232459	4	4		1	1																																	
CAND_SOUND_001524	Sound	onset	1		plus	candidate_pending_human_review			cmusphinx/cmudict	cmudict:first:F	fact	feet										5.236961844894045	5.081798977493545	5.159380411193795	4	3		1	1																																	
CAND_SOUND_001525	Sound	onset	1		plus	candidate_pending_human_review			cmusphinx/cmudict	cmudict:first:S	spread	strides										4.495462710916774	2.883494430928563	3.6894785709226685	5	6		1	1																																	
CAND_SOUND_001526	Sound	onset	1		plus	candidate_pending_human_review			cmusphinx/cmudict	cmudict:first:S	sec	stance										4.235429417268104	3.274701056941632	3.7550652371048683	3	5		1	1																																	
CAND_SOUND_001527	Sound	onset	1		plus	candidate_pending_human_review			cmusphinx/cmudict	cmudict:first:N	knit	note										3.2792015581683085	4.728751524041797	4.003976541105053	3	3		1	1																																	
CAND_SOUND_001528	Sound	onset	1		plus	candidate_pending_human_review			cmusphinx/cmudict	cmudict:first:S	stained	stool										3.1497623203333323	3.5452828548819566	3.3475225876076444	5	4		1	1																																	
CAND_SOUND_001529	Sound	onset	1		plus	candidate_pending_human_review			cmusphinx/cmudict	cmudict:first:S	snow	spell										4.496278287648298	4.564039125280896	4.530158706464597	3	4		1	1																																	
CAND_SOUND_001530	Sound	onset	1		plus	candidate_pending_human_review			cmusphinx/cmudict	cmudict:first:HH	hand	harmed										5.446610256013887	3.3823349353414613	4.414472595677674	4	5		1	1																																	
CAND_SOUND_001531	Sound	onset	1		plus	candidate_pending_human_review			cmusphinx/cmudict	cmudict:first:JH	gist	jail										3.040617850908264	4.848973532385578	3.944795691646921	4	3		1	1																																	
CAND_SOUND_001532	Sound	onset	1		plus	candidate_pending_human_review			cmusphinx/cmudict	cmudict:first:HH	hips	hounds										3.7823883033268983	3.274701056941632	3.5285446801342655	4	5		1	1																																	
CAND_SOUND_001533	Sound	onset	1		plus	candidate_pending_human_review			cmusphinx/cmudict	cmudict:first:T	tuck	twists										3.900955857479258	3.063281835544208	3.482118846511733	3	6		1	1																																	
CAND_SOUND_001534	Sound	onset	1		plus	candidate_pending_human_review			cmusphinx/cmudict	cmudict:first:K	caged	coughs										3.2115079162781375	3.479950544738527	3.345729230508332	4	4		1	1																																	
CAND_SOUND_001535	Sound	onset	1		plus	candidate_pending_human_review			cmusphinx/cmudict	cmudict:first:TH	themes	throws										3.048304679574555	3.8767610482695947	3.4625328639220747	4	4		1	1																																	
CAND_SOUND_001536	Sound	onset	1		plus	candidate_pending_human_review			cmusphinx/cmudict	cmudict:first:HH	harsh	host										3.851138394435229	4.176658593534667	4.013898493984948	4	4		1	1																																	
CAND_SOUND_001537	Sound	onset	1		plus	candidate_pending_human_review			cmusphinx/cmudict	cmudict:first:HH	hens	hunk										3.1249387366083	3.7123855723918213	3.4186621545000606	4	4		1	1																																	
CAND_SOUND_001538	Sound	onset	1		plus	candidate_pending_human_review			cmusphinx/cmudict	cmudict:first:G	goof	groans										3.3455082673854832	3.883494430928563	3.614501349157023	3	5		1	1																																	
CAND_SOUND_001539	Sound	onset	1		plus	candidate_pending_human_review			cmusphinx/cmudict	cmudict:first:D	deem	drought										2.769551078621726	3.1375278639163207	2.953539471269023	3	4		1	1																																	
CAND_SOUND_001540	Sound	onset	1		plus	candidate_pending_human_review			cmusphinx/cmudict	cmudict:first:F	film	flakes										4.81461314152075	3.2701534291909113	4.042383285355831	4	5		1	1																																	
CAND_SOUND_001541	Sound	onset	1		plus	candidate_pending_human_review			cmusphinx/cmudict	cmudict:first:K	combs	cooped										2.883494430928563	3.2009148427807133	3.0422046368546383	4	4		1	1																																	
CAND_SOUND_001542	Sound	onset	1		plus	candidate_pending_human_review			cmusphinx/cmudict	cmudict:first:T	toot	treat										3.195519810894007	4.715019663753546	3.9552697373237766	3	4		1	1																																	
CAND_SOUND_001543	Sound	onset	1		plus	candidate_pending_human_review			cmusphinx/cmudict	cmudict:first:K	clones	clove										2.9456423376774072	2.7074031718728815	2.8265227547751444	5	4		1	1																																	
CAND_SOUND_001544	Sound	onset	1		plus	candidate_pending_human_review			cmusphinx/cmudict	cmudict:first:P	peaks	priest										3.2009148427807133	4.41823628204159	3.809575562411152	4	5		1	1																																	
CAND_SOUND_001545	Sound	onset	1		plus	candidate_pending_human_review			cmusphinx/cmudict	cmudict:first:L	lays	licked										3.468521082957745	3.5824644352645816	3.525492759111163	3	4		1	1																																	
CAND_SOUND_001546	Sound	onset	1		plus	candidate_pending_human_review			cmusphinx/cmudict	cmudict:first:M	miffed	mule										2.7975798022219696	3.846312850545938	3.3219463263839537	4	4		1	1																																	
CAND_SOUND_001547	Sound	onset	1		plus	candidate_pending_human_review			cmusphinx/cmudict	cmudict:first:SH	chutes	shawl										2.9456423376774072	3.1375278639163207	3.0415851007968637	4	3		1	1																																	
CAND_SOUND_001548	Sound	onset	1		plus	candidate_pending_human_review			cmusphinx/cmudict	cmudict:first:K	care	class										5.6859699312500265	5.069493978644493	5.37773195494726	3	4		1	1																																	
CAND_SOUND_001549	Sound	onset	1		plus	candidate_pending_human_review			cmusphinx/cmudict	cmudict:first:TH	threes	thud										3.167491087293764	3.2880650184996134	3.2277780528966886	4	3		1	1																																	
CAND_SOUND_001550	Sound	onset	1		plus	candidate_pending_human_review			cmusphinx/cmudict	cmudict:first:S	snow	step										4.496278287648298	5.074328743253213	4.785303515450756	3	4		1	1																																	
CAND_SOUND_001551	Sound	unrelated	0		plus	candidate_pending_human_review			cmusphinx/cmudict	cmudict:formal-zero-shared-phone	own	shark										5.661998170498611	4.175523182477754	4.918760676488183	2	4		1	1																																	
CAND_SOUND_001552	Sound	unrelated	0		plus	candidate_pending_human_review			cmusphinx/cmudict	cmudict:formal-zero-shared-phone	bolts	nine										3.337752802688721	4.829114496522994	4.083433649605857	5	3		1	1																																	
CAND_SOUND_001553	Sound	unrelated	0		plus	candidate_pending_human_review			cmusphinx/cmudict	cmudict:formal-zero-shared-phone	shores	stakes										3.3010299956639813	3.6886291709978	3.4948295833308904	4	5		1	1																																	
CAND_SOUND_001554	Sound	unrelated	0		plus	candidate_pending_human_review			cmusphinx/cmudict	cmudict:formal-zero-shared-phone	botched	org										3.055857817465001	2.9913998282380825	3.023628822851542	4	3		1	1																																	
CAND_SOUND_001555	Sound	unrelated	0		plus	candidate_pending_human_review			cmusphinx/cmudict	cmudict:formal-zero-shared-phone	chirp	nine										2.769551078621726	4.829114496522994	3.79933278757236	3	3		1	1																																	
CAND_SOUND_001556	Sound	unrelated	0		plus	candidate_pending_human_review			cmusphinx/cmudict	cmudict:formal-zero-shared-phone	maxed	shores										2.8239087409443187	3.3010299956639813	3.06246936830415	5	4		1	1																																	
CAND_SOUND_001557	Sound	unrelated	0		plus	candidate_pending_human_review			cmusphinx/cmudict	cmudict:formal-zero-shared-phone	botched	joys										3.055857817465001	3.1375278639163207	3.096692840690661	4	3		1	1																																	
CAND_SOUND_001558	Sound	unrelated	0		plus	candidate_pending_human_review			cmusphinx/cmudict	cmudict:formal-zero-shared-phone	germ	strips										3.098609797885951	3.2115079162781375	3.155058857082044	3	6		1	1																																	
CAND_SOUND_001559	Sound	unrelated	0		plus	candidate_pending_human_review			cmusphinx/cmudict	cmudict:formal-zero-shared-phone	me	na										6.965763199974124	3.6955503450778817	5.3306567725260035	2	2		1	1																																	
CAND_SOUND_001560	Sound	unrelated	0		plus	candidate_pending_human_review			cmusphinx/cmudict	cmudict:formal-zero-shared-phone	lays	wuss										3.468521082957745	3.2701534291909113	3.369337256074328	3	3		1	1																																	
CAND_SOUND_001561	Sound	unrelated	0		plus	candidate_pending_human_review			cmusphinx/cmudict	cmudict:formal-zero-shared-phone	adds	reps										3.595625881322553	2.9551876555836376	3.275406768453095	3	4		1	1																																	
CAND_SOUND_001562	Sound	unrelated	0		plus	candidate_pending_human_review			cmusphinx/cmudict	cmudict:formal-zero-shared-phone	swells	verb										3.0777596589128304	3.0248235837250323	3.0512916213189314	5	3		1	1																																	
CAND_SOUND_001563	Sound	unrelated	0		plus	candidate_pending_human_review			cmusphinx/cmudict	cmudict:formal-zero-shared-phone	blades	sash										3.5125379119421187	3.055857817465001	3.28419786470356	5	3		1	1																																	
CAND_SOUND_001564	Sound	unrelated	0		plus	candidate_pending_human_review			cmusphinx/cmudict	cmudict:formal-zero-shared-phone	shores	smudge										3.3010299956639813	3.0	3.1505149978319906	4	4		1	1																																	
CAND_SOUND_001565	Sound	unrelated	0		plus	candidate_pending_human_review			cmusphinx/cmudict	cmudict:formal-zero-shared-phone	gang	tones										4.479103691401809	3.2924298239020637	3.885766757651936	3	4		1	1																																	
CAND_SOUND_001566	Sound	unrelated	0		plus	candidate_pending_human_review			cmusphinx/cmudict	cmudict:formal-zero-shared-phone	charge	wuss										4.9512994161040265	3.2701534291909113	4.110726422647469	4	3		1	1																																	
CAND_SOUND_001567	Sound	unrelated	0		plus	candidate_pending_human_review			cmusphinx/cmudict	cmudict:formal-zero-shared-phone	both	patch										5.470312467167388	4.240842789680665	4.855577628424026	3	3		1	1																																	
CAND_SOUND_001568	Sound	unrelated	0		plus	candidate_pending_human_review			cmusphinx/cmudict	cmudict:formal-zero-shared-phone	seal	tor										4.168647664493706	3.3962335448580205	3.7824406046758634	3	3		1	1																																	
CAND_SOUND_001569	Sound	unrelated	0		plus	candidate_pending_human_review			cmusphinx/cmudict	cmudict:formal-zero-shared-phone	church	heist										4.843025031391392	3.4965498065579883	4.16978741897469	3	4		1	1																																	
CAND_SOUND_001570	Sound	unrelated	0		plus	candidate_pending_human_review			cmusphinx/cmudict	cmudict:formal-zero-shared-phone	both	taint										5.470312467167388	2.894489815230026	4.1824011411987065	3	4		1	1																																	
CAND_SOUND_001571	Sound	unrelated	0		plus	candidate_pending_human_review			cmusphinx/cmudict	cmudict:formal-zero-shared-phone	botched	wedge										3.055857817465001	3.3679767852945943	3.2119173013797977	4	3		1	1																																	
CAND_SOUND_001572	Sound	unrelated	0		plus	candidate_pending_human_review			cmusphinx/cmudict	cmudict:formal-zero-shared-phone	swells	tov										3.0777596589128304	3.3679767852945943	3.2228682221037124	5	3		1	1																																	
CAND_SOUND_001573	Sound	unrelated	0		plus	candidate_pending_human_review			cmusphinx/cmudict	cmudict:formal-zero-shared-phone	im	wuss										3.7123855723918213	3.2701534291909113	3.4912695007913666	2	3		1	1																																	
CAND_SOUND_001574	Sound	unrelated	0		plus	candidate_pending_human_review			cmusphinx/cmudict	cmudict:formal-zero-shared-phone	adds	work										3.595625881322553	5.902013562370102	4.748819721846328	3	3		1	1																																	
CAND_SOUND_001575	Sound	unrelated	0		plus	candidate_pending_human_review			cmusphinx/cmudict	cmudict:formal-zero-shared-phone	cog	heist										2.723793588061051	3.4965498065579883	3.1101716973095197	3	4		1	1																																	
CAND_SOUND_001576	Sound	unrelated	0		plus	candidate_pending_human_review			cmusphinx/cmudict	cmudict:formal-zero-shared-phone	burst	shores										3.930919080856701	3.3010299956639813	3.615974538260341	4	4		1	1																																	
CAND_SOUND_001577	Sound	unrelated	0		plus	candidate_pending_human_review			cmusphinx/cmudict	cmudict:formal-zero-shared-phone	na	ting										3.6955503450778817	3.1119737594439325	3.403762052260907	2	3		1	1																																	
CAND_SOUND_001578	Sound	unrelated	0		plus	candidate_pending_human_review			cmusphinx/cmudict	cmudict:formal-zero-shared-phone	groans	wuss										3.883494430928563	3.2701534291909113	3.576823930059737	5	3		1	1																																	
CAND_SOUND_001579	Sound	unrelated	0		plus	candidate_pending_human_review			cmusphinx/cmudict	cmudict:formal-zero-shared-phone	brook	nine										3.309463163200844	4.829114496522994	4.069288829861919	4	3		1	1																																	
CAND_SOUND_001580	Sound	unrelated	0		plus	candidate_pending_human_review			cmusphinx/cmudict	cmudict:formal-zero-shared-phone	germ	spite										3.098609797885951	3.881261549496271	3.489935673691111	3	4		1	1																																	
CAND_SOUND_001581	Sound	unrelated	0		plus	candidate_pending_human_review			cmusphinx/cmudict	cmudict:formal-zero-shared-phone	cloak	nursed										3.4771212547196626	2.982625903930577	3.22987357932512	4	4		1	1																																	
CAND_SOUND_001582	Sound	unrelated	0		plus	candidate_pending_human_review			cmusphinx/cmudict	cmudict:formal-zero-shared-phone	flux	throw										3.016705693502853	5.109995193461844	4.063350443482348	5	3		1	1																																	
CAND_SOUND_001583	Sound	unrelated	0		plus	candidate_pending_human_review			cmusphinx/cmudict	cmudict:formal-zero-shared-phone	botched	mow										3.055857817465001	3.3606156856482254	3.2082367515566133	4	2		1	1																																	
CAND_SOUND_001584	Sound	unrelated	0		plus	candidate_pending_human_review			cmusphinx/cmudict	cmudict:formal-zero-shared-phone	genes	swank										3.4597471586502397	2.6726410656136697	3.0661941121319547	4	5		1	1																																	
CAND_SOUND_001585	Sound	unrelated	0		plus	candidate_pending_human_review			cmusphinx/cmudict	cmudict:formal-zero-shared-phone	heist	loved										3.4965498065579883	5.042706739056056	4.269628272807022	4	4		1	1																																	
CAND_SOUND_001586	Sound	unrelated	0		plus	candidate_pending_human_review			cmusphinx/cmudict	cmudict:formal-zero-shared-phone	blows	germ										4.191703011219667	3.098609797885951	3.645156404552809	4	3		1	1																																	
CAND_SOUND_001587	Sound	unrelated	0		plus	candidate_pending_human_review			cmusphinx/cmudict	cmudict:formal-zero-shared-phone	both	tart										5.470312467167388	3.3787896545768117	4.4245510608720995	3	4		1	1																																	
CAND_SOUND_001588	Sound	unrelated	0		plus	candidate_pending_human_review			cmusphinx/cmudict	cmudict:formal-zero-shared-phone	germ	key										3.098609797885951	4.938833550125134	4.018721674005542	3	2		1	1																																	
CAND_SOUND_001589	Sound	unrelated	0		plus	candidate_pending_human_review			cmusphinx/cmudict	cmudict:formal-zero-shared-phone	both	speaks										5.470312467167388	4.321001076594602	4.895656771880995	3	5		1	1																																	
CAND_SOUND_001590	Sound	unrelated	0		plus	candidate_pending_human_review			cmusphinx/cmudict	cmudict:formal-zero-shared-phone	adds	thumb										3.595625881322553	4.072747136042215	3.834186508682384	3	3		1	1																																	
CAND_SOUND_001591	Sound	unrelated	0		plus	candidate_pending_human_review			cmusphinx/cmudict	cmudict:formal-zero-shared-phone	adds	boar										3.595625881322553	3.337752802688721	3.466689342005637	3	3		1	1																																	
CAND_SOUND_001592	Sound	unrelated	0		plus	candidate_pending_human_review			cmusphinx/cmudict	cmudict:formal-zero-shared-phone	gem	tones										3.3928003690196267	3.2924298239020637	3.342615096460845	3	4		1	1																																	
CAND_SOUND_001593	Sound	unrelated	0		plus	candidate_pending_human_review			cmusphinx/cmudict	cmudict:formal-zero-shared-phone	both	tales										5.470312467167388	3.8475242724803826	4.658918369823885	3	4		1	1																																	
CAND_SOUND_001594	Sound	unrelated	0		plus	candidate_pending_human_review			cmusphinx/cmudict	cmudict:formal-zero-shared-phone	bounds	sash										3.353127664255675	3.055857817465001	3.204492740860338	5	3		1	1																																	
CAND_SOUND_001595	Sound	unrelated	0		plus	candidate_pending_human_review			cmusphinx/cmudict	cmudict:formal-zero-shared-phone	groin	seal										3.256217651247619	4.168647664493706	3.7124326578706626	4	3		1	1																																	
CAND_SOUND_001596	Sound	unrelated	0		plus	candidate_pending_human_review			cmusphinx/cmudict	cmudict:formal-zero-shared-phone	hugged	sash										3.231949076520682	3.055857817465001	3.1439034469928417	4	3		1	1																																	
CAND_SOUND_001597	Sound	unrelated	0		plus	candidate_pending_human_review			cmusphinx/cmudict	cmudict:formal-zero-shared-phone	child	sash										5.197685872650515	3.055857817465001	4.126771845057759	4	3		1	1																																	
CAND_SOUND_001598	Sound	unrelated	0		plus	candidate_pending_human_review			cmusphinx/cmudict	cmudict:formal-zero-shared-phone	lake	nine										4.556302500767288	4.829114496522994	4.692708498645141	3	3		1	1																																	
CAND_SOUND_001599	Sound	unrelated	0		plus	candidate_pending_human_review			cmusphinx/cmudict	cmudict:formal-zero-shared-phone	both	count										5.470312467167388	4.954053233131294	5.2121828501493415	3	4		1	1																																	
CAND_SOUND_001600	Sound	unrelated	0		plus	candidate_pending_human_review			cmusphinx/cmudict	cmudict:formal-zero-shared-phone	seal	wrap										4.168647664493706	4.250515672423148	4.209581668458427	3	3		1	1																																	
CAND_SOUND_001601	Sound	unrelated	0		plus	candidate_pending_human_review			cmusphinx/cmudict	cmudict:formal-zero-shared-phone	psych	shores										3.8289882664735937	3.3010299956639813	3.5650091310687877	3	4		1	1																																	
CAND_SOUND_001602	Sound	unrelated	0		plus	candidate_pending_human_review			cmusphinx/cmudict	cmudict:formal-zero-shared-phone	hath	na										3.693830364683608	3.6955503450778817	3.694690354880745	3	2		1	1																																	
CAND_SOUND_001603	Sound	unrelated	0		plus	candidate_pending_human_review			cmusphinx/cmudict	cmudict:formal-zero-shared-phone	heist	lode										3.4965498065579883	2.905213680621799	3.2008817435898935	4	3		1	1																																	
CAND_SOUND_001604	Sound	unrelated	0		plus	candidate_pending_human_review			cmusphinx/cmudict	cmudict:formal-zero-shared-phone	bear	nine										4.759000896288418	4.829114496522994	4.794057696405706	3	3		1	1																																	
CAND_SOUND_001605	Sound	unrelated	0		plus	candidate_pending_human_review			cmusphinx/cmudict	cmudict:formal-zero-shared-phone	non	shores										3.5734631911497914	3.3010299956639813	3.4372465934068863	3	4		1	1																																	
CAND_SOUND_001606	Sound	unrelated	0		plus	candidate_pending_human_review			cmusphinx/cmudict	cmudict:formal-zero-shared-phone	botched	frauds										3.055857817465001	2.894489815230026	2.9751738163475134	4	5		1	1																																	
CAND_SOUND_001607	Sound	unrelated	0		plus	candidate_pending_human_review			cmusphinx/cmudict	cmudict:formal-zero-shared-phone	blew	swank										4.499255699933913	2.6726410656136697	3.5859483827737915	3	5		1	1																																	
CAND_SOUND_001608	Sound	unrelated	0		plus	candidate_pending_human_review			cmusphinx/cmudict	cmudict:formal-zero-shared-phone	germ	plague										3.098609797885951	3.919795680494796	3.5092027391903735	3	4		1	1																																	
CAND_SOUND_001609	Sound	unrelated	0		plus	candidate_pending_human_review			cmusphinx/cmudict	cmudict:formal-zero-shared-phone	nine	slashed										4.829114496522994	3.1789205490745456	4.00401752279877	3	5		1	1																																	
CAND_SOUND_001610	Sound	unrelated	0		plus	candidate_pending_human_review			cmusphinx/cmudict	cmudict:formal-zero-shared-phone	heist	pitch										3.4965498065579883	4.191155005491558	3.843852406024773	4	3		1	1																																	
CAND_SOUND_001611	Sound	unrelated	0		plus	candidate_pending_human_review			cmusphinx/cmudict	cmudict:formal-zero-shared-phone	blooms	heist										2.8364978682523394	3.4965498065579883	3.1665238374051636	5	4		1	1																																	
CAND_SOUND_001612	Sound	unrelated	0		plus	candidate_pending_human_review			cmusphinx/cmudict	cmudict:formal-zero-shared-phone	but	seal										6.645173666631628	4.168647664493706	5.406910665562667	3	3		1	1																																	
CAND_SOUND_001613	Sound	unrelated	0		plus	candidate_pending_human_review			cmusphinx/cmudict	cmudict:formal-zero-shared-phone	botched	germ										3.055857817465001	3.098609797885951	3.077233807675476	4	3		1	1																																	
CAND_SOUND_001614	Sound	unrelated	0		plus	candidate_pending_human_review			cmusphinx/cmudict	cmudict:formal-zero-shared-phone	flux	she										3.016705693502853	6.572044302738093	4.794374998120473	5	2		1	1																																	
CAND_SOUND_001615	Sound	unrelated	0		plus	candidate_pending_human_review			cmusphinx/cmudict	cmudict:formal-zero-shared-phone	nine	proof										4.829114496522994	4.536459412932086	4.68278695472754	3	4		1	1																																	
CAND_SOUND_001616	Sound	unrelated	0		plus	candidate_pending_human_review			cmusphinx/cmudict	cmudict:formal-zero-shared-phone	king	na										5.111447022591123	3.6955503450778817	4.403498683834503	3	2		1	1																																	
CAND_SOUND_001617	Sound	unrelated	0		plus	candidate_pending_human_review			cmusphinx/cmudict	cmudict:formal-zero-shared-phone	flux	niche										3.016705693502853	2.9645276818377813	2.9906166876703173	5	3		1	1																																	
CAND_SOUND_001618	Sound	unrelated	0		plus	candidate_pending_human_review			cmusphinx/cmudict	cmudict:formal-zero-shared-phone	drink	seal										5.393385926961557	4.168647664493706	4.7810167957276315	5	3		1	1																																	
CAND_SOUND_001619	Sound	unrelated	0		plus	candidate_pending_human_review			cmusphinx/cmudict	cmudict:formal-zero-shared-phone	em	swank										5.401299153018295	2.6726410656136697	4.036970109315982	2	5		1	1																																	
CAND_SOUND_001620	Sound	unrelated	0		plus	candidate_pending_human_review			cmusphinx/cmudict	cmudict:formal-zero-shared-phone	own	plugs										5.661998170498611	3.3052670486072357	4.483632609552924	2	5		1	1																																	
CAND_SOUND_001621	Sound	unrelated	0		plus	candidate_pending_human_review			cmusphinx/cmudict	cmudict:formal-zero-shared-phone	both	lan										5.470312467167388	3.912565878875821	4.691439173021605	3	3		1	1																																	
CAND_SOUND_001622	Sound	unrelated	0		plus	candidate_pending_human_review			cmusphinx/cmudict	cmudict:formal-zero-shared-phone	cards	teeth										4.681418609026778	4.679819650240793	4.680619129633786	5	3		1	1																																	
CAND_SOUND_001623	Sound	unrelated	0		plus	candidate_pending_human_review			cmusphinx/cmudict	cmudict:formal-zero-shared-phone	nine	spots										4.829114496522994	4.0142404391146105	4.421677467818802	3	5		1	1																																	
CAND_SOUND_001624	Sound	unrelated	0		plus	candidate_pending_human_review			cmusphinx/cmudict	cmudict:formal-zero-shared-phone	botched	shrimp										3.055857817465001	3.9398127940166834	3.4978353057408422	4	5		1	1																																	
CAND_SOUND_001625	Sound	unrelated	0		plus	candidate_pending_human_review			cmusphinx/cmudict	cmudict:formal-zero-shared-phone	both	moms										5.470312467167388	3.676245189882495	4.573278828524941	3	4		1	1																																	
CAND_SOUND_001626	Sound	unrelated	0		plus	candidate_pending_human_review			cmusphinx/cmudict	cmudict:formal-zero-shared-phone	birth	cards										4.440106148143162	4.681418609026778	4.56076237858497	3	5		1	1																																	
CAND_SOUND_001627	Sound	unrelated	0		plus	candidate_pending_human_review			cmusphinx/cmudict	cmudict:formal-zero-shared-phone	bolt	shores										3.8377369403678876	3.3010299956639813	3.5693834680159346	4	4		1	1																																	
CAND_SOUND_001628	Sound	unrelated	0		plus	candidate_pending_human_review			cmusphinx/cmudict	cmudict:formal-zero-shared-phone	lay	tones										4.7651862732192765	3.2924298239020637	4.02880804856067	2	4		1	1																																	
CAND_SOUND_001629	Sound	unrelated	0		plus	candidate_pending_human_review			cmusphinx/cmudict	cmudict:formal-zero-shared-phone	nine	take										4.829114496522994	6.276700535180079	5.552907515851537	3	3		1	1																																	
CAND_SOUND_001630	Sound	unrelated	0		plus	candidate_pending_human_review			cmusphinx/cmudict	cmudict:formal-zero-shared-phone	own	purse										5.661998170498611	4.29589035601157	4.978944263255091	2	3		1	1																																	
CAND_SOUND_001631	Sound	unrelated	0		plus	candidate_pending_human_review			cmusphinx/cmudict	cmudict:formal-zero-shared-phone	heist	pawn										3.4965498065579883	3.6368220975871743	3.5666859520725813	4	3		1	1																																	
CAND_SOUND_001632	Sound	unrelated	0		plus	candidate_pending_human_review			cmusphinx/cmudict	cmudict:formal-zero-shared-phone	choked	swells										3.535467872588358	3.0777596589128304	3.306613765750594	4	5		1	1																																	
CAND_SOUND_001633	Sound	unrelated	0		plus	candidate_pending_human_review			cmusphinx/cmudict	cmudict:formal-zero-shared-phone	shores	smirk										3.3010299956639813	2.905213680621799	3.10312183814289	4	4		1	1																																	
CAND_SOUND_001634	Sound	unrelated	0		plus	candidate_pending_human_review			cmusphinx/cmudict	cmudict:formal-zero-shared-phone	desks	germ										3.0248235837250323	3.098609797885951	3.0617166908054916	5	3		1	1																																	
CAND_SOUND_001635	Sound	unrelated	0		plus	candidate_pending_human_review			cmusphinx/cmudict	cmudict:formal-zero-shared-phone	nine	sore										4.829114496522994	4.176091259055681	4.502602877789338	3	3		1	1																																	
CAND_SOUND_001636	Sound	unrelated	0		plus	candidate_pending_human_review			cmusphinx/cmudict	cmudict:formal-zero-shared-phone	na	seeks										3.6955503450778817	3.456782679686501	3.5761665123821915	2	4		1	1																																	
CAND_SOUND_001637	Sound	unrelated	0		plus	candidate_pending_human_review			cmusphinx/cmudict	cmudict:formal-zero-shared-phone	dents	shores										2.7074031718728815	3.3010299956639813	3.0042165837684314	5	4		1	1																																	
CAND_SOUND_001638	Sound	unrelated	0		plus	candidate_pending_human_review			cmusphinx/cmudict	cmudict:formal-zero-shared-phone	adds	six										3.595625881322553	5.300006922206402	4.447816401764477	3	4		1	1																																	
CAND_SOUND_001639	Sound	unrelated	0		plus	candidate_pending_human_review			cmusphinx/cmudict	cmudict:formal-zero-shared-phone	heist	males										3.4965498065579883	3.4195346222668714	3.45804221441243	4	4		1	1																																	
CAND_SOUND_001640	Sound	unrelated	0		plus	candidate_pending_human_review			cmusphinx/cmudict	cmudict:formal-zero-shared-phone	na	quiche										3.6955503450778817	2.9258982794816504	3.310724312279766	2	3		1	1																																	
CAND_SOUND_001641	Sound	unrelated	0		plus	candidate_pending_human_review			cmusphinx/cmudict	cmudict:formal-zero-shared-phone	both	pi										5.470312467167388	3.5642714304385628	4.517291948802976	3	2		1	1																																	
CAND_SOUND_001642	Sound	unrelated	0		plus	candidate_pending_human_review			cmusphinx/cmudict	cmudict:formal-zero-shared-phone	both	struck										5.470312467167388	4.209409871222446	4.839861169194917	3	5		1	1																																	
CAND_SOUND_001643	Sound	unrelated	0		plus	candidate_pending_human_review			cmusphinx/cmudict	cmudict:formal-zero-shared-phone	cube	seal										3.4742734118468364	4.168647664493706	3.821460538170271	4	3		1	1																																	
CAND_SOUND_001644	Sound	unrelated	0		plus	candidate_pending_human_review			cmusphinx/cmudict	cmudict:formal-zero-shared-phone	nine	poll										4.829114496522994	3.3962335448580205	4.112674020690507	3	3		1	1																																	
CAND_SOUND_001645	Sound	unrelated	0		plus	candidate_pending_human_review			cmusphinx/cmudict	cmudict:formal-zero-shared-phone	heist	urged										3.4965498065579883	3.048304679574555	3.2724272430662715	4	3		1	1																																	
CAND_SOUND_001646	Sound	unrelated	0		plus	candidate_pending_human_review			cmusphinx/cmudict	cmudict:formal-zero-shared-phone	bar	wuss										4.934399421604123	3.2701534291909113	4.102276425397517	3	3		1	1																																	
CAND_SOUND_001647	Sound	unrelated	0		plus	candidate_pending_human_review			cmusphinx/cmudict	cmudict:formal-zero-shared-phone	both	jails										5.470312467167388	2.883494430928563	4.176903449047975	3	4		1	1																																	
CAND_SOUND_001648	Sound	unrelated	0		plus	candidate_pending_human_review			cmusphinx/cmudict	cmudict:formal-zero-shared-phone	both	hiss										5.470312467167388	2.9645276818377813	4.217420074502584	3	3		1	1																																	
CAND_SOUND_001649	Sound	unrelated	0		plus	candidate_pending_human_review			cmusphinx/cmudict	cmudict:formal-zero-shared-phone	chunk	nursed										3.6167122791997564	2.982625903930577	3.2996690915651667	4	4		1	1																																	
CAND_SOUND_001650	Sound	unrelated	0		plus	candidate_pending_human_review			cmusphinx/cmudict	cmudict:formal-zero-shared-phone	gush	swank										2.848732324669351	2.6726410656136697	2.7606866951415103	3	5		1	1																																	
CAND_SOUND_001651	Sound	unrelated	0		plus	candidate_pending_human_review			cmusphinx/cmudict	cmudict:formal-zero-shared-phone	adds	give										3.595625881322553	6.067377221207055	4.831501551264804	3	3		1	1																																	
CAND_SOUND_001652	Sound	unrelated	0		plus	candidate_pending_human_review			cmusphinx/cmudict	cmudict:formal-zero-shared-phone	both	rye										5.470312467167388	3.618765684830815	4.544539075999102	3	2		1	1																																	
CAND_SOUND_001653	Sound	unrelated	0		plus	candidate_pending_human_review			cmusphinx/cmudict	cmudict:formal-zero-shared-phone	heist	shield										3.4965498065579883	3.9136061056770988	3.7050779561175435	4	4		1	1																																	
CAND_SOUND_001654	Sound	unrelated	0		plus	candidate_pending_human_review			cmusphinx/cmudict	cmudict:formal-zero-shared-phone	brig	seal										3.482761522072355	4.168647664493706	3.8257045932830307	4	3		1	1																																	
CAND_SOUND_001655	Sound	unrelated	0		plus	candidate_pending_human_review			cmusphinx/cmudict	cmudict:formal-zero-shared-phone	dredge	swank										2.6726410656136697	2.6726410656136697	2.6726410656136697	4	5		1	1																																	
CAND_SOUND_001656	Sound	unrelated	0		plus	candidate_pending_human_review			cmusphinx/cmudict	cmudict:formal-zero-shared-phone	meek	nursed										3.2369124960522324	2.982625903930577	3.1097691999914048	3	4		1	1																																	
CAND_SOUND_001657	Sound	unrelated	0		plus	candidate_pending_human_review			cmusphinx/cmudict	cmudict:formal-zero-shared-phone	both	gems										5.470312467167388	2.935882500388251	4.203097483777819	3	4		1	1																																	
CAND_SOUND_001658	Sound	unrelated	0		plus	candidate_pending_human_review			cmusphinx/cmudict	cmudict:formal-zero-shared-phone	own	zoo										5.661998170498611	4.135039063512625	4.898518617005618	2	2		1	1																																	
CAND_SOUND_001659	Sound	unrelated	0		plus	candidate_pending_human_review			cmusphinx/cmudict	cmudict:formal-zero-shared-phone	lit	nine										3.987911500392261	4.829114496522994	4.408512998457628	3	3		1	1																																	
CAND_SOUND_001660	Sound	unrelated	0		plus	candidate_pending_human_review			cmusphinx/cmudict	cmudict:formal-zero-shared-phone	adds	scarf										3.595625881322553	3.6708277248502013	3.633226803086377	3	5		1	1																																	
CAND_SOUND_001661	Sound	unrelated	0		plus	candidate_pending_human_review			cmusphinx/cmudict	cmudict:formal-zero-shared-phone	peek	shores										3.7269987279362624	3.3010299956639813	3.514014361800122	3	4		1	1																																	
CAND_SOUND_001662	Sound	unrelated	0		plus	candidate_pending_human_review			cmusphinx/cmudict	cmudict:formal-zero-shared-phone	dozed	wuss										2.905213680621799	3.2701534291909113	3.0876835549063553	4	3		1	1																																	
CAND_SOUND_001663	Sound	unrelated	0		plus	candidate_pending_human_review			cmusphinx/cmudict	cmudict:formal-zero-shared-phone	botched	fly										3.055857817465001	4.929418925714293	3.992638371589647	4	3		1	1																																	
CAND_SOUND_001664	Sound	unrelated	0		plus	candidate_pending_human_review			cmusphinx/cmudict	cmudict:formal-zero-shared-phone	hinge	swells										2.75482782180102	3.0777596589128304	2.916293740356925	4	5		1	1																																	
CAND_SOUND_001665	Sound	unrelated	0		plus	candidate_pending_human_review			cmusphinx/cmudict	cmudict:formal-zero-shared-phone	core	own										3.992267549769309	5.661998170498611	4.82713286013396	3	2		1	1																																	
CAND_SOUND_001666	Sound	unrelated	0		plus	candidate_pending_human_review			cmusphinx/cmudict	cmudict:formal-zero-shared-phone	flux	gray										3.016705693502853	4.324645527200046	3.6706756103514495	5	3		1	1																																	
CAND_SOUND_001667	Sound	unrelated	0		plus	candidate_pending_human_review			cmusphinx/cmudict	cmudict:formal-zero-shared-phone	dibs	flux										3.364311831208189	3.016705693502853	3.1905087623555213	4	5		1	1																																	
CAND_SOUND_001668	Sound	unrelated	0		plus	candidate_pending_human_review			cmusphinx/cmudict	cmudict:formal-zero-shared-phone	both	string										5.470312467167388	4.1026623418971475	4.786487404532268	3	5		1	1																																	
CAND_SOUND_001669	Sound	unrelated	0		plus	candidate_pending_human_review			cmusphinx/cmudict	cmudict:formal-zero-shared-phone	dip	na										3.900955857479258	3.6955503450778817	3.79825310127857	3	2		1	1																																	
CAND_SOUND_001670	Sound	unrelated	0		plus	candidate_pending_human_review			cmusphinx/cmudict	cmudict:formal-zero-shared-phone	fray	nine										2.973671061277651	4.829114496522994	3.9013927789003224	3	3		1	1																																	
CAND_SOUND_001671	Sound	unrelated	0		plus	candidate_pending_human_review			cmusphinx/cmudict	cmudict:formal-zero-shared-phone	sealed	shores										3.9887862126353957	3.3010299956639813	3.6449081041496885	4	4		1	1																																	
CAND_SOUND_001672	Sound	unrelated	0		plus	candidate_pending_human_review			cmusphinx/cmudict	cmudict:formal-zero-shared-phone	links	na										3.4416489365574434	3.6955503450778817	3.568599640817663	5	2		1	1																																	
CAND_SOUND_001673	Sound	unrelated	0		plus	candidate_pending_human_review			cmusphinx/cmudict	cmudict:formal-zero-shared-phone	dough	na										4.200914842780714	3.6955503450778817	3.9482325939292977	2	2		1	1																																	
CAND_SOUND_001674	Sound	unrelated	0		plus	candidate_pending_human_review			cmusphinx/cmudict	cmudict:formal-zero-shared-phone	own	thrills										5.661998170498611	3.1557526840225196	4.408875427260566	2	5		1	1																																	
CAND_SOUND_001675	Sound	unrelated	0		plus	candidate_pending_human_review			cmusphinx/cmudict	cmudict:formal-zero-shared-phone	chew	heist										3.957071799458189	3.4965498065579883	3.726810803008089	2	4		1	1																																	
CAND_SOUND_001676	Sound	unrelated	0		plus	candidate_pending_human_review			cmusphinx/cmudict	cmudict:formal-zero-shared-phone	heist	wrench										3.4965498065579883	3.5977811933486876	3.547165499953338	4	4		1	1																																	
CAND_SOUND_001677	Sound	unrelated	0		plus	candidate_pending_human_review			cmusphinx/cmudict	cmudict:formal-zero-shared-phone	tons	weld										3.973671061277651	2.7975798022219696	3.3856254317498102	4	4		1	1																																	
CAND_SOUND_001678	Sound	unrelated	0		plus	candidate_pending_human_review			cmusphinx/cmudict	cmudict:formal-zero-shared-phone	formed	sash										3.674446866476932	3.055857817465001	3.3651523419709664	5	3		1	1																																	
CAND_SOUND_001679	Sound	unrelated	0		plus	candidate_pending_human_review			cmusphinx/cmudict	cmudict:formal-zero-shared-phone	spook	tones										3.4385578595803015	3.2924298239020637	3.3654938417411824	4	4		1	1																																	
CAND_SOUND_001680	Sound	unrelated	0		plus	candidate_pending_human_review			cmusphinx/cmudict	cmudict:formal-zero-shared-phone	both	jest										5.470312467167388	3.1249387366083	4.2976256018878445	3	4		1	1																																	
CAND_SOUND_001681	Sound	unrelated	0		plus	candidate_pending_human_review			cmusphinx/cmudict	cmudict:formal-zero-shared-phone	adds	lay										3.595625881322553	4.7651862732192765	4.180406077270915	3	2		1	1																																	
CAND_SOUND_001682	Sound	unrelated	0		plus	candidate_pending_human_review			cmusphinx/cmudict	cmudict:formal-zero-shared-phone	own	slips										5.661998170498611	3.5890950141635947	4.625546592331103	2	5		1	1																																	
CAND_SOUND_001683	Sound	unrelated	0		plus	candidate_pending_human_review			cmusphinx/cmudict	cmudict:formal-zero-shared-phone	na	sway										3.6955503450778817	3.4030195342013125	3.5492849396395973	2	3		1	1																																	
CAND_SOUND_001684	Sound	unrelated	0		plus	candidate_pending_human_review			cmusphinx/cmudict	cmudict:formal-zero-shared-phone	botched	roles										3.055857817465001	3.462691539297021	3.259274678381011	4	4		1	1																																	
CAND_SOUND_001685	Sound	unrelated	0		plus	candidate_pending_human_review			cmusphinx/cmudict	cmudict:formal-zero-shared-phone	nailed	wuss										3.857095888154153	3.2701534291909113	3.5636246586725324	4	3		1	1																																	
CAND_SOUND_001686	Sound	unrelated	0		plus	candidate_pending_human_review			cmusphinx/cmudict	cmudict:formal-zero-shared-phone	nine	ways										4.829114496522994	4.712880683008132	4.770997589765563	3	3		1	1																																	
CAND_SOUND_001687	Sound	unrelated	0		plus	candidate_pending_human_review			cmusphinx/cmudict	cmudict:formal-zero-shared-phone	germ	sort										3.098609797885951	5.172328148232074	4.135468973059012	3	4		1	1																																	
CAND_SOUND_001688	Sound	unrelated	0		plus	candidate_pending_human_review			cmusphinx/cmudict	cmudict:formal-zero-shared-phone	quirks	shores										2.9645276818377813	3.3010299956639813	3.1327788387508813	5	4		1	1																																	
CAND_SOUND_001689	Sound	unrelated	0		plus	candidate_pending_human_review			cmusphinx/cmudict	cmudict:formal-zero-shared-phone	adds	hitched										3.595625881322553	3.325853579389013	3.460739730355783	3	4		1	1																																	
CAND_SOUND_001690	Sound	unrelated	0		plus	candidate_pending_human_review			cmusphinx/cmudict	cmudict:formal-zero-shared-phone	bees	sash										3.7269987279362624	3.055857817465001	3.3914282727006317	3	3		1	1																																	
CAND_SOUND_001691	Sound	unrelated	0		plus	candidate_pending_human_review			cmusphinx/cmudict	cmudict:formal-zero-shared-phone	feast	nine										3.8264559299581986	4.829114496522994	4.327785213240596	4	3		1	1																																	
CAND_SOUND_001692	Sound	unrelated	0		plus	candidate_pending_human_review			cmusphinx/cmudict	cmudict:formal-zero-shared-phone	germ	highs										3.098609797885951	2.8364978682523394	2.967553833069145	3	3		1	1																																	
CAND_SOUND_001693	Sound	unrelated	0		plus	candidate_pending_human_review			cmusphinx/cmudict	cmudict:formal-zero-shared-phone	both	flak										5.470312467167388	3.0248235837250323	4.24756802544621	3	4		1	1																																	
CAND_SOUND_001694	Sound	unrelated	0		plus	candidate_pending_human_review			cmusphinx/cmudict	cmudict:formal-zero-shared-phone	nine	tick										4.829114496522994	3.8606315479690587	4.344873022246026	3	3		1	1																																	
CAND_SOUND_001695	Sound	unrelated	0		plus	candidate_pending_human_review			cmusphinx/cmudict	cmudict:formal-zero-shared-phone	aim	nine										4.172099029534117	4.829114496522994	4.500606763028555	2	3		1	1																																	
CAND_SOUND_001696	Sound	unrelated	0		plus	candidate_pending_human_review			cmusphinx/cmudict	cmudict:formal-zero-shared-phone	adds	pore										3.595625881322553	2.6726410656136697	3.134133473468111	3	3		1	1																																	
CAND_SOUND_001697	Sound	unrelated	0		plus	candidate_pending_human_review			cmusphinx/cmudict	cmudict:formal-zero-shared-phone	raped	swank										4.065484517266326	2.6726410656136697	3.369062791439998	4	5		1	1																																	
CAND_SOUND_001698	Sound	unrelated	0		plus	candidate_pending_human_review			cmusphinx/cmudict	cmudict:formal-zero-shared-phone	adds	swerve										3.595625881322553	2.8239087409443187	3.2097673111334357	3	4		1	1																																	
CAND_SOUND_001699	Sound	unrelated	0		plus	candidate_pending_human_review			cmusphinx/cmudict	cmudict:formal-zero-shared-phone	swank	tale										2.6726410656136697	4.079181246047625	3.3759111558306474	5	3		1	1																																	
CAND_SOUND_001700	Sound	unrelated	0		plus	candidate_pending_human_review			cmusphinx/cmudict	cmudict:formal-zero-shared-phone	both	tin										5.470312467167388	3.9368684133699023	4.703590440268645	3	3		1	1																																	
CAND_SOUND_001701	Sound	unrelated	0		plus	candidate_pending_human_review			cmusphinx/cmudict	cmudict:formal-zero-shared-phone	cards	stash										4.681418609026778	3.7023629472333583	4.191890778130068	5	4		1	1																																	
CAND_SOUND_001702	Sound	unrelated	0		plus	candidate_pending_human_review			cmusphinx/cmudict	cmudict:formal-zero-shared-phone	botched	wealth										3.055857817465001	3.8029748341086758	3.429416325786838	4	4		1	1																																	
CAND_SOUND_001703	Sound	unrelated	0		plus	candidate_pending_human_review			cmusphinx/cmudict	cmudict:formal-zero-shared-phone	botched	piece										3.055857817465001	5.095135150976416	4.075496484220709	4	3		1	1																																	
CAND_SOUND_001704	Sound	unrelated	0		plus	candidate_pending_human_review			cmusphinx/cmudict	cmudict:formal-zero-shared-phone	brawn	swells										2.75482782180102	3.0777596589128304	2.916293740356925	4	5		1	1																																	
CAND_SOUND_001705	Sound	unrelated	0		plus	candidate_pending_human_review			cmusphinx/cmudict	cmudict:formal-zero-shared-phone	flux	show										3.016705693502853	5.688733807664226	4.35271975058354	5	2		1	1																																	
CAND_SOUND_001706	Sound	unrelated	0		plus	candidate_pending_human_review			cmusphinx/cmudict	cmudict:formal-zero-shared-phone	births	cards										2.75482782180102	4.681418609026778	3.718123215413899	4	5		1	1																																	
CAND_SOUND_001707	Sound	unrelated	0		plus	candidate_pending_human_review			cmusphinx/cmudict	cmudict:formal-zero-shared-phone	swank	trails										2.6726410656136697	3.325853579389013	2.9992473225013416	5	5		1	1																																	
CAND_SOUND_001708	Sound	unrelated	0		plus	candidate_pending_human_review			cmusphinx/cmudict	cmudict:formal-zero-shared-phone	cards	putt										4.681418609026778	3.055857817465001	3.8686382132458896	5	3		1	1																																	
CAND_SOUND_001709	Sound	unrelated	0		plus	candidate_pending_human_review			cmusphinx/cmudict	cmudict:formal-zero-shared-phone	ale	nursed										3.5977811933486876	2.982625903930577	3.2902035486396324	2	4		1	1																																	
CAND_SOUND_001710	Sound	unrelated	0		plus	candidate_pending_human_review			cmusphinx/cmudict	cmudict:formal-zero-shared-phone	romp	seal										2.723793588061051	4.168647664493706	3.4462206262773787	4	3		1	1																																	
CAND_SOUND_001711	Sound	unrelated	0		plus	candidate_pending_human_review			cmusphinx/cmudict	cmudict:formal-zero-shared-phone	nine	racked										4.829114496522994	2.9913998282380825	3.910257162380538	3	4		1	1																																	
CAND_SOUND_001712	Sound	unrelated	0		plus	candidate_pending_human_review			cmusphinx/cmudict	cmudict:formal-zero-shared-phone	heap	sash										3.6886291709978	3.055857817465001	3.372243494231401	3	3		1	1																																	
CAND_SOUND_001713	Sound	unrelated	0		plus	candidate_pending_human_review			cmusphinx/cmudict	cmudict:formal-zero-shared-phone	sash	wool										3.055857817465001	3.4992556999339133	3.277556758699457	3	3		1	1																																	
CAND_SOUND_001714	Sound	unrelated	0		plus	candidate_pending_human_review			cmusphinx/cmudict	cmudict:formal-zero-shared-phone	roped	sash										2.973671061277651	3.055857817465001	3.014764439371326	4	3		1	1																																	
CAND_SOUND_001715	Sound	unrelated	0		plus	candidate_pending_human_review			cmusphinx/cmudict	cmudict:formal-zero-shared-phone	both	funds										5.470312467167388	3.8200597247734023	4.645186095970395	3	5		1	1																																	
CAND_SOUND_001716	Sound	unrelated	0		plus	candidate_pending_human_review			cmusphinx/cmudict	cmudict:formal-zero-shared-phone	frees	nursed										2.8239087409443187	2.982625903930577	2.903267322437448	4	4		1	1																																	
CAND_SOUND_001717	Sound	unrelated	0		plus	candidate_pending_human_review			cmusphinx/cmudict	cmudict:formal-zero-shared-phone	horn	wuss										4.323838288153688	3.2701534291909113	3.7969958586722994	4	3		1	1																																	
CAND_SOUND_001718	Sound	unrelated	0		plus	candidate_pending_human_review			cmusphinx/cmudict	cmudict:formal-zero-shared-phone	tell	wuss										6.236660729697238	3.2701534291909113	4.753407079444075	3	3		1	1																																	
CAND_SOUND_001719	Sound	unrelated	0		plus	candidate_pending_human_review			cmusphinx/cmudict	cmudict:formal-zero-shared-phone	none	shores										5.043785923627457	3.3010299956639813	4.172407959645719	3	4		1	1																																	
CAND_SOUND_001720	Sound	unrelated	0		plus	candidate_pending_human_review			cmusphinx/cmudict	cmudict:formal-zero-shared-phone	thrice	tons										2.7074031718728815	3.973671061277651	3.340537116575266	4	4		1	1																																	
CAND_SOUND_001721	Sound	unrelated	0		plus	candidate_pending_human_review			cmusphinx/cmudict	cmudict:formal-zero-shared-phone	shores	wake										3.3010299956639813	5.0220804922379845	4.161555243950983	4	3		1	1																																	
CAND_SOUND_001722	Sound	unrelated	0		plus	candidate_pending_human_review			cmusphinx/cmudict	cmudict:formal-zero-shared-phone	botched	kinks										3.055857817465001	2.905213680621799	2.9805357490434004	4	5		1	1																																	
CAND_SOUND_001723	Sound	unrelated	0		plus	candidate_pending_human_review			cmusphinx/cmudict	cmudict:formal-zero-shared-phone	pints	shores										3.098609797885951	3.3010299956639813	3.199819896774966	5	4		1	1																																	
CAND_SOUND_001724	Sound	unrelated	0		plus	candidate_pending_human_review			cmusphinx/cmudict	cmudict:formal-zero-shared-phone	drones	seal										3.1497623203333323	4.168647664493706	3.6592049924135193	5	3		1	1																																	
CAND_SOUND_001725	Sound	unrelated	0		plus	candidate_pending_human_review			cmusphinx/cmudict	cmudict:formal-zero-shared-phone	botched	eyed										3.055857817465001	2.872213420518874	2.9640356189919377	4	2		1	1																																	
CAND_SOUND_001726	Sound	unrelated	0		plus	candidate_pending_human_review			cmusphinx/cmudict	cmudict:formal-zero-shared-phone	own	sweets										5.661998170498611	3.3787896545768117	4.5203939125377115	2	5		1	1																																	
CAND_SOUND_001727	Sound	unrelated	0		plus	candidate_pending_human_review			cmusphinx/cmudict	cmudict:formal-zero-shared-phone	bop	germ										3.2655576775017625	3.098609797885951	3.1820837376938567	3	3		1	1																																	
CAND_SOUND_001728	Sound	unrelated	0		plus	candidate_pending_human_review			cmusphinx/cmudict	cmudict:formal-zero-shared-phone	botched	fugue										3.055857817465001	2.723793588061051	2.889825702763026	4	4		1	1																																	
CAND_SOUND_001729	Sound	unrelated	0		plus	candidate_pending_human_review			cmusphinx/cmudict	cmudict:formal-zero-shared-phone	botched	joined										3.055857817465001	4.2172258196999755	3.6365418185824883	4	4		1	1																																	
CAND_SOUND_001730	Sound	unrelated	0		plus	candidate_pending_human_review			cmusphinx/cmudict	cmudict:formal-zero-shared-phone	point	swank										5.373885151724638	2.6726410656136697	4.023263108669154	4	5		1	1																																	
CAND_SOUND_001731	Sound	unrelated	0		plus	candidate_pending_human_review			cmusphinx/cmudict	cmudict:formal-zero-shared-phone	heats	na										2.7837915177363364	3.6955503450778817	3.239670931407109	4	2		1	1																																	
CAND_SOUND_001732	Sound	unrelated	0		plus	candidate_pending_human_review			cmusphinx/cmudict	cmudict:formal-zero-shared-phone	germ	towed										3.098609797885951	3.105343180544919	3.101976489215435	3	3		1	1																																	
CAND_SOUND_001733	Sound	unrelated	0		plus	candidate_pending_human_review			cmusphinx/cmudict	cmudict:formal-zero-shared-phone	cat	wuss										4.821731821690044	3.2701534291909113	4.045942625440477	3	3		1	1																																	
CAND_SOUND_001734	Sound	unrelated	0		plus	candidate_pending_human_review			cmusphinx/cmudict	cmudict:formal-zero-shared-phone	adds	range										3.595625881322553	4.357262043640637	3.976443962481595	3	4		1	1																																	
CAND_SOUND_001735	Sound	unrelated	0		plus	candidate_pending_human_review			cmusphinx/cmudict	cmudict:formal-zero-shared-phone	mas	nine										3.349334675238536	4.829114496522994	4.089224585880765	3	3		1	1																																	
CAND_SOUND_001736	Sound	unrelated	0		plus	candidate_pending_human_review			cmusphinx/cmudict	cmudict:formal-zero-shared-phone	sash	whole										3.055857817465001	5.58601333739818	4.320935577431591	3	3		1	1																																	
CAND_SOUND_001737	Sound	unrelated	0		plus	candidate_pending_human_review			cmusphinx/cmudict	cmudict:formal-zero-shared-phone	cards	slipped										4.681418609026778	4.2208256761587775	4.451122142592778	5	5		1	1																																	
CAND_SOUND_001738	Sound	unrelated	0		plus	candidate_pending_human_review			cmusphinx/cmudict	cmudict:formal-zero-shared-phone	flux	rant										3.016705693502853	2.8239087409443187	2.920307217223586	5	4		1	1																																	
CAND_SOUND_001739	Sound	unrelated	0		plus	candidate_pending_human_review			cmusphinx/cmudict	cmudict:formal-zero-shared-phone	chair	sash										4.692276536614986	3.055857817465001	3.8740671770399935	3	3		1	1																																	
CAND_SOUND_001740	Sound	unrelated	0		plus	candidate_pending_human_review			cmusphinx/cmudict	cmudict:formal-zero-shared-phone	own	veal										5.661998170498611	3.5501083987712483	4.60605328463493	2	3		1	1																																	
CAND_SOUND_001741	Sound	unrelated	0		plus	candidate_pending_human_review			cmusphinx/cmudict	cmudict:formal-zero-shared-phone	grieve	tones										3.3416478465722452	3.2924298239020637	3.3170388352371543	4	4		1	1																																	
CAND_SOUND_001742	Sound	unrelated	0		plus	candidate_pending_human_review			cmusphinx/cmudict	cmudict:formal-zero-shared-phone	prove	sash										4.847524272480383	3.055857817465001	3.951691044972692	4	3		1	1																																	
CAND_SOUND_001743	Sound	unrelated	0		plus	candidate_pending_human_review			cmusphinx/cmudict	cmudict:formal-zero-shared-phone	hard	swank										5.488329476311297	2.6726410656136697	4.080485270962484	4	5		1	1																																	
CAND_SOUND_001744	Sound	unrelated	0		plus	candidate_pending_human_review			cmusphinx/cmudict	cmudict:formal-zero-shared-phone	fraught	seal										2.8364978682523394	4.168647664493706	3.5025727663730226	4	3		1	1																																	
CAND_SOUND_001745	Sound	unrelated	0		plus	candidate_pending_human_review			cmusphinx/cmudict	cmudict:formal-zero-shared-phone	amp	botched										3.260912772455999	3.055857817465001	3.1583852949605	3	4		1	1																																	
CAND_SOUND_001746	Sound	unrelated	0		plus	candidate_pending_human_review			cmusphinx/cmudict	cmudict:formal-zero-shared-phone	loud	na										4.60013974730687	3.6955503450778817	4.147845046192376	3	2		1	1																																	
CAND_SOUND_001747	Sound	unrelated	0		plus	candidate_pending_human_review			cmusphinx/cmudict	cmudict:formal-zero-shared-phone	large	swank										4.617534806873471	2.6726410656136697	3.6450879362435704	4	5		1	1																																	
CAND_SOUND_001748	Sound	unrelated	0		plus	candidate_pending_human_review			cmusphinx/cmudict	cmudict:formal-zero-shared-phone	ate	swells										4.5284629710196995	3.0777596589128304	3.803111314966265	2	5		1	1																																	
CAND_SOUND_001749	Sound	unrelated	0		plus	candidate_pending_human_review			cmusphinx/cmudict	cmudict:formal-zero-shared-phone	shame	tones										4.618765684830815	3.2924298239020637	3.9555977543664396	3	4		1	1																																	
CAND_SOUND_001750	Sound	unrelated	0		plus	candidate_pending_human_review			cmusphinx/cmudict	cmudict:formal-zero-shared-phone	quick	seal										5.036096345348277	4.168647664493706	4.6023720049209915	4	3		1	1																																	
CAND_SOUND_001751	Sound	unrelated	0		plus	candidate_pending_human_review			cmusphinx/cmudict	cmudict:formal-zero-shared-phone	heck	sash										4.258571556641096	3.055857817465001	3.6572146870530484	3	3		1	1																																	
CAND_SOUND_001752	Sound	unrelated	0		plus	candidate_pending_human_review			cmusphinx/cmudict	cmudict:formal-zero-shared-phone	flux	sham										3.016705693502853	3.1789205490745456	3.0978131212886995	5	3		1	1																																	
CAND_SOUND_001753	Sound	unrelated	0		plus	candidate_pending_human_review			cmusphinx/cmudict	cmudict:formal-zero-shared-phone	pups	tones										2.9551876555836376	3.2924298239020637	3.1238087397428504	4	4		1	1																																	
CAND_SOUND_001754	Sound	unrelated	0		plus	candidate_pending_human_review			cmusphinx/cmudict	cmudict:formal-zero-shared-phone	botched	shriek										3.055857817465001	2.7975798022219696	2.9267188098434853	4	4		1	1																																	
CAND_SOUND_001755	Sound	unrelated	0		plus	candidate_pending_human_review			cmusphinx/cmudict	cmudict:formal-zero-shared-phone	na	sits										3.6955503450778817	3.998293536185983	3.8469219406319324	2	4		1	1																																	
CAND_SOUND_001756	Sound	unrelated	0		plus	candidate_pending_human_review			cmusphinx/cmudict	cmudict:formal-zero-shared-phone	tank	wuss										4.408373000841118	3.2701534291909113	3.8392632150160146	4	3		1	1																																	
CAND_SOUND_001757	Sound	unrelated	0		plus	candidate_pending_human_review			cmusphinx/cmudict	cmudict:formal-zero-shared-phone	hast	own										3.1249387366083	5.661998170498611	4.393468453553456	4	2		1	1																																	
CAND_SOUND_001758	Sound	unrelated	0		plus	candidate_pending_human_review			cmusphinx/cmudict	cmudict:formal-zero-shared-phone	germ	park										3.098609797885951	4.858041548804122	3.9783256733450365	3	4		1	1																																	
CAND_SOUND_001759	Sound	unrelated	0		plus	candidate_pending_human_review			cmusphinx/cmudict	cmudict:formal-zero-shared-phone	flew	nine										4.187299480647316	4.829114496522994	4.508206988585155	3	3		1	1																																	
CAND_SOUND_001760	Sound	unrelated	0		plus	candidate_pending_human_review			cmusphinx/cmudict	cmudict:formal-zero-shared-phone	jugs	seal										3.0777596589128304	4.168647664493706	3.6232036617032684	4	3		1	1																																	
CAND_SOUND_001761	Sound	unrelated	0		plus	candidate_pending_human_review			cmusphinx/cmudict	cmudict:formal-zero-shared-phone	grope	wuss										2.7837915177363364	3.2701534291909113	3.0269724734636236	4	3		1	1																																	
CAND_SOUND_001762	Sound	unrelated	0		plus	candidate_pending_human_review			cmusphinx/cmudict	cmudict:formal-zero-shared-phone	fame	heist										3.9368684133699023	3.4965498065579883	3.7167091099639453	3	4		1	1																																	
CAND_SOUND_001763	Sound	unrelated	0		plus	candidate_pending_human_review			cmusphinx/cmudict	cmudict:formal-zero-shared-phone	swank	tape										2.6726410656136697	4.837860653367414	3.755250859490542	5	3		1	1																																	
CAND_SOUND_001764	Sound	unrelated	0		plus	candidate_pending_human_review			cmusphinx/cmudict	cmudict:formal-zero-shared-phone	jet	own										4.150365088621493	5.661998170498611	4.906181629560052	3	2		1	1																																	
CAND_SOUND_001765	Sound	unrelated	0		plus	candidate_pending_human_review			cmusphinx/cmudict	cmudict:formal-zero-shared-phone	clothe	germ										2.915679114299964	3.098609797885951	3.0071444560929574	4	3		1	1																																	
CAND_SOUND_001766	Sound	unrelated	0		plus	candidate_pending_human_review			cmusphinx/cmudict	cmudict:formal-zero-shared-phone	own	shout										5.661998170498611	4.216191784730764	4.939094977614688	2	3		1	1																																	
CAND_SOUND_001767	Sound	unrelated	0		plus	candidate_pending_human_review			cmusphinx/cmudict	cmudict:formal-zero-shared-phone	swank	tout										2.6726410656136697	3.0327925133963074	2.8527167895049885	5	3		1	1																																	
CAND_SOUND_001768	Sound	unrelated	0		plus	candidate_pending_human_review			cmusphinx/cmudict	cmudict:formal-zero-shared-phone	bored	flux										4.304845198664497	3.016705693502853	3.660775446083675	4	5		1	1																																	
CAND_SOUND_001769	Sound	unrelated	0		plus	candidate_pending_human_review			cmusphinx/cmudict	cmudict:formal-zero-shared-phone	adds	wrists										3.595625881322553	3.638782798352702	3.6172043398376275	3	5		1	1																																	
CAND_SOUND_001770	Sound	unrelated	0		plus	candidate_pending_human_review			cmusphinx/cmudict	cmudict:formal-zero-shared-phone	both	stank										5.470312467167388	2.883494430928563	4.176903449047975	3	5		1	1																																	
CAND_SOUND_001771	Sound	unrelated	0		plus	candidate_pending_human_review			cmusphinx/cmudict	cmudict:formal-zero-shared-phone	damned	own										4.245706160569368	5.661998170498611	4.9538521655339895	4	2		1	1																																	
CAND_SOUND_001772	Sound	unrelated	0		plus	candidate_pending_human_review			cmusphinx/cmudict	cmudict:formal-zero-shared-phone	germ	grass										3.098609797885951	4.224903588579217	3.661756693232584	3	4		1	1																																	
CAND_SOUND_001773	Sound	unrelated	0		plus	candidate_pending_human_review			cmusphinx/cmudict	cmudict:formal-zero-shared-phone	own	shank										5.661998170498611	3.131278914639319	4.396638542568965	2	4		1	1																																	
CAND_SOUND_001774	Sound	unrelated	0		plus	candidate_pending_human_review			cmusphinx/cmudict	cmudict:formal-zero-shared-phone	masked	shores										3.3716110699496884	3.3010299956639813	3.336320532806835	5	4		1	1																																	
CAND_SOUND_001775	Sound	unrelated	0		plus	candidate_pending_human_review			cmusphinx/cmudict	cmudict:formal-zero-shared-phone	germ	vie										3.098609797885951	3.3338225090602887	3.2162161534731197	3	2		1	1																																	
CAND_SOUND_001776	Sound	unrelated	0		plus	candidate_pending_human_review			cmusphinx/cmudict	cmudict:formal-zero-shared-phone	germ	veil										3.098609797885951	3.471406771195233	3.285008284540592	3	3		1	1																																	
CAND_SOUND_001777	Sound	unrelated	0		plus	candidate_pending_human_review			cmusphinx/cmudict	cmudict:formal-zero-shared-phone	adds	waist										3.595625881322553	3.710731115221809	3.653178498272181	3	4		1	1																																	
CAND_SOUND_001778	Sound	unrelated	0		plus	candidate_pending_human_review			cmusphinx/cmudict	cmudict:formal-zero-shared-phone	die	shores										5.416868834458589	3.3010299956639813	4.358949415061286	2	4		1	1																																	
CAND_SOUND_001779	Sound	unrelated	0		plus	candidate_pending_human_review			cmusphinx/cmudict	cmudict:formal-zero-shared-phone	own	spelled										5.661998170498611	3.542849826210958	4.6024239983547846	2	5		1	1																																	
CAND_SOUND_001780	Sound	unrelated	0		plus	candidate_pending_human_review			cmusphinx/cmudict	cmudict:formal-zero-shared-phone	horns	sash										3.7921169065204676	3.055857817465001	3.4239873619927343	5	3		1	1																																	
CAND_SOUND_001781	Sound	unrelated	0		plus	candidate_pending_human_review			cmusphinx/cmudict	cmudict:formal-zero-shared-phone	adds	skates										3.595625881322553	3.624868283817669	3.610247082570111	3	5		1	1																																	
CAND_SOUND_001782	Sound	unrelated	0		plus	candidate_pending_human_review			cmusphinx/cmudict	cmudict:formal-zero-shared-phone	swells	torn										3.0777596589128304	4.035154955206762	3.5564573070597962	5	4		1	1																																	
CAND_SOUND_001783	Sound	unrelated	0		plus	candidate_pending_human_review			cmusphinx/cmudict	cmudict:formal-zero-shared-phone	flakes	shores										3.2701534291909113	3.3010299956639813	3.285591712427446	5	4		1	1																																	
CAND_SOUND_001784	Sound	unrelated	0		plus	candidate_pending_human_review			cmusphinx/cmudict	cmudict:formal-zero-shared-phone	fright	wuss										3.4416489365574434	3.2701534291909113	3.3559011828741774	4	3		1	1																																	
CAND_SOUND_001785	Sound	unrelated	0		plus	candidate_pending_human_review			cmusphinx/cmudict	cmudict:formal-zero-shared-phone	cards	wont										4.681418609026778	3.2009148427807133	3.941166725903746	5	4		1	1																																	
CAND_SOUND_001786	Sound	unrelated	0		plus	candidate_pending_human_review			cmusphinx/cmudict	cmudict:formal-zero-shared-phone	buy	swank										5.2842758775469605	2.6726410656136697	3.978458471580315	2	5		1	1																																	
CAND_SOUND_001787	Sound	unrelated	0		plus	candidate_pending_human_review			cmusphinx/cmudict	cmudict:formal-zero-shared-phone	brand	germ										4.14490981753892	3.098609797885951	3.6217598077124356	5	3		1	1																																	
CAND_SOUND_001788	Sound	unrelated	0		plus	candidate_pending_human_review			cmusphinx/cmudict	cmudict:formal-zero-shared-phone	nine	warmth										4.829114496522994	3.6484556810951863	4.23878508880909	3	5		1	1																																	
CAND_SOUND_001789	Sound	unrelated	0		plus	candidate_pending_human_review			cmusphinx/cmudict	cmudict:formal-zero-shared-phone	lout	wuss										2.7395878552442827	3.2701534291909113	3.004870642217597	3	3		1	1																																	
CAND_SOUND_001790	Sound	unrelated	0		plus	candidate_pending_human_review			cmusphinx/cmudict	cmudict:formal-zero-shared-phone	guile	sash										3.0084331675368627	3.055857817465001	3.032145492500932	3	3		1	1																																	
CAND_SOUND_001791	Sound	unrelated	0		plus	candidate_pending_human_review			cmusphinx/cmudict	cmudict:formal-zero-shared-phone	flux	pros										3.016705693502853	3.4855544222565253	3.2511300578796893	5	4		1	1																																	
CAND_SOUND_001792	Sound	unrelated	0		plus	candidate_pending_human_review			cmusphinx/cmudict	cmudict:formal-zero-shared-phone	both	oils										5.470312467167388	3.1249387366083	4.2976256018878445	3	3		1	1																																	
CAND_SOUND_001793	Sound	unrelated	0		plus	candidate_pending_human_review			cmusphinx/cmudict	cmudict:formal-zero-shared-phone	caps	nine										3.471406771195233	4.829114496522994	4.150260633859114	4	3		1	1																																	
CAND_SOUND_001794	Sound	unrelated	0		plus	candidate_pending_human_review			cmusphinx/cmudict	cmudict:formal-zero-shared-phone	germ	guard										3.098609797885951	4.764893720509053	3.931751759197502	3	4		1	1																																	
CAND_SOUND_001795	Sound	unrelated	0		plus	candidate_pending_human_review			cmusphinx/cmudict	cmudict:formal-zero-shared-phone	cab	wuss										4.553930597100344	3.2701534291909113	3.9120420131456273	3	3		1	1																																	
CAND_SOUND_001796	Sound	unrelated	0		plus	candidate_pending_human_review			cmusphinx/cmudict	cmudict:formal-zero-shared-phone	nine	pissed										4.829114496522994	4.4063731762089	4.617743836365947	3	4		1	1																																	
CAND_SOUND_001797	Sound	unrelated	0		plus	candidate_pending_human_review			cmusphinx/cmudict	cmudict:formal-zero-shared-phone	bribes	own										3.1557526840225196	5.661998170498611	4.408875427260566	5	2		1	1																																	
CAND_SOUND_001798	Sound	unrelated	0		plus	candidate_pending_human_review			cmusphinx/cmudict	cmudict:formal-zero-shared-phone	joy	swells										4.455591198879082	3.0777596589128304	3.7666754288959563	2	5		1	1																																	
CAND_SOUND_001799	Sound	unrelated	0		plus	candidate_pending_human_review			cmusphinx/cmudict	cmudict:formal-zero-shared-phone	own	studs										5.661998170498611	2.9913998282380825	4.326698999368347	2	5		1	1																																	
CAND_SOUND_001800	Sound	unrelated	0		plus	candidate_pending_human_review			cmusphinx/cmudict	cmudict:formal-zero-shared-phone	germ	poles										3.098609797885951	3.3338225090602887	3.2162161534731197	3	4		1	1																																	
CAND_SOUND_001801	Sound	unrelated	0		plus	candidate_pending_human_review			cmusphinx/cmudict	cmudict:formal-zero-shared-phone	blacked	na										3.3416478465722452	3.6955503450778817	3.5185990958250635	5	2		1	1																																	
CAND_SOUND_001802	Sound	unrelated	0		plus	candidate_pending_human_review			cmusphinx/cmudict	cmudict:formal-zero-shared-phone	rye	swells										3.618765684830815	3.0777596589128304	3.3482626718718227	2	5		1	1																																	
CAND_SOUND_001803	Sound	unrelated	0		plus	candidate_pending_human_review			cmusphinx/cmudict	cmudict:formal-zero-shared-phone	nine	strayed										4.829114496522994	2.973671061277651	3.9013927789003224	3	5		1	1																																	
CAND_SOUND_001804	Sound	unrelated	0		plus	candidate_pending_human_review			cmusphinx/cmudict	cmudict:formal-zero-shared-phone	seed	tones										3.8790171285738184	3.2924298239020637	3.5857234762379413	3	4		1	1																																	
CAND_SOUND_001805	Sound	unrelated	0		plus	candidate_pending_human_review			cmusphinx/cmudict	cmudict:formal-zero-shared-phone	cards	fail										4.681418609026778	4.390727360396761	4.53607298471177	5	3		1	1																																	
CAND_SOUND_001806	Sound	unrelated	0		plus	candidate_pending_human_review			cmusphinx/cmudict	cmudict:formal-zero-shared-phone	grim	own										3.679819650240793	5.661998170498611	4.670908910369702	4	2		1	1																																	
CAND_SOUND_001807	Sound	unrelated	0		plus	candidate_pending_human_review			cmusphinx/cmudict	cmudict:formal-zero-shared-phone	lung	na										3.915679114299964	3.6955503450778817	3.805614729688923	3	2		1	1																																	
CAND_SOUND_001808	Sound	unrelated	0		plus	candidate_pending_human_review			cmusphinx/cmudict	cmudict:formal-zero-shared-phone	shone	swank										2.769551078621726	2.6726410656136697	2.7210960721176978	3	5		1	1																																	
CAND_SOUND_001809	Sound	unrelated	0		plus	candidate_pending_human_review			cmusphinx/cmudict	cmudict:formal-zero-shared-phone	nine	purr										4.829114496522994	2.883494430928563	3.8563044637257784	3	2		1	1																																	
CAND_SOUND_001810	Sound	unrelated	0		plus	candidate_pending_human_review			cmusphinx/cmudict	cmudict:formal-zero-shared-phone	deaf	na										4.162248031881392	3.6955503450778817	3.9288991884796367	3	2		1	1																																	
CAND_SOUND_001811	Sound	unrelated	0		plus	candidate_pending_human_review			cmusphinx/cmudict	cmudict:formal-zero-shared-phone	germ	hoo										3.098609797885951	3.5999258618152767	3.3492678298506138	3	2		1	1																																	
CAND_SOUND_001812	Sound	unrelated	0		plus	candidate_pending_human_review			cmusphinx/cmudict	cmudict:formal-zero-shared-phone	cent	germ										3.976376954653576	3.098609797885951	3.5374933762697633	4	3		1	1																																	
CAND_SOUND_001813	Sound	unrelated	0		plus	candidate_pending_human_review			cmusphinx/cmudict	cmudict:formal-zero-shared-phone	botched	third										3.055857817465001	4.872327693505167	3.964092755485084	4	3		1	1																																	
CAND_SOUND_001814	Sound	unrelated	0		plus	candidate_pending_human_review			cmusphinx/cmudict	cmudict:formal-zero-shared-phone	flux	march										3.016705693502853	4.380565912602615	3.698635803052734	5	4		1	1																																	
CAND_SOUND_001815	Sound	unrelated	0		plus	candidate_pending_human_review			cmusphinx/cmudict	cmudict:formal-zero-shared-phone	doubt	seal										4.7982578577569	4.168647664493706	4.483452761125303	3	3		1	1																																	
CAND_SOUND_001816	Sound	unrelated	0		plus	candidate_pending_human_review			cmusphinx/cmudict	cmudict:formal-zero-shared-phone	germ	tens										3.098609797885951	3.349334675238536	3.2239722365622434	3	4		1	1																																	
CAND_SOUND_001817	Sound	unrelated	0		plus	candidate_pending_human_review			cmusphinx/cmudict	cmudict:formal-zero-shared-phone	urge	wuss										3.822629522105146	3.2701534291909113	3.5463914756480284	2	3		1	1																																	
CAND_SOUND_001818	Sound	unrelated	0		plus	candidate_pending_human_review			cmusphinx/cmudict	cmudict:formal-zero-shared-phone	adds	who										3.595625881322553	6.34692797053874	4.971276925930646	3	2		1	1																																	
CAND_SOUND_001819	Sound	unrelated	0		plus	candidate_pending_human_review			cmusphinx/cmudict	cmudict:formal-zero-shared-phone	dis	own										3.1789205490745456	5.661998170498611	4.4204593597865784	3	2		1	1																																	
CAND_SOUND_001820	Sound	unrelated	0		plus	candidate_pending_human_review			cmusphinx/cmudict	cmudict:formal-zero-shared-phone	grabs	heist										3.5711834248548926	3.4965498065579883	3.5338666157064402	5	4		1	1																																	
CAND_SOUND_001821	Sound	unrelated	0		plus	candidate_pending_human_review			cmusphinx/cmudict	cmudict:formal-zero-shared-phone	sect	shores										2.8606315479690587	3.3010299956639813	3.0808307718165198	4	4		1	1																																	
CAND_SOUND_001822	Sound	unrelated	0		plus	candidate_pending_human_review			cmusphinx/cmudict	cmudict:formal-zero-shared-phone	germ	raw										3.098609797885951	4.007597181750521	3.553103489818236	3	2		1	1																																	
CAND_SOUND_001823	Sound	unrelated	0		plus	candidate_pending_human_review			cmusphinx/cmudict	cmudict:formal-zero-shared-phone	botched	shelves										3.055857817465001	3.4385578595803015	3.2472078385226513	4	5		1	1																																	
CAND_SOUND_001824	Sound	unrelated	0		plus	candidate_pending_human_review			cmusphinx/cmudict	cmudict:formal-zero-shared-phone	fight	sash										5.303365488606449	3.055857817465001	4.179611653035725	3	3		1	1																																	
CAND_SOUND_001825	Sound	unrelated	0		plus	candidate_pending_human_review			cmusphinx/cmudict	cmudict:formal-zero-shared-phone	nine	shipped										4.829114496522994	3.6228435972512543	4.225979046887124	3	4		1	1																																	
CAND_SOUND_001826	Sound	unrelated	0		plus	candidate_pending_human_review			cmusphinx/cmudict	cmudict:formal-zero-shared-phone	botched	crow										3.055857817465001	3.6484556810951863	3.352156749280094	4	3		1	1																																	
CAND_SOUND_001827	Sound	unrelated	0		plus	candidate_pending_human_review			cmusphinx/cmudict	cmudict:formal-zero-shared-phone	shift	wuss										4.358382804215934	3.2701534291909113	3.8142681167034223	4	3		1	1																																	
CAND_SOUND_001828	Sound	unrelated	0		plus	candidate_pending_human_review			cmusphinx/cmudict	cmudict:formal-zero-shared-phone	glows	wuss										2.915679114299964	3.2701534291909113	3.0929162717454375	4	3		1	1																																	
CAND_SOUND_001829	Sound	unrelated	0		plus	candidate_pending_human_review			cmusphinx/cmudict	cmudict:formal-zero-shared-phone	door	nine										5.465470331453126	4.829114496522994	5.14729241398806	3	3		1	1																																	
CAND_SOUND_001830	Sound	unrelated	0		plus	candidate_pending_human_review			cmusphinx/cmudict	cmudict:formal-zero-shared-phone	botched	smudged										3.055857817465001	2.6726410656136697	2.8642494415393354	4	5		1	1																																	
CAND_SOUND_001831	Sound	unrelated	0		plus	candidate_pending_human_review			cmusphinx/cmudict	cmudict:formal-zero-shared-phone	brew	tones										3.399639793549932	3.2924298239020637	3.3460348087259977	3	4		1	1																																	
CAND_SOUND_001832	Sound	unrelated	0		plus	candidate_pending_human_review			cmusphinx/cmudict	cmudict:formal-zero-shared-phone	dud	heist										3.098609797885951	3.4965498065579883	3.2975798022219696	3	4		1	1																																	
CAND_SOUND_001833	Sound	unrelated	0		plus	candidate_pending_human_review			cmusphinx/cmudict	cmudict:formal-zero-shared-phone	na	spread										3.6955503450778817	4.495462710916774	4.095506527997328	2	5		1	1																																	
CAND_SOUND_001834	Sound	unrelated	0		plus	candidate_pending_human_review			cmusphinx/cmudict	cmudict:formal-zero-shared-phone	rained	seal										3.4323089103033	4.168647664493706	3.8004782873985032	4	3		1	1																																	
CAND_SOUND_001835	Sound	unrelated	0		plus	candidate_pending_human_review			cmusphinx/cmudict	cmudict:formal-zero-shared-phone	adds	of										3.595625881322553	7.063604859921317	5.329615370621935	3	2		1	1																																	
CAND_SOUND_001836	Sound	unrelated	0		plus	candidate_pending_human_review			cmusphinx/cmudict	cmudict:formal-zero-shared-phone	na	scroll										3.6955503450778817	3.3568878131289823	3.526219079103432	2	5		1	1																																	
CAND_SOUND_001837	Sound	unrelated	0		plus	candidate_pending_human_review			cmusphinx/cmudict	cmudict:formal-zero-shared-phone	fig	wuss										3.0848215134003176	3.2701534291909113	3.1774874712956143	3	3		1	1																																	
CAND_SOUND_001838	Sound	unrelated	0		plus	candidate_pending_human_review			cmusphinx/cmudict	cmudict:formal-zero-shared-phone	glib	sash										2.905213680621799	3.055857817465001	2.9805357490434004	4	3		1	1																																	
CAND_SOUND_001839	Sound	unrelated	0		plus	candidate_pending_human_review			cmusphinx/cmudict	cmudict:formal-zero-shared-phone	seal	ticked										4.168647664493706	3.0327925133963074	3.600720088945007	3	4		1	1																																	
CAND_SOUND_001840	Sound	unrelated	0		plus	candidate_pending_human_review			cmusphinx/cmudict	cmudict:formal-zero-shared-phone	adds	glitch										3.595625881322553	3.3052670486072357	3.4504464649648945	3	4		1	1																																	
CAND_SOUND_001841	Sound	unrelated	0		plus	candidate_pending_human_review			cmusphinx/cmudict	cmudict:formal-zero-shared-phone	germ	whilst										3.098609797885951	3.1789205490745456	3.138765173480248	3	5		1	1																																	
CAND_SOUND_001842	Sound	unrelated	0		plus	candidate_pending_human_review			cmusphinx/cmudict	cmudict:formal-zero-shared-phone	bib	nursed										2.6903698325741012	2.982625903930577	2.836497868252339	3	4		1	1																																	
CAND_SOUND_001843	Sound	unrelated	0		plus	candidate_pending_human_review			cmusphinx/cmudict	cmudict:formal-zero-shared-phone	cooled	wuss										3.105343180544919	3.2701534291909113	3.187748304867915	4	3		1	1																																	
CAND_SOUND_001844	Sound	unrelated	0		plus	candidate_pending_human_review			cmusphinx/cmudict	cmudict:formal-zero-shared-phone	both	spun										5.470312467167388	3.226928275145631	4.3486203711565095	3	4		1	1																																	
CAND_SOUND_001845	Sound	unrelated	0		plus	candidate_pending_human_review			cmusphinx/cmudict	cmudict:formal-zero-shared-phone	cubes	heist										3.2701534291909113	3.4965498065579883	3.3833516178744496	5	4		1	1																																	
CAND_SOUND_001846	Sound	unrelated	0		plus	candidate_pending_human_review			cmusphinx/cmudict	cmudict:formal-zero-shared-phone	own	strayed										5.661998170498611	2.973671061277651	4.317834615888131	2	5		1	1																																	
CAND_SOUND_001847	Sound	unrelated	0		plus	candidate_pending_human_review			cmusphinx/cmudict	cmudict:formal-zero-shared-phone	own	prank										5.661998170498611	3.6020599913279625	4.632029080913287	2	5		1	1																																	
CAND_SOUND_001848	Sound	unrelated	0		plus	candidate_pending_human_review			cmusphinx/cmudict	cmudict:formal-zero-shared-phone	na	spook										3.6955503450778817	3.4385578595803015	3.5670541023290916	2	4		1	1																																	
CAND_SOUND_001849	Sound	unrelated	0		plus	candidate_pending_human_review			cmusphinx/cmudict	cmudict:formal-zero-shared-phone	lasts	shores										3.693830364683608	3.3010299956639813	3.4974301801737946	5	4		1	1																																	
CAND_SOUND_001850	Sound	unrelated	0		plus	candidate_pending_human_review			cmusphinx/cmudict	cmudict:formal-zero-shared-phone	brains	wuss										4.438867959187839	3.2701534291909113	3.8545106941893748	5	3		1	1																																	
CAND_SOUND_001851	Sound	unrelated	0		plus	candidate_pending_human_review			cmusphinx/cmudict	cmudict:formal-zero-shared-phone	hell	tones										5.6728581585859	3.2924298239020637	4.4826439912439815	3	4		1	1																																	
CAND_SOUND_001852	Sound	unrelated	0		plus	candidate_pending_human_review			cmusphinx/cmudict	cmudict:formal-zero-shared-phone	clasp	nine										3.0084331675368627	4.829114496522994	3.9187738320299284	5	3		1	1																																	
CAND_SOUND_001853	Sound	unrelated	0		plus	candidate_pending_human_review			cmusphinx/cmudict	cmudict:formal-zero-shared-phone	na	pew										3.6955503450778817	3.016705693502853	3.3561280192903675	2	3		1	1																																	
CAND_SOUND_001854	Sound	unrelated	0		plus	candidate_pending_human_review			cmusphinx/cmudict	cmudict:formal-zero-shared-phone	cheek	germ										3.8547226883585384	3.098609797885951	3.476666243122245	3	3		1	1																																	
CAND_SOUND_001855	Sound	unrelated	0		plus	candidate_pending_human_review			cmusphinx/cmudict	cmudict:formal-zero-shared-phone	seal	trench										4.168647664493706	3.4883294763112973	3.828488570402502	3	5		1	1																																	
CAND_SOUND_001856	Sound	unrelated	0		plus	candidate_pending_human_review			cmusphinx/cmudict	cmudict:formal-zero-shared-phone	crotch	wuss										3.4385578595803015	3.2701534291909113	3.354355644385606	4	3		1	1																																	
CAND_SOUND_001857	Sound	unrelated	0		plus	candidate_pending_human_review			cmusphinx/cmudict	cmudict:formal-zero-shared-phone	botched	owls										3.055857817465001	3.325853579389013	3.190855698427007	4	3		1	1																																	
CAND_SOUND_001858	Sound	unrelated	0		plus	candidate_pending_human_review			cmusphinx/cmudict	cmudict:formal-zero-shared-phone	botched	crap										3.055857817465001	4.790878227076063	3.923368022270532	4	4		1	1																																	
CAND_SOUND_001859	Sound	unrelated	0		plus	candidate_pending_human_review			cmusphinx/cmudict	cmudict:formal-zero-shared-phone	brew	na										3.399639793549932	3.6955503450778817	3.547595069313907	3	2		1	1																																	
CAND_SOUND_001860	Sound	unrelated	0		plus	candidate_pending_human_review			cmusphinx/cmudict	cmudict:formal-zero-shared-phone	shores	stats										3.3010299956639813	3.1249387366083	3.2129843661361406	4	5		1	1																																	
CAND_SOUND_001861	Sound	unrelated	0		plus	candidate_pending_human_review			cmusphinx/cmudict	cmudict:formal-zero-shared-phone	botched	hug										3.055857817465001	4.286306738843274	3.6710822781541377	4	3		1	1																																	
CAND_SOUND_001862	Sound	unrelated	0		plus	candidate_pending_human_review			cmusphinx/cmudict	cmudict:formal-zero-shared-phone	na	sprang										3.6955503450778817	2.883494430928563	3.2895223880032223	2	5		1	1																																	
CAND_SOUND_001863	Sound	unrelated	0		plus	candidate_pending_human_review			cmusphinx/cmudict	cmudict:formal-zero-shared-phone	bath	swells										4.493006750656912	3.0777596589128304	3.7853832047848712	3	5		1	1																																	
CAND_SOUND_001864	Sound	unrelated	0		plus	candidate_pending_human_review			cmusphinx/cmudict	cmudict:formal-zero-shared-phone	moved	own										4.840942080243099	5.661998170498611	5.251470125370855	4	2		1	1																																	
CAND_SOUND_001865	Sound	unrelated	0		plus	candidate_pending_human_review			cmusphinx/cmudict	cmudict:formal-zero-shared-phone	budge	nursed										3.309463163200844	2.982625903930577	3.1460445335657106	3	4		1	1																																	
CAND_SOUND_001866	Sound	unrelated	0		plus	candidate_pending_human_review			cmusphinx/cmudict	cmudict:formal-zero-shared-phone	adds	quest										3.595625881322553	3.8069775765623497	3.7013017289424512	3	5		1	1																																	
CAND_SOUND_001867	Sound	unrelated	0		plus	candidate_pending_human_review			cmusphinx/cmudict	cmudict:formal-zero-shared-phone	nine	zinc										4.829114496522994	2.9258982794816504	3.877506388002322	3	4		1	1																																	
CAND_SOUND_001868	Sound	unrelated	0		plus	candidate_pending_human_review			cmusphinx/cmudict	cmudict:formal-zero-shared-phone	ops	shores										3.6228435972512543	3.3010299956639813	3.4619367964576178	3	4		1	1																																	
CAND_SOUND_001869	Sound	unrelated	0		plus	candidate_pending_human_review			cmusphinx/cmudict	cmudict:formal-zero-shared-phone	helps	tones										4.327459106104431	3.2924298239020637	3.8099444650032472	5	4		1	1																																	
CAND_SOUND_001870	Sound	unrelated	0		plus	candidate_pending_human_review			cmusphinx/cmudict	cmudict:formal-zero-shared-phone	fled	own										3.6426778422362265	5.661998170498611	4.652338006367419	4	2		1	1																																	
CAND_SOUND_001871	Sound	unrelated	0		plus	candidate_pending_human_review			cmusphinx/cmudict	cmudict:formal-zero-shared-phone	germ	gowns										3.098609797885951	3.2701534291909113	3.184381613538431	3	4		1	1																																	
CAND_SOUND_001872	Sound	unrelated	0		plus	candidate_pending_human_review			cmusphinx/cmudict	cmudict:formal-zero-shared-phone	spilled	tones										3.8029748341086758	3.2924298239020637	3.5477023290053697	5	4		1	1																																	
CAND_SOUND_001873	Sound	unrelated	0		plus	candidate_pending_human_review			cmusphinx/cmudict	cmudict:formal-zero-shared-phone	heard	swells										5.588546316071778	3.0777596589128304	4.333152987492304	3	5		1	1																																	
CAND_SOUND_001874	Sound	unrelated	0		plus	candidate_pending_human_review			cmusphinx/cmudict	cmudict:formal-zero-shared-phone	axe	both										3.6886291709978	5.470312467167388	4.579470819082594	3	3		1	1																																	
CAND_SOUND_001875	Sound	unrelated	0		plus	candidate_pending_human_review			cmusphinx/cmudict	cmudict:formal-zero-shared-phone	match	swells										4.694002669578509	3.0777596589128304	3.88588116424567	3	5		1	1																																	
CAND_SOUND_001876	Sound	unrelated	0		plus	candidate_pending_human_review			cmusphinx/cmudict	cmudict:formal-zero-shared-phone	heap	swells										3.6886291709978	3.0777596589128304	3.383194414955315	3	5		1	1																																	
CAND_SOUND_001877	Sound	unrelated	0		plus	candidate_pending_human_review			cmusphinx/cmudict	cmudict:formal-zero-shared-phone	croak	na										3.063281835544208	3.6955503450778817	3.379416090311045	4	2		1	1																																	
CAND_SOUND_001878	Sound	unrelated	0		plus	candidate_pending_human_review			cmusphinx/cmudict	cmudict:formal-zero-shared-phone	hat	wuss										4.807375829210068	3.2701534291909113	4.0387646292004895	3	3		1	1																																	
CAND_SOUND_001879	Sound	unrelated	0		plus	candidate_pending_human_review			cmusphinx/cmudict	cmudict:formal-zero-shared-phone	moon	swank										4.698629247565377	2.6726410656136697	3.685635156589523	3	5		1	1																																	
CAND_SOUND_001880	Sound	unrelated	0		plus	candidate_pending_human_review			cmusphinx/cmudict	cmudict:formal-zero-shared-phone	adds	troops										3.595625881322553	4.284983341734199	3.9403046115283757	3	5		1	1																																	
CAND_SOUND_001881	Sound	unrelated	0		plus	candidate_pending_human_review			cmusphinx/cmudict	cmudict:formal-zero-shared-phone	own	psyched										5.661998170498611	3.4291503910584704	4.545574280778541	2	4		1	1																																	
CAND_SOUND_001882	Sound	unrelated	0		plus	candidate_pending_human_review			cmusphinx/cmudict	cmudict:formal-zero-shared-phone	mines	swank										3.7921169065204676	2.6726410656136697	3.2323789860670686	4	5		1	1																																	
CAND_SOUND_001883	Sound	unrelated	0		plus	candidate_pending_human_review			cmusphinx/cmudict	cmudict:formal-zero-shared-phone	loose	nine										4.621013273616265	4.829114496522994	4.72506388506963	3	3		1	1																																	
CAND_SOUND_001884	Sound	unrelated	0		plus	candidate_pending_human_review			cmusphinx/cmudict	cmudict:formal-zero-shared-phone	meet	sash										5.54688121924708	3.055857817465001	4.30136951835604	3	3		1	1																																	
CAND_SOUND_001885	Sound	unrelated	0		plus	candidate_pending_human_review			cmusphinx/cmudict	cmudict:formal-zero-shared-phone	dried	nursed										3.704049529865294	2.982625903930577	3.3433377168979357	4	4		1	1																																	
CAND_SOUND_001886	Sound	unrelated	0		plus	candidate_pending_human_review			cmusphinx/cmudict	cmudict:formal-zero-shared-phone	courts	own										3.769551078621726	5.661998170498611	4.715774624560169	5	2		1	1																																	
CAND_SOUND_001887	Sound	unrelated	0		plus	candidate_pending_human_review			cmusphinx/cmudict	cmudict:formal-zero-shared-phone	cramped	seal										3.1557526840225196	4.168647664493706	3.662200174258113	6	3		1	1																																	
CAND_SOUND_001888	Sound	unrelated	0		plus	candidate_pending_human_review			cmusphinx/cmudict	cmudict:formal-zero-shared-phone	swells	wrong										3.0777596589128304	5.718583092118043	4.398171375515437	5	3		1	1																																	
CAND_SOUND_001889	Sound	unrelated	0		plus	candidate_pending_human_review			cmusphinx/cmudict	cmudict:formal-zero-shared-phone	quiche	wuss										2.9258982794816504	3.2701534291909113	3.0980258543362806	3	3		1	1																																	
CAND_SOUND_001890	Sound	unrelated	0		plus	candidate_pending_human_review			cmusphinx/cmudict	cmudict:formal-zero-shared-phone	cards	thee										4.681418609026778	4.4153007467664995	4.548359677896639	5	2		1	1																																	
CAND_SOUND_001891	Sound	unrelated	0		plus	candidate_pending_human_review			cmusphinx/cmudict	cmudict:formal-zero-shared-phone	vouch	wuss										3.3928003690196267	3.2701534291909113	3.331476899105269	3	3		1	1																																	
CAND_SOUND_001892	Sound	unrelated	0		plus	candidate_pending_human_review			cmusphinx/cmudict	cmudict:formal-zero-shared-phone	begged	nine										3.8618037335171094	4.829114496522994	4.345459115020052	4	3		1	1																																	
CAND_SOUND_001893	Sound	unrelated	0		plus	candidate_pending_human_review			cmusphinx/cmudict	cmudict:formal-zero-shared-phone	duct	own										3.4965498065579883	5.661998170498611	4.5792739885283	4	2		1	1																																	
CAND_SOUND_001894	Sound	unrelated	0		plus	candidate_pending_human_review			cmusphinx/cmudict	cmudict:formal-zero-shared-phone	gloss	tones										3.16166154363304	3.2924298239020637	3.227045683767552	4	4		1	1																																	
CAND_SOUND_001895	Sound	unrelated	0		plus	candidate_pending_human_review			cmusphinx/cmudict	cmudict:formal-zero-shared-phone	nine	sink										4.829114496522994	4.228440619617273	4.528777558070134	3	4		1	1																																	
CAND_SOUND_001896	Sound	unrelated	0		plus	candidate_pending_human_review			cmusphinx/cmudict	cmudict:formal-zero-shared-phone	craze	own										3.0084331675368627	5.661998170498611	4.335215669017737	4	2		1	1																																	
CAND_SOUND_001897	Sound	unrelated	0		plus	candidate_pending_human_review			cmusphinx/cmudict	cmudict:formal-zero-shared-phone	tons	yer										3.973671061277651	2.848732324669351	3.411201692973501	4	2		1	1																																	
CAND_SOUND_001898	Sound	unrelated	0		plus	candidate_pending_human_review			cmusphinx/cmudict	cmudict:formal-zero-shared-phone	shores	wail										3.3010299956639813	2.935882500388251	3.118456248026116	4	3		1	1																																	
CAND_SOUND_001899	Sound	unrelated	0		plus	candidate_pending_human_review			cmusphinx/cmudict	cmudict:formal-zero-shared-phone	germ	webs										3.098609797885951	2.7395878552442827	2.9190988265651168	3	4		1	1																																	
CAND_SOUND_001900	Sound	unrelated	0		plus	candidate_pending_human_review			cmusphinx/cmudict	cmudict:formal-zero-shared-phone	maimed	own										2.872213420518874	5.661998170498611	4.267105795508742	4	2		1	1																																	
CAND_SOUND_001901	Sound	unrelated	0		plus	candidate_pending_human_review			cmusphinx/cmudict	cmudict:formal-zero-shared-phone	pane	shores										2.6726410656136697	3.3010299956639813	2.9868355306388255	3	4		1	1																																	
CAND_SOUND_001902	Sound	unrelated	0		plus	candidate_pending_human_review			cmusphinx/cmudict	cmudict:formal-zero-shared-phone	shores	sneaks										3.3010299956639813	3.1119737594439325	3.206501877553957	4	5		1	1																																	
CAND_SOUND_001903	Sound	unrelated	0		plus	candidate_pending_human_review			cmusphinx/cmudict	cmudict:formal-zero-shared-phone	swells	tree										3.0777596589128304	4.812913356642856	3.945336507777843	5	3		1	1																																	
CAND_SOUND_001904	Sound	unrelated	0		plus	candidate_pending_human_review			cmusphinx/cmudict	cmudict:formal-zero-shared-phone	swells	tone										3.0777596589128304	4.226928275145632	3.652343967029231	5	3		1	1																																	
CAND_SOUND_001905	Sound	unrelated	0		plus	candidate_pending_human_review			cmusphinx/cmudict	cmudict:formal-zero-shared-phone	botched	day										3.055857817465001	5.904078796419064	4.479968306942032	4	2		1	1																																	
CAND_SOUND_001906	Sound	unrelated	0		plus	candidate_pending_human_review			cmusphinx/cmudict	cmudict:formal-zero-shared-phone	germ	schools										3.098609797885951	4.146128035678238	3.6223689167820945	3	5		1	1																																	
CAND_SOUND_001907	Sound	unrelated	0		plus	candidate_pending_human_review			cmusphinx/cmudict	cmudict:formal-zero-shared-phone	nine	verge										4.829114496522994	3.515146295049647	4.17213039578632	3	3		1	1																																	
CAND_SOUND_001908	Sound	unrelated	0		plus	candidate_pending_human_review			cmusphinx/cmudict	cmudict:formal-zero-shared-phone	botched	pairs										3.055857817465001	3.618765684830815	3.337311751147908	4	4		1	1																																	
CAND_SOUND_001909	Sound	unrelated	0		plus	candidate_pending_human_review			cmusphinx/cmudict	cmudict:formal-zero-shared-phone	bucks	germ										4.749706009963389	3.098609797885951	3.92415790392467	4	3		1	1																																	
CAND_SOUND_001910	Sound	unrelated	0		plus	candidate_pending_human_review			cmusphinx/cmudict	cmudict:formal-zero-shared-phone	earned	shores										4.1026623418971475	3.3010299956639813	3.7018461687805644	3	4		1	1																																	
CAND_SOUND_001911	Sound	unrelated	0		plus	candidate_pending_human_review			cmusphinx/cmudict	cmudict:formal-zero-shared-phone	adds	owe										3.595625881322553	4.870151348411085	4.232888614866819	3	1		1	1																																	
CAND_SOUND_001912	Sound	unrelated	0		plus	candidate_pending_human_review			cmusphinx/cmudict	cmudict:formal-zero-shared-phone	own	steam										5.661998170498611	4.128753939608815	4.895376055053713	2	4		1	1																																	
CAND_SOUND_001913	Sound	unrelated	0		plus	candidate_pending_human_review			cmusphinx/cmudict	cmudict:formal-zero-shared-phone	adds	guy										3.595625881322553	5.8823012675173985	4.738963574419976	3	2		1	1																																	
CAND_SOUND_001914	Sound	unrelated	0		plus	candidate_pending_human_review			cmusphinx/cmudict	cmudict:formal-zero-shared-phone	cool	nine										5.291995312128046	4.829114496522994	5.06055490432552	3	3		1	1																																	
CAND_SOUND_001915	Sound	unrelated	0		plus	candidate_pending_human_review			cmusphinx/cmudict	cmudict:formal-zero-shared-phone	grad	own										3.462691539297021	5.661998170498611	4.562344854897816	4	2		1	1																																	
CAND_SOUND_001916	Sound	unrelated	0		plus	candidate_pending_human_review			cmusphinx/cmudict	cmudict:formal-zero-shared-phone	nine	soir										4.829114496522994	2.7837915177363364	3.806453007129665	3	3		1	1																																	
CAND_SOUND_001917	Sound	unrelated	0		plus	candidate_pending_human_review			cmusphinx/cmudict	cmudict:formal-zero-shared-phone	both	fruits										5.470312467167388	3.4477658613671256	4.459039164267256	3	5		1	1																																	
CAND_SOUND_001918	Sound	unrelated	0		plus	candidate_pending_human_review			cmusphinx/cmudict	cmudict:formal-zero-shared-phone	adds	stepped										3.595625881322553	4.109333663277724	3.8524797723001383	3	5		1	1																																	
CAND_SOUND_001919	Sound	unrelated	0		plus	candidate_pending_human_review			cmusphinx/cmudict	cmudict:formal-zero-shared-phone	pigs	seal										4.123659517769127	4.168647664493706	4.146153591131417	4	3		1	1																																	
CAND_SOUND_001920	Sound	unrelated	0		plus	candidate_pending_human_review			cmusphinx/cmudict	cmudict:formal-zero-shared-phone	dipped	nine										3.2655576775017625	4.829114496522994	4.047336087012378	4	3		1	1																																	
CAND_SOUND_001921	Sound	unrelated	0		plus	candidate_pending_human_review			cmusphinx/cmudict	cmudict:formal-zero-shared-phone	adds	pray										3.595625881322553	4.558896719342306	4.077261300332429	3	3		1	1																																	
CAND_SOUND_001922	Sound	unrelated	0		plus	candidate_pending_human_review			cmusphinx/cmudict	cmudict:formal-zero-shared-phone	both	fees										5.470312467167388	3.4507923159973135	4.46055239158235	3	3		1	1																																	
CAND_SOUND_001923	Sound	unrelated	0		plus	candidate_pending_human_review			cmusphinx/cmudict	cmudict:formal-zero-shared-phone	crowns	seal										3.0248235837250323	4.168647664493706	3.5967356241093693	5	3		1	1																																	
CAND_SOUND_001924	Sound	unrelated	0		plus	candidate_pending_human_review			cmusphinx/cmudict	cmudict:formal-zero-shared-phone	both	dares										5.470312467167388	3.3823349353414613	4.426323701254425	3	4		1	1																																	
CAND_SOUND_001925	Sound	unrelated	0		plus	candidate_pending_human_review			cmusphinx/cmudict	cmudict:formal-zero-shared-phone	both	logs										5.470312467167388	3.5596015523050775	4.514957009736233	3	4		1	1																																	
CAND_SOUND_001926	Sound	unrelated	0		plus	candidate_pending_human_review			cmusphinx/cmudict	cmudict:formal-zero-shared-phone	botched	mouths										3.055857817465001	3.7285924709428198	3.3922251442039104	4	4		1	1																																	
CAND_SOUND_001927	Sound	unrelated	0		plus	candidate_pending_human_review			cmusphinx/cmudict	cmudict:formal-zero-shared-phone	fished	swank										3.0848215134003176	2.6726410656136697	2.8787312895069936	4	5		1	1																																	
CAND_SOUND_001928	Sound	unrelated	0		plus	candidate_pending_human_review			cmusphinx/cmudict	cmudict:formal-zero-shared-phone	own	peeked										5.661998170498611	2.848732324669351	4.255365247583981	2	4		1	1																																	
CAND_SOUND_001929	Sound	unrelated	0		plus	candidate_pending_human_review			cmusphinx/cmudict	cmudict:formal-zero-shared-phone	myths	na										3.0917703733556454	3.6955503450778817	3.3936603592167636	4	2		1	1																																	
CAND_SOUND_001930	Sound	unrelated	0		plus	candidate_pending_human_review			cmusphinx/cmudict	cmudict:formal-zero-shared-phone	bulge	own										2.973671061277651	5.661998170498611	4.317834615888131	4	2		1	1																																	
CAND_SOUND_001931	Sound	unrelated	0		plus	candidate_pending_human_review			cmusphinx/cmudict	cmudict:formal-zero-shared-phone	dweeb	flux										2.7395878552442827	3.016705693502853	2.878146774373568	4	5		1	1																																	
CAND_SOUND_001932	Sound	unrelated	0		plus	candidate_pending_human_review			cmusphinx/cmudict	cmudict:formal-zero-shared-phone	both	traced										5.470312467167388	3.63485250472427	4.552582485945829	3	5		1	1																																	
CAND_SOUND_001933	Sound	unrelated	0		plus	candidate_pending_human_review			cmusphinx/cmudict	cmudict:formal-zero-shared-phone	own	yelled										5.661998170498611	3.787974161448512	4.7249861659735615	2	4		1	1																																	
CAND_SOUND_001934	Sound	unrelated	0		plus	candidate_pending_human_review			cmusphinx/cmudict	cmudict:formal-zero-shared-phone	nine	strapped										4.829114496522994	3.5072736719497617	4.168194084236378	3	6		1	1																																	
CAND_SOUND_001935	Sound	unrelated	0		plus	candidate_pending_human_review			cmusphinx/cmudict	cmudict:formal-zero-shared-phone	adds	chain										3.595625881322553	4.326657084672615	3.9611414829975837	3	3		1	1																																	
CAND_SOUND_001936	Sound	unrelated	0		plus	candidate_pending_human_review			cmusphinx/cmudict	cmudict:formal-zero-shared-phone	apes	germ										3.6125761100131175	3.098609797885951	3.355592953949534	3	3		1	1																																	
CAND_SOUND_001937	Sound	unrelated	0		plus	candidate_pending_human_review			cmusphinx/cmudict	cmudict:formal-zero-shared-phone	lows	sash										2.75482782180102	3.055857817465001	2.9053428196330104	3	3		1	1																																	
CAND_SOUND_001938	Sound	unrelated	0		plus	candidate_pending_human_review			cmusphinx/cmudict	cmudict:formal-zero-shared-phone	end	flux										5.424657484635431	3.016705693502853	4.220681589069142	3	5		1	1																																	
CAND_SOUND_001939	Sound	unrelated	0		plus	candidate_pending_human_review			cmusphinx/cmudict	cmudict:formal-zero-shared-phone	germ	post										3.098609797885951	4.510965329118592	3.804787563502271	3	4		1	1																																	
CAND_SOUND_001940	Sound	unrelated	0		plus	candidate_pending_human_review			cmusphinx/cmudict	cmudict:formal-zero-shared-phone	both	tides										5.470312467167388	3.195519810894007	4.332916139030697	3	4		1	1																																	
CAND_SOUND_001941	Sound	unrelated	0		plus	candidate_pending_human_review			cmusphinx/cmudict	cmudict:formal-zero-shared-phone	both	fries										5.470312467167388	4.0676760836423	4.768994275404844	3	4		1	1																																	
CAND_SOUND_001942	Sound	unrelated	0		plus	candidate_pending_human_review			cmusphinx/cmudict	cmudict:formal-zero-shared-phone	heist	peed										3.4965498065579883	3.4195346222668714	3.45804221441243	4	3		1	1																																	
CAND_SOUND_001943	Sound	unrelated	0		plus	candidate_pending_human_review			cmusphinx/cmudict	cmudict:formal-zero-shared-phone	foil	wuss										3.0848215134003176	3.2701534291909113	3.1774874712956143	3	3		1	1																																	
CAND_SOUND_001944	Sound	unrelated	0		plus	candidate_pending_human_review			cmusphinx/cmudict	cmudict:formal-zero-shared-phone	heart	swells										5.387703812000245	3.0777596589128304	4.232731735456538	4	5		1	1																																	
CAND_SOUND_001945	Sound	unrelated	0		plus	candidate_pending_human_review			cmusphinx/cmudict	cmudict:formal-zero-shared-phone	aired	seal										2.9456423376774072	4.168647664493706	3.5571450010855568	3	3		1	1																																	
CAND_SOUND_001946	Sound	unrelated	0		plus	candidate_pending_human_review			cmusphinx/cmudict	cmudict:formal-zero-shared-phone	hung	nine										4.449584263808346	4.829114496522994	4.63934938016567	3	3		1	1																																	
CAND_SOUND_001947	Sound	unrelated	0		plus	candidate_pending_human_review			cmusphinx/cmudict	cmudict:formal-zero-shared-phone	cards	touch										4.681418609026778	5.169455439769313	4.925437024398045	5	3		1	1																																	
CAND_SOUND_001948	Sound	unrelated	0		plus	candidate_pending_human_review			cmusphinx/cmudict	cmudict:formal-zero-shared-phone	thrice	tones										2.7074031718728815	3.2924298239020637	2.9999164978874724	4	4		1	1																																	
CAND_SOUND_001949	Sound	unrelated	0		plus	candidate_pending_human_review			cmusphinx/cmudict	cmudict:formal-zero-shared-phone	germ	swill										3.098609797885951	2.982625903930577	3.040617850908264	3	4		1	1																																	
CAND_SOUND_001950	Sound	unrelated	0		plus	candidate_pending_human_review			cmusphinx/cmudict	cmudict:formal-zero-shared-phone	keg	sash										3.535467872588358	3.055857817465001	3.29566284502668	3	3		1	1																																	
CAND_SOUND_001951	Sound	unrelated	0		plus	candidate_pending_human_review			cmusphinx/cmudict	cmudict:formal-zero-shared-phone	own	pause										5.661998170498611	3.731762517732326	4.696880344115469	2	3		1	1																																	
CAND_SOUND_001952	Sound	unrelated	0		plus	candidate_pending_human_review			cmusphinx/cmudict	cmudict:formal-zero-shared-phone	ghoul	nursed										3.0084331675368627	2.982625903930577	2.99552953573372	3	4		1	1																																	
CAND_SOUND_001953	Sound	unrelated	0		plus	candidate_pending_human_review			cmusphinx/cmudict	cmudict:formal-zero-shared-phone	dibs	sash										3.364311831208189	3.055857817465001	3.210084824336595	4	3		1	1																																	
CAND_SOUND_001954	Sound	unrelated	0		plus	candidate_pending_human_review			cmusphinx/cmudict	cmudict:formal-zero-shared-phone	both	discs										5.470312467167388	2.8239087409443187	4.147110604055854	3	5		1	1																																	
CAND_SOUND_001955	Sound	unrelated	0		plus	candidate_pending_human_review			cmusphinx/cmudict	cmudict:formal-zero-shared-phone	adds	burg										3.595625881322553	2.7395878552442827	3.1676068682834178	3	3		1	1																																	
CAND_SOUND_001956	Sound	unrelated	0		plus	candidate_pending_human_review			cmusphinx/cmudict	cmudict:formal-zero-shared-phone	own	sank										5.661998170498611	3.3338225090602887	4.49791033977945	2	4		1	1																																	
CAND_SOUND_001957	Sound	unrelated	0		plus	candidate_pending_human_review			cmusphinx/cmudict	cmudict:formal-zero-shared-phone	both	thee										5.470312467167388	4.4153007467664995	4.942806606966943	3	2		1	1																																	
CAND_SOUND_001958	Sound	unrelated	0		plus	candidate_pending_human_review			cmusphinx/cmudict	cmudict:formal-zero-shared-phone	adds	squat										3.595625881322553	3.4965498065579883	3.5460878439402705	3	5		1	1																																	
CAND_SOUND_001959	Sound	unrelated	0		plus	candidate_pending_human_review			cmusphinx/cmudict	cmudict:formal-zero-shared-phone	adds	stay										3.595625881322553	5.712352544939666	4.653989213131109	3	3		1	1																																	
CAND_SOUND_001960	Sound	unrelated	0		plus	candidate_pending_human_review			cmusphinx/cmudict	cmudict:formal-zero-shared-phone	swank	trays										2.6726410656136697	3.184524426592544	2.928582746103107	5	4		1	1																																	
CAND_SOUND_001961	Sound	unrelated	0		plus	candidate_pending_human_review			cmusphinx/cmudict	cmudict:formal-zero-shared-phone	na	shaped										3.6955503450778817	3.5501083987712483	3.6228293719245652	2	4		1	1																																	
CAND_SOUND_001962	Sound	unrelated	0		plus	candidate_pending_human_review			cmusphinx/cmudict	cmudict:formal-zero-shared-phone	badge	seal										4.183409420891753	4.168647664493706	4.1760285426927295	3	3		1	1																																	
CAND_SOUND_001963	Sound	unrelated	0		plus	candidate_pending_human_review			cmusphinx/cmudict	cmudict:formal-zero-shared-phone	choose	own										4.681773135154142	5.661998170498611	5.171885652826377	3	2		1	1																																	
CAND_SOUND_001964	Sound	unrelated	0		plus	candidate_pending_human_review			cmusphinx/cmudict	cmudict:formal-zero-shared-phone	both	hive										5.470312467167388	2.9913998282380825	4.2308561477027355	3	3		1	1																																	
CAND_SOUND_001965	Sound	unrelated	0		plus	candidate_pending_human_review			cmusphinx/cmudict	cmudict:formal-zero-shared-phone	groomed	swank										2.75482782180102	2.6726410656136697	2.7137344437073447	5	5		1	1																																	
CAND_SOUND_001966	Sound	unrelated	0		plus	candidate_pending_human_review			cmusphinx/cmudict	cmudict:formal-zero-shared-phone	debt	germ										4.152767830473057	3.098609797885951	3.625688814179504	3	3		1	1																																	
CAND_SOUND_001967	Sound	unrelated	0		plus	candidate_pending_human_review			cmusphinx/cmudict	cmudict:formal-zero-shared-phone	both	tights										5.470312467167388	3.42276359239707	4.446538029782229	3	4		1	1																																	
CAND_SOUND_001968	Sound	unrelated	0		plus	candidate_pending_human_review			cmusphinx/cmudict	cmudict:formal-zero-shared-phone	breached	na										3.2218487496163566	3.6955503450778817	3.458699547347119	5	2		1	1																																	
CAND_SOUND_001969	Sound	unrelated	0		plus	candidate_pending_human_review			cmusphinx/cmudict	cmudict:formal-zero-shared-phone	urn	wuss										3.2880650184996134	3.2701534291909113	3.2791092238452624	2	3		1	1																																	
CAND_SOUND_001970	Sound	unrelated	0		plus	candidate_pending_human_review			cmusphinx/cmudict	cmudict:formal-zero-shared-phone	knock	shores										4.810812139447408	3.3010299956639813	4.055921067555694	3	4		1	1																																	
CAND_SOUND_001971	Sound	unrelated	0		plus	candidate_pending_human_review			cmusphinx/cmudict	cmudict:formal-zero-shared-phone	housed	nursed										2.915679114299964	2.982625903930577	2.9491525091152706	4	4		1	1																																	
CAND_SOUND_001972	Sound	unrelated	0		plus	candidate_pending_human_review			cmusphinx/cmudict	cmudict:formal-zero-shared-phone	brawl	na										3.325853579389013	3.6955503450778817	3.5107019622334477	4	2		1	1																																	
CAND_SOUND_001973	Sound	unrelated	0		plus	candidate_pending_human_review			cmusphinx/cmudict	cmudict:formal-zero-shared-phone	nine	smokes										4.829114496522994	3.710731115221809	4.269922805872401	3	5		1	1																																	
CAND_SOUND_001974	Sound	unrelated	0		plus	candidate_pending_human_review			cmusphinx/cmudict	cmudict:formal-zero-shared-phone	canned	heist										3.6228435972512543	3.4965498065579883	3.5596967019046213	4	4		1	1																																	
CAND_SOUND_001975	Sound	unrelated	0		plus	candidate_pending_human_review			cmusphinx/cmudict	cmudict:formal-zero-shared-phone	begs	heist										3.1497623203333323	3.4965498065579883	3.3231560634456603	4	4		1	1																																	
CAND_SOUND_001976	Sound	unrelated	0		plus	candidate_pending_human_review			cmusphinx/cmudict	cmudict:formal-zero-shared-phone	nursed	plums										2.982625903930577	3.016705693502853	2.9996657987167152	4	5		1	1																																	
CAND_SOUND_001977	Sound	unrelated	0		plus	candidate_pending_human_review			cmusphinx/cmudict	cmudict:formal-zero-shared-phone	botched	skins										3.055857817465001	3.425968732272281	3.240913274868641	4	5		1	1																																	
CAND_SOUND_001978	Sound	unrelated	0		plus	candidate_pending_human_review			cmusphinx/cmudict	cmudict:formal-zero-shared-phone	grudge	seal										3.6465382630494645	4.168647664493706	3.9075929637715854	4	3		1	1																																	
CAND_SOUND_001979	Sound	unrelated	0		plus	candidate_pending_human_review			cmusphinx/cmudict	cmudict:formal-zero-shared-phone	bleached	na										2.982625903930577	3.6955503450778817	3.3390881245042294	5	2		1	1																																	
CAND_SOUND_001980	Sound	unrelated	0		plus	candidate_pending_human_review			cmusphinx/cmudict	cmudict:formal-zero-shared-phone	vows	wuss										3.812257817677782	3.2701534291909113	3.5412056234343465	3	3		1	1																																	
CAND_SOUND_001981	Sound	unrelated	0		plus	candidate_pending_human_review			cmusphinx/cmudict	cmudict:formal-zero-shared-phone	brawl	tones										3.325853579389013	3.2924298239020637	3.3091417016455384	4	4		1	1																																	
CAND_SOUND_001982	Sound	unrelated	0		plus	candidate_pending_human_review			cmusphinx/cmudict	cmudict:formal-zero-shared-phone	botched	spool										3.055857817465001	2.7074031718728815	2.8816304946689413	4	4		1	1																																	
CAND_SOUND_001983	Sound	unrelated	0		plus	candidate_pending_human_review			cmusphinx/cmudict	cmudict:formal-zero-shared-phone	adds	month										3.595625881322553	4.97852959589798	4.287077738610266	3	4		1	1																																	
CAND_SOUND_001984	Sound	unrelated	0		plus	candidate_pending_human_review			cmusphinx/cmudict	cmudict:formal-zero-shared-phone	flesh	na										4.343582346349445	3.6955503450778817	4.019566345713663	4	2		1	1																																	
CAND_SOUND_001985	Sound	unrelated	0		plus	candidate_pending_human_review			cmusphinx/cmudict	cmudict:formal-zero-shared-phone	daft	own										3.1249387366083	5.661998170498611	4.393468453553456	4	2		1	1																																	
CAND_SOUND_001986	Sound	unrelated	0		plus	candidate_pending_human_review			cmusphinx/cmudict	cmudict:formal-zero-shared-phone	pulls	swank										3.898811189012669	2.6726410656136697	3.2857261273131693	4	5		1	1																																	
CAND_SOUND_001987	Sound	unrelated	0		plus	candidate_pending_human_review			cmusphinx/cmudict	cmudict:formal-zero-shared-phone	cur	tones										2.7837915177363364	3.2924298239020637	3.0381106708192	2	4		1	1																																	
CAND_SOUND_001988	Sound	unrelated	0		plus	candidate_pending_human_review			cmusphinx/cmudict	cmudict:formal-zero-shared-phone	clink	wuss										3.1119737594439325	3.2701534291909113	3.1910635943174217	5	3		1	1																																	
CAND_SOUND_001989	Sound	unrelated	0		plus	candidate_pending_human_review			cmusphinx/cmudict	cmudict:formal-zero-shared-phone	hills	na										4.304000267499342	3.6955503450778817	3.999775306288612	4	2		1	1																																	
CAND_SOUND_001990	Sound	unrelated	0		plus	candidate_pending_human_review			cmusphinx/cmudict	cmudict:formal-zero-shared-phone	rooms	swank										4.414973347970818	2.6726410656136697	3.543807206792244	4	5		1	1																																	
CAND_SOUND_001991	Sound	unrelated	0		plus	candidate_pending_human_review			cmusphinx/cmudict	cmudict:formal-zero-shared-phone	que	sash										3.718941085266639	3.055857817465001	3.38739945136582	3	3		1	1																																	
CAND_SOUND_001992	Sound	unrelated	0		plus	candidate_pending_human_review			cmusphinx/cmudict	cmudict:formal-zero-shared-phone	off	tones										6.071701555031995	3.2924298239020637	4.682065689467029	2	4		1	1																																	
CAND_SOUND_001993	Sound	unrelated	0		plus	candidate_pending_human_review			cmusphinx/cmudict	cmudict:formal-zero-shared-phone	grill	swank										3.6484556810951863	2.6726410656136697	3.1605483733544277	4	5		1	1																																	
CAND_SOUND_001994	Sound	unrelated	0		plus	candidate_pending_human_review			cmusphinx/cmudict	cmudict:formal-zero-shared-phone	seal	tote										4.168647664493706	3.0327925133963074	3.600720088945007	3	3		1	1																																	
CAND_SOUND_001995	Sound	unrelated	0		plus	candidate_pending_human_review			cmusphinx/cmudict	cmudict:formal-zero-shared-phone	crates	germ										3.2701534291909113	3.098609797885951	3.184381613538431	5	3		1	1																																	
CAND_SOUND_001996	Sound	unrelated	0		plus	candidate_pending_human_review			cmusphinx/cmudict	cmudict:formal-zero-shared-phone	cards	state										4.681418609026778	5.032792513396307	4.857105561211543	5	4		1	1																																	
CAND_SOUND_001997	Sound	unrelated	0		plus	candidate_pending_human_review			cmusphinx/cmudict	cmudict:formal-zero-shared-phone	sash	took										3.055857817465001	5.534324795532767	4.295091306498884	3	3		1	1																																	
CAND_SOUND_001998	Sound	unrelated	0		plus	candidate_pending_human_review			cmusphinx/cmudict	cmudict:formal-zero-shared-phone	link	nine										4.0770471165349385	4.829114496522994	4.453080806528966	4	3		1	1																																	
CAND_SOUND_001999	Sound	unrelated	0		plus	candidate_pending_human_review			cmusphinx/cmudict	cmudict:formal-zero-shared-phone	botched	plane										3.055857817465001	4.980137103526882	4.017997460495941	4	4		1	1																																	
CAND_SOUND_002000	Sound	unrelated	0		plus	candidate_pending_human_review			cmusphinx/cmudict	cmudict:formal-zero-shared-phone	seal	zing										4.168647664493706	3.070581074285707	3.6196143693897067	3	3		1	1																																	
CAND_SOUND_002001	Sound	unrelated	0		plus	candidate_pending_human_review			cmusphinx/cmudict	cmudict:formal-zero-shared-phone	heist	pool										3.4965498065579883	4.671916637619337	4.084233222088663	4	3		1	1																																	
CAND_SOUND_002002	Sound	unrelated	0		plus	candidate_pending_human_review			cmusphinx/cmudict	cmudict:formal-zero-shared-phone	puke	wuss										3.7962205069592447	3.2701534291909113	3.533186968075078	4	3		1	1																																	
CAND_SOUND_002003	Sound	unrelated	0		plus	candidate_pending_human_review			cmusphinx/cmudict	cmudict:formal-zero-shared-phone	pew	tones										3.016705693502853	3.2924298239020637	3.1545677587024583	3	4		1	1																																	
CAND_SOUND_002004	Sound	unrelated	0		plus	candidate_pending_human_review			cmusphinx/cmudict	cmudict:formal-zero-shared-phone	brood	swells										3.0327925133963074	3.0777596589128304	3.055276086154569	4	5		1	1																																	
CAND_SOUND_002005	Sound	unrelated	0		plus	candidate_pending_human_review			cmusphinx/cmudict	cmudict:formal-zero-shared-phone	adds	pipes										3.595625881322553	3.869921623739289	3.732773752530921	3	4		1	1																																	
CAND_SOUND_002006	Sound	unrelated	0		plus	candidate_pending_human_review			cmusphinx/cmudict	cmudict:formal-zero-shared-phone	na	slave										3.6955503450778817	4.2655576775017625	3.980554011289822	2	4		1	1																																	
CAND_SOUND_002007	Sound	unrelated	0		plus	candidate_pending_human_review			cmusphinx/cmudict	cmudict:formal-zero-shared-phone	own	vamp										5.661998170498611	2.9645276818377813	4.313262926168196	2	4		1	1																																	
CAND_SOUND_002008	Sound	unrelated	0		plus	candidate_pending_human_review			cmusphinx/cmudict	cmudict:formal-zero-shared-phone	fleece	na										3.063281835544208	3.6955503450778817	3.379416090311045	4	2		1	1																																	
CAND_SOUND_002009	Sound	unrelated	0		plus	candidate_pending_human_review			cmusphinx/cmudict	cmudict:formal-zero-shared-phone	both	keeps										5.470312467167388	4.720726637884943	5.095519552526166	3	4		1	1																																	
CAND_SOUND_002010	Sound	unrelated	0		plus	candidate_pending_human_review			cmusphinx/cmudict	cmudict:formal-zero-shared-phone	drank	swells										4.109333663277724	3.0777596589128304	3.593546661095277	5	5		1	1																																	
CAND_SOUND_002011	Sound	unrelated	0		plus	candidate_pending_human_review			cmusphinx/cmudict	cmudict:formal-zero-shared-phone	oak	sash										3.748795857031107	3.055857817465001	3.402326837248054	2	3		1	1																																	
CAND_SOUND_002012	Sound	unrelated	0		plus	candidate_pending_human_review			cmusphinx/cmudict	cmudict:formal-zero-shared-phone	drove	swank										4.460337633903544	2.6726410656136697	3.5664893497586068	4	5		1	1																																	
CAND_SOUND_002013	Sound	unrelated	0		plus	candidate_pending_human_review			cmusphinx/cmudict	cmudict:formal-zero-shared-phone	fares	na										2.7975798022219696	3.6955503450778817	3.2465650736499256	4	2		1	1																																	
CAND_SOUND_002014	Sound	unrelated	0		plus	candidate_pending_human_review			cmusphinx/cmudict	cmudict:formal-zero-shared-phone	deux	own										2.894489815230026	5.661998170498611	4.278243992864319	2	2		1	1																																	
CAND_SOUND_002015	Sound	unrelated	0		plus	candidate_pending_human_review			cmusphinx/cmudict	cmudict:formal-zero-shared-phone	germ	scones										3.098609797885951	2.894489815230026	2.9965498065579883	3	5		1	1																																	
CAND_SOUND_002016	Sound	unrelated	0		plus	candidate_pending_human_review			cmusphinx/cmudict	cmudict:formal-zero-shared-phone	botched	hole										3.055857817465001	4.765040021498108	3.9104489194815546	4	3		1	1																																	
CAND_SOUND_002017	Sound	unrelated	0		plus	candidate_pending_human_review			cmusphinx/cmudict	cmudict:formal-zero-shared-phone	lunch	shores										5.017524344983533	3.3010299956639813	4.159277170323757	4	4		1	1																																	
CAND_SOUND_002018	Sound	unrelated	0		plus	candidate_pending_human_review			cmusphinx/cmudict	cmudict:formal-zero-shared-phone	both	end										5.470312467167388	5.424657484635431	5.44748497590141	3	3		1	1																																	
CAND_SOUND_002019	Sound	unrelated	0		plus	candidate_pending_human_review			cmusphinx/cmudict	cmudict:formal-zero-shared-phone	cones	sash										3.0777596589128304	3.055857817465001	3.0668087381889158	4	3		1	1																																	
CAND_SOUND_002020	Sound	unrelated	0		plus	candidate_pending_human_review			cmusphinx/cmudict	cmudict:formal-zero-shared-phone	choke	nursed										3.8109437637799513	2.982625903930577	3.396784833855264	3	4		1	1																																	
CAND_SOUND_002021	Sound	unrelated	0		plus	candidate_pending_human_review			cmusphinx/cmudict	cmudict:formal-zero-shared-phone	na	wise										3.6955503450778817	4.454396440266138	4.07497339267201	2	3		1	1																																	
CAND_SOUND_002022	Sound	unrelated	0		plus	candidate_pending_human_review			cmusphinx/cmudict	cmudict:formal-zero-shared-phone	botched	glued										3.055857817465001	3.353127664255675	3.204492740860338	4	4		1	1																																	
CAND_SOUND_002023	Sound	unrelated	0		plus	candidate_pending_human_review			cmusphinx/cmudict	cmudict:formal-zero-shared-phone	buds	sash										3.2466723333413885	3.055857817465001	3.151265075403195	4	3		1	1																																	
CAND_SOUND_002024	Sound	unrelated	0		plus	candidate_pending_human_review			cmusphinx/cmudict	cmudict:formal-zero-shared-phone	groves	sash										3.070581074285707	3.055857817465001	3.063219445875354	5	3		1	1																																	
CAND_SOUND_002025	Sound	unrelated	0		plus	candidate_pending_human_review			cmusphinx/cmudict	cmudict:formal-zero-shared-phone	crust	germ										3.5125379119421187	3.098609797885951	3.3055738549140345	5	3		1	1																																	
CAND_SOUND_002026	Sound	unrelated	0		plus	candidate_pending_human_review			cmusphinx/cmudict	cmudict:formal-zero-shared-phone	adds	out										3.595625881322553	6.587184748893357	5.091405315107955	3	2		1	1																																	
CAND_SOUND_002027	Sound	unrelated	0		plus	candidate_pending_human_review			cmusphinx/cmudict	cmudict:formal-zero-shared-phone	germ	song										3.098609797885951	4.971675969315923	4.035142883600937	3	3		1	1																																	
CAND_SOUND_002028	Sound	unrelated	0		plus	candidate_pending_human_review			cmusphinx/cmudict	cmudict:formal-zero-shared-phone	shores	skunk										3.3010299956639813	3.5125379119421187	3.4067839538030498	4	5		1	1																																	
CAND_SOUND_002029	Sound	unrelated	0		plus	candidate_pending_human_review			cmusphinx/cmudict	cmudict:formal-zero-shared-phone	punch	swells										4.472555699066118	3.0777596589128304	3.775157678989474	4	5		1	1																																	
CAND_SOUND_002030	Sound	unrelated	0		plus	candidate_pending_human_review			cmusphinx/cmudict	cmudict:formal-zero-shared-phone	both	lain										5.470312467167388	2.75482782180102	4.112570144484204	3	3		1	1																																	
CAND_SOUND_002031	Sound	unrelated	0		plus	candidate_pending_human_review			cmusphinx/cmudict	cmudict:formal-zero-shared-phone	cards	smudge										4.681418609026778	3.0	3.840709304513389	5	4		1	1																																	
CAND_SOUND_002032	Sound	unrelated	0		plus	candidate_pending_human_review			cmusphinx/cmudict	cmudict:formal-zero-shared-phone	wrought	wuss										2.935882500388251	3.2701534291909113	3.103017964789581	3	3		1	1																																	
CAND_SOUND_002033	Sound	unrelated	0		plus	candidate_pending_human_review			cmusphinx/cmudict	cmudict:formal-zero-shared-phone	adds	bribe										3.595625881322553	3.780980540402508	3.6883032108625304	3	4		1	1																																	
CAND_SOUND_002034	Sound	unrelated	0		plus	candidate_pending_human_review			cmusphinx/cmudict	cmudict:formal-zero-shared-phone	thrash	tones										2.723793588061051	3.2924298239020637	3.008111705981557	4	4		1	1																																	
CAND_SOUND_002035	Sound	unrelated	0		plus	candidate_pending_human_review			cmusphinx/cmudict	cmudict:formal-zero-shared-phone	nine	views										4.829114496522994	3.606297044271217	4.217705770397106	3	4		1	1																																	
CAND_SOUND_002036	Sound	unrelated	0		plus	candidate_pending_human_review			cmusphinx/cmudict	cmudict:formal-zero-shared-phone	phrase	seal										3.9589478044569444	4.168647664493706	4.063797734475325	4	3		1	1																																	
CAND_SOUND_002037	Sound	unrelated	0		plus	candidate_pending_human_review			cmusphinx/cmudict	cmudict:formal-zero-shared-phone	fide	tones										3.040617850908264	3.2924298239020637	3.1665238374051636	3	4		1	1																																	
CAND_SOUND_002038	Sound	unrelated	0		plus	candidate_pending_human_review			cmusphinx/cmudict	cmudict:formal-zero-shared-phone	bile	cards										2.894489815230026	4.681418609026778	3.787954212128402	3	5		1	1																																	
CAND_SOUND_002039	Sound	unrelated	0		plus	candidate_pending_human_review			cmusphinx/cmudict	cmudict:formal-zero-shared-phone	botched	wraps										3.055857817465001	3.3606156856482254	3.2082367515566133	4	4		1	1																																	
CAND_SOUND_002040	Sound	unrelated	0		plus	candidate_pending_human_review			cmusphinx/cmudict	cmudict:formal-zero-shared-phone	knots	shores										3.747274683910574	3.3010299956639813	3.5241523397872774	4	4		1	1																																	
CAND_SOUND_002041	Sound	unrelated	0		plus	candidate_pending_human_review			cmusphinx/cmudict	cmudict:formal-zero-shared-phone	gook	tones										3.0777596589128304	3.2924298239020637	3.185094741407447	3	4		1	1																																	
CAND_SOUND_002042	Sound	unrelated	0		plus	candidate_pending_human_review			cmusphinx/cmudict	cmudict:formal-zero-shared-phone	adds	queen										3.595625881322553	4.737878338168113	4.1667521097453335	3	4		1	1																																	
CAND_SOUND_002043	Sound	unrelated	0		plus	candidate_pending_human_review			cmusphinx/cmudict	cmudict:formal-zero-shared-phone	gnome	seal										2.7975798022219696	4.168647664493706	3.483113733357838	3	3		1	1																																	
CAND_SOUND_002044	Sound	unrelated	0		plus	candidate_pending_human_review			cmusphinx/cmudict	cmudict:formal-zero-shared-phone	free	wuss										5.249270314061297	3.2701534291909113	4.259711871626104	3	3		1	1																																	
CAND_SOUND_002045	Sound	unrelated	0		plus	candidate_pending_human_review			cmusphinx/cmudict	cmudict:formal-zero-shared-phone	fast	shores										5.138147841868722	3.3010299956639813	4.219588918766352	4	4		1	1																																	
CAND_SOUND_002046	Sound	unrelated	0		plus	candidate_pending_human_review			cmusphinx/cmudict	cmudict:formal-zero-shared-phone	both	sludge										5.470312467167388	2.6726410656136697	4.0714767663905285	3	4		1	1																																	
CAND_SOUND_002047	Sound	unrelated	0		plus	candidate_pending_human_review			cmusphinx/cmudict	cmudict:formal-zero-shared-phone	chills	heist										3.2836558995945584	3.4965498065579883	3.3901028530762733	4	4		1	1																																	
CAND_SOUND_002048	Sound	unrelated	0		plus	candidate_pending_human_review			cmusphinx/cmudict	cmudict:formal-zero-shared-phone	bask	shores										2.75482782180102	3.3010299956639813	3.0279289087325005	4	4		1	1																																	
CAND_SOUND_002049	Sound	unrelated	0		plus	candidate_pending_human_review			cmusphinx/cmudict	cmudict:formal-zero-shared-phone	cared	own										4.151568121196594	5.661998170498611	4.906783145847603	4	2		1	1																																	
CAND_SOUND_002050	Sound	unrelated	0		plus	candidate_pending_human_review			cmusphinx/cmudict	cmudict:formal-zero-shared-phone	shtick	swells										2.769551078621726	3.0777596589128304	2.923655368767278	4	5		1	1																																	
CAND_SOUND_002051	Sound	unrelated	0		plus	candidate_pending_human_review			cmusphinx/cmudict	cmudict:formal-zero-shared-phone	flux	gout										3.016705693502853	3.1436881726211388	3.0801969330619956	5	3		1	1																																	
CAND_SOUND_002052	Sound	unrelated	0		plus	candidate_pending_human_review			cmusphinx/cmudict	cmudict:formal-zero-shared-phone	swank	they										2.6726410656136697	6.613095290567362	4.642868178090516	5	2		1	1																																	
CAND_SOUND_002053	Sound	unrelated	0		plus	candidate_pending_human_review			cmusphinx/cmudict	cmudict:formal-zero-shared-phone	called	tons										5.531503962137958	3.973671061277651	4.752587511707804	4	4		1	1																																	
CAND_SOUND_002054	Sound	unrelated	0		plus	candidate_pending_human_review			cmusphinx/cmudict	cmudict:formal-zero-shared-phone	both	clams										5.470312467167388	3.4323089103033	4.451310688735344	3	5		1	1																																	
CAND_SOUND_002055	Sound	unrelated	0		plus	candidate_pending_human_review			cmusphinx/cmudict	cmudict:formal-zero-shared-phone	flux	harm										3.016705693502853	4.502212838750578	3.759459266126716	5	4		1	1																																	
CAND_SOUND_002056	Sound	unrelated	0		plus	candidate_pending_human_review			cmusphinx/cmudict	cmudict:formal-zero-shared-phone	heist	plaque										3.4965498065579883	3.3177356891668337	3.407142747862411	4	4		1	1																																	
CAND_SOUND_002057	Sound	unrelated	0		plus	candidate_pending_human_review			cmusphinx/cmudict	cmudict:formal-zero-shared-phone	own	saws										5.661998170498611	2.6726410656136697	4.1673196180561405	2	3		1	1																																	
CAND_SOUND_002058	Sound	unrelated	0		plus	candidate_pending_human_review			cmusphinx/cmudict	cmudict:formal-zero-shared-phone	own	sails										5.661998170498611	3.5072736719497617	4.584635921224186	2	4		1	1																																	
CAND_SOUND_002059	Sound	unrelated	0		plus	candidate_pending_human_review			cmusphinx/cmudict	cmudict:formal-zero-shared-phone	cursed	nine										3.8687711741078568	4.829114496522994	4.348942835315425	4	3		1	1																																	
CAND_SOUND_002060	Sound	unrelated	0		plus	candidate_pending_human_review			cmusphinx/cmudict	cmudict:formal-zero-shared-phone	clung	shores										2.6726410656136697	3.3010299956639813	2.9868355306388255	4	4		1	1																																	
CAND_SOUND_002061	Sound	unrelated	0		plus	candidate_pending_human_review			cmusphinx/cmudict	cmudict:formal-zero-shared-phone	draught	wuss										2.6726410656136697	3.2701534291909113	2.9713972474022903	5	3		1	1																																	
CAND_SOUND_002062	Sound	unrelated	0		plus	candidate_pending_human_review			cmusphinx/cmudict	cmudict:formal-zero-shared-phone	borne	sash										3.0084331675368627	3.055857817465001	3.032145492500932	4	3		1	1																																	
CAND_SOUND_002063	Sound	unrelated	0		plus	candidate_pending_human_review			cmusphinx/cmudict	cmudict:formal-zero-shared-phone	cards	tile										4.681418609026778	3.325853579389013	4.003636094207896	5	3		1	1																																	
CAND_SOUND_002064	Sound	unrelated	0		plus	candidate_pending_human_review			cmusphinx/cmudict	cmudict:formal-zero-shared-phone	seal	trout										4.168647664493706	3.604183684957818	3.886415674725762	3	4		1	1																																	
CAND_SOUND_002065	Sound	unrelated	0		plus	candidate_pending_human_review			cmusphinx/cmudict	cmudict:formal-zero-shared-phone	loads	na										3.554880913632493	3.6955503450778817	3.6252156293551874	4	2		1	1																																	
CAND_SOUND_002066	Sound	unrelated	0		plus	candidate_pending_human_review			cmusphinx/cmudict	cmudict:formal-zero-shared-phone	own	prude										5.661998170498611	3.1375278639163207	4.399763017207466	2	4		1	1																																	
CAND_SOUND_002067	Sound	unrelated	0		plus	candidate_pending_human_review			cmusphinx/cmudict	cmudict:formal-zero-shared-phone	bled	heist										3.595625881322553	3.4965498065579883	3.5460878439402705	4	4		1	1																																	
CAND_SOUND_002068	Sound	unrelated	0		plus	candidate_pending_human_review			cmusphinx/cmudict	cmudict:formal-zero-shared-phone	cards	lust										4.681418609026778	3.7457481639491013	4.21358338648794	5	4		1	1																																	
CAND_SOUND_002069	Sound	unrelated	0		plus	candidate_pending_human_review			cmusphinx/cmudict	cmudict:formal-zero-shared-phone	cook	shores										4.6586659476203565	3.3010299956639813	3.979847971642169	3	4		1	1																																	
CAND_SOUND_002070	Sound	unrelated	0		plus	candidate_pending_human_review			cmusphinx/cmudict	cmudict:formal-zero-shared-phone	light	own										5.21799973344544	5.661998170498611	5.439998951972026	3	2		1	1																																	
CAND_SOUND_002071	Sound	unrelated	0		plus	candidate_pending_human_review			cmusphinx/cmudict	cmudict:formal-zero-shared-phone	botched	mule										3.055857817465001	3.846312850545938	3.4510853340054695	4	4		1	1																																	
CAND_SOUND_002072	Sound	unrelated	0		plus	candidate_pending_human_review			cmusphinx/cmudict	cmudict:formal-zero-shared-phone	closed	heist										4.733024085741895	3.4965498065579883	4.114786946149941	5	4		1	1																																	
CAND_SOUND_002073	Sound	unrelated	0		plus	candidate_pending_human_review			cmusphinx/cmudict	cmudict:formal-zero-shared-phone	adds	grew										3.595625881322553	4.4664896316270895	4.031057756474821	3	3		1	1																																	
CAND_SOUND_002074	Sound	unrelated	0		plus	candidate_pending_human_review			cmusphinx/cmudict	cmudict:formal-zero-shared-phone	shores	stocked										3.3010299956639813	3.098609797885951	3.199819896774966	4	5		1	1																																	
CAND_SOUND_002075	Sound	unrelated	0		plus	candidate_pending_human_review			cmusphinx/cmudict	cmudict:formal-zero-shared-phone	bold	nursed										3.8778905534105643	2.982625903930577	3.4302582286705707	4	4		1	1																																	
CAND_SOUND_002076	Sound	unrelated	0		plus	candidate_pending_human_review			cmusphinx/cmudict	cmudict:formal-zero-shared-phone	na	siege										3.6955503450778817	3.364311831208189	3.5299310881430355	2	3		1	1																																	
CAND_SOUND_002077	Sound	unrelated	0		plus	candidate_pending_human_review			cmusphinx/cmudict	cmudict:formal-zero-shared-phone	mee	swank										2.6726410656136697	2.6726410656136697	2.6726410656136697	2	5		1	1																																	
CAND_SOUND_002078	Sound	unrelated	0		plus	candidate_pending_human_review			cmusphinx/cmudict	cmudict:formal-zero-shared-phone	clung	na										2.6726410656136697	3.6955503450778817	3.1840957053457757	4	2		1	1																																	
CAND_SOUND_002079	Sound	unrelated	0		plus	candidate_pending_human_review			cmusphinx/cmudict	cmudict:formal-zero-shared-phone	both	hailed										5.470312467167388	2.9258982794816504	4.19810537332452	3	4		1	1																																	
CAND_SOUND_002080	Sound	unrelated	0		plus	candidate_pending_human_review			cmusphinx/cmudict	cmudict:formal-zero-shared-phone	deem	swells										2.769551078621726	3.0777596589128304	2.923655368767278	3	5		1	1																																	
CAND_SOUND_002081	Sound	unrelated	0		plus	candidate_pending_human_review			cmusphinx/cmudict	cmudict:formal-zero-shared-phone	puffed	shores										2.915679114299964	3.3010299956639813	3.1083545549819727	4	4		1	1																																	
CAND_SOUND_002082	Sound	unrelated	0		plus	candidate_pending_human_review			cmusphinx/cmudict	cmudict:formal-zero-shared-phone	both	drugs										5.470312467167388	4.684070527394452	5.07719149728092	3	5		1	1																																	
CAND_SOUND_002083	Sound	unrelated	0		plus	candidate_pending_human_review			cmusphinx/cmudict	cmudict:formal-zero-shared-phone	adds	role										3.595625881322553	4.260445537895706	3.928035709609129	3	3		1	1																																	
CAND_SOUND_002084	Sound	unrelated	0		plus	candidate_pending_human_review			cmusphinx/cmudict	cmudict:formal-zero-shared-phone	bleep	shores										3.425968732272281	3.3010299956639813	3.363499363968131	4	4		1	1																																	
CAND_SOUND_002085	Sound	unrelated	0		plus	candidate_pending_human_review			cmusphinx/cmudict	cmudict:formal-zero-shared-phone	buy	sash										5.2842758775469605	3.055857817465001	4.17006684750598	2	3		1	1																																	
CAND_SOUND_002086	Sound	unrelated	0		plus	candidate_pending_human_review			cmusphinx/cmudict	cmudict:formal-zero-shared-phone	adds	tyke										3.595625881322553	2.723793588061051	3.159709734691802	3	3		1	1																																	
CAND_SOUND_002087	Sound	unrelated	0		plus	candidate_pending_human_review			cmusphinx/cmudict	cmudict:formal-zero-shared-phone	greed	nursed										3.681595908266596	2.982625903930577	3.3321109060985865	4	4		1	1																																	
CAND_SOUND_002088	Sound	unrelated	0		plus	candidate_pending_human_review			cmusphinx/cmudict	cmudict:formal-zero-shared-phone	ex	own										4.098609797885951	5.661998170498611	4.880303984192281	3	2		1	1																																	
CAND_SOUND_002089	Sound	unrelated	0		plus	candidate_pending_human_review			cmusphinx/cmudict	cmudict:formal-zero-shared-phone	cage	nursed										4.306950362659987	2.982625903930577	3.644788133295282	3	4		1	1																																	
CAND_SOUND_002090	Sound	unrelated	0		plus	candidate_pending_human_review			cmusphinx/cmudict	cmudict:formal-zero-shared-phone	both	malls										5.470312467167388	3.131278914639319	4.300795690903353	3	4		1	1																																	
CAND_SOUND_002091	Sound	unrelated	0		plus	candidate_pending_human_review			cmusphinx/cmudict	cmudict:formal-zero-shared-phone	comb	shores										3.7823883033268983	3.3010299956639813	3.54170914949544	3	4		1	1																																	
CAND_SOUND_002092	Sound	unrelated	0		plus	candidate_pending_human_review			cmusphinx/cmudict	cmudict:formal-zero-shared-phone	adds	fault										3.595625881322553	5.017524344983533	4.306575113153043	3	4		1	1																																	
CAND_SOUND_002093	Sound	unrelated	0		plus	candidate_pending_human_review			cmusphinx/cmudict	cmudict:formal-zero-shared-phone	three	wuss										5.734187782410228	3.2701534291909113	4.502170605800569	3	3		1	1																																	
CAND_SOUND_002094	Sound	unrelated	0		plus	candidate_pending_human_review			cmusphinx/cmudict	cmudict:formal-zero-shared-phone	rains	swank										3.7173114605331308	2.6726410656136697	3.1949762630734	4	5		1	1																																	
CAND_SOUND_002095	Sound	unrelated	0		plus	candidate_pending_human_review			cmusphinx/cmudict	cmudict:formal-zero-shared-phone	faire	swank										2.8109437637799513	2.6726410656136697	2.7417924146968105	3	5		1	1																																	
CAND_SOUND_002096	Sound	unrelated	0		plus	candidate_pending_human_review			cmusphinx/cmudict	cmudict:formal-zero-shared-phone	et	nine										4.103334104570764	4.829114496522994	4.4662243005468785	2	3		1	1																																	
CAND_SOUND_002097	Sound	unrelated	0		plus	candidate_pending_human_review			cmusphinx/cmudict	cmudict:formal-zero-shared-phone	hope	seal										5.506000702356682	4.168647664493706	4.837324183425194	3	3		1	1																																	
CAND_SOUND_002098	Sound	unrelated	0		plus	candidate_pending_human_review			cmusphinx/cmudict	cmudict:formal-zero-shared-phone	swells	thru										3.0777596589128304	2.7837915177363364	2.9307755883245834	5	3		1	1																																	
CAND_SOUND_002099	Sound	unrelated	0		plus	candidate_pending_human_review			cmusphinx/cmudict	cmudict:formal-zero-shared-phone	adds	sparked										3.595625881322553	2.7975798022219696	3.196602841772261	3	6		1	1																																	
CAND_SOUND_002100	Sound	unrelated	0		plus	candidate_pending_human_review			cmusphinx/cmudict	cmudict:formal-zero-shared-phone	both	clam										5.470312467167388	3.5934598195660445	4.531886143366716	3	4		1	1																																	
CAND_SOUND_002101	Sound	unrelated	0		plus	candidate_pending_human_review			cmusphinx/cmudict	cmudict:formal-zero-shared-phone	nursed	wring										2.982625903930577	3.0848215134003176	3.0337237086654474	4	3		1	1																																	
CAND_SOUND_002102	Sound	unrelated	0		plus	candidate_pending_human_review			cmusphinx/cmudict	cmudict:formal-zero-shared-phone	na	piss										3.6955503450778817	4.372695451241908	4.034122898159895	2	3		1	1																																	
CAND_SOUND_002103	Sound	unrelated	0		plus	candidate_pending_human_review			cmusphinx/cmudict	cmudict:formal-zero-shared-phone	gals	heist										3.5125379119421187	3.4965498065579883	3.5045438592500533	4	4		1	1																																	
CAND_SOUND_002104	Sound	unrelated	0		plus	candidate_pending_human_review			cmusphinx/cmudict	cmudict:formal-zero-shared-phone	adds	mall										3.595625881322553	4.276506857804894	3.9360663695637235	3	3		1	1																																	
CAND_SOUND_002105	Sound	unrelated	0		plus	candidate_pending_human_review			cmusphinx/cmudict	cmudict:formal-zero-shared-phone	thigh	wuss										3.5734631911497914	3.2701534291909113	3.421808310170351	2	3		1	1																																	
CAND_SOUND_002106	Sound	unrelated	0		plus	candidate_pending_human_review			cmusphinx/cmudict	cmudict:formal-zero-shared-phone	adds	poop										3.595625881322553	3.747274683910574	3.671450282616563	3	3		1	1																																	
CAND_SOUND_002107	Sound	unrelated	0		plus	candidate_pending_human_review			cmusphinx/cmudict	cmudict:formal-zero-shared-phone	moose	tones										3.7426789322214247	3.2924298239020637	3.517554378061744	3	4		1	1																																	
CAND_SOUND_002108	Sound	unrelated	0		plus	candidate_pending_human_review			cmusphinx/cmudict	cmudict:formal-zero-shared-phone	both	gulp										5.470312467167388	2.9913998282380825	4.2308561477027355	3	4		1	1																																	
CAND_SOUND_002109	Sound	unrelated	0		plus	candidate_pending_human_review			cmusphinx/cmudict	cmudict:formal-zero-shared-phone	germ	sized										3.098609797885951	2.7975798022219696	2.94809480005396	3	4		1	1																																	
CAND_SOUND_002110	Sound	unrelated	0		plus	candidate_pending_human_review			cmusphinx/cmudict	cmudict:formal-zero-shared-phone	both	cools										5.470312467167388	2.8606315479690587	4.165472007568224	3	4		1	1																																	
CAND_SOUND_002111	Sound	unrelated	0		plus	candidate_pending_human_review			cmusphinx/cmudict	cmudict:formal-zero-shared-phone	deaf	wuss										4.162248031881392	3.2701534291909113	3.7162007305361513	3	3		1	1																																	
CAND_SOUND_002112	Sound	unrelated	0		plus	candidate_pending_human_review			cmusphinx/cmudict	cmudict:formal-zero-shared-phone	adds	move										3.595625881322553	5.6213188637416245	4.608472372532089	3	3		1	1																																	
CAND_SOUND_002113	Sound	unrelated	0		plus	candidate_pending_human_review			cmusphinx/cmudict	cmudict:formal-zero-shared-phone	nine	scrip										4.829114496522994	2.848732324669351	3.8389234105961725	3	5		1	1																																	
CAND_SOUND_002114	Sound	unrelated	0		plus	candidate_pending_human_review			cmusphinx/cmudict	cmudict:formal-zero-shared-phone	sash	throw										3.055857817465001	5.109995193461844	4.082926505463423	3	3		1	1																																	
CAND_SOUND_002115	Sound	unrelated	0		plus	candidate_pending_human_review			cmusphinx/cmudict	cmudict:formal-zero-shared-phone	cards	chaps										4.681418609026778	3.4097011195578277	4.0455598642923025	5	4		1	1																																	
CAND_SOUND_002116	Sound	unrelated	0		plus	candidate_pending_human_review			cmusphinx/cmudict	cmudict:formal-zero-shared-phone	each	nine										5.403557860247188	4.829114496522994	5.116336178385091	2	3		1	1																																	
CAND_SOUND_002117	Sound	unrelated	0		plus	candidate_pending_human_review			cmusphinx/cmudict	cmudict:formal-zero-shared-phone	sash	though										3.055857817465001	5.259930998624905	4.157894408044953	3	2		1	1																																	
CAND_SOUND_002118	Sound	unrelated	0		plus	candidate_pending_human_review			cmusphinx/cmudict	cmudict:formal-zero-shared-phone	germ	holds										3.098609797885951	4.154561203215101	3.626585500550526	3	5		1	1																																	
CAND_SOUND_002119	Sound	unrelated	0		plus	candidate_pending_human_review			cmusphinx/cmudict	cmudict:formal-zero-shared-phone	prick	tons										4.149762320333332	3.973671061277651	4.061716690805492	4	4		1	1																																	
CAND_SOUND_002120	Sound	unrelated	0		plus	candidate_pending_human_review			cmusphinx/cmudict	cmudict:formal-zero-shared-phone	hoop	own										3.4291503910584704	5.661998170498611	4.545574280778541	3	2		1	1																																	
CAND_SOUND_002121	Sound	unrelated	0		plus	candidate_pending_human_review			cmusphinx/cmudict	cmudict:formal-zero-shared-phone	na	skit										3.6955503450778817	2.915679114299964	3.305614729688923	2	4		1	1																																	
CAND_SOUND_002122	Sound	unrelated	0		plus	candidate_pending_human_review			cmusphinx/cmudict	cmudict:formal-zero-shared-phone	link	own										4.0770471165349385	5.661998170498611	4.869522643516775	4	2		1	1																																	
CAND_SOUND_002123	Sound	unrelated	0		plus	candidate_pending_human_review			cmusphinx/cmudict	cmudict:formal-zero-shared-phone	both	cast										5.470312467167388	4.364311831208189	4.917312149187788	3	4		1	1																																	
CAND_SOUND_002124	Sound	unrelated	0		plus	candidate_pending_human_review			cmusphinx/cmudict	cmudict:formal-zero-shared-phone	own	twice										5.661998170498611	4.796356628095574	5.229177399297093	2	4		1	1																																	
CAND_SOUND_002125	Sound	unrelated	0		plus	candidate_pending_human_review			cmusphinx/cmudict	cmudict:formal-zero-shared-phone	cards	gulp										4.681418609026778	2.9913998282380825	3.83640921863243	5	4		1	1																																	
CAND_SOUND_002126	Sound	unrelated	0		plus	candidate_pending_human_review			cmusphinx/cmudict	cmudict:formal-zero-shared-phone	chime	swank										2.9645276818377813	2.6726410656136697	2.8185843737257255	3	5		1	1																																	
CAND_SOUND_002127	Sound	unrelated	0		plus	candidate_pending_human_review			cmusphinx/cmudict	cmudict:formal-zero-shared-phone	na	source										3.6955503450778817	4.44988659203629	4.072718468557086	2	4		1	1																																	
CAND_SOUND_002128	Sound	unrelated	0		plus	candidate_pending_human_review			cmusphinx/cmudict	cmudict:formal-zero-shared-phone	blur	heist										3.329856321842687	3.4965498065579883	3.4132030642003377	3	4		1	1																																	
CAND_SOUND_002129	Sound	unrelated	0		plus	candidate_pending_human_review			cmusphinx/cmudict	cmudict:formal-zero-shared-phone	own	quits										5.661998170498611	3.3752151942185136	4.518606682358563	2	5		1	1																																	
CAND_SOUND_002130	Sound	unrelated	0		plus	candidate_pending_human_review			cmusphinx/cmudict	cmudict:formal-zero-shared-phone	adds	soy										3.595625881322553	3.364311831208189	3.479968856265371	3	2		1	1																																	
CAND_SOUND_002131	Sound	unrelated	0		plus	candidate_pending_human_review			cmusphinx/cmudict	cmudict:formal-zero-shared-phone	heist	woke										3.4965498065579883	4.42082909261987	3.9586894495889293	4	3		1	1																																	
CAND_SOUND_002132	Sound	unrelated	0		plus	candidate_pending_human_review			cmusphinx/cmudict	cmudict:formal-zero-shared-phone	adds	juke										3.595625881322553	2.6726410656136697	3.134133473468111	3	3		1	1																																	
CAND_SOUND_002133	Sound	unrelated	0		plus	candidate_pending_human_review			cmusphinx/cmudict	cmudict:formal-zero-shared-phone	bunch	sash										4.769985156101045	3.055857817465001	3.912921486783023	4	3		1	1																																	
CAND_SOUND_002134	Sound	unrelated	0		plus	candidate_pending_human_review			cmusphinx/cmudict	cmudict:formal-zero-shared-phone	seal	shift										4.168647664493706	4.358382804215934	4.26351523435482	3	4		1	1																																	
CAND_SOUND_002135	Sound	unrelated	0		plus	candidate_pending_human_review			cmusphinx/cmudict	cmudict:formal-zero-shared-phone	both	tents										5.470312467167388	3.2836558995945584	4.376984183380973	3	5		1	1																																	
CAND_SOUND_002136	Sound	unrelated	0		plus	candidate_pending_human_review			cmusphinx/cmudict	cmudict:formal-zero-shared-phone	nine	shells										4.829114496522994	3.7457481639491013	4.287431330236048	3	4		1	1																																	
CAND_SOUND_002137	Sound	unrelated	0		plus	candidate_pending_human_review			cmusphinx/cmudict	cmudict:formal-zero-shared-phone	flux	thawed										3.016705693502853	2.7395878552442827	2.878146774373568	5	3		1	1																																	
CAND_SOUND_002138	Sound	unrelated	0		plus	candidate_pending_human_review			cmusphinx/cmudict	cmudict:formal-zero-shared-phone	self	tones										4.150967021471702	3.2924298239020637	3.721698422686883	4	4		1	1																																	
CAND_SOUND_002139	Sound	unrelated	0		plus	candidate_pending_human_review			cmusphinx/cmudict	cmudict:formal-zero-shared-phone	bent	flux										3.8582776425755814	3.016705693502853	3.4374916680392174	4	5		1	1																																	
CAND_SOUND_002140	Sound	unrelated	0		plus	candidate_pending_human_review			cmusphinx/cmudict	cmudict:formal-zero-shared-phone	sash	torn										3.055857817465001	4.035154955206762	3.5455063863358816	3	4		1	1																																	
CAND_SOUND_002141	Sound	unrelated	0		plus	candidate_pending_human_review			cmusphinx/cmudict	cmudict:formal-zero-shared-phone	both	conned										5.470312467167388	3.1249387366083	4.2976256018878445	3	4		1	1																																	
CAND_SOUND_002142	Sound	unrelated	0		plus	candidate_pending_human_review			cmusphinx/cmudict	cmudict:formal-zero-shared-phone	mute	wuss										3.3962335448580205	3.2701534291909113	3.3331934870244657	4	3		1	1																																	
CAND_SOUND_002143	Sound	unrelated	0		plus	candidate_pending_human_review			cmusphinx/cmudict	cmudict:formal-zero-shared-phone	drugged	sash										3.5642714304385628	3.055857817465001	3.310064623951782	5	3		1	1																																	
CAND_SOUND_002144	Sound	unrelated	0		plus	candidate_pending_human_review			cmusphinx/cmudict	cmudict:formal-zero-shared-phone	flux	prod										3.016705693502853	2.8364978682523394	2.926601780877596	5	4		1	1																																	
CAND_SOUND_002145	Sound	unrelated	0		plus	candidate_pending_human_review			cmusphinx/cmudict	cmudict:formal-zero-shared-phone	brat	own										3.7934890861198154	5.661998170498611	4.727743628309213	4	2		1	1																																	
CAND_SOUND_002146	Sound	unrelated	0		plus	candidate_pending_human_review			cmusphinx/cmudict	cmudict:formal-zero-shared-phone	far	nursed										5.343929643034809	2.982625903930577	4.163277773482693	3	4		1	1																																	
CAND_SOUND_002147	Sound	unrelated	0		plus	candidate_pending_human_review			cmusphinx/cmudict	cmudict:formal-zero-shared-phone	oil	sash										4.613613851204378	3.055857817465001	3.8347358343346896	2	3		1	1																																	
CAND_SOUND_002148	Sound	unrelated	0		plus	candidate_pending_human_review			cmusphinx/cmudict	cmudict:formal-zero-shared-phone	clones	germ										2.9456423376774072	3.098609797885951	3.022126067781679	5	3		1	1																																	
CAND_SOUND_002149	Sound	unrelated	0		plus	candidate_pending_human_review			cmusphinx/cmudict	cmudict:formal-zero-shared-phone	camp	swells										4.7094029965051	3.0777596589128304	3.893581327708965	4	5		1	1																																	
CAND_SOUND_002150	Sound	unrelated	0		plus	candidate_pending_human_review			cmusphinx/cmudict	cmudict:formal-zero-shared-phone	flux	meet										3.016705693502853	5.54688121924708	4.281793456374967	5	3		1	1																																	
CAND_SOUND_002151	Sound	unrelated	0		plus	candidate_pending_human_review			cmusphinx/cmudict	cmudict:formal-zero-shared-phone	germ	rich										3.098609797885951	4.905213680621799	4.001911739253875	3	3		1	1																																	
CAND_SOUND_002152	Sound	unrelated	0		plus	candidate_pending_human_review			cmusphinx/cmudict	cmudict:formal-zero-shared-phone	d	swank										6.298189295733761	2.6726410656136697	4.485415180673716	2	5		1	1																																	
CAND_SOUND_002153	Sound	unrelated	0		plus	candidate_pending_human_review			cmusphinx/cmudict	cmudict:formal-zero-shared-phone	rack	swells										3.8912203306651785	3.0777596589128304	3.4844899947890045	3	5		1	1																																	
CAND_SOUND_002154	Sound	unrelated	0		plus	candidate_pending_human_review			cmusphinx/cmudict	cmudict:formal-zero-shared-phone	adds	trait										3.595625881322553	3.0327925133963074	3.31420919735943	3	4		1	1																																	
CAND_SOUND_002155	Sound	unrelated	0		plus	candidate_pending_human_review			cmusphinx/cmudict	cmudict:formal-zero-shared-phone	both	hall										5.470312467167388	4.715511782199295	5.092912124683341	3	3		1	1																																	
CAND_SOUND_002156	Sound	unrelated	0		plus	candidate_pending_human_review			cmusphinx/cmudict	cmudict:formal-zero-shared-phone	blah	sash										4.128753939608815	3.055857817465001	3.592305878536908	3	3		1	1																																	
CAND_SOUND_002157	Sound	unrelated	0		plus	candidate_pending_human_review			cmusphinx/cmudict	cmudict:formal-zero-shared-phone	club	sash										4.994687987064157	3.055857817465001	4.025272902264579	4	3		1	1																																	
CAND_SOUND_002158	Sound	unrelated	0		plus	candidate_pending_human_review			cmusphinx/cmudict	cmudict:formal-zero-shared-phone	botched	hens										3.055857817465001	3.1249387366083	3.0903982770366505	4	4		1	1																																	
CAND_SOUND_002159	Sound	unrelated	0		plus	candidate_pending_human_review			cmusphinx/cmudict	cmudict:formal-zero-shared-phone	fucked	swells										4.652454913091461	3.0777596589128304	3.8651072860021456	4	5		1	1																																	
CAND_SOUND_002160	Sound	unrelated	0		plus	candidate_pending_human_review			cmusphinx/cmudict	cmudict:formal-zero-shared-phone	both	scraped										5.470312467167388	3.1119737594439325	4.29114311330566	3	6		1	1																																	
CAND_SOUND_002161	Sound	unrelated	0		plus	candidate_pending_human_review			cmusphinx/cmudict	cmudict:formal-zero-shared-phone	nursed	owl										2.982625903930577	3.748795857031107	3.365710880480842	4	2		1	1																																	
CAND_SOUND_002162	Sound	unrelated	0		plus	candidate_pending_human_review			cmusphinx/cmudict	cmudict:formal-zero-shared-phone	heist	realms										3.4965498065579883	2.7975798022219696	3.147064804389979	4	5		1	1																																	
CAND_SOUND_002163	Sound	unrelated	0		plus	candidate_pending_human_review			cmusphinx/cmudict	cmudict:formal-zero-shared-phone	nine	seems										4.829114496522994	5.224141890958819	5.0266281937409065	3	4		1	1																																	
CAND_SOUND_002164	Sound	unrelated	0		plus	candidate_pending_human_review			cmusphinx/cmudict	cmudict:formal-zero-shared-phone	juke	tones										2.6726410656136697	3.2924298239020637	2.9825354447578665	3	4		1	1																																	
CAND_SOUND_002165	Sound	unrelated	0		plus	candidate_pending_human_review			cmusphinx/cmudict	cmudict:formal-zero-shared-phone	glow	swank										3.7592974442561733	2.6726410656136697	3.2159692549349215	3	5		1	1																																	
CAND_SOUND_002166	Sound	unrelated	0		plus	candidate_pending_human_review			cmusphinx/cmudict	cmudict:formal-zero-shared-phone	jib	na										2.848732324669351	3.6955503450778817	3.2721413348736164	3	2		1	1																																	
CAND_SOUND_002167	Sound	unrelated	0		plus	candidate_pending_human_review			cmusphinx/cmudict	cmudict:formal-zero-shared-phone	heist	prude										3.4965498065579883	3.1375278639163207	3.3170388352371543	4	4		1	1																																	
CAND_SOUND_002168	Sound	unrelated	0		plus	candidate_pending_human_review			cmusphinx/cmudict	cmudict:formal-zero-shared-phone	hill	shores										4.574598602206705	3.3010299956639813	3.937814298935343	3	4		1	1																																	
CAND_SOUND_002169	Sound	unrelated	0		plus	candidate_pending_human_review			cmusphinx/cmudict	cmudict:formal-zero-shared-phone	shores	swipe										3.3010299956639813	3.2062436762857804	3.2536368359748806	4	4		1	1																																	
CAND_SOUND_002170	Sound	unrelated	0		plus	candidate_pending_human_review			cmusphinx/cmudict	cmudict:formal-zero-shared-phone	shores	ten										3.3010299956639813	5.161368002234974	4.231198998949478	4	3		1	1																																	
CAND_SOUND_002171	Sound	unrelated	0		plus	candidate_pending_human_review			cmusphinx/cmudict	cmudict:formal-zero-shared-phone	eyed	germ										2.872213420518874	3.098609797885951	2.985411609202412	2	3		1	1																																	
CAND_SOUND_002172	Sound	unrelated	0		plus	candidate_pending_human_review			cmusphinx/cmudict	cmudict:formal-zero-shared-phone	gagged	nursed										2.9258982794816504	2.982625903930577	2.9542620917061138	4	4		1	1																																	
CAND_SOUND_002173	Sound	unrelated	0		plus	candidate_pending_human_review			cmusphinx/cmudict	cmudict:formal-zero-shared-phone	digs	flux										3.471406771195233	3.016705693502853	3.2440562323490427	4	5		1	1																																	
CAND_SOUND_002174	Sound	unrelated	0		plus	candidate_pending_human_review			cmusphinx/cmudict	cmudict:formal-zero-shared-phone	fact	own										5.236961844894045	5.661998170498611	5.449480007696328	4	2		1	1																																	
CAND_SOUND_002175	Sound	unrelated	0		plus	candidate_pending_human_review			cmusphinx/cmudict	cmudict:formal-zero-shared-phone	adds	lie										3.595625881322553	5.080102788589556	4.337864334956055	3	2		1	1																																	
CAND_SOUND_002176	Sound	unrelated	0		plus	candidate_pending_human_review			cmusphinx/cmudict	cmudict:formal-zero-shared-phone	na	staged										3.6955503450778817	3.353127664255675	3.5243390046667784	2	5		1	1																																	
CAND_SOUND_002177	Sound	unrelated	0		plus	candidate_pending_human_review			cmusphinx/cmudict	cmudict:formal-zero-shared-phone	freed	wuss										3.5711834248548926	3.2701534291909113	3.420668427022902	4	3		1	1																																	
CAND_SOUND_002178	Sound	unrelated	0		plus	candidate_pending_human_review			cmusphinx/cmudict	cmudict:formal-zero-shared-phone	nine	slums										4.829114496522994	2.9913998282380825	3.910257162380538	3	5		1	1																																	
CAND_SOUND_002179	Sound	unrelated	0		plus	candidate_pending_human_review			cmusphinx/cmudict	cmudict:formal-zero-shared-phone	germ	list										3.098609797885951	4.906271645778133	4.002440721832041	3	4		1	1																																	
CAND_SOUND_002180	Sound	unrelated	0		plus	candidate_pending_human_review			cmusphinx/cmudict	cmudict:formal-zero-shared-phone	both	harmed										5.470312467167388	3.3823349353414613	4.426323701254425	3	5		1	1																																	
CAND_SOUND_002181	Sound	unrelated	0		plus	candidate_pending_human_review			cmusphinx/cmudict	cmudict:formal-zero-shared-phone	floor	tones										5.002716471604955	3.2924298239020637	4.147573147753509	4	4		1	1																																	
CAND_SOUND_002182	Sound	unrelated	0		plus	candidate_pending_human_review			cmusphinx/cmudict	cmudict:formal-zero-shared-phone	bra	wuss										4.038285019075793	3.2701534291909113	3.654219224133352	3	3		1	1																																	
CAND_SOUND_002183	Sound	unrelated	0		plus	candidate_pending_human_review			cmusphinx/cmudict	cmudict:formal-zero-shared-phone	both	lac										5.470312467167388	3.2062436762857804	4.3382780717265845	3	3		1	1																																	
CAND_SOUND_002184	Sound	unrelated	0		plus	candidate_pending_human_review			cmusphinx/cmudict	cmudict:formal-zero-shared-phone	these	wuss										5.956168430475364	3.2701534291909113	4.613160929833137	3	3		1	1																																	
CAND_SOUND_002185	Sound	unrelated	0		plus	candidate_pending_human_review			cmusphinx/cmudict	cmudict:formal-zero-shared-phone	bride	sash										4.384096781497748	3.055857817465001	3.7199772994813745	4	3		1	1																																	
CAND_SOUND_002186	Sound	unrelated	0		plus	candidate_pending_human_review			cmusphinx/cmudict	cmudict:formal-zero-shared-phone	loves	own										4.860044266632908	5.661998170498611	5.26102121856576	4	2		1	1																																	
CAND_SOUND_002187	Sound	unrelated	0		plus	candidate_pending_human_review			cmusphinx/cmudict	cmudict:formal-zero-shared-phone	plunge	swank										3.349334675238536	2.6726410656136697	3.010987870426103	5	5		1	1																																	
CAND_SOUND_002188	Sound	unrelated	0		plus	candidate_pending_human_review			cmusphinx/cmudict	cmudict:formal-zero-shared-phone	botched	healed										3.055857817465001	3.63485250472427	3.3453551610946355	4	4		1	1																																	
CAND_SOUND_002189	Sound	unrelated	0		plus	candidate_pending_human_review			cmusphinx/cmudict	cmudict:formal-zero-shared-phone	ones	seal										5.00650798888392	4.168647664493706	4.587577826688813	4	3		1	1																																	
CAND_SOUND_002190	Sound	unrelated	0		plus	candidate_pending_human_review			cmusphinx/cmudict	cmudict:formal-zero-shared-phone	both	surf										5.470312467167388	3.8029748341086758	4.636643650638032	3	3		1	1																																	
CAND_SOUND_002191	Sound	unrelated	0		plus	candidate_pending_human_review			cmusphinx/cmudict	cmudict:formal-zero-shared-phone	both	seem										5.470312467167388	5.145580260349906	5.3079463637586475	3	3		1	1																																	
CAND_SOUND_002192	Sound	unrelated	0		plus	candidate_pending_human_review			cmusphinx/cmudict	cmudict:formal-zero-shared-phone	tones	vowed										3.2924298239020637	3.2115079162781375	3.2519688700901006	4	3		1	1																																	
CAND_SOUND_002193	Sound	unrelated	0		plus	candidate_pending_human_review			cmusphinx/cmudict	cmudict:formal-zero-shared-phone	fumes	na										3.456782679686501	3.6955503450778817	3.5761665123821915	5	2		1	1																																	
CAND_SOUND_002194	Sound	unrelated	0		plus	candidate_pending_human_review			cmusphinx/cmudict	cmudict:formal-zero-shared-phone	adds	frisk										3.595625881322553	3.190056915192505	3.392841398257529	3	5		1	1																																	
CAND_SOUND_002195	Sound	unrelated	0		plus	candidate_pending_human_review			cmusphinx/cmudict	cmudict:formal-zero-shared-phone	shores	suave										3.3010299956639813	2.9645276818377813	3.1327788387508813	4	4		1	1																																	
CAND_SOUND_002196	Sound	unrelated	0		plus	candidate_pending_human_review			cmusphinx/cmudict	cmudict:formal-zero-shared-phone	boned	heist										2.905213680621799	3.4965498065579883	3.2008817435898935	4	4		1	1																																	
CAND_SOUND_002197	Sound	unrelated	0		plus	candidate_pending_human_review			cmusphinx/cmudict	cmudict:formal-zero-shared-phone	nursed	pap										2.982625903930577	3.1119737594439325	3.047299831687255	4	3		1	1																																	
CAND_SOUND_002198	Sound	unrelated	0		plus	candidate_pending_human_review			cmusphinx/cmudict	cmudict:formal-zero-shared-phone	damn	nursed										5.4525981168605755	2.982625903930577	4.217612010395577	3	4		1	1																																	
CAND_SOUND_002199	Sound	unrelated	0		plus	candidate_pending_human_review			cmusphinx/cmudict	cmudict:formal-zero-shared-phone	swells	vague										3.0777596589128304	3.656041803794208	3.3669007313535193	5	3		1	1																																	
CAND_SOUND_002200	Sound	unrelated	0		plus	candidate_pending_human_review			cmusphinx/cmudict	cmudict:formal-zero-shared-phone	splash	tones										3.624868283817669	3.2924298239020637	3.458649053859866	5	4		1	1																																	
CAND_SOUND_002201	Sound	unrelated	0		plus	candidate_pending_human_review			cmusphinx/cmudict	cmudict:formal-zero-shared-phone	botched	primed										3.055857817465001	2.872213420518874	2.9640356189919377	4	5		1	1																																	
CAND_SOUND_002202	Sound	unrelated	0		plus	candidate_pending_human_review			cmusphinx/cmudict	cmudict:formal-zero-shared-phone	shores	snow										3.3010299956639813	4.496278287648298	3.8986541416561398	4	3		1	1																																	
CAND_SOUND_002203	Sound	unrelated	0		plus	candidate_pending_human_review			cmusphinx/cmudict	cmudict:formal-zero-shared-phone	botched	curved										3.055857817465001	2.7837915177363364	2.9198246676006687	4	4		1	1																																	
CAND_SOUND_002204	Sound	unrelated	0		plus	candidate_pending_human_review			cmusphinx/cmudict	cmudict:formal-zero-shared-phone	boil	nine										3.7738724524043685	4.829114496522994	4.3014934744636815	3	3		1	1																																	
CAND_SOUND_002205	Sound	unrelated	0		plus	candidate_pending_human_review			cmusphinx/cmudict	cmudict:formal-zero-shared-phone	na	soar										3.6955503450778817	3.184524426592544	3.440037385835213	2	3		1	1																																	
CAND_SOUND_002206	Sound	unrelated	0		plus	candidate_pending_human_review			cmusphinx/cmudict	cmudict:formal-zero-shared-phone	hurt	seal										5.391557751628531	4.168647664493706	4.7801027080611185	3	3		1	1																																	
CAND_SOUND_002207	Sound	unrelated	0		plus	candidate_pending_human_review			cmusphinx/cmudict	cmudict:formal-zero-shared-phone	adds	prick										3.595625881322553	4.149762320333332	3.8726941008279425	3	4		1	1																																	
CAND_SOUND_002208	Sound	unrelated	0		plus	candidate_pending_human_review			cmusphinx/cmudict	cmudict:formal-zero-shared-phone	botched	swear										3.055857817465001	4.945256126463068	4.000556971964034	4	4		1	1																																	
CAND_SOUND_002209	Sound	unrelated	0		plus	candidate_pending_human_review			cmusphinx/cmudict	cmudict:formal-zero-shared-phone	could	nursed										6.212077880642765	2.982625903930577	4.597351892286671	3	4		1	1																																	
CAND_SOUND_002210	Sound	unrelated	0		plus	candidate_pending_human_review			cmusphinx/cmudict	cmudict:formal-zero-shared-phone	both	chums										5.470312467167388	2.7837915177363364	4.127051992451863	3	4		1	1																																	
CAND_SOUND_002211	Sound	unrelated	0		plus	candidate_pending_human_review			cmusphinx/cmudict	cmudict:formal-zero-shared-phone	na	troupe										3.6955503450778817	3.2466723333413885	3.471111339209635	2	4		1	1																																	
CAND_SOUND_002212	Sound	unrelated	0		plus	candidate_pending_human_review			cmusphinx/cmudict	cmudict:formal-zero-shared-phone	germ	rots										3.098609797885951	2.935882500388251	3.017246149137101	3	4		1	1																																	
CAND_SOUND_002213	Sound	unrelated	0		plus	candidate_pending_human_review			cmusphinx/cmudict	cmudict:formal-zero-shared-phone	heist	raves										3.4965498065579883	2.75482782180102	3.125688814179504	4	4		1	1																																	
CAND_SOUND_002214	Sound	unrelated	0		plus	candidate_pending_human_review			cmusphinx/cmudict	cmudict:formal-zero-shared-phone	cry	nursed										4.817215273223286	2.982625903930577	3.8999205885769315	3	4		1	1																																	
CAND_SOUND_002215	Sound	unrelated	0		plus	candidate_pending_human_review			cmusphinx/cmudict	cmudict:formal-zero-shared-phone	own	shirts										5.661998170498611	3.9398127940166834	4.800905482257647	2	4		1	1																																	
CAND_SOUND_002216	Sound	unrelated	0		plus	candidate_pending_human_review			cmusphinx/cmudict	cmudict:formal-zero-shared-phone	na	poof										3.6955503450778817	3.3338225090602887	3.514686427069085	2	3		1	1																																	
CAND_SOUND_002217	Sound	unrelated	0		plus	candidate_pending_human_review			cmusphinx/cmudict	cmudict:formal-zero-shared-phone	na	plait										3.6955503450778817	2.7395878552442827	3.217569100161082	2	4		1	1																																	
CAND_SOUND_002218	Sound	unrelated	0		plus	candidate_pending_human_review			cmusphinx/cmudict	cmudict:formal-zero-shared-phone	floor	tons										5.002716471604955	3.973671061277651	4.488193766441302	4	4		1	1																																	
CAND_SOUND_002219	Sound	unrelated	0		plus	candidate_pending_human_review			cmusphinx/cmudict	cmudict:formal-zero-shared-phone	draw	nine										4.606507815681276	4.829114496522994	4.717811156102135	3	3		1	1																																	
CAND_SOUND_002220	Sound	unrelated	0		plus	candidate_pending_human_review			cmusphinx/cmudict	cmudict:formal-zero-shared-phone	both	men										5.470312467167388	5.571434785746966	5.520873626457178	3	3		1	1																																	
CAND_SOUND_002221	Sound	unrelated	0		plus	candidate_pending_human_review			cmusphinx/cmudict	cmudict:formal-zero-shared-phone	flux	horned										3.016705693502853	2.723793588061051	2.870249640781952	5	5		1	1																																	
CAND_SOUND_002222	Sound	unrelated	0		plus	candidate_pending_human_review			cmusphinx/cmudict	cmudict:formal-zero-shared-phone	sash	wench										3.055857817465001	3.2369124960522324	3.1463851567586167	3	4		1	1																																	
CAND_SOUND_002223	Sound	unrelated	0		plus	candidate_pending_human_review			cmusphinx/cmudict	cmudict:formal-zero-shared-phone	joke	seal										4.8634394962113685	4.168647664493706	4.516043580352537	3	3		1	1																																	
CAND_SOUND_002224	Sound	unrelated	0		plus	candidate_pending_human_review			cmusphinx/cmudict	cmudict:formal-zero-shared-phone	deep	tones										4.8830487721086415	3.2924298239020637	4.087739298005353	3	4		1	1																																	
CAND_SOUND_002225	Sound	unrelated	0		plus	candidate_pending_human_review			cmusphinx/cmudict	cmudict:formal-zero-shared-phone	germ	spiked										3.098609797885951	3.131278914639319	3.114944356262635	3	5		1	1																																	
CAND_SOUND_002226	Sound	unrelated	0		plus	candidate_pending_human_review			cmusphinx/cmudict	cmudict:formal-zero-shared-phone	both	per										5.470312467167388	4.349715468320278	4.910013967743833	3	2		1	1																																	
CAND_SOUND_002227	Sound	unrelated	0		plus	candidate_pending_human_review			cmusphinx/cmudict	cmudict:formal-zero-shared-phone	both	learn										5.470312467167388	5.073969792508006	5.2721411298376974	3	3		1	1																																	
CAND_SOUND_002228	Sound	unrelated	0		plus	candidate_pending_human_review			cmusphinx/cmudict	cmudict:formal-zero-shared-phone	lick	own										4.039841631788487	5.661998170498611	4.850919901143549	3	2		1	1																																	
CAND_SOUND_002229	Sound	unrelated	0		plus	candidate_pending_human_review			cmusphinx/cmudict	cmudict:formal-zero-shared-phone	nine	tough										4.829114496522994	4.956695624049739	4.892905060286367	3	3		1	1																																	
CAND_SOUND_002230	Sound	unrelated	0		plus	candidate_pending_human_review			cmusphinx/cmudict	cmudict:formal-zero-shared-phone	both	jugs										5.470312467167388	3.0777596589128304	4.274036063040109	3	4		1	1																																	
CAND_SOUND_002231	Sound	unrelated	0		plus	candidate_pending_human_review			cmusphinx/cmudict	cmudict:formal-zero-shared-phone	fats	nine										2.973671061277651	4.829114496522994	3.9013927789003224	4	3		1	1																																	
CAND_SOUND_002232	Sound	unrelated	0		plus	candidate_pending_human_review			cmusphinx/cmudict	cmudict:formal-zero-shared-phone	cramps	nine										3.226928275145631	4.829114496522994	4.028021385834313	6	3		1	1																																	
CAND_SOUND_002233	Sound	unrelated	0		plus	candidate_pending_human_review			cmusphinx/cmudict	cmudict:formal-zero-shared-phone	own	tied										5.661998170498611	4.427244194222524	5.044621182360568	2	3		1	1																																	
CAND_SOUND_002234	Sound	unrelated	0		plus	candidate_pending_human_review			cmusphinx/cmudict	cmudict:formal-zero-shared-phone	heist	knobs										3.4965498065579883	3.016705693502853	3.256627750030421	4	4		1	1																																	
CAND_SOUND_002235	Sound	unrelated	0		plus	candidate_pending_human_review			cmusphinx/cmudict	cmudict:formal-zero-shared-phone	adds	glove										3.595625881322553	4.004237052943255	3.799931467132904	3	4		1	1																																	
CAND_SOUND_002236	Sound	unrelated	0		plus	candidate_pending_human_review			cmusphinx/cmudict	cmudict:formal-zero-shared-phone	germ	wails										3.098609797885951	2.9456423376774072	3.022126067781679	3	4		1	1																																	
CAND_SOUND_002237	Sound	unrelated	0		plus	candidate_pending_human_review			cmusphinx/cmudict	cmudict:formal-zero-shared-phone	na	votes										3.6955503450778817	3.894489815230026	3.7950200801539538	2	4		1	1																																	
CAND_SOUND_002238	Sound	unrelated	0		plus	candidate_pending_human_review			cmusphinx/cmudict	cmudict:formal-zero-shared-phone	na	things										3.6955503450778817	5.8406595004041755	4.768104922741029	2	4		1	1																																	
CAND_SOUND_002239	Sound	unrelated	0		plus	candidate_pending_human_review			cmusphinx/cmudict	cmudict:formal-zero-shared-phone	creeps	nine										3.8069775765623497	4.829114496522994	4.318046036542672	5	3		1	1																																	
CAND_SOUND_002240	Sound	unrelated	0		plus	candidate_pending_human_review			cmusphinx/cmudict	cmudict:formal-zero-shared-phone	flesh	wuss										4.343582346349445	3.2701534291909113	3.806867887770178	4	3		1	1																																	
CAND_SOUND_002241	Sound	unrelated	0		plus	candidate_pending_human_review			cmusphinx/cmudict	cmudict:formal-zero-shared-phone	owes	seal										3.9718577205141825	4.168647664493706	4.070252692503944	2	3		1	1																																	
CAND_SOUND_002242	Sound	unrelated	0		plus	candidate_pending_human_review			cmusphinx/cmudict	cmudict:formal-zero-shared-phone	botched	we										3.055857817465001	6.954816458448821	5.005337137956911	4	2		1	1																																	
CAND_SOUND_002243	Sound	unrelated	0		plus	candidate_pending_human_review			cmusphinx/cmudict	cmudict:formal-zero-shared-phone	adds	bikes										3.595625881322553	3.4537978261370386	3.5247118537297957	3	4		1	1																																	
CAND_SOUND_002244	Sound	unrelated	0		plus	candidate_pending_human_review			cmusphinx/cmudict	cmudict:formal-zero-shared-phone	barred	seal										3.098609797885951	4.168647664493706	3.6336287311898285	4	3		1	1																																	
CAND_SOUND_002245	Sound	unrelated	0		plus	candidate_pending_human_review			cmusphinx/cmudict	cmudict:formal-zero-shared-phone	crews	seal										3.515146295049647	4.168647664493706	3.8418969797716764	4	3		1	1																																	
CAND_SOUND_002246	Sound	unrelated	0		plus	candidate_pending_human_review			cmusphinx/cmudict	cmudict:formal-zero-shared-phone	mates	na										3.678036097500376	3.6955503450778817	3.686793221289129	4	2		1	1																																	
CAND_SOUND_002247	Sound	unrelated	0		plus	candidate_pending_human_review			cmusphinx/cmudict	cmudict:formal-zero-shared-phone	crypt	swells										3.1375278639163207	3.0777596589128304	3.1076437614145753	5	5		1	1																																	
CAND_SOUND_002248	Sound	unrelated	0		plus	candidate_pending_human_review			cmusphinx/cmudict	cmudict:formal-zero-shared-phone	doves	seal										3.0	4.168647664493706	3.584323832246853	4	3		1	1																																	
CAND_SOUND_002249	Sound	unrelated	0		plus	candidate_pending_human_review			cmusphinx/cmudict	cmudict:formal-zero-shared-phone	shoved	swells										3.577987132909837	3.0777596589128304	3.327873395911334	4	5		1	1																																	
CAND_SOUND_002250	Sound	unrelated	0		plus	candidate_pending_human_review			cmusphinx/cmudict	cmudict:formal-zero-shared-phone	adds	wrist										3.595625881322553	4.0142404391146105	3.8049331602185816	3	4		1	1																																	
CAND_SOUND_002251	Sound	unrelated	0		plus	candidate_pending_human_review			cmusphinx/cmudict	cmudict:formal-zero-shared-phone	na	wards										3.6955503450778817	3.0084331675368627	3.3519917563073722	2	5		1	1																																	
CAND_SOUND_002252	Sound	unrelated	0		plus	candidate_pending_human_review			cmusphinx/cmudict	cmudict:formal-zero-shared-phone	flux	grazed										3.016705693502853	2.9551876555836376	2.9859466745432455	5	5		1	1																																	
CAND_SOUND_002253	Sound	unrelated	0		plus	candidate_pending_human_review			cmusphinx/cmudict	cmudict:formal-zero-shared-phone	heist	wank										3.4965498065579883	2.75482782180102	3.125688814179504	4	4		1	1																																	
CAND_SOUND_002254	Sound	unrelated	0		plus	candidate_pending_human_review			cmusphinx/cmudict	cmudict:formal-zero-shared-phone	flux	garde										3.016705693502853	2.982625903930577	2.9996657987167152	5	4		1	1																																	
CAND_SOUND_002255	Sound	unrelated	0		plus	candidate_pending_human_review			cmusphinx/cmudict	cmudict:formal-zero-shared-phone	own	sit										5.661998170498611	5.493252972612995	5.577625571555803	2	3		1	1																																	
CAND_SOUND_002256	Sound	unrelated	0		plus	candidate_pending_human_review			cmusphinx/cmudict	cmudict:formal-zero-shared-phone	nursed	shake										2.982625903930577	4.5979961374173675	3.7903110206739723	4	3		1	1																																	
CAND_SOUND_002257	Sound	unrelated	0		plus	candidate_pending_human_review			cmusphinx/cmudict	cmudict:formal-zero-shared-phone	brush	swells										4.150967021471702	3.0777596589128304	3.6143633401922663	4	5		1	1																																	
CAND_SOUND_002258	Sound	unrelated	0		plus	candidate_pending_human_review			cmusphinx/cmudict	cmudict:formal-zero-shared-phone	both	rink										5.470312467167388	3.329856321842687	4.400084394505038	3	4		1	1																																	
CAND_SOUND_002259	Sound	unrelated	0		plus	candidate_pending_human_review			cmusphinx/cmudict	cmudict:formal-zero-shared-phone	herd	na										3.848732324669351	3.6955503450778817	3.7721413348736164	3	2		1	1																																	
CAND_SOUND_002260	Sound	unrelated	0		plus	candidate_pending_human_review			cmusphinx/cmudict	cmudict:formal-zero-shared-phone	adds	till										3.595625881322553	5.222002002978614	4.408813942150584	3	3		1	1																																	
CAND_SOUND_002261	Sound	unrelated	0		plus	candidate_pending_human_review			cmusphinx/cmudict	cmudict:formal-zero-shared-phone	hedge	own										3.190056915192505	5.661998170498611	4.426027542845558	3	2		1	1																																	
CAND_SOUND_002262	Sound	unrelated	0		plus	candidate_pending_human_review			cmusphinx/cmudict	cmudict:formal-zero-shared-phone	flux	vague										3.016705693502853	3.656041803794208	3.3363737486485308	5	3		1	1																																	
CAND_SOUND_002263	Sound	unrelated	0		plus	candidate_pending_human_review			cmusphinx/cmudict	cmudict:formal-zero-shared-phone	botched	crawl										3.055857817465001	4.0805981950432315	3.5682280062541163	4	4		1	1																																	
CAND_SOUND_002264	Sound	unrelated	0		plus	candidate_pending_human_review			cmusphinx/cmudict	cmudict:formal-zero-shared-phone	trashed	wuss										3.4195346222668714	3.2701534291909113	3.344844025728891	5	3		1	1																																	
CAND_SOUND_002265	Sound	unrelated	0		plus	candidate_pending_human_review			cmusphinx/cmudict	cmudict:formal-zero-shared-phone	nursed	rammed										2.982625903930577	2.935882500388251	2.959254202159414	4	4		1	1																																	
CAND_SOUND_002266	Sound	unrelated	0		plus	candidate_pending_human_review			cmusphinx/cmudict	cmudict:formal-zero-shared-phone	bombed	heist										3.5868960500636566	3.4965498065579883	3.5417229283108225	4	4		1	1																																	
CAND_SOUND_002267	Sound	unrelated	0		plus	candidate_pending_human_review			cmusphinx/cmudict	cmudict:formal-zero-shared-phone	flux	mee										3.016705693502853	2.6726410656136697	2.8446733795582615	5	2		1	1																																	
CAND_SOUND_002268	Sound	unrelated	0		plus	candidate_pending_human_review			cmusphinx/cmudict	cmudict:formal-zero-shared-phone	shores	splits										3.3010299956639813	3.190056915192505	3.245543455428243	4	6		1	1																																	
CAND_SOUND_002269	Sound	unrelated	0		plus	candidate_pending_human_review			cmusphinx/cmudict	cmudict:formal-zero-shared-phone	narc	seal										3.16166154363304	4.168647664493706	3.665154604063373	4	3		1	1																																	
CAND_SOUND_002270	Sound	unrelated	0		plus	candidate_pending_human_review			cmusphinx/cmudict	cmudict:formal-zero-shared-phone	botched	dude										3.055857817465001	4.997523434449937	4.026690625957469	4	3		1	1																																	
CAND_SOUND_002271	Sound	unrelated	0		plus	candidate_pending_human_review			cmusphinx/cmudict	cmudict:formal-zero-shared-phone	flux	point										3.016705693502853	5.373885151724638	4.1952954226137456	5	4		1	1																																	
CAND_SOUND_002272	Sound	unrelated	0		plus	candidate_pending_human_review			cmusphinx/cmudict	cmudict:formal-zero-shared-phone	own	try										5.661998170498611	5.678286236263478	5.670142203381045	2	3		1	1																																	
CAND_SOUND_002273	Sound	unrelated	0		plus	candidate_pending_human_review			cmusphinx/cmudict	cmudict:formal-zero-shared-phone	germ	passed										3.098609797885951	4.712550671987767	3.905580234936859	3	4		1	1																																	
CAND_SOUND_002274	Sound	unrelated	0		plus	candidate_pending_human_review			cmusphinx/cmudict	cmudict:formal-zero-shared-phone	heist	odds										3.4965498065579883	4.2792015581683085	3.8878756823631484	4	3		1	1																																	
CAND_SOUND_002275	Sound	unrelated	0		plus	candidate_pending_human_review			cmusphinx/cmudict	cmudict:formal-zero-shared-phone	both	films										5.470312467167388	4.167491087293763	4.818901777230575	3	5		1	1																																	
CAND_SOUND_002276	Sound	unrelated	0		plus	candidate_pending_human_review			cmusphinx/cmudict	cmudict:formal-zero-shared-phone	both	slaves										5.470312467167388	3.909430165022963	4.689871316095175	3	5		1	1																																	
CAND_SOUND_002277	Sound	unrelated	0		plus	candidate_pending_human_review			cmusphinx/cmudict	cmudict:formal-zero-shared-phone	cards	witch										4.681418609026778	4.441648936557444	4.561533772792111	5	3		1	1																																	
CAND_SOUND_002278	Sound	unrelated	0		plus	candidate_pending_human_review			cmusphinx/cmudict	cmudict:formal-zero-shared-phone	blaze	germ										3.3218136015872735	3.098609797885951	3.210211699736612	4	3		1	1																																	
CAND_SOUND_002279	Sound	unrelated	0		plus	candidate_pending_human_review			cmusphinx/cmudict	cmudict:formal-zero-shared-phone	sash	vague										3.055857817465001	3.656041803794208	3.3559498106296046	3	3		1	1																																	
CAND_SOUND_002280	Sound	unrelated	0		plus	candidate_pending_human_review			cmusphinx/cmudict	cmudict:formal-zero-shared-phone	swells	taint										3.0777596589128304	2.894489815230026	2.986124737071428	5	4		1	1																																	
CAND_SOUND_002281	Sound	unrelated	0		plus	candidate_pending_human_review			cmusphinx/cmudict	cmudict:formal-zero-shared-phone	jabs	nursed										2.6726410656136697	2.982625903930577	2.8276334847721234	4	4		1	1																																	
CAND_SOUND_002282	Sound	unrelated	0		plus	candidate_pending_human_review			cmusphinx/cmudict	cmudict:formal-zero-shared-phone	adds	cups										3.595625881322553	3.8056474239700027	3.7006366526462777	3	4		1	1																																	
CAND_SOUND_002283	Sound	unrelated	0		plus	candidate_pending_human_review			cmusphinx/cmudict	cmudict:formal-zero-shared-phone	foe	heist										3.2655576775017625	3.4965498065579883	3.3810537420298754	2	4		1	1																																	
CAND_SOUND_002284	Sound	unrelated	0		plus	candidate_pending_human_review			cmusphinx/cmudict	cmudict:formal-zero-shared-phone	cards	spy										4.681418609026778	4.302305457614224	4.491862033320501	5	3		1	1																																	
CAND_SOUND_002285	Sound	unrelated	0		plus	candidate_pending_human_review			cmusphinx/cmudict	cmudict:formal-zero-shared-phone	boar	tones										3.337752802688721	3.2924298239020637	3.315091313295392	3	4		1	1																																	
CAND_SOUND_002286	Sound	unrelated	0		plus	candidate_pending_human_review			cmusphinx/cmudict	cmudict:formal-zero-shared-phone	bit	nine										5.3711403292303395	4.829114496522994	5.100127412876667	3	3		1	1																																	
CAND_SOUND_002287	Sound	unrelated	0		plus	candidate_pending_human_review			cmusphinx/cmudict	cmudict:formal-zero-shared-phone	adds	hearts										3.595625881322553	4.361357435584136	3.9784916584533443	3	5		1	1																																	
CAND_SOUND_002288	Sound	unrelated	0		plus	candidate_pending_human_review			cmusphinx/cmudict	cmudict:formal-zero-shared-phone	shores	valve										3.3010299956639813	3.685126777161729	3.493078386412855	4	4		1	1																																	
CAND_SOUND_002289	Sound	unrelated	0		plus	candidate_pending_human_review			cmusphinx/cmudict	cmudict:formal-zero-shared-phone	dab	wuss										3.048304679574555	3.2701534291909113	3.1592290543827333	3	3		1	1																																	
CAND_SOUND_002290	Sound	unrelated	0		plus	candidate_pending_human_review			cmusphinx/cmudict	cmudict:formal-zero-shared-phone	germ	plane										3.098609797885951	4.980137103526882	4.0393734507064165	3	4		1	1																																	
CAND_SOUND_002291	Sound	unrelated	0		plus	candidate_pending_human_review			cmusphinx/cmudict	cmudict:formal-zero-shared-phone	babe	swank										4.551067106626141	2.6726410656136697	3.611854086119905	3	5		1	1																																	
CAND_SOUND_002292	Sound	unrelated	0		plus	candidate_pending_human_review			cmusphinx/cmudict	cmudict:formal-zero-shared-phone	fate	wuss										4.430732522068345	3.2701534291909113	3.850442975629628	3	3		1	1																																	
CAND_SOUND_002293	Sound	unrelated	0		plus	candidate_pending_human_review			cmusphinx/cmudict	cmudict:formal-zero-shared-phone	rays	sash										3.6368220975871743	3.055857817465001	3.3463399575260877	3	3		1	1																																	
CAND_SOUND_002294	Sound	unrelated	0		plus	candidate_pending_human_review			cmusphinx/cmudict	cmudict:formal-zero-shared-phone	adds	cur										3.595625881322553	2.7837915177363364	3.1897086995294446	3	2		1	1																																	
CAND_SOUND_002295	Sound	unrelated	0		plus	candidate_pending_human_review			cmusphinx/cmudict	cmudict:formal-zero-shared-phone	both	shave										5.470312467167388	4.138766936031869	4.804539701599628	3	3		1	1																																	
CAND_SOUND_002296	Sound	unrelated	0		plus	candidate_pending_human_review			cmusphinx/cmudict	cmudict:formal-zero-shared-phone	bakes	own										2.723793588061051	5.661998170498611	4.192895879279831	4	2		1	1																																	
CAND_SOUND_002297	Sound	unrelated	0		plus	candidate_pending_human_review			cmusphinx/cmudict	cmudict:formal-zero-shared-phone	both	gout										5.470312467167388	3.1436881726211388	4.3070003198942635	3	3		1	1																																	
CAND_SOUND_002298	Sound	unrelated	0		plus	candidate_pending_human_review			cmusphinx/cmudict	cmudict:formal-zero-shared-phone	both	stormed										5.470312467167388	3.055857817465001	4.263085142316195	3	6		1	1																																	
CAND_SOUND_002299	Sound	unrelated	0		plus	candidate_pending_human_review			cmusphinx/cmudict	cmudict:formal-zero-shared-phone	jab	swells										3.5254259342942174	3.0777596589128304	3.301592796603524	3	5		1	1																																	
CAND_SOUND_002300	Sound	unrelated	0		plus	candidate_pending_human_review			cmusphinx/cmudict	cmudict:formal-zero-shared-phone	nursed	ward										2.982625903930577	4.153964234761101	3.5682950693458393	4	4		1	1																																	
CAND_SOUND_002301	Sound	unrelated	0		plus	candidate_pending_human_review			cmusphinx/cmudict	cmudict:formal-zero-shared-phone	kits	na										3.016705693502853	3.6955503450778817	3.3561280192903675	4	2		1	1																																	
CAND_SOUND_002302	Sound	unrelated	0		plus	candidate_pending_human_review			cmusphinx/cmudict	cmudict:formal-zero-shared-phone	groups	own										3.96545073103096	5.661998170498611	4.813724450764786	5	2		1	1																																	
CAND_SOUND_002303	Sound	unrelated	0		plus	candidate_pending_human_review			cmusphinx/cmudict	cmudict:formal-zero-shared-phone	adds	snuff										3.595625881322553	3.3010299956639813	3.448327938493267	3	4		1	1																																	
CAND_SOUND_002304	Sound	unrelated	0		plus	candidate_pending_human_review			cmusphinx/cmudict	cmudict:formal-zero-shared-phone	smack	tones										3.9781715625043272	3.2924298239020637	3.6353006932031953	4	4		1	1																																	
CAND_SOUND_002305	Sound	unrelated	0		plus	candidate_pending_human_review			cmusphinx/cmudict	cmudict:formal-zero-shared-phone	drip	wuss										3.7090703312403446	3.2701534291909113	3.489611880215628	4	3		1	1																																	
CAND_SOUND_002306	Sound	unrelated	0		plus	candidate_pending_human_review			cmusphinx/cmudict	cmudict:formal-zero-shared-phone	both	perched										5.470312467167388	2.769551078621726	4.119931772894557	3	4		1	1																																	
CAND_SOUND_002307	Sound	unrelated	0		plus	candidate_pending_human_review			cmusphinx/cmudict	cmudict:formal-zero-shared-phone	dreams	heist										4.808965197797863	3.4965498065579883	4.152757502177925	5	4		1	1																																	
CAND_SOUND_002308	Sound	unrelated	0		plus	candidate_pending_human_review			cmusphinx/cmudict	cmudict:formal-zero-shared-phone	na	vexed										3.6955503450778817	2.6726410656136697	3.1840957053457757	2	5		1	1																																	
CAND_SOUND_002309	Sound	unrelated	0		plus	candidate_pending_human_review			cmusphinx/cmudict	cmudict:formal-zero-shared-phone	beep	own										3.8135679076061	5.661998170498611	4.737783039052355	3	2		1	1																																	
CAND_SOUND_002310	Sound	unrelated	0		plus	candidate_pending_human_review			cmusphinx/cmudict	cmudict:formal-zero-shared-phone	bro	germ										4.3962335448580205	3.098609797885951	3.7474216713719857	3	3		1	1																																	
CAND_SOUND_002311	Sound	unrelated	0		plus	candidate_pending_human_review			cmusphinx/cmudict	cmudict:formal-zero-shared-phone	frame	tones										4.149158714284946	3.2924298239020637	3.7207942690935045	4	4		1	1																																	
CAND_SOUND_002312	Sound	unrelated	0		plus	candidate_pending_human_review			cmusphinx/cmudict	cmudict:formal-zero-shared-phone	carve	germ										3.4910869108564864	3.098609797885951	3.2948483543712186	4	3		1	1																																	
CAND_SOUND_002313	Sound	unrelated	0		plus	candidate_pending_human_review			cmusphinx/cmudict	cmudict:formal-zero-shared-phone	eased	nine										2.7074031718728815	4.829114496522994	3.7682588341979377	3	3		1	1																																	
CAND_SOUND_002314	Sound	unrelated	0		plus	candidate_pending_human_review			cmusphinx/cmudict	cmudict:formal-zero-shared-phone	nine	ref										4.829114496522994	3.4030195342013125	4.1160670153621535	3	3		1	1																																	
CAND_SOUND_002315	Sound	unrelated	0		plus	candidate_pending_human_review			cmusphinx/cmudict	cmudict:formal-zero-shared-phone	lurks	shores										2.769551078621726	3.3010299956639813	3.0352905371428536	4	4		1	1																																	
CAND_SOUND_002316	Sound	unrelated	0		plus	candidate_pending_human_review			cmusphinx/cmudict	cmudict:formal-zero-shared-phone	mall	nursed										4.276506857804894	2.982625903930577	3.6295663808677356	3	4		1	1																																	
CAND_SOUND_002317	Sound	unrelated	0		plus	candidate_pending_human_review			cmusphinx/cmudict	cmudict:formal-zero-shared-phone	germ	plop										3.098609797885951	2.9258982794816504	3.0122540386838006	3	4		1	1																																	
CAND_SOUND_002318	Sound	unrelated	0		plus	candidate_pending_human_review			cmusphinx/cmudict	cmudict:formal-zero-shared-phone	tones	wok										3.2924298239020637	2.872213420518874	3.082321622210469	4	3		1	1																																	
CAND_SOUND_002319	Sound	unrelated	0		plus	candidate_pending_human_review			cmusphinx/cmudict	cmudict:formal-zero-shared-phone	ho	swells										4.623046491196502	3.0777596589128304	3.850403075054666	2	5		1	1																																	
CAND_SOUND_002320	Sound	unrelated	0		plus	candidate_pending_human_review			cmusphinx/cmudict	cmudict:formal-zero-shared-phone	breathes	sash										3.2655576775017625	3.055857817465001	3.160707747483382	5	3		1	1																																	
CAND_SOUND_002321	Sound	unrelated	0		plus	candidate_pending_human_review			cmusphinx/cmudict	cmudict:formal-zero-shared-phone	few	tons										5.479753093277111	3.973671061277651	4.726712077277381	3	4		1	1																																	
CAND_SOUND_002322	Sound	unrelated	0		plus	candidate_pending_human_review			cmusphinx/cmudict	cmudict:formal-zero-shared-phone	cops	nine										4.924887116086788	4.829114496522994	4.877000806304891	4	3		1	1																																	
CAND_SOUND_002323	Sound	unrelated	0		plus	candidate_pending_human_review			cmusphinx/cmudict	cmudict:formal-zero-shared-phone	rays	swank										3.6368220975871743	2.6726410656136697	3.154731581600422	3	5		1	1																																	
CAND_SOUND_002324	Sound	unrelated	0		plus	candidate_pending_human_review			cmusphinx/cmudict	cmudict:formal-zero-shared-phone	germ	pig										3.098609797885951	4.592590360853416	3.8456000793696834	3	3		1	1																																	
CAND_SOUND_002325	Sound	unrelated	0		plus	candidate_pending_human_review			cmusphinx/cmudict	cmudict:formal-zero-shared-phone	messed	nine										4.223378855069587	4.829114496522994	4.5262466757962905	4	3		1	1																																	
CAND_SOUND_002326	Sound	unrelated	0		plus	candidate_pending_human_review			cmusphinx/cmudict	cmudict:formal-zero-shared-phone	botched	shanks										3.055857817465001	2.769551078621726	2.9127044480433635	4	5		1	1																																	
CAND_SOUND_002327	Sound	unrelated	0		plus	candidate_pending_human_review			cmusphinx/cmudict	cmudict:formal-zero-shared-phone	both	daze										5.470312467167388	2.7395878552442827	4.104950161205835	3	3		1	1																																	
CAND_SOUND_002328	Sound	unrelated	0		plus	candidate_pending_human_review			cmusphinx/cmudict	cmudict:formal-zero-shared-phone	clove	na										2.7074031718728815	3.6955503450778817	3.2014767584753816	4	2		1	1																																	
CAND_SOUND_002329	Sound	unrelated	0		plus	candidate_pending_human_review			cmusphinx/cmudict	cmudict:formal-zero-shared-phone	both	crop										5.470312467167388	3.68688150472828	4.578596985947835	3	4		1	1																																	
CAND_SOUND_002330	Sound	unrelated	0		plus	candidate_pending_human_review			cmusphinx/cmudict	cmudict:formal-zero-shared-phone	seal	wont										4.168647664493706	3.2009148427807133	3.68478125363721	3	4		1	1																																	
CAND_SOUND_002331	Sound	unrelated	0		plus	candidate_pending_human_review			cmusphinx/cmudict	cmudict:formal-zero-shared-phone	heist	keep										3.4965498065579883	5.846870524356412	4.6717101654572	4	3		1	1																																	
CAND_SOUND_002332	Sound	unrelated	0		plus	candidate_pending_human_review			cmusphinx/cmudict	cmudict:formal-zero-shared-phone	gags	heist										3.055857817465001	3.4965498065579883	3.2762038120114947	4	4		1	1																																	
CAND_SOUND_002333	Sound	unrelated	0		plus	candidate_pending_human_review			cmusphinx/cmudict	cmudict:formal-zero-shared-phone	jot	sash										2.8606315479690587	3.055857817465001	2.95824468271703	3	3		1	1																																	
CAND_SOUND_002334	Sound	unrelated	0		plus	candidate_pending_human_review			cmusphinx/cmudict	cmudict:formal-zero-shared-phone	nine	rigs										4.829114496522994	2.723793588061051	3.7764540422920225	3	4		1	1																																	
CAND_SOUND_002335	Sound	unrelated	0		plus	candidate_pending_human_review			cmusphinx/cmudict	cmudict:formal-zero-shared-phone	both	props										5.470312467167388	3.4742734118468364	4.4722929395071125	3	5		1	1																																	
CAND_SOUND_002336	Sound	unrelated	0		plus	candidate_pending_human_review			cmusphinx/cmudict	cmudict:formal-zero-shared-phone	bloke	na										3.6690067809585756	3.6955503450778817	3.6822785630182286	4	2		1	1																																	
CAND_SOUND_002337	Sound	unrelated	0		plus	candidate_pending_human_review			cmusphinx/cmudict	cmudict:formal-zero-shared-phone	na	see										3.6955503450778817	6.407684101318111	5.051617223197996	2	2		1	1																																	
CAND_SOUND_002338	Sound	unrelated	0		plus	candidate_pending_human_review			cmusphinx/cmudict	cmudict:formal-zero-shared-phone	pimp	seal										3.935882500388251	4.168647664493706	4.052265082440979	4	3		1	1																																	
CAND_SOUND_002339	Sound	unrelated	0		plus	candidate_pending_human_review			cmusphinx/cmudict	cmudict:formal-zero-shared-phone	both	purged										5.470312467167388	2.723793588061051	4.097053027614219	3	4		1	1																																	
CAND_SOUND_002340	Sound	unrelated	0		plus	candidate_pending_human_review			cmusphinx/cmudict	cmudict:formal-zero-shared-phone	bind	wuss										3.5254259342942174	3.2701534291909113	3.397789681742564	4	3		1	1																																	
CAND_SOUND_002341	Sound	unrelated	0		plus	candidate_pending_human_review			cmusphinx/cmudict	cmudict:formal-zero-shared-phone	nursed	shared										2.982625903930577	4.01997108093062	3.5012984924305988	4	4		1	1																																	
CAND_SOUND_002342	Sound	unrelated	0		plus	candidate_pending_human_review			cmusphinx/cmudict	cmudict:formal-zero-shared-phone	nine	stools										4.829114496522994	2.8239087409443187	3.8265116187336563	3	5		1	1																																	
CAND_SOUND_002343	Sound	unrelated	0		plus	candidate_pending_human_review			cmusphinx/cmudict	cmudict:formal-zero-shared-phone	looks	own										5.493444382115436	5.661998170498611	5.577721276307024	4	2		1	1																																	
CAND_SOUND_002344	Sound	unrelated	0		plus	candidate_pending_human_review			cmusphinx/cmudict	cmudict:formal-zero-shared-phone	plumb	sash										3.226928275145631	3.055857817465001	3.141393046305316	4	3		1	1																																	
CAND_SOUND_002345	Sound	unrelated	0		plus	candidate_pending_human_review			cmusphinx/cmudict	cmudict:formal-zero-shared-phone	na	tank										3.6955503450778817	4.408373000841118	4.0519616729595	2	4		1	1																																	
CAND_SOUND_002346	Sound	unrelated	0		plus	candidate_pending_human_review			cmusphinx/cmudict	cmudict:formal-zero-shared-phone	ditched	germ										3.364311831208189	3.098609797885951	3.23146081454707	4	3		1	1																																	
CAND_SOUND_002347	Sound	unrelated	0		plus	candidate_pending_human_review			cmusphinx/cmudict	cmudict:formal-zero-shared-phone	bash	heist										3.515146295049647	3.4965498065579883	3.5058480508038175	3	4		1	1																																	
CAND_SOUND_002348	Sound	unrelated	0		plus	candidate_pending_human_review			cmusphinx/cmudict	cmudict:formal-zero-shared-phone	pup	swank										3.5072736719497617	2.6726410656136697	3.0899573687817155	3	5		1	1																																	
CAND_SOUND_002349	Sound	unrelated	0		plus	candidate_pending_human_review			cmusphinx/cmudict	cmudict:formal-zero-shared-phone	shores	smooth										3.3010299956639813	4.261845736256045	3.781437865960013	4	4		1	1																																	
CAND_SOUND_002350	Sound	unrelated	0		plus	candidate_pending_human_review			cmusphinx/cmudict	cmudict:formal-zero-shared-phone	cards	mole										4.681418609026778	3.9062716457781326	4.293845127402456	5	3		1	1																																	
CAND_SOUND_002351	Sound	unrelated	0		plus	candidate_pending_human_review			cmusphinx/cmudict	cmudict:formal-zero-shared-phone	botched	rim										3.055857817465001	3.38933983691012	3.2225988271875607	4	3		1	1																																	
CAND_SOUND_002352	Sound	unrelated	0		plus	candidate_pending_human_review			cmusphinx/cmudict	cmudict:formal-zero-shared-phone	bashed	wuss										3.055857817465001	3.2701534291909113	3.1630056233279564	4	3		1	1																																	
CAND_SOUND_002353	Sound	unrelated	0		plus	candidate_pending_human_review			cmusphinx/cmudict	cmudict:formal-zero-shared-phone	cart	sash										3.9561307492917117	3.055857817465001	3.5059942833783566	4	3		1	1																																	
CAND_SOUND_002354	Sound	unrelated	0		plus	candidate_pending_human_review			cmusphinx/cmudict	cmudict:formal-zero-shared-phone	hatch	nursed										4.108007572226331	2.982625903930577	3.545316738078454	3	4		1	1																																	
CAND_SOUND_002355	Sound	unrelated	0		plus	candidate_pending_human_review			cmusphinx/cmudict	cmudict:formal-zero-shared-phone	mink	nursed										3.568891628075308	2.982625903930577	3.2757587660029426	4	4		1	1																																	
CAND_SOUND_002356	Sound	unrelated	0		plus	candidate_pending_human_review			cmusphinx/cmudict	cmudict:formal-zero-shared-phone	lung	tones										3.915679114299964	3.2924298239020637	3.6040544691010137	3	4		1	1																																	
CAND_SOUND_002357	Sound	unrelated	0		plus	candidate_pending_human_review			cmusphinx/cmudict	cmudict:formal-zero-shared-phone	by	flux										6.127257289406368	3.016705693502853	4.57198149145461	2	5		1	1																																	
CAND_SOUND_002358	Sound	unrelated	0		plus	candidate_pending_human_review			cmusphinx/cmudict	cmudict:formal-zero-shared-phone	ake	own										2.8606315479690587	5.661998170498611	4.261314859233835	2	2		1	1																																	
CAND_SOUND_002359	Sound	unrelated	0		plus	candidate_pending_human_review			cmusphinx/cmudict	cmudict:formal-zero-shared-phone	dined	germ										2.9456423376774072	3.098609797885951	3.022126067781679	4	3		1	1																																	
CAND_SOUND_002360	Sound	unrelated	0		plus	candidate_pending_human_review			cmusphinx/cmudict	cmudict:formal-zero-shared-phone	dolled	nursed										2.723793588061051	2.982625903930577	2.853209745995814	4	4		1	1																																	
CAND_SOUND_002361	Sound	unrelated	0		plus	candidate_pending_human_review			cmusphinx/cmudict	cmudict:formal-zero-shared-phone	botched	skip										3.055857817465001	4.324242095232434	3.6900499563487177	4	4		1	1																																	
CAND_SOUND_002362	Sound	unrelated	0		plus	candidate_pending_human_review			cmusphinx/cmudict	cmudict:formal-zero-shared-phone	germ	thefts										3.098609797885951	2.7395878552442827	2.9190988265651168	3	5		1	1																																	
CAND_SOUND_002363	Sound	unrelated	0		plus	candidate_pending_human_review			cmusphinx/cmudict	cmudict:formal-zero-shared-phone	deaths	germ										3.885715890922521	3.098609797885951	3.492162844404236	4	3		1	1																																	
CAND_SOUND_002364	Sound	unrelated	0		plus	candidate_pending_human_review			cmusphinx/cmudict	cmudict:formal-zero-shared-phone	nine	oat										4.829114496522994	2.723793588061051	3.7764540422920225	3	2		1	1																																	
CAND_SOUND_002365	Sound	unrelated	0		plus	candidate_pending_human_review			cmusphinx/cmudict	cmudict:formal-zero-shared-phone	na	tease										3.6955503450778817	3.75482782180102	3.7251890834394508	2	3		1	1																																	
CAND_SOUND_002366	Sound	unrelated	0		plus	candidate_pending_human_review			cmusphinx/cmudict	cmudict:formal-zero-shared-phone	cards	seal										4.681418609026778	4.168647664493706	4.425033136760242	5	3		1	1																																	
CAND_SOUND_002367	Sound	unrelated	0		plus	candidate_pending_human_review			cmusphinx/cmudict	cmudict:formal-zero-shared-phone	botched	mouse										3.055857817465001	4.2814344396006	3.6686461285328007	4	3		1	1																																	
CAND_SOUND_002368	Sound	unrelated	0		plus	candidate_pending_human_review			cmusphinx/cmudict	cmudict:formal-zero-shared-phone	na	sheep										3.6955503450778817	4.12812039539449	3.9118353702361857	2	3		1	1																																	
CAND_SOUND_002369	Sound	unrelated	0		plus	candidate_pending_human_review			cmusphinx/cmudict	cmudict:formal-zero-shared-phone	paved	tones										2.9456423376774072	3.2924298239020637	3.1190360807897353	4	4		1	1																																	
CAND_SOUND_002370	Sound	unrelated	0		plus	candidate_pending_human_review			cmusphinx/cmudict	cmudict:formal-zero-shared-phone	adds	pups										3.595625881322553	2.9551876555836376	3.275406768453095	3	4		1	1																																	
CAND_SOUND_002371	Sound	unrelated	0		plus	candidate_pending_human_review			cmusphinx/cmudict	cmudict:formal-zero-shared-phone	nine	tipped										4.829114496522994	3.679819650240793	4.2544670733818934	3	4		1	1																																	
CAND_SOUND_002372	Sound	unrelated	0		plus	candidate_pending_human_review			cmusphinx/cmudict	cmudict:formal-zero-shared-phone	beds	nursed										3.932911260872485	2.982625903930577	3.457768582401531	4	4		1	1																																	
CAND_SOUND_002373	Sound	unrelated	0		plus	candidate_pending_human_review			cmusphinx/cmudict	cmudict:formal-zero-shared-phone	putt	seal										3.055857817465001	4.168647664493706	3.6122527409793537	3	3		1	1																																	
CAND_SOUND_002374	Sound	unrelated	0		plus	candidate_pending_human_review			cmusphinx/cmudict	cmudict:formal-zero-shared-phone	aide	seal										3.3052670486072357	4.168647664493706	3.7369573565504712	2	3		1	1																																	
CAND_SOUND_002375	Sound	unrelated	0		plus	candidate_pending_human_review			cmusphinx/cmudict	cmudict:formal-zero-shared-phone	rub	seal										4.188956041391619	4.168647664493706	4.178801852942662	3	3		1	1																																	
CAND_SOUND_002376	Sound	unrelated	0		plus	candidate_pending_human_review			cmusphinx/cmudict	cmudict:formal-zero-shared-phone	adds	stock										3.595625881322553	4.4063731762089	4.0009995287657265	3	4		1	1																																	
CAND_SOUND_002377	Sound	unrelated	0		plus	candidate_pending_human_review			cmusphinx/cmudict	cmudict:formal-zero-shared-phone	botched	shakes										3.055857817465001	3.693830364683608	3.3748440910743045	4	4		1	1																																	
CAND_SOUND_002378	Sound	unrelated	0		plus	candidate_pending_human_review			cmusphinx/cmudict	cmudict:formal-zero-shared-phone	niche	swells										2.9645276818377813	3.0777596589128304	3.021143670375306	3	5		1	1																																	
CAND_SOUND_002379	Sound	unrelated	0		plus	candidate_pending_human_review			cmusphinx/cmudict	cmudict:formal-zero-shared-phone	genes	sash										3.4597471586502397	3.055857817465001	3.2578024880576204	4	3		1	1																																	
CAND_SOUND_002380	Sound	unrelated	0		plus	candidate_pending_human_review			cmusphinx/cmudict	cmudict:formal-zero-shared-phone	fraud	nine										4.001699784877895	4.829114496522994	4.415407140700444	4	3		1	1																																	
CAND_SOUND_002381	Sound	unrelated	0		plus	candidate_pending_human_review			cmusphinx/cmudict	cmudict:formal-zero-shared-phone	clasp	own										3.0084331675368627	5.661998170498611	4.335215669017737	5	2		1	1																																	
CAND_SOUND_002382	Sound	unrelated	0		plus	candidate_pending_human_review			cmusphinx/cmudict	cmudict:formal-zero-shared-phone	both	grazed										5.470312467167388	2.9551876555836376	4.2127500613755124	3	5		1	1																																	
CAND_SOUND_002383	Sound	unrelated	0		plus	candidate_pending_human_review			cmusphinx/cmudict	cmudict:formal-zero-shared-phone	beef	cards										4.2945958856585715	4.681418609026778	4.488007247342675	3	5		1	1																																	
CAND_SOUND_002384	Sound	unrelated	0		plus	candidate_pending_human_review			cmusphinx/cmudict	cmudict:formal-zero-shared-phone	gym	swells										4.2595095580465605	3.0777596589128304	3.6686346084796955	3	5		1	1																																	
CAND_SOUND_002385	Sound	unrelated	0		plus	candidate_pending_human_review			cmusphinx/cmudict	cmudict:formal-zero-shared-phone	may	nine										5.708737410961946	4.829114496522994	5.26892595374247	2	3		1	1																																	
CAND_SOUND_002386	Sound	unrelated	0		plus	candidate_pending_human_review			cmusphinx/cmudict	cmudict:formal-zero-shared-phone	own	wolf										5.661998170498611	4.306950362659987	4.9844742665793	2	4		1	1																																	
CAND_SOUND_002387	Sound	unrelated	0		plus	candidate_pending_human_review			cmusphinx/cmudict	cmudict:formal-zero-shared-phone	mid	sash										3.098609797885951	3.055857817465001	3.077233807675476	3	3		1	1																																	
CAND_SOUND_002388	Sound	unrelated	0		plus	candidate_pending_human_review			cmusphinx/cmudict	cmudict:formal-zero-shared-phone	gangs	nine										3.6368220975871743	4.829114496522994	4.232968297055084	4	3		1	1																																	
CAND_SOUND_002389	Sound	unrelated	0		plus	candidate_pending_human_review			cmusphinx/cmudict	cmudict:formal-zero-shared-phone	na	pate										3.6955503450778817	2.8109437637799513	3.2532470544289165	2	3		1	1																																	
CAND_SOUND_002390	Sound	unrelated	0		plus	candidate_pending_human_review			cmusphinx/cmudict	cmudict:formal-zero-shared-phone	pep	sash										3.542849826210958	3.055857817465001	3.2993538218379794	3	3		1	1																																	
CAND_SOUND_002391	Sound	unrelated	0		plus	candidate_pending_human_review			cmusphinx/cmudict	cmudict:formal-zero-shared-phone	jammed	seal										3.8618037335171094	4.168647664493706	4.015225699005407	4	3		1	1																																	
CAND_SOUND_002392	Sound	unrelated	0		plus	candidate_pending_human_review			cmusphinx/cmudict	cmudict:formal-zero-shared-phone	both	pays										5.470312467167388	4.146735865703144	4.808524166435266	3	3		1	1																																	
CAND_SOUND_002393	Sound	unrelated	0		plus	candidate_pending_human_review			cmusphinx/cmudict	cmudict:formal-zero-shared-phone	dubbed	heist										2.7074031718728815	3.4965498065579883	3.101976489215435	4	4		1	1																																	
CAND_SOUND_002394	Sound	unrelated	0		plus	candidate_pending_human_review			cmusphinx/cmudict	cmudict:formal-zero-shared-phone	cheap	flux										4.559131790786152	3.016705693502853	3.7879187421445026	3	5		1	1																																	
CAND_SOUND_002395	Sound	unrelated	0		plus	candidate_pending_human_review			cmusphinx/cmudict	cmudict:formal-zero-shared-phone	things	wuss										5.8406595004041755	3.2701534291909113	4.555406464797543	4	3		1	1																																	
CAND_SOUND_002396	Sound	unrelated	0		plus	candidate_pending_human_review			cmusphinx/cmudict	cmudict:formal-zero-shared-phone	own	seals										5.661998170498611	3.4354446241561587	4.548721397327385	2	4		1	1																																	
CAND_SOUND_002397	Sound	unrelated	0		plus	candidate_pending_human_review			cmusphinx/cmudict	cmudict:formal-zero-shared-phone	both	plea										5.470312467167388	3.8352552508612434	4.652783859014316	3	3		1	1																																	
CAND_SOUND_002398	Sound	unrelated	0		plus	candidate_pending_human_review			cmusphinx/cmudict	cmudict:formal-zero-shared-phone	shores	wuss										3.3010299956639813	3.2701534291909113	3.285591712427446	4	3		1	1																																	
CAND_SOUND_002399	Sound	unrelated	0		plus	candidate_pending_human_review			cmusphinx/cmudict	cmudict:formal-zero-shared-phone	bran	germ										3.11850462660289	3.098609797885951	3.1085572122444205	4	3		1	1																																	
CAND_SOUND_002400	Sound	unrelated	0		plus	candidate_pending_human_review			cmusphinx/cmudict	cmudict:formal-zero-shared-phone	both	put										5.470312467167388	5.918266816225465	5.694289641696427	3	3		1	1																																	
CAND_SOUND_002401	Sound	unrelated	0		plus	candidate_pending_human_review			cmusphinx/cmudict	cmudict:formal-zero-shared-phone	foil	shores										3.0848215134003176	3.3010299956639813	3.1929257545321494	3	4		1	1																																	
CAND_SOUND_002402	Sound	unrelated	0		plus	candidate_pending_human_review			cmusphinx/cmudict	cmudict:formal-zero-shared-phone	dope	heist										4.20624367628578	3.4965498065579883	3.851396741421884	3	4		1	1																																	
CAND_SOUND_002403	Sound	unrelated	0		plus	candidate_pending_human_review			cmusphinx/cmudict	cmudict:formal-zero-shared-phone	fraud	own										4.001699784877895	5.661998170498611	4.831848977688253	4	2		1	1																																	
CAND_SOUND_002404	Sound	unrelated	0		plus	candidate_pending_human_review			cmusphinx/cmudict	cmudict:formal-zero-shared-phone	hit	swank										5.439332693830263	2.6726410656136697	4.055986879721966	3	5		1	1																																	
CAND_SOUND_002405	Sound	unrelated	0		plus	candidate_pending_human_review			cmusphinx/cmudict	cmudict:formal-zero-shared-phone	adds	thrown										3.595625881322553	4.312376505580906	3.954001193451729	3	4		1	1																																	
CAND_SOUND_002406	Sound	unrelated	0		plus	candidate_pending_human_review			cmusphinx/cmudict	cmudict:formal-zero-shared-phone	framed	tones										3.7457481639491013	3.2924298239020637	3.5190889939255827	5	4		1	1																																	
CAND_SOUND_002407	Sound	unrelated	0		plus	candidate_pending_human_review			cmusphinx/cmudict	cmudict:formal-zero-shared-phone	adds	tucks										3.595625881322553	2.6726410656136697	3.134133473468111	3	4		1	1																																	
CAND_SOUND_002408	Sound	unrelated	0		plus	candidate_pending_human_review			cmusphinx/cmudict	cmudict:formal-zero-shared-phone	nine	pale										4.829114496522994	3.904153131909405	4.3666338142162	3	3		1	1																																	
CAND_SOUND_002409	Sound	unrelated	0		plus	candidate_pending_human_review			cmusphinx/cmudict	cmudict:formal-zero-shared-phone	lobes	na										2.7837915177363364	3.6955503450778817	3.239670931407109	4	2		1	1																																	
CAND_SOUND_002410	Sound	unrelated	0		plus	candidate_pending_human_review			cmusphinx/cmudict	cmudict:formal-zero-shared-phone	sash	wiles										3.055857817465001	3.0084331675368627	3.032145492500932	3	4		1	1																																	
CAND_SOUND_002411	Sound	unrelated	0		plus	candidate_pending_human_review			cmusphinx/cmudict	cmudict:formal-zero-shared-phone	heist	wall										3.4965498065579883	4.849335092957512	4.17294244975775	4	3		1	1																																	
CAND_SOUND_002412	Sound	unrelated	0		plus	candidate_pending_human_review			cmusphinx/cmudict	cmudict:formal-zero-shared-phone	drill	nine										4.138147841868722	4.829114496522994	4.483631169195858	4	3		1	1																																	
CAND_SOUND_002413	Sound	unrelated	0		plus	candidate_pending_human_review			cmusphinx/cmudict	cmudict:formal-zero-shared-phone	botched	falls										3.055857817465001	4.40670712046365	3.7312824689643254	4	4		1	1																																	
CAND_SOUND_002414	Sound	unrelated	0		plus	candidate_pending_human_review			cmusphinx/cmudict	cmudict:formal-zero-shared-phone	tones	work										3.2924298239020637	5.902013562370102	4.597221693136083	4	3		1	1																																	
CAND_SOUND_002415	Sound	unrelated	0		plus	candidate_pending_human_review			cmusphinx/cmudict	cmudict:formal-zero-shared-phone	flux	they										3.016705693502853	6.613095290567362	4.8149004920351075	5	2		1	1																																	
CAND_SOUND_002416	Sound	unrelated	0		plus	candidate_pending_human_review			cmusphinx/cmudict	cmudict:formal-zero-shared-phone	swank	toes										2.6726410656136697	4.0972505026232255	3.3849457841184476	5	3		1	1																																	
CAND_SOUND_002417	Sound	unrelated	0		plus	candidate_pending_human_review			cmusphinx/cmudict	cmudict:formal-zero-shared-phone	nine	scam										4.829114496522994	3.787974161448512	4.308544328985753	3	4		1	1																																	
CAND_SOUND_002418	Sound	unrelated	0		plus	candidate_pending_human_review			cmusphinx/cmudict	cmudict:formal-zero-shared-phone	seal	throws										4.168647664493706	3.8767610482695947	4.0227043563816505	3	4		1	1																																	
CAND_SOUND_002419	Sound	unrelated	0		plus	candidate_pending_human_review			cmusphinx/cmudict	cmudict:formal-zero-shared-phone	heist	real										3.4965498065579883	5.64621145843088	4.571380632494434	4	3		1	1																																	
CAND_SOUND_002420	Sound	unrelated	0		plus	candidate_pending_human_review			cmusphinx/cmudict	cmudict:formal-zero-shared-phone	borne	swells										3.0084331675368627	3.0777596589128304	3.0430964132248466	4	5		1	1																																	
CAND_SOUND_002421	Sound	unrelated	0		plus	candidate_pending_human_review			cmusphinx/cmudict	cmudict:formal-zero-shared-phone	flux	paw										3.016705693502853	3.493826948222515	3.2552663208626837	5	2		1	1																																	
CAND_SOUND_002422	Sound	unrelated	0		plus	candidate_pending_human_review			cmusphinx/cmudict	cmudict:formal-zero-shared-phone	grim	nine										3.679819650240793	4.829114496522994	4.2544670733818934	4	3		1	1																																	
CAND_SOUND_002423	Sound	unrelated	0		plus	candidate_pending_human_review			cmusphinx/cmudict	cmudict:formal-zero-shared-phone	germ	pips										3.098609797885951	3.040617850908264	3.0696138243971074	3	4		1	1																																	
CAND_SOUND_002424	Sound	unrelated	0		plus	candidate_pending_human_review			cmusphinx/cmudict	cmudict:formal-zero-shared-phone	barf	seal										3.2924298239020637	4.168647664493706	3.730538744197885	4	3		1	1																																	
CAND_SOUND_002425	Sound	unrelated	0		plus	candidate_pending_human_review			cmusphinx/cmudict	cmudict:formal-zero-shared-phone	earns	swank										2.982625903930577	2.6726410656136697	2.8276334847721234	3	5		1	1																																	
CAND_SOUND_002426	Sound	unrelated	0		plus	candidate_pending_human_review			cmusphinx/cmudict	cmudict:formal-zero-shared-phone	own	tubes										5.661998170498611	3.8200597247734023	4.741028947636007	2	4		1	1																																	
CAND_SOUND_002427	Sound	unrelated	0		plus	candidate_pending_human_review			cmusphinx/cmudict	cmudict:formal-zero-shared-phone	matched	own										3.604183684957818	5.661998170498611	4.633090927728214	4	2		1	1																																	
CAND_SOUND_002428	Sound	unrelated	0		plus	candidate_pending_human_review			cmusphinx/cmudict	cmudict:formal-zero-shared-phone	nine	smut										4.829114496522994	3.1375278639163207	3.983321180219657	3	4		1	1																																	
CAND_SOUND_002429	Sound	unrelated	0		plus	candidate_pending_human_review			cmusphinx/cmudict	cmudict:formal-zero-shared-phone	germ	got										3.098609797885951	6.519367239335374	4.808988518610662	3	3		1	1																																	
CAND_SOUND_002430	Sound	unrelated	0		plus	candidate_pending_human_review			cmusphinx/cmudict	cmudict:formal-zero-shared-phone	mint	seal										3.7349095929665124	4.168647664493706	3.9517786287301093	4	3		1	1																																	
CAND_SOUND_002431	Sound	unrelated	0		plus	candidate_pending_human_review			cmusphinx/cmudict	cmudict:formal-zero-shared-phone	own	pas										5.661998170498611	3.3679767852945943	4.514987477896603	2	3		1	1																																	
CAND_SOUND_002432	Sound	unrelated	0		plus	candidate_pending_human_review			cmusphinx/cmudict	cmudict:formal-zero-shared-phone	peek	wuss										3.7269987279362624	3.2701534291909113	3.4985760785635867	3	3		1	1																																	
CAND_SOUND_002433	Sound	unrelated	0		plus	candidate_pending_human_review			cmusphinx/cmudict	cmudict:formal-zero-shared-phone	flux	nip										3.016705693502853	3.50991376811597	3.2633097308094117	5	3		1	1																																	
CAND_SOUND_002434	Sound	unrelated	0		plus	candidate_pending_human_review			cmusphinx/cmudict	cmudict:formal-zero-shared-phone	cards	mint										4.681418609026778	3.7349095929665124	4.208164100996646	5	4		1	1																																	
CAND_SOUND_002435	Sound	unrelated	0		plus	candidate_pending_human_review			cmusphinx/cmudict	cmudict:formal-zero-shared-phone	dirt	flux										4.409701119557828	3.016705693502853	3.71320340653034	3	5		1	1																																	
CAND_SOUND_002436	Sound	unrelated	0		plus	candidate_pending_human_review			cmusphinx/cmudict	cmudict:formal-zero-shared-phone	pile	sash										4.119799096955889	3.055857817465001	3.587828457210445	3	3		1	1																																	
CAND_SOUND_002437	Sound	unrelated	0		plus	candidate_pending_human_review			cmusphinx/cmudict	cmudict:formal-zero-shared-phone	both	tile										5.470312467167388	3.325853579389013	4.3980830232782	3	3		1	1																																	
CAND_SOUND_002438	Sound	unrelated	0		plus	candidate_pending_human_review			cmusphinx/cmudict	cmudict:formal-zero-shared-phone	own	slum										5.661998170498611	3.105343180544919	4.383670675521765	2	4		1	1																																	
CAND_SOUND_002439	Sound	unrelated	0		plus	candidate_pending_human_review			cmusphinx/cmudict	cmudict:formal-zero-shared-phone	par	sash										3.6955503450778817	3.055857817465001	3.3757040812714414	3	3		1	1																																	
CAND_SOUND_002440	Sound	unrelated	0		plus	candidate_pending_human_review			cmusphinx/cmudict	cmudict:formal-zero-shared-phone	mea	swank										2.848732324669351	2.6726410656136697	2.7606866951415103	2	5		1	1																																	
CAND_SOUND_002441	Sound	unrelated	0		plus	candidate_pending_human_review			cmusphinx/cmudict	cmudict:formal-zero-shared-phone	na	shame										3.6955503450778817	4.618765684830815	4.157158014954348	2	3		1	1																																	
CAND_SOUND_002442	Sound	unrelated	0		plus	candidate_pending_human_review			cmusphinx/cmudict	cmudict:formal-zero-shared-phone	mats	shores										3.0777596589128304	3.3010299956639813	3.189394827288406	4	4		1	1																																	
CAND_SOUND_002443	Sound	unrelated	0		plus	candidate_pending_human_review			cmusphinx/cmudict	cmudict:formal-zero-shared-phone	own	rhymes										5.661998170498611	3.471406771195233	4.566702470846922	2	4		1	1																																	
CAND_SOUND_002444	Sound	unrelated	0		plus	candidate_pending_human_review			cmusphinx/cmudict	cmudict:formal-zero-shared-phone	both	stops										5.470312467167388	4.338534611148102	4.9044235391577455	3	5		1	1																																	
CAND_SOUND_002445	Sound	unrelated	0		plus	candidate_pending_human_review			cmusphinx/cmudict	cmudict:formal-zero-shared-phone	dough	wuss										4.200914842780714	3.2701534291909113	3.7355341359858123	2	3		1	1																																	
CAND_SOUND_002446	Sound	unrelated	0		plus	candidate_pending_human_review			cmusphinx/cmudict	cmudict:formal-zero-shared-phone	cried	nursed										4.113287813341763	2.982625903930577	3.5479568586361703	4	4		1	1																																	
CAND_SOUND_002447	Sound	unrelated	0		plus	candidate_pending_human_review			cmusphinx/cmudict	cmudict:formal-zero-shared-phone	holds	nursed										4.154561203215101	2.982625903930577	3.568593553572839	5	4		1	1																																	
CAND_SOUND_002448	Sound	unrelated	0		plus	candidate_pending_human_review			cmusphinx/cmudict	cmudict:formal-zero-shared-phone	nursed	pole										2.982625903930577	4.099964851970917	3.541295377950747	4	3		1	1																																	
CAND_SOUND_002449	Sound	unrelated	0		plus	candidate_pending_human_review			cmusphinx/cmudict	cmudict:formal-zero-shared-phone	ma	wuss										5.269054875952792	3.2701534291909113	4.269604152571851	2	3		1	1																																	
CAND_SOUND_002450	Sound	unrelated	0		plus	candidate_pending_human_review			cmusphinx/cmudict	cmudict:formal-zero-shared-phone	botched	puff										3.055857817465001	3.6484556810951863	3.352156749280094	4	3		1	1																																	
CAND_SOUND_002451	Sound	unrelated	0		plus	candidate_pending_human_review			cmusphinx/cmudict	cmudict:formal-zero-shared-phone	proved	seal										4.032002168352156	4.168647664493706	4.100324916422931	5	3		1	1																																	
CAND_SOUND_002452	Sound	unrelated	0		plus	candidate_pending_human_review			cmusphinx/cmudict	cmudict:formal-zero-shared-phone	flee	tones										3.6597857449280826	3.2924298239020637	3.476107784415073	3	4		1	1																																	
CAND_SOUND_002453	Sound	unrelated	0		plus	candidate_pending_human_review			cmusphinx/cmudict	cmudict:formal-zero-shared-phone	swank	train										2.6726410656136697	4.977992435060294	3.825316750336982	5	4		1	1																																	
CAND_SOUND_002454	Sound	unrelated	0		plus	candidate_pending_human_review			cmusphinx/cmudict	cmudict:formal-zero-shared-phone	na	sixth										3.6955503450778817	4.033581422753849	3.864565883915865	2	5		1	1																																	
CAND_SOUND_002455	Sound	unrelated	0		plus	candidate_pending_human_review			cmusphinx/cmudict	cmudict:formal-zero-shared-phone	heist	ya										3.4965498065579883	5.176885319972552	4.33671756326527	4	2		1	1																																	
CAND_SOUND_002456	Sound	unrelated	0		plus	candidate_pending_human_review			cmusphinx/cmudict	cmudict:formal-zero-shared-phone	dream	own										5.1248109841491045	5.661998170498611	5.393404577323858	4	2		1	1																																	
CAND_SOUND_002457	Sound	unrelated	0		plus	candidate_pending_human_review			cmusphinx/cmudict	cmudict:formal-zero-shared-phone	both	dreamed										5.470312467167388	4.186745886586502	4.828529176876945	3	5		1	1																																	
CAND_SOUND_002458	Sound	unrelated	0		plus	candidate_pending_human_review			cmusphinx/cmudict	cmudict:formal-zero-shared-phone	botched	thy										3.055857817465001	4.386900952543709	3.721379385004355	4	2		1	1																																	
CAND_SOUND_002459	Sound	unrelated	0		plus	candidate_pending_human_review			cmusphinx/cmudict	cmudict:formal-zero-shared-phone	botched	dime										3.055857817465001	4.08130493967748	3.5685813785712406	4	3		1	1																																	
CAND_SOUND_002460	Sound	unrelated	0		plus	candidate_pending_human_review			cmusphinx/cmudict	cmudict:formal-zero-shared-phone	cards	pee										4.681418609026778	4.258571556641096	4.469995082833937	5	2		1	1																																	
CAND_SOUND_002461	Sound	unrelated	0		plus	candidate_pending_human_review			cmusphinx/cmudict	cmudict:formal-zero-shared-phone	creams	own										2.8239087409443187	5.661998170498611	4.242953455721465	5	2		1	1																																	
CAND_SOUND_002462	Sound	unrelated	0		plus	candidate_pending_human_review			cmusphinx/cmudict	cmudict:formal-zero-shared-phone	deep	na										4.8830487721086415	3.6955503450778817	4.289299558593262	3	2		1	1																																	
CAND_SOUND_002463	Sound	unrelated	0		plus	candidate_pending_human_review			cmusphinx/cmudict	cmudict:formal-zero-shared-phone	both	court										5.470312467167388	5.003139389626401	5.236725928396895	3	4		1	1																																	
CAND_SOUND_002464	Sound	unrelated	0		plus	candidate_pending_human_review			cmusphinx/cmudict	cmudict:formal-zero-shared-phone	fleece	tones										3.063281835544208	3.2924298239020637	3.1778558297231356	4	4		1	1																																	
CAND_SOUND_002465	Sound	unrelated	0		plus	candidate_pending_human_review			cmusphinx/cmudict	cmudict:formal-zero-shared-phone	nursed	their										2.982625903930577	5.816345294600177	4.399485599265377	4	3		1	1																																	
CAND_SOUND_002466	Sound	unrelated	0		plus	candidate_pending_human_review			cmusphinx/cmudict	cmudict:formal-zero-shared-phone	dip	wuss										3.900955857479258	3.2701534291909113	3.585554643335085	3	3		1	1																																	
CAND_SOUND_002467	Sound	unrelated	0		plus	candidate_pending_human_review			cmusphinx/cmudict	cmudict:formal-zero-shared-phone	used	wuss										5.53673169012324	3.2701534291909113	4.403442559657075	4	3		1	1																																	
CAND_SOUND_002468	Sound	unrelated	0		plus	candidate_pending_human_review			cmusphinx/cmudict	cmudict:formal-zero-shared-phone	germ	inn										3.098609797885951	3.9238735929152355	3.511241695400593	3	2		1	1																																	
CAND_SOUND_002469	Sound	unrelated	0		plus	candidate_pending_human_review			cmusphinx/cmudict	cmudict:formal-zero-shared-phone	hook	nursed										4.57978359661681	2.982625903930577	3.7812047502736936	3	4		1	1																																	
CAND_SOUND_002470	Sound	unrelated	0		plus	candidate_pending_human_review			cmusphinx/cmudict	cmudict:formal-zero-shared-phone	nine	raise										4.829114496522994	4.741908223089428	4.785511359806211	3	3		1	1																																	
CAND_SOUND_002471	Sound	unrelated	0		plus	candidate_pending_human_review			cmusphinx/cmudict	cmudict:formal-zero-shared-phone	flu	own										3.9398127940166834	5.661998170498611	4.800905482257647	3	2		1	1																																	
CAND_SOUND_002472	Sound	unrelated	0		plus	candidate_pending_human_review			cmusphinx/cmudict	cmudict:formal-zero-shared-phone	hilt	own										2.7395878552442827	5.661998170498611	4.200793012871447	4	2		1	1																																	
CAND_SOUND_002473	Sound	unrelated	0		plus	candidate_pending_human_review			cmusphinx/cmudict	cmudict:formal-zero-shared-phone	drag	nine										4.422441773573968	4.829114496522994	4.625778135048481	4	3		1	1																																	
CAND_SOUND_002474	Sound	unrelated	0		plus	candidate_pending_human_review			cmusphinx/cmudict	cmudict:formal-zero-shared-phone	babes	sash										3.54040309026387	3.055857817465001	3.2981304538644354	4	3		1	1																																	
CAND_SOUND_002475	Sound	unrelated	0		plus	candidate_pending_human_review			cmusphinx/cmudict	cmudict:formal-zero-shared-phone	botched	clap										3.055857817465001	3.674446866476932	3.3651523419709664	4	4		1	1																																	
CAND_SOUND_002476	Sound	unrelated	0		plus	candidate_pending_human_review			cmusphinx/cmudict	cmudict:formal-zero-shared-phone	caste	own										2.935882500388251	5.661998170498611	4.298940335443431	4	2		1	1																																	
CAND_SOUND_002477	Sound	unrelated	0		plus	candidate_pending_human_review			cmusphinx/cmudict	cmudict:formal-zero-shared-phone	botched	goon										3.055857817465001	3.3568878131289823	3.2063728152969917	4	3		1	1																																	
CAND_SOUND_002478	Sound	unrelated	0		plus	candidate_pending_human_review			cmusphinx/cmudict	cmudict:formal-zero-shared-phone	flux	pain										3.016705693502853	4.990965316464065	4.003835504983459	5	3		1	1																																	
CAND_SOUND_002479	Sound	unrelated	0		plus	candidate_pending_human_review			cmusphinx/cmudict	cmudict:formal-zero-shared-phone	keen	shores										3.6503646709025173	3.3010299956639813	3.4756973332832493	3	4		1	1																																	
CAND_SOUND_002480	Sound	unrelated	0		plus	candidate_pending_human_review			cmusphinx/cmudict	cmudict:formal-zero-shared-phone	deal	heist										5.4172599733159235	3.4965498065579883	4.456904889936956	3	4		1	1																																	
CAND_SOUND_002481	Sound	unrelated	0		plus	candidate_pending_human_review			cmusphinx/cmudict	cmudict:formal-zero-shared-phone	na	reap										3.6955503450778817	3.4130037551079138	3.5542770500928977	2	3		1	1																																	
CAND_SOUND_002482	Sound	unrelated	0		plus	candidate_pending_human_review			cmusphinx/cmudict	cmudict:formal-zero-shared-phone	botched	clown										3.055857817465001	4.199303358624134	3.6275805880445677	4	4		1	1																																	
CAND_SOUND_002483	Sound	unrelated	0		plus	candidate_pending_human_review			cmusphinx/cmudict	cmudict:formal-zero-shared-phone	rash	swells										3.905213680621799	3.0777596589128304	3.4914866697673146	3	5		1	1																																	
CAND_SOUND_002484	Sound	unrelated	0		plus	candidate_pending_human_review			cmusphinx/cmudict	cmudict:formal-zero-shared-phone	capped	swells										3.0848215134003176	3.0777596589128304	3.081290586156574	4	5		1	1																																	
CAND_SOUND_002485	Sound	unrelated	0		plus	candidate_pending_human_review			cmusphinx/cmudict	cmudict:formal-zero-shared-phone	both	state										5.470312467167388	5.032792513396307	5.251552490281847	3	4		1	1																																	
CAND_SOUND_002486	Sound	unrelated	0		plus	candidate_pending_human_review			cmusphinx/cmudict	cmudict:formal-zero-shared-phone	adds	faults										3.595625881322553	3.3177356891668337	3.4566807852446932	3	5		1	1																																	
CAND_SOUND_002487	Sound	unrelated	0		plus	candidate_pending_human_review			cmusphinx/cmudict	cmudict:formal-zero-shared-phone	both	camped										5.470312467167388	3.0917703733556454	4.281041420261516	3	5		1	1																																	
CAND_SOUND_002488	Sound	unrelated	0		plus	candidate_pending_human_review			cmusphinx/cmudict	cmudict:formal-zero-shared-phone	pound	wuss										4.142463081591833	3.2701534291909113	3.706308255391372	4	3		1	1																																	
CAND_SOUND_002489	Sound	unrelated	0		plus	candidate_pending_human_review			cmusphinx/cmudict	cmudict:formal-zero-shared-phone	grope	na										2.7837915177363364	3.6955503450778817	3.239670931407109	4	2		1	1																																	
CAND_SOUND_002490	Sound	unrelated	0		plus	candidate_pending_human_review			cmusphinx/cmudict	cmudict:formal-zero-shared-phone	nine	stare										4.829114496522994	3.998293536185983	4.4137040163544885	3	4		1	1																																	
CAND_SOUND_002491	Sound	unrelated	0		plus	candidate_pending_human_review			cmusphinx/cmudict	cmudict:formal-zero-shared-phone	heist	warn										3.4965498065579883	4.404028348782457	3.950289077670223	4	4		1	1																																	
CAND_SOUND_002492	Sound	unrelated	0		plus	candidate_pending_human_review			cmusphinx/cmudict	cmudict:formal-zero-shared-phone	boob	cards										3.4771212547196626	4.681418609026778	4.07926993187322	3	5		1	1																																	
CAND_SOUND_002493	Sound	unrelated	0		plus	candidate_pending_human_review			cmusphinx/cmudict	cmudict:formal-zero-shared-phone	hee	shores										3.7349095929665124	3.3010299956639813	3.517969794315247	2	4		1	1																																	
CAND_SOUND_002494	Sound	unrelated	0		plus	candidate_pending_human_review			cmusphinx/cmudict	cmudict:formal-zero-shared-phone	pain	swells										4.990965316464065	3.0777596589128304	4.034362487688448	3	5		1	1																																	
CAND_SOUND_002495	Sound	unrelated	0		plus	candidate_pending_human_review			cmusphinx/cmudict	cmudict:formal-zero-shared-phone	both	jump										5.470312467167388	4.844001797576317	5.157157132371853	3	4		1	1																																	
CAND_SOUND_002496	Sound	unrelated	0		plus	candidate_pending_human_review			cmusphinx/cmudict	cmudict:formal-zero-shared-phone	botched	graph										3.055857817465001	2.872213420518874	2.9640356189919377	4	4		1	1																																	
CAND_SOUND_002497	Sound	unrelated	0		plus	candidate_pending_human_review			cmusphinx/cmudict	cmudict:formal-zero-shared-phone	hat	na										4.807375829210068	3.6955503450778817	4.251463087143975	3	2		1	1																																	
CAND_SOUND_002498	Sound	unrelated	0		plus	candidate_pending_human_review			cmusphinx/cmudict	cmudict:formal-zero-shared-phone	deeds	wuss										3.912565878875821	3.2701534291909113	3.591359654033366	4	3		1	1																																	
CAND_SOUND_002499	Sound	unrelated	0		plus	candidate_pending_human_review			cmusphinx/cmudict	cmudict:formal-zero-shared-phone	adds	chests										3.595625881322553	3.0084331675368627	3.3020295244297078	3	5		1	1																																	
CAND_SOUND_002500	Sound	unrelated	0		plus	candidate_pending_human_review			cmusphinx/cmudict	cmudict:formal-zero-shared-phone	own	risk										5.661998170498611	4.690543515632566	5.176270843065589	2	4		1	1																																	
CAND_SOUND_002501	Sound	unrelated	0		plus	candidate_pending_human_review			cmusphinx/cmudict	cmudict:formal-zero-shared-phone	geek	own										3.840204529289886	5.661998170498611	4.751101349894249	3	2		1	1																																	
CAND_SOUND_002502	Sound	unrelated	0		plus	candidate_pending_human_review			cmusphinx/cmudict	cmudict:formal-zero-shared-phone	home	nursed										5.8889279550805735	2.982625903930577	4.435776929505575	3	4		1	1																																	
CAND_SOUND_002503	Sound	unrelated	0		plus	candidate_pending_human_review			cmusphinx/cmudict	cmudict:formal-zero-shared-phone	germ	slugs										3.098609797885951	3.256217651247619	3.177413724566785	3	5		1	1																																	
CAND_SOUND_002504	Sound	unrelated	0		plus	candidate_pending_human_review			cmusphinx/cmudict	cmudict:formal-zero-shared-phone	own	por										5.661998170498611	3.542849826210958	4.6024239983547846	2	3		1	1																																	
CAND_SOUND_002505	Sound	unrelated	0		plus	candidate_pending_human_review			cmusphinx/cmudict	cmudict:formal-zero-shared-phone	bloom	wuss										3.7411361438071435	3.2701534291909113	3.5056447864990274	4	3		1	1																																	
CAND_SOUND_002506	Sound	unrelated	0		plus	candidate_pending_human_review			cmusphinx/cmudict	cmudict:formal-zero-shared-phone	own	spilt										5.661998170498611	2.915679114299964	4.288838642399288	2	5		1	1																																	
CAND_SOUND_002507	Sound	unrelated	0		plus	candidate_pending_human_review			cmusphinx/cmudict	cmudict:formal-zero-shared-phone	aimed	both										3.2880650184996134	5.470312467167388	4.379188742833501	3	3		1	1																																	
CAND_SOUND_002508	Sound	unrelated	0		plus	candidate_pending_human_review			cmusphinx/cmudict	cmudict:formal-zero-shared-phone	na	songs										3.6955503450778817	4.3462762507543165	4.020913297916099	2	4		1	1																																	
CAND_SOUND_002509	Sound	unrelated	0		plus	candidate_pending_human_review			cmusphinx/cmudict	cmudict:formal-zero-shared-phone	prod	swells										2.8364978682523394	3.0777596589128304	2.9571287635825847	4	5		1	1																																	
CAND_SOUND_002510	Sound	unrelated	0		plus	candidate_pending_human_review			cmusphinx/cmudict	cmudict:formal-zero-shared-phone	cards	ur										4.681418609026778	2.8239087409443187	3.7526636749855484	5	1		1	1																																	
CAND_SOUND_002511	Sound	unrelated	0		plus	candidate_pending_human_review			cmusphinx/cmudict	cmudict:formal-zero-shared-phone	both	makes										5.470312467167388	5.382193678393753	5.42625307278057	3	4		1	1																																	
CAND_SOUND_002512	Sound	unrelated	0		plus	candidate_pending_human_review			cmusphinx/cmudict	cmudict:formal-zero-shared-phone	adds	tomb										3.595625881322553	3.750311720636056	3.6729688009793042	3	3		1	1																																	
CAND_SOUND_002513	Sound	unrelated	0		plus	candidate_pending_human_review			cmusphinx/cmudict	cmudict:formal-zero-shared-phone	both	drills										5.470312467167388	3.1436881726211388	4.3070003198942635	3	5		1	1																																	
CAND_SOUND_002514	Sound	unrelated	0		plus	candidate_pending_human_review			cmusphinx/cmudict	cmudict:formal-zero-shared-phone	chord	na										3.260912772455999	3.6955503450778817	3.4782315587669403	4	2		1	1																																	
CAND_SOUND_002515	Sound	unrelated	0		plus	candidate_pending_human_review			cmusphinx/cmudict	cmudict:formal-zero-shared-phone	both	tramps										5.470312467167388	3.167491087293764	4.318901777230576	3	6		1	1																																	
CAND_SOUND_002516	Sound	unrelated	0		plus	candidate_pending_human_review			cmusphinx/cmudict	cmudict:formal-zero-shared-phone	both	res										5.470312467167388	2.723793588061051	4.097053027614219	3	3		1	1																																	
CAND_SOUND_002517	Sound	unrelated	0		plus	candidate_pending_human_review			cmusphinx/cmudict	cmudict:formal-zero-shared-phone	large	sash										4.617534806873471	3.055857817465001	3.836696312169236	4	3		1	1																																	
CAND_SOUND_002518	Sound	unrelated	0		plus	candidate_pending_human_review			cmusphinx/cmudict	cmudict:formal-zero-shared-phone	shores	ticked										3.3010299956639813	3.0327925133963074	3.1669112545301443	4	4		1	1																																	
CAND_SOUND_002519	Sound	unrelated	0		plus	candidate_pending_human_review			cmusphinx/cmudict	cmudict:formal-zero-shared-phone	sulk	tones										2.872213420518874	3.2924298239020637	3.082321622210469	4	4		1	1																																	
CAND_SOUND_002520	Sound	unrelated	0		plus	candidate_pending_human_review			cmusphinx/cmudict	cmudict:formal-zero-shared-phone	ad	wuss										4.1337892943569186	3.2701534291909113	3.701971361773915	2	3		1	1																																	
CAND_SOUND_002521	Sound	unrelated	0		plus	candidate_pending_human_review			cmusphinx/cmudict	cmudict:formal-zero-shared-phone	seal	shores										4.168647664493706	3.3010299956639813	3.7348388300788438	3	4		1	1																																	
CAND_SOUND_002522	Sound	unrelated	0		plus	candidate_pending_human_review			cmusphinx/cmudict	cmudict:formal-zero-shared-phone	butt	cards										4.5862341838214	4.681418609026778	4.633826396424089	3	5		1	1																																	
CAND_SOUND_002523	Sound	unrelated	0		plus	candidate_pending_human_review			cmusphinx/cmudict	cmudict:formal-zero-shared-phone	clogged	nursed										3.040617850908264	2.982625903930577	3.0116218774194206	5	4		1	1																																	
CAND_SOUND_002524	Sound	unrelated	0		plus	candidate_pending_human_review			cmusphinx/cmudict	cmudict:formal-zero-shared-phone	quart	seal										3.3177356891668337	4.168647664493706	3.74319167683027	5	3		1	1																																	
CAND_SOUND_002525	Sound	unrelated	0		plus	candidate_pending_human_review			cmusphinx/cmudict	cmudict:formal-zero-shared-phone	botched	skin										3.055857817465001	4.643839575827503	3.849848696646252	4	4		1	1																																	
CAND_SOUND_002526	Sound	unrelated	0		plus	candidate_pending_human_review			cmusphinx/cmudict	cmudict:formal-zero-shared-phone	both	hop										5.470312467167388	4.282324387620837	4.8763184273941125	3	3		1	1																																	
CAND_SOUND_002527	Sound	unrelated	0		plus	candidate_pending_human_review			cmusphinx/cmudict	cmudict:formal-zero-shared-phone	point	sash										5.373885151724638	3.055857817465001	4.21487148459482	4	3		1	1																																	
CAND_SOUND_002528	Sound	unrelated	0		plus	candidate_pending_human_review			cmusphinx/cmudict	cmudict:formal-zero-shared-phone	nine	wield										4.829114496522994	2.883494430928563	3.8563044637257784	3	4		1	1																																	
CAND_SOUND_002529	Sound	unrelated	0		plus	candidate_pending_human_review			cmusphinx/cmudict	cmudict:formal-zero-shared-phone	both	swell										5.470312467167388	4.318145207803404	4.894228837485397	3	4		1	1																																	
CAND_SOUND_002530	Sound	unrelated	0		plus	candidate_pending_human_review			cmusphinx/cmudict	cmudict:formal-zero-shared-phone	flux	wins										3.016705693502853	4.287186768489692	3.6519462309962725	5	4		1	1																																	
CAND_SOUND_002531	Sound	unrelated	0		plus	candidate_pending_human_review			cmusphinx/cmudict	cmudict:formal-zero-shared-phone	freak	tones										4.565199410453824	3.2924298239020637	3.9288146171779434	4	4		1	1																																	
CAND_SOUND_002532	Sound	unrelated	0		plus	candidate_pending_human_review			cmusphinx/cmudict	cmudict:formal-zero-shared-phone	flip	shores										4.154561203215101	3.3010299956639813	3.727795599439541	4	4		1	1																																	
CAND_SOUND_002533	Sound	unrelated	0		plus	candidate_pending_human_review			cmusphinx/cmudict	cmudict:formal-zero-shared-phone	forth	sash										4.197685872650515	3.055857817465001	3.626771845057758	4	3		1	1																																	
CAND_SOUND_002534	Sound	unrelated	0		plus	candidate_pending_human_review			cmusphinx/cmudict	cmudict:formal-zero-shared-phone	beets	nine										3.0084331675368627	4.829114496522994	3.9187738320299284	4	3		1	1																																	
CAND_SOUND_002535	Sound	unrelated	0		plus	candidate_pending_human_review			cmusphinx/cmudict	cmudict:formal-zero-shared-phone	shores	tea										3.3010299956639813	4.768101012226493	4.034565503945237	4	2		1	1																																	
CAND_SOUND_002536	Sound	unrelated	0		plus	candidate_pending_human_review			cmusphinx/cmudict	cmudict:formal-zero-shared-phone	bub	na										3.2115079162781375	3.6955503450778817	3.4535291306780094	3	2		1	1																																	
CAND_SOUND_002537	Sound	unrelated	0		plus	candidate_pending_human_review			cmusphinx/cmudict	cmudict:formal-zero-shared-phone	eyes	swank										5.34546983254481	2.6726410656136697	4.00905544907924	2	5		1	1																																	
CAND_SOUND_002538	Sound	unrelated	0		plus	candidate_pending_human_review			cmusphinx/cmudict	cmudict:formal-zero-shared-phone	shores	spunk										3.3010299956639813	3.1249387366083	3.2129843661361406	4	5		1	1																																	
CAND_SOUND_002539	Sound	unrelated	0		plus	candidate_pending_human_review			cmusphinx/cmudict	cmudict:formal-zero-shared-phone	cards	gone										4.681418609026778	5.472412249194655	5.076915429110716	5	3		1	1																																	
CAND_SOUND_002540	Sound	unrelated	0		plus	candidate_pending_human_review			cmusphinx/cmudict	cmudict:formal-zero-shared-phone	shores	wont										3.3010299956639813	3.2009148427807133	3.2509724192223475	4	4		1	1																																	
CAND_SOUND_002541	Sound	unrelated	0		plus	candidate_pending_human_review			cmusphinx/cmudict	cmudict:formal-zero-shared-phone	germ	torque										3.098609797885951	2.8606315479690587	2.9796206729275045	3	4		1	1																																	
CAND_SOUND_002542	Sound	unrelated	0		plus	candidate_pending_human_review			cmusphinx/cmudict	cmudict:formal-zero-shared-phone	lobes	wuss										2.7837915177363364	3.2701534291909113	3.0269724734636236	4	3		1	1																																	
CAND_SOUND_002543	Sound	unrelated	0		plus	candidate_pending_human_review			cmusphinx/cmudict	cmudict:formal-zero-shared-phone	knot	swells										3.5665876731657433	3.0777596589128304	3.322173666039287	3	5		1	1																																	
CAND_SOUND_002544	Sound	unrelated	0		plus	candidate_pending_human_review			cmusphinx/cmudict	cmudict:formal-zero-shared-phone	fond	heist										4.091080469347332	3.4965498065579883	3.7938151379526603	4	4		1	1																																	
CAND_SOUND_002545	Sound	unrelated	0		plus	candidate_pending_human_review			cmusphinx/cmudict	cmudict:formal-zero-shared-phone	both	hips										5.470312467167388	3.7823883033268983	4.626350385247143	3	4		1	1																																	
CAND_SOUND_002546	Sound	unrelated	0		plus	candidate_pending_human_review			cmusphinx/cmudict	cmudict:formal-zero-shared-phone	dip	shores										3.900955857479258	3.3010299956639813	3.6009929265716196	3	4		1	1																																	
CAND_SOUND_002547	Sound	unrelated	0		plus	candidate_pending_human_review			cmusphinx/cmudict	cmudict:formal-zero-shared-phone	na	vice										3.6955503450778817	4.270153429190911	3.9828518871343963	2	3		1	1																																	
CAND_SOUND_002548	Sound	unrelated	0		plus	candidate_pending_human_review			cmusphinx/cmudict	cmudict:formal-zero-shared-phone	booked	nine										4.017524344983533	4.829114496522994	4.423319420753264	4	3		1	1																																	
CAND_SOUND_002549	Sound	unrelated	0		plus	candidate_pending_human_review			cmusphinx/cmudict	cmudict:formal-zero-shared-phone	germ	void										3.098609797885951	3.6125761100131175	3.355592953949534	3	3		1	1																																	
CAND_SOUND_002550	Sound	unrelated	0		plus	candidate_pending_human_review			cmusphinx/cmudict	cmudict:formal-zero-shared-phone	both	hums										5.470312467167388	3.3416478465722452	4.405980156869816	3	4		1	1																																	
CAND_SOUND_002551	Sound	unrelated	0		plus	candidate_pending_human_review			cmusphinx/cmudict	cmudict:formal-zero-shared-phone	flux	halves										3.016705693502853	3.040617850908264	3.0286617722055587	5	4		1	1																																	
CAND_SOUND_002552	Sound	unrelated	0		plus	candidate_pending_human_review			cmusphinx/cmudict	cmudict:formal-zero-shared-phone	had	wuss										6.2242536902433425	3.2701534291909113	4.747203559717127	3	3		1	1																																	
CAND_SOUND_002553	Sound	unrelated	0		plus	candidate_pending_human_review			cmusphinx/cmudict	cmudict:formal-zero-shared-phone	swank	teal										2.6726410656136697	2.7074031718728815	2.6900221187432756	5	3		1	1																																	
CAND_SOUND_002554	Sound	unrelated	0		plus	candidate_pending_human_review			cmusphinx/cmudict	cmudict:formal-zero-shared-phone	nine	warms										4.829114496522994	2.935882500388251	3.8824984984556226	3	5		1	1																																	
CAND_SOUND_002555	Sound	unrelated	0		plus	candidate_pending_human_review			cmusphinx/cmudict	cmudict:formal-zero-shared-phone	heist	leaned										3.4965498065579883	3.231949076520682	3.364249441539335	4	4		1	1																																	
CAND_SOUND_002556	Sound	unrelated	0		plus	candidate_pending_human_review			cmusphinx/cmudict	cmudict:formal-zero-shared-phone	both	flux										5.470312467167388	3.016705693502853	4.24350908033512	3	5		1	1																																	
CAND_SOUND_002557	Sound	unrelated	0		plus	candidate_pending_human_review			cmusphinx/cmudict	cmudict:formal-zero-shared-phone	hen	sash										3.5046174283060214	3.055857817465001	3.2802376228855112	3	3		1	1																																	
CAND_SOUND_002558	Sound	unrelated	0		plus	candidate_pending_human_review			cmusphinx/cmudict	cmudict:formal-zero-shared-phone	dodged	swells										2.9551876555836376	3.0777596589128304	3.016473657248234	4	5		1	1																																	
CAND_SOUND_002559	Sound	unrelated	0		plus	candidate_pending_human_review			cmusphinx/cmudict	cmudict:formal-zero-shared-phone	row	swank										4.420505836570779	2.6726410656136697	3.5465734510922244	2	5		1	1																																	
CAND_SOUND_002560	Sound	unrelated	0		plus	candidate_pending_human_review			cmusphinx/cmudict	cmudict:formal-zero-shared-phone	game	sash										5.368924628911785	3.055857817465001	4.212391223188392	3	3		1	1																																	
CAND_SOUND_002561	Sound	unrelated	0		plus	candidate_pending_human_review			cmusphinx/cmudict	cmudict:formal-zero-shared-phone	beads	heist										3.5477023290053697	3.4965498065579883	3.522126067781679	4	4		1	1																																	
CAND_SOUND_002562	Sound	unrelated	0		plus	candidate_pending_human_review			cmusphinx/cmudict	cmudict:formal-zero-shared-phone	nine	outs										4.829114496522994	3.2880650184996134	4.058589757511304	3	3		1	1																																	
CAND_SOUND_002563	Sound	unrelated	0		plus	candidate_pending_human_review			cmusphinx/cmudict	cmudict:formal-zero-shared-phone	botched	loops										3.055857817465001	3.055857817465001	3.055857817465001	4	4		1	1																																	
CAND_SOUND_002564	Sound	unrelated	0		plus	candidate_pending_human_review			cmusphinx/cmudict	cmudict:formal-zero-shared-phone	four	wuss										5.407873907338303	3.2701534291909113	4.339013668264607	3	3		1	1																																	
CAND_SOUND_002565	Sound	unrelated	0		plus	candidate_pending_human_review			cmusphinx/cmudict	cmudict:formal-zero-shared-phone	hard	sash										5.488329476311297	3.055857817465001	4.272093646888149	4	3		1	1																																	
CAND_SOUND_002566	Sound	unrelated	0		plus	candidate_pending_human_review			cmusphinx/cmudict	cmudict:formal-zero-shared-phone	botched	sur										3.055857817465001	2.769551078621726	2.9127044480433635	4	2		1	1																																	
CAND_SOUND_002567	Sound	unrelated	0		plus	candidate_pending_human_review			cmusphinx/cmudict	cmudict:formal-zero-shared-phone	disks	own										3.2009148427807133	5.661998170498611	4.4314565066396625	5	2		1	1																																	
CAND_SOUND_002568	Sound	unrelated	0		plus	candidate_pending_human_review			cmusphinx/cmudict	cmudict:formal-zero-shared-phone	germ	ghost										3.098609797885951	4.563341463312545	3.830975630599248	3	4		1	1																																	
CAND_SOUND_002569	Sound	unrelated	0		plus	candidate_pending_human_review			cmusphinx/cmudict	cmudict:formal-zero-shared-phone	clicked	germ										3.0248235837250323	3.098609797885951	3.0617166908054916	5	3		1	1																																	
CAND_SOUND_002570	Sound	unrelated	0		plus	candidate_pending_human_review			cmusphinx/cmudict	cmudict:formal-zero-shared-phone	heist	shamed										3.4965498065579883	2.935882500388251	3.2162161534731197	4	4		1	1																																	
CAND_SOUND_002571	Sound	unrelated	0		plus	candidate_pending_human_review			cmusphinx/cmudict	cmudict:formal-zero-shared-phone	bout	swells										4.280988780780679	3.0777596589128304	3.6793742198467547	3	5		1	1																																	
CAND_SOUND_002572	Sound	unrelated	0		plus	candidate_pending_human_review			cmusphinx/cmudict	cmudict:formal-zero-shared-phone	chunks	own										3.2701534291909113	5.661998170498611	4.466075799844761	5	2		1	1																																	
CAND_SOUND_002573	Sound	unrelated	0		plus	candidate_pending_human_review			cmusphinx/cmudict	cmudict:formal-zero-shared-phone	morgue	swank										3.935882500388251	2.6726410656136697	3.3042617830009604	4	5		1	1																																	
CAND_SOUND_002574	Sound	unrelated	0		plus	candidate_pending_human_review			cmusphinx/cmudict	cmudict:formal-zero-shared-phone	flake	heist										3.2418198305469765	3.4965498065579883	3.3691848185524824	4	4		1	1																																	
CAND_SOUND_002575	Sound	unrelated	0		plus	candidate_pending_human_review			cmusphinx/cmudict	cmudict:formal-zero-shared-phone	airs	nursed										2.883494430928563	2.982625903930577	2.93306016742957	3	4		1	1																																	
CAND_SOUND_002576	Sound	unrelated	0		plus	candidate_pending_human_review			cmusphinx/cmudict	cmudict:formal-zero-shared-phone	fill	wuss										4.642871680437125	3.2701534291909113	3.956512554814018	3	3		1	1																																	
CAND_SOUND_002577	Sound	unrelated	0		plus	candidate_pending_human_review			cmusphinx/cmudict	cmudict:formal-zero-shared-phone	flag	wuss										4.2427946782781865	3.2701534291909113	3.756474053734549	4	3		1	1																																	
CAND_SOUND_002578	Sound	unrelated	0		plus	candidate_pending_human_review			cmusphinx/cmudict	cmudict:formal-zero-shared-phone	depth	seal										3.916711919737732	4.168647664493706	4.042679792115719	4	3		1	1																																	
CAND_SOUND_002579	Sound	unrelated	0		plus	candidate_pending_human_review			cmusphinx/cmudict	cmudict:formal-zero-shared-phone	botched	flea										3.055857817465001	3.520316528515737	3.288087172990369	4	3		1	1																																	
CAND_SOUND_002580	Sound	unrelated	0		plus	candidate_pending_human_review			cmusphinx/cmudict	cmudict:formal-zero-shared-phone	both	fuss										5.470312467167388	3.8535312075511197	4.6619218373592535	3	3		1	1																																	
CAND_SOUND_002581	Sound	unrelated	0		plus	candidate_pending_human_review			cmusphinx/cmudict	cmudict:formal-zero-shared-phone	boar	tons										3.337752802688721	3.973671061277651	3.655711931983186	3	4		1	1																																	
CAND_SOUND_002582	Sound	unrelated	0		plus	candidate_pending_human_review			cmusphinx/cmudict	cmudict:formal-zero-shared-phone	adds	frame										3.595625881322553	4.149158714284946	3.8723922978037493	3	4		1	1																																	
CAND_SOUND_002583	Sound	unrelated	0		plus	candidate_pending_human_review			cmusphinx/cmudict	cmudict:formal-zero-shared-phone	mi	sash										3.7795681993792503	3.055857817465001	3.4177130084221257	2	3		1	1																																	
CAND_SOUND_002584	Sound	unrelated	0		plus	candidate_pending_human_review			cmusphinx/cmudict	cmudict:formal-zero-shared-phone	botched	snacks										3.055857817465001	3.530475927030859	3.29316687224793	4	5		1	1																																	
CAND_SOUND_002585	Sound	unrelated	0		plus	candidate_pending_human_review			cmusphinx/cmudict	cmudict:formal-zero-shared-phone	na	smiled										3.6955503450778817	3.6921035453831017	3.6938269452304917	2	5		1	1																																	
CAND_SOUND_002586	Sound	unrelated	0		plus	candidate_pending_human_review			cmusphinx/cmudict	cmudict:formal-zero-shared-phone	burg	tones										2.7395878552442827	3.2924298239020637	3.016008839573173	3	4		1	1																																	
CAND_SOUND_002587	Sound	unrelated	0		plus	candidate_pending_human_review			cmusphinx/cmudict	cmudict:formal-zero-shared-phone	adds	breach										3.595625881322553	3.7934890861198154	3.694557483721184	3	4		1	1																																	
CAND_SOUND_002588	Sound	unrelated	0		plus	candidate_pending_human_review			cmusphinx/cmudict	cmudict:formal-zero-shared-phone	shores	wig										3.3010299956639813	3.9218394230047826	3.611434709334382	4	3		1	1																																	
CAND_SOUND_002589	Sound	unrelated	0		plus	candidate_pending_human_review			cmusphinx/cmudict	cmudict:formal-zero-shared-phone	checked	wuss										4.669371581048822	3.2701534291909113	3.969762505119867	4	3		1	1																																	
CAND_SOUND_002590	Sound	unrelated	0		plus	candidate_pending_human_review			cmusphinx/cmudict	cmudict:formal-zero-shared-phone	germ	tits										3.098609797885951	4.08969736473278	3.5941535813093655	3	4		1	1																																	
CAND_SOUND_002591	Sound	unrelated	0		plus	candidate_pending_human_review			cmusphinx/cmudict	cmudict:formal-zero-shared-phone	click	wuss										3.8069775765623497	3.2701534291909113	3.5385655028766303	4	3		1	1																																	
CAND_SOUND_002592	Sound	unrelated	0		plus	candidate_pending_human_review			cmusphinx/cmudict	cmudict:formal-zero-shared-phone	heist	herbs										3.4965498065579883	3.4416489365574434	3.469099371557716	4	3		1	1																																	
CAND_SOUND_002593	Sound	unrelated	0		plus	candidate_pending_human_review			cmusphinx/cmudict	cmudict:formal-zero-shared-phone	both	curse										5.470312467167388	4.260445537895706	4.865379002531547	3	3		1	1																																	
CAND_SOUND_002594	Sound	unrelated	0		plus	candidate_pending_human_review			cmusphinx/cmudict	cmudict:formal-zero-shared-phone	blast	germ										4.208883772451989	3.098609797885951	3.65374678516897	5	3		1	1																																	
CAND_SOUND_002595	Sound	unrelated	0		plus	candidate_pending_human_review			cmusphinx/cmudict	cmudict:formal-zero-shared-phone	nursed	thing										2.982625903930577	6.036894925680986	4.509760414805782	4	3		1	1																																	
CAND_SOUND_002596	Sound	unrelated	0		plus	candidate_pending_human_review			cmusphinx/cmudict	cmudict:formal-zero-shared-phone	nine	plank										4.829114496522994	3.309463163200844	4.069288829861919	3	5		1	1																																	
CAND_SOUND_002597	Sound	unrelated	0		plus	candidate_pending_human_review			cmusphinx/cmudict	cmudict:formal-zero-shared-phone	germ	suites										3.098609797885951	3.2167091099639453	3.157659453924948	3	5		1	1																																	
CAND_SOUND_002598	Sound	unrelated	0		plus	candidate_pending_human_review			cmusphinx/cmudict	cmudict:formal-zero-shared-phone	do	own										6.787856206035433	5.661998170498611	6.2249271882670225	2	2		1	1																																	
CAND_SOUND_002599	Sound	unrelated	0		plus	candidate_pending_human_review			cmusphinx/cmudict	cmudict:formal-zero-shared-phone	adds	moat										3.595625881322553	3.070581074285707	3.33310347780413	3	3		1	1																																	
CAND_SOUND_002600	Sound	unrelated	0		plus	candidate_pending_human_review			cmusphinx/cmudict	cmudict:formal-zero-shared-phone	own	store										5.661998170498611	4.913398259546353	5.287698215022482	2	4		1	1																																	
CAND_SOUND_002601	Sound	unrelated	0		plus	candidate_pending_human_review			cmusphinx/cmudict	cmudict:formal-zero-shared-phone	grieve	tons										3.3416478465722452	3.973671061277651	3.657659453924948	4	4		1	1																																	
CAND_SOUND_002602	Sound	unrelated	0		plus	candidate_pending_human_review			cmusphinx/cmudict	cmudict:formal-zero-shared-phone	nine	sirs										4.829114496522994	3.5802315538322897	4.204673025177642	3	4		1	1																																	
CAND_SOUND_002603	Sound	unrelated	0		plus	candidate_pending_human_review			cmusphinx/cmudict	cmudict:formal-zero-shared-phone	breathe	germ										4.685829519195165	3.098609797885951	3.892219658540558	4	3		1	1																																	
CAND_SOUND_002604	Sound	unrelated	0		plus	candidate_pending_human_review			cmusphinx/cmudict	cmudict:formal-zero-shared-phone	both	mound										5.470312467167388	3.1789205490745456	4.324616508120966	3	4		1	1																																	
CAND_SOUND_002605	Sound	unrelated	0		plus	candidate_pending_human_review			cmusphinx/cmudict	cmudict:formal-zero-shared-phone	lies	na										4.567280143918729	3.6955503450778817	4.131415244498305	3	2		1	1																																	
CAND_SOUND_002606	Sound	unrelated	0		plus	candidate_pending_human_review			cmusphinx/cmudict	cmudict:formal-zero-shared-phone	adds	sheet										3.595625881322553	4.064751530624983	3.830188705973768	3	3		1	1																																	
CAND_SOUND_002607	Sound	unrelated	0		plus	candidate_pending_human_review			cmusphinx/cmudict	cmudict:formal-zero-shared-phone	germ	sang										3.098609797885951	3.914643846868359	3.5066268223771546	3	3		1	1																																	
CAND_SOUND_002608	Sound	unrelated	0		plus	candidate_pending_human_review			cmusphinx/cmudict	cmudict:formal-zero-shared-phone	move	tones										5.6213188637416245	3.2924298239020637	4.456874343821844	3	4		1	1																																	
CAND_SOUND_002609	Sound	unrelated	0		plus	candidate_pending_human_review			cmusphinx/cmudict	cmudict:formal-zero-shared-phone	dare	germ										4.743601981414604	3.098609797885951	3.9211058896502773	3	3		1	1																																	
CAND_SOUND_002610	Sound	unrelated	0		plus	candidate_pending_human_review			cmusphinx/cmudict	cmudict:formal-zero-shared-phone	botched	prized										3.055857817465001	2.8364978682523394	2.9461778428586705	4	5		1	1																																	
CAND_SOUND_002611	Sound	unrelated	0		plus	candidate_pending_human_review			cmusphinx/cmudict	cmudict:formal-zero-shared-phone	both	racks										5.470312467167388	2.935882500388251	4.203097483777819	3	4		1	1																																	
CAND_SOUND_002612	Sound	unrelated	0		plus	candidate_pending_human_review			cmusphinx/cmudict	cmudict:formal-zero-shared-phone	botched	spoons										3.055857817465001	3.3010299956639813	3.178443906564491	4	5		1	1																																	
CAND_SOUND_002613	Sound	unrelated	0		plus	candidate_pending_human_review			cmusphinx/cmudict	cmudict:formal-zero-shared-phone	mic	nursed										3.2009148427807133	2.982625903930577	3.0917703733556454	3	4		1	1																																	
CAND_SOUND_002614	Sound	unrelated	0		plus	candidate_pending_human_review			cmusphinx/cmudict	cmudict:formal-zero-shared-phone	nine	toil										4.829114496522994	3.0	3.914557248261497	3	3		1	1																																	
CAND_SOUND_002615	Sound	unrelated	0		plus	candidate_pending_human_review			cmusphinx/cmudict	cmudict:formal-zero-shared-phone	fry	swells										3.9238735929152355	3.0777596589128304	3.500816625914033	3	5		1	1																																	
CAND_SOUND_002616	Sound	unrelated	0		plus	candidate_pending_human_review			cmusphinx/cmudict	cmudict:formal-zero-shared-phone	germ	lore										3.098609797885951	2.8239087409443187	2.9612592694151347	3	3		1	1																																	
CAND_SOUND_002617	Sound	unrelated	0		plus	candidate_pending_human_review			cmusphinx/cmudict	cmudict:formal-zero-shared-phone	jig	nine										3.231949076520682	4.829114496522994	4.030531786521838	3	3		1	1																																	
CAND_SOUND_002618	Sound	unrelated	0		plus	candidate_pending_human_review			cmusphinx/cmudict	cmudict:formal-zero-shared-phone	flux	wave										3.016705693502853	4.327459106104431	3.6720823998036423	5	3		1	1																																	
CAND_SOUND_002619	Sound	unrelated	0		plus	candidate_pending_human_review			cmusphinx/cmudict	cmudict:formal-zero-shared-phone	baths	own										3.4992556999339133	5.661998170498611	4.580626935216262	4	2		1	1																																	
CAND_SOUND_002620	Sound	unrelated	0		plus	candidate_pending_human_review			cmusphinx/cmudict	cmudict:formal-zero-shared-phone	both	sides										5.470312467167388	4.20993533345461	4.840123900310999	3	4		1	1																																	
CAND_SOUND_002621	Sound	unrelated	0		plus	candidate_pending_human_review			cmusphinx/cmudict	cmudict:formal-zero-shared-phone	grows	nursed										3.977275185546476	2.982625903930577	3.479950544738527	4	4		1	1																																	
CAND_SOUND_002622	Sound	unrelated	0		plus	candidate_pending_human_review			cmusphinx/cmudict	cmudict:formal-zero-shared-phone	dumped	nine										4.253850917968512	4.829114496522994	4.541482707245753	5	3		1	1																																	
CAND_SOUND_002623	Sound	unrelated	0		plus	candidate_pending_human_review			cmusphinx/cmudict	cmudict:formal-zero-shared-phone	scoop	tons										3.7533276666586115	3.973671061277651	3.863499363968131	4	4		1	1																																	
CAND_SOUND_002624	Sound	unrelated	0		plus	candidate_pending_human_review			cmusphinx/cmudict	cmudict:formal-zero-shared-phone	shave	swells										4.138766936031869	3.0777596589128304	3.60826329747235	3	5		1	1																																	
CAND_SOUND_002625	Sound	unrelated	0		plus	candidate_pending_human_review			cmusphinx/cmudict	cmudict:formal-zero-shared-phone	botched	flicks										3.055857817465001	2.9258982794816504	2.9908780484733257	4	5		1	1																																	
CAND_SOUND_002626	Sound	unrelated	0		plus	candidate_pending_human_review			cmusphinx/cmudict	cmudict:formal-zero-shared-phone	dirt	swells										4.409701119557828	3.0777596589128304	3.743730389235329	3	5		1	1																																	
CAND_SOUND_002627	Sound	unrelated	0		plus	candidate_pending_human_review			cmusphinx/cmudict	cmudict:formal-zero-shared-phone	botched	shaved										3.055857817465001	3.6484556810951863	3.352156749280094	4	4		1	1																																	
CAND_SOUND_002628	Sound	unrelated	0		plus	candidate_pending_human_review			cmusphinx/cmudict	cmudict:formal-zero-shared-phone	na	tell										3.6955503450778817	6.236660729697238	4.96610553738756	2	3		1	1																																	
CAND_SOUND_002629	Sound	unrelated	0		plus	candidate_pending_human_review			cmusphinx/cmudict	cmudict:formal-zero-shared-phone	both	prom										5.470312467167388	4.249558021578877	4.8599352443731325	3	4		1	1																																	
CAND_SOUND_002630	Sound	unrelated	0		plus	candidate_pending_human_review			cmusphinx/cmudict	cmudict:formal-zero-shared-phone	na	terms										3.6955503450778817	4.348572085961116	4.022061215519499	2	4		1	1																																	
CAND_SOUND_002631	Sound	unrelated	0		plus	candidate_pending_human_review			cmusphinx/cmudict	cmudict:formal-zero-shared-phone	coy	nursed										3.2369124960522324	2.982625903930577	3.1097691999914048	2	4		1	1																																	
CAND_SOUND_002632	Sound	unrelated	0		plus	candidate_pending_human_review			cmusphinx/cmudict	cmudict:formal-zero-shared-phone	purged	seal										2.723793588061051	4.168647664493706	3.4462206262773787	4	3		1	1																																	
CAND_SOUND_002633	Sound	unrelated	0		plus	candidate_pending_human_review			cmusphinx/cmudict	cmudict:formal-zero-shared-phone	both	saps										5.470312467167388	2.8364978682523394	4.153405167709864	3	4		1	1																																	
CAND_SOUND_002634	Sound	unrelated	0		plus	candidate_pending_human_review			cmusphinx/cmudict	cmudict:formal-zero-shared-phone	gunned	sash										3.0777596589128304	3.055857817465001	3.0668087381889158	4	3		1	1																																	
CAND_SOUND_002635	Sound	unrelated	0		plus	candidate_pending_human_review			cmusphinx/cmudict	cmudict:formal-zero-shared-phone	drives	flux										4.154561203215101	3.016705693502853	3.585633448358977	5	5		1	1																																	
CAND_SOUND_002636	Sound	unrelated	0		plus	candidate_pending_human_review			cmusphinx/cmudict	cmudict:formal-zero-shared-phone	dyes	wuss										2.75482782180102	3.2701534291909113	3.012490625495966	3	3		1	1																																	
CAND_SOUND_002637	Sound	unrelated	0		plus	candidate_pending_human_review			cmusphinx/cmudict	cmudict:formal-zero-shared-phone	shop	tones										4.728751524041797	3.2924298239020637	4.01059067397193	3	4		1	1																																	
CAND_SOUND_002638	Sound	unrelated	0		plus	candidate_pending_human_review			cmusphinx/cmudict	cmudict:formal-zero-shared-phone	adds	slob										3.595625881322553	3.5525012118871384	3.5740635466048456	3	4		1	1																																	
CAND_SOUND_002639	Sound	unrelated	0		plus	candidate_pending_human_review			cmusphinx/cmudict	cmudict:formal-zero-shared-phone	nine	sprout										4.829114496522994	2.9551876555836376	3.892151076053316	3	5		1	1																																	
CAND_SOUND_002640	Sound	unrelated	0		plus	candidate_pending_human_review			cmusphinx/cmudict	cmudict:formal-zero-shared-phone	na	vouch										3.6955503450778817	3.3928003690196267	3.544175357048754	2	3		1	1																																	
CAND_SOUND_002641	Sound	unrelated	0		plus	candidate_pending_human_review			cmusphinx/cmudict	cmudict:formal-zero-shared-phone	lights	na										4.7513696857923895	3.6955503450778817	4.223460015435135	4	2		1	1																																	
CAND_SOUND_002642	Sound	unrelated	0		plus	candidate_pending_human_review			cmusphinx/cmudict	cmudict:formal-zero-shared-phone	flux	winch										3.016705693502853	3.131278914639319	3.073992304071086	5	4		1	1																																	
CAND_SOUND_002643	Sound	unrelated	0		plus	candidate_pending_human_review			cmusphinx/cmudict	cmudict:formal-zero-shared-phone	lug	swank										3.4130037551079138	2.6726410656136697	3.0428224103607917	3	5		1	1																																	
CAND_SOUND_002644	Sound	unrelated	0		plus	candidate_pending_human_review			cmusphinx/cmudict	cmudict:formal-zero-shared-phone	germ	knocked										3.098609797885951	4.393144910475145	3.745877354180548	3	4		1	1																																	
CAND_SOUND_002645	Sound	unrelated	0		plus	candidate_pending_human_review			cmusphinx/cmudict	cmudict:formal-zero-shared-phone	both	sharp										5.470312467167388	4.376290624768637	4.9233015459680125	3	4		1	1																																	
CAND_SOUND_002646	Sound	unrelated	0		plus	candidate_pending_human_review			cmusphinx/cmudict	cmudict:formal-zero-shared-phone	fluke	nine										3.2418198305469765	4.829114496522994	4.035467163534985	4	3		1	1																																	
CAND_SOUND_002647	Sound	unrelated	0		plus	candidate_pending_human_review			cmusphinx/cmudict	cmudict:formal-zero-shared-phone	boy	swank										5.724131241365484	2.6726410656136697	4.198386153489577	2	5		1	1																																	
CAND_SOUND_002648	Sound	unrelated	0		plus	candidate_pending_human_review			cmusphinx/cmudict	cmudict:formal-zero-shared-phone	germ	shocked										3.098609797885951	4.0691310078904745	3.5838704028882127	3	4		1	1																																	
CAND_SOUND_002649	Sound	unrelated	0		plus	candidate_pending_human_review			cmusphinx/cmudict	cmudict:formal-zero-shared-phone	cards	plea										4.681418609026778	3.8352552508612434	4.258336929944011	5	3		1	1																																	
CAND_SOUND_002650	Sound	unrelated	0		plus	candidate_pending_human_review			cmusphinx/cmudict	cmudict:formal-zero-shared-phone	drain	wuss										3.935882500388251	3.2701534291909113	3.603017964789581	4	3		1	1																																	
CAND_SOUND_002651	Sound	unrelated	0		plus	candidate_pending_human_review			cmusphinx/cmudict	cmudict:formal-zero-shared-phone	eh	heist										4.710565322327296	3.4965498065579883	4.103557564442642	1	4		1	1																																	
CAND_SOUND_002652	Sound	unrelated	0		plus	candidate_pending_human_review			cmusphinx/cmudict	cmudict:formal-zero-shared-phone	churn	seal										2.7837915177363364	4.168647664493706	3.4762195911150213	3	3		1	1																																	
CAND_SOUND_002653	Sound	unrelated	0		plus	candidate_pending_human_review			cmusphinx/cmudict	cmudict:formal-zero-shared-phone	na	sets										3.6955503450778817	4.173814480672636	3.934682412875259	2	4		1	1																																	
CAND_SOUND_002654	Sound	unrelated	0		plus	candidate_pending_human_review			cmusphinx/cmudict	cmudict:formal-zero-shared-phone	heist	weep										3.4965498065579883	3.7395878552442827	3.6180688309011355	4	3		1	1																																	
CAND_SOUND_002655	Sound	unrelated	0		plus	candidate_pending_human_review			cmusphinx/cmudict	cmudict:formal-zero-shared-phone	clash	wuss										3.1249387366083	3.2701534291909113	3.1975460828996054	4	3		1	1																																	
CAND_SOUND_002656	Sound	unrelated	0		plus	candidate_pending_human_review			cmusphinx/cmudict	cmudict:formal-zero-shared-phone	both	tar										5.470312467167388	3.4965498065579883	4.483431136862688	3	3		1	1																																	
CAND_SOUND_002657	Sound	unrelated	0		plus	candidate_pending_human_review			cmusphinx/cmudict	cmudict:formal-zero-shared-phone	laced	own										3.040617850908264	5.661998170498611	4.351308010703438	4	2		1	1																																	
CAND_SOUND_002658	Sound	unrelated	0		plus	candidate_pending_human_review			cmusphinx/cmudict	cmudict:formal-zero-shared-phone	own	swept										5.661998170498611	3.678036097500376	4.670017133999494	2	5		1	1																																	
CAND_SOUND_002659	Sound	unrelated	0		plus	candidate_pending_human_review			cmusphinx/cmudict	cmudict:formal-zero-shared-phone	botched	ups										3.055857817465001	3.4063731762089002	3.2311154968369507	4	3		1	1																																	
CAND_SOUND_002660	Sound	unrelated	0		plus	candidate_pending_human_review			cmusphinx/cmudict	cmudict:formal-zero-shared-phone	both	felt										5.470312467167388	5.078542107621891	5.274427287394639	3	4		1	1																																	
CAND_SOUND_002661	Sound	unrelated	0		plus	candidate_pending_human_review			cmusphinx/cmudict	cmudict:formal-zero-shared-phone	doped	germ										2.935882500388251	3.098609797885951	3.017246149137101	4	3		1	1																																	
CAND_SOUND_002662	Sound	unrelated	0		plus	candidate_pending_human_review			cmusphinx/cmudict	cmudict:formal-zero-shared-phone	means	wuss										5.33915904616855	3.2701534291909113	4.304656237679731	4	3		1	1																																	
CAND_SOUND_002663	Sound	unrelated	0		plus	candidate_pending_human_review			cmusphinx/cmudict	cmudict:formal-zero-shared-phone	hugged	swells										3.231949076520682	3.0777596589128304	3.154854367716756	4	5		1	1																																	
CAND_SOUND_002664	Sound	unrelated	0		plus	candidate_pending_human_review			cmusphinx/cmudict	cmudict:formal-zero-shared-phone	na	suede										3.6955503450778817	3.256217651247619	3.4758839981627503	2	4		1	1																																	
CAND_SOUND_002665	Sound	unrelated	0		plus	candidate_pending_human_review			cmusphinx/cmudict	cmudict:formal-zero-shared-phone	flux	hep										3.016705693502853	3.2792015581683085	3.147953625835581	5	3		1	1																																	
CAND_SOUND_002666	Sound	unrelated	0		plus	candidate_pending_human_review			cmusphinx/cmudict	cmudict:formal-zero-shared-phone	botched	full										3.055857817465001	5.222461438853037	4.139159628159019	4	3		1	1																																	
CAND_SOUND_002667	Sound	unrelated	0		plus	candidate_pending_human_review			cmusphinx/cmudict	cmudict:formal-zero-shared-phone	mobs	nursed										2.769551078621726	2.982625903930577	2.8760884912761515	4	4		1	1																																	
CAND_SOUND_002668	Sound	unrelated	0		plus	candidate_pending_human_review			cmusphinx/cmudict	cmudict:formal-zero-shared-phone	nine	quarts										4.829114496522994	3.0248235837250323	3.926969040124013	3	6		1	1																																	
CAND_SOUND_002669	Sound	unrelated	0		plus	candidate_pending_human_review			cmusphinx/cmudict	cmudict:formal-zero-shared-phone	own	zeal										5.661998170498611	2.7837915177363364	4.222894844117474	2	3		1	1																																	
CAND_SOUND_002670	Sound	unrelated	0		plus	candidate_pending_human_review			cmusphinx/cmudict	cmudict:formal-zero-shared-phone	chews	own										2.769551078621726	5.661998170498611	4.215774624560169	3	2		1	1																																	
CAND_SOUND_002671	Sound	unrelated	0		plus	candidate_pending_human_review			cmusphinx/cmudict	cmudict:formal-zero-shared-phone	own	trapped										5.661998170498611	4.305267048607236	4.983632609552924	2	5		1	1																																	
CAND_SOUND_002672	Sound	unrelated	0		plus	candidate_pending_human_review			cmusphinx/cmudict	cmudict:formal-zero-shared-phone	piss	tones										4.372695451241908	3.2924298239020637	3.8325626375719857	3	4		1	1																																	
CAND_SOUND_002673	Sound	unrelated	0		plus	candidate_pending_human_review			cmusphinx/cmudict	cmudict:formal-zero-shared-phone	scorch	tones										2.6726410656136697	3.2924298239020637	2.9825354447578665	5	4		1	1																																	
CAND_SOUND_002674	Sound	unrelated	0		plus	candidate_pending_human_review			cmusphinx/cmudict	cmudict:formal-zero-shared-phone	plays	wuss										4.474559037955062	3.2701534291909113	3.8723562335729866	4	3		1	1																																	
CAND_SOUND_002675	Sound	unrelated	0		plus	candidate_pending_human_review			cmusphinx/cmudict	cmudict:formal-zero-shared-phone	swank	threw										2.6726410656136697	4.610910549076581	3.6417758073451254	5	3		1	1																																	
CAND_SOUND_002676	Sound	unrelated	0		plus	candidate_pending_human_review			cmusphinx/cmudict	cmudict:formal-zero-shared-phone	nine	twist										4.829114496522994	4.100640796826285	4.46487764667464	3	5		1	1																																	
CAND_SOUND_002677	Sound	unrelated	0		plus	candidate_pending_human_review			cmusphinx/cmudict	cmudict:formal-zero-shared-phone	lash	wuss										3.2218487496163566	3.2701534291909113	3.246001089403634	3	3		1	1																																	
CAND_SOUND_002678	Sound	unrelated	0		plus	candidate_pending_human_review			cmusphinx/cmudict	cmudict:formal-zero-shared-phone	fuse	seal										3.68688150472828	4.168647664493706	3.927764584610993	4	3		1	1																																	
CAND_SOUND_002679	Sound	unrelated	0		plus	candidate_pending_human_review			cmusphinx/cmudict	cmudict:formal-zero-shared-phone	cards	nest										4.681418609026778	4.045246255090335	4.363332432058557	5	4		1	1																																	
CAND_SOUND_002680	Sound	unrelated	0		plus	candidate_pending_human_review			cmusphinx/cmudict	cmudict:formal-zero-shared-phone	arts	both										3.9645276818377813	5.470312467167388	4.717420074502584	4	3		1	1																																	
CAND_SOUND_002681	Sound	unrelated	0		plus	candidate_pending_human_review			cmusphinx/cmudict	cmudict:formal-zero-shared-phone	deeds	na										3.912565878875821	3.6955503450778817	3.8040581119768513	4	2		1	1																																	
CAND_SOUND_002682	Sound	unrelated	0		plus	candidate_pending_human_review			cmusphinx/cmudict	cmudict:formal-zero-shared-phone	scalped	shores										2.883494430928563	3.3010299956639813	3.092262213296272	6	4		1	1																																	
CAND_SOUND_002683	Sound	unrelated	0		plus	candidate_pending_human_review			cmusphinx/cmudict	cmudict:formal-zero-shared-phone	sex	shores										5.182347507338269	3.3010299956639813	4.241688751501125	4	4		1	1																																	
CAND_SOUND_002684	Sound	unrelated	0		plus	candidate_pending_human_review			cmusphinx/cmudict	cmudict:formal-zero-shared-phone	held	na										4.627887724591448	3.6955503450778817	4.161719034834665	4	2		1	1																																	
CAND_SOUND_002685	Sound	unrelated	0		plus	candidate_pending_human_review			cmusphinx/cmudict	cmudict:formal-zero-shared-phone	globe	shores										3.7173114605331308	3.3010299956639813	3.509170728098556	4	4		1	1																																	
CAND_SOUND_002686	Sound	unrelated	0		plus	candidate_pending_human_review			cmusphinx/cmudict	cmudict:formal-zero-shared-phone	sash	tip										3.055857817465001	4.441340817011421	3.748599317238211	3	3		1	1																																	
CAND_SOUND_002687	Sound	unrelated	0		plus	candidate_pending_human_review			cmusphinx/cmudict	cmudict:formal-zero-shared-phone	brass	nine										4.083418298990879	4.829114496522994	4.456266397756936	4	3		1	1																																	
CAND_SOUND_002688	Sound	unrelated	0		plus	candidate_pending_human_review			cmusphinx/cmudict	cmudict:formal-zero-shared-phone	own	stub										5.661998170498611	2.982625903930577	4.322312037214594	2	4		1	1																																	
CAND_SOUND_002689	Sound	unrelated	0		plus	candidate_pending_human_review			cmusphinx/cmudict	cmudict:formal-zero-shared-phone	both	tiles										5.470312467167388	3.2218487496163566	4.346080608391873	3	4		1	1																																	
CAND_SOUND_002690	Sound	unrelated	0		plus	candidate_pending_human_review			cmusphinx/cmudict	cmudict:formal-zero-shared-phone	jinx	shores										3.6020599913279625	3.3010299956639813	3.451544993495972	5	4		1	1																																	
CAND_SOUND_002691	Sound	unrelated	0		plus	candidate_pending_human_review			cmusphinx/cmudict	cmudict:formal-zero-shared-phone	germ	scare										3.098609797885951	4.525933584243198	3.8122716910645744	3	4		1	1																																	
CAND_SOUND_002692	Sound	unrelated	0		plus	candidate_pending_human_review			cmusphinx/cmudict	cmudict:formal-zero-shared-phone	blog	na										2.8109437637799513	3.6955503450778817	3.2532470544289165	4	2		1	1																																	
CAND_SOUND_002693	Sound	unrelated	0		plus	candidate_pending_human_review			cmusphinx/cmudict	cmudict:formal-zero-shared-phone	cards	tempt										4.681418609026778	3.4030195342013125	4.042219071614046	5	5		1	1																																	
CAND_SOUND_002694	Sound	unrelated	0		plus	candidate_pending_human_review			cmusphinx/cmudict	cmudict:formal-zero-shared-phone	fad	heist										2.883494430928563	3.4965498065579883	3.1900221187432756	3	4		1	1																																	
CAND_SOUND_002695	Sound	unrelated	0		plus	candidate_pending_human_review			cmusphinx/cmudict	cmudict:formal-zero-shared-phone	cluck	na										3.1557526840225196	3.6955503450778817	3.425651514550201	4	2		1	1																																	
CAND_SOUND_002696	Sound	unrelated	0		plus	candidate_pending_human_review			cmusphinx/cmudict	cmudict:formal-zero-shared-phone	beat	shores										5.119540511368075	3.3010299956639813	4.2102852535160284	3	4		1	1																																	
CAND_SOUND_002697	Sound	unrelated	0		plus	candidate_pending_human_review			cmusphinx/cmudict	cmudict:formal-zero-shared-phone	nursed	pride										2.982625903930577	4.441956837656411	3.712291370793494	4	4		1	1																																	
CAND_SOUND_002698	Sound	unrelated	0		plus	candidate_pending_human_review			cmusphinx/cmudict	cmudict:formal-zero-shared-phone	camps	shores										3.5757310526056134	3.3010299956639813	3.4383805241347973	5	4		1	1																																	
CAND_SOUND_002699	Sound	unrelated	0		plus	candidate_pending_human_review			cmusphinx/cmudict	cmudict:formal-zero-shared-phone	heist	quiz										3.4965498065579883	3.693830364683608	3.595190085620798	4	4		1	1																																	
CAND_SOUND_002700	Sound	unrelated	0		plus	candidate_pending_human_review			cmusphinx/cmudict	cmudict:formal-zero-shared-phone	crops	own										3.4162814648691495	5.661998170498611	4.53913981768388	5	2		1	1																																	
CAND_SOUND_002701	Sound	unrelated	0		plus	candidate_pending_human_review			cmusphinx/cmudict	cmudict:formal-zero-shared-phone	botched	es										3.055857817465001	3.7837915177363364	3.4198246676006687	4	2		1	1																																	
CAND_SOUND_002702	Sound	unrelated	0		plus	candidate_pending_human_review			cmusphinx/cmudict	cmudict:formal-zero-shared-phone	ache	botched										3.3962335448580205	3.055857817465001	3.226045681161511	2	4		1	1																																	
CAND_SOUND_002703	Sound	unrelated	0		plus	candidate_pending_human_review			cmusphinx/cmudict	cmudict:formal-zero-shared-phone	apt	own										3.2418198305469765	5.661998170498611	4.451909000522794	3	2		1	1																																	
CAND_SOUND_002704	Sound	unrelated	0		plus	candidate_pending_human_review			cmusphinx/cmudict	cmudict:formal-zero-shared-phone	aimed	flux										3.2880650184996134	3.016705693502853	3.152385356001233	3	5		1	1																																	
CAND_SOUND_002705	Sound	unrelated	0		plus	candidate_pending_human_review			cmusphinx/cmudict	cmudict:formal-zero-shared-phone	few	tones										5.479753093277111	3.2924298239020637	4.386091458589587	3	4		1	1																																	
CAND_SOUND_002706	Sound	unrelated	0		plus	candidate_pending_human_review			cmusphinx/cmudict	cmudict:formal-zero-shared-phone	flux	vet										3.016705693502853	3.763721534961002	3.3902136142319277	5	3		1	1																																	
CAND_SOUND_002707	Sound	unrelated	0		plus	candidate_pending_human_review			cmusphinx/cmudict	cmudict:formal-zero-shared-phone	soothe	tones										3.1119737594439325	3.2924298239020637	3.202201791672998	3	4		1	1																																	
CAND_SOUND_002708	Sound	unrelated	0		plus	candidate_pending_human_review			cmusphinx/cmudict	cmudict:formal-zero-shared-phone	nine	slows										4.829114496522994	3.070581074285707	3.9498477854043506	3	4		1	1																																	
CAND_SOUND_002709	Sound	unrelated	0		plus	candidate_pending_human_review			cmusphinx/cmudict	cmudict:formal-zero-shared-phone	chow	sash										3.8364978682523394	3.055857817465001	3.4461778428586705	2	3		1	1																																	
CAND_SOUND_002710	Sound	unrelated	0		plus	candidate_pending_human_review			cmusphinx/cmudict	cmudict:formal-zero-shared-phone	na	pipes										3.6955503450778817	3.869921623739289	3.7827359844085855	2	4		1	1																																	
CAND_SOUND_002711	Sound	unrelated	0		plus	candidate_pending_human_review			cmusphinx/cmudict	cmudict:formal-zero-shared-phone	booze	nursed										4.039064022839643	2.982625903930577	3.51084496338511	3	4		1	1																																	
CAND_SOUND_002712	Sound	unrelated	0		plus	candidate_pending_human_review			cmusphinx/cmudict	cmudict:formal-zero-shared-phone	bale	cards										3.309463163200844	4.681418609026778	3.995440886113811	3	5		1	1																																	
CAND_SOUND_002713	Sound	unrelated	0		plus	candidate_pending_human_review			cmusphinx/cmudict	cmudict:formal-zero-shared-phone	charms	own										3.530475927030859	5.661998170498611	4.596237048764735	5	2		1	1																																	
CAND_SOUND_002714	Sound	unrelated	0		plus	candidate_pending_human_review			cmusphinx/cmudict	cmudict:formal-zero-shared-phone	cards	tin										4.681418609026778	3.9368684133699023	4.30914351119834	5	3		1	1																																	
CAND_SOUND_002715	Sound	unrelated	0		plus	candidate_pending_human_review			cmusphinx/cmudict	cmudict:formal-zero-shared-phone	both	frames										5.470312467167388	3.3338225090602887	4.402067488113838	3	5		1	1																																	
CAND_SOUND_002716	Sound	unrelated	0		plus	candidate_pending_human_review			cmusphinx/cmudict	cmudict:formal-zero-shared-phone	climb	sash										4.295459294455682	3.055857817465001	3.6756585559603416	4	3		1	1																																	
CAND_SOUND_002717	Sound	unrelated	0		plus	candidate_pending_human_review			cmusphinx/cmudict	cmudict:formal-zero-shared-phone	glaze	nursed										2.9456423376774072	2.982625903930577	2.964134120803992	4	4		1	1																																	
CAND_SOUND_002718	Sound	unrelated	0		plus	candidate_pending_human_review			cmusphinx/cmudict	cmudict:formal-zero-shared-phone	both	chaps										5.470312467167388	3.4097011195578277	4.440006793362608	3	4		1	1																																	
CAND_SOUND_002719	Sound	unrelated	0		plus	candidate_pending_human_review			cmusphinx/cmudict	cmudict:formal-zero-shared-phone	checks	nine										4.172671599797544	4.829114496522994	4.500893048160269	4	3		1	1																																	
CAND_SOUND_002720	Sound	unrelated	0		plus	candidate_pending_human_review			cmusphinx/cmudict	cmudict:formal-zero-shared-phone	flea	nine										3.520316528515737	4.829114496522994	4.174715512519366	3	3		1	1																																	
CAND_SOUND_002721	Sound	unrelated	0		plus	candidate_pending_human_review			cmusphinx/cmudict	cmudict:formal-zero-shared-phone	adds	shop										3.595625881322553	4.728751524041797	4.162188702682175	3	3		1	1																																	
CAND_SOUND_002722	Sound	unrelated	0		plus	candidate_pending_human_review			cmusphinx/cmudict	cmudict:formal-zero-shared-phone	drenched	swank										2.872213420518874	2.6726410656136697	2.7724272430662715	6	5		1	1																																	
CAND_SOUND_002723	Sound	unrelated	0		plus	candidate_pending_human_review			cmusphinx/cmudict	cmudict:formal-zero-shared-phone	cards	gloat										4.681418609026778	3.195519810894007	3.9384692099603926	5	4		1	1																																	
CAND_SOUND_002724	Sound	unrelated	0		plus	candidate_pending_human_review			cmusphinx/cmudict	cmudict:formal-zero-shared-phone	bathed	na										3.1436881726211388	3.6955503450778817	3.4196192588495102	4	2		1	1																																	
CAND_SOUND_002725	Sound	unrelated	0		plus	candidate_pending_human_review			cmusphinx/cmudict	cmudict:formal-zero-shared-phone	boob	shores										3.4771212547196626	3.3010299956639813	3.389075625191822	3	4		1	1																																	
CAND_SOUND_002726	Sound	unrelated	0		plus	candidate_pending_human_review			cmusphinx/cmudict	cmudict:formal-zero-shared-phone	romp	wuss										2.723793588061051	3.2701534291909113	2.996973508625981	4	3		1	1																																	
CAND_SOUND_002727	Sound	unrelated	0		plus	candidate_pending_human_review			cmusphinx/cmudict	cmudict:formal-zero-shared-phone	heat	na										4.602910715364739	3.6955503450778817	4.14923053022131	3	2		1	1																																	
CAND_SOUND_002728	Sound	unrelated	0		plus	candidate_pending_human_review			cmusphinx/cmudict	cmudict:formal-zero-shared-phone	botched	veiled										3.055857817465001	2.723793588061051	2.889825702763026	4	4		1	1																																	
CAND_SOUND_002729	Sound	unrelated	0		plus	candidate_pending_human_review			cmusphinx/cmudict	cmudict:formal-zero-shared-phone	ting	wuss										3.1119737594439325	3.2701534291909113	3.1910635943174217	3	3		1	1																																	
CAND_SOUND_002730	Sound	unrelated	0		plus	candidate_pending_human_review			cmusphinx/cmudict	cmudict:formal-zero-shared-phone	adds	plot										3.595625881322553	4.064017304783319	3.829821593052936	3	4		1	1																																	
CAND_SOUND_002731	Sound	unrelated	0		plus	candidate_pending_human_review			cmusphinx/cmudict	cmudict:formal-zero-shared-phone	own	proud										5.661998170498611	4.922348859405606	5.2921735149521085	2	4		1	1																																	
CAND_SOUND_002732	Sound	unrelated	0		plus	candidate_pending_human_review			cmusphinx/cmudict	cmudict:formal-zero-shared-phone	germ	waxed										3.098609797885951	3.131278914639319	3.114944356262635	3	5		1	1																																	
CAND_SOUND_002733	Sound	unrelated	0		plus	candidate_pending_human_review			cmusphinx/cmudict	cmudict:formal-zero-shared-phone	germ	treats										3.098609797885951	3.7934890861198154	3.446049442002883	3	5		1	1																																	
CAND_SOUND_002734	Sound	unrelated	0		plus	candidate_pending_human_review			cmusphinx/cmudict	cmudict:formal-zero-shared-phone	germ	rushed										3.098609797885951	3.7205646179308527	3.4095872079084018	3	4		1	1																																	
CAND_SOUND_002735	Sound	unrelated	0		plus	candidate_pending_human_review			cmusphinx/cmudict	cmudict:formal-zero-shared-phone	leash	tons										3.632873938742182	3.973671061277651	3.8032725000099163	3	4		1	1																																	
CAND_SOUND_002736	Sound	unrelated	0		plus	candidate_pending_human_review			cmusphinx/cmudict	cmudict:formal-zero-shared-phone	jumped	swells										4.325048584752784	3.0777596589128304	3.701404121832807	5	5		1	1																																	
CAND_SOUND_002737	Sound	unrelated	0		plus	candidate_pending_human_review			cmusphinx/cmudict	cmudict:formal-zero-shared-phone	dart	own										3.2836558995945584	5.661998170498611	4.472827035046585	4	2		1	1																																	
CAND_SOUND_002738	Sound	unrelated	0		plus	candidate_pending_human_review			cmusphinx/cmudict	cmudict:formal-zero-shared-phone	roar	tones										3.604183684957818	3.2924298239020637	3.448306754429941	3	4		1	1																																	
CAND_SOUND_002739	Sound	unrelated	0		plus	candidate_pending_human_review			cmusphinx/cmudict	cmudict:formal-zero-shared-phone	filled	swank										4.434193054177852	2.6726410656136697	3.553417059895761	4	5		1	1																																	
CAND_SOUND_002740	Sound	unrelated	0		plus	candidate_pending_human_review			cmusphinx/cmudict	cmudict:formal-zero-shared-phone	na	tripe										3.6955503450778817	2.905213680621799	3.3003820128498402	2	4		1	1																																	
CAND_SOUND_002741	Sound	unrelated	0		plus	candidate_pending_human_review			cmusphinx/cmudict	cmudict:formal-zero-shared-phone	gal	own										4.152767830473057	5.661998170498611	4.907383000485835	3	2		1	1																																	
CAND_SOUND_002742	Sound	unrelated	0		plus	candidate_pending_human_review			cmusphinx/cmudict	cmudict:formal-zero-shared-phone	book	wuss										5.247925153086191	3.2701534291909113	4.259039291138551	3	3		1	1																																	
CAND_SOUND_002743	Sound	unrelated	0		plus	candidate_pending_human_review			cmusphinx/cmudict	cmudict:formal-zero-shared-phone	taunt	wuss										2.7975798022219696	3.2701534291909113	3.0338666157064402	4	3		1	1																																	
CAND_SOUND_002744	Sound	unrelated	0		plus	candidate_pending_human_review			cmusphinx/cmudict	cmudict:formal-zero-shared-phone	own	shrink										5.661998170498611	4.053605637057795	4.857801903778203	2	5		1	1																																	
CAND_SOUND_002745	Sound	unrelated	0		plus	candidate_pending_human_review			cmusphinx/cmudict	cmudict:formal-zero-shared-phone	dune	wuss										3.0	3.2701534291909113	3.1350767145954554	3	3		1	1																																	
CAND_SOUND_002746	Sound	unrelated	0		plus	candidate_pending_human_review			cmusphinx/cmudict	cmudict:formal-zero-shared-phone	prayed	tones										3.6690067809585756	3.2924298239020637	3.4807183024303194	4	4		1	1																																	
CAND_SOUND_002747	Sound	unrelated	0		plus	candidate_pending_human_review			cmusphinx/cmudict	cmudict:formal-zero-shared-phone	bull	heist										4.4394874949304235	3.4965498065579883	3.968018650744206	3	4		1	1																																	
CAND_SOUND_002748	Sound	unrelated	0		plus	candidate_pending_human_review			cmusphinx/cmudict	cmudict:formal-zero-shared-phone	junk	seal										4.186745886586502	4.168647664493706	4.177696775540104	4	3		1	1																																	
CAND_SOUND_002749	Sound	unrelated	0		plus	candidate_pending_human_review			cmusphinx/cmudict	cmudict:formal-zero-shared-phone	adds	hurts										3.595625881322553	4.572780516948069	4.084203199135311	3	4		1	1																																	
CAND_SOUND_002750	Sound	unrelated	0		plus	candidate_pending_human_review			cmusphinx/cmudict	cmudict:formal-zero-shared-phone	both	dam										5.470312467167388	3.7592974442561733	4.614804955711781	3	3		1	1																																	
CAND_SOUND_002751	Sound	unrelated	0		plus	candidate_pending_human_review			cmusphinx/cmudict	cmudict:formal-zero-shared-phone	adds	squirt										3.595625881322553	3.4385578595803015	3.517091870451427	3	5		1	1																																	
CAND_SOUND_002752	Sound	unrelated	0		plus	candidate_pending_human_review			cmusphinx/cmudict	cmudict:formal-zero-shared-phone	cards	faith										4.681418609026778	4.665893545534432	4.673656077280605	5	3		1	1																																	
CAND_SOUND_002753	Sound	unrelated	0		plus	candidate_pending_human_review			cmusphinx/cmudict	cmudict:formal-zero-shared-phone	cult	nine										3.6484556810951863	4.829114496522994	4.23878508880909	4	3		1	1																																	
CAND_SOUND_002754	Sound	unrelated	0		plus	candidate_pending_human_review			cmusphinx/cmudict	cmudict:formal-zero-shared-phone	cards	fetched										4.681418609026778	2.7395878552442827	3.7105032321355305	5	4		1	1																																	
CAND_SOUND_002755	Sound	unrelated	0		plus	candidate_pending_human_review			cmusphinx/cmudict	cmudict:formal-zero-shared-phone	germ	shed										3.098609797885951	4.040617850908264	3.5696138243971074	3	3		1	1																																	
CAND_SOUND_002756	Sound	unrelated	0		plus	candidate_pending_human_review			cmusphinx/cmudict	cmudict:formal-zero-shared-phone	na	throat										3.6955503450778817	4.556538980207872	4.126044662642877	2	4		1	1																																	
CAND_SOUND_002757	Sound	unrelated	0		plus	candidate_pending_human_review			cmusphinx/cmudict	cmudict:formal-zero-shared-phone	horned	swells										2.723793588061051	3.0777596589128304	2.9007766234869408	5	5		1	1																																	
CAND_SOUND_002758	Sound	unrelated	0		plus	candidate_pending_human_review			cmusphinx/cmudict	cmudict:formal-zero-shared-phone	germ	stowed										3.098609797885951	2.8239087409443187	2.9612592694151347	3	4		1	1																																	
CAND_SOUND_002759	Sound	unrelated	0		plus	candidate_pending_human_review			cmusphinx/cmudict	cmudict:formal-zero-shared-phone	dug	seal										3.950441220559176	4.168647664493706	4.059544442526441	3	3		1	1																																	
CAND_SOUND_002760	Sound	unrelated	0		plus	candidate_pending_human_review			cmusphinx/cmudict	cmudict:formal-zero-shared-phone	heist	loaf										3.4965498065579883	3.6503646709025173	3.573457238730253	4	3		1	1																																	
CAND_SOUND_002761	Sound	unrelated	0		plus	candidate_pending_human_review			cmusphinx/cmudict	cmudict:formal-zero-shared-phone	pane	wuss										2.6726410656136697	3.2701534291909113	2.9713972474022903	3	3		1	1																																	
CAND_SOUND_002762	Sound	unrelated	0		plus	candidate_pending_human_review			cmusphinx/cmudict	cmudict:formal-zero-shared-phone	mugged	swells										3.44471816828512	3.0777596589128304	3.261238913598975	4	5		1	1																																	
CAND_SOUND_002763	Sound	unrelated	0		plus	candidate_pending_human_review			cmusphinx/cmudict	cmudict:formal-zero-shared-phone	adds	stiffed										3.595625881322553	2.9645276818377813	3.280076781580167	3	5		1	1																																	
CAND_SOUND_002764	Sound	unrelated	0		plus	candidate_pending_human_review			cmusphinx/cmudict	cmudict:formal-zero-shared-phone	ni	swells										3.1497623203333323	3.0777596589128304	3.1137609896230813	2	5		1	1																																	
CAND_SOUND_002765	Sound	unrelated	0		plus	candidate_pending_human_review			cmusphinx/cmudict	cmudict:formal-zero-shared-phone	der	swells										3.4771212547196626	3.0777596589128304	3.2774404568162465	2	5		1	1																																	
CAND_SOUND_002766	Sound	unrelated	0		plus	candidate_pending_human_review			cmusphinx/cmudict	cmudict:formal-zero-shared-phone	heist	prowl										3.4965498065579883	3.1119737594439325	3.3042617830009604	4	4		1	1																																	
CAND_SOUND_002767	Sound	unrelated	0		plus	candidate_pending_human_review			cmusphinx/cmudict	cmudict:formal-zero-shared-phone	na	theft										3.6955503450778817	3.8289882664735937	3.762269305775738	2	4		1	1																																	
CAND_SOUND_002768	Sound	unrelated	0		plus	candidate_pending_human_review			cmusphinx/cmudict	cmudict:formal-zero-shared-phone	knock	seal										4.810812139447408	4.168647664493706	4.489729901970557	3	3		1	1																																	
CAND_SOUND_002769	Sound	unrelated	0		plus	candidate_pending_human_review			cmusphinx/cmudict	cmudict:formal-zero-shared-phone	pair	swank										4.571183424854892	2.6726410656136697	3.621912245234281	3	5		1	1																																	
CAND_SOUND_002770	Sound	unrelated	0		plus	candidate_pending_human_review			cmusphinx/cmudict	cmudict:formal-zero-shared-phone	own	tight										5.661998170498611	4.706901773531366	5.184449972014988	2	3		1	1																																	
CAND_SOUND_002771	Sound	unrelated	0		plus	candidate_pending_human_review			cmusphinx/cmudict	cmudict:formal-zero-shared-phone	both	peeps										5.470312467167388	2.7975798022219696	4.133946134694678	3	4		1	1																																	
CAND_SOUND_002772	Sound	unrelated	0		plus	candidate_pending_human_review			cmusphinx/cmudict	cmudict:formal-zero-shared-phone	blimp	cards										3.016705693502853	4.681418609026778	3.8490621512648158	5	5		1	1																																	
CAND_SOUND_002773	Sound	unrelated	0		plus	candidate_pending_human_review			cmusphinx/cmudict	cmudict:formal-zero-shared-phone	deemed	shores										3.1436881726211388	3.3010299956639813	3.22235908414256	4	4		1	1																																	
CAND_SOUND_002774	Sound	unrelated	0		plus	candidate_pending_human_review			cmusphinx/cmudict	cmudict:formal-zero-shared-phone	my	tones										6.830121759078061	3.2924298239020637	5.061275791490062	2	4		1	1																																	
CAND_SOUND_002775	Sound	unrelated	0		plus	candidate_pending_human_review			cmusphinx/cmudict	cmudict:formal-zero-shared-phone	adds	mixed										3.595625881322553	4.329856321842687	3.96274110158262	3	5		1	1																																	
CAND_SOUND_002776	Sound	unrelated	0		plus	candidate_pending_human_review			cmusphinx/cmudict	cmudict:formal-zero-shared-phone	both	shoved										5.470312467167388	3.577987132909837	4.524149800038613	3	4		1	1																																	
CAND_SOUND_002777	Sound	unrelated	0		plus	candidate_pending_human_review			cmusphinx/cmudict	cmudict:formal-zero-shared-phone	own	slides										5.661998170498611	3.482761522072355	4.572379846285483	2	5		1	1																																	
CAND_SOUND_002778	Sound	unrelated	0		plus	candidate_pending_human_review			cmusphinx/cmudict	cmudict:formal-zero-shared-phone	botched	eye										3.055857817465001	5.048380864906195	4.052119341185598	4	1		1	1																																	
CAND_SOUND_002779	Sound	unrelated	0		plus	candidate_pending_human_review			cmusphinx/cmudict	cmudict:formal-zero-shared-phone	nine	scopes										4.829114496522994	2.6903698325741012	3.7597421645485474	3	5		1	1																																	
CAND_SOUND_002780	Sound	unrelated	0		plus	candidate_pending_human_review			cmusphinx/cmudict	cmudict:formal-zero-shared-phone	cards	lan										4.681418609026778	3.912565878875821	4.2969922439512995	5	3		1	1																																	
CAND_SOUND_002781	Sound	unrelated	0		plus	candidate_pending_human_review			cmusphinx/cmudict	cmudict:formal-zero-shared-phone	flunked	shores										3.2466723333413885	3.3010299956639813	3.273851164502685	6	4		1	1																																	
CAND_SOUND_002782	Sound	unrelated	0		plus	candidate_pending_human_review			cmusphinx/cmudict	cmudict:formal-zero-shared-phone	botched	mime										3.055857817465001	3.055857817465001	3.055857817465001	4	3		1	1																																	
CAND_SOUND_002783	Sound	unrelated	0		plus	candidate_pending_human_review			cmusphinx/cmudict	cmudict:formal-zero-shared-phone	card	swells										4.931617383837818	3.0777596589128304	4.004688521375324	4	5		1	1																																	
CAND_SOUND_002784	Sound	unrelated	0		plus	candidate_pending_human_review			cmusphinx/cmudict	cmudict:formal-zero-shared-phone	flux	train										3.016705693502853	4.977992435060294	3.9973490642815737	5	4		1	1																																	
CAND_SOUND_002785	Sound	unrelated	0		plus	candidate_pending_human_review			cmusphinx/cmudict	cmudict:formal-zero-shared-phone	na	wart										3.6955503450778817	3.0917703733556454	3.3936603592167636	2	4		1	1																																	
CAND_SOUND_002786	Sound	unrelated	0		plus	candidate_pending_human_review			cmusphinx/cmudict	cmudict:formal-zero-shared-phone	dodged	flux										2.9551876555836376	3.016705693502853	2.9859466745432455	4	5		1	1																																	
CAND_SOUND_002787	Sound	unrelated	0		plus	candidate_pending_human_review			cmusphinx/cmudict	cmudict:formal-zero-shared-phone	bounds	swank										3.353127664255675	2.6726410656136697	3.0128843649346724	5	5		1	1																																	
CAND_SOUND_002788	Sound	unrelated	0		plus	candidate_pending_human_review			cmusphinx/cmudict	cmudict:formal-zero-shared-phone	adds	tweaked										3.595625881322553	2.8606315479690587	3.2281287146458055	3	5		1	1																																	
CAND_SOUND_002789	Sound	unrelated	0		plus	candidate_pending_human_review			cmusphinx/cmudict	cmudict:formal-zero-shared-phone	doomed	seal										3.910477920614156	4.168647664493706	4.039562792553931	4	3		1	1																																	
CAND_SOUND_002790	Sound	unrelated	0		plus	candidate_pending_human_review			cmusphinx/cmudict	cmudict:formal-zero-shared-phone	king	wuss										5.111447022591123	3.2701534291909113	4.190800225891017	3	3		1	1																																	
CAND_SOUND_002791	Sound	unrelated	0		plus	candidate_pending_human_review			cmusphinx/cmudict	cmudict:formal-zero-shared-phone	thou	wuss										4.350855848359069	3.2701534291909113	3.81050463877499	2	3		1	1																																	
CAND_SOUND_002792	Sound	unrelated	0		plus	candidate_pending_human_review			cmusphinx/cmudict	cmudict:formal-zero-shared-phone	groom	seal										3.8934027195888117	4.168647664493706	4.031025192041259	4	3		1	1																																	
CAND_SOUND_002793	Sound	unrelated	0		plus	candidate_pending_human_review			cmusphinx/cmudict	cmudict:formal-zero-shared-phone	both	curves										5.470312467167388	3.1119737594439325	4.29114311330566	3	4		1	1																																	
CAND_SOUND_002794	Sound	unrelated	0		plus	candidate_pending_human_review			cmusphinx/cmudict	cmudict:formal-zero-shared-phone	gorge	sash										3.11850462660289	3.055857817465001	3.0871812220339456	4	3		1	1																																	
CAND_SOUND_002795	Sound	unrelated	0		plus	candidate_pending_human_review			cmusphinx/cmudict	cmudict:formal-zero-shared-phone	adds	grunt										3.595625881322553	3.3455082673854832	3.470567074354018	3	5		1	1																																	
CAND_SOUND_002796	Sound	unrelated	0		plus	candidate_pending_human_review			cmusphinx/cmudict	cmudict:formal-zero-shared-phone	scarf	tones										3.6708277248502013	3.2924298239020637	3.4816287743761327	5	4		1	1																																	
CAND_SOUND_002797	Sound	unrelated	0		plus	candidate_pending_human_review			cmusphinx/cmudict	cmudict:formal-zero-shared-phone	botched	wails										3.055857817465001	2.9456423376774072	3.000750077571204	4	4		1	1																																	
CAND_SOUND_002798	Sound	unrelated	0		plus	candidate_pending_human_review			cmusphinx/cmudict	cmudict:formal-zero-shared-phone	runs	swank										4.506478503314005	2.6726410656136697	3.5895597844638374	4	5		1	1																																	
CAND_SOUND_002799	Sound	unrelated	0		plus	candidate_pending_human_review			cmusphinx/cmudict	cmudict:formal-zero-shared-phone	bounced	cards										3.471406771195233	4.681418609026778	4.076412690111006	5	5		1	1																																	
CAND_SOUND_002800	Sound	unrelated	0		plus	candidate_pending_human_review			cmusphinx/cmudict	cmudict:formal-zero-shared-phone	horned	sash										2.723793588061051	3.055857817465001	2.889825702763026	5	3		1	1																																	
CAND_SOUND_002801	Sound	unrelated	0		plus	candidate_pending_human_review			cmusphinx/cmudict	cmudict:formal-zero-shared-phone	germ	poise										3.098609797885951	3.040617850908264	3.0696138243971074	3	3		1	1																																	
CAND_SOUND_002802	Sound	unrelated	0		plus	candidate_pending_human_review			cmusphinx/cmudict	cmudict:formal-zero-shared-phone	par	swank										3.6955503450778817	2.6726410656136697	3.1840957053457757	3	5		1	1																																	
CAND_SOUND_002803	Sound	unrelated	0		plus	candidate_pending_human_review			cmusphinx/cmudict	cmudict:formal-zero-shared-phone	crutch	own										3.11850462660289	5.661998170498611	4.390251398550751	4	2		1	1																																	
CAND_SOUND_002804	Sound	unrelated	0		plus	candidate_pending_human_review			cmusphinx/cmudict	cmudict:formal-zero-shared-phone	ditch	tones										3.895574196522246	3.2924298239020637	3.594002010212155	3	4		1	1																																	
CAND_SOUND_002805	Sound	unrelated	0		plus	candidate_pending_human_review			cmusphinx/cmudict	cmudict:formal-zero-shared-phone	both	shrine										5.470312467167388	3.471406771195233	4.470859619181311	3	4		1	1																																	
CAND_SOUND_002806	Sound	unrelated	0		plus	candidate_pending_human_review			cmusphinx/cmudict	cmudict:formal-zero-shared-phone	cards	tights										4.681418609026778	3.42276359239707	4.052091100711924	5	4		1	1																																	
CAND_SOUND_002807	Sound	unrelated	0		plus	candidate_pending_human_review			cmusphinx/cmudict	cmudict:formal-zero-shared-phone	nine	poked										4.829114496522994	3.11850462660289	3.973809561562942	3	4		1	1																																	
CAND_SOUND_002808	Sound	unrelated	0		plus	candidate_pending_human_review			cmusphinx/cmudict	cmudict:formal-zero-shared-phone	lest	own										3.2924298239020637	5.661998170498611	4.477213997200337	4	2		1	1																																	
CAND_SOUND_002809	Sound	unrelated	0		plus	candidate_pending_human_review			cmusphinx/cmudict	cmudict:formal-zero-shared-phone	na	vows										3.6955503450778817	3.812257817677782	3.753904081377832	2	3		1	1																																	
CAND_SOUND_002810	Sound	unrelated	0		plus	candidate_pending_human_review			cmusphinx/cmudict	cmudict:formal-zero-shared-phone	firms	na										3.2062436762857804	3.6955503450778817	3.450897010681831	4	2		1	1																																	
CAND_SOUND_002811	Sound	unrelated	0		plus	candidate_pending_human_review			cmusphinx/cmudict	cmudict:formal-zero-shared-phone	swank	thug										2.6726410656136697	3.542849826210958	3.1077454459123137	5	3		1	1																																	
CAND_SOUND_002812	Sound	unrelated	0		plus	candidate_pending_human_review			cmusphinx/cmudict	cmudict:formal-zero-shared-phone	own	words										5.661998170498611	5.086429624886534	5.374213897692573	2	4		1	1																																	
CAND_SOUND_002813	Sound	unrelated	0		plus	candidate_pending_human_review			cmusphinx/cmudict	cmudict:formal-zero-shared-phone	heist	ln										3.4965498065579883	4.866808388315146	4.181679097436567	4	3		1	1																																	
CAND_SOUND_002814	Sound	unrelated	0		plus	candidate_pending_human_review			cmusphinx/cmudict	cmudict:formal-zero-shared-phone	cock	wuss										4.055857817465001	3.2701534291909113	3.6630056233279564	3	3		1	1																																	
CAND_SOUND_002815	Sound	unrelated	0		plus	candidate_pending_human_review			cmusphinx/cmudict	cmudict:formal-zero-shared-phone	bait	nine										3.987911500392261	4.829114496522994	4.408512998457628	3	3		1	1																																	
CAND_SOUND_002816	Sound	unrelated	0		plus	candidate_pending_human_review			cmusphinx/cmudict	cmudict:formal-zero-shared-phone	breed	nine										3.8016323462331663	4.829114496522994	4.31537342137808	4	3		1	1																																	
CAND_SOUND_002817	Sound	unrelated	0		plus	candidate_pending_human_review			cmusphinx/cmudict	cmudict:formal-zero-shared-phone	adds	helps										3.595625881322553	4.327459106104431	3.961542493713492	3	5		1	1																																	
CAND_SOUND_002818	Sound	unrelated	0		plus	candidate_pending_human_review			cmusphinx/cmudict	cmudict:formal-zero-shared-phone	tones	waived										3.2924298239020637	2.8364978682523394	3.0644638460772016	4	4		1	1																																	
CAND_SOUND_002819	Sound	unrelated	0		plus	candidate_pending_human_review			cmusphinx/cmudict	cmudict:formal-zero-shared-phone	chewed	nine										3.3928003690196267	4.829114496522994	4.11095743277131	3	3		1	1																																	
CAND_SOUND_002820	Sound	unrelated	0		plus	candidate_pending_human_review			cmusphinx/cmudict	cmudict:formal-zero-shared-phone	monks	shores										3.425968732272281	3.3010299956639813	3.363499363968131	5	4		1	1																																	
CAND_SOUND_002821	Sound	unrelated	0		plus	candidate_pending_human_review			cmusphinx/cmudict	cmudict:formal-zero-shared-phone	blues	na										4.0109315127693375	3.6955503450778817	3.8532409289236096	4	2		1	1																																	
CAND_SOUND_002822	Sound	unrelated	0		plus	candidate_pending_human_review			cmusphinx/cmudict	cmudict:formal-zero-shared-phone	bid	swells										4.099964851970917	3.0777596589128304	3.5888622554418736	3	5		1	1																																	
CAND_SOUND_002823	Sound	unrelated	0		plus	candidate_pending_human_review			cmusphinx/cmudict	cmudict:formal-zero-shared-phone	blond	heist										4.019157032928636	3.4965498065579883	3.757853419743312	5	4		1	1																																	
CAND_SOUND_002824	Sound	unrelated	0		plus	candidate_pending_human_review			cmusphinx/cmudict	cmudict:formal-zero-shared-phone	mute	na										3.3962335448580205	3.6955503450778817	3.545891944967951	4	2		1	1																																	
CAND_SOUND_002825	Sound	unrelated	0		plus	candidate_pending_human_review			cmusphinx/cmudict	cmudict:formal-zero-shared-phone	nine	stroke										4.829114496522994	4.116555657818613	4.472835077170803	3	5		1	1																																	
CAND_SOUND_002826	Sound	unrelated	0		plus	candidate_pending_human_review			cmusphinx/cmudict	cmudict:formal-zero-shared-phone	bark	nine										3.7395878552442827	4.829114496522994	4.284351175883638	4	3		1	1																																	
CAND_SOUND_002827	Sound	unrelated	0		plus	candidate_pending_human_review			cmusphinx/cmudict	cmudict:formal-zero-shared-phone	check	own										5.445573680415807	5.661998170498611	5.553785925457209	3	2		1	1																																	
CAND_SOUND_002828	Sound	unrelated	0		plus	candidate_pending_human_review			cmusphinx/cmudict	cmudict:formal-zero-shared-phone	both	prep										5.470312467167388	3.8778905534105643	4.674101510288976	3	4		1	1																																	
CAND_SOUND_002829	Sound	unrelated	0		plus	candidate_pending_human_review			cmusphinx/cmudict	cmudict:formal-zero-shared-phone	flux	posed										3.016705693502853	3.3416478465722452	3.1791767700375493	5	4		1	1																																	
CAND_SOUND_002830	Sound	unrelated	0		plus	candidate_pending_human_review			cmusphinx/cmudict	cmudict:formal-zero-shared-phone	arse	germ										3.5734631911497914	3.098609797885951	3.336036494517871	3	3		1	1																																	
CAND_SOUND_002831	Sound	unrelated	0		plus	candidate_pending_human_review			cmusphinx/cmudict	cmudict:formal-zero-shared-phone	adds	sleeps										3.595625881322553	3.908379875558465	3.752002878440509	3	5		1	1																																	
CAND_SOUND_002832	Sound	unrelated	0		plus	candidate_pending_human_review			cmusphinx/cmudict	cmudict:formal-zero-shared-phone	falls	nine										4.40670712046365	4.829114496522994	4.617910808493322	4	3		1	1																																	
CAND_SOUND_002833	Sound	unrelated	0		plus	candidate_pending_human_review			cmusphinx/cmudict	cmudict:formal-zero-shared-phone	nursed	shawl										2.982625903930577	3.1375278639163207	3.0600768839234487	4	3		1	1																																	
CAND_SOUND_002834	Sound	unrelated	0		plus	candidate_pending_human_review			cmusphinx/cmudict	cmudict:formal-zero-shared-phone	drum	nursed										3.9279135707169757	2.982625903930577	3.4552697373237766	4	4		1	1																																	
CAND_SOUND_002835	Sound	unrelated	0		plus	candidate_pending_human_review			cmusphinx/cmudict	cmudict:formal-zero-shared-phone	both	stalk										5.470312467167388	3.226928275145631	4.3486203711565095	3	4		1	1																																	
CAND_SOUND_002836	Sound	unrelated	0		plus	candidate_pending_human_review			cmusphinx/cmudict	cmudict:formal-zero-shared-phone	aids	nine										3.0248235837250323	4.829114496522994	3.926969040124013	3	3		1	1																																	
CAND_SOUND_002837	Sound	unrelated	0		plus	candidate_pending_human_review			cmusphinx/cmudict	cmudict:formal-zero-shared-phone	rush	tones										4.497092335650283	3.2924298239020637	3.894761079776173	3	4		1	1																																	
CAND_SOUND_002838	Sound	unrelated	0		plus	candidate_pending_human_review			cmusphinx/cmudict	cmudict:formal-zero-shared-phone	heist	peels										3.4965498065579883	2.8364978682523394	3.1665238374051636	4	4		1	1																																	
CAND_SOUND_002839	Sound	unrelated	0		plus	candidate_pending_human_review			cmusphinx/cmudict	cmudict:formal-zero-shared-phone	flux	woes										3.016705693502853	2.723793588061051	2.870249640781952	5	3		1	1																																	
CAND_SOUND_002840	Sound	unrelated	0		plus	candidate_pending_human_review			cmusphinx/cmudict	cmudict:formal-zero-shared-phone	both	flops										5.470312467167388	2.7074031718728815	4.088857819520134	3	5		1	1																																	
CAND_SOUND_002841	Sound	unrelated	0		plus	candidate_pending_human_review			cmusphinx/cmudict	cmudict:formal-zero-shared-phone	nursed	there										2.982625903930577	6.638301286282986	4.810463595106782	4	3		1	1																																	
CAND_SOUND_002842	Sound	unrelated	0		plus	candidate_pending_human_review			cmusphinx/cmudict	cmudict:formal-zero-shared-phone	swank	tome										2.6726410656136697	2.883494430928563	2.7780677482711162	5	3		1	1																																	
CAND_SOUND_002843	Sound	unrelated	0		plus	candidate_pending_human_review			cmusphinx/cmudict	cmudict:formal-zero-shared-phone	chunks	nine										3.2701534291909113	4.829114496522994	4.049633962856952	5	3		1	1																																	
CAND_SOUND_002844	Sound	unrelated	0		plus	candidate_pending_human_review			cmusphinx/cmudict	cmudict:formal-zero-shared-phone	glib	swank										2.905213680621799	2.6726410656136697	2.788927373117734	4	5		1	1																																	
CAND_SOUND_002845	Sound	unrelated	0		plus	candidate_pending_human_review			cmusphinx/cmudict	cmudict:formal-zero-shared-phone	drives	sash										4.154561203215101	3.055857817465001	3.605209510340051	5	3		1	1																																	
CAND_SOUND_002846	Sound	unrelated	0		plus	candidate_pending_human_review			cmusphinx/cmudict	cmudict:formal-zero-shared-phone	both	meat										5.470312467167388	4.639954983900753	5.055133725534071	3	3		1	1																																	
CAND_SOUND_002847	Sound	unrelated	0		plus	candidate_pending_human_review			cmusphinx/cmudict	cmudict:formal-zero-shared-phone	climbed	na										3.6989700043360187	3.6955503450778817	3.6972601747069502	5	2		1	1																																	
CAND_SOUND_002848	Sound	unrelated	0		plus	candidate_pending_human_review			cmusphinx/cmudict	cmudict:formal-zero-shared-phone	adds	phlegm										3.595625881322553	2.8239087409443187	3.2097673111334357	3	4		1	1																																	
CAND_SOUND_002849	Sound	unrelated	0		plus	candidate_pending_human_review			cmusphinx/cmudict	cmudict:formal-zero-shared-phone	germ	vast										3.098609797885951	3.7851902129289012	3.441900005407426	3	4		1	1																																	
CAND_SOUND_002850	Sound	unrelated	0		plus	candidate_pending_human_review			cmusphinx/cmudict	cmudict:formal-zero-shared-phone	crest	nine										3.3218136015872735	4.829114496522994	4.0754640490551335	5	3		1	1																																	
CAND_SOUND_002851	Sound	unrelated	0		plus	candidate_pending_human_review			cmusphinx/cmudict	cmudict:formal-zero-shared-phone	jib	wuss										2.848732324669351	3.2701534291909113	3.059442876930131	3	3		1	1																																	
CAND_SOUND_002852	Sound	unrelated	0		plus	candidate_pending_human_review			cmusphinx/cmudict	cmudict:formal-zero-shared-phone	gyp	wuss										2.7837915177363364	3.2701534291909113	3.0269724734636236	3	3		1	1																																	
CAND_SOUND_002853	Sound	unrelated	0		plus	candidate_pending_human_review			cmusphinx/cmudict	cmudict:formal-zero-shared-phone	blurt	cards										2.6903698325741012	4.681418609026778	3.6858942208004395	4	5		1	1																																	
CAND_SOUND_002854	Sound	unrelated	0		plus	candidate_pending_human_review			cmusphinx/cmudict	cmudict:formal-zero-shared-phone	nine	tests										4.829114496522994	4.370523974308474	4.599819235415734	3	5		1	1																																	
CAND_SOUND_002855	Sound	unrelated	0		plus	candidate_pending_human_review			cmusphinx/cmudict	cmudict:formal-zero-shared-phone	botched	flank										3.055857817465001	3.6653418268721705	3.3605998221685858	4	5		1	1																																	
CAND_SOUND_002856	Sound	unrelated	0		plus	candidate_pending_human_review			cmusphinx/cmudict	cmudict:formal-zero-shared-phone	scoop	tones										3.7533276666586115	3.2924298239020637	3.5228787452803374	4	4		1	1																																	
CAND_SOUND_002857	Sound	unrelated	0		plus	candidate_pending_human_review			cmusphinx/cmudict	cmudict:formal-zero-shared-phone	nails	wuss										4.0429382187534095	3.2701534291909113	3.65654582397216	4	3		1	1																																	
CAND_SOUND_002858	Sound	unrelated	0		plus	candidate_pending_human_review			cmusphinx/cmudict	cmudict:formal-zero-shared-phone	sued	tones										3.68688150472828	3.2924298239020637	3.4896556643151717	3	4		1	1																																	
CAND_SOUND_002859	Sound	unrelated	0		plus	candidate_pending_human_review			cmusphinx/cmudict	cmudict:formal-zero-shared-phone	germ	suits										3.098609797885951	4.244252859217975	3.671431328551963	3	4		1	1																																	
CAND_SOUND_002860	Sound	unrelated	0		plus	candidate_pending_human_review			cmusphinx/cmudict	cmudict:formal-zero-shared-phone	adds	fork										3.595625881322553	3.9456423376774072	3.77063410949998	3	4		1	1																																	
CAND_SOUND_002861	Sound	unrelated	0		plus	candidate_pending_human_review			cmusphinx/cmudict	cmudict:formal-zero-shared-phone	gate	own										4.5056818760984605	5.661998170498611	5.083840023298536	3	2		1	1																																	
CAND_SOUND_002862	Sound	unrelated	0		plus	candidate_pending_human_review			cmusphinx/cmudict	cmudict:formal-zero-shared-phone	jerked	wuss										2.915679114299964	3.2701534291909113	3.0929162717454375	4	3		1	1																																	
CAND_SOUND_002863	Sound	unrelated	0		plus	candidate_pending_human_review			cmusphinx/cmudict	cmudict:formal-zero-shared-phone	na	yap										3.6955503450778817	3.1557526840225196	3.425651514550201	2	3		1	1																																	
CAND_SOUND_002864	Sound	unrelated	0		plus	candidate_pending_human_review			cmusphinx/cmudict	cmudict:formal-zero-shared-phone	na	stray										3.6955503450778817	3.7269987279362624	3.711274536507072	2	4		1	1																																	
CAND_SOUND_002865	Sound	unrelated	0		plus	candidate_pending_human_review			cmusphinx/cmudict	cmudict:formal-zero-shared-phone	own	stunk										5.661998170498611	2.9551876555836376	4.3085929130411245	2	5		1	1																																	
CAND_SOUND_002866	Sound	unrelated	0		plus	candidate_pending_human_review			cmusphinx/cmudict	cmudict:formal-zero-shared-phone	germ	tripped										3.098609797885951	3.6368220975871743	3.3677159477365626	3	5		1	1																																	
CAND_SOUND_002867	Sound	unrelated	0		plus	candidate_pending_human_review			cmusphinx/cmudict	cmudict:formal-zero-shared-phone	adds	vexed										3.595625881322553	2.6726410656136697	3.134133473468111	3	5		1	1																																	
CAND_SOUND_002868	Sound	unrelated	0		plus	candidate_pending_human_review			cmusphinx/cmudict	cmudict:formal-zero-shared-phone	own	slacks										5.661998170498611	3.040617850908264	4.351308010703438	2	5		1	1																																	
CAND_SOUND_002869	Sound	unrelated	0		plus	candidate_pending_human_review			cmusphinx/cmudict	cmudict:formal-zero-shared-phone	nine	tarts										4.829114496522994	3.048304679574555	3.9387095880487744	3	5		1	1																																	
CAND_SOUND_002870	Sound	unrelated	0		plus	candidate_pending_human_review			cmusphinx/cmudict	cmudict:formal-zero-shared-phone	quick	shores										5.036096345348277	3.3010299956639813	4.168563170506129	4	4		1	1																																	
CAND_SOUND_002871	Sound	unrelated	0		plus	candidate_pending_human_review			cmusphinx/cmudict	cmudict:formal-zero-shared-phone	own	wrecks										5.661998170498611	3.055857817465001	4.358927993981807	2	4		1	1																																	
CAND_SOUND_002872	Sound	unrelated	0		plus	candidate_pending_human_review			cmusphinx/cmudict	cmudict:formal-zero-shared-phone	cuss	own										3.0248235837250323	5.661998170498611	4.343410877111822	3	2		1	1																																	
CAND_SOUND_002873	Sound	unrelated	0		plus	candidate_pending_human_review			cmusphinx/cmudict	cmudict:formal-zero-shared-phone	shores	thou										3.3010299956639813	4.350855848359069	3.8259429220115253	4	2		1	1																																	
CAND_SOUND_002874	Sound	unrelated	0		plus	candidate_pending_human_review			cmusphinx/cmudict	cmudict:formal-zero-shared-phone	breeze	wuss										3.905213680621799	3.2701534291909113	3.5876835549063553	4	3		1	1																																	
CAND_SOUND_002875	Sound	unrelated	0		plus	candidate_pending_human_review			cmusphinx/cmudict	cmudict:formal-zero-shared-phone	garde	swank										2.982625903930577	2.6726410656136697	2.8276334847721234	4	5		1	1																																	
CAND_SOUND_002876	Sound	unrelated	0		plus	candidate_pending_human_review			cmusphinx/cmudict	cmudict:formal-zero-shared-phone	nursed	wore										2.982625903930577	4.326255517855374	3.6544407108929757	4	3		1	1																																	
CAND_SOUND_002877	Sound	unrelated	0		plus	candidate_pending_human_review			cmusphinx/cmudict	cmudict:formal-zero-shared-phone	arms	sash										4.776729663248849	3.055857817465001	3.916293740356925	4	3		1	1																																	
CAND_SOUND_002878	Sound	unrelated	0		plus	candidate_pending_human_review			cmusphinx/cmudict	cmudict:formal-zero-shared-phone	smooch	tons										2.6726410656136697	3.973671061277651	3.3231560634456603	4	4		1	1																																	
CAND_SOUND_002879	Sound	unrelated	0		plus	candidate_pending_human_review			cmusphinx/cmudict	cmudict:formal-zero-shared-phone	botched	moan										3.055857817465001	3.274701056941632	3.1652794372033166	4	3		1	1																																	
CAND_SOUND_002880	Sound	unrelated	0		plus	candidate_pending_human_review			cmusphinx/cmudict	cmudict:formal-zero-shared-phone	checked	shores										4.669371581048822	3.3010299956639813	3.985200788356402	4	4		1	1																																	
CAND_SOUND_002881	Sound	unrelated	0		plus	candidate_pending_human_review			cmusphinx/cmudict	cmudict:formal-zero-shared-phone	but	shores										6.645173666631628	3.3010299956639813	4.973101831147805	3	4		1	1																																	
CAND_SOUND_002882	Sound	unrelated	0		plus	candidate_pending_human_review			cmusphinx/cmudict	cmudict:formal-zero-shared-phone	own	sift										5.661998170498611	2.872213420518874	4.267105795508742	2	4		1	1																																	
CAND_SOUND_002883	Sound	unrelated	0		plus	candidate_pending_human_review			cmusphinx/cmudict	cmudict:formal-zero-shared-phone	mugs	na										3.3752151942185136	3.6955503450778817	3.535382769648198	4	2		1	1																																	
CAND_SOUND_002884	Sound	unrelated	0		plus	candidate_pending_human_review			cmusphinx/cmudict	cmudict:formal-zero-shared-phone	curve	na										3.6634976861738	3.6955503450778817	3.679524015625841	3	2		1	1																																	
CAND_SOUND_002885	Sound	unrelated	0		plus	candidate_pending_human_review			cmusphinx/cmudict	cmudict:formal-zero-shared-phone	bike	nursed										4.413003755107914	2.982625903930577	3.6978148295192454	3	4		1	1																																	
CAND_SOUND_002886	Sound	unrelated	0		plus	candidate_pending_human_review			cmusphinx/cmudict	cmudict:formal-zero-shared-phone	ants	germ										3.8547226883585384	3.098609797885951	3.476666243122245	4	3		1	1																																	
CAND_SOUND_002887	Sound	unrelated	0		plus	candidate_pending_human_review			cmusphinx/cmudict	cmudict:formal-zero-shared-phone	own	seams										5.661998170498611	3.1249387366083	4.393468453553456	2	4		1	1																																	
CAND_SOUND_002888	Sound	unrelated	0		plus	candidate_pending_human_review			cmusphinx/cmudict	cmudict:formal-zero-shared-phone	blade	shores										4.113943352306837	3.3010299956639813	3.707486673985409	4	4		1	1																																	
CAND_SOUND_002889	Sound	unrelated	0		plus	candidate_pending_human_review			cmusphinx/cmudict	cmudict:formal-zero-shared-phone	both	filmed										5.470312467167388	3.3752151942185136	4.422763830692951	3	5		1	1																																	
CAND_SOUND_002890	Sound	unrelated	0		plus	candidate_pending_human_review			cmusphinx/cmudict	cmudict:formal-zero-shared-phone	claws	own										3.6465382630494645	5.661998170498611	4.654268216774038	4	2		1	1																																	
CAND_SOUND_002891	Sound	unrelated	0		plus	candidate_pending_human_review			cmusphinx/cmudict	cmudict:formal-zero-shared-phone	seal	topped										4.168647664493706	2.973671061277651	3.5711593628856786	3	4		1	1																																	
CAND_SOUND_002892	Sound	unrelated	0		plus	candidate_pending_human_review			cmusphinx/cmudict	cmudict:formal-zero-shared-phone	na	war										3.6955503450778817	5.242405001731717	4.468977673404799	2	3		1	1																																	
CAND_SOUND_002893	Sound	unrelated	0		plus	candidate_pending_human_review			cmusphinx/cmudict	cmudict:formal-zero-shared-phone	binds	seal										2.872213420518874	4.168647664493706	3.52043054250629	5	3		1	1																																	
CAND_SOUND_002894	Sound	unrelated	0		plus	candidate_pending_human_review			cmusphinx/cmudict	cmudict:formal-zero-shared-phone	nursed	pulled										2.982625903930577	4.688280199920845	3.835453051925711	4	4		1	1																																	
CAND_SOUND_002895	Sound	unrelated	0		plus	candidate_pending_human_review			cmusphinx/cmudict	cmudict:formal-zero-shared-phone	theft	wuss										3.8289882664735937	3.2701534291909113	3.5495708478322525	4	3		1	1																																	
CAND_SOUND_002896	Sound	unrelated	0		plus	candidate_pending_human_review			cmusphinx/cmudict	cmudict:formal-zero-shared-phone	shores	snake										3.3010299956639813	4.349334675238536	3.8251823354512586	4	4		1	1																																	
CAND_SOUND_002897	Sound	unrelated	0		plus	candidate_pending_human_review			cmusphinx/cmudict	cmudict:formal-zero-shared-phone	na	tongues										3.6955503450778817	3.4883294763112973	3.5919399106945895	2	4		1	1																																	
CAND_SOUND_002898	Sound	unrelated	0		plus	candidate_pending_human_review			cmusphinx/cmudict	cmudict:formal-zero-shared-phone	cann	swells										2.7837915177363364	3.0777596589128304	2.9307755883245834	3	5		1	1																																	
CAND_SOUND_002899	Sound	unrelated	0		plus	candidate_pending_human_review			cmusphinx/cmudict	cmudict:formal-zero-shared-phone	brings	na										4.545525409751095	3.6955503450778817	4.120537877414488	5	2		1	1																																	
CAND_SOUND_002900	Sound	unrelated	0		plus	candidate_pending_human_review			cmusphinx/cmudict	cmudict:formal-zero-shared-phone	odds	own										4.2792015581683085	5.661998170498611	4.97059986433346	3	2		1	1																																	
CAND_SOUND_002901	Sound	unrelated	0		plus	candidate_pending_human_review			cmusphinx/cmudict	cmudict:formal-zero-shared-phone	seal	ten										4.168647664493706	5.161368002234974	4.66500783336434	3	3		1	1																																	
CAND_SOUND_002902	Sound	unrelated	0		plus	candidate_pending_human_review			cmusphinx/cmudict	cmudict:formal-zero-shared-phone	both	moist										5.470312467167388	3.256217651247619	4.363265059207503	3	4		1	1																																	
CAND_SOUND_002903	Sound	unrelated	0		plus	candidate_pending_human_review			cmusphinx/cmudict	cmudict:formal-zero-shared-phone	germ	plagued										3.098609797885951	3.2701534291909113	3.184381613538431	3	5		1	1																																	
CAND_SOUND_002904	Sound	unrelated	0		plus	candidate_pending_human_review			cmusphinx/cmudict	cmudict:formal-zero-shared-phone	duds	heist										3.131278914639319	3.4965498065579883	3.3139143605986536	4	4		1	1																																	
CAND_SOUND_002905	Sound	unrelated	0		plus	candidate_pending_human_review			cmusphinx/cmudict	cmudict:formal-zero-shared-phone	grew	tones										4.4664896316270895	3.2924298239020637	3.8794597277645764	3	4		1	1																																	
CAND_SOUND_002906	Sound	unrelated	0		plus	candidate_pending_human_review			cmusphinx/cmudict	cmudict:formal-zero-shared-phone	botched	nous										3.055857817465001	2.7395878552442827	2.897722836354642	4	3		1	1																																	
CAND_SOUND_002907	Sound	unrelated	0		plus	candidate_pending_human_review			cmusphinx/cmudict	cmudict:formal-zero-shared-phone	flux	wrong										3.016705693502853	5.718583092118043	4.367644392810448	5	3		1	1																																	
CAND_SOUND_002908	Sound	unrelated	0		plus	candidate_pending_human_review			cmusphinx/cmudict	cmudict:formal-zero-shared-phone	bathe	germ										3.399639793549932	3.098609797885951	3.2491247957179414	3	3		1	1																																	
CAND_SOUND_002909	Sound	unrelated	0		plus	candidate_pending_human_review			cmusphinx/cmudict	cmudict:formal-zero-shared-phone	leased	own										3.055857817465001	5.661998170498611	4.358927993981807	4	2		1	1																																	
CAND_SOUND_002910	Sound	unrelated	0		plus	candidate_pending_human_review			cmusphinx/cmudict	cmudict:formal-zero-shared-phone	gland	heist										3.1789205490745456	3.4965498065579883	3.337735177816267	5	4		1	1																																	
CAND_SOUND_002911	Sound	unrelated	0		plus	candidate_pending_human_review			cmusphinx/cmudict	cmudict:formal-zero-shared-phone	fleet	wuss										4.024823583725032	3.2701534291909113	3.6474885064579716	4	3		1	1																																	
CAND_SOUND_002912	Sound	unrelated	0		plus	candidate_pending_human_review			cmusphinx/cmudict	cmudict:formal-zero-shared-phone	botched	curl										3.055857817465001	3.3716110699496884	3.2137344437073447	4	3		1	1																																	
CAND_SOUND_002913	Sound	unrelated	0		plus	candidate_pending_human_review			cmusphinx/cmudict	cmudict:formal-zero-shared-phone	cards	twin										4.681418609026778	4.018341456197112	4.349880032611945	5	4		1	1																																	
CAND_SOUND_002914	Sound	unrelated	0		plus	candidate_pending_human_review			cmusphinx/cmudict	cmudict:formal-zero-shared-phone	forth	swank										4.197685872650515	2.6726410656136697	3.4351634691320925	4	5		1	1																																	
CAND_SOUND_002915	Sound	unrelated	0		plus	candidate_pending_human_review			cmusphinx/cmudict	cmudict:formal-zero-shared-phone	fowl	own										2.8364978682523394	5.661998170498611	4.249248019375475	3	2		1	1																																	
CAND_SOUND_002916	Sound	unrelated	0		plus	candidate_pending_human_review			cmusphinx/cmudict	cmudict:formal-zero-shared-phone	mean	shores										6.0948135349808545	3.3010299956639813	4.697921765322418	3	4		1	1																																	
CAND_SOUND_002917	Sound	unrelated	0		plus	candidate_pending_human_review			cmusphinx/cmudict	cmudict:formal-zero-shared-phone	pins	seal										3.6522653062419517	4.168647664493706	3.910456485367829	4	3		1	1																																	
CAND_SOUND_002918	Sound	unrelated	0		plus	candidate_pending_human_review			cmusphinx/cmudict	cmudict:formal-zero-shared-phone	own	troop										5.661998170498611	3.763721534961002	4.712859852729807	2	4		1	1																																	
CAND_SOUND_002919	Sound	unrelated	0		plus	candidate_pending_human_review			cmusphinx/cmudict	cmudict:formal-zero-shared-phone	served	tones										4.295459294455682	3.2924298239020637	3.7939445591788727	4	4		1	1																																	
CAND_SOUND_002920	Sound	unrelated	0		plus	candidate_pending_human_review			cmusphinx/cmudict	cmudict:formal-zero-shared-phone	downed	sash										3.0248235837250323	3.055857817465001	3.0403407005950167	4	3		1	1																																	
CAND_SOUND_002921	Sound	unrelated	0		plus	candidate_pending_human_review			cmusphinx/cmudict	cmudict:formal-zero-shared-phone	fart	germ										3.8083036676137425	3.098609797885951	3.4534567327498467	4	3		1	1																																	
CAND_SOUND_002922	Sound	unrelated	0		plus	candidate_pending_human_review			cmusphinx/cmudict	cmudict:formal-zero-shared-phone	seal	zoom										4.168647664493706	3.5501083987712483	3.8593780316324775	3	3		1	1																																	
CAND_SOUND_002923	Sound	unrelated	0		plus	candidate_pending_human_review			cmusphinx/cmudict	cmudict:formal-zero-shared-phone	heist	made										3.4965498065579883	5.749190490844633	4.622870148701311	4	3		1	1																																	
CAND_SOUND_002924	Sound	unrelated	0		plus	candidate_pending_human_review			cmusphinx/cmudict	cmudict:formal-zero-shared-phone	thong	tones										3.3218136015872735	3.2924298239020637	3.3071217127446686	3	4		1	1																																	
CAND_SOUND_002925	Sound	unrelated	0		plus	candidate_pending_human_review			cmusphinx/cmudict	cmudict:formal-zero-shared-phone	eat	sash										5.4011977415801455	3.055857817465001	4.228527779522573	2	3		1	1																																	
CAND_SOUND_002926	Sound	unrelated	0		plus	candidate_pending_human_review			cmusphinx/cmudict	cmudict:formal-zero-shared-phone	cards	peeps										4.681418609026778	2.7975798022219696	3.739499205624374	5	4		1	1																																	
CAND_SOUND_002927	Sound	unrelated	0		plus	candidate_pending_human_review			cmusphinx/cmudict	cmudict:formal-zero-shared-phone	botched	scan										3.055857817465001	3.973671061277651	3.514764439371326	4	4		1	1																																	
CAND_SOUND_002928	Sound	unrelated	0		plus	candidate_pending_human_review			cmusphinx/cmudict	cmudict:formal-zero-shared-phone	botched	downs										3.055857817465001	3.256217651247619	3.15603773435631	4	4		1	1																																	
CAND_SOUND_002929	Sound	unrelated	0		plus	candidate_pending_human_review			cmusphinx/cmudict	cmudict:formal-zero-shared-phone	na	plagues										3.6955503450778817	2.723793588061051	3.2096719665694664	2	5		1	1																																	
CAND_SOUND_002930	Sound	unrelated	0		plus	candidate_pending_human_review			cmusphinx/cmudict	cmudict:formal-zero-shared-phone	shores	such										3.3010299956639813	5.464214764456185	4.3826223800600825	4	3		1	1																																	
CAND_SOUND_002931	Sound	unrelated	0		plus	candidate_pending_human_review			cmusphinx/cmudict	cmudict:formal-zero-shared-phone	loo	swank										3.3752151942185136	2.6726410656136697	3.023928129916092	2	5		1	1																																	
CAND_SOUND_002932	Sound	unrelated	0		plus	candidate_pending_human_review			cmusphinx/cmudict	cmudict:formal-zero-shared-phone	both	clog										5.470312467167388	2.905213680621799	4.187763073894594	3	4		1	1																																	
CAND_SOUND_002933	Sound	unrelated	0		plus	candidate_pending_human_review			cmusphinx/cmudict	cmudict:formal-zero-shared-phone	blinked	nine										3.105343180544919	4.829114496522994	3.9672288385339565	6	3		1	1																																	
CAND_SOUND_002934	Sound	unrelated	0		plus	candidate_pending_human_review			cmusphinx/cmudict	cmudict:formal-zero-shared-phone	join	shores										4.92132938832267	3.3010299956639813	4.111179691993326	3	4		1	1																																	
CAND_SOUND_002935	Sound	unrelated	0		plus	candidate_pending_human_review			cmusphinx/cmudict	cmudict:formal-zero-shared-phone	flagged	germ										2.9551876555836376	3.098609797885951	3.026898726734794	5	3		1	1																																	
CAND_SOUND_002936	Sound	unrelated	0		plus	candidate_pending_human_review			cmusphinx/cmudict	cmudict:formal-zero-shared-phone	loads	wuss										3.554880913632493	3.2701534291909113	3.412517171411702	4	3		1	1																																	
CAND_SOUND_002937	Sound	unrelated	0		plus	candidate_pending_human_review			cmusphinx/cmudict	cmudict:formal-zero-shared-phone	botched	lore										3.055857817465001	2.8239087409443187	2.93988327920466	4	3		1	1																																	
CAND_SOUND_002938	Sound	unrelated	0		plus	candidate_pending_human_review			cmusphinx/cmudict	cmudict:formal-zero-shared-phone	drab	nine										2.905213680621799	4.829114496522994	3.8671640885723964	4	3		1	1																																	
CAND_SOUND_002939	Sound	unrelated	0		plus	candidate_pending_human_review			cmusphinx/cmudict	cmudict:formal-zero-shared-phone	flux	rash										3.016705693502853	3.905213680621799	3.460959687062326	5	3		1	1																																	
CAND_SOUND_002940	Sound	unrelated	0		plus	candidate_pending_human_review			cmusphinx/cmudict	cmudict:formal-zero-shared-phone	dolls	nursed										3.7533276666586115	2.982625903930577	3.3679767852945943	4	4		1	1																																	
CAND_SOUND_002941	Sound	unrelated	0		plus	candidate_pending_human_review			cmusphinx/cmudict	cmudict:formal-zero-shared-phone	banned	wuss										3.4291503910584704	3.2701534291909113	3.349651910124691	4	3		1	1																																	
CAND_SOUND_002942	Sound	unrelated	0		plus	candidate_pending_human_review			cmusphinx/cmudict	cmudict:formal-zero-shared-phone	both	dips										5.470312467167388	2.7975798022219696	4.133946134694678	3	4		1	1																																	
CAND_SOUND_002943	Sound	unrelated	0		plus	candidate_pending_human_review			cmusphinx/cmudict	cmudict:formal-zero-shared-phone	adds	cheats										3.595625881322553	3.329856321842687	3.46274110158262	3	4		1	1																																	
CAND_SOUND_002944	Sound	unrelated	0		plus	candidate_pending_human_review			cmusphinx/cmudict	cmudict:formal-zero-shared-phone	dose	germ										3.723793588061051	3.098609797885951	3.411201692973501	3	3		1	1																																	
CAND_SOUND_002945	Sound	unrelated	0		plus	candidate_pending_human_review			cmusphinx/cmudict	cmudict:formal-zero-shared-phone	own	scales										5.661998170498611	3.3052670486072357	4.483632609552924	2	5		1	1																																	
CAND_SOUND_002946	Sound	unrelated	0		plus	candidate_pending_human_review			cmusphinx/cmudict	cmudict:formal-zero-shared-phone	adds	boxed										3.595625881322553	3.11850462660289	3.3570652539627215	3	5		1	1																																	
CAND_SOUND_002947	Sound	unrelated	0		plus	candidate_pending_human_review			cmusphinx/cmudict	cmudict:formal-zero-shared-phone	dog	na										5.285204188157419	3.6955503450778817	4.49037726661765	3	2		1	1																																	
CAND_SOUND_002948	Sound	unrelated	0		plus	candidate_pending_human_review			cmusphinx/cmudict	cmudict:formal-zero-shared-phone	camped	seal										3.0917703733556454	4.168647664493706	3.630209018924676	5	3		1	1																																	
CAND_SOUND_002949	Sound	unrelated	0		plus	candidate_pending_human_review			cmusphinx/cmudict	cmudict:formal-zero-shared-phone	crass	na										2.848732324669351	3.6955503450778817	3.2721413348736164	4	2		1	1																																	
CAND_SOUND_002950	Sound	unrelated	0		plus	candidate_pending_human_review			cmusphinx/cmudict	cmudict:formal-zero-shared-phone	hauled	tones										3.1497623203333323	3.2924298239020637	3.2210960721176978	4	4		1	1																																	
CAND_SOUND_002951	Sound	unrelated	0		plus	candidate_pending_human_review			cmusphinx/cmudict	cmudict:formal-zero-shared-phone	lab	own										4.597781193348688	5.661998170498611	5.1298896819236495	3	2		1	1																																	
CAND_SOUND_002952	Sound	unrelated	0		plus	candidate_pending_human_review			cmusphinx/cmudict	cmudict:formal-zero-shared-phone	judge	swells										4.901276646228475	3.0777596589128304	3.989518152570653	3	5		1	1																																	
CAND_SOUND_002953	Sound	unrelated	0		plus	candidate_pending_human_review			cmusphinx/cmudict	cmudict:formal-zero-shared-phone	leaf	tones										3.7156756978388716	3.2924298239020637	3.5040527608704677	3	4		1	1																																	
CAND_SOUND_002954	Sound	unrelated	0		plus	candidate_pending_human_review			cmusphinx/cmudict	cmudict:formal-zero-shared-phone	heist	own										3.4965498065579883	5.661998170498611	4.5792739885283	4	2		1	1																																	
CAND_SOUND_002955	Sound	unrelated	0		plus	candidate_pending_human_review			cmusphinx/cmudict	cmudict:formal-zero-shared-phone	both	drive										5.470312467167388	5.185080857779364	5.327696662473376	3	4		1	1																																	
CAND_SOUND_002956	Sound	unrelated	0		plus	candidate_pending_human_review			cmusphinx/cmudict	cmudict:formal-zero-shared-phone	own	patched										5.661998170498611	3.274701056941632	4.468349613720122	2	4		1	1																																	
CAND_SOUND_002957	Sound	unrelated	0		plus	candidate_pending_human_review			cmusphinx/cmudict	cmudict:formal-zero-shared-phone	formed	swank										3.674446866476932	2.6726410656136697	3.173543966045301	5	5		1	1																																	
CAND_SOUND_002958	Sound	unrelated	0		plus	candidate_pending_human_review			cmusphinx/cmudict	cmudict:formal-zero-shared-phone	na	sealed										3.6955503450778817	3.9887862126353957	3.8421682788566387	2	4		1	1																																	
CAND_SOUND_002959	Sound	unrelated	0		plus	candidate_pending_human_review			cmusphinx/cmudict	cmudict:formal-zero-shared-phone	flux	round										3.016705693502853	4.823013683547181	3.919859688525017	5	4		1	1																																	
CAND_SOUND_002960	Sound	unrelated	0		plus	candidate_pending_human_review			cmusphinx/cmudict	cmudict:formal-zero-shared-phone	scrubbed	tones										3.184524426592544	3.2924298239020637	3.2384771252473037	6	4		1	1																																	
CAND_SOUND_002961	Sound	unrelated	0		plus	candidate_pending_human_review			cmusphinx/cmudict	cmudict:formal-zero-shared-phone	both	hives										5.470312467167388	3.098609797885951	4.284461132526669	3	4		1	1																																	
CAND_SOUND_002962	Sound	unrelated	0		plus	candidate_pending_human_review			cmusphinx/cmudict	cmudict:formal-zero-shared-phone	crushed	swells										3.9269070940627953	3.0777596589128304	3.5023333764878126	5	5		1	1																																	
CAND_SOUND_002963	Sound	unrelated	0		plus	candidate_pending_human_review			cmusphinx/cmudict	cmudict:formal-zero-shared-phone	heist	wreath										3.4965498065579883	3.0248235837250323	3.2606866951415103	4	3		1	1																																	
CAND_SOUND_002964	Sound	unrelated	0		plus	candidate_pending_human_review			cmusphinx/cmudict	cmudict:formal-zero-shared-phone	botched	dings										3.055857817465001	3.2418198305469765	3.148838824005989	4	4		1	1																																	
CAND_SOUND_002965	Sound	unrelated	0		plus	candidate_pending_human_review			cmusphinx/cmudict	cmudict:formal-zero-shared-phone	bore	heist										3.889026919528524	3.4965498065579883	3.692788363043256	3	4		1	1																																	
CAND_SOUND_002966	Sound	unrelated	0		plus	candidate_pending_human_review			cmusphinx/cmudict	cmudict:formal-zero-shared-phone	germ	harsh										3.098609797885951	3.851138394435229	3.47487409616059	3	4		1	1																																	
CAND_SOUND_002967	Sound	unrelated	0		plus	candidate_pending_human_review			cmusphinx/cmudict	cmudict:formal-zero-shared-phone	fair	tones										4.976556749515139	3.2924298239020637	4.134493286708602	3	4		1	1																																	
CAND_SOUND_002968	Sound	unrelated	0		plus	candidate_pending_human_review			cmusphinx/cmudict	cmudict:formal-zero-shared-phone	nine	scarred										4.829114496522994	3.11850462660289	3.973809561562942	3	5		1	1																																	
CAND_SOUND_002969	Sound	unrelated	0		plus	candidate_pending_human_review			cmusphinx/cmudict	cmudict:formal-zero-shared-phone	own	rings										5.661998170498611	4.475414790905646	5.0687064807021285	2	4		1	1																																	
CAND_SOUND_002970	Sound	unrelated	0		plus	candidate_pending_human_review			cmusphinx/cmudict	cmudict:formal-zero-shared-phone	cards	then										4.681418609026778	6.173049083073725	5.427233846050251	5	3		1	1																																	
CAND_SOUND_002971	Sound	unrelated	0		plus	candidate_pending_human_review			cmusphinx/cmudict	cmudict:formal-zero-shared-phone	wuss	zing										3.2701534291909113	3.070581074285707	3.170367251738309	3	3		1	1																																	
CAND_SOUND_002972	Sound	unrelated	0		plus	candidate_pending_human_review			cmusphinx/cmudict	cmudict:formal-zero-shared-phone	she	swells										6.572044302738093	3.0777596589128304	4.824901980825462	2	5		1	1																																	
CAND_SOUND_002973	Sound	unrelated	0		plus	candidate_pending_human_review			cmusphinx/cmudict	cmudict:formal-zero-shared-phone	nine	yams										4.829114496522994	2.935882500388251	3.8824984984556226	3	4		1	1																																	
CAND_SOUND_002974	Sound	unrelated	0		plus	candidate_pending_human_review			cmusphinx/cmudict	cmudict:formal-zero-shared-phone	robbed	tones										4.185636576961912	3.2924298239020637	3.7390332004319875	4	4		1	1																																	
CAND_SOUND_002975	Sound	unrelated	0		plus	candidate_pending_human_review			cmusphinx/cmudict	cmudict:formal-zero-shared-phone	dunk	swells										3.4130037551079138	3.0777596589128304	3.245381707010372	4	5		1	1																																	
CAND_SOUND_002976	Sound	unrelated	0		plus	candidate_pending_human_review			cmusphinx/cmudict	cmudict:formal-zero-shared-phone	doo	shores										3.63485250472427	3.3010299956639813	3.4679412501941256	2	4		1	1																																	
CAND_SOUND_002977	Sound	unrelated	0		plus	candidate_pending_human_review			cmusphinx/cmudict	cmudict:formal-zero-shared-phone	both	drilled										5.470312467167388	3.016705693502853	4.24350908033512	3	5		1	1																																	
CAND_SOUND_002978	Sound	unrelated	0		plus	candidate_pending_human_review			cmusphinx/cmudict	cmudict:formal-zero-shared-phone	nursed	pea										2.982625903930577	3.59128290031177	3.2869544021211734	4	2		1	1																																	
CAND_SOUND_002979	Sound	unrelated	0		plus	candidate_pending_human_review			cmusphinx/cmudict	cmudict:formal-zero-shared-phone	boom	wuss										4.338534611148102	3.2701534291909113	3.8043440201695065	3	3		1	1																																	
CAND_SOUND_002980	Sound	unrelated	0		plus	candidate_pending_human_review			cmusphinx/cmudict	cmudict:formal-zero-shared-phone	adds	knob										3.595625881322553	3.38933983691012	3.492482859116336	3	3		1	1																																	
CAND_SOUND_002981	Sound	unrelated	0		plus	candidate_pending_human_review			cmusphinx/cmudict	cmudict:formal-zero-shared-phone	ell	shores										3.260912772455999	3.3010299956639813	3.28097138405999	2	4		1	1																																	
CAND_SOUND_002982	Sound	unrelated	0		plus	candidate_pending_human_review			cmusphinx/cmudict	cmudict:formal-zero-shared-phone	sash	threw										3.055857817465001	4.610910549076581	3.833384183270791	3	3		1	1																																	
CAND_SOUND_002983	Sound	unrelated	0		plus	candidate_pending_human_review			cmusphinx/cmudict	cmudict:formal-zero-shared-phone	kite	sash										3.3606156856482254	3.055857817465001	3.2082367515566133	3	3		1	1																																	
CAND_SOUND_002984	Sound	unrelated	0		plus	candidate_pending_human_review			cmusphinx/cmudict	cmudict:formal-zero-shared-phone	nursed	shade										2.982625903930577	3.775303407510817	3.378964655720697	4	3		1	1																																	
CAND_SOUND_002985	Sound	unrelated	0		plus	candidate_pending_human_review			cmusphinx/cmudict	cmudict:formal-zero-shared-phone	shove	swank										4.121089720437384	2.6726410656136697	3.396865393025527	3	5		1	1																																	
CAND_SOUND_002986	Sound	unrelated	0		plus	candidate_pending_human_review			cmusphinx/cmudict	cmudict:formal-zero-shared-phone	muse	nine										3.2836558995945584	4.829114496522994	4.056385198058776	4	3		1	1																																	
CAND_SOUND_002987	Sound	unrelated	0		plus	candidate_pending_human_review			cmusphinx/cmudict	cmudict:formal-zero-shared-phone	breach	tones										3.7934890861198154	3.2924298239020637	3.54295945501094	4	4		1	1																																	
CAND_SOUND_002988	Sound	unrelated	0		plus	candidate_pending_human_review			cmusphinx/cmudict	cmudict:formal-zero-shared-phone	nine	shrieks										4.829114496522994	3.0327925133963074	3.9309535049596507	3	5		1	1																																	
CAND_SOUND_002989	Sound	unrelated	0		plus	candidate_pending_human_review			cmusphinx/cmudict	cmudict:formal-zero-shared-phone	germ	tries										3.098609797885951	4.199303358624134	3.6489565782550426	3	4		1	1																																	
CAND_SOUND_002990	Sound	unrelated	0		plus	candidate_pending_human_review			cmusphinx/cmudict	cmudict:formal-zero-shared-phone	flood	nine										3.756322812887971	4.829114496522994	4.2927186547054825	4	3		1	1																																	
CAND_SOUND_002991	Sound	unrelated	0		plus	candidate_pending_human_review			cmusphinx/cmudict	cmudict:formal-zero-shared-phone	germ	zones										3.098609797885951	3.2466723333413885	3.1726410656136697	3	4		1	1																																	
CAND_SOUND_002992	Sound	unrelated	0		plus	candidate_pending_human_review			cmusphinx/cmudict	cmudict:formal-zero-shared-phone	nine	scalps										4.829114496522994	2.7837915177363364	3.806453007129665	3	6		1	1																																	
CAND_SOUND_002993	Sound	unrelated	0		plus	candidate_pending_human_review			cmusphinx/cmudict	cmudict:formal-zero-shared-phone	ad	na										4.1337892943569186	3.6955503450778817	3.9146698197174	2	2		1	1																																	
CAND_SOUND_002994	Sound	unrelated	0		plus	candidate_pending_human_review			cmusphinx/cmudict	cmudict:formal-zero-shared-phone	dwarfs	na										3.0327925133963074	3.6955503450778817	3.3641714292370946	6	2		1	1																																	
CAND_SOUND_002995	Sound	unrelated	0		plus	candidate_pending_human_review			cmusphinx/cmudict	cmudict:formal-zero-shared-phone	adds	site										3.595625881322553	4.283655899594558	3.9396408904585556	3	3		1	1																																	
CAND_SOUND_002996	Sound	unrelated	0		plus	candidate_pending_human_review			cmusphinx/cmudict	cmudict:formal-zero-shared-phone	comp	seal										3.2218487496163566	4.168647664493706	3.695248207055031	4	3		1	1																																	
CAND_SOUND_002997	Sound	unrelated	0		plus	candidate_pending_human_review			cmusphinx/cmudict	cmudict:formal-zero-shared-phone	hull	tones										3.624868283817669	3.2924298239020637	3.458649053859866	3	4		1	1																																	
CAND_SOUND_002998	Sound	unrelated	0		plus	candidate_pending_human_review			cmusphinx/cmudict	cmudict:formal-zero-shared-phone	botched	care										3.055857817465001	5.6859699312500265	4.370913874357514	4	3		1	1																																	
CAND_SOUND_002999	Sound	unrelated	0		plus	candidate_pending_human_review			cmusphinx/cmudict	cmudict:formal-zero-shared-phone	dude	germ										4.997523434449937	3.098609797885951	4.048066616167944	3	3		1	1																																	
CAND_SOUND_003000	Sound	unrelated	0		plus	candidate_pending_human_review			cmusphinx/cmudict	cmudict:formal-zero-shared-phone	botched	paired										3.055857817465001	2.8109437637799513	2.933400790622476	4	4		1	1																																	
CAND_SOUND_003001	Sound	unrelated	0		plus	candidate_pending_human_review			cmusphinx/cmudict	cmudict:formal-zero-shared-phone	nursed	those										2.982625903930577	5.8768062849220915	4.429716094426334	4	3		1	1																																	
CAND_SOUND_003002	Sound	unrelated	0		plus	candidate_pending_human_review			cmusphinx/cmudict	cmudict:formal-zero-shared-phone	germ	stud										3.098609797885951	3.8414330859278514	3.4700214419069013	3	4		1	1																																	
CAND_SOUND_003003	Sound	unrelated	0		plus	candidate_pending_human_review			cmusphinx/cmudict	cmudict:formal-zero-shared-phone	adds	lifts										3.595625881322553	3.3752151942185136	3.4854205377705334	3	5		1	1																																	
CAND_SOUND_003004	Sound	unrelated	0		plus	candidate_pending_human_review			cmusphinx/cmudict	cmudict:formal-zero-shared-phone	loot	wuss										3.5501083987712483	3.2701534291909113	3.41013091398108	3	3		1	1																																	
CAND_SOUND_003005	Sound	unrelated	0		plus	candidate_pending_human_review			cmusphinx/cmudict	cmudict:formal-zero-shared-phone	pluck	sash										3.364311831208189	3.055857817465001	3.210084824336595	4	3		1	1																																	
CAND_SOUND_003006	Sound	unrelated	0		plus	candidate_pending_human_review			cmusphinx/cmudict	cmudict:formal-zero-shared-phone	booth	swank										4.309045371459241	2.6726410656136697	3.4908432185364555	3	5		1	1																																	
CAND_SOUND_003007	Sound	unrelated	0		plus	candidate_pending_human_review			cmusphinx/cmudict	cmudict:formal-zero-shared-phone	cards	ni										4.681418609026778	3.1497623203333323	3.9155904646800552	5	2		1	1																																	
CAND_SOUND_003008	Sound	unrelated	0		plus	candidate_pending_human_review			cmusphinx/cmudict	cmudict:formal-zero-shared-phone	flux	horns										3.016705693502853	3.7921169065204676	3.4044113000116605	5	5		1	1																																	
CAND_SOUND_003009	Sound	unrelated	0		plus	candidate_pending_human_review			cmusphinx/cmudict	cmudict:formal-zero-shared-phone	blinked	own										3.105343180544919	5.661998170498611	4.383670675521765	6	2		1	1																																	
CAND_SOUND_003010	Sound	unrelated	0		plus	candidate_pending_human_review			cmusphinx/cmudict	cmudict:formal-zero-shared-phone	ar	seal										3.349334675238536	4.168647664493706	3.758991169866121	2	3		1	1																																	
CAND_SOUND_003011	Sound	unrelated	0		plus	candidate_pending_human_review			cmusphinx/cmudict	cmudict:formal-zero-shared-phone	brass	own										4.083418298990879	5.661998170498611	4.872708234744746	4	2		1	1																																	
CAND_SOUND_003012	Sound	unrelated	0		plus	candidate_pending_human_review			cmusphinx/cmudict	cmudict:formal-zero-shared-phone	dwarf	sash										3.4883294763112973	3.055857817465001	3.272093646888149	5	3		1	1																																	
CAND_SOUND_003013	Sound	unrelated	0		plus	candidate_pending_human_review			cmusphinx/cmudict	cmudict:formal-zero-shared-phone	botched	swing										3.055857817465001	4.414645702174891	3.735251759819946	4	4		1	1																																	
CAND_SOUND_003014	Sound	unrelated	0		plus	candidate_pending_human_review			cmusphinx/cmudict	cmudict:formal-zero-shared-phone	gripe	nursed										2.894489815230026	2.982625903930577	2.9385578595803015	4	4		1	1																																	
CAND_SOUND_003015	Sound	unrelated	0		plus	candidate_pending_human_review			cmusphinx/cmudict	cmudict:formal-zero-shared-phone	own	sakes										5.661998170498611	4.075618514977322	4.8688083427379665	2	4		1	1																																	
CAND_SOUND_003016	Sound	unrelated	0		plus	candidate_pending_human_review			cmusphinx/cmudict	cmudict:formal-zero-shared-phone	both	grains										5.470312467167388	2.9913998282380825	4.2308561477027355	3	5		1	1																																	
CAND_SOUND_003017	Sound	unrelated	0		plus	candidate_pending_human_review			cmusphinx/cmudict	cmudict:formal-zero-shared-phone	adds	punched										3.595625881322553	3.7426789322214247	3.669152406771989	3	5		1	1																																	
CAND_SOUND_003018	Sound	unrelated	0		plus	candidate_pending_human_review			cmusphinx/cmudict	cmudict:formal-zero-shared-phone	flux	vent										3.016705693502853	3.644612342013426	3.3306590177581397	5	4		1	1																																	
CAND_SOUND_003019	Sound	unrelated	0		plus	candidate_pending_human_review			cmusphinx/cmudict	cmudict:formal-zero-shared-phone	lad	nine										4.159307638239563	4.829114496522994	4.494211067381278	3	3		1	1																																	
CAND_SOUND_003020	Sound	unrelated	0		plus	candidate_pending_human_review			cmusphinx/cmudict	cmudict:formal-zero-shared-phone	brats	na										3.167491087293764	3.6955503450778817	3.4315207161858226	5	2		1	1																																	
CAND_SOUND_003021	Sound	unrelated	0		plus	candidate_pending_human_review			cmusphinx/cmudict	cmudict:formal-zero-shared-phone	adds	fair										3.595625881322553	4.976556749515139	4.286091315418846	3	3		1	1																																	
CAND_SOUND_003022	Sound	unrelated	0		plus	candidate_pending_human_review			cmusphinx/cmudict	cmudict:formal-zero-shared-phone	clock	nine										4.768101012226493	4.829114496522994	4.798607754374744	4	3		1	1																																	
CAND_SOUND_003023	Sound	unrelated	0		plus	candidate_pending_human_review			cmusphinx/cmudict	cmudict:formal-zero-shared-phone	grabbed	heist										4.1249387366083	3.4965498065579883	3.810744271583144	5	4		1	1																																	
CAND_SOUND_003024	Sound	unrelated	0		plus	candidate_pending_human_review			cmusphinx/cmudict	cmudict:formal-zero-shared-phone	botched	haul										3.055857817465001	3.8499370258077215	3.4528974216363615	4	3		1	1																																	
CAND_SOUND_003025	Sound	unrelated	0		plus	candidate_pending_human_review			cmusphinx/cmudict	cmudict:formal-zero-shared-phone	both	sawed										5.470312467167388	2.7395878552442827	4.104950161205835	3	3		1	1																																	
CAND_SOUND_003026	Sound	unrelated	0		plus	candidate_pending_human_review			cmusphinx/cmudict	cmudict:formal-zero-shared-phone	suede	tones										3.256217651247619	3.2924298239020637	3.274323737574841	4	4		1	1																																	
CAND_SOUND_003027	Sound	unrelated	0		plus	candidate_pending_human_review			cmusphinx/cmudict	cmudict:formal-zero-shared-phone	seal	trot										4.168647664493706	3.256217651247619	3.7124326578706626	3	4		1	1																																	
CAND_SOUND_003028	Sound	unrelated	0		plus	candidate_pending_human_review			cmusphinx/cmudict	cmudict:formal-zero-shared-phone	germ	quad										3.098609797885951	3.190056915192505	3.144333356539228	3	4		1	1																																	
CAND_SOUND_003029	Sound	unrelated	0		plus	candidate_pending_human_review			cmusphinx/cmudict	cmudict:formal-zero-shared-phone	sash	wedged										3.055857817465001	2.9913998282380825	3.023628822851542	3	4		1	1																																	
CAND_SOUND_003030	Sound	unrelated	0		plus	candidate_pending_human_review			cmusphinx/cmudict	cmudict:formal-zero-shared-phone	goals	swank										3.710731115221809	2.6726410656136697	3.1916860904177393	4	5		1	1																																	
CAND_SOUND_003031	Sound	unrelated	0		plus	candidate_pending_human_review			cmusphinx/cmudict	cmudict:formal-zero-shared-phone	earned	seal										4.1026623418971475	4.168647664493706	4.135655003195427	3	3		1	1																																	
CAND_SOUND_003032	Sound	unrelated	0		plus	candidate_pending_human_review			cmusphinx/cmudict	cmudict:formal-zero-shared-phone	cards	slope										4.681418609026778	3.468521082957745	4.074969845992261	5	4		1	1																																	
CAND_SOUND_003033	Sound	unrelated	0		plus	candidate_pending_human_review			cmusphinx/cmudict	cmudict:formal-zero-shared-phone	brings	wuss										4.545525409751095	3.2701534291909113	3.907839419471003	5	3		1	1																																	
CAND_SOUND_003034	Sound	unrelated	0		plus	candidate_pending_human_review			cmusphinx/cmudict	cmudict:formal-zero-shared-phone	germ	taught										3.098609797885951	4.64190162311645	3.8702557105012003	3	3		1	1																																	
CAND_SOUND_003035	Sound	unrelated	0		plus	candidate_pending_human_review			cmusphinx/cmudict	cmudict:formal-zero-shared-phone	arch	nine										3.5665876731657433	4.829114496522994	4.197851084844369	3	3		1	1																																	
CAND_SOUND_003036	Sound	unrelated	0		plus	candidate_pending_human_review			cmusphinx/cmudict	cmudict:formal-zero-shared-phone	own	tie										5.661998170498611	4.647689729429442	5.154843949964027	2	2		1	1																																	
CAND_SOUND_003037	Sound	unrelated	0		plus	candidate_pending_human_review			cmusphinx/cmudict	cmudict:formal-zero-shared-phone	both	shrunk										5.470312467167388	3.190056915192505	4.330184691179946	3	5		1	1																																	
CAND_SOUND_003038	Sound	unrelated	0		plus	candidate_pending_human_review			cmusphinx/cmudict	cmudict:formal-zero-shared-phone	cards	tu										4.681418609026778	3.5046174283060214	4.0930180186664	5	2		1	1																																	
CAND_SOUND_003039	Sound	unrelated	0		plus	candidate_pending_human_review			cmusphinx/cmudict	cmudict:formal-zero-shared-phone	dyke	own										3.4130037551079138	5.661998170498611	4.5375009628032625	3	2		1	1																																	
CAND_SOUND_003040	Sound	unrelated	0		plus	candidate_pending_human_review			cmusphinx/cmudict	cmudict:formal-zero-shared-phone	smooch	tones										2.6726410656136697	3.2924298239020637	2.9825354447578665	4	4		1	1																																	
CAND_SOUND_003041	Sound	unrelated	0		plus	candidate_pending_human_review			cmusphinx/cmudict	cmudict:formal-zero-shared-phone	na	worst										3.6955503450778817	4.750916587700271	4.223233466389076	2	4		1	1																																	
CAND_SOUND_003042	Sound	unrelated	0		plus	candidate_pending_human_review			cmusphinx/cmudict	cmudict:formal-zero-shared-phone	bluffed	germ										2.723793588061051	3.098609797885951	2.911201692973501	5	3		1	1																																	
CAND_SOUND_003043	Sound	unrelated	0		plus	candidate_pending_human_review			cmusphinx/cmudict	cmudict:formal-zero-shared-phone	nine	yi										4.829114496522994	3.4597471586502397	4.144430827586617	3	2		1	1																																	
CAND_SOUND_003044	Sound	unrelated	0		plus	candidate_pending_human_review			cmusphinx/cmudict	cmudict:formal-zero-shared-phone	na	wuss										3.6955503450778817	3.2701534291909113	3.4828518871343963	2	3		1	1																																	
CAND_SOUND_003045	Sound	unrelated	0		plus	candidate_pending_human_review			cmusphinx/cmudict	cmudict:formal-zero-shared-phone	blip	nursed										2.905213680621799	2.982625903930577	2.943919792276188	4	4		1	1																																	
CAND_SOUND_003046	Sound	unrelated	0		plus	candidate_pending_human_review			cmusphinx/cmudict	cmudict:formal-zero-shared-phone	prick	tones										4.149762320333332	3.2924298239020637	3.7210960721176978	4	4		1	1																																	
CAND_SOUND_003047	Sound	unrelated	0		plus	candidate_pending_human_review			cmusphinx/cmudict	cmudict:formal-zero-shared-phone	botched	wed										3.055857817465001	3.38933983691012	3.2225988271875607	4	3		1	1																																	
CAND_SOUND_003048	Sound	unrelated	0		plus	candidate_pending_human_review			cmusphinx/cmudict	cmudict:formal-zero-shared-phone	nine	tagged										4.829114496522994	3.274701056941632	4.051907776732313	3	4		1	1																																	
CAND_SOUND_003049	Sound	unrelated	0		plus	candidate_pending_human_review			cmusphinx/cmudict	cmudict:formal-zero-shared-phone	own	peas										5.661998170498611	3.6671781699121677	4.6645881702053895	2	3		1	1																																	
CAND_SOUND_003050	Sound	unrelated	0		plus	candidate_pending_human_review			cmusphinx/cmudict	cmudict:formal-zero-shared-phone	botched	grade										3.055857817465001	4.4664896316270895	3.7611737245460453	4	4		1	1																																	
CAND_SOUND_003051	Sound	unrelated	0		plus	candidate_pending_human_review			cmusphinx/cmudict	cmudict:formal-zero-shared-phone	drawn	germ										4.026429110440451	3.098609797885951	3.562519454163201	4	3		1	1																																	
CAND_SOUND_003052	Sound	unrelated	0		plus	candidate_pending_human_review			cmusphinx/cmudict	cmudict:formal-zero-shared-phone	botched	finds										3.055857817465001	4.466198647038714	3.7610282322518573	4	5		1	1																																	
CAND_SOUND_003053	Sound	unrelated	0		plus	candidate_pending_human_review			cmusphinx/cmudict	cmudict:formal-zero-shared-phone	germ	tab										3.098609797885951	3.760777154314221	3.429693476100086	3	3		1	1																																	
CAND_SOUND_003054	Sound	unrelated	0		plus	candidate_pending_human_review			cmusphinx/cmudict	cmudict:formal-zero-shared-phone	round	swank										4.823013683547181	2.6726410656136697	3.7478273745804254	4	5		1	1																																	
CAND_SOUND_003055	Sound	unrelated	0		plus	candidate_pending_human_review			cmusphinx/cmudict	cmudict:formal-zero-shared-phone	blares	na										3.016705693502853	3.6955503450778817	3.3561280192903675	5	2		1	1																																	
CAND_SOUND_003056	Sound	unrelated	0		plus	candidate_pending_human_review			cmusphinx/cmudict	cmudict:formal-zero-shared-phone	long	tones										5.829404686475652	3.2924298239020637	4.5609172551888575	3	4		1	1																																	
CAND_SOUND_003057	Sound	unrelated	0		plus	candidate_pending_human_review			cmusphinx/cmudict	cmudict:formal-zero-shared-phone	nine	tracks										4.829114496522994	4.223887694591069	4.526501095557031	3	5		1	1																																	
CAND_SOUND_003058	Sound	unrelated	0		plus	candidate_pending_human_review			cmusphinx/cmudict	cmudict:formal-zero-shared-phone	germ	pay										3.098609797885951	5.405871777867385	4.2522407878766675	3	2		1	1																																	
CAND_SOUND_003059	Sound	unrelated	0		plus	candidate_pending_human_review			cmusphinx/cmudict	cmudict:formal-zero-shared-phone	botched	paged										3.055857817465001	3.44471816828512	3.2502879928750605	4	4		1	1																																	
CAND_SOUND_003060	Sound	unrelated	0		plus	candidate_pending_human_review			cmusphinx/cmudict	cmudict:formal-zero-shared-phone	cons	heist										3.3416478465722452	3.4965498065579883	3.4190988265651168	4	4		1	1																																	
CAND_SOUND_003061	Sound	unrelated	0		plus	candidate_pending_human_review			cmusphinx/cmudict	cmudict:formal-zero-shared-phone	both	ni										5.470312467167388	3.1497623203333323	4.31003739375036	3	2		1	1																																	
CAND_SOUND_003062	Sound	unrelated	0		plus	candidate_pending_human_review			cmusphinx/cmudict	cmudict:formal-zero-shared-phone	nine	press										4.829114496522994	4.77956819937925	4.804341347951122	3	4		1	1																																	
CAND_SOUND_003063	Sound	unrelated	0		plus	candidate_pending_human_review			cmusphinx/cmudict	cmudict:formal-zero-shared-phone	downed	swells										3.0248235837250323	3.0777596589128304	3.0512916213189314	4	5		1	1																																	
CAND_SOUND_003064	Sound	unrelated	0		plus	candidate_pending_human_review			cmusphinx/cmudict	cmudict:formal-zero-shared-phone	botched	zap										3.055857817465001	3.38933983691012	3.2225988271875607	4	3		1	1																																	
CAND_SOUND_003065	Sound	unrelated	0		plus	candidate_pending_human_review			cmusphinx/cmudict	cmudict:formal-zero-shared-phone	cults	own										2.8109437637799513	5.661998170498611	4.236470967139281	5	2		1	1																																	
CAND_SOUND_003066	Sound	unrelated	0		plus	candidate_pending_human_review			cmusphinx/cmudict	cmudict:formal-zero-shared-phone	hearse	tones										3.2009148427807133	3.2924298239020637	3.2466723333413885	3	4		1	1																																	
CAND_SOUND_003067	Sound	unrelated	0		plus	candidate_pending_human_review			cmusphinx/cmudict	cmudict:formal-zero-shared-phone	milk	sash										4.628689375916257	3.055857817465001	3.842273596690629	4	3		1	1																																	
CAND_SOUND_003068	Sound	unrelated	0		plus	candidate_pending_human_review			cmusphinx/cmudict	cmudict:formal-zero-shared-phone	earth	nine										4.997780286787775	4.829114496522994	4.913447391655385	2	3		1	1																																	
CAND_SOUND_003069	Sound	unrelated	0		plus	candidate_pending_human_review			cmusphinx/cmudict	cmudict:formal-zero-shared-phone	adds	scouts										3.595625881322553	3.738034027175661	3.666829954249107	3	5		1	1																																	
CAND_SOUND_003070	Sound	unrelated	0		plus	candidate_pending_human_review			cmusphinx/cmudict	cmudict:formal-zero-shared-phone	nine	sift										4.829114496522994	2.872213420518874	3.8506639585209337	3	4		1	1																																	
CAND_SOUND_003071	Sound	unrelated	0		plus	candidate_pending_human_review			cmusphinx/cmudict	cmudict:formal-zero-shared-phone	like	tones										6.6019471452588885	3.2924298239020637	4.947188484580476	3	4		1	1																																	
CAND_SOUND_003072	Sound	unrelated	0		plus	candidate_pending_human_review			cmusphinx/cmudict	cmudict:formal-zero-shared-phone	cuts	germ										4.058098378661078	3.098609797885951	3.5783540882735143	4	3		1	1																																	
CAND_SOUND_003073	Sound	unrelated	0		plus	candidate_pending_human_review			cmusphinx/cmudict	cmudict:formal-zero-shared-phone	both	gills										5.470312467167388	3.0777596589128304	4.274036063040109	3	4		1	1																																	
CAND_SOUND_003074	Sound	unrelated	0		plus	candidate_pending_human_review			cmusphinx/cmudict	cmudict:formal-zero-shared-phone	fives	na										3.11850462660289	3.6955503450778817	3.407027485840386	4	2		1	1																																	
CAND_SOUND_003075	Sound	unrelated	0		plus	candidate_pending_human_review			cmusphinx/cmudict	cmudict:formal-zero-shared-phone	apt	nine										3.2418198305469765	4.829114496522994	4.035467163534985	3	3		1	1																																	
CAND_SOUND_003076	Sound	unrelated	0		plus	candidate_pending_human_review			cmusphinx/cmudict	cmudict:formal-zero-shared-phone	germ	thanked										3.098609797885951	3.5802315538322897	3.3394206758591203	3	5		1	1																																	
CAND_SOUND_003077	Sound	unrelated	0		plus	candidate_pending_human_review			cmusphinx/cmudict	cmudict:formal-zero-shared-phone	mouse	nine										4.2814344396006	4.829114496522994	4.555274468061797	3	3		1	1																																	
CAND_SOUND_003078	Sound	unrelated	0		plus	candidate_pending_human_review			cmusphinx/cmudict	cmudict:formal-zero-shared-phone	mocked	own										3.0	5.661998170498611	4.330999085249306	4	2		1	1																																	
CAND_SOUND_003079	Sound	unrelated	0		plus	candidate_pending_human_review			cmusphinx/cmudict	cmudict:formal-zero-shared-phone	adds	punk										3.595625881322553	4.342035436497037	3.968830658909795	3	4		1	1																																	
CAND_SOUND_003080	Sound	unrelated	0		plus	candidate_pending_human_review			cmusphinx/cmudict	cmudict:formal-zero-shared-phone	sash	tuck										3.055857817465001	3.900955857479258	3.4784068374721295	3	3		1	1																																	
CAND_SOUND_003081	Sound	unrelated	0		plus	candidate_pending_human_review			cmusphinx/cmudict	cmudict:formal-zero-shared-phone	coil	heist										3.2062436762857804	3.4965498065579883	3.351396741421884	3	4		1	1																																	
CAND_SOUND_003082	Sound	unrelated	0		plus	candidate_pending_human_review			cmusphinx/cmudict	cmudict:formal-zero-shared-phone	flock	sash										3.6671781699121677	3.055857817465001	3.3615179936885844	4	3		1	1																																	
CAND_SOUND_003083	Sound	unrelated	0		plus	candidate_pending_human_review			cmusphinx/cmudict	cmudict:formal-zero-shared-phone	seal	wig										4.168647664493706	3.9218394230047826	4.045243543749244	3	3		1	1																																	
CAND_SOUND_003084	Sound	unrelated	0		plus	candidate_pending_human_review			cmusphinx/cmudict	cmudict:formal-zero-shared-phone	lucked	nine										2.9645276818377813	4.829114496522994	3.8968210891803876	4	3		1	1																																	
CAND_SOUND_003085	Sound	unrelated	0		plus	candidate_pending_human_review			cmusphinx/cmudict	cmudict:formal-zero-shared-phone	own	steaks										5.661998170498611	3.6020599913279625	4.632029080913287	2	5		1	1																																	
CAND_SOUND_003086	Sound	unrelated	0		plus	candidate_pending_human_review			cmusphinx/cmudict	cmudict:formal-zero-shared-phone	cards	glass										4.681418609026778	4.7832307759129185	4.732324692469849	5	4		1	1																																	
CAND_SOUND_003087	Sound	unrelated	0		plus	candidate_pending_human_review			cmusphinx/cmudict	cmudict:formal-zero-shared-phone	flux	knot										3.016705693502853	3.5665876731657433	3.291646683334298	5	3		1	1																																	
CAND_SOUND_003088	Sound	unrelated	0		plus	candidate_pending_human_review			cmusphinx/cmudict	cmudict:formal-zero-shared-phone	germ	robe										3.098609797885951	3.928917720255429	3.51376375907069	3	3		1	1																																	
CAND_SOUND_003089	Sound	unrelated	0		plus	candidate_pending_human_review			cmusphinx/cmudict	cmudict:formal-zero-shared-phone	cards	plump										4.681418609026778	3.167491087293764	3.924454848160271	5	5		1	1																																	
CAND_SOUND_003090	Sound	unrelated	0		plus	candidate_pending_human_review			cmusphinx/cmudict	cmudict:formal-zero-shared-phone	both	mess										5.470312467167388	4.892858149634195	5.181585308400791	3	3		1	1																																	
CAND_SOUND_003091	Sound	unrelated	0		plus	candidate_pending_human_review			cmusphinx/cmudict	cmudict:formal-zero-shared-phone	lose	nursed										5.21577748039989	2.982625903930577	4.0992016921652334	3	4		1	1																																	
CAND_SOUND_003092	Sound	unrelated	0		plus	candidate_pending_human_review			cmusphinx/cmudict	cmudict:formal-zero-shared-phone	both	fetched										5.470312467167388	2.7395878552442827	4.104950161205835	3	4		1	1																																	
CAND_SOUND_003093	Sound	unrelated	0		plus	candidate_pending_human_review			cmusphinx/cmudict	cmudict:formal-zero-shared-phone	nine	shaft										4.829114496522994	3.8868223742774903	4.357968435400242	3	4		1	1																																	
CAND_SOUND_003094	Sound	unrelated	0		plus	candidate_pending_human_review			cmusphinx/cmudict	cmudict:formal-zero-shared-phone	fetch	nine										4.039841631788487	4.829114496522994	4.434478064155741	3	3		1	1																																	
CAND_SOUND_003095	Sound	unrelated	0		plus	candidate_pending_human_review			cmusphinx/cmudict	cmudict:formal-zero-shared-phone	cook	seal										4.6586659476203565	4.168647664493706	4.413656806057031	3	3		1	1																																	
CAND_SOUND_003096	Sound	unrelated	0		plus	candidate_pending_human_review			cmusphinx/cmudict	cmudict:formal-zero-shared-phone	blood	sash										5.269787553447365	3.055857817465001	4.162822685456183	4	3		1	1																																	
CAND_SOUND_003097	Sound	unrelated	0		plus	candidate_pending_human_review			cmusphinx/cmudict	cmudict:formal-zero-shared-phone	die	seal										5.416868834458589	4.168647664493706	4.792758249476147	2	3		1	1																																	
CAND_SOUND_003098	Sound	unrelated	0		plus	candidate_pending_human_review			cmusphinx/cmudict	cmudict:formal-zero-shared-phone	swells	tricked										3.0777596589128304	3.6921035453831017	3.384931602147966	5	5		1	1																																	
CAND_SOUND_003099	Sound	unrelated	0		plus	candidate_pending_human_review			cmusphinx/cmudict	cmudict:formal-zero-shared-phone	na	pears										3.6955503450778817	2.9913998282380825	3.343475086657982	2	4		1	1																																	
CAND_SOUND_003100	Sound	unrelated	0		plus	candidate_pending_human_review			cmusphinx/cmudict	cmudict:formal-zero-shared-phone	rage	seal										4.053605637057795	4.168647664493706	4.11112665077575	3	3		1	1																																	
