item_id	task	condition	binary_label	split	stimulus_origin	adaptation_eligibility	original_trial_type	original_stimulus_file	source_resource	source_record_id	word1	word2	sentence	word1_ipa	word2_ipa	sentence_ipa	template_id	critical_word	critical_region	association_forward	association_backward	word1_subtlex	word2_subtlex	mean_content_subtlex	word1_n_phonemes	word2_n_phonemes	sentence_n_phonemes	word1_n_syllables	word2_n_syllables	childes_count_word1	childes_count_word2	subject	verb_lemma	verb_surface	object_lemma	object_surface	number_word	negation	overlap_ds003604_exact	overlap_ds003604_critical_vocab	qc_pass	qc_notes	shared_onset	shared_rime	shared_phoneme_count	phonological_relation_verified	cue	target	FSG	BSG	verb_object_FSG	verb_object_BSG	congruence_level	template_family	grammar_subtype	violation_type	violation_location	expected_form	observed_form	childes_count_verb	childes_count_object	content_word_childes_counts
SOUND_0001	Sound	onset	1	train					cmusphinx/cmudict	cmudict:first:EY	ache	eight		"[""eɪ"", ""k""]"	"[""eɪ"", ""t""]"							3.3962335448580205	4.992267549769309	4.194250547313665	2	2		1	1	331	2716								0	0	1		EY		1	1																
SOUND_0002	Sound	onset	1	train					cmusphinx/cmudict	cmudict:first:EH	airs	es		"[""ɛ"", ""ɹ"", ""z""]"	"[""iː"", ""z""]"							2.883494430928563	3.7837915177363364	3.3336429743324496	3	2		1	1	2	28								0	0	1		EH		1	1																
SOUND_0003	Sound	onset	1	train					cmusphinx/cmudict	cmudict:first:B	badge	bit		"[""b"", ""æ"", ""d̠ʒ""]"	"[""b"", ""ɪ"", ""t""]"							4.183409420891753	5.3711403292303395	4.777274875061046	3	3		1	1	46	4676								0	0	1		B		1	1																
SOUND_0004	Sound	onset	1	train					cmusphinx/cmudict	cmudict:first:B	barf	blah		"[""b"", ""ɑ"", ""ɹ"", ""f""]"	"[""b"", ""l"", ""ɑ""]"							3.2924298239020637	4.128753939608815	3.7105918817554393	4	3		1	1	0	305								0	0	1	unseen_phase1:barf	B		2	1																
SOUND_0005	Sound	onset	1	train					cmusphinx/cmudict	cmudict:first:B	beams	begs		"[""b"", ""iː"", ""m"", ""z""]"	"[""b"", ""ɛ"", ""ɡ"", ""z""]"							3.4291503910584704	3.1497623203333323	3.2894563556959016	4	4		1	1	13	1								0	0	1		B		2	1																
SOUND_0006	Sound	onset	1	train					cmusphinx/cmudict	cmudict:first:B	begs	bloods		"[""b"", ""ɛ"", ""ɡ"", ""z""]"	"[""b"", ""l"", ""ʌ"", ""d"", ""z""]"							3.1497623203333323	2.935882500388251	3.0428224103607917	4	5		1	1	1	0								0	0	1	unseen_phase1:bloods	B		2	1																
SOUND_0007	Sound	onset	1	train					cmusphinx/cmudict	cmudict:first:B	biz	bolts		"[""b"", ""ɪ"", ""z""]"	"[""b"", ""oʊ"", ""l"", ""t"", ""s""]"							3.2701534291909113	3.337752802688721	3.303953115939816	3	5		1	1	11	75								0	0	1		B		1	1																
SOUND_0008	Sound	onset	1	train					cmusphinx/cmudict	cmudict:first:B	blares	bot		"[""b"", ""l"", ""ɛ"", ""ɹ"", ""z""]"	"[""b"", ""ɑ"", ""t""]"							3.016705693502853	2.9913998282380825	3.0040527608704677	5	3		1	1	0	14								0	0	1	unseen_phase1:blares	B		1	1																
SOUND_0009	Sound	onset	1	train					cmusphinx/cmudict	cmudict:first:B	blinks	blurt		"[""b"", ""l"", ""ɪ"", ""ŋ"", ""k"", ""s""]"	"[""b"", ""l"", ""ɜː"", ""t""]"							2.769551078621726	2.6903698325741012	2.7299604555979133	6	4		1	1	9	0								0	0	1	unseen_phase1:blurt	B		2	1																
SOUND_0010	Sound	onset	1	train					cmusphinx/cmudict	cmudict:first:B	bolts	bot		"[""b"", ""oʊ"", ""l"", ""t"", ""s""]"	"[""b"", ""ɑ"", ""t""]"							3.337752802688721	2.9913998282380825	3.1645763154634015	5	3		1	1	75	14								0	0	1		B		2	1																
SOUND_0011	Sound	onset	1	train					cmusphinx/cmudict	cmudict:first:B	buds	bus		"[""b"", ""ʌ"", ""d"", ""z""]"	"[""b"", ""ʌ"", ""s""]"							3.2466723333413885	4.870266165194808	4.058469249268098	4	3		1	1	18	1946								0	0	1		B		2	1																
SOUND_0012	Sound	onset	1	train					cmusphinx/cmudict	cmudict:first:K	cash	cog		"[""k"", ""æ"", ""ʃ""]"	"[""k"", ""ɑ"", ""ɡ""]"							4.859926715006287	2.723793588061051	3.791860151533669	3	3		1	1	224	3								0	0	1		K		1	1																
SOUND_0013	Sound	onset	1	train					cmusphinx/cmudict	cmudict:first:K	clamp	clout		"[""k"", ""l"", ""æ"", ""m"", ""p""]"	"[""k"", ""l"", ""aʊ"", ""t""]"							3.8364978682523394	2.973671061277651	3.405084464764995	5	4		1	1	6	0								0	0	1	unseen_phase1:clout	K		2	1																
SOUND_0014	Sound	onset	1	train					cmusphinx/cmudict	cmudict:first:K	clasp	kind		"[""k"", ""l"", ""æ"", ""s"", ""p""]"	"[""k"", ""aɪ"", ""n"", ""d""]"							3.0084331675368627	5.771356879484989	4.389895023510926	5	4		1	1	0	7820								0	0	1	unseen_phase1:clasp	K		1	1																
SOUND_0015	Sound	onset	1	train					cmusphinx/cmudict	cmudict:first:K	cops	crank		"[""k"", ""ɑ"", ""p"", ""s""]"	"[""k"", ""ɹ"", ""æ"", ""ŋ"", ""k""]"							4.924887116086788	3.7269987279362624	4.325942922011525	4	5		1	1	35	37								0	0	1		K		1	1																
SOUND_0016	Sound	onset	1	train					cmusphinx/cmudict	cmudict:first:D	deem	dudes		"[""d"", ""iː"", ""m""]"	"[""d"", ""uː"", ""d"", ""z""]"							2.769551078621726	3.8302489189753377	3.299899998798532	3	5		1	1	4	20								0	0	1		D		1	1																
SOUND_0017	Sound	onset	1	train					cmusphinx/cmudict	cmudict:first:D	don	drone		"[""d"", ""ɑ"", ""n""]"	"[""d"", ""ɹ"", ""oʊ"", ""n""]"							6.799049841180208	3.4507923159973135	5.124921078588761	3	4		1	1	207	0								0	0	1	unseen_phase1:drone	D		2	1																
SOUND_0018	Sound	onset	1	train					cmusphinx/cmudict	cmudict:first:F	fad	fats		"[""f"", ""æ"", ""d""]"	"[""f"", ""æ"", ""t"", ""s""]"							2.883494430928563	2.973671061277651	2.928582746103107	3	4		1	1	0	5								0	0	1	unseen_phase1:fad	F		2	1																
SOUND_0019	Sound	onset	1	train					cmusphinx/cmudict	cmudict:first:F	fail	fled		"[""f"", ""eɪ"", ""l""]"	"[""f"", ""l"", ""ɛ"", ""d""]"							4.390727360396761	3.6426778422362265	4.016702601316494	3	4		1	1	12	2								0	0	1		F		2	1																
SOUND_0020	Sound	onset	1	train					cmusphinx/cmudict	cmudict:first:F	farms	fur		"[""f"", ""ɑ"", ""ɹ"", ""m"", ""z""]"	"[""f"", ""ɜː""]"							3.4537978261370386	3.9177422748637376	3.685770050500388	5	2		1	1	35	449								0	0	1		F		1	1																
SOUND_0021	Sound	onset	1	train					cmusphinx/cmudict	cmudict:first:F	fray	frock		"[""f"", ""ɹ"", ""eɪ""]"	"[""f"", ""ɹ"", ""ɑ"", ""k""]"							2.973671061277651	2.9258982794816504	2.9497846703796506	3	4		1	1	3	0								0	0	1	unseen_phase1:frock	F		2	1																
SOUND_0022	Sound	onset	1	train					cmusphinx/cmudict	cmudict:first:F	fur	phone		"[""f"", ""ɜː""]"	"[""f"", ""oʊ"", ""n""]"							3.9177422748637376	5.43092199105204	4.674332132957889	2	3		1	1	449	1505								0	0	1		F		1	1																
SOUND_0023	Sound	onset	1	train					cmusphinx/cmudict	cmudict:first:F	furs	phlegm		"[""f"", ""ɜː"", ""z""]"	"[""f"", ""l"", ""ɛ"", ""m""]"							3.2009148427807133	2.8239087409443187	3.012411791862516	3	4		1	1	4	3								0	0	1		F		1	1																
SOUND_0024	Sound	onset	1	train					cmusphinx/cmudict	cmudict:first:JH	gents	jug		"[""d̠ʒ"", ""ɛ"", ""n"", ""t"", ""s""]"	"[""d̠ʒ"", ""ʌ"", ""ɡ""]"							3.468521082957745	3.4195346222668714	3.444027852612308	5	3		1	1	0	64								0	0	1	unseen_phase1:gents	JH		1	1																
SOUND_0025	Sound	onset	1	train					cmusphinx/cmudict	cmudict:first:JH	germ	gist		"[""d̠ʒ"", ""ɜː"", ""m""]"	"[""d̠ʒ"", ""ɪ"", ""s"", ""t""]"							3.098609797885951	3.040617850908264	3.0696138243971074	3	4		1	1	39	2								0	0	1		JH		1	1																
SOUND_0026	Sound	onset	1	train					cmusphinx/cmudict	cmudict:first:JH	gist	jar		"[""d̠ʒ"", ""ɪ"", ""s"", ""t""]"	"[""d̠ʒ"", ""ɑ"", ""ɹ""]"							3.040617850908264	3.919795680494796	3.48020676570153	4	3		1	1	2	230								0	0	1		JH		1	1																
SOUND_0027	Sound	onset	1	train					cmusphinx/cmudict	cmudict:first:JH	gist	jerks		"[""d̠ʒ"", ""ɪ"", ""s"", ""t""]"	"[""d̠ʒ"", ""ɜː"", ""k"", ""s""]"							3.040617850908264	3.6407346869502244	3.3406762689292444	4	4		1	1	2	2								0	0	1		JH		2	1																
SOUND_0028	Sound	onset	1	train					cmusphinx/cmudict	cmudict:first:JH	gist	jog		"[""d̠ʒ"", ""ɪ"", ""s"", ""t""]"	"[""d̠ʒ"", ""ɑ"", ""ɡ""]"							3.040617850908264	3.3823349353414613	3.2114763931248627	4	3		1	1	2	14								0	0	1		JH		1	1																
SOUND_0029	Sound	onset	1	train					cmusphinx/cmudict	cmudict:first:G	git	guise		"[""ɡ"", ""ɪ"", ""t""]"	"[""ɡ"", ""aɪ"", ""z""]"							3.2967511976847064	2.7395878552442827	3.0181695264644945	3	3		1	1	80	0								0	0	1	unseen_phase1:guise	G		1	1																
SOUND_0030	Sound	onset	1	train					cmusphinx/cmudict	cmudict:first:G	give	glows		"[""ɡ"", ""ɪ"", ""v""]"	"[""ɡ"", ""l"", ""oʊ"", ""z""]"							6.067377221207055	2.915679114299964	4.4915281677535095	3	4		1	1	12174	11								0	0	1		G		1	1																
SOUND_0031	Sound	onset	1	train					cmusphinx/cmudict	cmudict:first:G	glide	grab		"[""ɡ"", ""l"", ""aɪ"", ""d""]"	"[""ɡ"", ""ɹ"", ""æ"", ""b""]"							3.3716110699496884	4.8504179721269765	4.111014521038332	4	4		1	1	10	539								0	0	1		G		1	1																
SOUND_0032	Sound	onset	1	train					cmusphinx/cmudict	cmudict:first:G	gone	grain		"[""ɡ"", ""ɔ"", ""n""]"	"[""ɡ"", ""ɹ"", ""eɪ"", ""n""]"							5.472412249194655	3.678036097500376	4.575224173347515	3	4		1	1	3403	128								0	0	1		G		2	1																
SOUND_0033	Sound	onset	1	train					cmusphinx/cmudict	cmudict:first:G	grad	grids		"[""ɡ"", ""ɹ"", ""æ"", ""d""]"	"[""ɡ"", ""ɹ"", ""ɪ"", ""d"", ""z""]"							3.462691539297021	2.75482782180102	3.1087596805490203	4	5		1	1	4	0								0	0	1	unseen_phase1:grids	G		3	1																
SOUND_0034	Sound	onset	1	train					cmusphinx/cmudict	cmudict:first:G	grad	guise		"[""ɡ"", ""ɹ"", ""æ"", ""d""]"	"[""ɡ"", ""aɪ"", ""z""]"							3.462691539297021	2.7395878552442827	3.1011396972706518	4	3		1	1	4	0								0	0	1	unseen_phase1:guise	G		1	1																
SOUND_0035	Sound	onset	1	train					cmusphinx/cmudict	cmudict:first:G	grand	guts		"[""ɡ"", ""ɹ"", ""æ"", ""n"", ""d""]"	"[""ɡ"", ""ʌ"", ""t"", ""s""]"							4.79947569632939	4.375573967045116	4.587524831687253	5	4		1	1	101	27								0	0	1		G		1	1																
SOUND_0036	Sound	onset	1	train					cmusphinx/cmudict	cmudict:first:HH	had	hype		"[""h"", ""æ"", ""d""]"	"[""h"", ""aɪ"", ""p""]"							6.2242536902433425	3.2115079162781375	4.71788080326074	3	3		1	1	8525	0								0	0	1	unseen_phase1:hype	HH		1	1																
SOUND_0037	Sound	onset	1	train					cmusphinx/cmudict	cmudict:first:HH	haze	hype		"[""h"", ""eɪ"", ""z""]"	"[""h"", ""aɪ"", ""p""]"							3.1789205490745456	3.2115079162781375	3.1952142326763413	3	3		1	1	0	0								0	0	1	unseen_phase1:haze,hype	HH		1	1																
SOUND_0038	Sound	onset	1	train					cmusphinx/cmudict	cmudict:first:HH	heals	high		"[""h"", ""iː"", ""l"", ""z""]"	"[""h"", ""aɪ""]"							3.070581074285707	5.290034611362518	4.180307842824113	4	2		1	1	3	1609								0	0	1		HH		1	1																
SOUND_0039	Sound	onset	1	train					cmusphinx/cmudict	cmudict:first:HH	hex	hiss		"[""h"", ""ɛ"", ""k"", ""s""]"	"[""h"", ""ɪ"", ""s""]"							3.1119737594439325	2.9645276818377813	3.038250720640857	4	3		1	1	0	35								0	0	1	unseen_phase1:hex	HH		2	1																
SOUND_0040	Sound	onset	1	train					cmusphinx/cmudict	cmudict:first:HH	highs	hoots		"[""h"", ""aɪ"", ""z""]"	"[""h"", ""uː"", ""t"", ""s""]"							2.8364978682523394	2.75482782180102	2.79566284502668	3	4		1	1	0	4								0	0	1	unseen_phase1:highs	HH		1	1																
SOUND_0041	Sound	onset	1	train					cmusphinx/cmudict	cmudict:first:HH	hips	hounds		"[""h"", ""ɪ"", ""p"", ""s""]"	"[""h"", ""aʊ"", ""n"", ""d"", ""z""]"							3.7823883033268983	3.274701056941632	3.5285446801342655	4	5		1	1	10	3								0	0	1		HH		1	1																
SOUND_0042	Sound	onset	1	train					cmusphinx/cmudict	cmudict:first:HH	hit	hunts		"[""h"", ""ɪ"", ""t""]"	"[""h"", ""ʌ"", ""n"", ""t"", ""s""]"							5.439332693830263	3.070581074285707	4.254956884057985	3	5		1	1	2330	12								0	0	1		HH		2	1																
SOUND_0043	Sound	onset	1	train					cmusphinx/cmudict	cmudict:first:HH	hounds	hymn		"[""h"", ""aʊ"", ""n"", ""d"", ""z""]"	"[""h"", ""ɪ"", ""m""]"							3.274701056941632	3.2115079162781375	3.2431044866098846	5	3		1	1	3	0								0	0	1	unseen_phase1:hymn	HH		1	1																
SOUND_0044	Sound	onset	1	train					cmusphinx/cmudict	cmudict:first:JH	jest	joints		"[""d̠ʒ"", ""ɛ"", ""s"", ""t""]"	"[""d̠ʒ"", ""ɔɪ"", ""n"", ""t"", ""s""]"							3.1249387366083	3.5824644352645816	3.3537015859364407	4	5		1	1	2	2								0	0	1		JH		3	1																
SOUND_0045	Sound	onset	1	train					cmusphinx/cmudict	cmudict:first:JH	jig	jocks		"[""d̠ʒ"", ""ɪ"", ""ɡ""]"	"[""d̠ʒ"", ""ɑ"", ""k"", ""s""]"							3.231949076520682	3.063281835544208	3.1476154560324447	3	4		1	1	15	0								0	0	1	unseen_phase1:jocks	JH		1	1																
SOUND_0046	Sound	onset	1	train					cmusphinx/cmudict	cmudict:first:JH	jig	jug		"[""d̠ʒ"", ""ɪ"", ""ɡ""]"	"[""d̠ʒ"", ""ʌ"", ""ɡ""]"							3.231949076520682	3.4195346222668714	3.3257418493937765	3	3		1	1	15	64								0	0	1		JH		2	1																
SOUND_0047	Sound	onset	1	train					cmusphinx/cmudict	cmudict:first:JH	jot	juke		"[""d̠ʒ"", ""ɑ"", ""t""]"	"[""d̠ʒ"", ""uː"", ""k""]"							2.8606315479690587	2.6726410656136697	2.766636306791364	3	3		1	1	0	0								0	0	1	unseen_phase1:jot,juke	JH		1	1																
SOUND_0048	Sound	onset	1	train					cmusphinx/cmudict	cmudict:first:L	lark	lib		"[""l"", ""ɑ"", ""ɹ"", ""k""]"	"[""l"", ""ɪ"", ""b""]"							3.2115079162781375	2.7837915177363364	2.9976497170072367	4	3		1	1	5	0								0	0	1	unseen_phase1:lib	L		1	1																
SOUND_0049	Sound	onset	1	train					cmusphinx/cmudict	cmudict:first:P	lbs	plight		"[""p"", ""aʊ"", ""n"", ""d"", ""z""]"	"[""p"", ""l"", ""aɪ"", ""t""]"							3.063281835544208	3.0917703733556454	3.0775261044499267	5	4		1	1	0	0								0	0	1	unseen_phase1:lbs,plight	P		1	1																
SOUND_0050	Sound	onset	1	train					cmusphinx/cmudict	cmudict:first:L	leaf	lice		"[""l"", ""iː"", ""f""]"	"[""l"", ""aɪ"", ""s""]"							3.7156756978388716	3.329856321842687	3.5227660098407796	3	3		1	1	849	7								0	0	1		L		1	1																
SOUND_0051	Sound	onset	1	train					cmusphinx/cmudict	cmudict:first:M	man	moans		"[""m"", ""æ"", ""n""]"	"[""m"", ""oʊ"", ""n"", ""z""]"							6.266171723689466	3.3218136015872735	4.793992662638369	3	4		1	1	6392	1								0	0	1		M		2	1																
SOUND_0052	Sound	onset	1	train					cmusphinx/cmudict	cmudict:first:M	mashed	med		"[""m"", ""æ"", ""ʃ"", ""t""]"	"[""m"", ""ɛ"", ""d""]"							3.5665876731657433	3.8289882664735937	3.6977879698196685	4	3		1	1	255	1								0	0	1		M		1	1																
SOUND_0053	Sound	onset	1	train					cmusphinx/cmudict	cmudict:first:M	may	moi		"[""m"", ""eɪ""]"	"[""m"", ""w"", ""ɑ""]"							5.708737410961946	3.2924298239020637	4.500583617432005	2	3		1	1	1779	18								0	0	1		M		1	1																
SOUND_0054	Sound	onset	1	train					cmusphinx/cmudict	cmudict:first:M	med	mic		"[""m"", ""ɛ"", ""d""]"	"[""m"", ""aɪ"", ""k""]"							3.8289882664735937	3.2009148427807133	3.5149515546271535	3	3		1	1	1	53								0	0	1		M		1	1																
SOUND_0055	Sound	onset	1	train					cmusphinx/cmudict	cmudict:first:M	mid	moan		"[""m"", ""ɪ"", ""d""]"	"[""m"", ""oʊ"", ""n""]"							3.098609797885951	3.274701056941632	3.1866554274137915	3	3		1	1	15	15								0	0	1		M		1	1																
SOUND_0056	Sound	onset	1	train					cmusphinx/cmudict	cmudict:first:M	mince	moi		"[""m"", ""ɪ"", ""n"", ""s""]"	"[""m"", ""w"", ""ɑ""]"							2.723793588061051	3.2924298239020637	3.008111705981557	4	3		1	1	8	18								0	0	1		M		1	1																
SOUND_0057	Sound	onset	1	train					cmusphinx/cmudict	cmudict:first:M	mitt	mobs		"[""m"", ""ɪ"", ""t""]"	"[""m"", ""ɑ"", ""b"", ""z""]"							3.1375278639163207	2.769551078621726	2.953539471269023	3	4		1	1	29	0								0	0	1	unseen_phase1:mobs	M		1	1																
SOUND_0058	Sound	onset	1	train					cmusphinx/cmudict	cmudict:first:N	nag	night		"[""n"", ""æ"", ""ɡ""]"	"[""n"", ""aɪ"", ""t""]"							3.337752802688721	5.937537558034146	4.637645180361433	3	3		1	1	3	6304								0	0	1		N		1	1																
SOUND_0059	Sound	onset	1	train					cmusphinx/cmudict	cmudict:first:N	needs	nine		"[""n"", ""iː"", ""d"", ""z""]"	"[""n"", ""aɪ"", ""n""]"							5.206137737882546	4.829114496522994	5.01762611720277	4	3		1	1	1474	2304								0	0	1		N		1	1																
SOUND_0060	Sound	onset	1	train					cmusphinx/cmudict	cmudict:first:N	nor	now		"[""n"", ""ɔ"", ""ɹ""]"	"[""n"", ""aʊ""]"							4.556065892490172	6.505503762894741	5.5307848276924565	3	2		1	1	20	35739								0	0	1		N		1	1																
SOUND_0061	Sound	onset	1	train					cmusphinx/cmudict	cmudict:first:P	par	paws		"[""p"", ""ɑ"", ""ɹ""]"	"[""p"", ""ɔ"", ""z""]"							3.6955503450778817	3.3962335448580205	3.545891944967951	3	3		1	1	17	132								0	0	1		P		1	1																
SOUND_0062	Sound	onset	1	train					cmusphinx/cmudict	cmudict:first:P	past	pups		"[""p"", ""æ"", ""s"", ""t""]"	"[""p"", ""ʌ"", ""p"", ""s""]"							5.092596814103428	2.9551876555836376	4.023892234843533	4	4		1	1	383	12								0	0	1		P		2	1																
SOUND_0063	Sound	onset	1	train					cmusphinx/cmudict	cmudict:first:P	paved	poise		"[""p"", ""eɪ"", ""v"", ""d""]"	"[""p"", ""ɔɪ"", ""z""]"							2.9456423376774072	3.040617850908264	2.9931300942928356	4	3		1	1	3	1								0	0	1		P		1	1																
SOUND_0064	Sound	onset	1	train					cmusphinx/cmudict	cmudict:first:P	pay	pi		"[""p"", ""eɪ""]"	"[""p"", ""aɪ""]"							5.405871777867385	3.5642714304385628	4.485071604152974	2	2		1	1	571	31								0	0	1		P		1	1																
SOUND_0065	Sound	onset	1	train					cmusphinx/cmudict	cmudict:first:P	piled	pours		"[""p"", ""aɪ"", ""l"", ""d""]"	"[""p"", ""ɔ"", ""ɹ"", ""z""]"							3.173243416182855	3.173243416182855	3.173243416182855	4	4		1	1	14	15								0	0	1		P		1	1																
SOUND_0066	Sound	onset	1	train					cmusphinx/cmudict	cmudict:first:P	pips	pray		"[""p"", ""ɪ"", ""p"", ""s""]"	"[""p"", ""ɹ"", ""eɪ""]"							3.040617850908264	4.558896719342306	3.7997572851252848	4	3		1	1	0	44								0	0	1	unseen_phase1:pips	P		1	1																
SOUND_0067	Sound	onset	1	train					cmusphinx/cmudict	cmudict:first:P	plumb	porn		"[""p"", ""l"", ""ʌ"", ""m""]"	"[""p"", ""ɔ"", ""ɹ"", ""n""]"							3.226928275145631	4.064751530624983	3.6458399028853075	4	4		1	1	4	1								0	0	1		P		1	1																
SOUND_0068	Sound	onset	1	train					cmusphinx/cmudict	cmudict:first:P	pox	prep		"[""p"", ""ɑ"", ""k"", ""s""]"	"[""p"", ""ɹ"", ""ɛ"", ""p""]"							3.167491087293764	3.8778905534105643	3.522690820352164	4	4		1	1	59	0								0	0	1	unseen_phase1:prep	P		1	1																
SOUND_0069	Sound	onset	1	train					cmusphinx/cmudict	cmudict:first:R	rad	roots		"[""ɹ"", ""æ"", ""d""]"	"[""ɹ"", ""uː"", ""t"", ""s""]"							2.9456423376774072	3.8043131848809377	3.3749777612791725	3	4		1	1	4	44								0	0	1		R		1	1																
SOUND_0070	Sound	onset	1	train					cmusphinx/cmudict	cmudict:first:R	rail	rots		"[""ɹ"", ""eɪ"", ""l""]"	"[""ɹ"", ""ɑ"", ""t"", ""s""]"							3.6597857449280826	2.935882500388251	3.297834122658167	3	4		1	1	21	1								0	0	1		R		1	1																
SOUND_0071	Sound	onset	1	train					cmusphinx/cmudict	cmudict:first:R	rare	runs		"[""ɹ"", ""ɛ"", ""ɹ""]"	"[""ɹ"", ""ʌ"", ""n"", ""z""]"							4.328659367988358	4.506478503314005	4.417568935651182	3	4		1	1	26	381								0	0	1		R		1	1																
SOUND_0072	Sound	onset	1	train					cmusphinx/cmudict	cmudict:first:R	rats	risks		"[""ɹ"", ""æ"", ""t"", ""s""]"	"[""ɹ"", ""ɪ"", ""s"", ""k"", ""s""]"							4.2208256761587775	3.8135679076061	4.017196791882439	4	5		1	1	74	1								0	0	1		R		2	1																
SOUND_0073	Sound	onset	1	train					cmusphinx/cmudict	cmudict:first:R	rims	rode		"[""ɹ"", ""ɪ"", ""m"", ""z""]"	"[""ɹ"", ""oʊ"", ""d""]"							2.883494430928563	4.0167056935028524	3.4501000622157076	4	3		1	1	1	126								0	0	1		R		1	1																
SOUND_0074	Sound	onset	1	train					cmusphinx/cmudict	cmudict:first:S	sane	seal		"[""s"", ""eɪ"", ""n""]"	"[""s"", ""iː"", ""l""]"							3.7411361438071435	4.168647664493706	3.9548919041504247	3	3		1	1	1	385								0	0	1		S		1	1																
SOUND_0075	Sound	onset	1	train					cmusphinx/cmudict	cmudict:first:S	scalps	soir		"[""s"", ""k"", ""æ"", ""l"", ""p"", ""s""]"	"[""s"", ""w"", ""ɑ"", ""ɹ""]"							2.7837915177363364	2.7837915177363364	2.7837915177363364	6	3		1	1	0	0								0	0	1	unseen_phase1:scalps,soir	S		1	1																
SOUND_0076	Sound	onset	1	train					cmusphinx/cmudict	cmudict:first:S	scouts	spry		"[""s"", ""k"", ""aʊ"", ""t"", ""s""]"	"[""s"", ""p"", ""ɹ"", ""aɪ""]"							3.738034027175661	2.7975798022219696	3.2678069146988156	5	4		1	1	26	0								0	0	1	unseen_phase1:spry	S		1	1																
SOUND_0077	Sound	onset	1	train					cmusphinx/cmudict	cmudict:first:S	seas	spelled		"[""s"", ""iː"", ""z""]"	"[""s"", ""p"", ""ɛ"", ""l"", ""d""]"							3.6407346869502244	3.542849826210958	3.5917922565805913	3	5		1	1	10	50								0	0	1		S		1	1																
SOUND_0078	Sound	onset	1	train					cmusphinx/cmudict	cmudict:first:S	self	smokes		"[""s"", ""ɛ"", ""l"", ""f""]"	"[""s"", ""m"", ""oʊ"", ""k"", ""s""]"							4.150967021471702	3.710731115221809	3.9308490683467556	4	5		1	1	230	33								0	0	1		S		1	1																
SOUND_0079	Sound	onset	1	train					cmusphinx/cmudict	cmudict:first:S	sink	smiles		"[""s"", ""ɪ"", ""ŋ"", ""k""]"	"[""s"", ""m"", ""aɪ"", ""l"", ""z""]"							4.228440619617273	3.7921169065204676	4.01027876306887	4	5		1	1	338	29								0	0	1		S		1	1																
SOUND_0080	Sound	onset	1	train					cmusphinx/cmudict	cmudict:first:S	skins	sled		"[""s"", ""k"", ""ɪ"", ""n"", ""z""]"	"[""s"", ""l"", ""ɛ"", ""d""]"							3.425968732272281	3.4656160923143378	3.4457924122933097	5	4		1	1	9	122								0	0	1		S		1	1																
SOUND_0081	Sound	onset	1	train					cmusphinx/cmudict	cmudict:first:S	skins	slew		"[""s"", ""k"", ""ɪ"", ""n"", ""z""]"	"[""s"", ""l"", ""uː""]"							3.425968732272281	3.11850462660289	3.2722366794375857	5	3		1	1	9	2								0	0	1		S		1	1																
SOUND_0082	Sound	onset	1	train					cmusphinx/cmudict	cmudict:first:S	soir	stub		"[""s"", ""w"", ""ɑ"", ""ɹ""]"	"[""s"", ""t"", ""ʌ"", ""b""]"							2.7837915177363364	2.982625903930577	2.8832087108334568	3	4		1	1	0	1								0	0	1	unseen_phase1:soir	S		1	1																
SOUND_0083	Sound	onset	1	train					cmusphinx/cmudict	cmudict:first:S	spa	state		"[""s"", ""p"", ""ɑ""]"	"[""s"", ""t"", ""eɪ"", ""t""]"							3.6708277248502013	5.032792513396307	4.351810119123254	3	4		1	1	1	258								0	0	1		S		1	1																
SOUND_0084	Sound	onset	1	train					cmusphinx/cmudict	cmudict:first:S	strand	sums		"[""s"", ""t"", ""ɹ"", ""æ"", ""n"", ""d""]"	"[""s"", ""ʌ"", ""m"", ""z""]"							3.2655576775017625	3.2369124960522324	3.2512350867769975	6	4		1	1	0	0								0	0	1	unseen_phase1:strand,sums	S		1	1																
SOUND_0085	Sound	onset	1	train					cmusphinx/cmudict	cmudict:first:T	teas	tout		"[""t"", ""iː"", ""z""]"	"[""t"", ""aʊ"", ""t""]"							2.7074031718728815	3.0327925133963074	2.8700978426345944	3	3		1	1	1	1								0	0	1		T		1	1																
SOUND_0086	Sound	onset	1	train					cmusphinx/cmudict	cmudict:first:T	took	tux		"[""t"", ""ʊ"", ""k""]"	"[""t"", ""ʌ"", ""k"", ""s""]"							5.534324795532767	3.5379424917162137	4.53613364362449	3	4		1	1	2580	0								0	0	1	unseen_phase1:tux	T		2	1																
SOUND_0087	Sound	onset	1	train					cmusphinx/cmudict	cmudict:first:Y	used	yards		"[""j"", ""uː"", ""z"", ""d""]"	"[""j"", ""ɑ"", ""ɹ"", ""d"", ""z""]"							5.53673169012324	4.173243416182855	4.854987553153047	4	5		1	1	843	4								0	0	1		Y		3	1																
SOUND_0088	Sound	onset	1	train					cmusphinx/cmudict	cmudict:first:V	veil	views		"[""v"", ""eɪ"", ""l""]"	"[""v"", ""j"", ""uː"", ""z""]"							3.471406771195233	3.606297044271217	3.5388519077332248	3	4		1	1	4	0								0	0	1	unseen_phase1:views	V		1	1																
SOUND_0089	Sound	onset	1	train					cmusphinx/cmudict	cmudict:first:V	vile	vow		"[""v"", ""aɪ"", ""l""]"	"[""v"", ""aʊ""]"							3.6465382630494645	3.7333389059672815	3.689938584508373	3	2		1	1	1	4								0	0	1		V		1	1																
SOUND_0090	Sound	onset	1	train					cmusphinx/cmudict	cmudict:first:W	woe	words		"[""w"", ""oʊ""]"	"[""w"", ""ɜː"", ""d"", ""z""]"							3.3679767852945943	5.086429624886534	4.227203205090564	2	4		1	1	46	1207								0	0	1		W		1	1																
SOUND_0091	Sound	rhyme	1	train					cmusphinx/cmudict	cmudict:rime:EY-K	ache	make		"[""eɪ"", ""k""]"	"[""m"", ""eɪ"", ""k""]"							3.3962335448580205	6.142309701939205	4.7692716233986125	2	3		1	1	331	20509								0	0	1			EY K	2	1																
SOUND_0092	Sound	rhyme	1	train					cmusphinx/cmudict	cmudict:rime:AE-D	ad	lad		"[""æ"", ""d""]"	"[""l"", ""æ"", ""d""]"							4.1337892943569186	4.159307638239563	4.14654846629824	2	3		1	1	29	17								0	0	1			AE D	2	1																
SOUND_0093	Sound	rhyme	1	train					cmusphinx/cmudict	cmudict:rime:EH-R-Z	airs	fares		"[""ɛ"", ""ɹ"", ""z""]"	"[""f"", ""ɛ"", ""ɹ"", ""z""]"							2.883494430928563	2.7975798022219696	2.840537116575266	3	4		1	1	2	1								0	0	1			EH R Z	3	1																
SOUND_0094	Sound	rhyme	1	train					cmusphinx/cmudict	cmudict:rime:IY-Z	bees	seas		"[""b"", ""iː"", ""z""]"	"[""s"", ""iː"", ""z""]"							3.7269987279362624	3.6407346869502244	3.6838667074432436	3	3		1	1	351	10								0	0	1			IY Z	2	1																
SOUND_0095	Sound	rhyme	1	train					cmusphinx/cmudict	cmudict:rime:EH-S-T	best	test		"[""b"", ""ɛ"", ""s"", ""t""]"	"[""t"", ""ɛ"", ""s"", ""t""]"							5.606781665677726	4.924684600586778	5.265733133132252	4	4		1	1	1222	247								0	0	1			EH S T	3	1																
SOUND_0096	Sound	rhyme	1	train					cmusphinx/cmudict	cmudict:rime:AY	bi	spry		"[""b"", ""aɪ""]"	"[""s"", ""p"", ""ɹ"", ""aɪ""]"							2.9456423376774072	2.7975798022219696	2.8716110699496884	2	4		1	1	75	0								0	0	1	unseen_phase1:spry		AY	1	1																
SOUND_0097	Sound	rhyme	1	train					cmusphinx/cmudict	cmudict:rime:IH-B	bib	lib		"[""b"", ""ɪ"", ""b""]"	"[""l"", ""ɪ"", ""b""]"							2.6903698325741012	2.7837915177363364	2.7370806751552186	3	3		1	1	476	0								0	0	1	unseen_phase1:lib		IH B	2	1																
SOUND_0098	Sound	rhyme	1	train					cmusphinx/cmudict	cmudict:rime:AY-N-D	bind	mined		"[""b"", ""aɪ"", ""n"", ""d""]"	"[""m"", ""aɪ"", ""n"", ""d""]"							3.5254259342942174	2.872213420518874	3.1988196774065454	4	4		1	1	1	0								0	0	1	unseen_phase1:mined		AY N D	3	1																
SOUND_0099	Sound	rhyme	1	train					cmusphinx/cmudict	cmudict:rime:AY-N-D	blind	mined		"[""b"", ""l"", ""aɪ"", ""n"", ""d""]"	"[""m"", ""aɪ"", ""n"", ""d""]"							4.66108853629429	2.872213420518874	3.766650978406582	5	4		1	1	82	0								0	0	1	unseen_phase1:mined		AY N D	3	1																
SOUND_0100	Sound	rhyme	1	train					cmusphinx/cmudict	cmudict:rime:IH-P	blip	scrip		"[""b"", ""l"", ""ɪ"", ""p""]"	"[""s"", ""k"", ""ɹ"", ""ɪ"", ""p""]"							2.905213680621799	2.848732324669351	2.876973002645575	4	5		1	1	3	0								0	0	1	unseen_phase1:scrip		IH P	2	1																
SOUND_0101	Sound	rhyme	1	train					cmusphinx/cmudict	cmudict:rime:AH-F-T	bluffed	cuffed		"[""b"", ""l"", ""ʌ"", ""f"", ""t""]"	"[""k"", ""ʌ"", ""f"", ""t""]"							2.723793588061051	2.7395878552442827	2.731690721652667	5	4		1	1	0	7								0	0	1	unseen_phase1:bluffed		AH F T	3	1																
SOUND_0102	Sound	rhyme	1	train					cmusphinx/cmudict	cmudict:rime:ER	blur	per		"[""b"", ""l"", ""ɜː""]"	"[""p"", ""ɜː""]"							3.329856321842687	4.349715468320278	3.8397858950814827	3	2		1	1	6	55								0	0	1			ER	1	1																
SOUND_0103	Sound	rhyme	1	train					cmusphinx/cmudict	cmudict:rime:ER-T	blurt	pert		"[""b"", ""l"", ""ɜː"", ""t""]"	"[""p"", ""ɜː"", ""t""]"							2.6903698325741012	2.6903698325741012	2.6903698325741012	4	3		1	1	0	0								0	0	1	unseen_phase1:blurt,pert		ER T	2	1																
SOUND_0104	Sound	rhyme	1	train					cmusphinx/cmudict	cmudict:rime:AO-R	bore	soar		"[""b"", ""ɔ"", ""ɹ""]"	"[""s"", ""ɔ"", ""ɹ""]"							3.889026919528524	3.184524426592544	3.536775673060534	3	3		1	1	3	1								0	0	1			AO R	2	1																
SOUND_0105	Sound	rhyme	1	train					cmusphinx/cmudict	cmudict:rime:AE-N	bran	clan		"[""b"", ""ɹ"", ""æ"", ""n""]"	"[""k"", ""l"", ""æ"", ""n""]"							3.11850462660289	3.6125761100131175	3.365540368308004	4	4		1	1	69	0								0	0	1	unseen_phase1:clan		AE N	2	1																
SOUND_0106	Sound	rhyme	1	train					cmusphinx/cmudict	cmudict:rime:AE-N-D	brand	strand		"[""b"", ""ɹ"", ""æ"", ""n"", ""d""]"	"[""s"", ""t"", ""ɹ"", ""æ"", ""n"", ""d""]"							4.14490981753892	3.2655576775017625	3.7052337475203414	5	6		1	1	142	0								0	0	1	unseen_phase1:strand		AE N D	4	1																
SOUND_0107	Sound	rhyme	1	train					cmusphinx/cmudict	cmudict:rime:UW	brew	que		"[""b"", ""ɹ"", ""uː""]"	"[""k"", ""w"", ""ɛ""]"							3.399639793549932	3.718941085266639	3.5592904394082856	3	3		1	1	10	22								0	0	1			UW	1	1																
SOUND_0108	Sound	rhyme	1	train					cmusphinx/cmudict	cmudict:rime:AH-M-P	bump	jump		"[""b"", ""ʌ"", ""m"", ""p""]"	"[""d̠ʒ"", ""ʌ"", ""m"", ""p""]"							4.091770373355645	4.844001797576317	4.467886085465981	4	4		1	1	1088	2805								0	0	1			AH M P	3	1																
SOUND_0109	Sound	rhyme	1	train					cmusphinx/cmudict	cmudict:rime:AA-R-D	card	yard		"[""k"", ""ɑ"", ""ɹ"", ""d""]"	"[""j"", ""ɑ"", ""ɹ"", ""d""]"							4.931617383837818	4.398960677724445	4.665289030781132	4	4		1	1	658	253								0	0	1			AA R D	3	1																
SOUND_0110	Sound	rhyme	1	train					cmusphinx/cmudict	cmudict:rime:AE-S-T	caste	past		"[""k"", ""æ"", ""s"", ""t""]"	"[""p"", ""æ"", ""s"", ""t""]"							2.935882500388251	5.092596814103428	4.01423965724584	4	4		1	1	0	383								0	0	1	unseen_phase1:caste		AE S T	3	1																
SOUND_0111	Sound	rhyme	1	train					cmusphinx/cmudict	cmudict:rime:AO-R	chore	fore		"[""t̠ʃ"", ""ɔ"", ""ɹ""]"	"[""f"", ""ɔ"", ""ɹ""]"							3.0	3.42276359239707	3.211381796198535	3	3		1	1	5	9								0	0	1			AO R	2	1																
SOUND_0112	Sound	rhyme	1	train					cmusphinx/cmudict	cmudict:rime:AO-R	chore	oar		"[""t̠ʃ"", ""ɔ"", ""ɹ""]"	"[""ɔ"", ""ɹ""]"							3.0	2.915679114299964	2.957839557149982	3	2		1	1	5	7								0	0	1			AO R	2	1																
SOUND_0113	Sound	rhyme	1	train					cmusphinx/cmudict	cmudict:rime:AO-R	chore	tore		"[""t̠ʃ"", ""ɔ"", ""ɹ""]"	"[""t"", ""ɔ"", ""ɹ""]"							3.0	3.918770191277106	3.4593850956385532	3	3		1	1	5	86								0	0	1			AO R	2	1																
SOUND_0114	Sound	rhyme	1	train					cmusphinx/cmudict	cmudict:rime:AH-M	chum	plumb		"[""t̠ʃ"", ""ʌ"", ""m""]"	"[""p"", ""l"", ""ʌ"", ""m""]"							3.4855544222565253	3.226928275145631	3.3562413487010785	3	4		1	1	8	4								0	0	1			AH M	2	1																
SOUND_0115	Sound	rhyme	1	train					cmusphinx/cmudict	cmudict:rime:AH-NG-K	chunk	junk		"[""t̠ʃ"", ""ʌ"", ""ŋ"", ""k""]"	"[""d̠ʒ"", ""ʌ"", ""ŋ"", ""k""]"							3.6167122791997564	4.186745886586502	3.9017290828931293	4	4		1	1	33	191								0	0	1			AH NG K	3	1																
SOUND_0116	Sound	rhyme	1	train					cmusphinx/cmudict	cmudict:rime:AE-M-P	clamp	tramp		"[""k"", ""l"", ""æ"", ""m"", ""p""]"	"[""t"", ""ɹ"", ""æ"", ""m"", ""p""]"							3.8364978682523394	3.918770191277106	3.8776340297647227	5	5		1	1	6	56								0	0	1			AE M P	3	1																
SOUND_0117	Sound	rhyme	1	train					cmusphinx/cmudict	cmudict:rime:AE-M-Z	clams	jams		"[""k"", ""l"", ""æ"", ""m"", ""z""]"	"[""d̠ʒ"", ""æ"", ""m"", ""z""]"							3.4323089103033	3.098609797885951	3.2654593540946255	5	4		1	1	15	1								0	0	1			AE M Z	3	1																
SOUND_0118	Sound	rhyme	1	train					cmusphinx/cmudict	cmudict:rime:AA-K	clock	shock		"[""k"", ""l"", ""ɑ"", ""k""]"	"[""ʃ"", ""ɑ"", ""k""]"							4.768101012226493	4.459155879482116	4.613628445854305	4	3		1	1	1526	45								0	0	1			AA K	2	1																
SOUND_0119	Sound	rhyme	1	train					cmusphinx/cmudict	cmudict:rime:OW-N-Z	clones	zones		"[""k"", ""l"", ""oʊ"", ""n"", ""z""]"	"[""z"", ""oʊ"", ""n"", ""z""]"							2.9456423376774072	3.2466723333413885	3.096157335509398	5	4		1	1	0	0								0	0	1	unseen_phase1:clones,zones		OW N Z	3	1																
SOUND_0120	Sound	rhyme	1	train					cmusphinx/cmudict	cmudict:rime:AH-M-Z	comes	sums		"[""k"", ""ʌ"", ""m"", ""z""]"	"[""s"", ""ʌ"", ""m"", ""z""]"							5.358979362663997	3.2369124960522324	4.297945929358114	4	4		1	1	3534	0								0	0	1	unseen_phase1:sums		AH M Z	3	1																
SOUND_0121	Sound	rhyme	1	train					cmusphinx/cmudict	cmudict:rime:OW-N-Z	cones	zones		"[""k"", ""oʊ"", ""n"", ""z""]"	"[""z"", ""oʊ"", ""n"", ""z""]"							3.0777596589128304	3.2466723333413885	3.1622159961271095	4	4		1	1	102	0								0	0	1	unseen_phase1:zones		OW N Z	3	1																
SOUND_0122	Sound	rhyme	1	train					cmusphinx/cmudict	cmudict:rime:UW-N	coon	toon		"[""k"", ""uː"", ""n""]"	"[""t"", ""uː"", ""n""]"							3.098609797885951	2.883494430928563	2.991052114407257	3	3		1	1	12	2								0	0	1			UW N	2	1																
SOUND_0123	Sound	rhyme	1	train					cmusphinx/cmudict	cmudict:rime:AO-R-Z	cores	pours		"[""k"", ""ɔ"", ""ɹ"", ""z""]"	"[""p"", ""ɔ"", ""ɹ"", ""z""]"							2.8109437637799513	3.173243416182855	2.992093589981403	4	4		1	1	0	15								0	0	1	unseen_phase1:cores		AO R Z	3	1																
SOUND_0124	Sound	rhyme	1	train					cmusphinx/cmudict	cmudict:rime:AA-T	cot	hot		"[""k"", ""ɑ"", ""t""]"	"[""h"", ""ɑ"", ""t""]"							3.3010299956639813	5.2783949022069345	4.2897124489354574	3	3		1	1	19	5193								0	0	1			AA T	2	1																
SOUND_0125	Sound	rhyme	1	train					cmusphinx/cmudict	cmudict:rime:UW	crew	goo		"[""k"", ""ɹ"", ""uː""]"	"[""ɡ"", ""uː""]"							4.676962439396313	3.329856321842687	4.0034093806195	3	2		1	1	26	358								0	0	1			UW	1	1																
SOUND_0126	Sound	rhyme	1	train					cmusphinx/cmudict	cmudict:rime:ER	cur	ur		"[""k"", ""ɜː""]"	"[""ɜː""]"							2.7837915177363364	2.8239087409443187	2.8038501293403275	2	1		1	1	4	20								0	0	1			ER	1	1																
SOUND_0127	Sound	rhyme	1	train					cmusphinx/cmudict	cmudict:rime:AO-N-Z	dawns	yawns		"[""d"", ""ɔ"", ""n"", ""z""]"	"[""j"", ""ɔ"", ""n"", ""z""]"							2.723793588061051	2.769551078621726	2.7466723333413885	4	4		1	1	1	9								0	0	1			AO N Z	3	1																
SOUND_0128	Sound	rhyme	1	train					cmusphinx/cmudict	cmudict:rime:EY-Z	daze	haze		"[""d"", ""eɪ"", ""z""]"	"[""h"", ""eɪ"", ""z""]"							2.7395878552442827	3.1789205490745456	2.959254202159414	3	3		1	1	2	0								0	0	1	unseen_phase1:haze		EY Z	2	1																
SOUND_0129	Sound	rhyme	1	train					cmusphinx/cmudict	cmudict:rime:EY-Z	daze	trays		"[""d"", ""eɪ"", ""z""]"	"[""t"", ""ɹ"", ""eɪ"", ""z""]"							2.7395878552442827	3.184524426592544	2.9620561409184134	3	4		1	1	2	12								0	0	1			EY Z	2	1																
SOUND_0130	Sound	rhyme	1	train					cmusphinx/cmudict	cmudict:rime:IH-P-S	dips	pips		"[""d"", ""ɪ"", ""p"", ""s""]"	"[""p"", ""ɪ"", ""p"", ""s""]"							2.7975798022219696	3.040617850908264	2.9190988265651168	4	4		1	1	4	0								0	0	1	unseen_phase1:pips		IH P S	3	1																
SOUND_0131	Sound	rhyme	1	train					cmusphinx/cmudict	cmudict:rime:IH-P-S	dips	skips		"[""d"", ""ɪ"", ""p"", ""s""]"	"[""s"", ""k"", ""ɪ"", ""p"", ""s""]"							2.7975798022219696	2.915679114299964	2.856629458260967	4	5		1	1	4	8								0	0	1			IH P S	3	1																
SOUND_0132	Sound	rhyme	1	train					cmusphinx/cmudict	cmudict:rime:EH-JH	dredge	hedge		"[""d"", ""ɹ"", ""ɛ"", ""d̠ʒ""]"	"[""h"", ""ɛ"", ""d̠ʒ""]"							2.6726410656136697	3.190056915192505	2.9313489904030874	4	3		1	1	0	35								0	0	1	unseen_phase1:dredge		EH JH	2	1																
SOUND_0133	Sound	rhyme	1	train					cmusphinx/cmudict	cmudict:rime:EH-JH	dredge	sledge		"[""d"", ""ɹ"", ""ɛ"", ""d̠ʒ""]"	"[""s"", ""l"", ""ɛ"", ""d̠ʒ""]"							2.6726410656136697	2.6726410656136697	2.6726410656136697	4	4		1	1	0	3								0	0	1	unseen_phase1:dredge		EH JH	2	1																
SOUND_0134	Sound	rhyme	1	train					cmusphinx/cmudict	cmudict:rime:AH-M	drum	plumb		"[""d"", ""ɹ"", ""ʌ"", ""m""]"	"[""p"", ""l"", ""ʌ"", ""m""]"							3.9279135707169757	3.226928275145631	3.5774209229313034	4	4		1	1	467	4								0	0	1			AH M	2	1																
SOUND_0135	Sound	rhyme	1	train					cmusphinx/cmudict	cmudict:rime:AY	dry	lye		"[""d"", ""ɹ"", ""aɪ""]"	"[""l"", ""aɪ""]"							4.6316824579347635	2.7837915177363364	3.70773698783555	3	2		1	1	1238	0								0	0	1	unseen_phase1:lye		AY	1	1																
SOUND_0136	Sound	rhyme	1	train					cmusphinx/cmudict	cmudict:rime:EH-N-D	end	penned		"[""ɛ"", ""n"", ""d""]"	"[""p"", ""ɛ"", ""n"", ""d""]"							5.424657484635431	2.6903698325741012	4.057513658604766	3	4		1	1	2089	0								0	0	1	unseen_phase1:penned		EH N D	3	1																
SOUND_0137	Sound	rhyme	1	train					cmusphinx/cmudict	cmudict:rime:EY-L	fail	veil		"[""f"", ""eɪ"", ""l""]"	"[""v"", ""eɪ"", ""l""]"							4.390727360396761	3.471406771195233	3.931067065795997	3	3		1	1	12	4								0	0	1			EY L	2	1																
SOUND_0138	Sound	rhyme	1	train					cmusphinx/cmudict	cmudict:rime:IY-Z	fees	seas		"[""f"", ""iː"", ""z""]"	"[""s"", ""iː"", ""z""]"							3.4507923159973135	3.6407346869502244	3.545763501473769	3	3		1	1	4	10								0	0	1			IY Z	2	1																
SOUND_0139	Sound	rhyme	1	train					cmusphinx/cmudict	cmudict:rime:IY-Z	fees	seize		"[""f"", ""iː"", ""z""]"	"[""s"", ""iː"", ""z""]"							3.4507923159973135	3.6833649310054426	3.567078623501378	3	3		1	1	4	1								0	0	1			IY Z	2	1																
SOUND_0140	Sound	rhyme	1	train					cmusphinx/cmudict	cmudict:rime:OY-L	foil	oil		"[""f"", ""ɔɪ"", ""l""]"	"[""ɔɪ"", ""l""]"							3.0848215134003176	4.613613851204378	3.849217682302348	3	2		1	1	29	365								0	0	1			OY L	2	1																
SOUND_0141	Sound	rhyme	1	train					cmusphinx/cmudict	cmudict:rime:AE-NG-K	franc	sank		"[""f"", ""ɹ"", ""æ"", ""ŋ"", ""k""]"	"[""s"", ""æ"", ""ŋ"", ""k""]"							2.905213680621799	3.3338225090602887	3.1195180948410437	5	4		1	1	0	19								0	0	1	unseen_phase1:franc		AE NG K	3	1																
SOUND_0142	Sound	rhyme	1	train					cmusphinx/cmudict	cmudict:rime:IY	glee	mee		"[""ɡ"", ""l"", ""iː""]"	"[""m"", ""iː""]"							3.055857817465001	2.6726410656136697	2.8642494415393354	3	2		1	1	10	36								0	0	1			IY	1	1																
SOUND_0143	Sound	rhyme	1	train					cmusphinx/cmudict	cmudict:rime:UW	goo	slew		"[""ɡ"", ""uː""]"	"[""s"", ""l"", ""uː""]"							3.329856321842687	3.11850462660289	3.2241804742227886	2	3		1	1	358	2								0	0	1			UW	1	1																
SOUND_0144	Sound	rhyme	1	train					cmusphinx/cmudict	cmudict:rime:AE-B	grab	nab		"[""ɡ"", ""ɹ"", ""æ"", ""b""]"	"[""n"", ""æ"", ""b""]"							4.8504179721269765	2.8239087409443187	3.8371633565356476	4	3		1	1	539	2								0	0	1			AE B	2	1																
SOUND_0145	Sound	rhyme	1	train					cmusphinx/cmudict	cmudict:rime:AE-B	grab	scab		"[""ɡ"", ""ɹ"", ""æ"", ""b""]"	"[""s"", ""k"", ""æ"", ""b""]"							4.8504179721269765	2.7975798022219696	3.823998887174473	4	4		1	1	539	31								0	0	1			AE B	2	1																
SOUND_0146	Sound	rhyme	1	train					cmusphinx/cmudict	cmudict:rime:AE-F	graph	staph		"[""ɡ"", ""ɹ"", ""æ"", ""f""]"	"[""s"", ""t"", ""æ"", ""f""]"							2.872213420518874	2.6903698325741012	2.7812916265464875	4	4		1	1	4	0								0	0	1	unseen_phase1:staph		AE F	2	1																
SOUND_0147	Sound	rhyme	1	train					cmusphinx/cmudict	cmudict:rime:AE-M-Z	hams	jams		"[""h"", ""æ"", ""m"", ""z""]"	"[""d̠ʒ"", ""æ"", ""m"", ""z""]"							2.75482782180102	3.098609797885951	2.9267188098434853	4	4		1	1	2	1								0	0	1			AE M Z	3	1																
SOUND_0148	Sound	rhyme	1	train					cmusphinx/cmudict	cmudict:rime:AE-SH	hash	sash		"[""h"", ""æ"", ""ʃ""]"	"[""s"", ""æ"", ""ʃ""]"							3.5477023290053697	3.055857817465001	3.3017800732351854	3	3		1	1	10	20								0	0	1			AE SH	2	1																
SOUND_0149	Sound	rhyme	1	train					cmusphinx/cmudict	cmudict:rime:IY	hee	pea		"[""h"", ""iː""]"	"[""p"", ""iː""]"							3.7349095929665124	3.59128290031177	3.6630962466391415	2	2		1	1	1182	276								0	0	1			IY	1	1																
SOUND_0150	Sound	rhyme	1	train					cmusphinx/cmudict	cmudict:rime:AY	high	try		"[""h"", ""aɪ""]"	"[""t"", ""ɹ"", ""aɪ""]"							5.290034611362518	5.678286236263478	5.484160423812998	2	3		1	1	1609	7304								0	0	1			AY	1	1																
SOUND_0151	Sound	rhyme	1	train					cmusphinx/cmudict	cmudict:rime:AY-N-D	hind	mined		"[""h"", ""aɪ"", ""n"", ""d""]"	"[""m"", ""aɪ"", ""n"", ""d""]"							3.38933983691012	2.872213420518874	3.130776628714497	4	4		1	1	11	0								0	0	1	unseen_phase1:mined		AY N D	3	1																
SOUND_0152	Sound	rhyme	1	train					cmusphinx/cmudict	cmudict:rime:AA-P	hop	plop		"[""h"", ""ɑ"", ""p""]"	"[""p"", ""l"", ""ɑ"", ""p""]"							4.282324387620837	2.9258982794816504	3.6041113335512436	3	4		1	1	1381	91								0	0	1			AA P	2	1																
SOUND_0153	Sound	rhyme	1	train					cmusphinx/cmudict	cmudict:rime:AW-N-D-Z	hounds	lbs		"[""h"", ""aʊ"", ""n"", ""d"", ""z""]"	"[""p"", ""aʊ"", ""n"", ""d"", ""z""]"							3.274701056941632	3.063281835544208	3.16899144624292	5	5		1	1	3	0								0	0	1	unseen_phase1:lbs		AW N D Z	4	1																
SOUND_0154	Sound	rhyme	1	train					cmusphinx/cmudict	cmudict:rime:IH-M	hymn	rim		"[""h"", ""ɪ"", ""m""]"	"[""ɹ"", ""ɪ"", ""m""]"							3.2115079162781375	3.38933983691012	3.3004238765941287	3	3		1	1	0	7								0	0	1	unseen_phase1:hymn		IH M	2	1																
SOUND_0155	Sound	rhyme	1	train					cmusphinx/cmudict	cmudict:rime:AY-P	hype	pipe		"[""h"", ""aɪ"", ""p""]"	"[""p"", ""aɪ"", ""p""]"							3.2115079162781375	4.287626115499243	3.7495670158886902	3	3		1	1	0	437								0	0	1	unseen_phase1:hype		AY P	2	1																
SOUND_0156	Sound	rhyme	1	train					cmusphinx/cmudict	cmudict:rime:AE-K-T	jacked	lacked		"[""d̠ʒ"", ""æ"", ""k"", ""t""]"	"[""l"", ""æ"", ""k"", ""t""]"							3.3455082673854832	3.105343180544919	3.225425723965201	4	4		1	1	0	1								0	0	1	unseen_phase1:jacked		AE K T	3	1																
SOUND_0157	Sound	rhyme	1	train					cmusphinx/cmudict	cmudict:rime:EY-L-Z	jails	rails		"[""d̠ʒ"", ""eɪ"", ""l"", ""z""]"	"[""ɹ"", ""eɪ"", ""l"", ""z""]"							2.883494430928563	3.016705693502853	2.950100062215708	4	4		1	1	0	7								0	0	1	unseen_phase1:jails		EY L Z	3	1																
SOUND_0158	Sound	rhyme	1	train					cmusphinx/cmudict	cmudict:rime:AE-M-Z	jams	lambs		"[""d̠ʒ"", ""æ"", ""m"", ""z""]"	"[""l"", ""æ"", ""m"", ""z""]"							3.098609797885951	3.2218487496163566	3.1602292737511535	4	4		1	1	1	70								0	0	1			AE M Z	3	1																
SOUND_0159	Sound	rhyme	1	train					cmusphinx/cmudict	cmudict:rime:EH-T	jet	net		"[""d̠ʒ"", ""ɛ"", ""t""]"	"[""n"", ""ɛ"", ""t""]"							4.150365088621493	4.191703011219667	4.17103404992058	3	3		1	1	86	108								0	0	1			EH T	2	1																
SOUND_0160	Sound	rhyme	1	train					cmusphinx/cmudict	cmudict:rime:AA-K-S	jocks	pox		"[""d̠ʒ"", ""ɑ"", ""k"", ""s""]"	"[""p"", ""ɑ"", ""k"", ""s""]"							3.063281835544208	3.167491087293764	3.1153864614189857	4	4		1	1	0	59								0	0	1	unseen_phase1:jocks		AA K S	3	1																
SOUND_0161	Sound	rhyme	1	train					cmusphinx/cmudict	cmudict:rime:AE-G	lag	wag		"[""l"", ""æ"", ""ɡ""]"	"[""w"", ""æ"", ""ɡ""]"							3.167491087293764	2.7074031718728815	2.9374471295833224	3	3		1	1	0	53								0	0	1	unseen_phase1:lag		AE G	2	1																
SOUND_0162	Sound	rhyme	1	train					cmusphinx/cmudict	cmudict:rime:AO-R	lore	tore		"[""l"", ""ɔ"", ""ɹ""]"	"[""t"", ""ɔ"", ""ɹ""]"							2.8239087409443187	3.918770191277106	3.3713394661107126	3	3		1	1	2	86								0	0	1			AO R	2	1																
SOUND_0163	Sound	rhyme	1	train					cmusphinx/cmudict	cmudict:rime:EY-K	make	steak		"[""m"", ""eɪ"", ""k""]"	"[""s"", ""t"", ""eɪ"", ""k""]"							6.142309701939205	4.210460160686944	5.176384931313074	3	4		1	1	20509	213								0	0	1			EY K	2	1																
SOUND_0164	Sound	rhyme	1	train					cmusphinx/cmudict	cmudict:rime:OW-N	moan	shone		"[""m"", ""oʊ"", ""n""]"	"[""ʃ"", ""ɑ"", ""n""]"							3.274701056941632	2.769551078621726	3.022126067781679	3	3		1	1	15	8								0	0	1			OW N	2	1																
SOUND_0165	Sound	rhyme	1	train					cmusphinx/cmudict	cmudict:rime:AA	moi	trois		"[""m"", ""w"", ""ɑ""]"	"[""t"", ""w"", ""ɑ""]"							3.2924298239020637	2.894489815230026	3.0934598195660445	3	3		1	1	18	0								0	0	1	unseen_phase1:trois		AA	2	1																
SOUND_0166	Sound	rhyme	1	train					cmusphinx/cmudict	cmudict:rime:AO-R	nor	tor		"[""n"", ""ɔ"", ""ɹ""]"	"[""t"", ""ɔ"", ""ɹ""]"							4.556065892490172	3.3962335448580205	3.976149718674096	3	3		1	1	20	2								0	0	1			AO R	2	1																
SOUND_0167	Sound	rhyme	1	train					cmusphinx/cmudict	cmudict:rime:OW-N	phone	scone		"[""f"", ""oʊ"", ""n""]"	"[""s"", ""k"", ""oʊ"", ""n""]"							5.43092199105204	2.6903698325741012	4.06064591181307	3	4		1	1	1505	0								0	0	1	unseen_phase1:scone		OW N	2	1																
SOUND_0168	Sound	rhyme	1	train					cmusphinx/cmudict	cmudict:rime:AE-N	plan	tan		"[""p"", ""l"", ""æ"", ""n""]"	"[""t"", ""æ"", ""n""]"							5.163535524887649	3.934894344144185	4.549214934515917	4	3		1	1	149	95								0	0	1			AE N	2	1																
SOUND_0169	Sound	rhyme	1	train					cmusphinx/cmudict	cmudict:rime:AA-T-S	plots	pots		"[""p"", ""l"", ""ɑ"", ""t"", ""s""]"	"[""p"", ""ɑ"", ""t"", ""s""]"							3.226928275145631	3.5501083987712483	3.3885183369584397	5	4		1	1	0	128								0	0	1	unseen_phase1:plots	P	AA T S	4	1																
SOUND_0170	Sound	rhyme	1	train					cmusphinx/cmudict	cmudict:rime:OW-Z	prose	throes		"[""p"", ""ɹ"", ""oʊ"", ""z""]"	"[""θ"", ""ɹ"", ""oʊ"", ""z""]"							2.973671061277651	2.723793588061051	2.848732324669351	4	4		1	1	0	0								0	0	1	unseen_phase1:prose,throes		OW Z	3	1																
SOUND_0171	Sound	rhyme	1	train					cmusphinx/cmudict	cmudict:rime:AH-S-T	rust	trust		"[""ɹ"", ""ʌ"", ""s"", ""t""]"	"[""t"", ""ɹ"", ""ʌ"", ""s"", ""t""]"							3.3962335448580205	5.250850351954582	4.323541948406302	4	5		1	1	4	52								0	0	1			AH S T	4	1																
SOUND_0172	Sound	rhyme	1	train					cmusphinx/cmudict	cmudict:rime:AA-R-D	scarred	yard		"[""s"", ""k"", ""ɑ"", ""ɹ"", ""d""]"	"[""j"", ""ɑ"", ""ɹ"", ""d""]"							3.11850462660289	4.398960677724445	3.7587326521636677	5	4		1	1	3	253								0	0	1			AA R D	3	1																
SOUND_0173	Sound	rhyme	1	train					cmusphinx/cmudict	cmudict:rime:IH-L	shrill	swill		"[""ʃ"", ""ɹ"", ""ɪ"", ""l""]"	"[""s"", ""w"", ""ɪ"", ""l""]"							2.6726410656136697	2.982625903930577	2.8276334847721234	4	4		1	1	5	3								0	0	1			IH L	2	1																
SOUND_0174	Sound	rhyme	1	train					cmusphinx/cmudict	cmudict:rime:IH-NG-K	sink	think		"[""s"", ""ɪ"", ""ŋ"", ""k""]"	"[""θ"", ""ɪ"", ""ŋ"", ""k""]"							4.228440619617273	6.42997698247318	5.329208801045226	4	4		1	1	338	35496								0	0	1			IH NG K	3	1																
SOUND_0175	Sound	rhyme	1	train					cmusphinx/cmudict	cmudict:rime:AE-G	slag	wag		"[""s"", ""l"", ""æ"", ""ɡ""]"	"[""w"", ""æ"", ""ɡ""]"							2.883494430928563	2.7074031718728815	2.795448801400722	4	3		1	1	3	53								0	0	1			AE G	2	1																
SOUND_0176	Sound	rhyme	1	train					cmusphinx/cmudict	cmudict:rime:AO-R	soar	war		"[""s"", ""ɔ"", ""ɹ""]"	"[""w"", ""ɔ"", ""ɹ""]"							3.184524426592544	5.242405001731717	4.21346471416213	3	3		1	1	1	115								0	0	1			AO R	2	1																
SOUND_0177	Sound	rhyme	1	train					cmusphinx/cmudict	cmudict:rime:AW-T	spout	stout		"[""s"", ""p"", ""aʊ"", ""t""]"	"[""s"", ""t"", ""aʊ"", ""t""]"							3.0084331675368627	3.016705693502853	3.012569430519858	4	4		1	1	132	17								0	0	1		S	AW T	3	1																
SOUND_0178	Sound	rhyme	1	train					cmusphinx/cmudict	cmudict:rime:IY-L	squeal	teal		"[""s"", ""k"", ""w"", ""iː"", ""l""]"	"[""t"", ""iː"", ""l""]"							3.425968732272281	2.7074031718728815	3.0666859520725813	5	3		1	1	19	5								0	0	1			IY L	2	1																
SOUND_0179	Sound	rhyme	1	train					cmusphinx/cmudict	cmudict:rime:IH-N-T	squint	stint		"[""s"", ""k"", ""w"", ""ɪ"", ""n"", ""t""]"	"[""s"", ""t"", ""ɪ"", ""n"", ""t""]"							3.0	2.872213420518874	2.9361067102594367	6	5		1	1	1	0								0	0	1	unseen_phase1:stint	S	IH N T	4	1																
SOUND_0180	Sound	rhyme	1	train					cmusphinx/cmudict	cmudict:rime:AW-T	tout	trout		"[""t"", ""aʊ"", ""t""]"	"[""t"", ""ɹ"", ""aʊ"", ""t""]"							3.0327925133963074	3.604183684957818	3.3184880991770624	3	4		1	1	1	17								0	0	1		T	AW T	2	1																
SOUND_0181	Sound	unrelated	0	train					cmusphinx/cmudict	cmudict:formal-zero-shared-phone	adds	cur		"[""æ"", ""d"", ""z""]"	"[""k"", ""ɜː""]"							3.595625881322553	2.7837915177363364	3.1897086995294446	3	2		1	1	7	4								0	0	1				0	1																
SOUND_0182	Sound	unrelated	0	train					cmusphinx/cmudict	cmudict:formal-zero-shared-phone	adds	juke		"[""æ"", ""d"", ""z""]"	"[""d̠ʒ"", ""uː"", ""k""]"							3.595625881322553	2.6726410656136697	3.134133473468111	3	3		1	1	7	0								0	0	1	unseen_phase1:juke			0	1																
SOUND_0183	Sound	unrelated	0	train					cmusphinx/cmudict	cmudict:formal-zero-shared-phone	adds	of		"[""æ"", ""d"", ""z""]"	"[""ʌ"", ""v""]"							3.595625881322553	7.063604859921317	5.329615370621935	3	2		1	1	7	46590								0	0	1				0	1																
SOUND_0184	Sound	unrelated	0	train					cmusphinx/cmudict	cmudict:formal-zero-shared-phone	adds	out		"[""æ"", ""d"", ""z""]"	"[""aʊ"", ""t""]"							3.595625881322553	6.587184748893357	5.091405315107955	3	2		1	1	7	25469								0	0	1				0	1																
SOUND_0185	Sound	unrelated	0	train					cmusphinx/cmudict	cmudict:formal-zero-shared-phone	adds	pray		"[""æ"", ""d"", ""z""]"	"[""p"", ""ɹ"", ""eɪ""]"							3.595625881322553	4.558896719342306	4.077261300332429	3	3		1	1	7	44								0	0	1				0	1																
SOUND_0186	Sound	unrelated	0	train					cmusphinx/cmudict	cmudict:formal-zero-shared-phone	adds	pups		"[""æ"", ""d"", ""z""]"	"[""p"", ""ʌ"", ""p"", ""s""]"							3.595625881322553	2.9551876555836376	3.275406768453095	3	4		1	1	7	12								0	0	1				0	1																
SOUND_0187	Sound	unrelated	0	train					cmusphinx/cmudict	cmudict:formal-zero-shared-phone	adds	reps		"[""æ"", ""d"", ""z""]"	"[""ɹ"", ""ɛ"", ""p"", ""s""]"							3.595625881322553	2.9551876555836376	3.275406768453095	3	4		1	1	7	0								0	0	1	unseen_phase1:reps			0	1																
SOUND_0188	Sound	unrelated	0	train					cmusphinx/cmudict	cmudict:formal-zero-shared-phone	adds	slob		"[""æ"", ""d"", ""z""]"	"[""s"", ""l"", ""ɑ"", ""b""]"							3.595625881322553	3.5525012118871384	3.5740635466048456	3	4		1	1	7	4								0	0	1				0	1																
SOUND_0189	Sound	unrelated	0	train					cmusphinx/cmudict	cmudict:formal-zero-shared-phone	adds	tyke		"[""æ"", ""d"", ""z""]"	"[""t"", ""aɪ"", ""k""]"							3.595625881322553	2.723793588061051	3.159709734691802	3	3		1	1	7	18								0	0	1				0	1																
SOUND_0190	Sound	unrelated	0	train					cmusphinx/cmudict	cmudict:formal-zero-shared-phone	aim	nine		"[""eɪ"", ""m""]"	"[""n"", ""aɪ"", ""n""]"							4.172099029534117	4.829114496522994	4.500606763028555	2	3		1	1	31	2304								0	0	1				0	1																
SOUND_0191	Sound	unrelated	0	train					cmusphinx/cmudict	cmudict:formal-zero-shared-phone	arms	sash		"[""ɑ"", ""ɹ"", ""m"", ""z""]"	"[""s"", ""æ"", ""ʃ""]"							4.776729663248849	3.055857817465001	3.916293740356925	4	3		1	1	707	20								0	0	1				0	1																
SOUND_0192	Sound	unrelated	0	train					cmusphinx/cmudict	cmudict:formal-zero-shared-phone	barf	seal		"[""b"", ""ɑ"", ""ɹ"", ""f""]"	"[""s"", ""iː"", ""l""]"							3.2924298239020637	4.168647664493706	3.730538744197885	4	3		1	1	0	385								0	0	1	unseen_phase1:barf			0	1																
SOUND_0193	Sound	unrelated	0	train					cmusphinx/cmudict	cmudict:formal-zero-shared-phone	bark	nine		"[""b"", ""ɑ"", ""ɹ"", ""k""]"	"[""n"", ""aɪ"", ""n""]"							3.7395878552442827	4.829114496522994	4.284351175883638	4	3		1	1	393	2304								0	0	1				0	1																
SOUND_0194	Sound	unrelated	0	train					cmusphinx/cmudict	cmudict:formal-zero-shared-phone	bees	sash		"[""b"", ""iː"", ""z""]"	"[""s"", ""æ"", ""ʃ""]"							3.7269987279362624	3.055857817465001	3.3914282727006317	3	3		1	1	351	20								0	0	1				0	1																
SOUND_0195	Sound	unrelated	0	train					cmusphinx/cmudict	cmudict:formal-zero-shared-phone	bib	nursed		"[""b"", ""ɪ"", ""b""]"	"[""n"", ""ɜː"", ""s"", ""d""]"							2.6903698325741012	2.982625903930577	2.836497868252339	3	4		1	1	476	15								0	0	1				0	1																
SOUND_0196	Sound	unrelated	0	train					cmusphinx/cmudict	cmudict:formal-zero-shared-phone	bit	nine		"[""b"", ""ɪ"", ""t""]"	"[""n"", ""aɪ"", ""n""]"							5.3711403292303395	4.829114496522994	5.100127412876667	3	3		1	1	4676	2304								0	0	1				0	1																
SOUND_0197	Sound	unrelated	0	train					cmusphinx/cmudict	cmudict:formal-zero-shared-phone	blah	sash		"[""b"", ""l"", ""ɑ""]"	"[""s"", ""æ"", ""ʃ""]"							4.128753939608815	3.055857817465001	3.592305878536908	3	3		1	1	305	20								0	0	1				0	1																
SOUND_0198	Sound	unrelated	0	train					cmusphinx/cmudict	cmudict:formal-zero-shared-phone	blip	nursed		"[""b"", ""l"", ""ɪ"", ""p""]"	"[""n"", ""ɜː"", ""s"", ""d""]"							2.905213680621799	2.982625903930577	2.943919792276188	4	4		1	1	3	15								0	0	1				0	1																
SOUND_0199	Sound	unrelated	0	train					cmusphinx/cmudict	cmudict:formal-zero-shared-phone	bolts	nine		"[""b"", ""oʊ"", ""l"", ""t"", ""s""]"	"[""n"", ""aɪ"", ""n""]"							3.337752802688721	4.829114496522994	4.083433649605857	5	3		1	1	75	2304								0	0	1				0	1																
SOUND_0200	Sound	unrelated	0	train					cmusphinx/cmudict	cmudict:formal-zero-shared-phone	bop	germ		"[""b"", ""ɑ"", ""p""]"	"[""d̠ʒ"", ""ɜː"", ""m""]"							3.2655576775017625	3.098609797885951	3.1820837376938567	3	3		1	1	125	39								0	0	1				0	1																
SOUND_0201	Sound	unrelated	0	train					cmusphinx/cmudict	cmudict:formal-zero-shared-phone	borne	sash		"[""b"", ""ɔ"", ""ɹ"", ""n""]"	"[""s"", ""æ"", ""ʃ""]"							3.0084331675368627	3.055857817465001	3.032145492500932	4	3		1	1	0	20								0	0	1	unseen_phase1:borne			0	1																
SOUND_0202	Sound	unrelated	0	train					cmusphinx/cmudict	cmudict:formal-zero-shared-phone	borne	swells		"[""b"", ""ɔ"", ""ɹ"", ""n""]"	"[""s"", ""w"", ""ɛ"", ""l"", ""z""]"							3.0084331675368627	3.0777596589128304	3.0430964132248466	4	5		1	1	0	0								0	0	1	unseen_phase1:borne,swells			0	1																
SOUND_0203	Sound	unrelated	0	train					cmusphinx/cmudict	cmudict:formal-zero-shared-phone	botched	rim		"[""b"", ""ɑ"", ""t̠ʃ"", ""t""]"	"[""ɹ"", ""ɪ"", ""m""]"							3.055857817465001	3.38933983691012	3.2225988271875607	4	3		1	1	0	7								0	0	1	unseen_phase1:botched			0	1																
SOUND_0204	Sound	unrelated	0	train					cmusphinx/cmudict	cmudict:formal-zero-shared-phone	both	cast		"[""b"", ""oʊ"", ""θ""]"	"[""k"", ""æ"", ""s"", ""t""]"							5.470312467167388	4.364311831208189	4.917312149187788	3	4		1	1	2174	55								0	0	1				0	1																
SOUND_0205	Sound	unrelated	0	train					cmusphinx/cmudict	cmudict:formal-zero-shared-phone	both	clam		"[""b"", ""oʊ"", ""θ""]"	"[""k"", ""l"", ""æ"", ""m""]"							5.470312467167388	3.5934598195660445	4.531886143366716	3	4		1	1	2174	76								0	0	1				0	1																
SOUND_0206	Sound	unrelated	0	train					cmusphinx/cmudict	cmudict:formal-zero-shared-phone	both	clams		"[""b"", ""oʊ"", ""θ""]"	"[""k"", ""l"", ""æ"", ""m"", ""z""]"							5.470312467167388	3.4323089103033	4.451310688735344	3	5		1	1	2174	15								0	0	1				0	1																
SOUND_0207	Sound	unrelated	0	train					cmusphinx/cmudict	cmudict:formal-zero-shared-phone	both	clog		"[""b"", ""oʊ"", ""θ""]"	"[""k"", ""l"", ""ɑ"", ""ɡ""]"							5.470312467167388	2.905213680621799	4.187763073894594	3	4		1	1	2174	1								0	0	1				0	1																
SOUND_0208	Sound	unrelated	0	train					cmusphinx/cmudict	cmudict:formal-zero-shared-phone	both	dips		"[""b"", ""oʊ"", ""θ""]"	"[""d"", ""ɪ"", ""p"", ""s""]"							5.470312467167388	2.7975798022219696	4.133946134694678	3	4		1	1	2174	4								0	0	1				0	1																
SOUND_0209	Sound	unrelated	0	train					cmusphinx/cmudict	cmudict:formal-zero-shared-phone	both	drive		"[""b"", ""oʊ"", ""θ""]"	"[""d"", ""ɹ"", ""aɪ"", ""v""]"							5.470312467167388	5.185080857779364	5.327696662473376	3	4		1	1	2174	1798								0	0	1				0	1																
SOUND_0210	Sound	unrelated	0	train					cmusphinx/cmudict	cmudict:formal-zero-shared-phone	both	drugs		"[""b"", ""oʊ"", ""θ""]"	"[""d"", ""ɹ"", ""ʌ"", ""ɡ"", ""z""]"							5.470312467167388	4.684070527394452	5.07719149728092	3	5		1	1	2174	14								0	0	1				0	1																
SOUND_0211	Sound	unrelated	0	train					cmusphinx/cmudict	cmudict:formal-zero-shared-phone	both	end		"[""b"", ""oʊ"", ""θ""]"	"[""ɛ"", ""n"", ""d""]"							5.470312467167388	5.424657484635431	5.44748497590141	3	3		1	1	2174	2089								0	0	1				0	1																
SOUND_0212	Sound	unrelated	0	train					cmusphinx/cmudict	cmudict:formal-zero-shared-phone	both	fees		"[""b"", ""oʊ"", ""θ""]"	"[""f"", ""iː"", ""z""]"							5.470312467167388	3.4507923159973135	4.46055239158235	3	3		1	1	2174	4								0	0	1				0	1																
SOUND_0213	Sound	unrelated	0	train					cmusphinx/cmudict	cmudict:formal-zero-shared-phone	both	flops		"[""b"", ""oʊ"", ""θ""]"	"[""f"", ""l"", ""ɑ"", ""p"", ""s""]"							5.470312467167388	2.7074031718728815	4.088857819520134	3	5		1	1	2174	19								0	0	1				0	1																
SOUND_0214	Sound	unrelated	0	train					cmusphinx/cmudict	cmudict:formal-zero-shared-phone	both	fruits		"[""b"", ""oʊ"", ""θ""]"	"[""f"", ""ɹ"", ""uː"", ""t"", ""s""]"							5.470312467167388	3.4477658613671256	4.459039164267256	3	5		1	1	2174	92								0	0	1				0	1																
SOUND_0215	Sound	unrelated	0	train					cmusphinx/cmudict	cmudict:formal-zero-shared-phone	both	funds		"[""b"", ""oʊ"", ""θ""]"	"[""f"", ""ʌ"", ""n"", ""d"", ""z""]"							5.470312467167388	3.8200597247734023	4.645186095970395	3	5		1	1	2174	5								0	0	1				0	1																
SOUND_0216	Sound	unrelated	0	train					cmusphinx/cmudict	cmudict:formal-zero-shared-phone	both	gems		"[""b"", ""oʊ"", ""θ""]"	"[""d̠ʒ"", ""ɛ"", ""m"", ""z""]"							5.470312467167388	2.935882500388251	4.203097483777819	3	4		1	1	2174	2								0	0	1				0	1																
SOUND_0217	Sound	unrelated	0	train					cmusphinx/cmudict	cmudict:formal-zero-shared-phone	both	gulp		"[""b"", ""oʊ"", ""θ""]"	"[""ɡ"", ""ʌ"", ""l"", ""p""]"							5.470312467167388	2.9913998282380825	4.2308561477027355	3	4		1	1	2174	210								0	0	1				0	1																
SOUND_0218	Sound	unrelated	0	train					cmusphinx/cmudict	cmudict:formal-zero-shared-phone	both	hips		"[""b"", ""oʊ"", ""θ""]"	"[""h"", ""ɪ"", ""p"", ""s""]"							5.470312467167388	3.7823883033268983	4.626350385247143	3	4		1	1	2174	10								0	0	1				0	1																
SOUND_0219	Sound	unrelated	0	train					cmusphinx/cmudict	cmudict:formal-zero-shared-phone	both	hiss		"[""b"", ""oʊ"", ""θ""]"	"[""h"", ""ɪ"", ""s""]"							5.470312467167388	2.9645276818377813	4.217420074502584	3	3		1	1	2174	35								0	0	1				0	1																
SOUND_0220	Sound	unrelated	0	train					cmusphinx/cmudict	cmudict:formal-zero-shared-phone	both	jest		"[""b"", ""oʊ"", ""θ""]"	"[""d̠ʒ"", ""ɛ"", ""s"", ""t""]"							5.470312467167388	3.1249387366083	4.2976256018878445	3	4		1	1	2174	2								0	0	1				0	1																
SOUND_0221	Sound	unrelated	0	train					cmusphinx/cmudict	cmudict:formal-zero-shared-phone	both	jugs		"[""b"", ""oʊ"", ""θ""]"	"[""d̠ʒ"", ""ʌ"", ""ɡ"", ""z""]"							5.470312467167388	3.0777596589128304	4.274036063040109	3	4		1	1	2174	9								0	0	1				0	1																
SOUND_0222	Sound	unrelated	0	train					cmusphinx/cmudict	cmudict:formal-zero-shared-phone	both	jump		"[""b"", ""oʊ"", ""θ""]"	"[""d̠ʒ"", ""ʌ"", ""m"", ""p""]"							5.470312467167388	4.844001797576317	5.157157132371853	3	4		1	1	2174	2805								0	0	1				0	1																
SOUND_0223	Sound	unrelated	0	train					cmusphinx/cmudict	cmudict:formal-zero-shared-phone	both	keeps		"[""b"", ""oʊ"", ""θ""]"	"[""k"", ""iː"", ""p"", ""s""]"							5.470312467167388	4.720726637884943	5.095519552526166	3	4		1	1	2174	442								0	0	1				0	1																
SOUND_0224	Sound	unrelated	0	train					cmusphinx/cmudict	cmudict:formal-zero-shared-phone	both	lan		"[""b"", ""oʊ"", ""θ""]"	"[""l"", ""æ"", ""n""]"							5.470312467167388	3.912565878875821	4.691439173021605	3	3		1	1	2174	2								0	0	1				0	1																
SOUND_0225	Sound	unrelated	0	train					cmusphinx/cmudict	cmudict:formal-zero-shared-phone	both	makes		"[""b"", ""oʊ"", ""θ""]"	"[""m"", ""eɪ"", ""k"", ""s""]"							5.470312467167388	5.382193678393753	5.42625307278057	3	4		1	1	2174	2527								0	0	1				0	1																
SOUND_0226	Sound	unrelated	0	train					cmusphinx/cmudict	cmudict:formal-zero-shared-phone	both	moms		"[""b"", ""oʊ"", ""θ""]"	"[""m"", ""ɑ"", ""m"", ""z""]"							5.470312467167388	3.676245189882495	4.573278828524941	3	4		1	1	2174	64								0	0	1				0	1																
SOUND_0227	Sound	unrelated	0	train					cmusphinx/cmudict	cmudict:formal-zero-shared-phone	both	ni		"[""b"", ""oʊ"", ""θ""]"	"[""n"", ""aɪ""]"							5.470312467167388	3.1497623203333323	4.31003739375036	3	2		1	1	2174	115								0	0	1				0	1																
SOUND_0228	Sound	unrelated	0	train					cmusphinx/cmudict	cmudict:formal-zero-shared-phone	both	oils		"[""b"", ""oʊ"", ""θ""]"	"[""ɔɪ"", ""l"", ""z""]"							5.470312467167388	3.1249387366083	4.2976256018878445	3	3		1	1	2174	0								0	0	1	unseen_phase1:oils			0	1																
SOUND_0229	Sound	unrelated	0	train					cmusphinx/cmudict	cmudict:formal-zero-shared-phone	both	pi		"[""b"", ""oʊ"", ""θ""]"	"[""p"", ""aɪ""]"							5.470312467167388	3.5642714304385628	4.517291948802976	3	2		1	1	2174	31								0	0	1				0	1																
SOUND_0230	Sound	unrelated	0	train					cmusphinx/cmudict	cmudict:formal-zero-shared-phone	both	prep		"[""b"", ""oʊ"", ""θ""]"	"[""p"", ""ɹ"", ""ɛ"", ""p""]"							5.470312467167388	3.8778905534105643	4.674101510288976	3	4		1	1	2174	0								0	0	1	unseen_phase1:prep			0	1																
SOUND_0231	Sound	unrelated	0	train					cmusphinx/cmudict	cmudict:formal-zero-shared-phone	both	rink		"[""b"", ""oʊ"", ""θ""]"	"[""ɹ"", ""ɪ"", ""ŋ"", ""k""]"							5.470312467167388	3.329856321842687	4.400084394505038	3	4		1	1	2174	9								0	0	1				0	1																
SOUND_0232	Sound	unrelated	0	train					cmusphinx/cmudict	cmudict:formal-zero-shared-phone	both	sharp		"[""b"", ""oʊ"", ""θ""]"	"[""ʃ"", ""ɑ"", ""ɹ"", ""p""]"							5.470312467167388	4.376290624768637	4.9233015459680125	3	4		1	1	2174	587								0	0	1				0	1																
SOUND_0233	Sound	unrelated	0	train					cmusphinx/cmudict	cmudict:formal-zero-shared-phone	both	shrunk		"[""b"", ""oʊ"", ""θ""]"	"[""ʃ"", ""ɹ"", ""ʌ"", ""ŋ"", ""k""]"							5.470312467167388	3.190056915192505	4.330184691179946	3	5		1	1	2174	29								0	0	1				0	1																
SOUND_0234	Sound	unrelated	0	train					cmusphinx/cmudict	cmudict:formal-zero-shared-phone	both	spun		"[""b"", ""oʊ"", ""θ""]"	"[""s"", ""p"", ""ʌ"", ""n""]"							5.470312467167388	3.226928275145631	4.3486203711565095	3	4		1	1	2174	13								0	0	1				0	1																
SOUND_0235	Sound	unrelated	0	train					cmusphinx/cmudict	cmudict:formal-zero-shared-phone	both	state		"[""b"", ""oʊ"", ""θ""]"	"[""s"", ""t"", ""eɪ"", ""t""]"							5.470312467167388	5.032792513396307	5.251552490281847	3	4		1	1	2174	258								0	0	1				0	1																
SOUND_0236	Sound	unrelated	0	train					cmusphinx/cmudict	cmudict:formal-zero-shared-phone	both	stops		"[""b"", ""oʊ"", ""θ""]"	"[""s"", ""t"", ""ɑ"", ""p"", ""s""]"							5.470312467167388	4.338534611148102	4.9044235391577455	3	5		1	1	2174	141								0	0	1				0	1																
SOUND_0237	Sound	unrelated	0	train					cmusphinx/cmudict	cmudict:formal-zero-shared-phone	both	surf		"[""b"", ""oʊ"", ""θ""]"	"[""s"", ""ɜː"", ""f""]"							5.470312467167388	3.8029748341086758	4.636643650638032	3	3		1	1	2174	29								0	0	1				0	1																
SOUND_0238	Sound	unrelated	0	train					cmusphinx/cmudict	cmudict:formal-zero-shared-phone	both	swell		"[""b"", ""oʊ"", ""θ""]"	"[""s"", ""w"", ""ɛ"", ""l""]"							5.470312467167388	4.318145207803404	4.894228837485397	3	4		1	1	2174	18								0	0	1				0	1																
SOUND_0239	Sound	unrelated	0	train					cmusphinx/cmudict	cmudict:formal-zero-shared-phone	both	tar		"[""b"", ""oʊ"", ""θ""]"	"[""t"", ""ɑ"", ""ɹ""]"							5.470312467167388	3.4965498065579883	4.483431136862688	3	3		1	1	2174	28								0	0	1				0	1																
SOUND_0240	Sound	unrelated	0	train					cmusphinx/cmudict	cmudict:formal-zero-shared-phone	both	tides		"[""b"", ""oʊ"", ""θ""]"	"[""t"", ""aɪ"", ""d"", ""z""]"							5.470312467167388	3.195519810894007	4.332916139030697	3	4		1	1	2174	0								0	0	1	unseen_phase1:tides			0	1																
SOUND_0241	Sound	unrelated	0	train					cmusphinx/cmudict	cmudict:formal-zero-shared-phone	bran	germ		"[""b"", ""ɹ"", ""æ"", ""n""]"	"[""d̠ʒ"", ""ɜː"", ""m""]"							3.11850462660289	3.098609797885951	3.1085572122444205	4	3		1	1	69	39								0	0	1				0	1																
SOUND_0242	Sound	unrelated	0	train					cmusphinx/cmudict	cmudict:formal-zero-shared-phone	brand	germ		"[""b"", ""ɹ"", ""æ"", ""n"", ""d""]"	"[""d̠ʒ"", ""ɜː"", ""m""]"							4.14490981753892	3.098609797885951	3.6217598077124356	5	3		1	1	142	39								0	0	1				0	1																
SOUND_0243	Sound	unrelated	0	train					cmusphinx/cmudict	cmudict:formal-zero-shared-phone	buds	sash		"[""b"", ""ʌ"", ""d"", ""z""]"	"[""s"", ""æ"", ""ʃ""]"							3.2466723333413885	3.055857817465001	3.151265075403195	4	3		1	1	18	20								0	0	1				0	1																
SOUND_0244	Sound	unrelated	0	train					cmusphinx/cmudict	cmudict:formal-zero-shared-phone	buy	swank		"[""b"", ""aɪ""]"	"[""s"", ""w"", ""æ"", ""ŋ"", ""k""]"							5.2842758775469605	2.6726410656136697	3.978458471580315	2	5		1	1	2776	0								0	0	1	unseen_phase1:swank			0	1																
SOUND_0245	Sound	unrelated	0	train					cmusphinx/cmudict	cmudict:formal-zero-shared-phone	camp	swells		"[""k"", ""æ"", ""m"", ""p""]"	"[""s"", ""w"", ""ɛ"", ""l"", ""z""]"							4.7094029965051	3.0777596589128304	3.893581327708965	4	5		1	1	224	0								0	0	1	unseen_phase1:swells			0	1																
SOUND_0246	Sound	unrelated	0	train					cmusphinx/cmudict	cmudict:formal-zero-shared-phone	card	swells		"[""k"", ""ɑ"", ""ɹ"", ""d""]"	"[""s"", ""w"", ""ɛ"", ""l"", ""z""]"							4.931617383837818	3.0777596589128304	4.004688521375324	4	5		1	1	658	0								0	0	1	unseen_phase1:swells			0	1																
SOUND_0247	Sound	unrelated	0	train					cmusphinx/cmudict	cmudict:formal-zero-shared-phone	cent	germ		"[""s"", ""ɛ"", ""n"", ""t""]"	"[""d̠ʒ"", ""ɜː"", ""m""]"							3.976376954653576	3.098609797885951	3.5374933762697633	4	3		1	1	29	39								0	0	1				0	1																
SOUND_0248	Sound	unrelated	0	train					cmusphinx/cmudict	cmudict:formal-zero-shared-phone	chime	swank		"[""t̠ʃ"", ""aɪ"", ""m""]"	"[""s"", ""w"", ""æ"", ""ŋ"", ""k""]"							2.9645276818377813	2.6726410656136697	2.8185843737257255	3	5		1	1	7	0								0	0	1	unseen_phase1:swank			0	1																
SOUND_0249	Sound	unrelated	0	train					cmusphinx/cmudict	cmudict:formal-zero-shared-phone	clasp	nine		"[""k"", ""l"", ""æ"", ""s"", ""p""]"	"[""n"", ""aɪ"", ""n""]"							3.0084331675368627	4.829114496522994	3.9187738320299284	5	3		1	1	0	2304								0	0	1	unseen_phase1:clasp			0	1																
SOUND_0250	Sound	unrelated	0	train					cmusphinx/cmudict	cmudict:formal-zero-shared-phone	clicked	germ		"[""k"", ""l"", ""ɪ"", ""k"", ""t""]"	"[""d̠ʒ"", ""ɜː"", ""m""]"							3.0248235837250323	3.098609797885951	3.0617166908054916	5	3		1	1	4	39								0	0	1				0	1																
SOUND_0251	Sound	unrelated	0	train					cmusphinx/cmudict	cmudict:formal-zero-shared-phone	clock	nine		"[""k"", ""l"", ""ɑ"", ""k""]"	"[""n"", ""aɪ"", ""n""]"							4.768101012226493	4.829114496522994	4.798607754374744	4	3		1	1	1526	2304								0	0	1				0	1																
SOUND_0252	Sound	unrelated	0	train					cmusphinx/cmudict	cmudict:formal-zero-shared-phone	clones	germ		"[""k"", ""l"", ""oʊ"", ""n"", ""z""]"	"[""d̠ʒ"", ""ɜː"", ""m""]"							2.9456423376774072	3.098609797885951	3.022126067781679	5	3		1	1	0	39								0	0	1	unseen_phase1:clones			0	1																
SOUND_0253	Sound	unrelated	0	train					cmusphinx/cmudict	cmudict:formal-zero-shared-phone	club	sash		"[""k"", ""l"", ""ʌ"", ""b""]"	"[""s"", ""æ"", ""ʃ""]"							4.994687987064157	3.055857817465001	4.025272902264579	4	3		1	1	146	20								0	0	1				0	1																
SOUND_0254	Sound	unrelated	0	train					cmusphinx/cmudict	cmudict:formal-zero-shared-phone	cones	sash		"[""k"", ""oʊ"", ""n"", ""z""]"	"[""s"", ""æ"", ""ʃ""]"							3.0777596589128304	3.055857817465001	3.0668087381889158	4	3		1	1	102	20								0	0	1				0	1																
SOUND_0255	Sound	unrelated	0	train					cmusphinx/cmudict	cmudict:formal-zero-shared-phone	cops	nine		"[""k"", ""ɑ"", ""p"", ""s""]"	"[""n"", ""aɪ"", ""n""]"							4.924887116086788	4.829114496522994	4.877000806304891	4	3		1	1	35	2304								0	0	1				0	1																
SOUND_0256	Sound	unrelated	0	train					cmusphinx/cmudict	cmudict:formal-zero-shared-phone	crust	germ		"[""k"", ""ɹ"", ""ʌ"", ""s"", ""t""]"	"[""d̠ʒ"", ""ɜː"", ""m""]"							3.5125379119421187	3.098609797885951	3.3055738549140345	5	3		1	1	128	39								0	0	1				0	1																
SOUND_0257	Sound	unrelated	0	train					cmusphinx/cmudict	cmudict:formal-zero-shared-phone	cube	seal		"[""k"", ""j"", ""uː"", ""b""]"	"[""s"", ""iː"", ""l""]"							3.4742734118468364	4.168647664493706	3.821460538170271	4	3		1	1	153	385								0	0	1				0	1																
SOUND_0258	Sound	unrelated	0	train					cmusphinx/cmudict	cmudict:formal-zero-shared-phone	d	swank		"[""d"", ""iː""]"	"[""s"", ""w"", ""æ"", ""ŋ"", ""k""]"							6.298189295733761	2.6726410656136697	4.485415180673716	2	5		1	1	2065	0								0	0	1	unseen_phase1:swank			0	1																
SOUND_0259	Sound	unrelated	0	train					cmusphinx/cmudict	cmudict:formal-zero-shared-phone	deem	swells		"[""d"", ""iː"", ""m""]"	"[""s"", ""w"", ""ɛ"", ""l"", ""z""]"							2.769551078621726	3.0777596589128304	2.923655368767278	3	5		1	1	4	0								0	0	1	unseen_phase1:swells			0	1																
SOUND_0260	Sound	unrelated	0	train					cmusphinx/cmudict	cmudict:formal-zero-shared-phone	der	swells		"[""d"", ""ɛ"", ""ɹ""]"	"[""s"", ""w"", ""ɛ"", ""l"", ""z""]"							3.4771212547196626	3.0777596589128304	3.2774404568162465	2	5		1	1	220	0								0	0	1	unseen_phase1:swells			0	1																
SOUND_0261	Sound	unrelated	0	train					cmusphinx/cmudict	cmudict:formal-zero-shared-phone	desks	germ		"[""d"", ""ɛ"", ""s"", ""k"", ""s""]"	"[""d̠ʒ"", ""ɜː"", ""m""]"							3.0248235837250323	3.098609797885951	3.0617166908054916	5	3		1	1	21	39								0	0	1				0	1																
SOUND_0262	Sound	unrelated	0	train					cmusphinx/cmudict	cmudict:formal-zero-shared-phone	dined	germ		"[""d"", ""aɪ"", ""n"", ""d""]"	"[""d̠ʒ"", ""ɜː"", ""m""]"							2.9456423376774072	3.098609797885951	3.022126067781679	4	3		1	1	0	39								0	0	1	unseen_phase1:dined			0	1																
SOUND_0263	Sound	unrelated	0	train					cmusphinx/cmudict	cmudict:formal-zero-shared-phone	doped	germ		"[""d"", ""oʊ"", ""p"", ""t""]"	"[""d̠ʒ"", ""ɜː"", ""m""]"							2.935882500388251	3.098609797885951	3.017246149137101	4	3		1	1	0	39								0	0	1	unseen_phase1:doped			0	1																
SOUND_0264	Sound	unrelated	0	train					cmusphinx/cmudict	cmudict:formal-zero-shared-phone	downed	sash		"[""d"", ""aʊ"", ""n"", ""d""]"	"[""s"", ""æ"", ""ʃ""]"							3.0248235837250323	3.055857817465001	3.0403407005950167	4	3		1	1	2	20								0	0	1				0	1																
SOUND_0265	Sound	unrelated	0	train					cmusphinx/cmudict	cmudict:formal-zero-shared-phone	downed	swells		"[""d"", ""aʊ"", ""n"", ""d""]"	"[""s"", ""w"", ""ɛ"", ""l"", ""z""]"							3.0248235837250323	3.0777596589128304	3.0512916213189314	4	5		1	1	2	0								0	0	1	unseen_phase1:swells			0	1																
SOUND_0266	Sound	unrelated	0	train					cmusphinx/cmudict	cmudict:formal-zero-shared-phone	drag	nine		"[""d"", ""ɹ"", ""æ"", ""ɡ""]"	"[""n"", ""aɪ"", ""n""]"							4.422441773573968	4.829114496522994	4.625778135048481	4	3		1	1	127	2304								0	0	1				0	1																
SOUND_0267	Sound	unrelated	0	train					cmusphinx/cmudict	cmudict:formal-zero-shared-phone	dredge	swank		"[""d"", ""ɹ"", ""ɛ"", ""d̠ʒ""]"	"[""s"", ""w"", ""æ"", ""ŋ"", ""k""]"							2.6726410656136697	2.6726410656136697	2.6726410656136697	4	5		1	1	0	0								0	0	1	unseen_phase1:dredge,swank			0	1																
SOUND_0268	Sound	unrelated	0	train					cmusphinx/cmudict	cmudict:formal-zero-shared-phone	earns	swank		"[""ɜː"", ""n"", ""z""]"	"[""s"", ""w"", ""æ"", ""ŋ"", ""k""]"							2.982625903930577	2.6726410656136697	2.8276334847721234	3	5		1	1	1	0								0	0	1	unseen_phase1:swank			0	1																
SOUND_0269	Sound	unrelated	0	train					cmusphinx/cmudict	cmudict:formal-zero-shared-phone	eyed	germ		"[""aɪ"", ""d""]"	"[""d̠ʒ"", ""ɜː"", ""m""]"							2.872213420518874	3.098609797885951	2.985411609202412	2	3		1	1	65	39								0	0	1				0	1																
SOUND_0270	Sound	unrelated	0	train					cmusphinx/cmudict	cmudict:formal-zero-shared-phone	faire	swank		"[""f"", ""ɛ"", ""ɹ""]"	"[""s"", ""w"", ""æ"", ""ŋ"", ""k""]"							2.8109437637799513	2.6726410656136697	2.7417924146968105	3	5		1	1	0	0								0	0	1	unseen_phase1:faire,swank			0	1																
SOUND_0271	Sound	unrelated	0	train					cmusphinx/cmudict	cmudict:formal-zero-shared-phone	falls	nine		"[""f"", ""ɔ"", ""l"", ""z""]"	"[""n"", ""aɪ"", ""n""]"							4.40670712046365	4.829114496522994	4.617910808493322	4	3		1	1	419	2304								0	0	1				0	1																
SOUND_0272	Sound	unrelated	0	train					cmusphinx/cmudict	cmudict:formal-zero-shared-phone	fart	germ		"[""f"", ""ɑ"", ""ɹ"", ""t""]"	"[""d̠ʒ"", ""ɜː"", ""m""]"							3.8083036676137425	3.098609797885951	3.4534567327498467	4	3		1	1	54	39								0	0	1				0	1																
SOUND_0273	Sound	unrelated	0	train					cmusphinx/cmudict	cmudict:formal-zero-shared-phone	fats	nine		"[""f"", ""æ"", ""t"", ""s""]"	"[""n"", ""aɪ"", ""n""]"							2.973671061277651	4.829114496522994	3.9013927789003224	4	3		1	1	5	2304								0	0	1				0	1																
SOUND_0274	Sound	unrelated	0	train					cmusphinx/cmudict	cmudict:formal-zero-shared-phone	garde	swank		"[""ɡ"", ""ɑ"", ""ɹ"", ""d""]"	"[""s"", ""w"", ""æ"", ""ŋ"", ""k""]"							2.982625903930577	2.6726410656136697	2.8276334847721234	4	5		1	1	1	0								0	0	1	unseen_phase1:swank			0	1																
SOUND_0275	Sound	unrelated	0	train					cmusphinx/cmudict	cmudict:formal-zero-shared-phone	germ	got		"[""d̠ʒ"", ""ɜː"", ""m""]"	"[""ɡ"", ""ɑ"", ""t""]"							3.098609797885951	6.519367239335374	4.808988518610662	3	3		1	1	39	27606								0	0	1				0	1																
SOUND_0276	Sound	unrelated	0	train					cmusphinx/cmudict	cmudict:formal-zero-shared-phone	germ	highs		"[""d̠ʒ"", ""ɜː"", ""m""]"	"[""h"", ""aɪ"", ""z""]"							3.098609797885951	2.8364978682523394	2.967553833069145	3	3		1	1	39	0								0	0	1	unseen_phase1:highs			0	1																
SOUND_0277	Sound	unrelated	0	train					cmusphinx/cmudict	cmudict:formal-zero-shared-phone	germ	lore		"[""d̠ʒ"", ""ɜː"", ""m""]"	"[""l"", ""ɔ"", ""ɹ""]"							3.098609797885951	2.8239087409443187	2.9612592694151347	3	3		1	1	39	2								0	0	1				0	1																
SOUND_0278	Sound	unrelated	0	train					cmusphinx/cmudict	cmudict:formal-zero-shared-phone	germ	pips		"[""d̠ʒ"", ""ɜː"", ""m""]"	"[""p"", ""ɪ"", ""p"", ""s""]"							3.098609797885951	3.040617850908264	3.0696138243971074	3	4		1	1	39	0								0	0	1	unseen_phase1:pips			0	1																
SOUND_0279	Sound	unrelated	0	train					cmusphinx/cmudict	cmudict:formal-zero-shared-phone	germ	plop		"[""d̠ʒ"", ""ɜː"", ""m""]"	"[""p"", ""l"", ""ɑ"", ""p""]"							3.098609797885951	2.9258982794816504	3.0122540386838006	3	4		1	1	39	91								0	0	1				0	1																
SOUND_0280	Sound	unrelated	0	train					cmusphinx/cmudict	cmudict:formal-zero-shared-phone	germ	poise		"[""d̠ʒ"", ""ɜː"", ""m""]"	"[""p"", ""ɔɪ"", ""z""]"							3.098609797885951	3.040617850908264	3.0696138243971074	3	3		1	1	39	1								0	0	1				0	1																
SOUND_0281	Sound	unrelated	0	train					cmusphinx/cmudict	cmudict:formal-zero-shared-phone	germ	quad		"[""d̠ʒ"", ""ɜː"", ""m""]"	"[""k"", ""w"", ""ɑ"", ""d""]"							3.098609797885951	3.190056915192505	3.144333356539228	3	4		1	1	39	1								0	0	1				0	1																
SOUND_0282	Sound	unrelated	0	train					cmusphinx/cmudict	cmudict:formal-zero-shared-phone	germ	rots		"[""d̠ʒ"", ""ɜː"", ""m""]"	"[""ɹ"", ""ɑ"", ""t"", ""s""]"							3.098609797885951	2.935882500388251	3.017246149137101	3	4		1	1	39	1								0	0	1				0	1																
SOUND_0283	Sound	unrelated	0	train					cmusphinx/cmudict	cmudict:formal-zero-shared-phone	germ	scones		"[""d̠ʒ"", ""ɜː"", ""m""]"	"[""s"", ""k"", ""oʊ"", ""n"", ""z""]"							3.098609797885951	2.894489815230026	2.9965498065579883	3	5		1	1	39	0								0	0	1	unseen_phase1:scones			0	1																
SOUND_0284	Sound	unrelated	0	train					cmusphinx/cmudict	cmudict:formal-zero-shared-phone	germ	sized		"[""d̠ʒ"", ""ɜː"", ""m""]"	"[""s"", ""aɪ"", ""z"", ""d""]"							3.098609797885951	2.7975798022219696	2.94809480005396	3	4		1	1	39	49								0	0	1				0	1																
SOUND_0285	Sound	unrelated	0	train					cmusphinx/cmudict	cmudict:formal-zero-shared-phone	germ	slugs		"[""d̠ʒ"", ""ɜː"", ""m""]"	"[""s"", ""l"", ""ʌ"", ""ɡ"", ""z""]"							3.098609797885951	3.256217651247619	3.177413724566785	3	5		1	1	39	11								0	0	1				0	1																
SOUND_0286	Sound	unrelated	0	train					cmusphinx/cmudict	cmudict:formal-zero-shared-phone	germ	sort		"[""d̠ʒ"", ""ɜː"", ""m""]"	"[""s"", ""ɔ"", ""ɹ"", ""t""]"							3.098609797885951	5.172328148232074	4.135468973059012	3	4		1	1	39	889								0	0	1				0	1																
SOUND_0287	Sound	unrelated	0	train					cmusphinx/cmudict	cmudict:formal-zero-shared-phone	germ	spiked		"[""d̠ʒ"", ""ɜː"", ""m""]"	"[""s"", ""p"", ""aɪ"", ""k"", ""t""]"							3.098609797885951	3.131278914639319	3.114944356262635	3	5		1	1	39	5								0	0	1				0	1																
SOUND_0288	Sound	unrelated	0	train					cmusphinx/cmudict	cmudict:formal-zero-shared-phone	germ	stud		"[""d̠ʒ"", ""ɜː"", ""m""]"	"[""s"", ""t"", ""ʌ"", ""d""]"							3.098609797885951	3.8414330859278514	3.4700214419069013	3	4		1	1	39	0								0	0	1	unseen_phase1:stud			0	1																
SOUND_0289	Sound	unrelated	0	train					cmusphinx/cmudict	cmudict:formal-zero-shared-phone	germ	swill		"[""d̠ʒ"", ""ɜː"", ""m""]"	"[""s"", ""w"", ""ɪ"", ""l""]"							3.098609797885951	2.982625903930577	3.040617850908264	3	4		1	1	39	3								0	0	1				0	1																
SOUND_0290	Sound	unrelated	0	train					cmusphinx/cmudict	cmudict:formal-zero-shared-phone	germ	tens		"[""d̠ʒ"", ""ɜː"", ""m""]"	"[""t"", ""ɛ"", ""n"", ""z""]"							3.098609797885951	3.349334675238536	3.2239722365622434	3	4		1	1	39	9								0	0	1				0	1																
SOUND_0291	Sound	unrelated	0	train					cmusphinx/cmudict	cmudict:formal-zero-shared-phone	germ	thefts		"[""d̠ʒ"", ""ɜː"", ""m""]"	"[""θ"", ""ɛ"", ""f"", ""t"", ""s""]"							3.098609797885951	2.7395878552442827	2.9190988265651168	3	5		1	1	39	0								0	0	1	unseen_phase1:thefts			0	1																
SOUND_0292	Sound	unrelated	0	train					cmusphinx/cmudict	cmudict:formal-zero-shared-phone	germ	tits		"[""d̠ʒ"", ""ɜː"", ""m""]"	"[""t"", ""ɪ"", ""t"", ""s""]"							3.098609797885951	4.08969736473278	3.5941535813093655	3	4		1	1	39	0								0	0	1	unseen_phase1:tits			0	1																
SOUND_0293	Sound	unrelated	0	train					cmusphinx/cmudict	cmudict:formal-zero-shared-phone	germ	towed		"[""d̠ʒ"", ""ɜː"", ""m""]"	"[""t"", ""oʊ"", ""d""]"							3.098609797885951	3.105343180544919	3.101976489215435	3	3		1	1	39	5								0	0	1				0	1																
SOUND_0294	Sound	unrelated	0	train					cmusphinx/cmudict	cmudict:formal-zero-shared-phone	germ	wails		"[""d̠ʒ"", ""ɜː"", ""m""]"	"[""w"", ""eɪ"", ""l"", ""z""]"							3.098609797885951	2.9456423376774072	3.022126067781679	3	4		1	1	39	0								0	0	1	unseen_phase1:wails			0	1																
SOUND_0295	Sound	unrelated	0	train					cmusphinx/cmudict	cmudict:formal-zero-shared-phone	germ	waxed		"[""d̠ʒ"", ""ɜː"", ""m""]"	"[""w"", ""æ"", ""k"", ""s"", ""t""]"							3.098609797885951	3.131278914639319	3.114944356262635	3	5		1	1	39	3								0	0	1				0	1																
SOUND_0296	Sound	unrelated	0	train					cmusphinx/cmudict	cmudict:formal-zero-shared-phone	germ	webs		"[""d̠ʒ"", ""ɜː"", ""m""]"	"[""w"", ""ɛ"", ""b"", ""z""]"							3.098609797885951	2.7395878552442827	2.9190988265651168	3	4		1	1	39	35								0	0	1				0	1																
SOUND_0297	Sound	unrelated	0	train					cmusphinx/cmudict	cmudict:formal-zero-shared-phone	germ	zones		"[""d̠ʒ"", ""ɜː"", ""m""]"	"[""z"", ""oʊ"", ""n"", ""z""]"							3.098609797885951	3.2466723333413885	3.1726410656136697	3	4		1	1	39	0								0	0	1	unseen_phase1:zones			0	1																
SOUND_0298	Sound	unrelated	0	train					cmusphinx/cmudict	cmudict:formal-zero-shared-phone	glib	sash		"[""ɡ"", ""l"", ""ɪ"", ""b""]"	"[""s"", ""æ"", ""ʃ""]"							2.905213680621799	3.055857817465001	2.9805357490434004	4	3		1	1	0	20								0	0	1	unseen_phase1:glib			0	1																
SOUND_0299	Sound	unrelated	0	train					cmusphinx/cmudict	cmudict:formal-zero-shared-phone	glib	swank		"[""ɡ"", ""l"", ""ɪ"", ""b""]"	"[""s"", ""w"", ""æ"", ""ŋ"", ""k""]"							2.905213680621799	2.6726410656136697	2.788927373117734	4	5		1	1	0	0								0	0	1	unseen_phase1:glib,swank			0	1																
SOUND_0300	Sound	unrelated	0	train					cmusphinx/cmudict	cmudict:formal-zero-shared-phone	gorge	sash		"[""ɡ"", ""ɔ"", ""ɹ"", ""d̠ʒ""]"	"[""s"", ""æ"", ""ʃ""]"							3.11850462660289	3.055857817465001	3.0871812220339456	4	3		1	1	2	20								0	0	1				0	1																
SOUND_0301	Sound	unrelated	0	train					cmusphinx/cmudict	cmudict:formal-zero-shared-phone	groves	sash		"[""ɡ"", ""ɹ"", ""oʊ"", ""v"", ""z""]"	"[""s"", ""æ"", ""ʃ""]"							3.070581074285707	3.055857817465001	3.063219445875354	5	3		1	1	1	20								0	0	1				0	1																
SOUND_0302	Sound	unrelated	0	train					cmusphinx/cmudict	cmudict:formal-zero-shared-phone	guile	sash		"[""ɡ"", ""aɪ"", ""l""]"	"[""s"", ""æ"", ""ʃ""]"							3.0084331675368627	3.055857817465001	3.032145492500932	3	3		1	1	0	20								0	0	1	unseen_phase1:guile			0	1																
SOUND_0303	Sound	unrelated	0	train					cmusphinx/cmudict	cmudict:formal-zero-shared-phone	gunned	sash		"[""ɡ"", ""ʌ"", ""n"", ""d""]"	"[""s"", ""æ"", ""ʃ""]"							3.0777596589128304	3.055857817465001	3.0668087381889158	4	3		1	1	0	20								0	0	1	unseen_phase1:gunned			0	1																
SOUND_0304	Sound	unrelated	0	train					cmusphinx/cmudict	cmudict:formal-zero-shared-phone	gush	swank		"[""ɡ"", ""ʌ"", ""ʃ""]"	"[""s"", ""w"", ""æ"", ""ŋ"", ""k""]"							2.848732324669351	2.6726410656136697	2.7606866951415103	3	5		1	1	6	0								0	0	1	unseen_phase1:swank			0	1																
SOUND_0305	Sound	unrelated	0	train					cmusphinx/cmudict	cmudict:formal-zero-shared-phone	hard	sash		"[""h"", ""ɑ"", ""ɹ"", ""d""]"	"[""s"", ""æ"", ""ʃ""]"							5.488329476311297	3.055857817465001	4.272093646888149	4	3		1	1	4028	20								0	0	1				0	1																
SOUND_0306	Sound	unrelated	0	train					cmusphinx/cmudict	cmudict:formal-zero-shared-phone	hit	swank		"[""h"", ""ɪ"", ""t""]"	"[""s"", ""w"", ""æ"", ""ŋ"", ""k""]"							5.439332693830263	2.6726410656136697	4.055986879721966	3	5		1	1	2330	0								0	0	1	unseen_phase1:swank			0	1																
SOUND_0307	Sound	unrelated	0	train					cmusphinx/cmudict	cmudict:formal-zero-shared-phone	home	nursed		"[""h"", ""oʊ"", ""m""]"	"[""n"", ""ɜː"", ""s"", ""d""]"							5.8889279550805735	2.982625903930577	4.435776929505575	3	4		1	1	8570	15								0	0	1				0	1																
SOUND_0308	Sound	unrelated	0	train					cmusphinx/cmudict	cmudict:formal-zero-shared-phone	horned	sash		"[""h"", ""ɔ"", ""ɹ"", ""n"", ""d""]"	"[""s"", ""æ"", ""ʃ""]"							2.723793588061051	3.055857817465001	2.889825702763026	5	3		1	1	23	20								0	0	1				0	1																
SOUND_0309	Sound	unrelated	0	train					cmusphinx/cmudict	cmudict:formal-zero-shared-phone	horns	sash		"[""h"", ""ɔ"", ""ɹ"", ""n"", ""z""]"	"[""s"", ""æ"", ""ʃ""]"							3.7921169065204676	3.055857817465001	3.4239873619927343	5	3		1	1	180	20								0	0	1				0	1																
SOUND_0310	Sound	unrelated	0	train					cmusphinx/cmudict	cmudict:formal-zero-shared-phone	jig	nine		"[""d̠ʒ"", ""ɪ"", ""ɡ""]"	"[""n"", ""aɪ"", ""n""]"							3.231949076520682	4.829114496522994	4.030531786521838	3	3		1	1	15	2304								0	0	1				0	1																
SOUND_0311	Sound	unrelated	0	train					cmusphinx/cmudict	cmudict:formal-zero-shared-phone	jot	sash		"[""d̠ʒ"", ""ɑ"", ""t""]"	"[""s"", ""æ"", ""ʃ""]"							2.8606315479690587	3.055857817465001	2.95824468271703	3	3		1	1	0	20								0	0	1	unseen_phase1:jot			0	1																
SOUND_0312	Sound	unrelated	0	train					cmusphinx/cmudict	cmudict:formal-zero-shared-phone	jugs	seal		"[""d̠ʒ"", ""ʌ"", ""ɡ"", ""z""]"	"[""s"", ""iː"", ""l""]"							3.0777596589128304	4.168647664493706	3.6232036617032684	4	3		1	1	9	385								0	0	1				0	1																
SOUND_0313	Sound	unrelated	0	train					cmusphinx/cmudict	cmudict:formal-zero-shared-phone	junk	seal		"[""d̠ʒ"", ""ʌ"", ""ŋ"", ""k""]"	"[""s"", ""iː"", ""l""]"							4.186745886586502	4.168647664493706	4.177696775540104	4	3		1	1	191	385								0	0	1				0	1																
SOUND_0314	Sound	unrelated	0	train					cmusphinx/cmudict	cmudict:formal-zero-shared-phone	lit	nine		"[""l"", ""ɪ"", ""t""]"	"[""n"", ""aɪ"", ""n""]"							3.987911500392261	4.829114496522994	4.408512998457628	3	3		1	1	59	2304								0	0	1				0	1																
SOUND_0315	Sound	unrelated	0	train					cmusphinx/cmudict	cmudict:formal-zero-shared-phone	lows	sash		"[""l"", ""oʊ"", ""z""]"	"[""s"", ""æ"", ""ʃ""]"							2.75482782180102	3.055857817465001	2.9053428196330104	3	3		1	1	0	20								0	0	1	unseen_phase1:lows			0	1																
SOUND_0316	Sound	unrelated	0	train					cmusphinx/cmudict	cmudict:formal-zero-shared-phone	mas	nine		"[""m"", ""æ"", ""s""]"	"[""n"", ""aɪ"", ""n""]"							3.349334675238536	4.829114496522994	4.089224585880765	3	3		1	1	2	2304								0	0	1				0	1																
SOUND_0317	Sound	unrelated	0	train					cmusphinx/cmudict	cmudict:formal-zero-shared-phone	may	nine		"[""m"", ""eɪ""]"	"[""n"", ""aɪ"", ""n""]"							5.708737410961946	4.829114496522994	5.26892595374247	2	3		1	1	1779	2304								0	0	1				0	1																
SOUND_0318	Sound	unrelated	0	train					cmusphinx/cmudict	cmudict:formal-zero-shared-phone	mea	swank		"[""m"", ""iː""]"	"[""s"", ""w"", ""æ"", ""ŋ"", ""k""]"							2.848732324669351	2.6726410656136697	2.7606866951415103	2	5		1	1	7	0								0	0	1	unseen_phase1:swank			0	1																
SOUND_0319	Sound	unrelated	0	train					cmusphinx/cmudict	cmudict:formal-zero-shared-phone	mee	swank		"[""m"", ""iː""]"	"[""s"", ""w"", ""æ"", ""ŋ"", ""k""]"							2.6726410656136697	2.6726410656136697	2.6726410656136697	2	5		1	1	36	0								0	0	1	unseen_phase1:swank			0	1																
SOUND_0320	Sound	unrelated	0	train					cmusphinx/cmudict	cmudict:formal-zero-shared-phone	mi	sash		"[""m"", ""aɪ""]"	"[""s"", ""æ"", ""ʃ""]"							3.7795681993792503	3.055857817465001	3.4177130084221257	2	3		1	1	62	20								0	0	1				0	1																
SOUND_0321	Sound	unrelated	0	train					cmusphinx/cmudict	cmudict:formal-zero-shared-phone	mic	nursed		"[""m"", ""aɪ"", ""k""]"	"[""n"", ""ɜː"", ""s"", ""d""]"							3.2009148427807133	2.982625903930577	3.0917703733556454	3	4		1	1	53	15								0	0	1				0	1																
SOUND_0322	Sound	unrelated	0	train					cmusphinx/cmudict	cmudict:formal-zero-shared-phone	mid	sash		"[""m"", ""ɪ"", ""d""]"	"[""s"", ""æ"", ""ʃ""]"							3.098609797885951	3.055857817465001	3.077233807675476	3	3		1	1	15	20								0	0	1				0	1																
SOUND_0323	Sound	unrelated	0	train					cmusphinx/cmudict	cmudict:formal-zero-shared-phone	milk	sash		"[""m"", ""ɪ"", ""l"", ""k""]"	"[""s"", ""æ"", ""ʃ""]"							4.628689375916257	3.055857817465001	3.842273596690629	4	3		1	1	6873	20								0	0	1				0	1																
SOUND_0324	Sound	unrelated	0	train					cmusphinx/cmudict	cmudict:formal-zero-shared-phone	mobs	nursed		"[""m"", ""ɑ"", ""b"", ""z""]"	"[""n"", ""ɜː"", ""s"", ""d""]"							2.769551078621726	2.982625903930577	2.8760884912761515	4	4		1	1	0	15								0	0	1	unseen_phase1:mobs			0	1																
SOUND_0325	Sound	unrelated	0	train					cmusphinx/cmudict	cmudict:formal-zero-shared-phone	ni	swells		"[""n"", ""aɪ""]"	"[""s"", ""w"", ""ɛ"", ""l"", ""z""]"							3.1497623203333323	3.0777596589128304	3.1137609896230813	2	5		1	1	115	0								0	0	1	unseen_phase1:swells			0	1																
SOUND_0326	Sound	unrelated	0	train					cmusphinx/cmudict	cmudict:formal-zero-shared-phone	nine	pale		"[""n"", ""aɪ"", ""n""]"	"[""p"", ""eɪ"", ""l""]"							4.829114496522994	3.904153131909405	4.3666338142162	3	3		1	1	2304	13								0	0	1				0	1																
SOUND_0327	Sound	unrelated	0	train					cmusphinx/cmudict	cmudict:formal-zero-shared-phone	nine	press		"[""n"", ""aɪ"", ""n""]"	"[""p"", ""ɹ"", ""ɛ"", ""s""]"							4.829114496522994	4.77956819937925	4.804341347951122	3	4		1	1	2304	779								0	0	1				0	1																
SOUND_0328	Sound	unrelated	0	train					cmusphinx/cmudict	cmudict:formal-zero-shared-phone	nine	proof		"[""n"", ""aɪ"", ""n""]"	"[""p"", ""ɹ"", ""uː"", ""f""]"							4.829114496522994	4.536459412932086	4.68278695472754	3	4		1	1	2304	10								0	0	1				0	1																
SOUND_0329	Sound	unrelated	0	train					cmusphinx/cmudict	cmudict:formal-zero-shared-phone	nine	raise		"[""n"", ""aɪ"", ""n""]"	"[""ɹ"", ""eɪ"", ""z""]"							4.829114496522994	4.741908223089428	4.785511359806211	3	3		1	1	2304	96								0	0	1				0	1																
SOUND_0330	Sound	unrelated	0	train					cmusphinx/cmudict	cmudict:formal-zero-shared-phone	nine	scrip		"[""n"", ""aɪ"", ""n""]"	"[""s"", ""k"", ""ɹ"", ""ɪ"", ""p""]"							4.829114496522994	2.848732324669351	3.8389234105961725	3	5		1	1	2304	0								0	0	1	unseen_phase1:scrip			0	1																
SOUND_0331	Sound	unrelated	0	train					cmusphinx/cmudict	cmudict:formal-zero-shared-phone	nine	seems		"[""n"", ""aɪ"", ""n""]"	"[""s"", ""iː"", ""m"", ""z""]"							4.829114496522994	5.224141890958819	5.0266281937409065	3	4		1	1	2304	487								0	0	1				0	1																
SOUND_0332	Sound	unrelated	0	train					cmusphinx/cmudict	cmudict:formal-zero-shared-phone	nine	sink		"[""n"", ""aɪ"", ""n""]"	"[""s"", ""ɪ"", ""ŋ"", ""k""]"							4.829114496522994	4.228440619617273	4.528777558070134	3	4		1	1	2304	338								0	0	1				0	1																
SOUND_0333	Sound	unrelated	0	train					cmusphinx/cmudict	cmudict:formal-zero-shared-phone	nine	sirs		"[""n"", ""aɪ"", ""n""]"	"[""s"", ""ɜː"", ""z""]"							4.829114496522994	3.5802315538322897	4.204673025177642	3	4		1	1	2304	0								0	0	1	unseen_phase1:sirs			0	1																
SOUND_0334	Sound	unrelated	0	train					cmusphinx/cmudict	cmudict:formal-zero-shared-phone	nine	smokes		"[""n"", ""aɪ"", ""n""]"	"[""s"", ""m"", ""oʊ"", ""k"", ""s""]"							4.829114496522994	3.710731115221809	4.269922805872401	3	5		1	1	2304	33								0	0	1				0	1																
SOUND_0335	Sound	unrelated	0	train					cmusphinx/cmudict	cmudict:formal-zero-shared-phone	nine	smut		"[""n"", ""aɪ"", ""n""]"	"[""s"", ""m"", ""ʌ"", ""t""]"							4.829114496522994	3.1375278639163207	3.983321180219657	3	4		1	1	2304	0								0	0	1	unseen_phase1:smut			0	1																
SOUND_0336	Sound	unrelated	0	train					cmusphinx/cmudict	cmudict:formal-zero-shared-phone	nine	tests		"[""n"", ""aɪ"", ""n""]"	"[""t"", ""ɛ"", ""s"", ""t"", ""s""]"							4.829114496522994	4.370523974308474	4.599819235415734	3	5		1	1	2304	16								0	0	1				0	1																
SOUND_0337	Sound	unrelated	0	train					cmusphinx/cmudict	cmudict:formal-zero-shared-phone	nursed	pap		"[""n"", ""ɜː"", ""s"", ""d""]"	"[""p"", ""æ"", ""p""]"							2.982625903930577	3.1119737594439325	3.047299831687255	4	3		1	1	15	25								0	0	1				0	1																
SOUND_0338	Sound	unrelated	0	train					cmusphinx/cmudict	cmudict:formal-zero-shared-phone	par	sash		"[""p"", ""ɑ"", ""ɹ""]"	"[""s"", ""æ"", ""ʃ""]"							3.6955503450778817	3.055857817465001	3.3757040812714414	3	3		1	1	17	20								0	0	1				0	1																
SOUND_0339	Sound	unrelated	0	train					cmusphinx/cmudict	cmudict:formal-zero-shared-phone	par	swank		"[""p"", ""ɑ"", ""ɹ""]"	"[""s"", ""w"", ""æ"", ""ŋ"", ""k""]"							3.6955503450778817	2.6726410656136697	3.1840957053457757	3	5		1	1	17	0								0	0	1	unseen_phase1:swank			0	1																
SOUND_0340	Sound	unrelated	0	train					cmusphinx/cmudict	cmudict:formal-zero-shared-phone	phrase	seal		"[""f"", ""ɹ"", ""eɪ"", ""z""]"	"[""s"", ""iː"", ""l""]"							3.9589478044569444	4.168647664493706	4.063797734475325	4	3		1	1	17	385								0	0	1				0	1																
SOUND_0341	Sound	unrelated	0	train					cmusphinx/cmudict	cmudict:formal-zero-shared-phone	plumb	sash		"[""p"", ""l"", ""ʌ"", ""m""]"	"[""s"", ""æ"", ""ʃ""]"							3.226928275145631	3.055857817465001	3.141393046305316	4	3		1	1	4	20								0	0	1				0	1																
SOUND_0342	Sound	unrelated	0	train					cmusphinx/cmudict	cmudict:formal-zero-shared-phone	pup	swank		"[""p"", ""ʌ"", ""p""]"	"[""s"", ""w"", ""æ"", ""ŋ"", ""k""]"							3.5072736719497617	2.6726410656136697	3.0899573687817155	3	5		1	1	83	0								0	0	1	unseen_phase1:swank			0	1																
SOUND_0343	Sound	unrelated	0	train					cmusphinx/cmudict	cmudict:formal-zero-shared-phone	quart	seal		"[""k"", ""w"", ""ɔ"", ""ɹ"", ""t""]"	"[""s"", ""iː"", ""l""]"							3.3177356891668337	4.168647664493706	3.74319167683027	5	3		1	1	22	385								0	0	1				0	1																
SOUND_0344	Sound	unrelated	0	train					cmusphinx/cmudict	cmudict:formal-zero-shared-phone	que	sash		"[""k"", ""w"", ""ɛ""]"	"[""s"", ""æ"", ""ʃ""]"							3.718941085266639	3.055857817465001	3.38739945136582	3	3		1	1	22	20								0	0	1				0	1																
SOUND_0345	Sound	unrelated	0	train					cmusphinx/cmudict	cmudict:formal-zero-shared-phone	rage	seal		"[""ɹ"", ""eɪ"", ""d̠ʒ""]"	"[""s"", ""iː"", ""l""]"							4.053605637057795	4.168647664493706	4.11112665077575	3	3		1	1	3	385								0	0	1				0	1																
SOUND_0346	Sound	unrelated	0	train					cmusphinx/cmudict	cmudict:formal-zero-shared-phone	rays	sash		"[""ɹ"", ""eɪ"", ""z""]"	"[""s"", ""æ"", ""ʃ""]"							3.6368220975871743	3.055857817465001	3.3463399575260877	3	3		1	1	27	20								0	0	1				0	1																
SOUND_0347	Sound	unrelated	0	train					cmusphinx/cmudict	cmudict:formal-zero-shared-phone	rays	swank		"[""ɹ"", ""eɪ"", ""z""]"	"[""s"", ""w"", ""æ"", ""ŋ"", ""k""]"							3.6368220975871743	2.6726410656136697	3.154731581600422	3	5		1	1	27	0								0	0	1	unseen_phase1:swank			0	1																
SOUND_0348	Sound	unrelated	0	train					cmusphinx/cmudict	cmudict:formal-zero-shared-phone	runs	swank		"[""ɹ"", ""ʌ"", ""n"", ""z""]"	"[""s"", ""w"", ""æ"", ""ŋ"", ""k""]"							4.506478503314005	2.6726410656136697	3.5895597844638374	4	5		1	1	381	0								0	0	1	unseen_phase1:swank			0	1																
SOUND_0349	Sound	unrelated	0	train					cmusphinx/cmudict	cmudict:formal-zero-shared-phone	sash	tip		"[""s"", ""æ"", ""ʃ""]"	"[""t"", ""ɪ"", ""p""]"							3.055857817465001	4.441340817011421	3.748599317238211	3	3		1	1	20	306								0	0	1				0	1																
SOUND_0350	Sound	unrelated	0	train					cmusphinx/cmudict	cmudict:formal-zero-shared-phone	sash	torn		"[""s"", ""æ"", ""ʃ""]"	"[""t"", ""ɔ"", ""ɹ"", ""n""]"							3.055857817465001	4.035154955206762	3.5455063863358816	3	4		1	1	20	52								0	0	1				0	1																
SOUND_0351	Sound	unrelated	0	train					cmusphinx/cmudict	cmudict:formal-zero-shared-phone	sash	wench		"[""s"", ""æ"", ""ʃ""]"	"[""w"", ""ɛ"", ""n"", ""t̠ʃ""]"							3.055857817465001	3.2369124960522324	3.1463851567586167	3	4		1	1	20	0								0	0	1	unseen_phase1:wench			0	1																
SOUND_0352	Sound	unrelated	0	train					cmusphinx/cmudict	cmudict:formal-zero-shared-phone	sash	wiles		"[""s"", ""æ"", ""ʃ""]"	"[""w"", ""aɪ"", ""l"", ""z""]"							3.055857817465001	3.0084331675368627	3.032145492500932	3	4		1	1	20	0								0	0	1	unseen_phase1:wiles			0	1																
SOUND_0353	Sound	unrelated	0	train					cmusphinx/cmudict	cmudict:formal-zero-shared-phone	seal	tor		"[""s"", ""iː"", ""l""]"	"[""t"", ""ɔ"", ""ɹ""]"							4.168647664493706	3.3962335448580205	3.7824406046758634	3	3		1	1	385	2								0	0	1				0	1																
SOUND_0354	Sound	unrelated	0	train					cmusphinx/cmudict	cmudict:formal-zero-shared-phone	seal	trout		"[""s"", ""iː"", ""l""]"	"[""t"", ""ɹ"", ""aʊ"", ""t""]"							4.168647664493706	3.604183684957818	3.886415674725762	3	4		1	1	385	17								0	0	1				0	1																
SOUND_0355	Sound	unrelated	0	train					cmusphinx/cmudict	cmudict:formal-zero-shared-phone	seal	wig		"[""s"", ""iː"", ""l""]"	"[""w"", ""ɪ"", ""ɡ""]"							4.168647664493706	3.9218394230047826	4.045243543749244	3	3		1	1	385	64								0	0	1				0	1																
SOUND_0356	Sound	unrelated	0	train					cmusphinx/cmudict	cmudict:formal-zero-shared-phone	shone	swank		"[""ʃ"", ""ɑ"", ""n""]"	"[""s"", ""w"", ""æ"", ""ŋ"", ""k""]"							2.769551078621726	2.6726410656136697	2.7210960721176978	3	5		1	1	8	0								0	0	1	unseen_phase1:swank			0	1																
SOUND_0357	Sound	unrelated	0	train					cmusphinx/cmudict	cmudict:formal-zero-shared-phone	swank	teal		"[""s"", ""w"", ""æ"", ""ŋ"", ""k""]"	"[""t"", ""iː"", ""l""]"							2.6726410656136697	2.7074031718728815	2.6900221187432756	5	3		1	1	0	5								0	0	1	unseen_phase1:swank			0	1																
SOUND_0358	Sound	unrelated	0	train					cmusphinx/cmudict	cmudict:formal-zero-shared-phone	swank	tout		"[""s"", ""w"", ""æ"", ""ŋ"", ""k""]"	"[""t"", ""aʊ"", ""t""]"							2.6726410656136697	3.0327925133963074	2.8527167895049885	5	3		1	1	0	1								0	0	1	unseen_phase1:swank			0	1																
SOUND_0359	Sound	unrelated	0	train					cmusphinx/cmudict	cmudict:formal-zero-shared-phone	swank	trays		"[""s"", ""w"", ""æ"", ""ŋ"", ""k""]"	"[""t"", ""ɹ"", ""eɪ"", ""z""]"							2.6726410656136697	3.184524426592544	2.928582746103107	5	4		1	1	0	12								0	0	1	unseen_phase1:swank			0	1																
SOUND_0360	Sound	unrelated	0	train					cmusphinx/cmudict	cmudict:formal-zero-shared-phone	swells	verb		"[""s"", ""w"", ""ɛ"", ""l"", ""z""]"	"[""v"", ""ɜː"", ""b""]"							3.0777596589128304	3.0248235837250323	3.0512916213189314	5	3		1	1	0	9								0	0	1	unseen_phase1:swells			0	1																
SOUND_0361	Sound	onset	1	validation					cmusphinx/cmudict	cmudict:first:B	blab	boob		"[""b"", ""l"", ""æ"", ""b""]"	"[""b"", ""uː"", ""b""]"							2.75482782180102	3.4771212547196626	3.115974538260341	4	3		1	1	0	2								0	0	1	unseen_phase1:blab	B		1	1																
SOUND_0362	Sound	onset	1	validation					cmusphinx/cmudict	cmudict:first:CH	chap	chow		"[""t̠ʃ"", ""æ"", ""p""]"	"[""t̠ʃ"", ""aʊ""]"							3.8029748341086758	3.8364978682523394	3.8197363511805076	3	2		1	1	5	24								0	0	1		CH		1	1																
SOUND_0363	Sound	onset	1	validation					cmusphinx/cmudict	cmudict:first:K	comb	cool		"[""k"", ""oʊ"", ""m""]"	"[""k"", ""uː"", ""l""]"							3.7823883033268983	5.291995312128046	4.537191807727472	3	3		1	1	829	2066								0	0	1		K		1	1																
SOUND_0364	Sound	onset	1	validation					cmusphinx/cmudict	cmudict:first:D	date	dupe		"[""d"", ""eɪ"", ""t""]"	"[""d"", ""uː"", ""p""]"							5.150846701625552	2.8109437637799513	3.9808952327027516	3	3		1	1	157	0								0	0	1	unseen_phase1:dupe	D		1	1																
SOUND_0365	Sound	onset	1	validation					cmusphinx/cmudict	cmudict:first:D	deemed	dis		"[""d"", ""iː"", ""m"", ""d""]"	"[""d"", ""ɪ"", ""s""]"							3.1436881726211388	3.1789205490745456	3.161304360847842	4	3		1	1	0	7280								0	0	1	unseen_phase1:deemed	D		1	1																
SOUND_0366	Sound	onset	1	validation					cmusphinx/cmudict	cmudict:first:D	digs	dyed		"[""d"", ""ɪ"", ""ɡ"", ""z""]"	"[""d"", ""aɪ"", ""d""]"							3.471406771195233	3.1557526840225196	3.313579727608876	4	3		1	1	17	8								0	0	1		D		1	1																
SOUND_0367	Sound	onset	1	validation					cmusphinx/cmudict	cmudict:first:F	fend	fizz		"[""f"", ""ɛ"", ""n"", ""d""]"	"[""f"", ""ɪ"", ""z""]"							2.9645276818377813	2.7837915177363364	2.874159599787059	4	3		1	1	1	3								0	0	1		F		1	1																
SOUND_0368	Sound	onset	1	validation					cmusphinx/cmudict	cmudict:first:G	gab	gas		"[""ɡ"", ""æ"", ""b""]"	"[""ɡ"", ""æ"", ""s""]"							2.8364978682523394	4.831129203444471	3.833813535848405	3	3		1	1	22	587								0	0	1		G		2	1																
SOUND_0369	Sound	onset	1	validation					cmusphinx/cmudict	cmudict:first:G	glaze	glum		"[""ɡ"", ""l"", ""eɪ"", ""z""]"	"[""ɡ"", ""l"", ""ʌ"", ""m""]"							2.9456423376774072	3.0084331675368627	2.977037752607135	4	4		1	1	2	2								0	0	1		G		2	1																
SOUND_0370	Sound	onset	1	validation					cmusphinx/cmudict	cmudict:first:JH	gym	jail		"[""d̠ʒ"", ""ɪ"", ""m""]"	"[""d̠ʒ"", ""eɪ"", ""l""]"							4.2595095580465605	4.848973532385578	4.554241545216069	3	3		1	1	188	228								0	0	1		JH		1	1																
SOUND_0371	Sound	onset	1	validation					cmusphinx/cmudict	cmudict:first:HH	half	hitch		"[""h"", ""æ"", ""f""]"	"[""h"", ""ɪ"", ""t̠ʃ""]"							5.299152516103748	3.6104931588648252	4.454822837484286	3	3		1	1	1209	10								0	0	1		HH		1	1																
SOUND_0372	Sound	onset	1	validation					cmusphinx/cmudict	cmudict:first:HH	hat	heed		"[""h"", ""æ"", ""t""]"	"[""h"", ""iː"", ""d""]"							4.807375829210068	3.256217651247619	4.0317967402288435	3	3		1	1	5190	1								0	0	1		HH		1	1																
SOUND_0373	Sound	onset	1	validation					cmusphinx/cmudict	cmudict:first:N	knobs	nap		"[""n"", ""ɑ"", ""b"", ""z""]"	"[""n"", ""æ"", ""p""]"							3.016705693502853	4.101989538537332	3.5593476160200925	4	3		1	1	29	1233								0	0	1		N		1	1																
SOUND_0374	Sound	onset	1	validation					cmusphinx/cmudict	cmudict:first:M	ma	morn		"[""m"", ""ɑ""]"	"[""m"", ""ɔ"", ""ɹ"", ""n""]"							5.269054875952792	2.9456423376774072	4.1073486068150995	2	4		1	1	1835	2								0	0	1		M		1	1																
SOUND_0375	Sound	onset	1	validation					cmusphinx/cmudict	cmudict:first:M	marks	more		"[""m"", ""ɑ"", ""ɹ"", ""k"", ""s""]"	"[""m"", ""ɔ"", ""ɹ""]"							4.340482997017673	6.1134714640149515	5.226977230516312	5	3		1	1	79	26063								0	0	1		M		2	1																
SOUND_0376	Sound	onset	1	validation					cmusphinx/cmudict	cmudict:first:M	mold	my		"[""m"", ""oʊ"", ""l"", ""d""]"	"[""m"", ""aɪ""]"							3.632873938742182	6.830121759078061	5.231497848910122	4	2		1	1	20	50354								0	0	1		M		1	1																
SOUND_0377	Sound	onset	1	validation					cmusphinx/cmudict	cmudict:first:M	morn	mound		"[""m"", ""ɔ"", ""ɹ"", ""n""]"	"[""m"", ""aʊ"", ""n"", ""d""]"							2.9456423376774072	3.1789205490745456	3.0622814433759764	4	4		1	1	2	4								0	0	1		M		2	1																
SOUND_0378	Sound	onset	1	validation					cmusphinx/cmudict	cmudict:first:N	none	noose		"[""n"", ""ʌ"", ""n""]"	"[""n"", ""uː"", ""s""]"							5.043785923627457	3.337752802688721	4.190769363158089	3	3		1	1	454	0								0	0	1	unseen_phase1:noose	N		1	1																
SOUND_0379	Sound	onset	1	validation					cmusphinx/cmudict	cmudict:first:P	pies	put		"[""p"", ""aɪ"", ""z""]"	"[""p"", ""ʊ"", ""t""]"							3.5379424917162137	5.918266816225465	4.728104653970839	3	3		1	1	157	40060								0	0	1		P		1	1																
SOUND_0380	Sound	onset	1	validation					cmusphinx/cmudict	cmudict:first:P	place	plot		"[""p"", ""l"", ""eɪ"", ""s""]"	"[""p"", ""l"", ""ɑ"", ""t""]"							5.780077171419682	4.064017304783319	4.9220472381015	4	4		1	1	1919	7								0	0	1		P		2	1																
SOUND_0381	Sound	onset	1	validation					cmusphinx/cmudict	cmudict:first:S	seat	sun		"[""s"", ""iː"", ""t""]"	"[""s"", ""ʌ"", ""n""]"							4.896439756314294	4.843025031391392	4.869732393852843	3	3		1	1	1018	1510								0	0	1		S		1	1																
SOUND_0382	Sound	onset	1	validation					cmusphinx/cmudict	cmudict:first:T	tea	tune		"[""t"", ""iː""]"	"[""t"", ""uː"", ""n""]"							4.768101012226493	4.193342891639732	4.480721951933113	2	3		1	1	2164	45								0	0	1		T		1	1																
SOUND_0383	Sound	onset	1	validation					cmusphinx/cmudict	cmudict:first:TH	thud	thump		"[""θ"", ""ʌ"", ""d""]"	"[""θ"", ""ʌ"", ""m"", ""p""]"							3.2880650184996134	3.2880650184996134	3.2880650184996134	3	4		1	1	4	102								0	0	1		TH		2	1																
SOUND_0384	Sound	onset	1	validation					cmusphinx/cmudict	cmudict:first:T	too	toys		"[""t"", ""uː""]"	"[""t"", ""ɔɪ"", ""z""]"							6.1372175427299105	4.121089720437384	5.129153631583647	2	3		1	1	23601	5416								0	0	1		T		1	1																
SOUND_0385	Sound	onset	1	validation					cmusphinx/cmudict	cmudict:first:V	ver	vowed		"[""v"", ""ɜː""]"	"[""v"", ""aʊ"", ""d""]"							2.769551078621726	3.2115079162781375	2.9905294974499315	2	3		1	1	7	1								0	0	1		V		1	1																
SOUND_0386	Sound	rhyme	1	validation					cmusphinx/cmudict	cmudict:rime:AE-G	bag	tag		"[""b"", ""æ"", ""ɡ""]"	"[""t"", ""æ"", ""ɡ""]"							4.973308998328875	4.142463081591833	4.557886039960354	3	3		1	1	1813	153								0	0	1			AE G	2	1																
SOUND_0387	Sound	rhyme	1	validation					cmusphinx/cmudict	cmudict:rime:IH-G	big	brig		"[""b"", ""ɪ"", ""ɡ""]"	"[""b"", ""ɹ"", ""ɪ"", ""ɡ""]"							5.834308478051406	3.482761522072355	4.65853500006188	3	4		1	1	20404	14								0	0	1		B	IH G	3	1																
SOUND_0388	Sound	rhyme	1	validation					cmusphinx/cmudict	cmudict:rime:UW-M	bloom	room		"[""b"", ""l"", ""uː"", ""m""]"	"[""ɹ"", ""uː"", ""m""]"							3.7411361438071435	5.642968567103875	4.692052355455509	4	3		1	1	17	4554								0	0	1			UW M	2	1																
SOUND_0389	Sound	rhyme	1	validation					cmusphinx/cmudict	cmudict:rime:AA-T	blot	plot		"[""b"", ""l"", ""ɑ"", ""t""]"	"[""p"", ""l"", ""ɑ"", ""t""]"							2.973671061277651	4.064017304783319	3.518844183030485	4	4		1	1	4	7								0	0	1			AA T	3	1																
SOUND_0390	Sound	rhyme	1	validation					cmusphinx/cmudict	cmudict:rime:IH-G	brig	fig		"[""b"", ""ɹ"", ""ɪ"", ""ɡ""]"	"[""f"", ""ɪ"", ""ɡ""]"							3.482761522072355	3.0848215134003176	3.2837915177363364	4	3		1	1	14	26								0	0	1			IH G	2	1																
SOUND_0391	Sound	rhyme	1	validation					cmusphinx/cmudict	cmudict:rime:OW-K	broke	joke		"[""b"", ""ɹ"", ""oʊ"", ""k""]"	"[""d̠ʒ"", ""oʊ"", ""k""]"							5.021189299069938	4.8634394962113685	4.942314397640653	4	3		1	1	1758	226								0	0	1			OW K	2	1																
SOUND_0392	Sound	rhyme	1	validation					cmusphinx/cmudict	cmudict:rime:UW-D	brood	lewd		"[""b"", ""ɹ"", ""uː"", ""d""]"	"[""l"", ""uː"", ""d""]"							3.0327925133963074	3.105343180544919	3.069067846970613	4	3		1	1	0	0								0	0	1	unseen_phase1:brood,lewd		UW D	2	1																
SOUND_0393	Sound	rhyme	1	validation					cmusphinx/cmudict	cmudict:rime:AE-D	cad	sad		"[""k"", ""æ"", ""d""]"	"[""s"", ""æ"", ""d""]"							3.016705693502853	4.801901176004613	3.909303434753733	3	3		1	1	0	1096								0	0	1	unseen_phase1:cad		AE D	2	1																
SOUND_0394	Sound	rhyme	1	validation					cmusphinx/cmudict	cmudict:rime:AE-N-D	canned	hand		"[""k"", ""æ"", ""n"", ""d""]"	"[""h"", ""æ"", ""n"", ""d""]"							3.6228435972512543	5.446610256013887	4.534726926632571	4	4		1	1	18	5090								0	0	1			AE N D	3	1																
SOUND_0395	Sound	rhyme	1	validation					cmusphinx/cmudict	cmudict:rime:UW-P	dupe	troop		"[""d"", ""uː"", ""p""]"	"[""t"", ""ɹ"", ""uː"", ""p""]"							2.8109437637799513	3.763721534961002	3.2873326493704766	3	4		1	1	0	6								0	0	1	unseen_phase1:dupe		UW P	2	1																
SOUND_0396	Sound	rhyme	1	validation					cmusphinx/cmudict	cmudict:rime:EY-K	flake	take		"[""f"", ""l"", ""eɪ"", ""k""]"	"[""t"", ""eɪ"", ""k""]"							3.2418198305469765	6.276700535180079	4.759260182863528	4	3		1	1	13	17928								0	0	1			EY K	2	1																
SOUND_0397	Sound	rhyme	1	validation					cmusphinx/cmudict	cmudict:rime:IH-K-S	flicks	six		"[""f"", ""l"", ""ɪ"", ""k"", ""s""]"	"[""s"", ""ɪ"", ""k"", ""s""]"							2.9258982794816504	5.300006922206402	4.112952600844026	5	4		1	1	0	3493								0	0	1	unseen_phase1:flicks		IH K S	3	1																
SOUND_0398	Sound	rhyme	1	validation					cmusphinx/cmudict	cmudict:rime:AE-S	glass	lass		"[""ɡ"", ""l"", ""æ"", ""s""]"	"[""l"", ""æ"", ""s""]"							4.7832307759129185	3.425968732272281	4.1045997540926	4	3		1	1	1074	29								0	0	1			AE S	3	1																
SOUND_0399	Sound	rhyme	1	validation					cmusphinx/cmudict	cmudict:rime:AY-N-D	grind	mind		"[""ɡ"", ""ɹ"", ""aɪ"", ""n"", ""d""]"	"[""m"", ""aɪ"", ""n"", ""d""]"							3.5711834248548926	5.685390438698859	4.628286931776876	5	4		1	1	33	1007								0	0	1			AY N D	3	1																
SOUND_0400	Sound	rhyme	1	validation					cmusphinx/cmudict	cmudict:rime:OW-L-D	holed	scold		"[""h"", ""oʊ"", ""l"", ""d""]"	"[""s"", ""k"", ""oʊ"", ""l"", ""d""]"							3.2836558995945584	3.11850462660289	3.2010802630987243	4	5		1	1	1	6								0	0	1			OW L D	3	1																
SOUND_0401	Sound	rhyme	1	validation					cmusphinx/cmudict	cmudict:rime:UW-T	hoot	scoot		"[""h"", ""uː"", ""t""]"	"[""s"", ""k"", ""uː"", ""t""]"							3.4162814648691495	3.4742734118468364	3.445277438357993	3	4		1	1	80	162								0	0	1			UW T	2	1																
SOUND_0402	Sound	rhyme	1	validation					cmusphinx/cmudict	cmudict:rime:AA-T	knot	squat		"[""n"", ""ɑ"", ""t""]"	"[""s"", ""k"", ""w"", ""ɑ"", ""t""]"							3.5665876731657433	3.4965498065579883	3.531568739861866	3	5		1	1	174	21								0	0	1			AA T	2	1																
SOUND_0403	Sound	rhyme	1	validation					cmusphinx/cmudict	cmudict:rime:AW-N-D	lb	round		"[""ɛ"", ""l"", ""b"", ""iː""]"	"[""ɹ"", ""aʊ"", ""n"", ""d""]"							3.0248235837250323	4.823013683547181	3.9239186336361067	4	4		1	1	0	1763								0	0	1	unseen_phase1:lb		AW N D	3	1																
SOUND_0404	Sound	rhyme	1	validation					cmusphinx/cmudict	cmudict:rime:ER-JH	merge	scourge		"[""m"", ""ɜː"", ""d̠ʒ""]"	"[""s"", ""k"", ""ɜː"", ""d̠ʒ""]"							3.1436881726211388	3.11850462660289	3.1310963996120145	3	4		1	1	0	0								0	0	1	unseen_phase1:merge,scourge		ER JH	2	1																
SOUND_0405	Sound	rhyme	1	validation					cmusphinx/cmudict	cmudict:rime:IH-L	mil	still		"[""m"", ""ɪ"", ""l""]"	"[""s"", ""t"", ""ɪ"", ""l""]"							3.456782679686501	5.896925876673131	4.676854278179816	3	4		1	1	1	6097								0	0	1			IH L	2	1																
SOUND_0406	Sound	rhyme	1	validation					cmusphinx/cmudict	cmudict:rime:AA-T	plot	spot		"[""p"", ""l"", ""ɑ"", ""t""]"	"[""s"", ""p"", ""ɑ"", ""t""]"							4.064017304783319	4.789359471975279	4.426688388379299	4	4		1	1	7	625								0	0	1			AA T	3	1																
SOUND_0407	Sound	rhyme	1	validation					cmusphinx/cmudict	cmudict:rime:AE-P-S	saps	slaps		"[""s"", ""æ"", ""p"", ""s""]"	"[""s"", ""l"", ""æ"", ""p"", ""s""]"							2.8364978682523394	2.935882500388251	2.886190184320295	4	5		1	1	1	2								0	0	1		S	AE P S	3	1																
SOUND_0408	Sound	rhyme	1	validation					cmusphinx/cmudict	cmudict:rime:AE-P-S	saps	snaps		"[""s"", ""æ"", ""p"", ""s""]"	"[""s"", ""n"", ""æ"", ""p"", ""s""]"							2.8364978682523394	3.4507923159973135	3.1436450921248262	4	5		1	1	1	68								0	0	1		S	AE P S	3	1																
SOUND_0409	Sound	rhyme	1	validation					cmusphinx/cmudict	cmudict:rime:AH-N	son	ton		"[""s"", ""ʌ"", ""n""]"	"[""t"", ""ʌ"", ""n""]"							5.613593120662743	3.8744931868137726	4.744043153738257	3	3		1	1	402	47								0	0	1			AH N	2	1																
SOUND_0410	Sound	rhyme	1	validation					cmusphinx/cmudict	cmudict:rime:AO-R-N	sworn	worn		"[""s"", ""w"", ""ɔ"", ""ɹ"", ""n""]"	"[""w"", ""ɔ"", ""ɹ"", ""n""]"							3.9861567728257103	4.00339294289734	3.994774857861525	5	4		1	1	0	42								0	0	1	unseen_phase1:sworn		AO R N	4	1																
SOUND_0411	Sound	unrelated	0	validation					cmusphinx/cmudict	cmudict:formal-zero-shared-phone	beep	own		"[""b"", ""iː"", ""p""]"	"[""oʊ"", ""n""]"							3.8135679076061	5.661998170498611	4.737783039052355	3	2		1	1	1778	1684								0	0	1				0	1																
SOUND_0412	Sound	unrelated	0	validation					cmusphinx/cmudict	cmudict:formal-zero-shared-phone	bled	heist		"[""b"", ""l"", ""ɛ"", ""d""]"	"[""h"", ""aɪ"", ""s"", ""t""]"							3.595625881322553	3.4965498065579883	3.5460878439402705	4	4		1	1	4	5								0	0	1				0	1																
SOUND_0413	Sound	unrelated	0	validation					cmusphinx/cmudict	cmudict:formal-zero-shared-phone	bull	heist		"[""b"", ""ʊ"", ""l""]"	"[""h"", ""aɪ"", ""s"", ""t""]"							4.4394874949304235	3.4965498065579883	3.968018650744206	3	4		1	1	84	5								0	0	1				0	1																
SOUND_0414	Sound	unrelated	0	validation					cmusphinx/cmudict	cmudict:formal-zero-shared-phone	chew	heist		"[""t̠ʃ"", ""uː""]"	"[""h"", ""aɪ"", ""s"", ""t""]"							3.957071799458189	3.4965498065579883	3.726810803008089	2	4		1	1	1069	5								0	0	1				0	1																
SOUND_0415	Sound	unrelated	0	validation					cmusphinx/cmudict	cmudict:formal-zero-shared-phone	coil	heist		"[""k"", ""ɔɪ"", ""l""]"	"[""h"", ""aɪ"", ""s"", ""t""]"							3.2062436762857804	3.4965498065579883	3.351396741421884	3	4		1	1	0	5								0	0	1	unseen_phase1:coil			0	1																
SOUND_0416	Sound	unrelated	0	validation					cmusphinx/cmudict	cmudict:formal-zero-shared-phone	cons	heist		"[""k"", ""ɑ"", ""n"", ""z""]"	"[""h"", ""aɪ"", ""s"", ""t""]"							3.3416478465722452	3.4965498065579883	3.4190988265651168	4	4		1	1	0	5								0	0	1	unseen_phase1:cons			0	1																
SOUND_0417	Sound	unrelated	0	validation					cmusphinx/cmudict	cmudict:formal-zero-shared-phone	cults	own		"[""k"", ""ʌ"", ""l"", ""t"", ""s""]"	"[""oʊ"", ""n""]"							2.8109437637799513	5.661998170498611	4.236470967139281	5	2		1	1	0	1684								0	0	1	unseen_phase1:cults			0	1																
SOUND_0418	Sound	unrelated	0	validation					cmusphinx/cmudict	cmudict:formal-zero-shared-phone	dart	own		"[""d"", ""ɑ"", ""ɹ"", ""t""]"	"[""oʊ"", ""n""]"							3.2836558995945584	5.661998170498611	4.472827035046585	4	2		1	1	21	1684								0	0	1				0	1																
SOUND_0419	Sound	unrelated	0	validation					cmusphinx/cmudict	cmudict:formal-zero-shared-phone	dis	own		"[""d"", ""ɪ"", ""s""]"	"[""oʊ"", ""n""]"							3.1789205490745456	5.661998170498611	4.4204593597865784	3	2		1	1	7280	1684								0	0	1				0	1																
SOUND_0420	Sound	unrelated	0	validation					cmusphinx/cmudict	cmudict:formal-zero-shared-phone	dud	heist		"[""d"", ""ʌ"", ""d""]"	"[""h"", ""aɪ"", ""s"", ""t""]"							3.098609797885951	3.4965498065579883	3.2975798022219696	3	4		1	1	6	5								0	0	1				0	1																
SOUND_0421	Sound	unrelated	0	validation					cmusphinx/cmudict	cmudict:formal-zero-shared-phone	eh	heist		"[""eɪ""]"	"[""h"", ""aɪ"", ""s"", ""t""]"							4.710565322327296	3.4965498065579883	4.103557564442642	1	4		1	1	2572	5								0	0	1				0	1																
SOUND_0422	Sound	unrelated	0	validation					cmusphinx/cmudict	cmudict:formal-zero-shared-phone	floor	tons		"[""f"", ""l"", ""ɔ"", ""ɹ""]"	"[""t"", ""ʌ"", ""n"", ""z""]"							5.002716471604955	3.973671061277651	4.488193766441302	4	4		1	1	970	64								0	0	1				0	1																
SOUND_0423	Sound	unrelated	0	validation					cmusphinx/cmudict	cmudict:formal-zero-shared-phone	fowl	own		"[""f"", ""aʊ"", ""l""]"	"[""oʊ"", ""n""]"							2.8364978682523394	5.661998170498611	4.249248019375475	3	2		1	1	4	1684								0	0	1				0	1																
SOUND_0424	Sound	unrelated	0	validation					cmusphinx/cmudict	cmudict:formal-zero-shared-phone	gags	heist		"[""ɡ"", ""æ"", ""ɡ"", ""z""]"	"[""h"", ""aɪ"", ""s"", ""t""]"							3.055857817465001	3.4965498065579883	3.2762038120114947	4	4		1	1	2	5								0	0	1				0	1																
SOUND_0425	Sound	unrelated	0	validation					cmusphinx/cmudict	cmudict:formal-zero-shared-phone	geek	own		"[""ɡ"", ""iː"", ""k""]"	"[""oʊ"", ""n""]"							3.840204529289886	5.661998170498611	4.751101349894249	3	2		1	1	2	1684								0	0	1				0	1																
SOUND_0426	Sound	unrelated	0	validation					cmusphinx/cmudict	cmudict:formal-zero-shared-phone	gem	tones		"[""d̠ʒ"", ""ɛ"", ""m""]"	"[""t"", ""oʊ"", ""n"", ""z""]"							3.3928003690196267	3.2924298239020637	3.342615096460845	3	4		1	1	20	3								0	0	1				0	1																
SOUND_0427	Sound	unrelated	0	validation					cmusphinx/cmudict	cmudict:formal-zero-shared-phone	gook	tones		"[""ɡ"", ""ʊ"", ""k""]"	"[""t"", ""oʊ"", ""n"", ""z""]"							3.0777596589128304	3.2924298239020637	3.185094741407447	3	4		1	1	23	3								0	0	1				0	1																
SOUND_0428	Sound	unrelated	0	validation					cmusphinx/cmudict	cmudict:formal-zero-shared-phone	hast	own		"[""h"", ""eɪ"", ""s"", ""t""]"	"[""oʊ"", ""n""]"							3.1249387366083	5.661998170498611	4.393468453553456	4	2		1	1	2	1684								0	0	1				0	1																
SOUND_0429	Sound	unrelated	0	validation					cmusphinx/cmudict	cmudict:formal-zero-shared-phone	heist	keep		"[""h"", ""aɪ"", ""s"", ""t""]"	"[""k"", ""iː"", ""p""]"							3.4965498065579883	5.846870524356412	4.6717101654572	4	3		1	1	5	4162								0	0	1				0	1																
SOUND_0430	Sound	unrelated	0	validation					cmusphinx/cmudict	cmudict:formal-zero-shared-phone	heist	ln		"[""h"", ""aɪ"", ""s"", ""t""]"	"[""ɛ"", ""l"", ""ɛ"", ""n""]"							3.4965498065579883	4.866808388315146	4.181679097436567	4	3		1	1	5	0								0	0	1	unseen_phase1:ln			0	1																
SOUND_0431	Sound	unrelated	0	validation					cmusphinx/cmudict	cmudict:formal-zero-shared-phone	heist	shield		"[""h"", ""aɪ"", ""s"", ""t""]"	"[""ʃ"", ""iː"", ""l"", ""d""]"							3.4965498065579883	3.9136061056770988	3.7050779561175435	4	4		1	1	5	42								0	0	1				0	1																
SOUND_0432	Sound	unrelated	0	validation					cmusphinx/cmudict	cmudict:formal-zero-shared-phone	heist	wank		"[""h"", ""aɪ"", ""s"", ""t""]"	"[""w"", ""æ"", ""ŋ"", ""k""]"							3.4965498065579883	2.75482782180102	3.125688814179504	4	4		1	1	5	9								0	0	1				0	1																
SOUND_0433	Sound	unrelated	0	validation					cmusphinx/cmudict	cmudict:formal-zero-shared-phone	heist	warn		"[""h"", ""aɪ"", ""s"", ""t""]"	"[""w"", ""ɔ"", ""ɹ"", ""n""]"							3.4965498065579883	4.404028348782457	3.950289077670223	4	4		1	1	5	24								0	0	1				0	1																
SOUND_0434	Sound	unrelated	0	validation					cmusphinx/cmudict	cmudict:formal-zero-shared-phone	heist	woke		"[""h"", ""aɪ"", ""s"", ""t""]"	"[""w"", ""oʊ"", ""k""]"							3.4965498065579883	4.42082909261987	3.9586894495889293	4	3		1	1	5	298								0	0	1				0	1																
SOUND_0435	Sound	unrelated	0	validation					cmusphinx/cmudict	cmudict:formal-zero-shared-phone	heist	ya		"[""h"", ""aɪ"", ""s"", ""t""]"	"[""j"", ""ə""]"							3.4965498065579883	5.176885319972552	4.33671756326527	4	2		1	1	5	1833								0	0	1				0	1																
SOUND_0436	Sound	unrelated	0	validation					cmusphinx/cmudict	cmudict:formal-zero-shared-phone	helps	tones		"[""h"", ""ɛ"", ""l"", ""p"", ""s""]"	"[""t"", ""oʊ"", ""n"", ""z""]"							4.327459106104431	3.2924298239020637	3.8099444650032472	5	4		1	1	304	3								0	0	1				0	1																
SOUND_0437	Sound	unrelated	0	validation					cmusphinx/cmudict	cmudict:formal-zero-shared-phone	hilt	own		"[""h"", ""ɪ"", ""l"", ""t""]"	"[""oʊ"", ""n""]"							2.7395878552442827	5.661998170498611	4.200793012871447	4	2		1	1	0	1684								0	0	1	unseen_phase1:hilt			0	1																
SOUND_0438	Sound	unrelated	0	validation					cmusphinx/cmudict	cmudict:formal-zero-shared-phone	link	own		"[""l"", ""ɪ"", ""ŋ"", ""k""]"	"[""oʊ"", ""n""]"							4.0770471165349385	5.661998170498611	4.869522643516775	4	2		1	1	15	1684								0	0	1				0	1																
SOUND_0439	Sound	unrelated	0	validation					cmusphinx/cmudict	cmudict:formal-zero-shared-phone	loves	own		"[""l"", ""ʌ"", ""v"", ""z""]"	"[""oʊ"", ""n""]"							4.860044266632908	5.661998170498611	5.26102121856576	4	2		1	1	1213	1684								0	0	1				0	1																
SOUND_0440	Sound	unrelated	0	validation					cmusphinx/cmudict	cmudict:formal-zero-shared-phone	my	tones		"[""m"", ""aɪ""]"	"[""t"", ""oʊ"", ""n"", ""z""]"							6.830121759078061	3.2924298239020637	5.061275791490062	2	4		1	1	50354	3								0	0	1				0	1																
SOUND_0441	Sound	unrelated	0	validation					cmusphinx/cmudict	cmudict:formal-zero-shared-phone	own	pas		"[""oʊ"", ""n""]"	"[""p"", ""æ"", ""s""]"							5.661998170498611	3.3679767852945943	4.514987477896603	2	3		1	1	1684	2								0	0	1				0	1																
SOUND_0442	Sound	unrelated	0	validation					cmusphinx/cmudict	cmudict:formal-zero-shared-phone	own	peas		"[""oʊ"", ""n""]"	"[""p"", ""iː"", ""z""]"							5.661998170498611	3.6671781699121677	4.6645881702053895	2	3		1	1	1684	2041								0	0	1				0	1																
SOUND_0443	Sound	unrelated	0	validation					cmusphinx/cmudict	cmudict:formal-zero-shared-phone	own	por		"[""oʊ"", ""n""]"	"[""p"", ""ɔ"", ""ɹ""]"							5.661998170498611	3.542849826210958	4.6024239983547846	2	3		1	1	1684	5								0	0	1				0	1																
SOUND_0444	Sound	unrelated	0	validation					cmusphinx/cmudict	cmudict:formal-zero-shared-phone	own	prank		"[""oʊ"", ""n""]"	"[""p"", ""ɹ"", ""æ"", ""ŋ"", ""k""]"							5.661998170498611	3.6020599913279625	4.632029080913287	2	5		1	1	1684	1								0	0	1				0	1																
SOUND_0445	Sound	unrelated	0	validation					cmusphinx/cmudict	cmudict:formal-zero-shared-phone	own	proud		"[""oʊ"", ""n""]"	"[""p"", ""ɹ"", ""aʊ"", ""d""]"							5.661998170498611	4.922348859405606	5.2921735149521085	2	4		1	1	1684	186								0	0	1				0	1																
SOUND_0446	Sound	unrelated	0	validation					cmusphinx/cmudict	cmudict:formal-zero-shared-phone	own	quits		"[""oʊ"", ""n""]"	"[""k"", ""w"", ""ɪ"", ""t"", ""s""]"							5.661998170498611	3.3752151942185136	4.518606682358563	2	5		1	1	1684	1								0	0	1				0	1																
SOUND_0447	Sound	unrelated	0	validation					cmusphinx/cmudict	cmudict:formal-zero-shared-phone	own	shrink		"[""oʊ"", ""n""]"	"[""ʃ"", ""ɹ"", ""ɪ"", ""ŋ"", ""k""]"							5.661998170498611	4.053605637057795	4.857801903778203	2	5		1	1	1684	15								0	0	1				0	1																
SOUND_0448	Sound	unrelated	0	validation					cmusphinx/cmudict	cmudict:formal-zero-shared-phone	own	sift		"[""oʊ"", ""n""]"	"[""s"", ""ɪ"", ""f"", ""t""]"							5.661998170498611	2.872213420518874	4.267105795508742	2	4		1	1	1684	0								0	0	1	unseen_phase1:sift			0	1																
SOUND_0449	Sound	unrelated	0	validation					cmusphinx/cmudict	cmudict:formal-zero-shared-phone	own	sit		"[""oʊ"", ""n""]"	"[""s"", ""ɪ"", ""t""]"							5.661998170498611	5.493252972612995	5.577625571555803	2	3		1	1	1684	10080								0	0	1				0	1																
SOUND_0450	Sound	unrelated	0	validation					cmusphinx/cmudict	cmudict:formal-zero-shared-phone	own	slum		"[""oʊ"", ""n""]"	"[""s"", ""l"", ""ʌ"", ""m""]"							5.661998170498611	3.105343180544919	4.383670675521765	2	4		1	1	1684	0								0	0	1	unseen_phase1:slum			0	1																
SOUND_0451	Sound	unrelated	0	validation					cmusphinx/cmudict	cmudict:formal-zero-shared-phone	own	studs		"[""oʊ"", ""n""]"	"[""s"", ""t"", ""ʌ"", ""d"", ""z""]"							5.661998170498611	2.9913998282380825	4.326698999368347	2	5		1	1	1684	0								0	0	1	unseen_phase1:studs			0	1																
SOUND_0452	Sound	unrelated	0	validation					cmusphinx/cmudict	cmudict:formal-zero-shared-phone	own	stunk		"[""oʊ"", ""n""]"	"[""s"", ""t"", ""ʌ"", ""ŋ"", ""k""]"							5.661998170498611	2.9551876555836376	4.3085929130411245	2	5		1	1	1684	11								0	0	1				0	1																
SOUND_0453	Sound	unrelated	0	validation					cmusphinx/cmudict	cmudict:formal-zero-shared-phone	own	vamp		"[""oʊ"", ""n""]"	"[""v"", ""æ"", ""m"", ""p""]"							5.661998170498611	2.9645276818377813	4.313262926168196	2	4		1	1	1684	0								0	0	1	unseen_phase1:vamp			0	1																
SOUND_0454	Sound	unrelated	0	validation					cmusphinx/cmudict	cmudict:formal-zero-shared-phone	own	veal		"[""oʊ"", ""n""]"	"[""v"", ""iː"", ""l""]"							5.661998170498611	3.5501083987712483	4.60605328463493	2	3		1	1	1684	6								0	0	1				0	1																
SOUND_0455	Sound	unrelated	0	validation					cmusphinx/cmudict	cmudict:formal-zero-shared-phone	pew	tones		"[""p"", ""j"", ""uː""]"	"[""t"", ""oʊ"", ""n"", ""z""]"							3.016705693502853	3.2924298239020637	3.1545677587024583	3	4		1	1	35	3								0	0	1				0	1																
SOUND_0456	Sound	unrelated	0	validation					cmusphinx/cmudict	cmudict:formal-zero-shared-phone	prick	tons		"[""p"", ""ɹ"", ""ɪ"", ""k""]"	"[""t"", ""ʌ"", ""n"", ""z""]"							4.149762320333332	3.973671061277651	4.061716690805492	4	4		1	1	17	64								0	0	1				0	1																
SOUND_0457	Sound	unrelated	0	validation					cmusphinx/cmudict	cmudict:formal-zero-shared-phone	scoop	tones		"[""s"", ""k"", ""uː"", ""p""]"	"[""t"", ""oʊ"", ""n"", ""z""]"							3.7533276666586115	3.2924298239020637	3.5228787452803374	4	4		1	1	301	3								0	0	1				0	1																
SOUND_0458	Sound	unrelated	0	validation					cmusphinx/cmudict	cmudict:formal-zero-shared-phone	sued	tones		"[""s"", ""uː"", ""d""]"	"[""t"", ""oʊ"", ""n"", ""z""]"							3.68688150472828	3.2924298239020637	3.4896556643151717	3	4		1	1	1	3								0	0	1				0	1																
SOUND_0459	Sound	unrelated	0	validation					cmusphinx/cmudict	cmudict:formal-zero-shared-phone	tones	wok		"[""t"", ""oʊ"", ""n"", ""z""]"	"[""w"", ""ɑ"", ""k""]"							3.2924298239020637	2.872213420518874	3.082321622210469	4	3		1	1	3	39								0	0	1				0	1																
SOUND_0460	Sound	unrelated	0	validation					cmusphinx/cmudict	cmudict:formal-zero-shared-phone	tons	weld		"[""t"", ""ʌ"", ""n"", ""z""]"	"[""w"", ""ɛ"", ""l"", ""d""]"							3.973671061277651	2.7975798022219696	3.3856254317498102	4	4		1	1	64	0								0	0	1	unseen_phase1:weld			0	1																
SOUND_0461	Sound	onset	1	test					cmusphinx/cmudict	cmudict:first:AE	aft	amp		"[""æ"", ""f"", ""t""]"	"[""æ"", ""m"", ""p""]"							3.5477023290053697	3.260912772455999	3.4043075507306844	3	3		1	1	7	0								0	0	1	unseen_phase1:amp	AE		1	1																
SOUND_0462	Sound	onset	1	test					cmusphinx/cmudict	cmudict:first:AE	aft	at		"[""æ"", ""f"", ""t""]"	"[""æ"", ""t""]"							3.5477023290053697	6.507464295978627	5.027583312491998	3	2		1	1	7	36320								0	0	1		AE		2	1																
SOUND_0463	Sound	onset	1	test					cmusphinx/cmudict	cmudict:first:EY	age	ake		"[""eɪ"", ""d̠ʒ""]"	"[""eɪ"", ""k""]"							4.898703677072052	2.8606315479690587	3.8796676125205556	2	2		1	1	268	1								0	0	1		EY		1	1																
SOUND_0464	Sound	onset	1	test					cmusphinx/cmudict	cmudict:first:B	base	brink		"[""b"", ""eɪ"", ""s""]"	"[""b"", ""ɹ"", ""ɪ"", ""ŋ"", ""k""]"							4.548666357107987	3.3962335448580205	3.9724499509830036	3	5		1	1	143	4								0	0	1		B		1	1																
SOUND_0465	Sound	onset	1	test					cmusphinx/cmudict	cmudict:first:B	beg	blunt		"[""b"", ""ɛ"", ""ɡ""]"	"[""b"", ""l"", ""ʌ"", ""n"", ""t""]"							4.7074031718728815	3.6903698325741012	4.198886502223491	3	5		1	1	24	0								0	0	1	unseen_phase1:blunt	B		1	1																
SOUND_0466	Sound	onset	1	test					cmusphinx/cmudict	cmudict:first:B	bleu	burn		"[""b"", ""l"", ""uː""]"	"[""b"", ""ɜː"", ""n""]"							2.8364978682523394	4.742062474372139	3.789280171312239	3	3		1	1	2	284								0	0	1		B		1	1																
SOUND_0467	Sound	onset	1	test					cmusphinx/cmudict	cmudict:first:B	blog	bra		"[""b"", ""l"", ""ɑ"", ""ɡ""]"	"[""b"", ""ɹ"", ""ɑ""]"							2.8109437637799513	4.038285019075793	3.424614391427872	4	3		1	1	0	22								0	0	1	unseen_phase1:blog	B		1	1																
SOUND_0468	Sound	onset	1	test					cmusphinx/cmudict	cmudict:first:B	blonde	boy		"[""b"", ""l"", ""ɑ"", ""n"", ""d""]"	"[""b"", ""ɔɪ""]"							4.143688172621139	5.724131241365484	4.933909706993312	5	2		1	1	73	9947								0	0	1		B		1	1																
SOUND_0469	Sound	onset	1	test					cmusphinx/cmudict	cmudict:first:K	cakes	carbs		"[""k"", ""eɪ"", ""k"", ""s""]"	"[""k"", ""ɑ"", ""ɹ"", ""b"", ""z""]"							3.756322812887971	3.0248235837250323	3.3905731983065017	4	5		1	1	246	6								0	0	1		K		1	1																
SOUND_0470	Sound	onset	1	test					cmusphinx/cmudict	cmudict:first:K	calves	quo		"[""k"", ""æ"", ""v"", ""z""]"	"[""k"", ""w"", ""oʊ""]"							3.2062436762857804	3.274701056941632	3.240472366613706	4	3		1	1	10	1								0	0	1		K		1	1																
SOUND_0471	Sound	onset	1	test					cmusphinx/cmudict	cmudict:first:K	carbs	con		"[""k"", ""ɑ"", ""ɹ"", ""b"", ""z""]"	"[""k"", ""ɑ"", ""n""]"							3.0248235837250323	4.101315691261876	3.563069637493454	5	3		1	1	6	20								0	0	1		K		2	1																
SOUND_0472	Sound	onset	1	test					cmusphinx/cmudict	cmudict:first:K	carbs	crop		"[""k"", ""ɑ"", ""ɹ"", ""b"", ""z""]"	"[""k"", ""ɹ"", ""ɑ"", ""p""]"							3.0248235837250323	3.68688150472828	3.3558525442266562	5	4		1	1	6	5								0	0	1		K		3	1																
SOUND_0473	Sound	onset	1	test					cmusphinx/cmudict	cmudict:first:Z	czar	zoo		"[""z"", ""ɑ"", ""ɹ""]"	"[""z"", ""uː""]"							2.8364978682523394	4.135039063512625	3.485768465882482	3	2		1	1	1	1656								0	0	1		Z		1	1																
SOUND_0474	Sound	onset	1	test					cmusphinx/cmudict	cmudict:first:D	dah	deux		"[""d"", ""ɑ""]"	"[""d"", ""j"", ""uː""]"							3.0327925133963074	2.894489815230026	2.9636411643131666	2	2		1	1	422	0								0	0	1	unseen_phase1:deux	D		1	1																
SOUND_0475	Sound	onset	1	test					cmusphinx/cmudict	cmudict:first:EH	edge	em		"[""ɛ"", ""d̠ʒ""]"	"[""ɛ"", ""m""]"							4.3712490070009125	5.401299153018295	4.886274080009604	2	2		1	1	167	1786								0	0	1		EH		1	1																
SOUND_0476	Sound	onset	1	test					cmusphinx/cmudict	cmudict:first:F	fact	feet		"[""f"", ""æ"", ""k"", ""t""]"	"[""f"", ""iː"", ""t""]"							5.236961844894045	5.081798977493545	5.159380411193795	4	3		1	1	258	3634								0	0	1		F		2	1																
SOUND_0477	Sound	onset	1	test					cmusphinx/cmudict	cmudict:first:F	fate	flux		"[""f"", ""eɪ"", ""t""]"	"[""f"", ""l"", ""ʌ"", ""k"", ""s""]"							4.430732522068345	3.016705693502853	3.723719107785599	3	5		1	1	2	0								0	0	1	unseen_phase1:flux	F		1	1																
SOUND_0478	Sound	onset	1	test					cmusphinx/cmudict	cmudict:first:F	fin	flood		"[""f"", ""ɪ"", ""n""]"	"[""f"", ""l"", ""ʌ"", ""d""]"							3.5329790721846632	3.756322812887971	3.644650942536317	3	4		1	1	54	22								0	0	1		F		1	1																
SOUND_0479	Sound	onset	1	test					cmusphinx/cmudict	cmudict:first:F	fix	foot		"[""f"", ""ɪ"", ""k"", ""s""]"	"[""f"", ""ʊ"", ""t""]"							4.938441233493303	4.812389004654132	4.875415119073717	4	3		1	1	3461	2920								0	0	1		F		1	1																
SOUND_0480	Sound	onset	1	test					cmusphinx/cmudict	cmudict:first:G	gays	gosh		"[""ɡ"", ""eɪ"", ""z""]"	"[""ɡ"", ""ɑ"", ""ʃ""]"							3.173243416182855	4.475699667584868	3.8244715418838613	3	3		1	1	0	1141								0	0	1	unseen_phase1:gays	G		1	1																
SOUND_0481	Sound	onset	1	test					cmusphinx/cmudict	cmudict:first:G	grabs	grunt		"[""ɡ"", ""ɹ"", ""æ"", ""b"", ""z""]"	"[""ɡ"", ""ɹ"", ""ʌ"", ""n"", ""t""]"							3.5711834248548926	3.3455082673854832	3.4583458461201877	5	5		1	1	52	18								0	0	1		G		2	1																
SOUND_0482	Sound	onset	1	test					cmusphinx/cmudict	cmudict:first:HH	hem	huh		"[""h"", ""ɛ"", ""m""]"	"[""h"", ""ʌ""]"							2.915679114299964	5.6417073513700196	4.278693232834992	3	2		1	1	12	27645								0	0	1		HH		1	1																
SOUND_0483	Sound	onset	1	test					cmusphinx/cmudict	cmudict:first:N	knit	nerve		"[""n"", ""ɪ"", ""t""]"	"[""n"", ""ɜː"", ""v""]"							3.2792015581683085	4.360986718974427	3.820094138571368	3	3		1	1	194	11								0	0	1		N		1	1																
SOUND_0484	Sound	onset	1	test					cmusphinx/cmudict	cmudict:first:N	knit	note		"[""n"", ""ɪ"", ""t""]"	"[""n"", ""oʊ"", ""t""]"							3.2792015581683085	4.728751524041797	4.003976541105053	3	3		1	1	194	112								0	0	1		N		2	1																
SOUND_0485	Sound	onset	1	test					cmusphinx/cmudict	cmudict:first:L	lain	loo		"[""l"", ""eɪ"", ""n""]"	"[""l"", ""uː""]"							2.75482782180102	3.3752151942185136	3.0650215080097665	3	2		1	1	0	138								0	0	1	unseen_phase1:lain	L		1	1																
SOUND_0486	Sound	onset	1	test					cmusphinx/cmudict	cmudict:first:L	lobes	long		"[""l"", ""oʊ"", ""b"", ""z""]"	"[""l"", ""ɔ"", ""ŋ""]"							2.7837915177363364	5.829404686475652	4.306598102105994	4	3		1	1	1	4164								0	0	1		L		1	1																
SOUND_0487	Sound	onset	1	test					cmusphinx/cmudict	cmudict:first:N	ninth	nip		"[""n"", ""aɪ"", ""n"", ""θ""]"	"[""n"", ""ɪ"", ""p""]"							3.816176290713628	3.50991376811597	3.663045029414799	4	3		1	1	73	22								0	0	1		N		1	1																
SOUND_0488	Sound	onset	1	test					cmusphinx/cmudict	cmudict:first:P	pad	pays		"[""p"", ""æ"", ""d""]"	"[""p"", ""eɪ"", ""z""]"							3.910477920614156	4.146735865703144	4.02860689315865	3	3		1	1	123	18								0	0	1		P		1	1																
SOUND_0489	Sound	onset	1	test					cmusphinx/cmudict	cmudict:first:P	pep	posts		"[""p"", ""ɛ"", ""p""]"	"[""p"", ""oʊ"", ""s"", ""t"", ""s""]"							3.542849826210958	3.4416489365574434	3.492249381384201	3	5		1	1	7	6								0	0	1		P		1	1																
SOUND_0490	Sound	onset	1	test					cmusphinx/cmudict	cmudict:first:S	saw	spunk		"[""s"", ""ɔ""]"	"[""s"", ""p"", ""ʌ"", ""ŋ"", ""k""]"							5.604755306217195	3.1249387366083	4.364847021412747	2	5		1	1	4261	0								0	0	1	unseen_phase1:spunk	S		1	1																
SOUND_0491	Sound	onset	1	test					cmusphinx/cmudict	cmudict:first:S	send	sound		"[""s"", ""ɛ"", ""n"", ""d""]"	"[""s"", ""aʊ"", ""n"", ""d""]"							5.254751796631648	5.156525397326311	5.20563859697898	4	4		1	1	375	1757								0	0	1		S		3	1																
SOUND_0492	Sound	onset	1	test					cmusphinx/cmudict	cmudict:first:SH	shores	shunt		"[""ʃ"", ""ɔ"", ""ɹ"", ""z""]"	"[""ʃ"", ""ʌ"", ""n"", ""t""]"							3.3010299956639813	2.973671061277651	3.137350528470816	4	4		1	1	0	0								0	0	1	unseen_phase1:shores,shunt	SH		1	1																
SOUND_0493	Sound	onset	1	test					cmusphinx/cmudict	cmudict:first:S	siege	skit		"[""s"", ""iː"", ""d̠ʒ""]"	"[""s"", ""k"", ""ɪ"", ""t""]"							3.364311831208189	2.915679114299964	3.1399954727540766	3	4		1	1	0	9								0	0	1	unseen_phase1:siege	S		1	1																
SOUND_0494	Sound	onset	1	test					cmusphinx/cmudict	cmudict:first:S	sir	snide		"[""s"", ""ɜː""]"	"[""s"", ""n"", ""aɪ"", ""d""]"							5.98428898826619	2.7395878552442827	4.361938421755236	2	4		1	1	518	0								0	0	1	unseen_phase1:snide	S		1	1																
SOUND_0495	Sound	onset	1	test					cmusphinx/cmudict	cmudict:first:T	tack	tie		"[""t"", ""æ"", ""k""]"	"[""t"", ""aɪ""]"							3.325853579389013	4.647689729429442	3.9867716544092273	3	2		1	1	17	976								0	0	1		T		1	1																
SOUND_0496	Sound	onset	1	test					cmusphinx/cmudict	cmudict:first:T	tell	trail		"[""t"", ""ɛ"", ""l""]"	"[""t"", ""ɹ"", ""eɪ"", ""l""]"							6.236660729697238	4.283212515705202	5.25993662270122	3	4		1	1	17927	39								0	0	1		T		2	1																
SOUND_0497	Sound	onset	1	test					cmusphinx/cmudict	cmudict:first:V	vat	view		"[""v"", ""æ"", ""t""]"	"[""v"", ""j"", ""uː""]"							3.173243416182855	4.585792378613509	3.8795178973981823	3	3		1	1	6	85								0	0	1		V		1	1																
SOUND_0498	Sound	onset	1	test					cmusphinx/cmudict	cmudict:first:V	vexed	vines		"[""v"", ""ɛ"", ""k"", ""s"", ""t""]"	"[""v"", ""aɪ"", ""n"", ""z""]"							2.6726410656136697	3.195519810894007	2.9340804382538384	5	4		1	1	1	17								0	0	1		V		1	1																
SOUND_0499	Sound	onset	1	test					cmusphinx/cmudict	cmudict:first:W	walls	work		"[""w"", ""ɔ"", ""l"", ""z""]"	"[""w"", ""ɜː"", ""k""]"							4.393144910475145	5.902013562370102	5.147579236422624	4	3		1	1	117	4417								0	0	1		W		1	1																
SOUND_0500	Sound	onset	1	test					cmusphinx/cmudict	cmudict:first:Y	you	young		"[""j"", ""uː""]"	"[""j"", ""ʌ"", ""ŋ""]"							7.6217693187691165	5.385921550912995	6.503845434841056	2	3		1	1	405238	423								0	0	1		Y		1	1																
SOUND_0501	Sound	rhyme	1	test					cmusphinx/cmudict	cmudict:rime:AE-K-T	act	tact		"[""æ"", ""k"", ""t""]"	"[""t"", ""æ"", ""k"", ""t""]"							5.037894992572791	3.040617850908264	4.039256421740527	3	4		1	1	174	1								0	0	1			AE K T	3	1																
SOUND_0502	Sound	rhyme	1	test					cmusphinx/cmudict	cmudict:rime:AE-F-T	aft	graft		"[""æ"", ""f"", ""t""]"	"[""ɡ"", ""ɹ"", ""æ"", ""f"", ""t""]"							3.5477023290053697	3.2167091099639453	3.3822057194846575	3	5		1	1	7	0								0	0	1	unseen_phase1:graft		AE F T	3	1																
SOUND_0503	Sound	rhyme	1	test					cmusphinx/cmudict	cmudict:rime:UW	bleu	loo		"[""b"", ""l"", ""uː""]"	"[""l"", ""uː""]"							2.8364978682523394	3.3752151942185136	3.1058565312354265	3	2		1	1	2	138								0	0	1			UW	2	1																
SOUND_0504	Sound	rhyme	1	test					cmusphinx/cmudict	cmudict:rime:UW	bleu	view		"[""b"", ""l"", ""uː""]"	"[""v"", ""j"", ""uː""]"							2.8364978682523394	4.585792378613509	3.7111451234329245	3	3		1	1	2	85								0	0	1			UW	1	1																
SOUND_0505	Sound	rhyme	1	test					cmusphinx/cmudict	cmudict:rime:UW	bleu	who		"[""b"", ""l"", ""uː""]"	"[""h"", ""uː""]"							2.8364978682523394	6.34692797053874	4.5917129193955395	3	2		1	1	2	19096								0	0	1			UW	1	1																
SOUND_0506	Sound	rhyme	1	test					cmusphinx/cmudict	cmudict:rime:IH-NG-K	brink	pink		"[""b"", ""ɹ"", ""ɪ"", ""ŋ"", ""k""]"	"[""p"", ""ɪ"", ""ŋ"", ""k""]"							3.3962335448580205	4.454396440266138	3.9253149925620794	5	4		1	1	4	2594								0	0	1			IH NG K	3	1																
SOUND_0507	Sound	rhyme	1	test					cmusphinx/cmudict	cmudict:rime:IH-S-K	brisk	risk		"[""b"", ""ɹ"", ""ɪ"", ""s"", ""k""]"	"[""ɹ"", ""ɪ"", ""s"", ""k""]"							3.016705693502853	4.690543515632566	3.8536246045677096	5	4		1	1	0	9								0	0	1	unseen_phase1:brisk		IH S K	4	1																
SOUND_0508	Sound	rhyme	1	test					cmusphinx/cmudict	cmudict:rime:AH-T	but	hut		"[""b"", ""ʌ"", ""t""]"	"[""h"", ""ʌ"", ""t""]"							6.645173666631628	4.121089720437384	5.383131693534506	3	3		1	1	30537	81								0	0	1			AH T	2	1																
SOUND_0509	Sound	rhyme	1	test					cmusphinx/cmudict	cmudict:rime:EY-M	came	lame		"[""k"", ""eɪ"", ""m""]"	"[""l"", ""eɪ"", ""m""]"							5.6662609689758945	4.038285019075793	4.852272994025844	3	3		1	1	3428	2								0	0	1			EY M	2	1																
SOUND_0510	Sound	rhyme	1	test					cmusphinx/cmudict	cmudict:rime:AA-R-T	cart	smart		"[""k"", ""ɑ"", ""ɹ"", ""t""]"	"[""s"", ""m"", ""ɑ"", ""ɹ"", ""t""]"							3.9561307492917117	4.983422856001933	4.469776802646822	4	5		1	1	176	690								0	0	1			AA R T	3	1																
SOUND_0511	Sound	rhyme	1	test					cmusphinx/cmudict	cmudict:rime:UW	do	zoo		"[""d"", ""uː""]"	"[""z"", ""uː""]"							6.787856206035433	4.135039063512625	5.461447634774029	2	2		1	1	107496	1656								0	0	1			UW	1	1																
SOUND_0512	Sound	rhyme	1	test					cmusphinx/cmudict	cmudict:rime:UW	doo	flu		"[""d"", ""uː""]"	"[""f"", ""l"", ""uː""]"							3.63485250472427	3.9398127940166834	3.7873326493704766	2	3		1	1	1806	22								0	0	1			UW	1	1																
SOUND_0513	Sound	rhyme	1	test					cmusphinx/cmudict	cmudict:rime:UW	doo	loo		"[""d"", ""uː""]"	"[""l"", ""uː""]"							3.63485250472427	3.3752151942185136	3.505033849471392	2	2		1	1	1806	138								0	0	1			UW	1	1																
SOUND_0514	Sound	rhyme	1	test					cmusphinx/cmudict	cmudict:rime:AY-Z	dries	dyes		"[""d"", ""ɹ"", ""aɪ"", ""z""]"	"[""d"", ""aɪ"", ""z""]"							2.973671061277651	2.75482782180102	2.8642494415393354	4	3		1	1	47	3								0	0	1		D	AY Z	3	1																
SOUND_0515	Sound	rhyme	1	test					cmusphinx/cmudict	cmudict:rime:IY	fee	he		"[""f"", ""iː""]"	"[""h"", ""iː""]"							3.9861567728257103	6.8829339408825	5.434545356854105	2	2		1	1	47	71804								0	0	1			IY	1	1																
SOUND_0516	Sound	rhyme	1	test					cmusphinx/cmudict	cmudict:rime:IY	fee	she		"[""f"", ""iː""]"	"[""ʃ"", ""iː""]"							3.9861567728257103	6.572044302738093	5.279100537781902	2	2		1	1	47	36194								0	0	1			IY	1	1																
SOUND_0517	Sound	rhyme	1	test					cmusphinx/cmudict	cmudict:rime:IH-N	fin	tin		"[""f"", ""ɪ"", ""n""]"	"[""t"", ""ɪ"", ""n""]"							3.5329790721846632	3.9368684133699023	3.7349237427772826	3	3		1	1	54	140								0	0	1			IH N	2	1																
SOUND_0518	Sound	rhyme	1	test					cmusphinx/cmudict	cmudict:rime:IH-N	fin	twin		"[""f"", ""ɪ"", ""n""]"	"[""t"", ""w"", ""ɪ"", ""n""]"							3.5329790721846632	4.018341456197112	3.775660264190887	3	4		1	1	54	41								0	0	1			IH N	2	1																
SOUND_0519	Sound	rhyme	1	test					cmusphinx/cmudict	cmudict:rime:IY	flea	we		"[""f"", ""l"", ""iː""]"	"[""w"", ""iː""]"							3.520316528515737	6.954816458448821	5.237566493482279	3	2		1	1	28	63077								0	0	1			IY	1	1																
SOUND_0520	Sound	rhyme	1	test					cmusphinx/cmudict	cmudict:rime:IH-P	flip	skip		"[""f"", ""l"", ""ɪ"", ""p""]"	"[""s"", ""k"", ""ɪ"", ""p""]"							4.154561203215101	4.324242095232434	4.239401649223767	4	4		1	1	372	230								0	0	1			IH P	2	1																
SOUND_0521	Sound	rhyme	1	test					cmusphinx/cmudict	cmudict:rime:AY	fly	ly		"[""f"", ""l"", ""aɪ""]"	"[""l"", ""aɪ""]"							4.929418925714293	2.973671061277651	3.951544993495972	3	2		1	1	1822	5								0	0	1			AY	2	1																
SOUND_0522	Sound	rhyme	1	test					cmusphinx/cmudict	cmudict:rime:AY	fly	sly		"[""f"", ""l"", ""aɪ""]"	"[""s"", ""l"", ""aɪ""]"							4.929418925714293	3.425968732272281	4.177693828993287	3	3		1	1	1822	14								0	0	1			AY	2	1																
SOUND_0523	Sound	rhyme	1	test					cmusphinx/cmudict	cmudict:rime:AH-M	from	numb		"[""f"", ""ɹ"", ""ʌ"", ""m""]"	"[""n"", ""ʌ"", ""m""]"							6.309429754648045	3.6886291709978	4.999029462822922	4	3		1	1	6799	5								0	0	1			AH M	2	1																
SOUND_0524	Sound	rhyme	1	test					cmusphinx/cmudict	cmudict:rime:AH-N-T	front	grunt		"[""f"", ""ɹ"", ""ʌ"", ""n"", ""t""]"	"[""ɡ"", ""ɹ"", ""ʌ"", ""n"", ""t""]"							5.258993907999374	3.3455082673854832	4.3022510876924285	5	5		1	1	966	18								0	0	1			AH N T	4	1																
SOUND_0525	Sound	rhyme	1	test					cmusphinx/cmudict	cmudict:rime:OW	go	quo		"[""ɡ"", ""oʊ""]"	"[""k"", ""w"", ""oʊ""]"							6.578987332834114	3.274701056941632	4.926844194887873	2	3		1	1	63730	1								0	0	1			OW	1	1																
SOUND_0526	Sound	rhyme	1	test					cmusphinx/cmudict	cmudict:rime:UW	grew	shoe		"[""ɡ"", ""ɹ"", ""uː""]"	"[""ʃ"", ""uː""]"							4.4664896316270895	4.482761522072355	4.474625576849722	3	2		1	1	215	2510								0	0	1			UW	1	1																
SOUND_0527	Sound	rhyme	1	test					cmusphinx/cmudict	cmudict:rime:UW	grew	you		"[""ɡ"", ""ɹ"", ""uː""]"	"[""j"", ""uː""]"							4.4664896316270895	7.6217693187691165	6.044129475198103	3	2		1	1	215	405238								0	0	1			UW	1	1																
SOUND_0528	Sound	rhyme	1	test					cmusphinx/cmudict	cmudict:rime:UW	grew	zoo		"[""ɡ"", ""ɹ"", ""uː""]"	"[""z"", ""uː""]"							4.4664896316270895	4.135039063512625	4.300764347569857	3	2		1	1	215	1656								0	0	1			UW	1	1																
SOUND_0529	Sound	rhyme	1	test					cmusphinx/cmudict	cmudict:rime:IY	he	pee		"[""h"", ""iː""]"	"[""p"", ""iː""]"							6.8829339408825	4.258571556641096	5.570752748761798	2	2		1	1	71804	1595								0	0	1			IY	1	1																
SOUND_0530	Sound	rhyme	1	test					cmusphinx/cmudict	cmudict:rime:OW-L-D	hold	sold		"[""h"", ""oʊ"", ""l"", ""d""]"	"[""s"", ""oʊ"", ""l"", ""d""]"							5.6402085409674285	4.716494349319552	5.17835144514349	4	4		1	1	6360	55								0	0	1			OW L D	3	1																
SOUND_0531	Sound	rhyme	1	test					cmusphinx/cmudict	cmudict:rime:IY	key	we		"[""k"", ""iː""]"	"[""w"", ""iː""]"							4.938833550125134	6.954816458448821	5.9468250042869775	2	2		1	1	849	63077								0	0	1			IY	1	1																
SOUND_0532	Sound	rhyme	1	test					cmusphinx/cmudict	cmudict:rime:OW-T	note	wrote		"[""n"", ""oʊ"", ""t""]"	"[""ɹ"", ""oʊ"", ""t""]"							4.728751524041797	4.85221679210262	4.790484158072209	3	3		1	1	112	327								0	0	1			OW T	2	1																
SOUND_0533	Sound	rhyme	1	test					cmusphinx/cmudict	cmudict:rime:AY	pie	pry		"[""p"", ""aɪ""]"	"[""p"", ""ɹ"", ""aɪ""]"							4.458563794207173	3.614649118635983	4.036606456421578	2	3		1	1	2176	9								0	0	1		P	AY	2	1																
SOUND_0534	Sound	rhyme	1	test					cmusphinx/cmudict	cmudict:rime:AE-G	rag	snag		"[""ɹ"", ""æ"", ""ɡ""]"	"[""s"", ""n"", ""æ"", ""ɡ""]"							3.679819650240793	3.2792015581683085	3.4795106042045507	3	4		1	1	63	2								0	0	1			AE G	2	1																
SOUND_0535	Sound	rhyme	1	test					cmusphinx/cmudict	cmudict:rime:EY-T-S	rates	waits		"[""ɹ"", ""eɪ"", ""t"", ""s""]"	"[""w"", ""eɪ"", ""t"", ""s""]"							3.6125761100131175	3.7795681993792503	3.696072154696184	4	4		1	1	3	13								0	0	1			EY T S	3	1																
SOUND_0536	Sound	rhyme	1	test					cmusphinx/cmudict	cmudict:rime:AE-T	sat	stat		"[""s"", ""æ"", ""t""]"	"[""s"", ""t"", ""æ"", ""t""]"							4.456485115795515	3.4477658613671256	3.9521254885813204	3	4		1	1	442	0								0	0	1	unseen_phase1:stat	S	AE T	3	1																
SOUND_0537	Sound	rhyme	1	test					cmusphinx/cmudict	cmudict:rime:IY	she	t		"[""ʃ"", ""iː""]"	"[""t"", ""iː""]"							6.572044302738093	7.157734013687971	6.864889158213032	2	2		1	1	36194	2056								0	0	1			IY	1	1																
SOUND_0538	Sound	rhyme	1	test					cmusphinx/cmudict	cmudict:rime:AA-T	shot	slot		"[""ʃ"", ""ɑ"", ""t""]"	"[""s"", ""l"", ""ɑ"", ""t""]"							5.356850372335657	3.7395878552442827	4.54821911378997	3	4		1	1	418	29								0	0	1			AA T	2	1																
SOUND_0539	Sound	rhyme	1	test					cmusphinx/cmudict	cmudict:rime:ER-K	smirk	work		"[""s"", ""m"", ""ɜː"", ""k""]"	"[""w"", ""ɜː"", ""k""]"							2.905213680621799	5.902013562370102	4.403613621495951	4	3		1	1	2	4417								0	0	1			ER K	2	1																
SOUND_0540	Sound	rhyme	1	test					cmusphinx/cmudict	cmudict:rime:AA-R-T-S	starts	tarts		"[""s"", ""t"", ""ɑ"", ""ɹ"", ""t"", ""s""]"	"[""t"", ""ɑ"", ""ɹ"", ""t"", ""s""]"							4.660716708804195	3.048304679574555	3.8545106941893748	6	5		1	1	398	11								0	0	1			AA R T S	4	1																
SOUND_0541	Sound	unrelated	0	test					cmusphinx/cmudict	cmudict:formal-zero-shared-phone	bathed	na		"[""b"", ""eɪ"", ""ð"", ""d""]"	"[""n"", ""ɑ""]"							3.1436881726211388	3.6955503450778817	3.4196192588495102	4	2		1	1	2	546								0	0	1				0	1																
SOUND_0542	Sound	unrelated	0	test					cmusphinx/cmudict	cmudict:formal-zero-shared-phone	blog	na		"[""b"", ""l"", ""ɑ"", ""ɡ""]"	"[""n"", ""ɑ""]"							2.8109437637799513	3.6955503450778817	3.2532470544289165	4	2		1	1	0	546								0	0	1	unseen_phase1:blog			0	1																
SOUND_0543	Sound	unrelated	0	test					cmusphinx/cmudict	cmudict:formal-zero-shared-phone	bloke	na		"[""b"", ""l"", ""oʊ"", ""k""]"	"[""n"", ""ɑ""]"							3.6690067809585756	3.6955503450778817	3.6822785630182286	4	2		1	1	0	546								0	0	1	unseen_phase1:bloke			0	1																
SOUND_0544	Sound	unrelated	0	test					cmusphinx/cmudict	cmudict:formal-zero-shared-phone	brings	na		"[""b"", ""ɹ"", ""ɪ"", ""ŋ"", ""z""]"	"[""n"", ""ɑ""]"							4.545525409751095	3.6955503450778817	4.120537877414488	5	2		1	1	161	546								0	0	1				0	1																
SOUND_0545	Sound	unrelated	0	test					cmusphinx/cmudict	cmudict:formal-zero-shared-phone	butt	cards		"[""b"", ""ʌ"", ""t""]"	"[""k"", ""ɑ"", ""ɹ"", ""d"", ""z""]"							4.5862341838214	4.681418609026778	4.633826396424089	3	5		1	1	157	611								0	0	1				0	1																
SOUND_0546	Sound	unrelated	0	test					cmusphinx/cmudict	cmudict:formal-zero-shared-phone	by	flux		"[""b"", ""aɪ""]"	"[""f"", ""l"", ""ʌ"", ""k"", ""s""]"							6.127257289406368	3.016705693502853	4.57198149145461	2	5		1	1	5532	0								0	0	1	unseen_phase1:flux			0	1																
SOUND_0547	Sound	unrelated	0	test					cmusphinx/cmudict	cmudict:formal-zero-shared-phone	cards	chaps		"[""k"", ""ɑ"", ""ɹ"", ""d"", ""z""]"	"[""t̠ʃ"", ""æ"", ""p"", ""s""]"							4.681418609026778	3.4097011195578277	4.0455598642923025	5	4		1	1	611	1								0	0	1				0	1																
SOUND_0548	Sound	unrelated	0	test					cmusphinx/cmudict	cmudict:formal-zero-shared-phone	cards	lust		"[""k"", ""ɑ"", ""ɹ"", ""d"", ""z""]"	"[""l"", ""ʌ"", ""s"", ""t""]"							4.681418609026778	3.7457481639491013	4.21358338648794	5	4		1	1	611	0								0	0	1	unseen_phase1:lust			0	1																
SOUND_0549	Sound	unrelated	0	test					cmusphinx/cmudict	cmudict:formal-zero-shared-phone	cards	pee		"[""k"", ""ɑ"", ""ɹ"", ""d"", ""z""]"	"[""p"", ""iː""]"							4.681418609026778	4.258571556641096	4.469995082833937	5	2		1	1	611	1595								0	0	1				0	1																
SOUND_0550	Sound	unrelated	0	test					cmusphinx/cmudict	cmudict:formal-zero-shared-phone	cards	plea		"[""k"", ""ɑ"", ""ɹ"", ""d"", ""z""]"	"[""p"", ""l"", ""iː""]"							4.681418609026778	3.8352552508612434	4.258336929944011	5	3		1	1	611	3								0	0	1				0	1																
SOUND_0551	Sound	unrelated	0	test					cmusphinx/cmudict	cmudict:formal-zero-shared-phone	cards	putt		"[""k"", ""ɑ"", ""ɹ"", ""d"", ""z""]"	"[""p"", ""ʌ"", ""t""]"							4.681418609026778	3.055857817465001	3.8686382132458896	5	3		1	1	611	15								0	0	1				0	1																
SOUND_0552	Sound	unrelated	0	test					cmusphinx/cmudict	cmudict:formal-zero-shared-phone	cards	spy		"[""k"", ""ɑ"", ""ɹ"", ""d"", ""z""]"	"[""s"", ""p"", ""aɪ""]"							4.681418609026778	4.302305457614224	4.491862033320501	5	3		1	1	611	87								0	0	1				0	1																
SOUND_0553	Sound	unrelated	0	test					cmusphinx/cmudict	cmudict:formal-zero-shared-phone	cards	teeth		"[""k"", ""ɑ"", ""ɹ"", ""d"", ""z""]"	"[""t"", ""iː"", ""θ""]"							4.681418609026778	4.679819650240793	4.680619129633786	5	3		1	1	611	2566								0	0	1				0	1																
SOUND_0554	Sound	unrelated	0	test					cmusphinx/cmudict	cmudict:formal-zero-shared-phone	cards	tempt		"[""k"", ""ɑ"", ""ɹ"", ""d"", ""z""]"	"[""t"", ""ɛ"", ""m"", ""p"", ""t""]"							4.681418609026778	3.4030195342013125	4.042219071614046	5	5		1	1	611	4								0	0	1				0	1																
SOUND_0555	Sound	unrelated	0	test					cmusphinx/cmudict	cmudict:formal-zero-shared-phone	cards	then		"[""k"", ""ɑ"", ""ɹ"", ""d"", ""z""]"	"[""ð"", ""ɛ"", ""n""]"							4.681418609026778	6.173049083073725	5.427233846050251	5	3		1	1	611	21109								0	0	1				0	1																
SOUND_0556	Sound	unrelated	0	test					cmusphinx/cmudict	cmudict:formal-zero-shared-phone	cards	tile		"[""k"", ""ɑ"", ""ɹ"", ""d"", ""z""]"	"[""t"", ""aɪ"", ""l""]"							4.681418609026778	3.325853579389013	4.003636094207896	5	3		1	1	611	22								0	0	1				0	1																
SOUND_0557	Sound	unrelated	0	test					cmusphinx/cmudict	cmudict:formal-zero-shared-phone	cards	tin		"[""k"", ""ɑ"", ""ɹ"", ""d"", ""z""]"	"[""t"", ""ɪ"", ""n""]"							4.681418609026778	3.9368684133699023	4.30914351119834	5	3		1	1	611	140								0	0	1				0	1																
SOUND_0558	Sound	unrelated	0	test					cmusphinx/cmudict	cmudict:formal-zero-shared-phone	cards	tu		"[""k"", ""ɑ"", ""ɹ"", ""d"", ""z""]"	"[""t"", ""uː""]"							4.681418609026778	3.5046174283060214	4.0930180186664	5	2		1	1	611	120								0	0	1				0	1																
SOUND_0559	Sound	unrelated	0	test					cmusphinx/cmudict	cmudict:formal-zero-shared-phone	cards	twin		"[""k"", ""ɑ"", ""ɹ"", ""d"", ""z""]"	"[""t"", ""w"", ""ɪ"", ""n""]"							4.681418609026778	4.018341456197112	4.349880032611945	5	4		1	1	611	41								0	0	1				0	1																
SOUND_0560	Sound	unrelated	0	test					cmusphinx/cmudict	cmudict:formal-zero-shared-phone	crass	na		"[""k"", ""ɹ"", ""æ"", ""s""]"	"[""n"", ""ɑ""]"							2.848732324669351	3.6955503450778817	3.2721413348736164	4	2		1	1	0	546								0	0	1	unseen_phase1:crass			0	1																
SOUND_0561	Sound	unrelated	0	test					cmusphinx/cmudict	cmudict:formal-zero-shared-phone	croak	na		"[""k"", ""ɹ"", ""oʊ"", ""k""]"	"[""n"", ""ɑ""]"							3.063281835544208	3.6955503450778817	3.379416090311045	4	2		1	1	26	546								0	0	1				0	1																
SOUND_0562	Sound	unrelated	0	test					cmusphinx/cmudict	cmudict:formal-zero-shared-phone	dab	wuss		"[""d"", ""æ"", ""b""]"	"[""w"", ""ʊ"", ""s""]"							3.048304679574555	3.2701534291909113	3.1592290543827333	3	3		1	1	8	5								0	0	1				0	1																
SOUND_0563	Sound	unrelated	0	test					cmusphinx/cmudict	cmudict:formal-zero-shared-phone	dibs	flux		"[""d"", ""ɪ"", ""b"", ""z""]"	"[""f"", ""l"", ""ʌ"", ""k"", ""s""]"							3.364311831208189	3.016705693502853	3.1905087623555213	4	5		1	1	0	0								0	0	1	unseen_phase1:dibs,flux			0	1																
SOUND_0564	Sound	unrelated	0	test					cmusphinx/cmudict	cmudict:formal-zero-shared-phone	dip	wuss		"[""d"", ""ɪ"", ""p""]"	"[""w"", ""ʊ"", ""s""]"							3.900955857479258	3.2701534291909113	3.585554643335085	3	3		1	1	197	5								0	0	1				0	1																
SOUND_0565	Sound	unrelated	0	test					cmusphinx/cmudict	cmudict:formal-zero-shared-phone	dirt	flux		"[""d"", ""ɜː"", ""t""]"	"[""f"", ""l"", ""ʌ"", ""k"", ""s""]"							4.409701119557828	3.016705693502853	3.71320340653034	3	5		1	1	532	0								0	0	1	unseen_phase1:flux			0	1																
SOUND_0566	Sound	unrelated	0	test					cmusphinx/cmudict	cmudict:formal-zero-shared-phone	drip	wuss		"[""d"", ""ɹ"", ""ɪ"", ""p""]"	"[""w"", ""ʊ"", ""s""]"							3.7090703312403446	3.2701534291909113	3.489611880215628	4	3		1	1	122	5								0	0	1				0	1																
SOUND_0567	Sound	unrelated	0	test					cmusphinx/cmudict	cmudict:formal-zero-shared-phone	dwarfs	na		"[""d"", ""w"", ""ɔ"", ""ɹ"", ""f"", ""s""]"	"[""n"", ""ɑ""]"							3.0327925133963074	3.6955503450778817	3.3641714292370946	6	2		1	1	33	546								0	0	1				0	1																
SOUND_0568	Sound	unrelated	0	test					cmusphinx/cmudict	cmudict:formal-zero-shared-phone	dweeb	flux		"[""d"", ""w"", ""iː"", ""b""]"	"[""f"", ""l"", ""ʌ"", ""k"", ""s""]"							2.7395878552442827	3.016705693502853	2.878146774373568	4	5		1	1	0	0								0	0	1	unseen_phase1:dweeb,flux			0	1																
SOUND_0569	Sound	unrelated	0	test					cmusphinx/cmudict	cmudict:formal-zero-shared-phone	dyes	wuss		"[""d"", ""aɪ"", ""z""]"	"[""w"", ""ʊ"", ""s""]"							2.75482782180102	3.2701534291909113	3.012490625495966	3	3		1	1	3	5								0	0	1				0	1																
SOUND_0570	Sound	unrelated	0	test					cmusphinx/cmudict	cmudict:formal-zero-shared-phone	fate	wuss		"[""f"", ""eɪ"", ""t""]"	"[""w"", ""ʊ"", ""s""]"							4.430732522068345	3.2701534291909113	3.850442975629628	3	3		1	1	2	5								0	0	1				0	1																
SOUND_0571	Sound	unrelated	0	test					cmusphinx/cmudict	cmudict:formal-zero-shared-phone	flag	wuss		"[""f"", ""l"", ""æ"", ""ɡ""]"	"[""w"", ""ʊ"", ""s""]"							4.2427946782781865	3.2701534291909113	3.756474053734549	4	3		1	1	188	5								0	0	1				0	1																
SOUND_0572	Sound	unrelated	0	test					cmusphinx/cmudict	cmudict:formal-zero-shared-phone	flux	harm		"[""f"", ""l"", ""ʌ"", ""k"", ""s""]"	"[""h"", ""ɑ"", ""ɹ"", ""m""]"							3.016705693502853	4.502212838750578	3.759459266126716	5	4		1	1	0	13								0	0	1	unseen_phase1:flux			0	1																
SOUND_0573	Sound	unrelated	0	test					cmusphinx/cmudict	cmudict:formal-zero-shared-phone	flux	hep		"[""f"", ""l"", ""ʌ"", ""k"", ""s""]"	"[""h"", ""ɛ"", ""p""]"							3.016705693502853	3.2792015581683085	3.147953625835581	5	3		1	1	0	1								0	0	1	unseen_phase1:flux			0	1																
SOUND_0574	Sound	unrelated	0	test					cmusphinx/cmudict	cmudict:formal-zero-shared-phone	flux	meet		"[""f"", ""l"", ""ʌ"", ""k"", ""s""]"	"[""m"", ""iː"", ""t""]"							3.016705693502853	5.54688121924708	4.281793456374967	5	3		1	1	0	540								0	0	1	unseen_phase1:flux			0	1																
SOUND_0575	Sound	unrelated	0	test					cmusphinx/cmudict	cmudict:formal-zero-shared-phone	flux	nip		"[""f"", ""l"", ""ʌ"", ""k"", ""s""]"	"[""n"", ""ɪ"", ""p""]"							3.016705693502853	3.50991376811597	3.2633097308094117	5	3		1	1	0	22								0	0	1	unseen_phase1:flux			0	1																
SOUND_0576	Sound	unrelated	0	test					cmusphinx/cmudict	cmudict:formal-zero-shared-phone	flux	pain		"[""f"", ""l"", ""ʌ"", ""k"", ""s""]"	"[""p"", ""eɪ"", ""n""]"							3.016705693502853	4.990965316464065	4.003835504983459	5	3		1	1	0	62								0	0	1	unseen_phase1:flux			0	1																
SOUND_0577	Sound	unrelated	0	test					cmusphinx/cmudict	cmudict:formal-zero-shared-phone	flux	paw		"[""f"", ""l"", ""ʌ"", ""k"", ""s""]"	"[""p"", ""ɔ""]"							3.016705693502853	3.493826948222515	3.2552663208626837	5	2		1	1	0	116								0	0	1	unseen_phase1:flux			0	1																
SOUND_0578	Sound	unrelated	0	test					cmusphinx/cmudict	cmudict:formal-zero-shared-phone	flux	prod		"[""f"", ""l"", ""ʌ"", ""k"", ""s""]"	"[""p"", ""ɹ"", ""ɑ"", ""d""]"							3.016705693502853	2.8364978682523394	2.926601780877596	5	4		1	1	0	1								0	0	1	unseen_phase1:flux			0	1																
SOUND_0579	Sound	unrelated	0	test					cmusphinx/cmudict	cmudict:formal-zero-shared-phone	flux	pros		"[""f"", ""l"", ""ʌ"", ""k"", ""s""]"	"[""p"", ""ɹ"", ""oʊ"", ""z""]"							3.016705693502853	3.4855544222565253	3.2511300578796893	5	4		1	1	0	1								0	0	1	unseen_phase1:flux			0	1																
SOUND_0580	Sound	unrelated	0	test					cmusphinx/cmudict	cmudict:formal-zero-shared-phone	flux	rash		"[""f"", ""l"", ""ʌ"", ""k"", ""s""]"	"[""ɹ"", ""æ"", ""ʃ""]"							3.016705693502853	3.905213680621799	3.460959687062326	5	3		1	1	0	60								0	0	1	unseen_phase1:flux			0	1																
SOUND_0581	Sound	unrelated	0	test					cmusphinx/cmudict	cmudict:formal-zero-shared-phone	flux	sham		"[""f"", ""l"", ""ʌ"", ""k"", ""s""]"	"[""ʃ"", ""æ"", ""m""]"							3.016705693502853	3.1789205490745456	3.0978131212886995	5	3		1	1	0	5								0	0	1	unseen_phase1:flux			0	1																
SOUND_0582	Sound	unrelated	0	test					cmusphinx/cmudict	cmudict:formal-zero-shared-phone	flux	she		"[""f"", ""l"", ""ʌ"", ""k"", ""s""]"	"[""ʃ"", ""iː""]"							3.016705693502853	6.572044302738093	4.794374998120473	5	2		1	1	0	36194								0	0	1	unseen_phase1:flux			0	1																
SOUND_0583	Sound	unrelated	0	test					cmusphinx/cmudict	cmudict:formal-zero-shared-phone	flux	vent		"[""f"", ""l"", ""ʌ"", ""k"", ""s""]"	"[""v"", ""ɛ"", ""n"", ""t""]"							3.016705693502853	3.644612342013426	3.3306590177581397	5	4		1	1	0	8								0	0	1	unseen_phase1:flux			0	1																
SOUND_0584	Sound	unrelated	0	test					cmusphinx/cmudict	cmudict:formal-zero-shared-phone	flux	vet		"[""f"", ""l"", ""ʌ"", ""k"", ""s""]"	"[""v"", ""ɛ"", ""t""]"							3.016705693502853	3.763721534961002	3.3902136142319277	5	3		1	1	0	21								0	0	1	unseen_phase1:flux			0	1																
SOUND_0585	Sound	unrelated	0	test					cmusphinx/cmudict	cmudict:formal-zero-shared-phone	flux	wave		"[""f"", ""l"", ""ʌ"", ""k"", ""s""]"	"[""w"", ""eɪ"", ""v""]"							3.016705693502853	4.327459106104431	3.6720823998036423	5	3		1	1	0	302								0	0	1	unseen_phase1:flux			0	1																
SOUND_0586	Sound	unrelated	0	test					cmusphinx/cmudict	cmudict:formal-zero-shared-phone	flux	woes		"[""f"", ""l"", ""ʌ"", ""k"", ""s""]"	"[""w"", ""oʊ"", ""z""]"							3.016705693502853	2.723793588061051	2.870249640781952	5	3		1	1	0	0								0	0	1	unseen_phase1:flux,woes			0	1																
SOUND_0587	Sound	unrelated	0	test					cmusphinx/cmudict	cmudict:formal-zero-shared-phone	free	wuss		"[""f"", ""ɹ"", ""iː""]"	"[""w"", ""ʊ"", ""s""]"							5.249270314061297	3.2701534291909113	4.259711871626104	3	3		1	1	387	5								0	0	1				0	1																
SOUND_0588	Sound	unrelated	0	test					cmusphinx/cmudict	cmudict:formal-zero-shared-phone	heats	na		"[""h"", ""iː"", ""t"", ""s""]"	"[""n"", ""ɑ""]"							2.7837915177363364	3.6955503450778817	3.239670931407109	4	2		1	1	1	546								0	0	1				0	1																
SOUND_0589	Sound	unrelated	0	test					cmusphinx/cmudict	cmudict:formal-zero-shared-phone	held	na		"[""h"", ""ɛ"", ""l"", ""d""]"	"[""n"", ""ɑ""]"							4.627887724591448	3.6955503450778817	4.161719034834665	4	2		1	1	118	546								0	0	1				0	1																
SOUND_0590	Sound	unrelated	0	test					cmusphinx/cmudict	cmudict:formal-zero-shared-phone	horn	wuss		"[""h"", ""ɔ"", ""ɹ"", ""n""]"	"[""w"", ""ʊ"", ""s""]"							4.323838288153688	3.2701534291909113	3.7969958586722994	4	3		1	1	413	5								0	0	1				0	1																
SOUND_0591	Sound	unrelated	0	test					cmusphinx/cmudict	cmudict:formal-zero-shared-phone	jib	na		"[""d̠ʒ"", ""ɪ"", ""b""]"	"[""n"", ""ɑ""]"							2.848732324669351	3.6955503450778817	3.2721413348736164	3	2		1	1	0	546								0	0	1	unseen_phase1:jib			0	1																
SOUND_0592	Sound	unrelated	0	test					cmusphinx/cmudict	cmudict:formal-zero-shared-phone	kits	na		"[""k"", ""ɪ"", ""t"", ""s""]"	"[""n"", ""ɑ""]"							3.016705693502853	3.6955503450778817	3.3561280192903675	4	2		1	1	14	546								0	0	1				0	1																
SOUND_0593	Sound	unrelated	0	test					cmusphinx/cmudict	cmudict:formal-zero-shared-phone	lobes	na		"[""l"", ""oʊ"", ""b"", ""z""]"	"[""n"", ""ɑ""]"							2.7837915177363364	3.6955503450778817	3.239670931407109	4	2		1	1	1	546								0	0	1				0	1																
SOUND_0594	Sound	unrelated	0	test					cmusphinx/cmudict	cmudict:formal-zero-shared-phone	mates	na		"[""m"", ""eɪ"", ""t"", ""s""]"	"[""n"", ""ɑ""]"							3.678036097500376	3.6955503450778817	3.686793221289129	4	2		1	1	5	546								0	0	1				0	1																
SOUND_0595	Sound	unrelated	0	test					cmusphinx/cmudict	cmudict:formal-zero-shared-phone	me	na		"[""m"", ""iː""]"	"[""n"", ""ɑ""]"							6.965763199974124	3.6955503450778817	5.3306567725260035	2	2		1	1	65148	546								0	0	1				0	1																
SOUND_0596	Sound	unrelated	0	test					cmusphinx/cmudict	cmudict:formal-zero-shared-phone	mute	na		"[""m"", ""j"", ""uː"", ""t""]"	"[""n"", ""ɑ""]"							3.3962335448580205	3.6955503450778817	3.545891944967951	4	2		1	1	1	546								0	0	1				0	1																
SOUND_0597	Sound	unrelated	0	test					cmusphinx/cmudict	cmudict:formal-zero-shared-phone	mute	wuss		"[""m"", ""j"", ""uː"", ""t""]"	"[""w"", ""ʊ"", ""s""]"							3.3962335448580205	3.2701534291909113	3.3331934870244657	4	3		1	1	1	5								0	0	1				0	1																
SOUND_0598	Sound	unrelated	0	test					cmusphinx/cmudict	cmudict:formal-zero-shared-phone	na	pipes		"[""n"", ""ɑ""]"	"[""p"", ""aɪ"", ""p"", ""s""]"							3.6955503450778817	3.869921623739289	3.7827359844085855	2	4		1	1	546	56								0	0	1				0	1																
SOUND_0599	Sound	unrelated	0	test					cmusphinx/cmudict	cmudict:formal-zero-shared-phone	na	see		"[""n"", ""ɑ""]"	"[""s"", ""iː""]"							3.6955503450778817	6.407684101318111	5.051617223197996	2	2		1	1	546	60705								0	0	1				0	1																
SOUND_0600	Sound	unrelated	0	test					cmusphinx/cmudict	cmudict:formal-zero-shared-phone	na	seeks		"[""n"", ""ɑ""]"	"[""s"", ""iː"", ""k"", ""s""]"							3.6955503450778817	3.456782679686501	3.5761665123821915	2	4		1	1	546	1								0	0	1				0	1																
SOUND_0601	Sound	unrelated	0	test					cmusphinx/cmudict	cmudict:formal-zero-shared-phone	na	sixth		"[""n"", ""ɑ""]"	"[""s"", ""ɪ"", ""k"", ""s"", ""θ""]"							3.6955503450778817	4.033581422753849	3.864565883915865	2	5		1	1	546	67								0	0	1				0	1																
SOUND_0602	Sound	unrelated	0	test					cmusphinx/cmudict	cmudict:formal-zero-shared-phone	na	skit		"[""n"", ""ɑ""]"	"[""s"", ""k"", ""ɪ"", ""t""]"							3.6955503450778817	2.915679114299964	3.305614729688923	2	4		1	1	546	9								0	0	1				0	1																
SOUND_0603	Sound	unrelated	0	test					cmusphinx/cmudict	cmudict:formal-zero-shared-phone	na	smiled		"[""n"", ""ɑ""]"	"[""s"", ""m"", ""aɪ"", ""l"", ""d""]"							3.6955503450778817	3.6921035453831017	3.6938269452304917	2	5		1	1	546	53								0	0	1				0	1																
SOUND_0604	Sound	unrelated	0	test					cmusphinx/cmudict	cmudict:formal-zero-shared-phone	na	source		"[""n"", ""ɑ""]"	"[""s"", ""ɔ"", ""ɹ"", ""s""]"							3.6955503450778817	4.44988659203629	4.072718468557086	2	4		1	1	546	16								0	0	1				0	1																
SOUND_0605	Sound	unrelated	0	test					cmusphinx/cmudict	cmudict:formal-zero-shared-phone	na	spread		"[""n"", ""ɑ""]"	"[""s"", ""p"", ""ɹ"", ""ɛ"", ""d""]"							3.6955503450778817	4.495462710916774	4.095506527997328	2	5		1	1	546	199								0	0	1				0	1																
SOUND_0606	Sound	unrelated	0	test					cmusphinx/cmudict	cmudict:formal-zero-shared-phone	na	tank		"[""n"", ""ɑ""]"	"[""t"", ""æ"", ""ŋ"", ""k""]"							3.6955503450778817	4.408373000841118	4.0519616729595	2	4		1	1	546	220								0	0	1				0	1																
SOUND_0607	Sound	unrelated	0	test					cmusphinx/cmudict	cmudict:formal-zero-shared-phone	na	tell		"[""n"", ""ɑ""]"	"[""t"", ""ɛ"", ""l""]"							3.6955503450778817	6.236660729697238	4.96610553738756	2	3		1	1	546	17927								0	0	1				0	1																
SOUND_0608	Sound	unrelated	0	test					cmusphinx/cmudict	cmudict:formal-zero-shared-phone	na	theft		"[""n"", ""ɑ""]"	"[""θ"", ""ɛ"", ""f"", ""t""]"							3.6955503450778817	3.8289882664735937	3.762269305775738	2	4		1	1	546	0								0	0	1	unseen_phase1:theft			0	1																
SOUND_0609	Sound	unrelated	0	test					cmusphinx/cmudict	cmudict:formal-zero-shared-phone	na	ting		"[""n"", ""ɑ""]"	"[""t"", ""ɪ"", ""ŋ""]"							3.6955503450778817	3.1119737594439325	3.403762052260907	2	3		1	1	546	38								0	0	1				0	1																
SOUND_0610	Sound	unrelated	0	test					cmusphinx/cmudict	cmudict:formal-zero-shared-phone	na	vexed		"[""n"", ""ɑ""]"	"[""v"", ""ɛ"", ""k"", ""s"", ""t""]"							3.6955503450778817	2.6726410656136697	3.1840957053457757	2	5		1	1	546	1								0	0	1				0	1																
SOUND_0611	Sound	unrelated	0	test					cmusphinx/cmudict	cmudict:formal-zero-shared-phone	na	vice		"[""n"", ""ɑ""]"	"[""v"", ""aɪ"", ""s""]"							3.6955503450778817	4.270153429190911	3.9828518871343963	2	3		1	1	546	13								0	0	1				0	1																
SOUND_0612	Sound	unrelated	0	test					cmusphinx/cmudict	cmudict:formal-zero-shared-phone	na	votes		"[""n"", ""ɑ""]"	"[""v"", ""oʊ"", ""t"", ""s""]"							3.6955503450778817	3.894489815230026	3.7950200801539538	2	4		1	1	546	5								0	0	1				0	1																
SOUND_0613	Sound	unrelated	0	test					cmusphinx/cmudict	cmudict:formal-zero-shared-phone	na	vows		"[""n"", ""ɑ""]"	"[""v"", ""aʊ"", ""z""]"							3.6955503450778817	3.812257817677782	3.753904081377832	2	3		1	1	546	0								0	0	1	unseen_phase1:vows			0	1																
SOUND_0614	Sound	unrelated	0	test					cmusphinx/cmudict	cmudict:formal-zero-shared-phone	na	wuss		"[""n"", ""ɑ""]"	"[""w"", ""ʊ"", ""s""]"							3.6955503450778817	3.2701534291909113	3.4828518871343963	2	3		1	1	546	5								0	0	1				0	1																
SOUND_0615	Sound	unrelated	0	test					cmusphinx/cmudict	cmudict:formal-zero-shared-phone	puke	wuss		"[""p"", ""j"", ""uː"", ""k""]"	"[""w"", ""ʊ"", ""s""]"							3.7962205069592447	3.2701534291909113	3.533186968075078	4	3		1	1	9	5								0	0	1				0	1																
SOUND_0616	Sound	unrelated	0	test					cmusphinx/cmudict	cmudict:formal-zero-shared-phone	shores	smirk		"[""ʃ"", ""ɔ"", ""ɹ"", ""z""]"	"[""s"", ""m"", ""ɜː"", ""k""]"							3.3010299956639813	2.905213680621799	3.10312183814289	4	4		1	1	0	2								0	0	1	unseen_phase1:shores			0	1																
SOUND_0617	Sound	unrelated	0	test					cmusphinx/cmudict	cmudict:formal-zero-shared-phone	shores	spunk		"[""ʃ"", ""ɔ"", ""ɹ"", ""z""]"	"[""s"", ""p"", ""ʌ"", ""ŋ"", ""k""]"							3.3010299956639813	3.1249387366083	3.2129843661361406	4	5		1	1	0	0								0	0	1	unseen_phase1:shores,spunk			0	1																
SOUND_0618	Sound	unrelated	0	test					cmusphinx/cmudict	cmudict:formal-zero-shared-phone	tank	wuss		"[""t"", ""æ"", ""ŋ"", ""k""]"	"[""w"", ""ʊ"", ""s""]"							4.408373000841118	3.2701534291909113	3.8392632150160146	4	3		1	1	220	5								0	0	1				0	1																
SOUND_0619	Sound	unrelated	0	test					cmusphinx/cmudict	cmudict:formal-zero-shared-phone	vows	wuss		"[""v"", ""aʊ"", ""z""]"	"[""w"", ""ʊ"", ""s""]"							3.812257817677782	3.2701534291909113	3.5412056234343465	3	3		1	1	0	5								0	0	1	unseen_phase1:vows			0	1																
SOUND_0620	Sound	unrelated	0	test					cmusphinx/cmudict	cmudict:formal-zero-shared-phone	wuss	zing		"[""w"", ""ʊ"", ""s""]"	"[""z"", ""ɪ"", ""ŋ""]"							3.2701534291909113	3.070581074285707	3.170367251738309	3	3		1	1	5	9								0	0	1				0	1																
