item_id	task	condition	binary_label	split	stimulus_origin	adaptation_eligibility	original_trial_type	original_stimulus_file	source_resource	source_record_id	word1	word2	sentence	word1_ipa	word2_ipa	sentence_ipa	template_id	critical_word	critical_region	association_forward	association_backward	word1_subtlex	word2_subtlex	mean_content_subtlex	word1_n_phonemes	word2_n_phonemes	sentence_n_phonemes	word1_n_syllables	word2_n_syllables	childes_count_word1	childes_count_word2	subject	verb_lemma	verb_surface	object_lemma	object_surface	number_word	negation	overlap_ds003604_exact	overlap_ds003604_critical_vocab	qc_pass	qc_notes	shared_onset	shared_rime	shared_phoneme_count	phonological_relation_verified	cue	target	FSG	BSG	verb_object_FSG	verb_object_BSG	congruence_level	template_family	grammar_subtype	violation_type	violation_location	expected_form	observed_form	childes_count_verb	childes_count_object	content_word_childes_counts
CAND_MEANING_000001	Meaning	high_association	1		plus	candidate_pending_human_review			USF Appendix A	USF:Cue_Target_Pairs.A-B:1940	anatomy	body								0.607	0.0	3.5046174283060214	5.291212093733799	4.39791476101991	7	4		4	2																																	
CAND_MEANING_000002	Meaning	high_association	1		plus	candidate_pending_human_review			USF Appendix A	USF:Cue_Target_Pairs.D-F:1264	depressed	sad								0.527	0.045	4.211507916278137	4.801901176004613	4.506704546141375	7	3		2	1																																	
CAND_MEANING_000003	Meaning	high_association	1		plus	candidate_pending_human_review			USF Appendix A	USF:Cue_Target_Pairs.D-F:8421	flavor	taste								0.5	0.024	3.6989700043360187	4.710233546541945	4.204601775438982	5	4		2	1																																	
CAND_MEANING_000004	Meaning	high_association	1		plus	candidate_pending_human_review			USF Appendix A	USF:Cue_Target_Pairs.S:1580	seed	plant								0.436	0.039	3.8790171285738184	4.441032478708157	4.160024803640988	3	5		1	1																																	
CAND_MEANING_000005	Meaning	high_association	1		plus	candidate_pending_human_review			USF Appendix A	USF:Cue_Target_Pairs.S:3642	sky	blue								0.522	0.284	4.6513160283079324	5.010266691388989	4.830791359848461	3	3		1	1																																	
CAND_MEANING_000006	Meaning	high_association	1		plus	candidate_pending_human_review			USF Appendix A	USF:Cue_Target_Pairs.D-F:7482	feathers	bird								0.692	0.0	3.756322812887971	4.6575432555296405	4.206933034208806	5	3		2	1																																	
CAND_MEANING_000007	Meaning	high_association	1		plus	candidate_pending_human_review			USF Appendix A	USF:Cue_Target_Pairs.G-K:156	garage	car								0.519	0.0	4.4348192900209	5.68400001932028	5.05940965467059	4	3		2	1																																	
CAND_MEANING_000008	Meaning	high_association	1		plus	candidate_pending_human_review			USF Appendix A	USF:Cue_Target_Pairs.D-F:5670	esteem	self								0.584	0.028	3.226928275145631	4.150967021471702	3.688947648308667	5	4		2	1																																	
CAND_MEANING_000009	Meaning	high_association	1		plus	candidate_pending_human_review			USF Appendix A	USF:Cue_Target_Pairs.S:2304	shatter	break								0.419	0.044	3.1497623203333323	5.344546374452062	4.247154347392697	4	4		2	1																																	
CAND_MEANING_000010	Meaning	high_association	1		plus	candidate_pending_human_review			USF Appendix A	USF:Cue_Target_Pairs.P-R:6321	racket	ball								0.403	0.0	3.871069033870136	5.021027067285495	4.446048050577815	5	3		2	1																																	
CAND_MEANING_000011	Meaning	high_association	1		plus	candidate_pending_human_review			USF Appendix A	USF:Cue_Target_Pairs.S:2683	shortcake	strawberry								0.621	0.106	2.7074031718728815	3.7426789322214247	3.2250410520471533	7	8		2	3																																	
CAND_MEANING_000012	Meaning	high_association	1		plus	candidate_pending_human_review			USF Appendix A	USF:Cue_Target_Pairs.P-R:2900	plead	beg								0.493	0.25	3.845098040014257	4.7074031718728815	4.276250605943569	4	3		1	1																																	
CAND_MEANING_000013	Meaning	high_association	1		plus	candidate_pending_human_review			USF Appendix A	USF:Cue_Target_Pairs.C:3702	coffin	dead								0.403	0.0	3.9561307492917117	5.652227374936464	4.804179062114088	5	3		2	1																																	
CAND_MEANING_000014	Meaning	high_association	1		plus	candidate_pending_human_review			USF Appendix A	USF:Cue_Target_Pairs.A-B:3196	astrology	star								0.662	0.0	2.9645276818377813	4.9103732587310365	3.937450470284409	9	4		4	1																																	
CAND_MEANING_000015	Meaning	high_association	1		plus	candidate_pending_human_review			USF Appendix A	USF:Cue_Target_Pairs.G-K:7466	jog	run								0.783	0.14	3.3823349353414613	5.544748756843717	4.463541846092589	3	3		1	1																																	
CAND_MEANING_000016	Meaning	high_association	1		plus	candidate_pending_human_review			USF Appendix A	USF:Cue_Target_Pairs.A-B:7736	brunette	blonde								0.571	0.238	3.542849826210958	4.143688172621139	3.8432689994160483	6	5		2	1																																	
CAND_MEANING_000017	Meaning	high_association	1		plus	candidate_pending_human_review			USF Appendix A	USF:Cue_Target_Pairs.D-F:4267	earn	money								0.462	0.0	4.186191585960007	5.806698582254281	4.996445084107144	2	4		1	2																																	
CAND_MEANING_000018	Meaning	high_association	1		plus	candidate_pending_human_review			USF Appendix A	USF:Cue_Target_Pairs.D-F:8081	finished	done								0.547	0.0	4.922755978706011	5.685776852968543	5.304266415837277	6	3		2	1																																	
CAND_MEANING_000019	Meaning	high_association	1		plus	candidate_pending_human_review			USF Appendix A	USF:Cue_Target_Pairs.T-Z:1222	theater	movie								0.439	0.162	4.38092029408446	5.089766624677413	4.735343459380936	5	4		3	2																																	
CAND_MEANING_000020	Meaning	high_association	1		plus	candidate_pending_human_review			USF Appendix A	USF:Cue_Target_Pairs.S:4055	slumber	sleep								0.514	0.0	3.4385578595803015	5.357822785464055	4.398190322522178	6	4		2	1																																	
CAND_MEANING_000021	Meaning	high_association	1		plus	candidate_pending_human_review			USF Appendix A	USF:Cue_Target_Pairs.C:1455	cent	penny								0.486	0.0	3.976376954653576	4.3855011302781275	4.180939042465852	4	4		1	2																																	
CAND_MEANING_000022	Meaning	high_association	1		plus	candidate_pending_human_review			USF Appendix A	USF:Cue_Target_Pairs.L-O:7739	oak	tree								0.795	0.041	3.748795857031107	4.812913356642856	4.280854606836981	2	3		1	1																																	
CAND_MEANING_000023	Meaning	high_association	1		plus	candidate_pending_human_review			USF Appendix A	USF:Cue_Target_Pairs.G-K:7564	joyous	happy								0.667	0.0	3.131278914639319	5.522699881313269	4.326989397976294	4	4		2	2																																	
CAND_MEANING_000024	Meaning	high_association	1		plus	candidate_pending_human_review			USF Appendix A	USF:Cue_Target_Pairs.P-R:1344	pen	pencil								0.594	0.476	4.393144910475145	3.993997808957991	4.193571359716568	3	6		1	2																																	
CAND_MEANING_000025	Meaning	high_association	1		plus	candidate_pending_human_review			USF Appendix A	USF:Cue_Target_Pairs.L-O:4870	mink	coat								0.517	0.014	3.568891628075308	4.624059541531996	4.0964755848036525	4	3		1	1																																	
CAND_MEANING_000026	Meaning	high_association	1		plus	candidate_pending_human_review			USF Appendix A	USF:Cue_Target_Pairs.A-B:7686	brother	sister								0.746	0.538	5.453228377440418	5.256547967053549	5.354888172246984	5	5		2	2																																	
CAND_MEANING_000027	Meaning	high_association	1		plus	candidate_pending_human_review			USF Appendix A	USF:Cue_Target_Pairs.P-R:6440	railroad	train								0.5	0.045	4.094519081783797	4.977992435060294	4.536255758422046	6	4		2	1																																	
CAND_MEANING_000028	Meaning	high_association	1		plus	candidate_pending_human_review			USF Appendix A	USF:Cue_Target_Pairs.S:2493	shine	sun								0.449	0.087	4.314858195087551	4.843025031391392	4.578941613239471	3	3		1	1																																	
CAND_MEANING_000029	Meaning	high_association	1		plus	candidate_pending_human_review			USF Appendix A	USF:Cue_Target_Pairs.G-K:5396	icing	cake								0.812	0.054	3.1436881726211388	4.65377984825433	3.8987340104377344	4	3		2	1																																	
CAND_MEANING_000030	Meaning	high_association	1		plus	candidate_pending_human_review			USF Appendix A	USF:Cue_Target_Pairs.C:1997	checking	account								0.44	0.035	4.511490156350925	4.650364670902517	4.580927413626721	5	5		2	2																																	
CAND_MEANING_000031	Meaning	high_association	1		plus	candidate_pending_human_review			USF Appendix A	USF:Cue_Target_Pairs.G-K:7876	ketchup	mustard								0.479	0.584	3.7837915177363364	3.809625721852038	3.7967086197941873	5	6		2	2																																	
CAND_MEANING_000032	Meaning	high_association	1		plus	candidate_pending_human_review			USF Appendix A	USF:Cue_Target_Pairs.D-F:8525	flight	airplane								0.669	0.051	4.775874472000599	4.038285019075793	4.407079745538196	4	6		1	2																																	
CAND_MEANING_000033	Meaning	high_association	1		plus	candidate_pending_human_review			USF Appendix A	USF:Cue_Target_Pairs.G-K:1621	grasp	hold								0.533	0.108	3.6597857449280826	5.6402085409674285	4.649997142947756	5	4		1	1																																	
CAND_MEANING_000034	Meaning	high_association	1		plus	candidate_pending_human_review			USF Appendix A	USF:Cue_Target_Pairs.P-R:7540	regulations	rules								0.662	0.178	3.8043131848809377	4.828735696253097	4.316524440567017	11	4		4	1																																	
CAND_MEANING_000035	Meaning	high_association	1		plus	candidate_pending_human_review			USF Appendix A	USF:Cue_Target_Pairs.T-Z:531	taxi	cab								0.537	0.386	4.412345234160055	4.553930597100344	4.483137915630199	5	3		2	1																																	
CAND_MEANING_000036	Meaning	high_association	1		plus	candidate_pending_human_review			USF Appendix A	USF:Cue_Target_Pairs.S:4393	sneaker	shoe								0.628	0.045	2.8364978682523394	4.482761522072355	3.659629695162347	5	2		2	1																																	
CAND_MEANING_000037	Meaning	high_association	1		plus	candidate_pending_human_review			USF Appendix A	USF:Cue_Target_Pairs.L-O:2880	malaria	disease								0.426	0.0	3.2218487496163566	4.417911089602658	3.819879919609507	7	5		4	2																																	
CAND_MEANING_000038	Meaning	high_association	1		plus	candidate_pending_human_review			USF Appendix A	USF:Cue_Target_Pairs.S:1070	scrambled	eggs								0.66	0.0	3.857095888154153	4.587116448181507	4.22210616816783	9	3		2	1																																	
CAND_MEANING_000039	Meaning	high_association	1		plus	candidate_pending_human_review			USF Appendix A	USF:Cue_Target_Pairs.G-K:4453	honey	sweet								0.451	0.0	5.477830307092516	5.1619548867592915	5.319892596925904	4	4		2	1																																	
CAND_MEANING_000040	Meaning	high_association	1		plus	candidate_pending_human_review			USF Appendix A	USF:Cue_Target_Pairs.S:1940	serpent	snake								0.568	0.018	3.2880650184996134	4.349334675238536	3.818699846869075	6	4		2	1																																	
CAND_MEANING_000041	Meaning	high_association	1		plus	candidate_pending_human_review			USF Appendix A	USF:Cue_Target_Pairs.T-Z:4771	up	down								0.845	0.581	6.564666064252089	6.173266273185671	6.36896616871888	2	3		1	1																																	
CAND_MEANING_000042	Meaning	high_association	1		plus	candidate_pending_human_review			USF Appendix A	USF:Cue_Target_Pairs.A-B:7429	brick	house								0.404	0.012	4.007597181750521	5.710963118995275	4.859280150372898	4	3		1	1																																	
CAND_MEANING_000043	Meaning	high_association	1		plus	candidate_pending_human_review			USF Appendix A	USF:Cue_Target_Pairs.P-R:2697	plasma	blood								0.818	0.051	3.697263540522002	5.269787553447365	4.4835255469846835	6	4		2	1																																	
CAND_MEANING_000044	Meaning	high_association	1		plus	candidate_pending_human_review			USF Appendix A	USF:Cue_Target_Pairs.D-F:1095	denim	jeans								0.815	0.047	2.8109437637799513	3.8200597247734023	3.315501744276677	5	4		2	1																																	
CAND_MEANING_000045	Meaning	high_association	1		plus	candidate_pending_human_review			USF Appendix A	USF:Cue_Target_Pairs.A-B:3125	assistant	helper								0.4	0.229	4.5080673873371255	3.3052670486072357	3.9066672179721804	8	5		3	2																																	
CAND_MEANING_000046	Meaning	high_association	1		plus	candidate_pending_human_review			USF Appendix A	USF:Cue_Target_Pairs.C:3326	closing	opening								0.48	0.507	4.417259973315923	4.58468589525854	4.5009729342872316	6	6		2	3																																	
CAND_MEANING_000047	Meaning	high_association	1		plus	candidate_pending_human_review			USF Appendix A	USF:Cue_Target_Pairs.L-O:9054	over	under								0.542	0.48	6.121656381961456	5.418171263030779	5.769913822496117	3	4		2	2																																	
CAND_MEANING_000048	Meaning	high_association	1		plus	candidate_pending_human_review			USF Appendix A	USF:Cue_Target_Pairs.S:2656	shopping	mall								0.514	0.261	4.477121254719663	4.276506857804894	4.376814056262278	5	3		2	1																																	
CAND_MEANING_000049	Meaning	high_association	1		plus	candidate_pending_human_review			USF Appendix A	USF:Cue_Target_Pairs.T-Z:1856	tile	floor								0.578	0.17	3.325853579389013	5.002716471604955	4.164285025496984	3	4		1	1																																	
CAND_MEANING_000050	Meaning	high_association	1		plus	candidate_pending_human_review			USF Appendix A	USF:Cue_Target_Pairs.L-O:5871	motor	car								0.443	0.0	4.119152344071056	5.68400001932028	4.901576181695668	4	3		2	1																																	
CAND_MEANING_000051	Meaning	high_association	1		plus	candidate_pending_human_review			USF Appendix A	USF:Cue_Target_Pairs.A-B:7042	boyfriend	girlfriend								0.458	0.487	4.858749445426875	4.881373466642079	4.8700614560344775	7	8		2	2																																	
CAND_MEANING_000052	Meaning	high_association	1		plus	candidate_pending_human_review			USF Appendix A	USF:Cue_Target_Pairs.L-O:4125	melody	song								0.414	0.02	3.8200597247734023	4.971675969315923	4.395867847044663	6	3		3	1																																	
CAND_MEANING_000053	Meaning	high_association	1		plus	candidate_pending_human_review			USF Appendix A	USF:Cue_Target_Pairs.P-R:9091	roast	beef								0.494	0.085	3.9905303695254535	4.2945958856585715	4.1425631275920125	4	3		1	1																																	
CAND_MEANING_000054	Meaning	high_association	1		plus	candidate_pending_human_review			USF Appendix A	USF:Cue_Target_Pairs.G-K:2381	guys	girls								0.446	0.04	5.800258719947593	5.3187996354757825	5.5595291777116875	3	4		1	1																																	
CAND_MEANING_000055	Meaning	high_association	1		plus	candidate_pending_human_review			USF Appendix A	USF:Cue_Target_Pairs.S:754	scare	fright								0.464	0.636	4.525933584243198	3.4416489365574434	3.983791260400321	4	4		1	1																																	
CAND_MEANING_000056	Meaning	high_association	1		plus	candidate_pending_human_review			USF Appendix A	USF:Cue_Target_Pairs.L-O:1425	lime	lemon								0.573	0.429	3.5177391056279266	4.079890298420478	3.7988147020242025	3	5		1	2																																	
CAND_MEANING_000057	Meaning	high_association	1		plus	candidate_pending_human_review			USF Appendix A	USF:Cue_Target_Pairs.S:7180	stone	rock								0.629	0.269	4.608819574975259	4.935289876486555	4.772054725730907	4	3		1	1																																	
CAND_MEANING_000058	Meaning	high_association	1		plus	candidate_pending_human_review			USF Appendix A	USF:Cue_Target_Pairs.G-K:422	genius	smart								0.434	0.013	4.541138559502981	4.983422856001933	4.762280707752457	6	5		2	1																																	
CAND_MEANING_000059	Meaning	high_association	1		plus	candidate_pending_human_review			USF Appendix A	USF:Cue_Target_Pairs.S:3397	sister	brother								0.538	0.746	5.256547967053549	5.453228377440418	5.354888172246984	5	5		2	2																																	
CAND_MEANING_000060	Meaning	high_association	1		plus	candidate_pending_human_review			USF Appendix A	USF:Cue_Target_Pairs.C:2375	chimpanzee	monkey								0.68	0.035	3.0848215134003176	4.5251718866228	3.804996700011559	8	5		3	2																																	
CAND_MEANING_000061	Meaning	high_association	1		plus	candidate_pending_human_review			USF Appendix A	USF:Cue_Target_Pairs.P-R:215	pal	friend								0.772	0.089	4.760333770424864	5.6225187696505445	5.191426270037704	3	5		1	1																																	
CAND_MEANING_000062	Meaning	high_association	1		plus	candidate_pending_human_review			USF Appendix A	USF:Cue_Target_Pairs.L-O:7104	newsstand	paper								0.494	0.0	3.016705693502853	5.014322840117021	4.015514266809937	8	4		2	2																																	
CAND_MEANING_000063	Meaning	high_association	1		plus	candidate_pending_human_review			USF Appendix A	USF:Cue_Target_Pairs.S:40	sad	happy								0.634	0.628	4.801901176004613	5.522699881313269	5.162300528658941	3	4		1	2																																	
CAND_MEANING_000064	Meaning	high_association	1		plus	candidate_pending_human_review			USF Appendix A	USF:Cue_Target_Pairs.G-K:4252	hog	pig								0.741	0.2	3.7090703312403446	4.592590360853416	4.15083034604688	3	3		1	1																																	
CAND_MEANING_000065	Meaning	high_association	1		plus	candidate_pending_human_review			USF Appendix A	USF:Cue_Target_Pairs.A-B:7745	brush	hair								0.44	0.207	4.150967021471702	5.186247047869527	4.6686070346706146	4	3		1	1																																	
CAND_MEANING_000066	Meaning	high_association	1		plus	candidate_pending_human_review			USF Appendix A	USF:Cue_Target_Pairs.P-R:8086	reptile	snake								0.514	0.079	3.1497623203333323	4.349334675238536	3.749548497785934	6	4		2	1																																	
CAND_MEANING_000067	Meaning	high_association	1		plus	candidate_pending_human_review			USF Appendix A	USF:Cue_Target_Pairs.T-Z:1888	timber	wood								0.41	0.0	3.3962335448580205	4.431363764158988	3.913798654508504	5	3		2	1																																	
CAND_MEANING_000068	Meaning	high_association	1		plus	candidate_pending_human_review			USF Appendix A	USF:Cue_Target_Pairs.A-B:7312	breakfast	lunch								0.473	0.013	4.821474994667833	5.017524344983533	4.919499669825683	8	4		2	1																																	
CAND_MEANING_000069	Meaning	high_association	1		plus	candidate_pending_human_review			USF Appendix A	USF:Cue_Target_Pairs.P-R:5656	puck	hockey								0.554	0.258	3.4597471586502397	4.061807149978202	3.760777154314221	3	4		1	2																																	
CAND_MEANING_000070	Meaning	high_association	1		plus	candidate_pending_human_review			USF Appendix A	USF:Cue_Target_Pairs.G-K:5188	hurt	pain								0.521	0.551	5.391557751628531	4.990965316464065	5.191261534046298	3	3		1	1																																	
CAND_MEANING_000071	Meaning	high_association	1		plus	candidate_pending_human_review			USF Appendix A	USF:Cue_Target_Pairs.G-K:8198	kite	fly								0.575	0.0	3.3606156856482254	4.929418925714293	4.145017305681259	3	3		1	1																																	
CAND_MEANING_000072	Meaning	high_association	1		plus	candidate_pending_human_review			USF Appendix A	USF:Cue_Target_Pairs.S:1217	scuba	dive								0.51	0.041	3.184524426592544	4.108007572226331	3.6462659994094375	5	3		2	1																																	
CAND_MEANING_000073	Meaning	high_association	1		plus	candidate_pending_human_review			USF Appendix A	USF:Cue_Target_Pairs.L-O:1197	library	book								0.794	0.0	4.360615685648225	5.247925153086191	4.804270419367208	7	3		3	1																																	
CAND_MEANING_000074	Meaning	high_association	1		plus	candidate_pending_human_review			USF Appendix A	USF:Cue_Target_Pairs.S:191	salary	money								0.516	0.0	4.0312103823864325	5.806698582254281	4.918954482320357	5	4		3	2																																	
CAND_MEANING_000075	Meaning	high_association	1		plus	candidate_pending_human_review			USF Appendix A	USF:Cue_Target_Pairs.T-Z:500	tax	money								0.41	0.0	4.162833729181091	5.806698582254281	4.984766155717686	4	4		1	2																																	
CAND_MEANING_000076	Meaning	high_association	1		plus	candidate_pending_human_review			USF Appendix A	USF:Cue_Target_Pairs.A-B:3910	backward	forward								0.709	0.5	3.493826948222515	4.859338479128867	4.176582713675691	6	6		2	2																																	
CAND_MEANING_000077	Meaning	high_association	1		plus	candidate_pending_human_review			USF Appendix A	USF:Cue_Target_Pairs.G-K:4996	hum	sing								0.486	0.033	3.6833649310054426	4.989397464646087	4.336381197825765	3	3		1	1																																	
CAND_MEANING_000078	Meaning	high_association	1		plus	candidate_pending_human_review			USF Appendix A	USF:Cue_Target_Pairs.P-R:104	page	book								0.452	0.039	4.573917711842145	5.247925153086191	4.910921432464168	3	3		1	1																																	
CAND_MEANING_000079	Meaning	high_association	1		plus	candidate_pending_human_review			USF Appendix A	USF:Cue_Target_Pairs.L-O:6307	mustard	ketchup								0.584	0.479	3.809625721852038	3.7837915177363364	3.7967086197941873	6	5		2	2																																	
CAND_MEANING_000080	Meaning	high_association	1		plus	candidate_pending_human_review			USF Appendix A	USF:Cue_Target_Pairs.A-B:7959	bulletin	board								0.633	0.013	3.554880913632493	4.807243118901349	4.181062016266921	7	4		3	1																																	
CAND_MEANING_000081	Meaning	high_association	1		plus	candidate_pending_human_review			USF Appendix A	USF:Cue_Target_Pairs.A-B:624	add	subtract								0.685	0.692	4.519287394190787	2.7395878552442827	3.629437624717535	2	8		1	2																																	
CAND_MEANING_000082	Meaning	high_association	1		plus	candidate_pending_human_review			USF Appendix A	USF:Cue_Target_Pairs.A-B:7781	buckle	belt								0.667	0.213	3.7023629472333583	4.386551419742625	4.044457183487992	5	4		2	1																																	
CAND_MEANING_000083	Meaning	high_association	1		plus	candidate_pending_human_review			USF Appendix A	USF:Cue_Target_Pairs.S:3477	six	seven								0.434	0.047	5.300006922206402	5.018912520686893	5.159459721446647	4	5		1	2																																	
CAND_MEANING_000084	Meaning	high_association	1		plus	candidate_pending_human_review			USF Appendix A	USF:Cue_Target_Pairs.D-F:4388	easy	hard								0.582	0.034	5.42440116918312	5.488329476311297	5.456365322747208	3	4		2	1																																	
CAND_MEANING_000085	Meaning	high_association	1		plus	candidate_pending_human_review			USF Appendix A	USF:Cue_Target_Pairs.A-B:1404	aircraft	plane								0.408	0.0	3.9754768621409133	4.980137103526882	4.477806982833898	7	4		2	1																																	
CAND_MEANING_000086	Meaning	high_association	1		plus	candidate_pending_human_review			USF Appendix A	USF:Cue_Target_Pairs.L-O:5717	more	less								0.63	0.629	6.1134714640149515	5.045706394086482	5.579588929050717	3	3		1	1																																	
CAND_MEANING_000087	Meaning	high_association	1		plus	candidate_pending_human_review			USF Appendix A	USF:Cue_Target_Pairs.T-Z:4429	unhappy	sad								0.738	0.051	4.218257398526806	4.801901176004613	4.510079287265709	6	3		3	1																																	
CAND_MEANING_000088	Meaning	high_association	1		plus	candidate_pending_human_review			USF Appendix A	USF:Cue_Target_Pairs.L-O:4926	mints	candy								0.407	0.0	3.2009148427807133	4.553692692694558	3.8773037677376356	5	5		1	2																																	
CAND_MEANING_000089	Meaning	high_association	1		plus	candidate_pending_human_review			USF Appendix A	USF:Cue_Target_Pairs.P-R:2361	pipe	smoke								0.419	0.016	4.287626115499243	4.815786030556857	4.5517060730280505	3	4		1	1																																	
CAND_MEANING_000090	Meaning	high_association	1		plus	candidate_pending_human_review			USF Appendix A	USF:Cue_Target_Pairs.P-R:6100	quench	thirst								0.815	0.097	2.7975798022219696	3.5711834248548926	3.184381613538431	5	4		1	1																																	
CAND_MEANING_000091	Meaning	high_association	1		plus	candidate_pending_human_review			USF Appendix A	USF:Cue_Target_Pairs.C:405	canary	bird								0.692	0.03	3.4656160923143378	4.6575432555296405	4.061579673921989	6	3		3	1																																	
CAND_MEANING_000092	Meaning	high_association	1		plus	candidate_pending_human_review			USF Appendix A	USF:Cue_Target_Pairs.D-F:1188	department	store								0.473	0.024	4.805114220119227	4.913398259546353	4.85925623983279	10	4		3	1																																	
CAND_MEANING_000093	Meaning	high_association	1		plus	candidate_pending_human_review			USF Appendix A	USF:Cue_Target_Pairs.T-Z:4806	upstairs	downstairs								0.653	0.591	4.849575966220427	4.590190335001197	4.719883150610812	7	8		2	2																																	
CAND_MEANING_000094	Meaning	high_association	1		plus	candidate_pending_human_review			USF Appendix A	USF:Cue_Target_Pairs.T-Z:7475	wife	husband								0.677	0.885	5.5427278162419285	5.289597695347897	5.416162755794913	3	7		1	2																																	
CAND_MEANING_000095	Meaning	high_association	1		plus	candidate_pending_human_review			USF Appendix A	USF:Cue_Target_Pairs.G-K:3288	he	she								0.776	0.74	6.8829339408825	6.572044302738093	6.727489121810297	2	2		1	1																																	
CAND_MEANING_000096	Meaning	high_association	1		plus	candidate_pending_human_review			USF Appendix A	USF:Cue_Target_Pairs.G-K:778	glad	happy								0.549	0.041	5.2339412565364665	5.522699881313269	5.378320568924868	4	4		1	2																																	
CAND_MEANING_000097	Meaning	high_association	1		plus	candidate_pending_human_review			USF Appendix A	USF:Cue_Target_Pairs.P-R:6880	ready	go								0.415	0.0	5.588612196457499	6.578987332834114	6.083799764645806	4	2		2	1																																	
CAND_MEANING_000098	Meaning	high_association	1		plus	candidate_pending_human_review			USF Appendix A	USF:Cue_Target_Pairs.S:1348	search	find								0.491	0.022	4.684598973391799	5.9195805285277645	5.302089750959782	3	4		1	1																																	
CAND_MEANING_000099	Meaning	high_association	1		plus	candidate_pending_human_review			USF Appendix A	USF:Cue_Target_Pairs.A-B:7257	brawl	fight								0.8	0.0	3.325853579389013	5.303365488606449	4.314609533997731	4	3		1	1																																	
CAND_MEANING_000100	Meaning	high_association	1		plus	candidate_pending_human_review			USF Appendix A	USF:Cue_Target_Pairs.S:1646	select	choose								0.496	0.072	3.5477023290053697	4.681773135154142	4.114737732079756	6	3		2	1																																	
CAND_MEANING_000101	Meaning	high_association	1		plus	candidate_pending_human_review			USF Appendix A	USF:Cue_Target_Pairs.A-B:4317	banker	money								0.56	0.0	3.678036097500376	5.806698582254281	4.742367339877329	5	4		2	2																																	
CAND_MEANING_000102	Meaning	high_association	1		plus	candidate_pending_human_review			USF Appendix A	USF:Cue_Target_Pairs.L-O:6477	nap	sleep								0.73	0.0	4.101989538537332	5.357822785464055	4.7299061620006935	3	4		1	1																																	
CAND_MEANING_000103	Meaning	high_association	1		plus	candidate_pending_human_review			USF Appendix A	USF:Cue_Target_Pairs.S:617	scale	weight								0.53	0.014	3.9781715625043272	4.559601552305077	4.268886557404702	4	3		1	1																																	
CAND_MEANING_000104	Meaning	high_association	1		plus	candidate_pending_human_review			USF Appendix A	USF:Cue_Target_Pairs.A-B:8356	butcher	meat								0.546	0.0	3.9299195534145746	4.639954983900753	4.284937268657664	4	3		2	1																																	
CAND_MEANING_000105	Meaning	high_association	1		plus	candidate_pending_human_review			USF Appendix A	USF:Cue_Target_Pairs.S:4773	soil	dirt								0.717	0.055	3.8912203306651785	4.409701119557828	4.150460725111503	3	3		1	1																																	
CAND_MEANING_000106	Meaning	high_association	1		plus	candidate_pending_human_review			USF Appendix A	USF:Cue_Target_Pairs.D-F:2043	dime	nickel								0.527	0.469	4.08130493967748	3.9269070940627953	4.0041060168701375	3	5		1	2																																	
CAND_MEANING_000107	Meaning	high_association	1		plus	candidate_pending_human_review			USF Appendix A	USF:Cue_Target_Pairs.G-K:6039	inexpensive	cheap								0.75	0.079	2.8606315479690587	4.559131790786152	3.709881669377605	11	3		4	1																																	
CAND_MEANING_000108	Meaning	high_association	1		plus	candidate_pending_human_review			USF Appendix A	USF:Cue_Target_Pairs.P-R:4083	powerful	strong								0.587	0.0	4.545525409751095	4.938833550125134	4.742179479938114	6	5		3	1																																	
CAND_MEANING_000109	Meaning	high_association	1		plus	candidate_pending_human_review			USF Appendix A	USF:Cue_Target_Pairs.L-O:7548	noun	verb								0.69	0.642	2.723793588061051	3.0248235837250323	2.8743085858930417	3	3		1	1																																	
CAND_MEANING_000110	Meaning	high_association	1		plus	candidate_pending_human_review			USF Appendix A	USF:Cue_Target_Pairs.A-B:6929	bouquet	flowers								0.828	0.053	3.5072736719497617	4.677499600233999	4.09238663609188	4	5		2	2																																	
CAND_MEANING_000111	Meaning	high_association	1		plus	candidate_pending_human_review			USF Appendix A	USF:Cue_Target_Pairs.T-Z:7398	whom	who								0.531	0.014	4.546494276816402	6.34692797053874	5.446711123677571	3	2		1	1																																	
CAND_MEANING_000112	Meaning	high_association	1		plus	candidate_pending_human_review			USF Appendix A	USF:Cue_Target_Pairs.A-B:3852	back	front								0.52	0.715	6.303013845143055	5.258993907999374	5.781003876571214	3	5		1	1																																	
CAND_MEANING_000113	Meaning	high_association	1		plus	candidate_pending_human_review			USF Appendix A	USF:Cue_Target_Pairs.G-K:5909	income	money								0.543	0.0	3.869921623739289	5.806698582254281	4.838310102996785	5	4		2	2																																	
CAND_MEANING_000114	Meaning	high_association	1		plus	candidate_pending_human_review			USF Appendix A	USF:Cue_Target_Pairs.T-Z:5706	vine	grape								0.605	0.219	3.3218136015872735	3.6020599913279625	3.4619367964576178	3	4		1	1																																	
CAND_MEANING_000115	Meaning	high_association	1		plus	candidate_pending_human_review			USF Appendix A	USF:Cue_Target_Pairs.G-K:5881	inch	foot								0.473	0.02	4.0924591831461985	4.812389004654132	4.452424093900165	3	3		1	1																																	
CAND_MEANING_000116	Meaning	high_association	1		plus	candidate_pending_human_review			USF Appendix A	USF:Cue_Target_Pairs.C:2787	circus	clown								0.594	0.237	4.231949076520682	4.199303358624134	4.215626217572408	5	4		2	1																																	
CAND_MEANING_000117	Meaning	high_association	1		plus	candidate_pending_human_review			USF Appendix A	USF:Cue_Target_Pairs.A-B:7798	buddy	friend								0.687	0.083	5.012340888100402	5.6225187696505445	5.317429828875474	4	5		2	1																																	
CAND_MEANING_000118	Meaning	high_association	1		plus	candidate_pending_human_review			USF Appendix A	USF:Cue_Target_Pairs.A-B:2475	appearance	looks								0.427	0.103	4.064017304783319	5.493444382115436	4.778730843449377	7	4		3	1																																	
CAND_MEANING_000119	Meaning	high_association	1		plus	candidate_pending_human_review			USF Appendix A	USF:Cue_Target_Pairs.A-B:1593	alligator	crocodile								0.46	0.629	3.542849826210958	3.353127664255675	3.4479887452333164	7	8		4	3																																	
CAND_MEANING_000120	Meaning	high_association	1		plus	candidate_pending_human_review			USF Appendix A	USF:Cue_Target_Pairs.S:5521	spicy	hot								0.553	0.0	3.520316528515737	5.2783949022069345	4.399355715361336	5	3		2	1																																	
CAND_MEANING_000121	Meaning	high_association	1		plus	candidate_pending_human_review			USF Appendix A	USF:Cue_Target_Pairs.D-F:9749	freezer	cold								0.517	0.0	3.7123855723918213	5.114467071974649	4.413426322183235	5	4		2	1																																	
CAND_MEANING_000122	Meaning	high_association	1		plus	candidate_pending_human_review			USF Appendix A	USF:Cue_Target_Pairs.D-F:281	darkness	light								0.461	0.0	4.2427946782781865	5.21799973344544	4.730397205861813	7	3		2	1																																	
CAND_MEANING_000123	Meaning	high_association	1		plus	candidate_pending_human_review			USF Appendix A	USF:Cue_Target_Pairs.A-B:4164	ballot	vote								0.518	0.051	3.131278914639319	4.53571596998551	3.8334974423124146	5	3		2	1																																	
CAND_MEANING_000124	Meaning	high_association	1		plus	candidate_pending_human_review			USF Appendix A	USF:Cue_Target_Pairs.S:1843	sentry	guard								0.454	0.0	3.1375278639163207	4.764893720509053	3.951210792212687	6	4		2	1																																	
CAND_MEANING_000125	Meaning	high_association	1		plus	candidate_pending_human_review			USF Appendix A	USF:Cue_Target_Pairs.A-B:5802	bitter	sweet								0.435	0.02	4.0467781596130825	5.1619548867592915	4.6043665231861866	4	4		2	1																																	
CAND_MEANING_000126	Meaning	high_association	1		plus	candidate_pending_human_review			USF Appendix A	USF:Cue_Target_Pairs.S:494	saucer	cup								0.527	0.418	3.4385578595803015	4.713045594527829	4.075801727054065	4	3		2	1																																	
CAND_MEANING_000127	Meaning	high_association	1		plus	candidate_pending_human_review			USF Appendix A	USF:Cue_Target_Pairs.A-B:7682	broth	soup								0.806	0.036	2.9456423376774072	4.401332951569377	3.673487644623392	4	3		1	1																																	
CAND_MEANING_000128	Meaning	high_association	1		plus	candidate_pending_human_review			USF Appendix A	USF:Cue_Target_Pairs.G-K:8412	known	unknown								0.438	0.174	5.091770373355645	4.181170784584956	4.6364705789703	3	5		1	2																																	
CAND_MEANING_000129	Meaning	high_association	1		plus	candidate_pending_human_review			USF Appendix A	USF:Cue_Target_Pairs.G-K:8352	knock	door								0.466	0.0	4.810812139447408	5.465470331453126	5.1381412354502665	3	3		1	1																																	
CAND_MEANING_000130	Meaning	high_association	1		plus	candidate_pending_human_review			USF Appendix A	USF:Cue_Target_Pairs.A-B:644	addiction	drug								0.664	0.034	3.59128290031177	4.655289126860744	4.123286013586257	7	4		3	1																																	
CAND_MEANING_000131	Meaning	high_association	1		plus	candidate_pending_human_review			USF Appendix A	USF:Cue_Target_Pairs.A-B:3119	assistance	help								0.696	0.0	4.039064022839643	5.964315102732613	5.001689562786128	8	4		3	1																																	
CAND_MEANING_000132	Meaning	high_association	1		plus	candidate_pending_human_review			USF Appendix A	USF:Cue_Target_Pairs.D-F:3233	donation	money								0.414	0.0	3.5452828548819566	5.806698582254281	4.675990718568119	7	4		3	2																																	
CAND_MEANING_000133	Meaning	high_association	1		plus	candidate_pending_human_review			USF Appendix A	USF:Cue_Target_Pairs.A-B:7139	branch	tree								0.528	0.027	4.00339294289734	4.812913356642856	4.408153149770097	5	3		1	1																																	
CAND_MEANING_000134	Meaning	high_association	1		plus	candidate_pending_human_review			USF Appendix A	USF:Cue_Target_Pairs.G-K:3509	heaven	hell								0.454	0.255	4.752876607782785	5.6728581585859	5.212867383184342	5	3		2	1																																	
CAND_MEANING_000135	Meaning	high_association	1		plus	candidate_pending_human_review			USF Appendix A	USF:Cue_Target_Pairs.D-F:7083	famished	hungry								0.643	0.037	3.1557526840225196	4.886932867722153	4.021342775872336	6	6		2	2																																	
CAND_MEANING_000136	Meaning	high_association	1		plus	candidate_pending_human_review			USF Appendix A	USF:Cue_Target_Pairs.G-K:1994	groom	bride								0.62	0.865	3.8934027195888117	4.384096781497748	4.13874975054328	4	4		1	1																																	
CAND_MEANING_000137	Meaning	high_association	1		plus	candidate_pending_human_review			USF Appendix A	USF:Cue_Target_Pairs.T-Z:1388	thick	thin								0.682	0.084	4.145519353753929	4.304845198664497	4.225182276209213	3	3		1	1																																	
CAND_MEANING_000138	Meaning	high_association	1		plus	candidate_pending_human_review			USF Appendix A	USF:Cue_Target_Pairs.P-R:3598	population	people								0.438	0.02	3.9589478044569444	6.042567791992532	5.000757798224738	10	5		4	2																																	
CAND_MEANING_000139	Meaning	high_association	1		plus	candidate_pending_human_review			USF Appendix A	USF:Cue_Target_Pairs.S:2555	shiver	cold								0.669	0.011	3.184524426592544	5.114467071974649	4.149495749283597	4	4		2	1																																	
CAND_MEANING_000140	Meaning	high_association	1		plus	candidate_pending_human_review			USF Appendix A	USF:Cue_Target_Pairs.G-K:5995	indoors	outdoors								0.561	0.224	3.3928003690196267	3.3218136015872735	3.35730698530345	6	6		2	2																																	
CAND_MEANING_000141	Meaning	high_association	1		plus	candidate_pending_human_review			USF Appendix A	USF:Cue_Target_Pairs.L-O:6631	nauseous	sick								0.613	0.0	3.4910869108564864	5.21861787300927	4.354852391932878	5	3		2	1																																	
CAND_MEANING_000142	Meaning	high_association	1		plus	candidate_pending_human_review			USF Appendix A	USF:Cue_Target_Pairs.A-B:1311	ahead	behind								0.424	0.027	5.297395711008887	5.2738406640679525	5.28561818753842	4	6		2	2																																	
CAND_MEANING_000143	Meaning	high_association	1		plus	candidate_pending_human_review			USF Appendix A	USF:Cue_Target_Pairs.D-F:4396	eat	food								0.409	0.406	5.4011977415801455	5.1887355313681445	5.294966636474145	2	3		1	1																																	
CAND_MEANING_000144	Meaning	high_association	1		plus	candidate_pending_human_review			USF Appendix A	USF:Cue_Target_Pairs.G-K:4062	hinge	door								0.63	0.033	2.75482782180102	5.465470331453126	4.1101490766270725	4	3		1	1																																	
CAND_MEANING_000145	Meaning	high_association	1		plus	candidate_pending_human_review			USF Appendix A	USF:Cue_Target_Pairs.D-F:5496	equal	same								0.412	0.02	4.126214198558543	5.620319805550606	4.8732670020545745	5	3		2	1																																	
CAND_MEANING_000146	Meaning	high_association	1		plus	candidate_pending_human_review			USF Appendix A	USF:Cue_Target_Pairs.A-B:4818	beam	light								0.454	0.0	3.9407898348829953	5.21799973344544	4.579394784164218	3	3		1	1																																	
CAND_MEANING_000147	Meaning	high_association	1		plus	candidate_pending_human_review			USF Appendix A	USF:Cue_Target_Pairs.L-O:6138	munch	eat								0.438	0.0	2.9258982794816504	5.4011977415801455	4.1635480105308975	4	2		1	1																																	
CAND_MEANING_000148	Meaning	high_association	1		plus	candidate_pending_human_review			USF Appendix A	USF:Cue_Target_Pairs.A-B:580	actor	actress								0.578	0.507	4.420505836570779	4.204651880434479	4.312578858502629	4	6		2	2																																	
CAND_MEANING_000149	Meaning	high_association	1		plus	candidate_pending_human_review			USF Appendix A	USF:Cue_Target_Pairs.L-O:627	leaf	tree								0.642	0.162	3.7156756978388716	4.812913356642856	4.264294527240864	3	3		1	1																																	
CAND_MEANING_000150	Meaning	high_association	1		plus	candidate_pending_human_review			USF Appendix A	USF:Cue_Target_Pairs.P-R:3854	post	office								0.426	0.0	4.510965329118592	5.309421402108269	4.910193365613431	4	4		1	2																																	
CAND_MEANING_000151	Meaning	high_association	1		plus	candidate_pending_human_review			USF Appendix A	USF:Cue_Target_Pairs.C:5513	cookout	barbecue								0.422	0.06	2.883494430928563	3.9513946665664985	3.4174445487475307	5	8		2	3																																	
CAND_MEANING_000152	Meaning	high_association	1		plus	candidate_pending_human_review			USF Appendix A	USF:Cue_Target_Pairs.G-K:2562	half	whole								0.447	0.345	5.299152516103748	5.58601333739818	5.442582926750964	3	3		1	1																																	
CAND_MEANING_000153	Meaning	high_association	1		plus	candidate_pending_human_review			USF Appendix A	USF:Cue_Target_Pairs.G-K:2911	happy	sad								0.628	0.634	5.522699881313269	4.801901176004613	5.162300528658941	4	3		2	1																																	
CAND_MEANING_000154	Meaning	high_association	1		plus	candidate_pending_human_review			USF Appendix A	USF:Cue_Target_Pairs.D-F:10178	fudge	chocolate								0.517	0.014	3.5596015523050775	4.468231456750344	4.01391650452771	3	6		1	2																																	
CAND_MEANING_000155	Meaning	high_association	1		plus	candidate_pending_human_review			USF Appendix A	USF:Cue_Target_Pairs.S:1430	second	first								0.514	0.174	5.454187019163791	5.924573176795779	5.689380097979785	6	4		2	1																																	
CAND_MEANING_000156	Meaning	high_association	1		plus	candidate_pending_human_review			USF Appendix A	USF:Cue_Target_Pairs.C:2101	chef	cook								0.622	0.047	4.07490244806835	4.6586659476203565	4.366784197844353	3	3		1	1																																	
CAND_MEANING_000157	Meaning	high_association	1		plus	candidate_pending_human_review			USF Appendix A	USF:Cue_Target_Pairs.C:3731	cold	hot								0.413	0.676	5.114467071974649	5.2783949022069345	5.196430987090792	4	3		1	1																																	
CAND_MEANING_000158	Meaning	high_association	1		plus	candidate_pending_human_review			USF Appendix A	USF:Cue_Target_Pairs.S:4450	sniff	smell								0.442	0.043	3.5501083987712483	4.919795680494796	4.234952039633022	4	4		1	1																																	
CAND_MEANING_000159	Meaning	high_association	1		plus	candidate_pending_human_review			USF Appendix A	USF:Cue_Target_Pairs.C:1975	checkbook	money								0.527	0.0	3.3716110699496884	5.806698582254281	4.589154826101985	6	4		2	2																																	
CAND_MEANING_000160	Meaning	high_association	1		plus	candidate_pending_human_review			USF Appendix A	USF:Cue_Target_Pairs.G-K:3007	harp	music								0.412	0.0	3.4195346222668714	5.18083399163911	4.300184306952991	4	6		1	2																																	
CAND_MEANING_000161	Meaning	high_association	1		plus	candidate_pending_human_review			USF Appendix A	USF:Cue_Target_Pairs.L-O:4820	miner	coal								0.5	0.051	3.16166154363304	3.817474630938909	3.4895680872859742	4	3		2	1																																	
CAND_MEANING_000162	Meaning	high_association	1		plus	candidate_pending_human_review			USF Appendix A	USF:Cue_Target_Pairs.S:2596	shoelace	shoe								0.413	0.0	2.872213420518874	4.482761522072355	3.6774874712956143	5	2		2	1																																	
CAND_MEANING_000163	Meaning	high_association	1		plus	candidate_pending_human_review			USF Appendix A	USF:Cue_Target_Pairs.S:9132	symphony	orchestra								0.477	0.093	3.5501083987712483	3.7411361438071435	3.645622271289196	7	8		3	3																																	
CAND_MEANING_000164	Meaning	high_association	1		plus	candidate_pending_human_review			USF Appendix A	USF:Cue_Target_Pairs.L-O:1995	lollipop	candy								0.412	0.0	3.251471216223157	4.553692692694558	3.9025819544588574	7	5		3	2																																	
CAND_MEANING_000165	Meaning	high_association	1		plus	candidate_pending_human_review			USF Appendix A	USF:Cue_Target_Pairs.P-R:7383	reflect	mirror								0.507	0.0	3.6208094273408014	4.383392900497795	4.002101163919298	7	4		2	2																																	
CAND_MEANING_000166	Meaning	high_association	1		plus	candidate_pending_human_review			USF Appendix A	USF:Cue_Target_Pairs.D-F:1274	depression	sad								0.422	0.0	3.900955857479258	4.801901176004613	4.351428516741935	8	3		3	1																																	
CAND_MEANING_000167	Meaning	high_association	1		plus	candidate_pending_human_review			USF Appendix A	USF:Cue_Target_Pairs.T-Z:1582	thread	needle								0.758	0.424	3.7123855723918213	4.076333403174798	3.89435948778331	4	5		1	2																																	
CAND_MEANING_000168	Meaning	high_association	1		plus	candidate_pending_human_review			USF Appendix A	USF:Cue_Target_Pairs.A-B:7117	brake	stop								0.412	0.0	3.7767296632488496	5.849588006377395	4.813158834813122	4	4		1	1																																	
CAND_MEANING_000169	Meaning	high_association	1		plus	candidate_pending_human_review			USF Appendix A	USF:Cue_Target_Pairs.A-B:6762	borrow	lend								0.41	0.554	4.467071016562512	4.066946789630613	4.2670089030965626	4	4		2	1																																	
CAND_MEANING_000170	Meaning	high_association	1		plus	candidate_pending_human_review			USF Appendix A	USF:Cue_Target_Pairs.D-F:357	daughter	son								0.444	0.586	5.233891563249394	5.613593120662743	5.423742341956068	4	3		2	1																																	
CAND_MEANING_000171	Meaning	high_association	1		plus	candidate_pending_human_review			USF Appendix A	USF:Cue_Target_Pairs.P-R:4360	prescription	drug								0.477	0.02	3.8676176688297246	4.655289126860744	4.2614533978452345	11	4		3	1																																	
CAND_MEANING_000172	Meaning	high_association	1		plus	candidate_pending_human_review			USF Appendix A	USF:Cue_Target_Pairs.D-F:1060	demolish	destroy								0.539	0.072	2.723793588061051	4.673725446905889	3.69875951748347	7	6		3	2																																	
CAND_MEANING_000173	Meaning	high_association	1		plus	candidate_pending_human_review			USF Appendix A	USF:Cue_Target_Pairs.L-O:4053	medium	large								0.432	0.0	3.851138394435229	4.617534806873471	4.23433660065435	6	4		3	1																																	
CAND_MEANING_000174	Meaning	high_association	1		plus	candidate_pending_human_review			USF Appendix A	USF:Cue_Target_Pairs.P-R:9888	rye	bread								0.791	0.0	3.618765684830815	4.45229767099463	4.035531677912722	2	4		1	1																																	
CAND_MEANING_000175	Meaning	high_association	1		plus	candidate_pending_human_review			USF Appendix A	USF:Cue_Target_Pairs.C:4659	conclusion	ending								0.612	0.0	3.9598827767920177	4.201985853143239	4.080934314967628	9	5		3	2																																	
CAND_MEANING_000176	Meaning	high_association	1		plus	candidate_pending_human_review			USF Appendix A	USF:Cue_Target_Pairs.P-R:5923	push	shove								0.418	0.936	4.848490982911596	4.121089720437384	4.48479035167449	3	3		1	1																																	
CAND_MEANING_000177	Meaning	high_association	1		plus	candidate_pending_human_review			USF Appendix A	USF:Cue_Target_Pairs.G-K:7509	joke	laugh								0.612	0.055	4.8634394962113685	4.79839334192019	4.83091641906578	3	3		1	1																																	
CAND_MEANING_000178	Meaning	high_association	1		plus	candidate_pending_human_review			USF Appendix A	USF:Cue_Target_Pairs.D-F:4070	dune	sand								0.568	0.016	3.0	4.307370173695	3.6536850868475	3	4		1	1																																	
CAND_MEANING_000179	Meaning	high_association	1		plus	candidate_pending_human_review			USF Appendix A	USF:Cue_Target_Pairs.D-F:2069	dine	eat								0.551	0.0	3.632873938742182	5.4011977415801455	4.517035840161164	3	2		1	1																																	
CAND_MEANING_000180	Meaning	high_association	1		plus	candidate_pending_human_review			USF Appendix A	USF:Cue_Target_Pairs.A-B:3592	auto	car								0.784	0.133	3.8846065812979305	5.68400001932028	4.784303300309105	3	3		2	1																																	
CAND_MEANING_000181	Meaning	high_association	1		plus	candidate_pending_human_review			USF Appendix A	USF:Cue_Target_Pairs.P-R:6020	quack	duck								0.818	0.115	3.6653418268721705	4.393833174457394	4.029587500664782	4	3		1	1																																	
CAND_MEANING_000182	Meaning	high_association	1		plus	candidate_pending_human_review			USF Appendix A	USF:Cue_Target_Pairs.G-K:3894	high	low								0.655	0.777	5.290034611362518	4.7718611610998	5.030947886231159	2	2		1	1																																	
CAND_MEANING_000183	Meaning	high_association	1		plus	candidate_pending_human_review			USF Appendix A	USF:Cue_Target_Pairs.C:355	campus	school								0.466	0.0	4.029622466606801	5.5225976402482555	4.776110053427528	6	4		2	1																																	
CAND_MEANING_000184	Meaning	high_association	1		plus	candidate_pending_human_review			USF Appendix A	USF:Cue_Target_Pairs.L-O:8069	odd	even								0.558	0.621	4.38092029408446	5.942465220509112	5.161692757296786	2	4		1	2																																	
CAND_MEANING_000185	Meaning	high_association	1		plus	candidate_pending_human_review			USF Appendix A	USF:Cue_Target_Pairs.P-R:9652	rug	carpet								0.468	0.248	4.017524344983533	4.066216268883258	4.041870306933395	3	6		1	2																																	
CAND_MEANING_000186	Meaning	high_association	1		plus	candidate_pending_human_review			USF Appendix A	USF:Cue_Target_Pairs.L-O:8583	orchid	flower								0.73	0.0	3.3338225090602887	4.357262043640637	3.845542276350463	5	4		2	2																																	
CAND_MEANING_000187	Meaning	high_association	1		plus	candidate_pending_human_review			USF Appendix A	USF:Cue_Target_Pairs.L-O:6425	nail	hammer								0.622	0.8	4.270610340839477	4.095886939550478	4.183248640194977	3	4		1	2																																	
CAND_MEANING_000188	Meaning	high_association	1		plus	candidate_pending_human_review			USF Appendix A	USF:Cue_Target_Pairs.T-Z:2041	toaster	oven								0.467	0.0	3.5890950141635947	3.9485280259148956	3.768811520039245	5	4		2	2																																	
CAND_MEANING_000189	Meaning	high_association	1		plus	candidate_pending_human_review			USF Appendix A	USF:Cue_Target_Pairs.C:51	cable	television								0.689	0.014	4.336969584294475	4.530224817175986	4.43359720073523	5	9		2	4																																	
CAND_MEANING_000190	Meaning	high_association	1		plus	candidate_pending_human_review			USF Appendix A	USF:Cue_Target_Pairs.T-Z:1804	tidy	neat								0.432	0.114	3.568891628075308	4.095203549194039	3.8320475886346737	4	3		2	1																																	
CAND_MEANING_000191	Meaning	high_association	1		plus	candidate_pending_human_review			USF Appendix A	USF:Cue_Target_Pairs.D-F:1178	depart	leave								0.619	0.0	3.329856321842687	5.748735112296145	4.539295717069416	6	3		2	1																																	
CAND_MEANING_000192	Meaning	high_association	1		plus	candidate_pending_human_review			USF Appendix A	USF:Cue_Target_Pairs.D-F:3815	driveway	car								0.5	0.0	3.827723943944834	5.68400001932028	4.755861981632557	6	3		2	1																																	
CAND_MEANING_000193	Meaning	high_association	1		plus	candidate_pending_human_review			USF Appendix A	USF:Cue_Target_Pairs.A-B:7937	bull	cow								0.558	0.097	4.4394874949304235	4.40670712046365	4.423097307697036	3	2		1	1																																	
CAND_MEANING_000194	Meaning	high_association	1		plus	candidate_pending_human_review			USF Appendix A	USF:Cue_Target_Pairs.P-R:2876	plaything	toy								0.664	0.028	2.6903698325741012	4.226422987733306	3.4583964101537035	6	2		2	1																																	
CAND_MEANING_000195	Meaning	high_association	1		plus	candidate_pending_human_review			USF Appendix A	USF:Cue_Target_Pairs.C:5875	count	number								0.451	0.0	4.954053233131294	5.381911026589501	5.167982129860397	4	5		1	2																																	
CAND_MEANING_000196	Meaning	high_association	1		plus	candidate_pending_human_review			USF Appendix A	USF:Cue_Target_Pairs.L-O:687	leap	jump								0.522	0.067	3.8239087409443187	4.844001797576317	4.3339552692603185	3	4		1	1																																	
CAND_MEANING_000197	Meaning	high_association	1		plus	candidate_pending_human_review			USF Appendix A	USF:Cue_Target_Pairs.A-B:3216	astronomy	star								0.753	0.019	3.11850462660289	4.9103732587310365	4.014438942666963	9	4		4	1																																	
CAND_MEANING_000198	Meaning	high_association	1		plus	candidate_pending_human_review			USF Appendix A	USF:Cue_Target_Pairs.S:5838	spotless	clean								0.633	0.041	3.070581074285707	5.083629070400939	4.077105072343323	7	4		2	1																																	
CAND_MEANING_000199	Meaning	high_association	1		plus	candidate_pending_human_review			USF Appendix A	USF:Cue_Target_Pairs.D-F:3688	dresser	drawer								0.43	0.305	3.5525012118871384	4.113943352306837	3.8332222820969877	5	4		2	1																																	
CAND_MEANING_000200	Meaning	high_association	1		plus	candidate_pending_human_review			USF Appendix A	USF:Cue_Target_Pairs.S:3188	similar	same								0.414	0.047	4.134414628492177	5.620319805550606	4.8773672170213915	6	3		3	1																																	
CAND_MEANING_000201	Meaning	high_association	1		plus	candidate_pending_human_review			USF Appendix A	USF:Cue_Target_Pairs.G-K:6229	injury	hurt								0.448	0.042	4.008433167536863	5.391557751628531	4.699995459582697	5	3		3	1																																	
CAND_MEANING_000202	Meaning	high_association	1		plus	candidate_pending_human_review			USF Appendix A	USF:Cue_Target_Pairs.D-F:7	dagger	knife								0.614	0.0	3.6921035453831017	4.670282242908819	4.18119289414596	4	3		2	1																																	
CAND_MEANING_000203	Meaning	high_association	1		plus	candidate_pending_human_review			USF Appendix A	USF:Cue_Target_Pairs.P-R:6511	rake	leaves								0.622	0.043	3.4742734118468364	4.657168378957462	4.0657208954021495	3	4		1	1																																	
CAND_MEANING_000204	Meaning	high_association	1		plus	candidate_pending_human_review			USF Appendix A	USF:Cue_Target_Pairs.G-K:5057	humiliate	embarrass								0.507	0.068	3.6208094273408014	3.9456423376774072	3.7832258825091043	9	7		4	3																																	
CAND_MEANING_000205	Meaning	high_association	1		plus	candidate_pending_human_review			USF Appendix A	USF:Cue_Target_Pairs.G-K:355	gem	diamond								0.448	0.011	3.3928003690196267	4.314858195087551	3.8538292820535887	3	6		1	2																																	
CAND_MEANING_000206	Meaning	high_association	1		plus	candidate_pending_human_review			USF Appendix A	USF:Cue_Target_Pairs.G-K:7223	jaws	shark								0.587	0.155	3.4162814648691495	4.175523182477754	3.7959023236734515	3	4		1	1																																	
CAND_MEANING_000207	Meaning	high_association	1		plus	candidate_pending_human_review			USF Appendix A	USF:Cue_Target_Pairs.L-O:1906	location	place								0.479	0.021	4.393833174457394	5.780077171419682	5.086955172938538	7	4		3	1																																	
CAND_MEANING_000208	Meaning	high_association	1		plus	candidate_pending_human_review			USF Appendix A	USF:Cue_Target_Pairs.D-F:2087	dinner	supper								0.535	0.545	5.3067823245530725	4.287186768489692	4.796984546521382	4	4		2	2																																	
CAND_MEANING_000209	Meaning	high_association	1		plus	candidate_pending_human_review			USF Appendix A	USF:Cue_Target_Pairs.S:1271	sea	ocean								0.456	0.291	4.7770143531849065	4.4813583076629175	4.629186330423912	2	4		1	2																																	
CAND_MEANING_000210	Meaning	high_association	1		plus	candidate_pending_human_review			USF Appendix A	USF:Cue_Target_Pairs.D-F:4703	elbow	arm								0.476	0.0	3.787974161448512	4.815655865867765	4.301815013658138	4	3		2	1																																	
CAND_MEANING_000211	Meaning	high_association	1		plus	candidate_pending_human_review			USF Appendix A	USF:Cue_Target_Pairs.S:4404	sneakers	shoes								0.43	0.029	3.6597857449280826	4.870151348411085	4.264968546669584	6	3		2	1																																	
CAND_MEANING_000212	Meaning	high_association	1		plus	candidate_pending_human_review			USF Appendix A	USF:Cue_Target_Pairs.D-F:2261	disagreement	argument								0.444	0.034	3.184524426592544	4.230448921378274	3.707486673985409	11	9		4	3																																	
CAND_MEANING_000213	Meaning	high_association	1		plus	candidate_pending_human_review			USF Appendix A	USF:Cue_Target_Pairs.D-F:273	dark	light								0.428	0.371	4.947472165233266	5.21799973344544	5.082735949339353	4	3		1	1																																	
CAND_MEANING_000214	Meaning	high_association	1		plus	candidate_pending_human_review			USF Appendix A	USF:Cue_Target_Pairs.D-F:1870	differ	same								0.458	0.0	3.385851509064299	5.620319805550606	4.5030856573074525	4	3		2	1																																	
CAND_MEANING_000215	Meaning	high_association	1		plus	candidate_pending_human_review			USF Appendix A	USF:Cue_Target_Pairs.L-O:8339	oodles	noodles								0.455	0.039	2.6541576599196564	3.7823883033268983	3.2182729816232776	5	6		2	2																																	
CAND_MEANING_000216	Meaning	high_association	1		plus	candidate_pending_human_review			USF Appendix A	USF:Cue_Target_Pairs.D-F:381	day	night								0.819	0.686	5.904078796419064	5.937537558034146	5.920808177226605	2	3		1	1																																	
CAND_MEANING_000217	Meaning	high_association	1		plus	candidate_pending_human_review			USF Appendix A	USF:Cue_Target_Pairs.C:6776	croak	die								0.472	0.05	3.063281835544208	5.416868834458589	4.240075335001398	4	2		1	1																																	
CAND_MEANING_000218	Meaning	high_association	1		plus	candidate_pending_human_review			USF Appendix A	USF:Cue_Target_Pairs.A-B:6187	blot	ink								0.441	0.06	2.973671061277651	3.8744931868137726	3.4240821240457118	4	3		1	1																																	
CAND_MEANING_000219	Meaning	high_association	1		plus	candidate_pending_human_review			USF Appendix A	USF:Cue_Target_Pairs.P-R:4810	prison	jail								0.424	0.261	4.819801906729675	4.848973532385578	4.834387719557627	6	3		2	1																																	
CAND_MEANING_000220	Meaning	high_association	1		plus	candidate_pending_human_review			USF Appendix A	USF:Cue_Target_Pairs.L-O:6112	multiply	divide								0.456	0.253	3.2880650184996134	3.7666460879783186	3.5273555532389658	8	5		3	2																																	
CAND_MEANING_000221	Meaning	high_association	1		plus	candidate_pending_human_review			USF Appendix A	USF:Cue_Target_Pairs.G-K:1815	greed	money								0.411	0.0	3.681595908266596	5.806698582254281	4.7441472452604385	4	4		1	2																																	
CAND_MEANING_000222	Meaning	high_association	1		plus	candidate_pending_human_review			USF Appendix A	USF:Cue_Target_Pairs.S:283	salmon	fish								0.746	0.0	3.816176290713628	4.921635481004367	4.3689058858589975	5	3		2	1																																	
CAND_MEANING_000223	Meaning	high_association	1		plus	candidate_pending_human_review			USF Appendix A	USF:Cue_Target_Pairs.P-R:7396	reflection	mirror								0.715	0.383	3.7006697892139133	4.383392900497795	4.042031344855854	9	4		3	2																																	
CAND_MEANING_000224	Meaning	high_association	1		plus	candidate_pending_human_review			USF Appendix A	USF:Cue_Target_Pairs.P-R:490	parched	thirsty								0.463	0.041	3.055857817465001	4.08969736473278	3.5727775910988906	5	5		1	2																																	
CAND_MEANING_000225	Meaning	high_association	1		plus	candidate_pending_human_review			USF Appendix A	USF:Cue_Target_Pairs.C:1246	cattle	cow								0.439	0.0	4.121089720437384	4.40670712046365	4.263898420450516	5	2		2	1																																	
CAND_MEANING_000226	Meaning	high_association	1		plus	candidate_pending_human_review			USF Appendix A	USF:Cue_Target_Pairs.L-O:5360	molecule	atom								0.46	0.092	2.894489815230026	3.4385578595803015	3.1665238374051636	8	4		3	2																																	
CAND_MEANING_000227	Meaning	high_association	1		plus	candidate_pending_human_review			USF Appendix A	USF:Cue_Target_Pairs.C:1356	celebrate	party								0.603	0.0	4.395549077447777	5.367611678520755	4.881580377984266	8	5		3	2																																	
CAND_MEANING_000228	Meaning	high_association	1		plus	candidate_pending_human_review			USF Appendix A	USF:Cue_Target_Pairs.S:6837	steps	stairs								0.526	0.146	4.392455554009926	4.3759324437323315	4.384193998871129	5	5		1	1																																	
CAND_MEANING_000229	Meaning	high_association	1		plus	candidate_pending_human_review			USF Appendix A	USF:Cue_Target_Pairs.P-R:4512	pretty	ugly								0.473	0.291	5.593524958853006	4.624868283817669	5.109196621335338	5	4		2	2																																	
CAND_MEANING_000230	Meaning	high_association	1		plus	candidate_pending_human_review			USF Appendix A	USF:Cue_Target_Pairs.T-Z:5465	venom	poison								0.509	0.0	3.3679767852945943	4.390034152776474	3.8790054690355342	5	5		2	2																																	
CAND_MEANING_000231	Meaning	high_association	1		plus	candidate_pending_human_review			USF Appendix A	USF:Cue_Target_Pairs.A-B:4203	band	music								0.432	0.02	4.727636927142811	5.18083399163911	4.9542354593909605	4	6		1	2																																	
CAND_MEANING_000232	Meaning	high_association	1		plus	candidate_pending_human_review			USF Appendix A	USF:Cue_Target_Pairs.D-F:2681	dislike	hate								0.6	0.034	3.5934598195660445	5.331605908278105	4.462532863922075	6	3		2	1																																	
CAND_MEANING_000233	Meaning	high_association	1		plus	candidate_pending_human_review			USF Appendix A	USF:Cue_Target_Pairs.S:8158	suds	soap								0.601	0.038	2.6726410656136697	4.181731526408374	3.4271862960110218	4	3		1	1																																	
CAND_MEANING_000234	Meaning	high_association	1		plus	candidate_pending_human_review			USF Appendix A	USF:Cue_Target_Pairs.P-R:602	parrot	bird								0.628	0.056	3.515146295049647	4.6575432555296405	4.086344775289644	5	3		2	1																																	
CAND_MEANING_000235	Meaning	high_association	1		plus	candidate_pending_human_review			USF Appendix A	USF:Cue_Target_Pairs.D-F:7742	fib	lie								0.816	0.066	3.105343180544919	5.080102788589556	4.092722984567238	3	2		1	1																																	
CAND_MEANING_000236	Meaning	high_association	1		plus	candidate_pending_human_review			USF Appendix A	USF:Cue_Target_Pairs.A-B:2867	artery	vein								0.417	0.326	3.7253991147764696	3.554880913632493	3.6401400142044813	5	3		3	1																																	
CAND_MEANING_000237	Meaning	high_association	1		plus	candidate_pending_human_review			USF Appendix A	USF:Cue_Target_Pairs.D-F:2453	discover	find								0.476	0.083	4.0805981950432315	5.9195805285277645	5.0000893617854985	7	4		3	1																																	
CAND_MEANING_000238	Meaning	high_association	1		plus	candidate_pending_human_review			USF Appendix A	USF:Cue_Target_Pairs.T-Z:5440	velocity	speed								0.559	0.02	3.44471816828512	4.615475559383765	4.0300968638344425	8	4		4	1																																	
CAND_MEANING_000239	Meaning	high_association	1		plus	candidate_pending_human_review			USF Appendix A	USF:Cue_Target_Pairs.D-F:8975	follower	leader								0.605	0.248	2.8239087409443187	4.493553721109443	3.6587312310268807	5	4		3	2																																	
CAND_MEANING_000240	Meaning	high_association	1		plus	candidate_pending_human_review			USF Appendix A	USF:Cue_Target_Pairs.P-R:6793	rays	sun								0.624	0.016	3.6368220975871743	4.843025031391392	4.239923564489283	3	3		1	1																																	
CAND_MEANING_000241	Meaning	high_association	1		plus	candidate_pending_human_review			USF Appendix A	USF:Cue_Target_Pairs.L-O:1278	life	death								0.485	0.273	5.901265957086794	5.3358314028129445	5.618548679949869	3	3		1	1																																	
CAND_MEANING_000242	Meaning	high_association	1		plus	candidate_pending_human_review			USF Appendix A	USF:Cue_Target_Pairs.C:5722	correct	wrong								0.554	0.0	4.6526444371974165	5.718583092118043	5.185613764657729	5	3		2	1																																	
CAND_MEANING_000243	Meaning	high_association	1		plus	candidate_pending_human_review			USF Appendix A	USF:Cue_Target_Pairs.S:8574	supply	demand								0.464	0.148	4.271066772286538	4.233444067607634	4.252255419947086	5	6		2	2																																	
CAND_MEANING_000244	Meaning	high_association	1		plus	candidate_pending_human_review			USF Appendix A	USF:Cue_Target_Pairs.P-R:9107	rob	steal								0.669	0.072	4.367246264547238	4.726998727936262	4.54712249624175	3	4		1	1																																	
CAND_MEANING_000245	Meaning	high_association	1		plus	candidate_pending_human_review			USF Appendix A	USF:Cue_Target_Pairs.D-F:5732	etiquette	manners								0.444	0.166	3.274701056941632	4.106010812470256	3.690355934705944	6	5		3	2																																	
CAND_MEANING_000246	Meaning	high_association	1		plus	candidate_pending_human_review			USF Appendix A	USF:Cue_Target_Pairs.A-B:1257	agony	pain								0.649	0.032	3.5734631911497914	4.990965316464065	4.282214253806928	5	3		3	1																																	
CAND_MEANING_000247	Meaning	high_association	1		plus	candidate_pending_human_review			USF Appendix A	USF:Cue_Target_Pairs.S:6575	starve	hungry								0.469	0.244	3.7893594719752786	4.886932867722153	4.338146169848716	5	6		1	2																																	
CAND_MEANING_000248	Meaning	high_association	1		plus	candidate_pending_human_review			USF Appendix A	USF:Cue_Target_Pairs.T-Z:7671	wings	bird								0.476	0.035	4.293730756922482	4.6575432555296405	4.475637006226061	4	3		1	1																																	
CAND_MEANING_000249	Meaning	high_association	1		plus	candidate_pending_human_review			USF Appendix A	USF:Cue_Target_Pairs.T-Z:2492	tote	bag								0.459	0.0	3.0327925133963074	4.973308998328875	4.003050755862591	3	3		1	1																																	
CAND_MEANING_000250	Meaning	high_association	1		plus	candidate_pending_human_review			USF Appendix A	USF:Cue_Target_Pairs.S:7579	strike	hit								0.447	0.0	4.6586659476203565	5.439332693830263	5.04899932072531	5	3		1	1																																	
CAND_MEANING_000251	Meaning	high_association	1		plus	candidate_pending_human_review			USF Appendix A	USF:Cue_Target_Pairs.P-R:7465	region	area								0.512	0.0	3.7006697892139133	4.874606861590473	4.2876383254021935	5	4		2	3																																	
CAND_MEANING_000252	Meaning	high_association	1		plus	candidate_pending_human_review			USF Appendix A	USF:Cue_Target_Pairs.T-Z:6220	wag	tail								0.68	0.048	2.7074031718728815	4.3784335295204455	3.5429183506966635	3	3		1	1																																	
CAND_MEANING_000253	Meaning	high_association	1		plus	candidate_pending_human_review			USF Appendix A	USF:Cue_Target_Pairs.S:5669	splinter	wood								0.534	0.018	3.167491087293764	4.431363764158988	3.7994274257263756	7	3		2	1																																	
CAND_MEANING_000254	Meaning	high_association	1		plus	candidate_pending_human_review			USF Appendix A	USF:Cue_Target_Pairs.G-K:2337	gum	chew								0.563	0.361	4.1268505275835965	3.957071799458189	4.0419611635208925	3	2		1	1																																	
CAND_MEANING_000255	Meaning	high_association	1		plus	candidate_pending_human_review			USF Appendix A	USF:Cue_Target_Pairs.S:2221	shampoo	conditioner								0.403	0.455	3.624868283817669	3.3338225090602887	3.479345396438979	5	9		2	4																																	
CAND_MEANING_000256	Meaning	high_association	1		plus	candidate_pending_human_review			USF Appendix A	USF:Cue_Target_Pairs.G-K:1966	grizzly	bear								0.723	0.111	3.2701534291909113	4.759000896288418	4.0145771627396645	6	3		2	1																																	
CAND_MEANING_000257	Meaning	high_association	1		plus	candidate_pending_human_review			USF Appendix A	USF:Cue_Target_Pairs.P-R:9253	rodent	rat								0.603	0.182	3.256217651247619	4.513322073121583	3.884769862184601	6	3		2	1																																	
CAND_MEANING_000258	Meaning	high_association	1		plus	candidate_pending_human_review			USF Appendix A	USF:Cue_Target_Pairs.S:4639	soccer	ball								0.424	0.027	4.098609797885951	5.021027067285495	4.559818432585723	4	3		2	1																																	
CAND_MEANING_000259	Meaning	high_association	1		plus	candidate_pending_human_review			USF Appendix A	USF:Cue_Target_Pairs.S:1883	serial	number								0.527	0.0	4.053605637057795	5.381911026589501	4.717758331823648	6	5		3	2																																	
CAND_MEANING_000260	Meaning	high_association	1		plus	candidate_pending_human_review			USF Appendix A	USF:Cue_Target_Pairs.S:8052	subtract	add								0.692	0.685	2.7395878552442827	4.519287394190787	3.629437624717535	8	2		2	1																																	
CAND_MEANING_000261	Meaning	high_association	1		plus	candidate_pending_human_review			USF Appendix A	USF:Cue_Target_Pairs.A-B:1060	affection	love								0.8	0.0	3.9269070940627953	6.047267230027272	4.987087162045033	7	3		3	1																																	
CAND_MEANING_000262	Meaning	high_association	1		plus	candidate_pending_human_review			USF Appendix A	USF:Cue_Target_Pairs.P-R:5757	pun	joke								0.575	0.0	3.2655576775017625	4.8634394962113685	4.0644985868565655	3	3		1	1																																	
CAND_MEANING_000263	Meaning	high_association	1		plus	candidate_pending_human_review			USF Appendix A	USF:Cue_Target_Pairs.C:2560	choose	pick								0.439	0.304	4.681773135154142	5.297524498974612	4.989648817064377	3	3		1	1																																	
CAND_MEANING_000264	Meaning	high_association	1		plus	candidate_pending_human_review			USF Appendix A	USF:Cue_Target_Pairs.A-B:5972	blend	mix								0.565	0.114	3.6308863175066683	4.213595874539802	3.9222410960232352	5	4		1	1																																	
CAND_MEANING_000265	Meaning	high_association	1		plus	candidate_pending_human_review			USF Appendix A	USF:Cue_Target_Pairs.D-F:4259	early	late								0.507	0.473	5.033581422753849	5.43092199105204	5.232251706902945	3	3		2	1																																	
CAND_MEANING_000266	Meaning	high_association	1		plus	candidate_pending_human_review			USF Appendix A	USF:Cue_Target_Pairs.D-F:3785	drive	car								0.48	0.122	5.185080857779364	5.68400001932028	5.434540438549822	4	3		1	1																																	
CAND_MEANING_000267	Meaning	high_association	1		plus	candidate_pending_human_review			USF Appendix A	USF:Cue_Target_Pairs.S:2837	shrink	small								0.486	0.0	4.053605637057795	5.096773742381929	4.575189689719862	5	4		1	1																																	
CAND_MEANING_000268	Meaning	high_association	1		plus	candidate_pending_human_review			USF Appendix A	USF:Cue_Target_Pairs.S:4701	socks	shoes								0.655	0.307	4.261845736256045	4.870151348411085	4.565998542333565	4	3		1	1																																	
CAND_MEANING_000269	Meaning	high_association	1		plus	candidate_pending_human_review			USF Appendix A	USF:Cue_Target_Pairs.S:7299	story	book								0.419	0.0	5.343968214417391	5.247925153086191	5.295946683751791	5	3		2	1																																	
CAND_MEANING_000270	Meaning	high_association	1		plus	candidate_pending_human_review			USF Appendix A	USF:Cue_Target_Pairs.S:5772	spook	scare								0.446	0.0	3.4385578595803015	4.525933584243198	3.9822457219117497	4	4		1	1																																	
CAND_MEANING_000271	Meaning	high_association	1		plus	candidate_pending_human_review			USF Appendix A	USF:Cue_Target_Pairs.T-Z:7582	win	lose								0.757	0.236	5.129196871296269	5.21577748039989	5.1724871758480795	3	3		1	1																																	
CAND_MEANING_000272	Meaning	high_association	1		plus	candidate_pending_human_review			USF Appendix A	USF:Cue_Target_Pairs.T-Z:3664	tug	pull								0.58	0.133	3.4385578595803015	5.165692283340791	4.302125071460546	3	3		1	1																																	
CAND_MEANING_000273	Meaning	high_association	1		plus	candidate_pending_human_review			USF Appendix A	USF:Cue_Target_Pairs.D-F:2419	discomfort	pain								0.422	0.0	3.2009148427807133	4.990965316464065	4.095940079622389	9	3		3	1																																	
CAND_MEANING_000274	Meaning	high_association	1		plus	candidate_pending_human_review			USF Appendix A	USF:Cue_Target_Pairs.C:1303	cautious	careful								0.513	0.394	3.5254259342942174	5.03672280702474	4.2810743706594785	5	6		2	2																																	
CAND_MEANING_000275	Meaning	high_association	1		plus	candidate_pending_human_review			USF Appendix A	USF:Cue_Target_Pairs.S:417	sardine	fish								0.452	0.0	2.9551876555836376	4.921635481004367	3.9384115682940024	6	3		2	1																																	
CAND_MEANING_000276	Meaning	high_association	1		plus	candidate_pending_human_review			USF Appendix A	USF:Cue_Target_Pairs.P-R:8744	riddle	joke								0.442	0.03	3.656041803794208	4.8634394962113685	4.259740650002788	5	3		2	1																																	
CAND_MEANING_000277	Meaning	high_association	1		plus	candidate_pending_human_review			USF Appendix A	USF:Cue_Target_Pairs.G-K:3085	hatchet	ax								0.467	0.033	3.2924298239020637	3.6368220975871743	3.464625960744619	5	3		2	1																																	
CAND_MEANING_000278	Meaning	high_association	1		plus	candidate_pending_human_review			USF Appendix A	USF:Cue_Target_Pairs.D-F:8474	flex	muscle								0.458	0.055	2.9913998282380825	4.1337892943569186	3.5625945612975007	5	5		1	2																																	
CAND_MEANING_000279	Meaning	high_association	1		plus	candidate_pending_human_review			USF Appendix A	USF:Cue_Target_Pairs.S:345	sand	beach								0.717	0.394	4.307370173695	4.753027012799665	4.5301985932473325	4	3		1	1																																	
CAND_MEANING_000280	Meaning	high_association	1		plus	candidate_pending_human_review			USF Appendix A	USF:Cue_Target_Pairs.A-B:8044	bumper	car								0.647	0.0	3.5501083987712483	5.68400001932028	4.617054209045764	5	3		2	1																																	
CAND_MEANING_000281	Meaning	high_association	1		plus	candidate_pending_human_review			USF Appendix A	USF:Cue_Target_Pairs.G-K:6636	intelligence	smart								0.493	0.0	4.284983341734199	4.983422856001933	4.634203098868066	10	5		4	1																																	
CAND_MEANING_000282	Meaning	high_association	1		plus	candidate_pending_human_review			USF Appendix A	USF:Cue_Target_Pairs.P-R:276	pane	window								0.833	0.179	2.6726410656136697	4.9344984512435675	3.8035697584286186	3	5		1	2																																	
CAND_MEANING_000283	Meaning	high_association	1		plus	candidate_pending_human_review			USF Appendix A	USF:Cue_Target_Pairs.A-B:2037	angry	mad								0.52	0.393	4.770707655821669	5.054658108188538	4.912682882005104	5	3		2	1																																	
CAND_MEANING_000284	Meaning	high_association	1		plus	candidate_pending_human_review			USF Appendix A	USF:Cue_Target_Pairs.A-B:6174	blossom	flower								0.441	0.018	3.5572476469116	4.357262043640637	3.9572548452761187	6	4		2	2																																	
CAND_MEANING_000285	Meaning	high_association	1		plus	candidate_pending_human_review			USF Appendix A	USF:Cue_Target_Pairs.L-O:7542	notion	idea								0.486	0.015	3.818769101291908	5.555141886533789	4.686955493912849	5	4		2	3																																	
CAND_MEANING_000286	Meaning	high_association	1		plus	candidate_pending_human_review			USF Appendix A	USF:Cue_Target_Pairs.D-F:3263	donor	blood								0.524	0.067	3.6104931588648252	5.269787553447365	4.440140356156095	4	4		2	1																																	
CAND_MEANING_000287	Meaning	high_association	1		plus	candidate_pending_human_review			USF Appendix A	USF:Cue_Target_Pairs.C:26	cabin	log								0.415	0.109	4.2932975454332905	4.07775965891283	4.18552860217306	5	3		2	1																																	
CAND_MEANING_000288	Meaning	high_association	1		plus	candidate_pending_human_review			USF Appendix A	USF:Cue_Target_Pairs.L-O:2046	look	see								0.678	0.239	6.289427178890095	6.407684101318111	6.348555640104102	3	2		1	1																																	
CAND_MEANING_000289	Meaning	high_association	1		plus	candidate_pending_human_review			USF Appendix A	USF:Cue_Target_Pairs.D-F:7072	famine	hunger								0.452	0.0	3.2009148427807133	3.769551078621726	3.48523296070122	5	5		2	2																																	
CAND_MEANING_000290	Meaning	high_association	1		plus	candidate_pending_human_review			USF Appendix A	USF:Cue_Target_Pairs.S:9038	switch	light								0.459	0.013	4.448978975233845	5.21799973344544	4.833489354339642	4	3		1	1																																	
CAND_MEANING_000291	Meaning	high_association	1		plus	candidate_pending_human_review			USF Appendix A	USF:Cue_Target_Pairs.A-B:7032	boy	girl								0.701	0.738	5.724131241365484	5.745946915233606	5.735039078299545	2	3		1	1																																	
CAND_MEANING_000292	Meaning	high_association	1		plus	candidate_pending_human_review			USF Appendix A	USF:Cue_Target_Pairs.T-Z:8629	young	old								0.595	0.236	5.385921550912995	5.7845753419463515	5.585248446429674	3	3		1	1																																	
CAND_MEANING_000293	Meaning	high_association	1		plus	candidate_pending_human_review			USF Appendix A	USF:Cue_Target_Pairs.A-B:5021	bed	sleep								0.638	0.092	5.2721147477290895	5.357822785464055	5.314968766596572	3	4		1	1																																	
CAND_MEANING_000294	Meaning	high_association	1		plus	candidate_pending_human_review			USF Appendix A	USF:Cue_Target_Pairs.P-R:2307	pine	tree								0.642	0.014	3.7921169065204676	4.812913356642856	4.302515131581662	3	3		1	1																																	
CAND_MEANING_000295	Meaning	high_association	1		plus	candidate_pending_human_review			USF Appendix A	USF:Cue_Target_Pairs.G-K:611	ghoul	ghost								0.649	0.03	3.0084331675368627	4.563341463312545	3.785887315424704	3	4		1	1																																	
CAND_MEANING_000296	Meaning	high_association	1		plus	candidate_pending_human_review			USF Appendix A	USF:Cue_Target_Pairs.S:1300	seagull	bird								0.48	0.01	3.0848215134003176	4.6575432555296405	3.871182384464979	5	3		2	1																																	
CAND_MEANING_000297	Meaning	high_association	1		plus	candidate_pending_human_review			USF Appendix A	USF:Cue_Target_Pairs.G-K:3615	helium	balloon								0.556	0.115	3.1557526840225196	3.9378520932511556	3.546802388636838	6	5		3	2																																	
CAND_MEANING_000298	Meaning	high_association	1		plus	candidate_pending_human_review			USF Appendix A	USF:Cue_Target_Pairs.L-O:5830	mother	father								0.597	0.706	5.6811702684266745	5.7438938718076695	5.712532070117172	4	4		2	2																																	
CAND_MEANING_000299	Meaning	high_association	1		plus	candidate_pending_human_review			USF Appendix A	USF:Cue_Target_Pairs.D-F:4046	dull	boring								0.458	0.142	4.082010536066489	4.437936995311726	4.259973765689107	3	5		1	2																																	
CAND_MEANING_000300	Meaning	high_association	1		plus	candidate_pending_human_review			USF Appendix A	USF:Cue_Target_Pairs.S:3132	sill	window								0.682	0.128	2.6541576599196564	4.9344984512435675	3.794328055581612	3	5		1	2																																	
CAND_MEANING_000301	Meaning	high_association	1		plus	candidate_pending_human_review			USF Appendix A	USF:Cue_Target_Pairs.A-B:7502	brilliant	smart								0.52	0.0	4.553930597100344	4.983422856001933	4.7686767265511385	8	5		2	1																																	
CAND_MEANING_000302	Meaning	high_association	1		plus	candidate_pending_human_review			USF Appendix A	USF:Cue_Target_Pairs.L-O:6068	mud	dirt								0.599	0.276	4.1709516194032705	4.409701119557828	4.29032636948055	3	3		1	1																																	
CAND_MEANING_000303	Meaning	high_association	1		plus	candidate_pending_human_review			USF Appendix A	USF:Cue_Target_Pairs.L-O:8306	once	twice								0.612	0.264	5.537670972806524	4.796356628095574	5.167013800451048	4	4		1	1																																	
CAND_MEANING_000304	Meaning	high_association	1		plus	candidate_pending_human_review			USF Appendix A	USF:Cue_Target_Pairs.G-K:711	girls	boys								0.503	0.5	5.3187996354757825	5.3505520396849775	5.33467583758038	4	3		1	1																																	
CAND_MEANING_000305	Meaning	high_association	1		plus	candidate_pending_human_review			USF Appendix A	USF:Cue_Target_Pairs.P-R:7872	remove	take								0.446	0.0	4.327459106104431	6.276700535180079	5.3020798206422555	5	3		2	1																																	
CAND_MEANING_000306	Meaning	high_association	1		plus	candidate_pending_human_review			USF Appendix A	USF:Cue_Target_Pairs.T-Z:7899	woman	man								0.595	0.66	5.638117152800911	6.266171723689466	5.952144438245188	5	3		2	1																																	
CAND_MEANING_000307	Meaning	high_association	1		plus	candidate_pending_human_review			USF Appendix A	USF:Cue_Target_Pairs.S:8926	sweep	broom								0.406	0.504	3.9781715625043272	3.678036097500376	3.8281038300023518	4	4		1	1																																	
CAND_MEANING_000308	Meaning	high_association	1		plus	candidate_pending_human_review			USF Appendix A	USF:Cue_Target_Pairs.L-O:8083	odor	smell								0.697	0.159	3.3679767852945943	4.919795680494796	4.143886232894696	3	4		2	1																																	
CAND_MEANING_000309	Meaning	high_association	1		plus	candidate_pending_human_review			USF Appendix A	USF:Cue_Target_Pairs.G-K:6327	insane	crazy								0.523	0.209	4.587556909154255	5.435006984822598	5.011281946988427	5	5		2	2																																	
CAND_MEANING_000310	Meaning	high_association	1		plus	candidate_pending_human_review			USF Appendix A	USF:Cue_Target_Pairs.D-F:2252	disagree	argue								0.432	0.02	3.8213465241797184	4.295459294455682	4.0584029093177	7	5		3	2																																	
CAND_MEANING_000311	Meaning	high_association	1		plus	candidate_pending_human_review			USF Appendix A	USF:Cue_Target_Pairs.G-K:4185	hive	bee								0.809	0.173	2.9913998282380825	4.015063746435876	3.503231787336979	3	2		1	1																																	
CAND_MEANING_000312	Meaning	high_association	1		plus	candidate_pending_human_review			USF Appendix A	USF:Cue_Target_Pairs.T-Z:1423	thigh	leg								0.518	0.012	3.5734631911497914	4.752123800380034	4.162793495764912	2	3		1	1																																	
CAND_MEANING_000313	Meaning	high_association	1		plus	candidate_pending_human_review			USF Appendix A	USF:Cue_Target_Pairs.D-F:7709	feud	fight								0.652	0.0	3.1119737594439325	5.303365488606449	4.207669624025191	4	3		1	1																																	
CAND_MEANING_000314	Meaning	high_association	1		plus	candidate_pending_human_review			USF Appendix A	USF:Cue_Target_Pairs.D-F:8441	flee	run								0.592	0.0	3.6597857449280826	5.544748756843717	4.6022672508859	3	3		1	1																																	
CAND_MEANING_000315	Meaning	high_association	1		plus	candidate_pending_human_review			USF Appendix A	USF:Cue_Target_Pairs.S:6457	standing	sitting								0.524	0.452	4.893837884436747	4.974935909841075	4.934386897138911	7	5		2	2																																	
CAND_MEANING_000316	Meaning	high_association	1		plus	candidate_pending_human_review			USF Appendix A	USF:Cue_Target_Pairs.C:2745	cinema	movie								0.793	0.025	3.5890950141635947	5.089766624677413	4.339430819420504	6	4		3	2																																	
CAND_MEANING_000317	Meaning	high_association	1		plus	candidate_pending_human_review			USF Appendix A	USF:Cue_Target_Pairs.A-B:6167	bloom	flower								0.593	0.03	3.7411361438071435	4.357262043640637	4.049199093723891	4	4		1	2																																	
CAND_MEANING_000318	Meaning	high_association	1		plus	candidate_pending_human_review			USF Appendix A	USF:Cue_Target_Pairs.P-R:6188	quiver	shake								0.615	0.014	2.6541576599196564	4.5979961374173675	3.626076898668512	5	3		2	1																																	
CAND_MEANING_000319	Meaning	high_association	1		plus	candidate_pending_human_review			USF Appendix A	USF:Cue_Target_Pairs.G-K:5279	hymn	song								0.479	0.0	3.2115079162781375	4.971675969315923	4.09159194279703	3	3		1	1																																	
CAND_MEANING_000320	Meaning	high_association	1		plus	candidate_pending_human_review			USF Appendix A	USF:Cue_Target_Pairs.L-O:6677	necessary	need								0.473	0.0	4.662572670953166	6.11223688849282	5.387404779722993	8	3		4	1																																	
CAND_MEANING_000321	Meaning	high_association	1		plus	candidate_pending_human_review			USF Appendix A	USF:Cue_Target_Pairs.C:3247	cloak	dagger								0.441	0.03	3.4771212547196626	3.6921035453831017	3.584612400051382	4	4		1	2																																	
CAND_MEANING_000322	Meaning	high_association	1		plus	candidate_pending_human_review			USF Appendix A	USF:Cue_Target_Pairs.G-K:6241	ink	pen								0.695	0.152	3.8744931868137726	4.393144910475145	4.133819048644459	3	3		1	1																																	
CAND_MEANING_000323	Meaning	high_association	1		plus	candidate_pending_human_review			USF Appendix A	USF:Cue_Target_Pairs.G-K:3074	hatch	egg								0.405	0.0	4.108007572226331	4.415627898934062	4.2618177355801965	3	2		1	1																																	
CAND_MEANING_000324	Meaning	high_association	1		plus	candidate_pending_human_review			USF Appendix A	USF:Cue_Target_Pairs.L-O:803	leaves	tree								0.486	0.0	4.657168378957462	4.812913356642856	4.7350408678001585	4	3		1	1																																	
CAND_MEANING_000325	Meaning	high_association	1		plus	candidate_pending_human_review			USF Appendix A	USF:Cue_Target_Pairs.S:3679	slacks	pants								0.644	0.011	3.040617850908264	4.768971632929492	3.904794741918878	5	5		1	1																																	
CAND_MEANING_000326	Meaning	high_association	1		plus	candidate_pending_human_review			USF Appendix A	USF:Cue_Target_Pairs.L-O:2418	lumber	wood								0.596	0.0	3.3928003690196267	4.431363764158988	3.9120820665893072	5	3		2	1																																	
CAND_MEANING_000327	Meaning	high_association	1		plus	candidate_pending_human_review			USF Appendix A	USF:Cue_Target_Pairs.A-B:5444	better	worse								0.435	0.403	5.899820502427096	4.991573511296547	5.445697006861822	4	3		2	1																																	
CAND_MEANING_000328	Meaning	high_association	1		plus	candidate_pending_human_review			USF Appendix A	USF:Cue_Target_Pairs.A-B:5407	best	worst								0.536	0.504	5.606781665677726	4.750916587700271	5.178849126688998	4	4		1	1																																	
CAND_MEANING_000329	Meaning	high_association	1		plus	candidate_pending_human_review			USF Appendix A	USF:Cue_Target_Pairs.T-Z:3414	trot	horse								0.4	0.0	3.256217651247619	4.96793320863002	4.11207542993882	4	4		1	1																																	
CAND_MEANING_000330	Meaning	high_association	1		plus	candidate_pending_human_review			USF Appendix A	USF:Cue_Target_Pairs.P-R:4755	print	write								0.49	0.156	4.300177601902804	5.1031326848491805	4.7016551433759926	5	3		1	1																																	
CAND_MEANING_000331	Meaning	high_association	1		plus	candidate_pending_human_review			USF Appendix A	USF:Cue_Target_Pairs.A-B:2702	argument	fight								0.514	0.014	4.230448921378274	5.303365488606449	4.7669072049923615	9	3		3	1																																	
CAND_MEANING_000332	Meaning	high_association	1		plus	candidate_pending_human_review			USF Appendix A	USF:Cue_Target_Pairs.P-R:6093	queen	king								0.73	0.772	4.737878338168113	5.111447022591123	4.924662680379618	4	3		1	1																																	
CAND_MEANING_000333	Meaning	high_association	1		plus	candidate_pending_human_review			USF Appendix A	USF:Cue_Target_Pairs.L-O:7639	numerous	many								0.568	0.0	3.554880913632493	5.5556159813157695	4.555248447474131	6	4		3	2																																	
CAND_MEANING_000334	Meaning	high_association	1		plus	candidate_pending_human_review			USF Appendix A	USF:Cue_Target_Pairs.S:6823	stench	smell								0.562	0.0	3.3455082673854832	4.919795680494796	4.13265197394014	5	4		1	1																																	
CAND_MEANING_000335	Meaning	high_association	1		plus	candidate_pending_human_review			USF Appendix A	USF:Cue_Target_Pairs.T-Z:6447	wand	magic								0.466	0.102	3.4883294763112973	4.721697490335232	4.1050134833232645	4	5		1	2																																	
CAND_MEANING_000336	Meaning	high_association	1		plus	candidate_pending_human_review			USF Appendix A	USF:Cue_Target_Pairs.G-K:6509	instructor	teacher								0.566	0.074	3.6726410656136697	4.746053897493515	4.209347481553593	9	4		3	2																																	
CAND_MEANING_000337	Meaning	high_association	1		plus	candidate_pending_human_review			USF Appendix A	USF:Cue_Target_Pairs.A-B:594	actress	actor								0.507	0.578	4.204651880434479	4.420505836570779	4.312578858502629	6	4		2	2																																	
CAND_MEANING_000338	Meaning	high_association	1		plus	candidate_pending_human_review			USF Appendix A	USF:Cue_Target_Pairs.T-Z:2347	toothbrush	toothpaste								0.493	0.296	3.6989700043360187	3.4965498065579883	3.5977599054470035	7	7		2	2																																	
CAND_MEANING_000339	Meaning	high_association	1		plus	candidate_pending_human_review			USF Appendix A	USF:Cue_Target_Pairs.C:2465	chirp	bird								0.784	0.0	2.769551078621726	4.6575432555296405	3.713547167075683	3	3		1	1																																	
CAND_MEANING_000340	Meaning	high_association	1		plus	candidate_pending_human_review			USF Appendix A	USF:Cue_Target_Pairs.P-R:8057	reprimand	punishment								0.466	0.0	2.723793588061051	4.12812039539449	3.4259569917277704	9	9		3	3																																	
CAND_MEANING_000341	Meaning	high_association	1		plus	candidate_pending_human_review			USF Appendix A	USF:Cue_Target_Pairs.T-Z:992	tent	camp								0.459	0.126	4.2427946782781865	4.7094029965051	4.476098837391643	4	4		1	1																																	
CAND_MEANING_000342	Meaning	high_association	1		plus	candidate_pending_human_review			USF Appendix A	USF:Cue_Target_Pairs.A-B:4126	ballet	dance								0.428	0.081	4.0109315127693375	5.170376775531252	4.590654144150294	4	4		2	1																																	
CAND_MEANING_000343	Meaning	high_association	1		plus	candidate_pending_human_review			USF Appendix A	USF:Cue_Target_Pairs.L-O:6622	nausea	sick								0.448	0.016	3.3338225090602887	5.21861787300927	4.2762201910347795	5	3		3	1																																	
CAND_MEANING_000344	Meaning	high_association	1		plus	candidate_pending_human_review			USF Appendix A	USF:Cue_Target_Pairs.C:5383	conversation	talk								0.642	0.024	4.697776184077773	5.931966114728173	5.314871149402973	10	3		4	1																																	
CAND_MEANING_000345	Meaning	high_association	1		plus	candidate_pending_human_review			USF Appendix A	USF:Cue_Target_Pairs.T-Z:8704	zest	soap								0.574	0.0	2.8364978682523394	4.181731526408374	3.5091146973303564	4	3		1	1																																	
CAND_MEANING_000346	Meaning	high_association	1		plus	candidate_pending_human_review			USF Appendix A	USF:Cue_Target_Pairs.P-R:5645	publisher	book								0.533	0.0	3.6541576599196564	5.247925153086191	4.451041406502924	7	3		3	1																																	
CAND_MEANING_000347	Meaning	high_association	1		plus	candidate_pending_human_review			USF Appendix A	USF:Cue_Target_Pairs.S:6140	stable	horse								0.425	0.0	4.12044488812604	4.96793320863002	4.54418904837803	6	4		2	1																																	
CAND_MEANING_000348	Meaning	high_association	1		plus	candidate_pending_human_review			USF Appendix A	USF:Cue_Target_Pairs.S:3593	skinny	fat								0.419	0.228	4.145519353753929	4.899992067085652	4.522755710419791	5	3		2	1																																	
CAND_MEANING_000349	Meaning	high_association	1		plus	candidate_pending_human_review			USF Appendix A	USF:Cue_Target_Pairs.L-O:1692	literature	book								0.486	0.0	3.8056474239700027	5.247925153086191	4.526786288528097	7	3		4	1																																	
CAND_MEANING_000350	Meaning	high_association	1		plus	candidate_pending_human_review			USF Appendix A	USF:Cue_Target_Pairs.G-K:6338	insect	bug								0.488	0.201	3.4992556999339133	4.321001076594602	3.9101283882642575	6	3		2	1																																	
CAND_MEANING_000351	Meaning	high_association	1		plus	candidate_pending_human_review			USF Appendix A	USF:Cue_Target_Pairs.D-F:5586	error	mistake								0.679	0.24	3.9672909646398753	5.008433167536863	4.487862066088369	3	6		2	2																																	
CAND_MEANING_000352	Meaning	high_association	1		plus	candidate_pending_human_review			USF Appendix A	USF:Cue_Target_Pairs.S:2305	shatter	glass								0.412	0.0	3.1497623203333323	4.7832307759129185	3.9664965481231254	4	4		2	1																																	
CAND_MEANING_000353	Meaning	high_association	1		plus	candidate_pending_human_review			USF Appendix A	USF:Cue_Target_Pairs.D-F:7959	filth	dirt								0.693	0.037	3.656041803794208	4.409701119557828	4.032871461676018	4	3		1	1																																	
CAND_MEANING_000354	Meaning	high_association	1		plus	candidate_pending_human_review			USF Appendix A	USF:Cue_Target_Pairs.C:3258	clock	time								0.652	0.372	4.768101012226493	6.291951837030967	5.53002642462873	4	3		1	1																																	
CAND_MEANING_000355	Meaning	high_association	1		plus	candidate_pending_human_review			USF Appendix A	USF:Cue_Target_Pairs.G-K:8115	king	queen								0.772	0.73	5.111447022591123	4.737878338168113	4.924662680379618	3	4		1	1																																	
CAND_MEANING_000356	Meaning	high_association	1		plus	candidate_pending_human_review			USF Appendix A	USF:Cue_Target_Pairs.D-F:4506	editorial	newspaper								0.403	0.01	3.337752802688721	4.374496758187177	3.856124780437949	9	7		5	3																																	
CAND_MEANING_000357	Meaning	high_association	1		plus	candidate_pending_human_review			USF Appendix A	USF:Cue_Target_Pairs.S:5919	spree	shopping								0.473	0.05	3.329856321842687	4.477121254719663	3.903488788281175	4	5		1	2																																	
CAND_MEANING_000358	Meaning	high_association	1		plus	candidate_pending_human_review			USF Appendix A	USF:Cue_Target_Pairs.S:8960	swift	fast								0.606	0.016	3.5868960500636566	5.138147841868722	4.36252194596619	5	4		1	1																																	
CAND_MEANING_000359	Meaning	high_association	1		plus	candidate_pending_human_review			USF Appendix A	USF:Cue_Target_Pairs.D-F:487	debate	argue								0.473	0.034	3.968208165576149	4.295459294455682	4.131833730015916	5	5		2	2																																	
CAND_MEANING_000360	Meaning	high_association	1		plus	candidate_pending_human_review			USF Appendix A	USF:Cue_Target_Pairs.C:7036	crust	pie								0.46	0.016	3.5125379119421187	4.458563794207173	3.9855508530746455	5	2		1	1																																	
CAND_MEANING_000361	Meaning	high_association	1		plus	candidate_pending_human_review			USF Appendix A	USF:Cue_Target_Pairs.L-O:6035	mower	lawn								0.658	0.185	3.167491087293764	4.091770373355645	3.6296307303247044	3	3		2	1																																	
CAND_MEANING_000362	Meaning	high_association	1		plus	candidate_pending_human_review			USF Appendix A	USF:Cue_Target_Pairs.P-R:9080	roar	lion								0.614	0.032	3.604183684957818	4.186191585960007	3.895187635458912	3	4		1	2																																	
CAND_MEANING_000363	Meaning	high_association	1		plus	candidate_pending_human_review			USF Appendix A	USF:Cue_Target_Pairs.C:2496	chlorine	pool								0.664	0.017	2.872213420518874	4.671916637619337	3.772065029069106	6	3		2	1																																	
CAND_MEANING_000364	Meaning	high_association	1		plus	candidate_pending_human_review			USF Appendix A	USF:Cue_Target_Pairs.D-F:5277	engagement	marriage								0.484	0.0	4.115904053072365	4.88682237427749	4.501363213674928	9	5		3	2																																	
CAND_MEANING_000365	Meaning	high_association	1		plus	candidate_pending_human_review			USF Appendix A	USF:Cue_Target_Pairs.T-Z:3440	trousers	pants								0.846	0.0	3.7123855723918213	4.768971632929492	4.240678602660656	6	5		2	1																																	
CAND_MEANING_000366	Meaning	high_association	1		plus	candidate_pending_human_review			USF Appendix A	USF:Cue_Target_Pairs.L-O:2178	lost	found								0.747	0.813	5.437750562820388	5.597695185925512	5.51772287437295	4	4		1	1																																	
CAND_MEANING_000367	Meaning	high_association	1		plus	candidate_pending_human_review			USF Appendix A	USF:Cue_Target_Pairs.P-R:1098	pay	money								0.449	0.0	5.405871777867385	5.806698582254281	5.6062851800608335	2	4		1	2																																	
CAND_MEANING_000368	Meaning	high_association	1		plus	candidate_pending_human_review			USF Appendix A	USF:Cue_Target_Pairs.S:3654	skyscraper	building								0.432	0.017	2.894489815230026	4.998122520439767	3.9463061678348965	9	6		3	2																																	
CAND_MEANING_000369	Meaning	high_association	1		plus	candidate_pending_human_review			USF Appendix A	USF:Cue_Target_Pairs.C:1221	cathedral	church								0.717	0.016	3.5711834248548926	4.843025031391392	4.207104228123142	8	3		3	1																																	
CAND_MEANING_000370	Meaning	high_association	1		plus	candidate_pending_human_review			USF Appendix A	USF:Cue_Target_Pairs.G-K:4017	hilarious	funny								0.811	0.041	3.7622518398802267	5.338807911950337	4.550529875915282	8	4		4	2																																	
CAND_MEANING_000371	Meaning	high_association	1		plus	candidate_pending_human_review			USF Appendix A	USF:Cue_Target_Pairs.S:4480	snooze	sleep								0.52	0.02	2.9551876555836376	5.357822785464055	4.156505220523846	4	4		1	1																																	
CAND_MEANING_000372	Meaning	high_association	1		plus	candidate_pending_human_review			USF Appendix A	USF:Cue_Target_Pairs.L-O:358	late	early								0.473	0.507	5.43092199105204	5.033581422753849	5.232251706902945	3	3		1	2																																	
CAND_MEANING_000373	Meaning	high_association	1		plus	candidate_pending_human_review			USF Appendix A	USF:Cue_Target_Pairs.S:6586	starving	hungry								0.721	0.0	4.229445931366878	4.886932867722153	4.558189399544515	7	6		2	2																																	
CAND_MEANING_000374	Meaning	high_association	1		plus	candidate_pending_human_review			USF Appendix A	USF:Cue_Target_Pairs.T-Z:4533	unite	together								0.486	0.0	3.479950544738527	5.583643224175661	4.531796884457094	5	6		2	3																																	
CAND_MEANING_000375	Meaning	high_association	1		plus	candidate_pending_human_review			USF Appendix A	USF:Cue_Target_Pairs.D-F:5813	evening	night								0.417	0.0	5.081657881169399	5.937537558034146	5.509597719601772	5	3		2	1																																	
CAND_MEANING_000376	Meaning	high_association	1		plus	candidate_pending_human_review			USF Appendix A	USF:Cue_Target_Pairs.D-F:8007	find	lose								0.4	0.223	5.9195805285277645	5.21577748039989	5.567679004463827	4	3		1	1																																	
CAND_MEANING_000377	Meaning	high_association	1		plus	candidate_pending_human_review			USF Appendix A	USF:Cue_Target_Pairs.L-O:3072	many	few								0.425	0.465	5.5556159813157695	5.479753093277111	5.51768453729644	4	3		2	1																																	
CAND_MEANING_000378	Meaning	high_association	1		plus	candidate_pending_human_review			USF Appendix A	USF:Cue_Target_Pairs.T-Z:8184	worse	better								0.403	0.435	4.991573511296547	5.899820502427096	5.445697006861822	3	4		1	2																																	
CAND_MEANING_000379	Meaning	high_association	1		plus	candidate_pending_human_review			USF Appendix A	USF:Cue_Target_Pairs.T-Z:8620	you	me								0.701	0.5	7.6217693187691165	6.965763199974124	7.293766259371621	2	2		1	1																																	
CAND_MEANING_000380	Meaning	high_association	1		plus	candidate_pending_human_review			USF Appendix A	USF:Cue_Target_Pairs.D-F:8865	foe	enemy								0.401	0.197	3.2655576775017625	4.685829519195165	3.975693598348464	2	5		1	3																																	
CAND_MEANING_000381	Meaning	high_association	1		plus	candidate_pending_human_review			USF Appendix A	USF:Cue_Target_Pairs.G-K:7359	jet	plane								0.662	0.035	4.150365088621493	4.980137103526882	4.565251096074188	3	4		1	1																																	
CAND_MEANING_000382	Meaning	high_association	1		plus	candidate_pending_human_review			USF Appendix A	USF:Cue_Target_Pairs.G-K:7543	journey	trip								0.459	0.014	4.299750776824808	4.915885871971997	4.607818324398403	4	4		2	1																																	
CAND_MEANING_000383	Meaning	high_association	1		plus	candidate_pending_human_review			USF Appendix A	USF:Cue_Target_Pairs.A-B:7930	bulb	light								0.788	0.212	3.5934598195660445	5.21799973344544	4.405729776505742	4	3		1	1																																	
CAND_MEANING_000384	Meaning	high_association	1		plus	candidate_pending_human_review			USF Appendix A	USF:Cue_Target_Pairs.D-F:3296	doorbell	ring								0.592	0.0	3.9208187539523753	4.967290964639876	4.444054859296125	6	3		2	1																																	
CAND_MEANING_000385	Meaning	high_association	1		plus	candidate_pending_human_review			USF Appendix A	USF:Cue_Target_Pairs.G-K:664	giggle	laugh								0.78	0.073	3.231949076520682	4.79839334192019	4.015171209220436	5	3		2	1																																	
CAND_MEANING_000386	Meaning	high_association	1		plus	candidate_pending_human_review			USF Appendix A	USF:Cue_Target_Pairs.A-B:5096	beetle	bug								0.616	0.054	3.3136191229720016	4.321001076594602	3.8173100997833016	5	3		2	1																																	
CAND_MEANING_000387	Meaning	high_association	1		plus	candidate_pending_human_review			USF Appendix A	USF:Cue_Target_Pairs.P-R:8273	respiration	breathe								0.654	0.014	3.0917703733556454	4.685829519195165	3.8887999462754053	9	4		4	1																																	
CAND_MEANING_000388	Meaning	high_association	1		plus	candidate_pending_human_review			USF Appendix A	USF:Cue_Target_Pairs.T-Z:231	tame	wild								0.4	0.063	3.4354446241561587	4.7582586392595	4.096851631707829	3	4		1	1																																	
CAND_MEANING_000389	Meaning	high_association	1		plus	candidate_pending_human_review			USF Appendix A	USF:Cue_Target_Pairs.T-Z:8414	wrong	right								0.723	0.392	5.718583092118043	6.602970203685071	6.160776647901557	3	3		1	1																																	
CAND_MEANING_000390	Meaning	high_association	1		plus	candidate_pending_human_review			USF Appendix A	USF:Cue_Target_Pairs.L-O:8817	ounce	pound								0.533	0.115	3.606297044271217	4.142463081591833	3.8743800629315253	3	4		1	1																																	
CAND_MEANING_000391	Meaning	high_association	1		plus	candidate_pending_human_review			USF Appendix A	USF:Cue_Target_Pairs.T-Z:2304	tool	hammer								0.402	0.039	4.0312103823864325	4.095886939550478	4.063548660968455	3	4		1	2																																	
CAND_MEANING_000392	Meaning	high_association	1		plus	candidate_pending_human_review			USF Appendix A	USF:Cue_Target_Pairs.S:4900	son	daughter								0.586	0.444	5.613593120662743	5.233891563249394	5.423742341956068	3	4		1	2																																	
CAND_MEANING_000393	Meaning	high_association	1		plus	candidate_pending_human_review			USF Appendix A	USF:Cue_Target_Pairs.T-Z:1443	thin	fat								0.563	0.201	4.304845198664497	4.899992067085652	4.602418632875074	3	3		1	1																																	
CAND_MEANING_000394	Meaning	high_association	1		plus	candidate_pending_human_review			USF Appendix A	USF:Cue_Target_Pairs.C:1553	ceremony	wedding								0.439	0.014	4.199303358624134	5.006172302311146	4.602737830467641	8	5		4	2																																	
CAND_MEANING_000395	Meaning	high_association	1		plus	candidate_pending_human_review			USF Appendix A	USF:Cue_Target_Pairs.A-B:7751	bubble	gum								0.609	0.054	3.9030899869919438	4.1268505275835965	4.01497025728777	5	3		2	1																																	
CAND_MEANING_000396	Meaning	high_association	1		plus	candidate_pending_human_review			USF Appendix A	USF:Cue_Target_Pairs.S:7731	structure	building								0.415	0.034	4.007597181750521	4.998122520439767	4.502859851095144	7	6		2	2																																	
CAND_MEANING_000397	Meaning	high_association	1		plus	candidate_pending_human_review			USF Appendix A	USF:Cue_Target_Pairs.D-F:3609	drapes	curtains								0.55	0.196	3.4742734118468364	3.7989348563069356	3.6366041340768858	5	6		1	2																																	
CAND_MEANING_000398	Meaning	high_association	1		plus	candidate_pending_human_review			USF Appendix A	USF:Cue_Target_Pairs.G-K:6461	instruct	teach								0.529	0.067	3.2218487496163566	4.862388641998658	4.042118695807507	8	3		2	1																																	
CAND_MEANING_000399	Meaning	high_association	1		plus	candidate_pending_human_review			USF Appendix A	USF:Cue_Target_Pairs.P-R:9568	royalty	king								0.412	0.016	3.5934598195660445	5.111447022591123	4.352453421078584	6	3		3	1																																	
CAND_MEANING_000400	Meaning	high_association	1		plus	candidate_pending_human_review			USF Appendix A	USF:Cue_Target_Pairs.G-K:4437	honesty	truth								0.446	0.0	3.8582776425755814	5.2837002130971635	4.570988927836373	6	4		3	1																																	
CAND_MEANING_000401	Meaning	high_association	1		plus	candidate_pending_human_review			USF Appendix A	USF:Cue_Target_Pairs.D-F:8466	flesh	skin								0.575	0.034	4.343582346349445	4.643839575827503	4.493710961088474	4	4		1	1																																	
CAND_MEANING_000402	Meaning	high_association	1		plus	candidate_pending_human_review			USF Appendix A	USF:Cue_Target_Pairs.P-R:7571	rejoice	happy								0.411	0.0	3.226928275145631	5.522699881313269	4.37481407822945	5	4		2	2																																	
CAND_MEANING_000403	Meaning	high_association	1		plus	candidate_pending_human_review			USF Appendix A	USF:Cue_Target_Pairs.C:6920	crown	king								0.471	0.016	4.136285246525224	5.111447022591123	4.623866134558174	4	3		1	1																																	
CAND_MEANING_000404	Meaning	high_association	1		plus	candidate_pending_human_review			USF Appendix A	USF:Cue_Target_Pairs.C:4084	commercial	television								0.414	0.014	4.2109843544523375	4.530224817175986	4.370604585814162	7	9		3	4																																	
CAND_MEANING_000405	Meaning	high_association	1		plus	candidate_pending_human_review			USF Appendix A	USF:Cue_Target_Pairs.S:7086	stir	mix								0.458	0.197	3.770996319495907	4.213595874539802	3.9922960970178547	3	4		1	1																																	
CAND_MEANING_000406	Meaning	high_association	1		plus	candidate_pending_human_review			USF Appendix A	USF:Cue_Target_Pairs.L-O:289	large	small								0.606	0.176	4.617534806873471	5.096773742381929	4.8571542746277	4	4		1	1																																	
CAND_MEANING_000407	Meaning	high_association	1		plus	candidate_pending_human_review			USF Appendix A	USF:Cue_Target_Pairs.A-B:2404	ape	monkey								0.459	0.174	3.9852767431792935	4.5251718866228	4.255224314901047	2	5		1	2																																	
CAND_MEANING_000408	Meaning	high_association	1		plus	candidate_pending_human_review			USF Appendix A	USF:Cue_Target_Pairs.T-Z:1077	terrific	great								0.497	0.042	4.622437524774822	5.914270545633673	5.268354035204247	6	4		3	1																																	
CAND_MEANING_000409	Meaning	high_association	1		plus	candidate_pending_human_review			USF Appendix A	USF:Cue_Target_Pairs.A-B:1066	afraid	scare								0.604	0.123	5.393867559040913	4.525933584243198	4.959900571642056	5	4		2	1																																	
CAND_MEANING_000410	Meaning	high_association	1		plus	candidate_pending_human_review			USF Appendix A	USF:Cue_Target_Pairs.A-B:2729	arm	leg								0.673	0.503	4.815655865867765	4.752123800380034	4.783889833123899	3	3		1	1																																	
CAND_MEANING_000411	Meaning	high_association	1		plus	candidate_pending_human_review			USF Appendix A	USF:Cue_Target_Pairs.L-O:1919	lock	key								0.406	0.255	4.752575641393814	4.938833550125134	4.845704595759473	3	2		1	1																																	
CAND_MEANING_000412	Meaning	high_association	1		plus	candidate_pending_human_review			USF Appendix A	USF:Cue_Target_Pairs.S:4314	snail	slow								0.486	0.02	3.2466723333413885	4.880925624909274	4.063798979125331	4	3		1	1																																	
CAND_MEANING_000413	Meaning	high_association	1		plus	candidate_pending_human_review			USF Appendix A	USF:Cue_Target_Pairs.D-F:7268	fast	slow								0.598	0.527	5.138147841868722	4.880925624909274	5.009536733388998	4	3		1	1																																	
CAND_MEANING_000414	Meaning	high_association	1		plus	candidate_pending_human_review			USF Appendix A	USF:Cue_Target_Pairs.A-B:4008	bait	fish								0.629	0.0	3.987911500392261	4.921635481004367	4.454773490698314	3	3		1	1																																	
CAND_MEANING_000415	Meaning	high_association	1		plus	candidate_pending_human_review			USF Appendix A	USF:Cue_Target_Pairs.P-R:1421	pepperoni	pizza								0.849	0.095	3.4097011195578277	4.5251718866228	3.967436503090314	7	5		4	2																																	
CAND_MEANING_000416	Meaning	high_association	1		plus	candidate_pending_human_review			USF Appendix A	USF:Cue_Target_Pairs.L-O:5419	monastery	monk								0.462	0.095	3.568891628075308	3.8676176688297246	3.7182546484525165	9	4		4	1																																	
CAND_MEANING_000417	Meaning	high_association	1		plus	candidate_pending_human_review			USF Appendix A	USF:Cue_Target_Pairs.D-F:4115	dusk	dawn								0.609	0.454	3.0777596589128304	4.40670712046365	3.74223338968824	4	3		1	1																																	
CAND_MEANING_000418	Meaning	high_association	1		plus	candidate_pending_human_review			USF Appendix A	USF:Cue_Target_Pairs.A-B:2352	apart	together								0.406	0.259	4.672279002664894	5.583643224175661	5.127961113420277	5	6		2	3																																	
CAND_MEANING_000419	Meaning	high_association	1		plus	candidate_pending_human_review			USF Appendix A	USF:Cue_Target_Pairs.A-B:4912	beast	animal								0.4	0.011	4.390034152776474	4.657917808792964	4.523975980784719	4	6		1	3																																	
CAND_MEANING_000420	Meaning	high_association	1		plus	candidate_pending_human_review			USF Appendix A	USF:Cue_Target_Pairs.L-O:1457	limousine	car								0.429	0.0	3.4507923159973135	5.68400001932028	4.567396167658797	7	3		3	1																																	
CAND_MEANING_000421	Meaning	high_association	1		plus	candidate_pending_human_review			USF Appendix A	USF:Cue_Target_Pairs.A-B:1437	airport	plane								0.757	0.0	4.58023155383229	4.980137103526882	4.780184328679586	6	4		2	1																																	
CAND_MEANING_000422	Meaning	high_association	1		plus	candidate_pending_human_review			USF Appendix A	USF:Cue_Target_Pairs.G-K:2181	guardian	parent								0.536	0.063	3.846312850545938	4.11850462660289	3.982408738574414	7	6		3	2																																	
CAND_MEANING_000423	Meaning	high_association	1		plus	candidate_pending_human_review			USF Appendix A	USF:Cue_Target_Pairs.C:4739	conditioner	shampoo								0.455	0.403	3.3338225090602887	3.624868283817669	3.479345396438979	9	5		4	2																																	
CAND_MEANING_000424	Meaning	high_association	1		plus	candidate_pending_human_review			USF Appendix A	USF:Cue_Target_Pairs.P-R:8595	revolution	war								0.452	0.0	4.091080469347332	5.242405001731717	4.666742735539525	9	3		4	1																																	
CAND_MEANING_000425	Meaning	high_association	1		plus	candidate_pending_human_review			USF Appendix A	USF:Cue_Target_Pairs.D-F:2582	disgusting	gross								0.455	0.193	4.425009671561801	4.183967281574628	4.304488476568214	9	4		3	1																																	
CAND_MEANING_000426	Meaning	high_association	1		plus	candidate_pending_human_review			USF Appendix A	USF:Cue_Target_Pairs.G-K:6110	infinity	forever								0.565	0.034	3.226928275145631	4.948432144585021	4.087680209865326	8	5		4	3																																	
CAND_MEANING_000427	Meaning	high_association	1		plus	candidate_pending_human_review			USF Appendix A	USF:Cue_Target_Pairs.G-K:772	glacier	ice								0.723	0.0	2.872213420518874	4.90063483160639	3.886424126062632	5	2		2	1																																	
CAND_MEANING_000428	Meaning	high_association	1		plus	candidate_pending_human_review			USF Appendix A	USF:Cue_Target_Pairs.G-K:6046	infant	baby								0.746	0.045	3.624868283817669	5.707035536366613	4.665951910092141	6	4		2	2																																	
CAND_MEANING_000429	Meaning	high_association	1		plus	candidate_pending_human_review			USF Appendix A	USF:Cue_Target_Pairs.S:631	scales	weight								0.48	0.0	3.3052670486072357	4.559601552305077	3.9324343004561566	5	3		1	1																																	
CAND_MEANING_000430	Meaning	high_association	1		plus	candidate_pending_human_review			USF Appendix A	USF:Cue_Target_Pairs.L-O:2933	man	woman								0.66	0.595	6.266171723689466	5.638117152800911	5.952144438245188	3	5		1	2																																	
CAND_MEANING_000431	Meaning	high_association	1		plus	candidate_pending_human_review			USF Appendix A	USF:Cue_Target_Pairs.S:4625	sob	cry								0.755	0.065	3.1789205490745456	4.817215273223286	3.9980679111489157	3	3		1	1																																	
CAND_MEANING_000432	Meaning	high_association	1		plus	candidate_pending_human_review			USF Appendix A	USF:Cue_Target_Pairs.C:1780	chapel	church								0.621	0.0	3.900955857479258	4.843025031391392	4.371990444435324	5	3		2	1																																	
CAND_MEANING_000433	Meaning	high_association	1		plus	candidate_pending_human_review			USF Appendix A	USF:Cue_Target_Pairs.D-F:1825	dictionary	words								0.52	0.055	3.5711834248548926	5.086429624886534	4.328806524870713	9	4		4	1																																	
CAND_MEANING_000434	Meaning	high_association	1		plus	candidate_pending_human_review			USF Appendix A	USF:Cue_Target_Pairs.A-B:8457	buyer	seller								0.572	0.513	3.7140337507718946	3.3416478465722452	3.52784079867207	3	4		2	2																																	
CAND_MEANING_000435	Meaning	high_association	1		plus	candidate_pending_human_review			USF Appendix A	USF:Cue_Target_Pairs.A-B:3566	author	book								0.493	0.0	3.8998848471167324	5.247925153086191	4.573905000101462	3	3		2	1																																	
CAND_MEANING_000436	Meaning	high_association	1		plus	candidate_pending_human_review			USF Appendix A	USF:Cue_Target_Pairs.G-K:3244	haystack	needle								0.418	0.03	3.1375278639163207	4.076333403174798	3.6069306335455593	6	5		2	2																																	
CAND_MEANING_000437	Meaning	high_association	1		plus	candidate_pending_human_review			USF Appendix A	USF:Cue_Target_Pairs.S:4818	solo	alone								0.455	0.04	3.9319163131706496	5.489296571151303	4.710606442160977	4	4		2	2																																	
CAND_MEANING_000438	Meaning	high_association	1		plus	candidate_pending_human_review			USF Appendix A	USF:Cue_Target_Pairs.D-F:10277	fund	money								0.73	0.0	4.025627089008633	5.806698582254281	4.916162835631457	4	4		1	2																																	
CAND_MEANING_000439	Meaning	high_association	1		plus	candidate_pending_human_review			USF Appendix A	USF:Cue_Target_Pairs.D-F:2501	discuss	talk								0.689	0.016	4.659599312436744	5.931966114728173	5.295782713582458	6	3		2	1																																	
CAND_MEANING_000440	Meaning	high_association	1		plus	candidate_pending_human_review			USF Appendix A	USF:Cue_Target_Pairs.D-F:3959	dry	wet								0.495	0.459	4.6316824579347635	4.5934598195660445	4.612571138750404	3	3		1	1																																	
CAND_MEANING_000441	Meaning	high_association	1		plus	candidate_pending_human_review			USF Appendix A	USF:Cue_Target_Pairs.P-R:6420	rage	anger								0.541	0.042	4.053605637057795	4.288503478387339	4.171054557722567	3	4		1	2																																	
CAND_MEANING_000442	Meaning	high_association	1		plus	candidate_pending_human_review			USF Appendix A	USF:Cue_Target_Pairs.S:5610	spine	back								0.538	0.054	3.7592974442561733	6.303013845143055	5.031155644699615	4	3		1	1																																	
CAND_MEANING_000443	Meaning	high_association	1		plus	candidate_pending_human_review			USF Appendix A	USF:Cue_Target_Pairs.C:4745	condom	sex								0.533	0.0	3.7123855723918213	5.182347507338269	4.447366539865046	6	4		2	1																																	
CAND_MEANING_000444	Meaning	high_association	1		plus	candidate_pending_human_review			USF Appendix A	USF:Cue_Target_Pairs.G-K:117	gander	goose								0.46	0.267	3.0327925133963074	4.115251469205168	3.5740219913007376	5	3		2	1																																	
CAND_MEANING_000445	Meaning	high_association	1		plus	candidate_pending_human_review			USF Appendix A	USF:Cue_Target_Pairs.G-K:6273	inn	hotel								0.423	0.02	3.9238735929152355	5.013745704507963	4.468809648711599	2	5		1	2																																	
CAND_MEANING_000446	Meaning	high_association	1		plus	candidate_pending_human_review			USF Appendix A	USF:Cue_Target_Pairs.L-O:3728	me	you								0.5	0.701	6.965763199974124	7.6217693187691165	7.293766259371621	2	2		1	1																																	
CAND_MEANING_000447	Meaning	high_association	1		plus	candidate_pending_human_review			USF Appendix A	USF:Cue_Target_Pairs.P-R:2684	plaque	teeth								0.414	0.0	3.3177356891668337	4.679819650240793	3.9987776697038133	4	3		1	1																																	
CAND_MEANING_000448	Meaning	high_association	1		plus	candidate_pending_human_review			USF Appendix A	USF:Cue_Target_Pairs.T-Z:1927	timid	shy								0.689	0.104	3.1789205490745456	4.264169414789842	3.721544981932194	5	2		2	1																																	
CAND_MEANING_000449	Meaning	high_association	1		plus	candidate_pending_human_review			USF Appendix A	USF:Cue_Target_Pairs.P-R:191	pair	two								0.456	0.034	4.571183424854892	6.027900971141048	5.299542197997971	3	2		1	1																																	
CAND_MEANING_000450	Meaning	high_association	1		plus	candidate_pending_human_review			USF Appendix A	USF:Cue_Target_Pairs.G-K:481	geology	rock								0.409	0.0	2.9645276818377813	4.935289876486555	3.9499087791621683	7	3		4	1																																	
CAND_MEANING_000451	Meaning	high_association	1		plus	candidate_pending_human_review			USF Appendix A	USF:Cue_Target_Pairs.S:3909	slippers	shoes								0.412	0.0	3.7123855723918213	4.870151348411085	4.291268460401453	6	3		2	1																																	
CAND_MEANING_000452	Meaning	high_association	1		plus	candidate_pending_human_review			USF Appendix A	USF:Cue_Target_Pairs.T-Z:1741	thunder	lightning								0.818	0.354	4.124299598182565	4.150365088621493	4.137332343402029	5	6		2	2																																	
CAND_MEANING_000453	Meaning	high_association	1		plus	candidate_pending_human_review			USF Appendix A	USF:Cue_Target_Pairs.P-R:9697	ruler	measure								0.415	0.169	3.5019448384446945	4.022404109601619	3.7621744740231566	4	4		2	2																																	
CAND_MEANING_000454	Meaning	high_association	1		plus	candidate_pending_human_review			USF Appendix A	USF:Cue_Target_Pairs.S:8421	sunrise	sunset								0.48	0.297	3.7823883033268983	4.013415568055803	3.8979019356913502	6	6		2	2																																	
CAND_MEANING_000455	Meaning	high_association	1		plus	candidate_pending_human_review			USF Appendix A	USF:Cue_Target_Pairs.D-F:1761	diaper	baby								0.591	0.019	3.6308863175066683	5.707035536366613	4.6689609269366406	4	4		2	2																																	
CAND_MEANING_000456	Meaning	high_association	1		plus	candidate_pending_human_review			USF Appendix A	USF:Cue_Target_Pairs.D-F:10083	frosting	cake								0.623	0.027	3.1497623203333323	4.65377984825433	3.901771084293831	7	3		2	1																																	
CAND_MEANING_000457	Meaning	high_association	1		plus	candidate_pending_human_review			USF Appendix A	USF:Cue_Target_Pairs.G-K:2969	harm	hurt								0.635	0.012	4.502212838750578	5.391557751628531	4.9468852951895546	4	3		1	1																																	
CAND_MEANING_000458	Meaning	high_association	1		plus	candidate_pending_human_review			USF Appendix A	USF:Cue_Target_Pairs.S:1708	seller	buyer								0.513	0.572	3.3416478465722452	3.7140337507718946	3.52784079867207	4	3		2	2																																	
CAND_MEANING_000459	Meaning	high_association	1		plus	candidate_pending_human_review			USF Appendix A	USF:Cue_Target_Pairs.A-B:6690	boots	shoes								0.42	0.0	4.282324387620837	4.870151348411085	4.57623786801596	4	3		1	1																																	
CAND_MEANING_000460	Meaning	high_association	1		plus	candidate_pending_human_review			USF Appendix A	USF:Cue_Target_Pairs.C:1791	chapter	book								0.614	0.0	4.0734667625231955	5.247925153086191	4.660695957804693	5	3		2	1																																	
CAND_MEANING_000461	Meaning	high_association	1		plus	candidate_pending_human_review			USF Appendix A	USF:Cue_Target_Pairs.L-O:6334	mute	deaf								0.435	0.071	3.3962335448580205	4.162248031881392	3.779240788369706	4	3		1	1																																	
CAND_MEANING_000462	Meaning	high_association	1		plus	candidate_pending_human_review			USF Appendix A	USF:Cue_Target_Pairs.C:274	calories	fat								0.527	0.0	3.190056915192505	4.899992067085652	4.0450244911390785	6	3		3	1																																	
CAND_MEANING_000463	Meaning	high_association	1		plus	candidate_pending_human_review			USF Appendix A	USF:Cue_Target_Pairs.P-R:6025	quail	bird								0.569	0.0	3.1249387366083	4.6575432555296405	3.8912409960689702	4	3		1	1																																	
CAND_MEANING_000464	Meaning	high_association	1		plus	candidate_pending_human_review			USF Appendix A	USF:Cue_Target_Pairs.A-B:1689	alter	change								0.633	0.031	3.679819650240793	5.380849440918155	4.530334545579474	4	4		2	1																																	
CAND_MEANING_000465	Meaning	high_association	1		plus	candidate_pending_human_review			USF Appendix A	USF:Cue_Target_Pairs.S:4717	sofa	couch								0.507	0.189	3.7681010122264933	4.370523974308474	4.069312493267484	4	3		2	1																																	
CAND_MEANING_000466	Meaning	high_association	1		plus	candidate_pending_human_review			USF Appendix A	USF:Cue_Target_Pairs.S:6382	stallion	horse								0.632	0.0	3.5046174283060214	4.96793320863002	4.236275318468021	7	4		2	1																																	
CAND_MEANING_000467	Meaning	high_association	1		plus	candidate_pending_human_review			USF Appendix A	USF:Cue_Target_Pairs.S:5724	spoiled	rotten								0.507	0.11	3.9279135707169757	4.242307527938938	4.085110549327957	5	5		1	2																																	
CAND_MEANING_000468	Meaning	high_association	1		plus	candidate_pending_human_review			USF Appendix A	USF:Cue_Target_Pairs.L-O:5298	moist	wet								0.543	0.0	3.256217651247619	4.5934598195660445	3.9248387354068317	4	3		1	1																																	
CAND_MEANING_000469	Meaning	high_association	1		plus	candidate_pending_human_review			USF Appendix A	USF:Cue_Target_Pairs.L-O:3756	meal	food								0.488	0.017	4.460337633903544	5.1887355313681445	4.824536582635844	3	3		1	1																																	
CAND_MEANING_000470	Meaning	high_association	1		plus	candidate_pending_human_review			USF Appendix A	USF:Cue_Target_Pairs.C:1843	charge	card								0.479	0.0	4.9512994161040265	4.931617383837818	4.941458399970922	4	4		1	1																																	
CAND_MEANING_000471	Meaning	high_association	1		plus	candidate_pending_human_review			USF Appendix A	USF:Cue_Target_Pairs.L-O:54	labyrinth	maze								0.465	0.016	2.905213680621799	3.4063731762089002	3.1557934284153495	7	3		3	1																																	
CAND_MEANING_000472	Meaning	high_association	1		plus	candidate_pending_human_review			USF Appendix A	USF:Cue_Target_Pairs.G-K:5072	humor	funny								0.448	0.054	4.2213375141460165	5.338807911950337	4.780072713048177	5	4		2	2																																	
CAND_MEANING_000473	Meaning	high_association	1		plus	candidate_pending_human_review			USF Appendix A	USF:Cue_Target_Pairs.L-O:6949	network	television								0.547	0.0	4.218257398526806	4.530224817175986	4.374241107851396	6	9		2	4																																	
CAND_MEANING_000474	Meaning	high_association	1		plus	candidate_pending_human_review			USF Appendix A	USF:Cue_Target_Pairs.T-Z:2105	toes	feet								0.532	0.466	4.0972505026232255	5.081798977493545	4.589524740058385	3	3		1	1																																	
CAND_MEANING_000475	Meaning	high_association	1		plus	candidate_pending_human_review			USF Appendix A	USF:Cue_Target_Pairs.T-Z:7017	weed	grass								0.449	0.022	4.070581074285707	4.224903588579217	4.147742331432462	3	4		1	1																																	
CAND_MEANING_000476	Meaning	high_association	1		plus	candidate_pending_human_review			USF Appendix A	USF:Cue_Target_Pairs.C:3892	comb	brush								0.636	0.163	3.7823883033268983	4.150967021471702	3.9666776623993005	3	4		1	1																																	
CAND_MEANING_000477	Meaning	high_association	1		plus	candidate_pending_human_review			USF Appendix A	USF:Cue_Target_Pairs.L-O:2891	male	female								0.648	0.552	4.530726891777458	4.499794861371136	4.515260876574297	3	5		1	2																																	
CAND_MEANING_000478	Meaning	high_association	1		plus	candidate_pending_human_review			USF Appendix A	USF:Cue_Target_Pairs.G-K:8346	knob	door								0.672	0.139	3.38933983691012	5.465470331453126	4.427405084181623	3	3		1	1																																	
CAND_MEANING_000479	Meaning	high_association	1		plus	candidate_pending_human_review			USF Appendix A	USF:Cue_Target_Pairs.D-F:10033	front	back								0.715	0.52	5.258993907999374	6.303013845143055	5.781003876571214	5	3		1	1																																	
CAND_MEANING_000480	Meaning	high_association	1		plus	candidate_pending_human_review			USF Appendix A	USF:Cue_Target_Pairs.A-B:40	abduct	kidnap								0.453	0.079	2.848732324669351	3.812257817677782	3.3304950711735666	6	6		2	2																																	
CAND_MEANING_000481	Meaning	high_association	1		plus	candidate_pending_human_review			USF Appendix A	USF:Cue_Target_Pairs.T-Z:1948	tiny	small								0.65	0.088	4.5080673873371255	5.096773742381929	4.802420564859528	4	4		2	1																																	
CAND_MEANING_000482	Meaning	high_association	1		plus	candidate_pending_human_review			USF Appendix A	USF:Cue_Target_Pairs.L-O:7555	novel	book								0.608	0.047	4.00254718901388	5.247925153086191	4.625236171050036	5	3		2	1																																	
CAND_MEANING_000483	Meaning	high_association	1		plus	candidate_pending_human_review			USF Appendix A	USF:Cue_Target_Pairs.G-K:884	globe	world								0.679	0.182	3.7173114605331308	5.658217218995724	4.687764339764428	4	4		1	1																																	
CAND_MEANING_000484	Meaning	high_association	1		plus	candidate_pending_human_review			USF Appendix A	USF:Cue_Target_Pairs.A-B:5351	beneath	under								0.481	0.074	4.065484517266326	5.418171263030779	4.741827890148553	5	4		2	2																																	
CAND_MEANING_000485	Meaning	high_association	1		plus	candidate_pending_human_review			USF Appendix A	USF:Cue_Target_Pairs.P-R:6062	quarrel	fight								0.699	0.02	3.748795857031107	5.303365488606449	4.526080672818778	6	3		2	1																																	
CAND_MEANING_000486	Meaning	high_association	1		plus	candidate_pending_human_review			USF Appendix A	USF:Cue_Target_Pairs.S:2890	shutter	window								0.48	0.0	3.16166154363304	4.9344984512435675	4.048079997438304	4	5		2	2																																	
CAND_MEANING_000487	Meaning	high_association	1		plus	candidate_pending_human_review			USF Appendix A	USF:Cue_Target_Pairs.S:2384	sheets	bed								0.476	0.031	4.095886939550478	5.2721147477290895	4.684000843639783	4	3		1	1																																	
CAND_MEANING_000488	Meaning	high_association	1		plus	candidate_pending_human_review			USF Appendix A	USF:Cue_Target_Pairs.C:5641	cork	wine								0.517	0.0	3.456782679686501	4.780698439397524	4.118740559542013	4	3		1	1																																	
CAND_MEANING_000489	Meaning	high_association	1		plus	candidate_pending_human_review			USF Appendix A	USF:Cue_Target_Pairs.D-F:370	dawn	dusk								0.454	0.609	4.40670712046365	3.0777596589128304	3.74223338968824	3	4		1	1																																	
CAND_MEANING_000490	Meaning	high_association	1		plus	candidate_pending_human_review			USF Appendix A	USF:Cue_Target_Pairs.L-O:2088	loose	tight								0.565	0.436	4.621013273616265	4.706901773531366	4.663957523573815	3	3		1	1																																	
CAND_MEANING_000491	Meaning	high_association	1		plus	candidate_pending_human_review			USF Appendix A	USF:Cue_Target_Pairs.G-K:7164	jam	jelly								0.453	0.213	4.131278914639319	3.852336448938176	3.991807681788748	3	4		1	2																																	
CAND_MEANING_000492	Meaning	high_association	1		plus	candidate_pending_human_review			USF Appendix A	USF:Cue_Target_Pairs.S:1664	self	me								0.479	0.013	4.150967021471702	6.965763199974124	5.558365110722914	4	2		1	1																																	
CAND_MEANING_000493	Meaning	high_association	1		plus	candidate_pending_human_review			USF Appendix A	USF:Cue_Target_Pairs.C:2589	chore	work								0.408	0.0	3.0	5.902013562370102	4.45100678118505	3	3		1	1																																	
CAND_MEANING_000494	Meaning	high_association	1		plus	candidate_pending_human_review			USF Appendix A	USF:Cue_Target_Pairs.A-B:2748	arms	legs								0.549	0.541	4.776729663248849	4.744982887130989	4.760856275189919	4	4		1	1																																	
CAND_MEANING_000495	Meaning	high_association	1		plus	candidate_pending_human_review			USF Appendix A	USF:Cue_Target_Pairs.G-K:690	girl	boy								0.738	0.701	5.745946915233606	5.724131241365484	5.735039078299545	3	2		1	1																																	
CAND_MEANING_000496	Meaning	high_association	1		plus	candidate_pending_human_review			USF Appendix A	USF:Cue_Target_Pairs.G-K:6298	innocent	guilty								0.457	0.399	4.7364746198201395	4.794447038729211	4.765460829274675	7	5		3	2																																	
CAND_MEANING_000497	Meaning	high_association	1		plus	candidate_pending_human_review			USF Appendix A	USF:Cue_Target_Pairs.A-B:8368	butler	maid								0.435	0.106	3.998293536185983	4.358382804215934	4.178338170200958	5	3		2	1																																	
CAND_MEANING_000498	Meaning	high_association	1		plus	candidate_pending_human_review			USF Appendix A	USF:Cue_Target_Pairs.C:4149	communicate	talk								0.652	0.048	3.9299195534145746	5.931966114728173	4.930942834071374	10	3		4	1																																	
CAND_MEANING_000499	Meaning	high_association	1		plus	candidate_pending_human_review			USF Appendix A	USF:Cue_Target_Pairs.G-K:2373	guy	girl								0.463	0.013	5.8823012675173985	5.745946915233606	5.814124091375502	2	3		1	1																																	
CAND_MEANING_000500	Meaning	high_association	1		plus	candidate_pending_human_review			USF Appendix A	USF:Cue_Target_Pairs.T-Z:174	tale	story								0.589	0.108	4.079181246047625	5.343968214417391	4.711574730232508	3	5		1	2																																	
CAND_MEANING_000501	Meaning	high_association	1		plus	candidate_pending_human_review			USF Appendix A	USF:Cue_Target_Pairs.L-O:5368	molten	lava								0.453	0.026	3.063281835544208	3.5379424917162137	3.300612163630211	6	4		2	2																																	
CAND_MEANING_000502	Meaning	high_association	1		plus	candidate_pending_human_review			USF Appendix A	USF:Cue_Target_Pairs.C:5967	courageous	brave								0.478	0.0	3.4992556999339133	4.501139843808465	4.000197771871189	6	4		3	1																																	
CAND_MEANING_000503	Meaning	high_association	1		plus	candidate_pending_human_review			USF Appendix A	USF:Cue_Target_Pairs.L-O:919	legs	arms								0.541	0.549	4.744982887130989	4.776729663248849	4.760856275189919	4	4		1	1																																	
CAND_MEANING_000504	Meaning	high_association	1		plus	candidate_pending_human_review			USF Appendix A	USF:Cue_Target_Pairs.A-B:4016	bake	cake								0.402	0.033	3.8016323462331663	4.65377984825433	4.227706097243749	3	3		1	1																																	
CAND_MEANING_000505	Meaning	high_association	1		plus	candidate_pending_human_review			USF Appendix A	USF:Cue_Target_Pairs.C:210	calf	cow								0.697	0.194	3.471406771195233	4.40670712046365	3.9390569458294413	3	2		1	1																																	
CAND_MEANING_000506	Meaning	high_association	1		plus	candidate_pending_human_review			USF Appendix A	USF:Cue_Target_Pairs.T-Z:5953	vocabulary	words								0.507	0.034	3.3679767852945943	5.086429624886534	4.227203205090564	11	4		5	1																																	
CAND_MEANING_000507	Meaning	high_association	1		plus	candidate_pending_human_review			USF Appendix A	USF:Cue_Target_Pairs.L-O:8772	orthodontist	teeth								0.419	0.0	2.6903698325741012	4.679819650240793	3.685094741407447	11	3		4	1																																	
CAND_MEANING_000508	Meaning	high_association	1		plus	candidate_pending_human_review			USF Appendix A	USF:Cue_Target_Pairs.P-R:6197	quiz	test								0.792	0.11	3.693830364683608	4.924684600586778	4.309257482635193	4	4		1	1																																	
CAND_MEANING_000509	Meaning	high_association	1		plus	candidate_pending_human_review			USF Appendix A	USF:Cue_Target_Pairs.A-B:4431	barracuda	fish								0.465	0.0	2.8364978682523394	4.921635481004367	3.879066674628353	8	3		4	1																																	
CAND_MEANING_000510	Meaning	high_association	1		plus	candidate_pending_human_review			USF Appendix A	USF:Cue_Target_Pairs.C:2616	chowder	clam								0.755	0.042	3.2062436762857804	3.5934598195660445	3.3998517479259123	4	4		2	1																																	
CAND_MEANING_000511	Meaning	high_association	1		plus	candidate_pending_human_review			USF Appendix A	USF:Cue_Target_Pairs.S:4489	snore	sleep								0.439	0.0	3.2062436762857804	5.357822785464055	4.282033230874918	4	4		1	1																																	
CAND_MEANING_000512	Meaning	high_association	1		plus	candidate_pending_human_review			USF Appendix A	USF:Cue_Target_Pairs.A-B:6201	blouse	shirt								0.647	0.135	3.7269987279362624	4.6662609689758945	4.1966298484560784	4	3		1	1																																	
CAND_MEANING_000513	Meaning	high_association	1		plus	candidate_pending_human_review			USF Appendix A	USF:Cue_Target_Pairs.S:4939	sonnet	poem								0.471	0.02	2.883494430928563	4.135039063512625	3.509266747220594	5	4		2	2																																	
CAND_MEANING_000514	Meaning	high_association	1		plus	candidate_pending_human_review			USF Appendix A	USF:Cue_Target_Pairs.S:3889	sling	shot								0.412	0.0	3.3606156856482254	5.356850372335657	4.358733028991941	4	3		1	1																																	
CAND_MEANING_000515	Meaning	high_association	1		plus	candidate_pending_human_review			USF Appendix A	USF:Cue_Target_Pairs.S:4629	sober	drunk								0.613	0.035	4.004237052943255	4.883939632896718	4.4440883429199864	4	5		2	1																																	
CAND_MEANING_000516	Meaning	high_association	1		plus	candidate_pending_human_review			USF Appendix A	USF:Cue_Target_Pairs.S:8563	supper	dinner								0.545	0.535	4.287186768489692	5.3067823245530725	4.796984546521382	4	4		2	2																																	
CAND_MEANING_000517	Meaning	high_association	1		plus	candidate_pending_human_review			USF Appendix A	USF:Cue_Target_Pairs.T-Z:2957	transplant	heart								0.4	0.0	3.7074031718728815	5.387703812000245	4.547553491936563	10	4		2	1																																	
CAND_MEANING_000518	Meaning	high_association	1		plus	candidate_pending_human_review			USF Appendix A	USF:Cue_Target_Pairs.T-Z:7031	week	day								0.473	0.022	5.377506235374158	5.904078796419064	5.640792515896611	3	2		1	1																																	
CAND_MEANING_000519	Meaning	high_association	1		plus	candidate_pending_human_review			USF Appendix A	USF:Cue_Target_Pairs.T-Z:6858	weak	strong								0.557	0.507	4.498445700665409	4.938833550125134	4.718639625395271	3	5		1	1																																	
CAND_MEANING_000520	Meaning	high_association	1		plus	candidate_pending_human_review			USF Appendix A	USF:Cue_Target_Pairs.T-Z:1683	throne	king								0.759	0.0	3.9368684133699023	5.111447022591123	4.524157717980513	4	3		1	1																																	
CAND_MEANING_000521	Meaning	high_association	1		plus	candidate_pending_human_review			USF Appendix A	USF:Cue_Target_Pairs.G-K:7949	kid	child								0.473	0.111	5.530450822578012	5.197685872650515	5.364068347614264	3	4		1	1																																	
CAND_MEANING_000522	Meaning	high_association	1		plus	candidate_pending_human_review			USF Appendix A	USF:Cue_Target_Pairs.G-K:6757	interrupt	rude								0.422	0.0	4.27243319548581	4.343582346349445	4.308007770917627	7	3		3	1																																	
CAND_MEANING_000523	Meaning	high_association	1		plus	candidate_pending_human_review			USF Appendix A	USF:Cue_Target_Pairs.D-F:7321	father	mother								0.706	0.597	5.7438938718076695	5.6811702684266745	5.712532070117172	4	4		2	2																																	
CAND_MEANING_000524	Meaning	high_association	1		plus	candidate_pending_human_review			USF Appendix A	USF:Cue_Target_Pairs.C:3307	closed	open								0.678	0.0	4.733024085741895	5.505708453894858	5.119366269818377	5	4		1	2																																	
CAND_MEANING_000525	Meaning	high_association	1		plus	candidate_pending_human_review			USF Appendix A	USF:Cue_Target_Pairs.P-R:2249	pilot	plane								0.731	0.0	4.425968732272281	4.980137103526882	4.703052917899582	5	4		2	1																																	
CAND_MEANING_000526	Meaning	high_association	1		plus	candidate_pending_human_review			USF Appendix A	USF:Cue_Target_Pairs.G-K:3730	hen	chicken								0.453	0.022	3.5046174283060214	4.790464547589091	4.147540987947556	3	5		1	2																																	
CAND_MEANING_000527	Meaning	high_association	1		plus	candidate_pending_human_review			USF Appendix A	USF:Cue_Target_Pairs.C:59	caboose	train								0.721	0.051	2.769551078621726	4.977992435060294	3.87377175684101	5	4		2	1																																	
CAND_MEANING_000528	Meaning	high_association	1		plus	candidate_pending_human_review			USF Appendix A	USF:Cue_Target_Pairs.P-R:3492	ponder	think								0.462	0.039	3.040617850908264	6.42997698247318	4.735297416690722	5	4		2	1																																	
CAND_MEANING_000529	Meaning	high_association	1		plus	candidate_pending_human_review			USF Appendix A	USF:Cue_Target_Pairs.A-B:4558	bashful	shy								0.73	0.076	3.0917703733556454	4.264169414789842	3.677969894072744	6	2		2	1																																	
CAND_MEANING_000530	Meaning	high_association	1		plus	candidate_pending_human_review			USF Appendix A	USF:Cue_Target_Pairs.C:4224	companion	friend								0.643	0.033	3.8016323462331663	5.6225187696505445	4.712075557941855	9	5		3	1																																	
CAND_MEANING_000531	Meaning	high_association	1		plus	candidate_pending_human_review			USF Appendix A	USF:Cue_Target_Pairs.L-O:1539	link	chain								0.4	0.106	4.0770471165349385	4.326657084672615	4.201852100603777	4	3		1	1																																	
CAND_MEANING_000532	Meaning	high_association	1		plus	candidate_pending_human_review			USF Appendix A	USF:Cue_Target_Pairs.P-R:5718	pull	push								0.594	0.397	5.165692283340791	4.848490982911596	5.007091633126193	3	3		1	1																																	
CAND_MEANING_000533	Meaning	high_association	1		plus	candidate_pending_human_review			USF Appendix A	USF:Cue_Target_Pairs.G-K:7316	jeopardy	game								0.463	0.0	3.535467872588358	5.368924628911785	4.452196250750071	6	3		3	1																																	
CAND_MEANING_000534	Meaning	high_association	1		plus	candidate_pending_human_review			USF Appendix A	USF:Cue_Target_Pairs.A-B:473	acre	land								0.675	0.02	3.260912772455999	4.945062891985174	4.102987832220586	3	4		2	1																																	
CAND_MEANING_000535	Meaning	high_association	1		plus	candidate_pending_human_review			USF Appendix A	USF:Cue_Target_Pairs.D-F:3845	drove	car								0.473	0.0	4.460337633903544	5.68400001932028	5.072168826611912	4	3		1	1																																	
CAND_MEANING_000536	Meaning	high_association	1		plus	candidate_pending_human_review			USF Appendix A	USF:Cue_Target_Pairs.C:1326	cavern	cave								0.525	0.045	3.040617850908264	4.145519353753929	3.5930686023310967	5	3		2	1																																	
CAND_MEANING_000537	Meaning	high_association	1		plus	candidate_pending_human_review			USF Appendix A	USF:Cue_Target_Pairs.G-K:5439	identical	same								0.456	0.0	3.7426789322214247	5.620319805550606	4.681499368886016	9	3		4	1																																	
CAND_MEANING_000538	Meaning	high_association	1		plus	candidate_pending_human_review			USF Appendix A	USF:Cue_Target_Pairs.A-B:7671	broom	sweep								0.504	0.406	3.678036097500376	3.9781715625043272	3.8281038300023518	4	4		1	1																																	
CAND_MEANING_000539	Meaning	high_association	1		plus	candidate_pending_human_review			USF Appendix A	USF:Cue_Target_Pairs.D-F:1443	despise	hate								0.797	0.017	3.6541576599196564	5.331605908278105	4.492881784098881	6	3		2	1																																	
CAND_MEANING_000540	Meaning	high_association	1		plus	candidate_pending_human_review			USF Appendix A	USF:Cue_Target_Pairs.T-Z:3575	truthful	honest								0.653	0.0	3.329856321842687	4.859338479128867	4.094597400485777	7	5		2	2																																	
CAND_MEANING_000541	Meaning	high_association	1		plus	candidate_pending_human_review			USF Appendix A	USF:Cue_Target_Pairs.P-R:5954	put	place								0.478	0.062	5.918266816225465	5.780077171419682	5.849171993822574	3	4		1	1																																	
CAND_MEANING_000542	Meaning	high_association	1		plus	candidate_pending_human_review			USF Appendix A	USF:Cue_Target_Pairs.L-O:3630	maximum	minimum								0.454	0.403	3.890125009827576	3.910477920614156	3.900301465220866	8	7		3	3																																	
CAND_MEANING_000543	Meaning	high_association	1		plus	candidate_pending_human_review			USF Appendix A	USF:Cue_Target_Pairs.C:183	calculator	math								0.496	0.012	3.1119737594439325	4.21463610134108	3.6633049303925063	10	3		4	1																																	
CAND_MEANING_000544	Meaning	high_association	1		plus	candidate_pending_human_review			USF Appendix A	USF:Cue_Target_Pairs.D-F:9659	freckle	face								0.448	0.0	2.769551078621726	5.461133504151141	4.115342291386433	6	3		2	1																																	
CAND_MEANING_000545	Meaning	high_association	1		plus	candidate_pending_human_review			USF Appendix A	USF:Cue_Target_Pairs.A-B:1520	alike	same								0.415	0.142	4.0551083876295	5.620319805550606	4.837714096590053	4	3		2	1																																	
CAND_MEANING_000546	Meaning	high_association	1		plus	candidate_pending_human_review			USF Appendix A	USF:Cue_Target_Pairs.D-F:6932	fairy	tale								0.543	0.067	4.222359383986651	4.079181246047625	4.150770315017138	4	3		2	1																																	
CAND_MEANING_000547	Meaning	high_association	1		plus	candidate_pending_human_review			USF Appendix A	USF:Cue_Target_Pairs.A-B:1511	algebra	math								0.655	0.061	3.2466723333413885	4.21463610134108	3.7306542173412343	7	3		3	1																																	
CAND_MEANING_000548	Meaning	high_association	1		plus	candidate_pending_human_review			USF Appendix A	USF:Cue_Target_Pairs.P-R:1348	pencil	pen								0.476	0.594	3.993997808957991	4.393144910475145	4.193571359716568	6	3		2	1																																	
CAND_MEANING_000549	Meaning	high_association	1		plus	candidate_pending_human_review			USF Appendix A	USF:Cue_Target_Pairs.S:2376	sheet	paper								0.428	0.011	4.064751530624983	5.014322840117021	4.539537185371002	3	4		1	2																																	
CAND_MEANING_000550	Meaning	high_association	1		plus	candidate_pending_human_review			USF Appendix A	USF:Cue_Target_Pairs.T-Z:762	telescope	star								0.473	0.0	3.468521082957745	4.9103732587310365	4.1894471708443906	8	4		3	1																																	
CAND_MEANING_000551	Meaning	high_association	1		plus	candidate_pending_human_review			USF Appendix A	USF:Cue_Target_Pairs.L-O:6028	mow	lawn								0.449	0.092	3.3606156856482254	4.091770373355645	3.7261930295019354	2	3		1	1																																	
CAND_MEANING_000552	Meaning	high_association	1		plus	candidate_pending_human_review			USF Appendix A	USF:Cue_Target_Pairs.S:3563	skillet	pan								0.48	0.027	3.0848215134003176	4.08969736473278	3.587259439066549	6	3		2	1																																	
CAND_MEANING_000553	Meaning	high_association	1		plus	candidate_pending_human_review			USF Appendix A	USF:Cue_Target_Pairs.P-R:121	pain	hurt								0.551	0.521	4.990965316464065	5.391557751628531	5.191261534046298	3	3		1	1																																	
CAND_MEANING_000554	Meaning	high_association	1		plus	candidate_pending_human_review			USF Appendix A	USF:Cue_Target_Pairs.S:5777	spool	thread								0.739	0.0	2.7074031718728815	3.7123855723918213	3.2098943721323514	4	4		1	1																																	
CAND_MEANING_000555	Meaning	high_association	1		plus	candidate_pending_human_review			USF Appendix A	USF:Cue_Target_Pairs.A-B:3349	attempt	try								0.749	0.13	4.2814344396006	5.678286236263478	4.979860337932039	6	3		2	1																																	
CAND_MEANING_000556	Meaning	high_association	1		plus	candidate_pending_human_review			USF Appendix A	USF:Cue_Target_Pairs.D-F:2002	dilemma	problem								0.614	0.0	3.4162814648691495	5.518591347325183	4.467436406097166	6	7		3	2																																	
CAND_MEANING_000557	Meaning	high_association	1		plus	candidate_pending_human_review			USF Appendix A	USF:Cue_Target_Pairs.C:6800	crocodile	alligator								0.629	0.46	3.353127664255675	3.542849826210958	3.4479887452333164	8	7		3	4																																	
CAND_MEANING_000558	Meaning	high_association	1		plus	candidate_pending_human_review			USF Appendix A	USF:Cue_Target_Pairs.G-K:4626	horizon	sun								0.412	0.0	3.6503646709025173	4.843025031391392	4.246694851146954	6	3		3	1																																	
CAND_MEANING_000559	Meaning	high_association	1		plus	candidate_pending_human_review			USF Appendix A	USF:Cue_Target_Pairs.C:4596	concentrate	think								0.459	0.039	4.194432715252793	6.42997698247318	5.3122048488629865	10	4		3	1																																	
CAND_MEANING_000560	Meaning	high_association	1		plus	candidate_pending_human_review			USF Appendix A	USF:Cue_Target_Pairs.A-B:2007	anger	mad								0.412	0.0	4.288503478387339	5.054658108188538	4.671580793287939	4	3		2	1																																	
CAND_MEANING_000561	Meaning	high_association	1		plus	candidate_pending_human_review			USF Appendix A	USF:Cue_Target_Pairs.T-Z:2974	transportation	car								0.595	0.033	3.744216259426354	5.68400001932028	4.714108139373317	12	3		4	1																																	
CAND_MEANING_000562	Meaning	high_association	1		plus	candidate_pending_human_review			USF Appendix A	USF:Cue_Target_Pairs.S:6403	stand	sit								0.534	0.348	5.354485071277417	5.493252972612995	5.423869021945206	5	3		1	1																																	
CAND_MEANING_000563	Meaning	high_association	1		plus	candidate_pending_human_review			USF Appendix A	USF:Cue_Target_Pairs.L-O:185	lamp	light								0.769	0.02	4.109995193461844	5.21799973344544	4.663997463453642	4	3		1	1																																	
CAND_MEANING_000564	Meaning	high_association	1		plus	candidate_pending_human_review			USF Appendix A	USF:Cue_Target_Pairs.L-O:393	laugh	cry								0.479	0.116	4.79839334192019	4.817215273223286	4.807804307571738	3	3		1	1																																	
CAND_MEANING_000565	Meaning	high_association	1		plus	candidate_pending_human_review			USF Appendix A	USF:Cue_Target_Pairs.L-O:1513	linen	sheets								0.481	0.028	3.4656160923143378	4.095886939550478	3.7807515159324074	5	4		2	1																																	
CAND_MEANING_000566	Meaning	high_association	1		plus	candidate_pending_human_review			USF Appendix A	USF:Cue_Target_Pairs.D-F:7664	female	male								0.552	0.648	4.499794861371136	4.530726891777458	4.515260876574297	5	3		2	1																																	
CAND_MEANING_000567	Meaning	high_association	1		plus	candidate_pending_human_review			USF Appendix A	USF:Cue_Target_Pairs.T-Z:5466	venom	snake								0.446	0.012	3.3679767852945943	4.349334675238536	3.858655730266565	5	4		2	1																																	
CAND_MEANING_000568	Meaning	high_association	1		plus	candidate_pending_human_review			USF Appendix A	USF:Cue_Target_Pairs.D-F:5166	ending	beginning								0.486	0.0	4.201985853143239	4.800150800587677	4.501068326865458	5	7		2	3																																	
CAND_MEANING_000569	Meaning	high_association	1		plus	candidate_pending_human_review			USF Appendix A	USF:Cue_Target_Pairs.T-Z:163	take	give								0.412	0.444	6.276700535180079	6.067377221207055	6.1720388781935664	3	3		1	1																																	
CAND_MEANING_000570	Meaning	high_association	1		plus	candidate_pending_human_review			USF Appendix A	USF:Cue_Target_Pairs.A-B:2692	argue	fight								0.507	0.054	4.295459294455682	5.303365488606449	4.799412391531066	5	3		2	1																																	
CAND_MEANING_000571	Meaning	high_association	1		plus	candidate_pending_human_review			USF Appendix A	USF:Cue_Target_Pairs.G-K:5405	idea	thought								0.443	0.122	5.555141886533789	5.907664225108894	5.731403055821342	4	3		3	1																																	
CAND_MEANING_000572	Meaning	high_association	1		plus	candidate_pending_human_review			USF Appendix A	USF:Cue_Target_Pairs.T-Z:3598	tub	bath								0.493	0.091	4.103334104570764	4.493006750656912	4.298170427613838	3	3		1	1																																	
CAND_MEANING_000573	Meaning	high_association	1		plus	candidate_pending_human_review			USF Appendix A	USF:Cue_Target_Pairs.L-O:8297	omelet	eggs								0.836	0.0	3.3752151942185136	4.587116448181507	3.98116582120001	5	3		2	1																																	
CAND_MEANING_000574	Meaning	high_association	1		plus	candidate_pending_human_review			USF Appendix A	USF:Cue_Target_Pairs.P-R:9258	rodeo	horse								0.477	0.0	3.744216259426354	4.96793320863002	4.356074734028187	5	4		3	1																																	
CAND_MEANING_000575	Meaning	high_association	1		plus	candidate_pending_human_review			USF Appendix A	USF:Cue_Target_Pairs.C:1077	cash	money								0.814	0.212	4.859926715006287	5.806698582254281	5.333312648630284	3	4		1	2																																	
CAND_MEANING_000576	Meaning	high_association	1		plus	candidate_pending_human_review			USF Appendix A	USF:Cue_Target_Pairs.C:6905	crowd	people								0.485	0.155	4.572552720204371	6.042567791992532	5.307560256098451	4	5		1	2																																	
CAND_MEANING_000577	Meaning	high_association	1		plus	candidate_pending_human_review			USF Appendix A	USF:Cue_Target_Pairs.L-O:3139	mare	horse								0.74	0.0	3.462691539297021	4.96793320863002	4.2153123739635205	3	4		1	1																																	
CAND_MEANING_000578	Meaning	high_association	1		plus	candidate_pending_human_review			USF Appendix A	USF:Cue_Target_Pairs.L-O:2217	lottery	money								0.536	0.0	3.8289882664735937	5.806698582254281	4.817843424363938	5	4		3	2																																	
CAND_MEANING_000579	Meaning	high_association	1		plus	candidate_pending_human_review			USF Appendix A	USF:Cue_Target_Pairs.A-B:3062	aspirin	headache								0.417	0.218	3.889026919528524	4.149158714284946	4.019092816906735	6	5		2	2																																	
CAND_MEANING_000580	Meaning	high_association	1		plus	candidate_pending_human_review			USF Appendix A	USF:Cue_Target_Pairs.T-Z:5006	vacate	leave								0.633	0.0	3.040617850908264	5.748735112296145	4.394676481602204	5	3		2	1																																	
CAND_MEANING_000581	Meaning	high_association	1		plus	candidate_pending_human_review			USF Appendix A	USF:Cue_Target_Pairs.D-F:316	dashboard	car								0.74	0.0	2.9913998282380825	5.68400001932028	4.337699923779181	7	3		2	1																																	
CAND_MEANING_000582	Meaning	high_association	1		plus	candidate_pending_human_review			USF Appendix A	USF:Cue_Target_Pairs.G-K:5545	ill	sick								0.824	0.355	4.327859562086612	5.21861787300927	4.773238717547941	2	3		1	1																																	
CAND_MEANING_000583	Meaning	high_association	1		plus	candidate_pending_human_review			USF Appendix A	USF:Cue_Target_Pairs.S:1963	server	waiter								0.467	0.108	3.5934598195660445	4.12044488812604	3.8569523538460424	4	4		2	2																																	
CAND_MEANING_000584	Meaning	high_association	1		plus	candidate_pending_human_review			USF Appendix A	USF:Cue_Target_Pairs.G-K:5440	identical	twin								0.429	0.072	3.7426789322214247	4.018341456197112	3.8805101942092683	9	4		4	1																																	
CAND_MEANING_000585	Meaning	high_association	1		plus	candidate_pending_human_review			USF Appendix A	USF:Cue_Target_Pairs.A-B:6872	bounce	ball								0.564	0.06	3.993133541047083	5.021027067285495	4.507080304166289	4	3		1	1																																	
CAND_MEANING_000586	Meaning	high_association	1		plus	candidate_pending_human_review			USF Appendix A	USF:Cue_Target_Pairs.D-F:1925	difficult	hard								0.594	0.0	4.779285179179007	5.488329476311297	5.133807327745153	8	4		3	1																																	
CAND_MEANING_000587	Meaning	high_association	1		plus	candidate_pending_human_review			USF Appendix A	USF:Cue_Target_Pairs.L-O:2322	low	high								0.777	0.655	4.7718611610998	5.290034611362518	5.030947886231159	2	2		1	1																																	
CAND_MEANING_000588	Meaning	high_association	1		plus	candidate_pending_human_review			USF Appendix A	USF:Cue_Target_Pairs.G-K:4219	hobo	bum								0.682	0.128	3.251471216223157	4.188404556261128	3.7199378862421426	4	3		2	1																																	
CAND_MEANING_000589	Meaning	high_association	1		plus	candidate_pending_human_review			USF Appendix A	USF:Cue_Target_Pairs.L-O:4847	minimum	maximum								0.403	0.454	3.910477920614156	3.890125009827576	3.900301465220866	7	8		3	3																																	
CAND_MEANING_000590	Meaning	high_association	1		plus	candidate_pending_human_review			USF Appendix A	USF:Cue_Target_Pairs.S:892	scholarship	money								0.433	0.0	3.9974377832353998	5.806698582254281	4.9020681827448405	8	4		3	2																																	
CAND_MEANING_000591	Meaning	high_association	1		plus	candidate_pending_human_review			USF Appendix A	USF:Cue_Target_Pairs.S:296	salt	pepper								0.701	0.695	4.290252904647789	3.944676164905387	4.117464534776588	4	4		1	2																																	
CAND_MEANING_000592	Meaning	high_association	1		plus	candidate_pending_human_review			USF Appendix A	USF:Cue_Target_Pairs.S:2904	shuttle	space								0.415	0.071	3.7426789322214247	4.819930834883184	4.281304883552305	5	4		2	1																																	
CAND_MEANING_000593	Meaning	high_association	1		plus	candidate_pending_human_review			USF Appendix A	USF:Cue_Target_Pairs.L-O:1828	loan	money								0.429	0.0	4.298039269262344	5.806698582254281	5.052368925758312	3	4		1	2																																	
CAND_MEANING_000594	Meaning	high_association	1		plus	candidate_pending_human_review			USF Appendix A	USF:Cue_Target_Pairs.G-K:6768	interstate	highway								0.596	0.054	3.3338225090602887	4.251948200875062	3.7928853549676753	8	4		3	2																																	
CAND_MEANING_000595	Meaning	high_association	1		plus	candidate_pending_human_review			USF Appendix A	USF:Cue_Target_Pairs.G-K:4927	house	home								0.582	0.333	5.710963118995275	5.8889279550805735	5.7999455370379245	3	3		1	1																																	
CAND_MEANING_000596	Meaning	high_association	1		plus	candidate_pending_human_review			USF Appendix A	USF:Cue_Target_Pairs.S:3447	sitting	standing								0.452	0.524	4.974935909841075	4.893837884436747	4.934386897138911	5	7		2	2																																	
CAND_MEANING_000597	Meaning	high_association	1		plus	candidate_pending_human_review			USF Appendix A	USF:Cue_Target_Pairs.L-O:3897	meatballs	spaghetti								0.675	0.24	3.353127664255675	3.7724367668592143	3.5627822155574447	7	7		2	3																																	
CAND_MEANING_000598	Meaning	high_association	1		plus	candidate_pending_human_review			USF Appendix A	USF:Cue_Target_Pairs.S:10	sack	bag								0.444	0.11	4.111315238496074	4.973308998328875	4.542312118412474	3	3		1	1																																	
CAND_MEANING_000599	Meaning	high_association	1		plus	candidate_pending_human_review			USF Appendix A	USF:Cue_Target_Pairs.D-F:9429	found	lost								0.813	0.747	5.597695185925512	5.437750562820388	5.51772287437295	4	4		1	1																																	
CAND_MEANING_000600	Meaning	high_association	1		plus	candidate_pending_human_review			USF Appendix A	USF:Cue_Target_Pairs.S:4680	sock	shoe								0.617	0.212	3.953295301905933	4.482761522072355	4.218028411989144	3	2		1	1																																	
CAND_MEANING_000601	Meaning	high_association	1		plus	candidate_pending_human_review			USF Appendix A	USF:Cue_Target_Pairs.C:5719	corpse	dead								0.537	0.0	4.004237052943255	5.652227374936464	4.8282322139398595	5	3		1	1																																	
CAND_MEANING_000602	Meaning	high_association	1		plus	candidate_pending_human_review			USF Appendix A	USF:Cue_Target_Pairs.L-O:844	leg	arm								0.503	0.673	4.752123800380034	4.815655865867765	4.783889833123899	3	3		1	1																																	
CAND_MEANING_000603	Meaning	high_association	1		plus	candidate_pending_human_review			USF Appendix A	USF:Cue_Target_Pairs.P-R:1902	phony	fake								0.467	0.062	3.916711919737732	4.560305243220961	4.238508581479347	4	3		2	1																																	
CAND_MEANING_000604	Meaning	high_association	1		plus	candidate_pending_human_review			USF Appendix A	USF:Cue_Target_Pairs.L-O:44	labor	work								0.69	0.02	4.085521424078644	5.902013562370102	4.993767493224373	4	3		2	1																																	
CAND_MEANING_000605	Meaning	high_association	1		plus	candidate_pending_human_review			USF Appendix A	USF:Cue_Target_Pairs.S:5710	spoil	rotten								0.447	0.0	4.065484517266326	4.242307527938938	4.153896022602632	4	5		1	2																																	
CAND_MEANING_000606	Meaning	high_association	1		plus	candidate_pending_human_review			USF Appendix A	USF:Cue_Target_Pairs.L-O:932	lemon	lime								0.429	0.573	4.079890298420478	3.5177391056279266	3.7988147020242025	5	3		2	1																																	
CAND_MEANING_000607	Meaning	high_association	1		plus	candidate_pending_human_review			USF Appendix A	USF:Cue_Target_Pairs.C:776	cardboard	box								0.559	0.092	3.4323089103033	4.953010736329363	4.1926598233163315	8	4		2	1																																	
CAND_MEANING_000608	Meaning	high_association	1		plus	candidate_pending_human_review			USF Appendix A	USF:Cue_Target_Pairs.G-K:1037	goblin	ghost								0.445	0.073	2.973671061277651	4.563341463312545	3.768506262295098	6	4		2	1																																	
CAND_MEANING_000609	Meaning	high_association	1		plus	candidate_pending_human_review			USF Appendix A	USF:Cue_Target_Pairs.P-R:8822	right	left								0.405	0.939	6.602970203685071	5.685249839132449	6.14411002140876	3	4		1	1																																	
CAND_MEANING_000610	Meaning	high_association	1		plus	candidate_pending_human_review			USF Appendix A	USF:Cue_Target_Pairs.D-F:5455	envelope	letter								0.49	0.068	4.00254718901388	4.9170212830289115	4.459784236021395	7	4		3	2																																	
CAND_MEANING_000611	Meaning	high_association	1		plus	candidate_pending_human_review			USF Appendix A	USF:Cue_Target_Pairs.L-O:7242	noisy	loud								0.671	0.0	3.7023629472333583	4.60013974730687	4.151251347270114	4	3		2	1																																	
CAND_MEANING_000612	Meaning	high_association	1		plus	candidate_pending_human_review			USF Appendix A	USF:Cue_Target_Pairs.S:7362	strand	hair								0.453	0.0	3.2655576775017625	5.186247047869527	4.225902362685645	6	3		1	1																																	
CAND_MEANING_000613	Meaning	high_association	1		plus	candidate_pending_human_review			USF Appendix A	USF:Cue_Target_Pairs.C:156	calcium	milk								0.413	0.012	3.2466723333413885	4.628689375916257	3.9376808546288227	7	4		3	1																																	
CAND_MEANING_000614	Meaning	high_association	1		plus	candidate_pending_human_review			USF Appendix A	USF:Cue_Target_Pairs.S:3258	sing	song								0.456	0.291	4.989397464646087	4.971675969315923	4.980536716981005	3	3		1	1																																	
CAND_MEANING_000615	Meaning	high_association	1		plus	candidate_pending_human_review			USF Appendix A	USF:Cue_Target_Pairs.G-K:8212	kiwi	fruit								0.709	0.0	2.894489815230026	4.336969584294475	3.6157296997622503	4	4		2	1																																	
CAND_MEANING_000616	Meaning	high_association	1		plus	candidate_pending_human_review			USF Appendix A	USF:Cue_Target_Pairs.T-Z:7204	wet	dry								0.459	0.495	4.5934598195660445	4.6316824579347635	4.612571138750404	3	3		1	1																																	
CAND_MEANING_000617	Meaning	high_association	1		plus	candidate_pending_human_review			USF Appendix A	USF:Cue_Target_Pairs.G-K:3765	herd	cow								0.562	0.0	3.848732324669351	4.40670712046365	4.1277197225665	3	2		1	1																																	
CAND_MEANING_000618	Meaning	high_association	1		plus	candidate_pending_human_review			USF Appendix A	USF:Cue_Target_Pairs.G-K:6162	inform	tell								0.435	0.017	4.101315691261876	6.236660729697238	5.168988210479557	6	3		2	1																																	
CAND_MEANING_000619	Meaning	high_association	1		plus	candidate_pending_human_review			USF Appendix A	USF:Cue_Target_Pairs.D-F:5486	envy	jealousy								0.513	0.187	3.9799587851166978	3.7592974442561733	3.8696281146864355	4	6		2	3																																	
CAND_MEANING_000620	Meaning	high_association	1		plus	candidate_pending_human_review			USF Appendix A	USF:Cue_Target_Pairs.D-F:8814	flying	airplane								0.434	0.0	4.703881166040001	4.038285019075793	4.371083092557897	5	6		2	2																																	
CAND_MEANING_000621	Meaning	high_association	1		plus	candidate_pending_human_review			USF Appendix A	USF:Cue_Target_Pairs.S:6535	stare	look								0.4	0.022	3.998293536185983	6.289427178890095	5.143860357538038	4	3		1	1																																	
CAND_MEANING_000622	Meaning	high_association	1		plus	candidate_pending_human_review			USF Appendix A	USF:Cue_Target_Pairs.S:289	saloon	bar								0.571	0.0	3.710731115221809	4.934399421604123	4.322565268412966	5	3		2	1																																	
CAND_MEANING_000623	Meaning	high_association	1		plus	candidate_pending_human_review			USF Appendix A	USF:Cue_Target_Pairs.C:4403	component	part								0.439	0.0	3.2009148427807133	5.4174879750741365	4.309201408927425	9	4		3	1																																	
CAND_MEANING_000624	Meaning	high_association	1		plus	candidate_pending_human_review			USF Appendix A	USF:Cue_Target_Pairs.D-F:7947	film	movie								0.543	0.195	4.81461314152075	5.089766624677413	4.952189883099082	4	4		1	2																																	
CAND_MEANING_000625	Meaning	high_association	1		plus	candidate_pending_human_review			USF Appendix A	USF:Cue_Target_Pairs.A-B:372	ache	pain								0.507	0.013	3.3962335448580205	4.990965316464065	4.193599430661043	2	3		1	1																																	
CAND_MEANING_000626	Meaning	high_association	1		plus	candidate_pending_human_review			USF Appendix A	USF:Cue_Target_Pairs.S:1694	sell	buy								0.544	0.35	4.964989451665339	5.2842758775469605	5.12463266460615	3	2		1	1																																	
CAND_MEANING_000627	Meaning	high_association	1		plus	candidate_pending_human_review			USF Appendix A	USF:Cue_Target_Pairs.A-B:776	adorable	cute								0.689	0.064	4.022404109601619	4.943222863553995	4.4828134865778075	8	4		4	1																																	
CAND_MEANING_000628	Meaning	high_association	1		plus	candidate_pending_human_review			USF Appendix A	USF:Cue_Target_Pairs.S:7048	sting	bee								0.603	0.362	3.846312850545938	4.015063746435876	3.930688298490907	4	2		1	1																																	
CAND_MEANING_000629	Meaning	high_association	1		plus	candidate_pending_human_review			USF Appendix A	USF:Cue_Target_Pairs.G-K:2684	hammer	nail								0.8	0.622	4.095886939550478	4.270610340839477	4.183248640194977	4	3		2	1																																	
CAND_MEANING_000630	Meaning	high_association	1		plus	candidate_pending_human_review			USF Appendix A	USF:Cue_Target_Pairs.C:3648	cocoon	butterfly								0.412	0.024	3.048304679574555	3.7411361438071435	3.3947204116908494	5	7		2	3																																	
CAND_MEANING_000631	Meaning	high_association	1		plus	candidate_pending_human_review			USF Appendix A	USF:Cue_Target_Pairs.D-F:1744	diamond	ring								0.63	0.081	4.314858195087551	4.967290964639876	4.641074579863713	6	3		2	1																																	
CAND_MEANING_000632	Meaning	high_association	1		plus	candidate_pending_human_review			USF Appendix A	USF:Cue_Target_Pairs.D-F:9975	frightened	scared								0.784	0.315	4.366514512930308	5.125130294862631	4.745822403896469	7	5		2	1																																	
CAND_MEANING_000633	Meaning	high_association	1		plus	candidate_pending_human_review			USF Appendix A	USF:Cue_Target_Pairs.T-Z:5490	verb	noun								0.642	0.69	3.0248235837250323	2.723793588061051	2.8743085858930417	3	3		1	1																																	
CAND_MEANING_000634	Meaning	high_association	1		plus	candidate_pending_human_review			USF Appendix A	USF:Cue_Target_Pairs.L-O:6749	negative	positive								0.603	0.627	4.409037567890312	4.500064191291025	4.454550879590668	7	7		3	3																																	
CAND_MEANING_000635	Meaning	high_association	1		plus	candidate_pending_human_review			USF Appendix A	USF:Cue_Target_Pairs.L-O:369	lather	soap								0.673	0.027	2.7395878552442827	4.181731526408374	3.4606596908263283	4	3		2	1																																	
CAND_MEANING_000636	Meaning	high_association	1		plus	candidate_pending_human_review			USF Appendix A	USF:Cue_Target_Pairs.L-O:637	league	baseball								0.551	0.0	4.270153429190911	4.402345686925857	4.336249558058384	3	6		1	2																																	
CAND_MEANING_000637	Meaning	high_association	1		plus	candidate_pending_human_review			USF Appendix A	USF:Cue_Target_Pairs.L-O:6793	neighbor	friend								0.507	0.022	4.228943566380957	5.6225187696505445	4.925731168015751	4	5		2	1																																	
CAND_MEANING_000638	Meaning	high_association	1		plus	candidate_pending_human_review			USF Appendix A	USF:Cue_Target_Pairs.D-F:4554	effort	try								0.462	0.062	4.286746976571701	5.678286236263478	4.982516606417589	4	3		2	1																																	
CAND_MEANING_000639	Meaning	high_association	1		plus	candidate_pending_human_review			USF Appendix A	USF:Cue_Target_Pairs.L-O:6824	nephew	niece								0.476	0.658	4.219800186941088	3.979066093164357	4.099433140052723	5	3		2	1																																	
CAND_MEANING_000640	Meaning	high_association	1		plus	candidate_pending_human_review			USF Appendix A	USF:Cue_Target_Pairs.T-Z:5467	vent	air								0.541	0.0	3.644612342013426	5.14307605908513	4.393844200549278	4	2		1	1																																	
CAND_MEANING_000641	Meaning	high_association	1		plus	candidate_pending_human_review			USF Appendix A	USF:Cue_Target_Pairs.T-Z:8762	zoo	animal								0.649	0.022	4.135039063512625	4.657917808792964	4.396478436152794	2	6		1	3																																	
CAND_MEANING_000642	Meaning	high_association	1		plus	candidate_pending_human_review			USF Appendix A	USF:Cue_Target_Pairs.G-K:41	galaxy	stars								0.413	0.0	3.822629522105146	4.664051751078085	4.243340636591615	7	5		3	1																																	
CAND_MEANING_000643	Meaning	high_association	1		plus	candidate_pending_human_review			USF Appendix A	USF:Cue_Target_Pairs.T-Z:1843	tight	loose								0.436	0.565	4.706901773531366	4.621013273616265	4.663957523573815	3	3		1	1																																	
CAND_MEANING_000644	Meaning	high_association	1		plus	candidate_pending_human_review			USF Appendix A	USF:Cue_Target_Pairs.A-B:4311	bank	money								0.799	0.019	4.929318730885862	5.806698582254281	5.368008656570072	4	4		1	2																																	
CAND_MEANING_000645	Meaning	high_association	1		plus	candidate_pending_human_review			USF Appendix A	USF:Cue_Target_Pairs.P-R:5844	pupil	student								0.683	0.051	3.4965498065579883	4.633864348480204	4.065207077519096	6	7		2	2																																	
CAND_MEANING_000646	Meaning	high_association	1		plus	candidate_pending_human_review			USF Appendix A	USF:Cue_Target_Pairs.P-R:1801	petals	flower								0.748	0.079	3.1789205490745456	4.357262043640637	3.7680912963575914	6	4		2	2																																	
CAND_MEANING_000647	Meaning	high_association	1		plus	candidate_pending_human_review			USF Appendix A	USF:Cue_Target_Pairs.C:7216	cup	saucer								0.418	0.527	4.713045594527829	3.4385578595803015	4.075801727054065	3	4		1	2																																	
CAND_MEANING_000648	Meaning	high_association	1		plus	candidate_pending_human_review			USF Appendix A	USF:Cue_Target_Pairs.D-F:9967	fright	scare								0.636	0.464	3.4416489365574434	4.525933584243198	3.983791260400321	4	4		1	1																																	
CAND_MEANING_000649	Meaning	high_association	1		plus	candidate_pending_human_review			USF Appendix A	USF:Cue_Target_Pairs.P-R:837	paste	glue								0.63	0.066	3.231949076520682	3.769551078621726	3.5007500775712037	4	3		1	1																																	
CAND_MEANING_000650	Meaning	high_association	1		plus	candidate_pending_human_review			USF Appendix A	USF:Cue_Target_Pairs.A-B:7054	boys	girls								0.5	0.503	5.3505520396849775	5.3187996354757825	5.33467583758038	3	4		1	1																																	
CAND_MEANING_000651	Meaning	high_association	1		plus	candidate_pending_human_review			USF Appendix A	USF:Cue_Target_Pairs.D-F:10285	funeral	death								0.52	0.016	4.521086782010999	5.3358314028129445	4.9284590924119716	7	3		3	1																																	
CAND_MEANING_000652	Meaning	high_association	1		plus	candidate_pending_human_review			USF Appendix A	USF:Cue_Target_Pairs.T-Z:5014	vacation	trip								0.419	0.297	4.515925764864458	4.915885871971997	4.715905818418228	7	4		3	1																																	
CAND_MEANING_000653	Meaning	high_association	1		plus	candidate_pending_human_review			USF Appendix A	USF:Cue_Target_Pairs.T-Z:7906	women	men								0.45	0.614	5.291473323505226	5.571434785746966	5.431454054626096	5	3		2	1																																	
CAND_MEANING_000654	Meaning	high_association	1		plus	candidate_pending_human_review			USF Appendix A	USF:Cue_Target_Pairs.L-O:1348	lightheaded	dizzy								0.439	0.0	2.7395878552442827	3.9258982794816504	3.3327430673629665	8	4		3	2																																	
CAND_MEANING_000655	Meaning	high_association	1		plus	candidate_pending_human_review			USF Appendix A	USF:Cue_Target_Pairs.L-O:5511	monotonous	boring								0.484	0.0	2.9258982794816504	4.437936995311726	3.681917637396688	9	5		4	2																																	
CAND_MEANING_000656	Meaning	high_association	1		plus	candidate_pending_human_review			USF Appendix A	USF:Cue_Target_Pairs.A-B:1338	aid	help								0.432	0.065	4.14307605908513	5.964315102732613	5.0536955809088715	2	4		1	1																																	
CAND_MEANING_000657	Meaning	high_association	1		plus	candidate_pending_human_review			USF Appendix A	USF:Cue_Target_Pairs.T-Z:7751	wise	smart								0.432	0.013	4.454396440266138	4.983422856001933	4.718909648134035	3	5		1	1																																	
CAND_MEANING_000658	Meaning	high_association	1		plus	candidate_pending_human_review			USF Appendix A	USF:Cue_Target_Pairs.G-K:5918	incorrect	wrong								0.673	0.047	3.3455082673854832	5.718583092118043	4.5320456797517625	7	3		3	1																																	
CAND_MEANING_000659	Meaning	high_association	1		plus	candidate_pending_human_review			USF Appendix A	USF:Cue_Target_Pairs.D-F:2507	discussion	talk								0.55	0.0	4.084120472922182	5.931966114728173	5.008043293825177	8	3		3	1																																	
CAND_MEANING_000660	Meaning	high_association	1		plus	candidate_pending_human_review			USF Appendix A	USF:Cue_Target_Pairs.T-Z:8208	worst	best								0.504	0.536	4.750916587700271	5.606781665677726	5.178849126688998	4	4		1	1																																	
CAND_MEANING_000661	Meaning	high_association	1		plus	candidate_pending_human_review			USF Appendix A	USF:Cue_Target_Pairs.P-R:1503	perch	bird								0.547	0.0	2.9913998282380825	4.6575432555296405	3.8244715418838613	3	3		1	1																																	
CAND_MEANING_000662	Meaning	high_association	1		plus	candidate_pending_human_review			USF Appendix A	USF:Cue_Target_Pairs.S:7745	struggle	fight								0.474	0.014	4.126214198558543	5.303365488606449	4.714789843582496	7	3		2	1																																	
CAND_MEANING_000663	Meaning	high_association	1		plus	candidate_pending_human_review			USF Appendix A	USF:Cue_Target_Pairs.C:2815	citrus	fruit								0.426	0.0	2.7074031718728815	4.336969584294475	3.522186378083678	6	4		2	1																																	
CAND_MEANING_000664	Meaning	high_association	1		plus	candidate_pending_human_review			USF Appendix A	USF:Cue_Target_Pairs.T-Z:2083	toe	foot								0.605	0.235	4.103334104570764	4.812389004654132	4.457861554612448	2	3		1	1																																	
CAND_MEANING_000665	Meaning	high_association	1		plus	candidate_pending_human_review			USF Appendix A	USF:Cue_Target_Pairs.G-K:5663	immediate	now								0.609	0.028	4.049065932147911	6.505503762894741	5.277284847521326	7	2		4	1																																	
CAND_MEANING_000666	Meaning	high_association	1		plus	candidate_pending_human_review			USF Appendix A	USF:Cue_Target_Pairs.T-Z:6823	waves	ocean								0.496	0.0	4.121089720437384	4.4813583076629175	4.301224014050151	4	4		1	2																																	
CAND_MEANING_000667	Meaning	high_association	1		plus	candidate_pending_human_review			USF Appendix A	USF:Cue_Target_Pairs.T-Z:8679	zebra	stripe								0.455	0.045	3.399639793549932	3.16166154363304	3.280650668591486	5	5		2	1																																	
CAND_MEANING_000668	Meaning	high_association	1		plus	candidate_pending_human_review			USF Appendix A	USF:Cue_Target_Pairs.S:4792	sole	shoes								0.5	0.0	3.7205646179308527	4.870151348411085	4.295357983170969	3	3		1	1																																	
CAND_MEANING_000669	Meaning	high_association	1		plus	candidate_pending_human_review			USF Appendix A	USF:Cue_Target_Pairs.T-Z:4240	under	over								0.48	0.542	5.418171263030779	6.121656381961456	5.769913822496117	4	3		2	2																																	
CAND_MEANING_000670	Meaning	high_association	1		plus	candidate_pending_human_review			USF Appendix A	USF:Cue_Target_Pairs.P-R:3316	poker	card								0.414	0.061	4.205713725662482	4.931617383837818	4.56866555475015	4	4		2	1																																	
CAND_MEANING_000671	Meaning	high_association	1		plus	candidate_pending_human_review			USF Appendix A	USF:Cue_Target_Pairs.L-O:7156	niece	nephew								0.658	0.476	3.979066093164357	4.219800186941088	4.099433140052723	3	5		1	2																																	
CAND_MEANING_000672	Meaning	high_association	1		plus	candidate_pending_human_review			USF Appendix A	USF:Cue_Target_Pairs.L-O:7197	nine	ten								0.566	0.062	4.829114496522994	5.161368002234974	4.995241249378984	3	3		1	1																																	
CAND_MEANING_000673	Meaning	high_association	1		plus	candidate_pending_human_review			USF Appendix A	USF:Cue_Target_Pairs.G-K:986	go	stop								0.539	0.615	6.578987332834114	5.849588006377395	6.2142876696057545	2	4		1	1																																	
CAND_MEANING_000674	Meaning	high_association	1		plus	candidate_pending_human_review			USF Appendix A	USF:Cue_Target_Pairs.D-F:1072	demon	devil								0.553	0.04	4.494645599703195	4.616300430442573	4.555473015072884	5	5		2	2																																	
CAND_MEANING_000675	Meaning	high_association	1		plus	candidate_pending_human_review			USF Appendix A	USF:Cue_Target_Pairs.P-R:8351	rest	sleep								0.475	0.163	5.328299637597617	5.357822785464055	5.343061211530836	4	4		1	1																																	
CAND_MEANING_000676	Meaning	high_association	1		plus	candidate_pending_human_review			USF Appendix A	USF:Cue_Target_Pairs.A-B:2631	architecture	building								0.51	0.0	3.5019448384446945	4.998122520439767	4.250033679442231	9	6		4	2																																	
CAND_MEANING_000677	Meaning	high_association	1		plus	candidate_pending_human_review			USF Appendix A	USF:Cue_Target_Pairs.S:2320	she	he								0.74	0.776	6.572044302738093	6.8829339408825	6.727489121810297	2	2		1	1																																	
CAND_MEANING_000678	Meaning	high_association	1		plus	candidate_pending_human_review			USF Appendix A	USF:Cue_Target_Pairs.D-F:9384	forward	backward								0.5	0.709	4.859338479128867	3.493826948222515	4.176582713675691	6	6		2	2																																	
CAND_MEANING_000679	Meaning	high_association	1		plus	candidate_pending_human_review			USF Appendix A	USF:Cue_Target_Pairs.D-F:4713	elderly	old								0.703	0.0	3.6125761100131175	5.7845753419463515	4.698575725979735	6	3		3	1																																	
CAND_MEANING_000680	Meaning	high_association	1		plus	candidate_pending_human_review			USF Appendix A	USF:Cue_Target_Pairs.P-R:6127	quick	fast								0.408	0.087	5.036096345348277	5.138147841868722	5.0871220936084995	4	4		1	1																																	
CAND_MEANING_000681	Meaning	high_association	1		plus	candidate_pending_human_review			USF Appendix A	USF:Cue_Target_Pairs.D-F:8999	fond	like								0.477	0.022	4.091080469347332	6.6019471452588885	5.34651380730311	4	3		1	1																																	
CAND_MEANING_000682	Meaning	high_association	1		plus	candidate_pending_human_review			USF Appendix A	USF:Cue_Target_Pairs.D-F:5964	exam	test								0.778	0.252	4.12748592562218	4.924684600586778	4.526085263104479	5	4		2	1																																	
CAND_MEANING_000683	Meaning	high_association	1		plus	candidate_pending_human_review			USF Appendix A	USF:Cue_Target_Pairs.P-R:3764	positive	negative								0.627	0.603	4.500064191291025	4.409037567890312	4.454550879590668	7	7		3	3																																	
CAND_MEANING_000684	Meaning	high_association	1		plus	candidate_pending_human_review			USF Appendix A	USF:Cue_Target_Pairs.L-O:7139	nickel	dime								0.469	0.527	3.9269070940627953	4.08130493967748	4.0041060168701375	5	3		2	1																																	
CAND_MEANING_000685	Meaning	high_association	1		plus	candidate_pending_human_review			USF Appendix A	USF:Cue_Target_Pairs.L-O:7165	night	day								0.686	0.819	5.937537558034146	5.904078796419064	5.920808177226605	3	2		1	1																																	
CAND_MEANING_000686	Meaning	high_association	1		plus	candidate_pending_human_review			USF Appendix A	USF:Cue_Target_Pairs.L-O:961	lend	borrow								0.554	0.41	4.066946789630613	4.467071016562512	4.2670089030965626	4	4		1	2																																	
CAND_MEANING_000687	Meaning	high_association	1		plus	candidate_pending_human_review			USF Appendix A	USF:Cue_Target_Pairs.A-B:1527	alive	dead								0.554	0.398	5.188845800375187	5.652227374936464	5.420536587655826	4	3		2	1																																	
CAND_MEANING_000688	Meaning	high_association	1		plus	candidate_pending_human_review			USF Appendix A	USF:Cue_Target_Pairs.L-O:8111	offense	defense								0.638	0.297	4.216709109963945	4.513844061744402	4.365276585854174	5	6		2	2																																	
CAND_MEANING_000689	Meaning	high_association	1		plus	candidate_pending_human_review			USF Appendix A	USF:Cue_Target_Pairs.L-O:4630	migraine	headache								0.803	0.061	3.2701534291909113	4.149158714284946	3.7096560717379283	6	5		2	2																																	
CAND_MEANING_000690	Meaning	high_association	1		plus	candidate_pending_human_review			USF Appendix A	USF:Cue_Target_Pairs.L-O:6728	needle	thread								0.424	0.758	4.076333403174798	3.7123855723918213	3.89435948778331	5	4		2	1																																	
CAND_MEANING_000691	Meaning	high_association	1		plus	candidate_pending_human_review			USF Appendix A	USF:Cue_Target_Pairs.G-K:66	gallop	horse								0.662	0.012	2.973671061277651	4.96793320863002	3.9708021349538356	5	4		2	1																																	
CAND_MEANING_000692	Meaning	high_association	1		plus	candidate_pending_human_review			USF Appendix A	USF:Cue_Target_Pairs.S:7720	strong	weak								0.507	0.557	4.938833550125134	4.498445700665409	4.718639625395271	5	3		1	1																																	
CAND_MEANING_000693	Meaning	high_association	1		plus	candidate_pending_human_review			USF Appendix A	USF:Cue_Target_Pairs.L-O:9176	owe	money								0.473	0.0	4.870151348411085	5.806698582254281	5.338424965332683	1	4		1	2																																	
CAND_MEANING_000694	Meaning	high_association	1		plus	candidate_pending_human_review			USF Appendix A	USF:Cue_Target_Pairs.A-B:5187	behind	front								0.466	0.0	5.2738406640679525	5.258993907999374	5.266417286033663	6	5		2	1																																	
CAND_MEANING_000695	Meaning	high_association	1		plus	candidate_pending_human_review			USF Appendix A	USF:Cue_Target_Pairs.G-K:2606	hallucination	drugs								0.412	0.0	3.251471216223157	4.684070527394452	3.9677708718088045	11	5		5	1																																	
CAND_MEANING_000696	Meaning	high_association	1		plus	candidate_pending_human_review			USF Appendix A	USF:Cue_Target_Pairs.A-B:6357	blush	embarrass								0.411	0.22	3.425968732272281	3.9456423376774072	3.685805534974844	4	7		1	3																																	
CAND_MEANING_000697	Meaning	high_association	1		plus	candidate_pending_human_review			USF Appendix A	USF:Cue_Target_Pairs.T-Z:5154	values	morals								0.479	0.184	3.9279135707169757	3.4656160923143378	3.6967648315156567	6	6		2	2																																	
CAND_MEANING_000698	Meaning	high_association	1		plus	candidate_pending_human_review			USF Appendix A	USF:Cue_Target_Pairs.L-O:4222	men	women								0.614	0.45	5.571434785746966	5.291473323505226	5.431454054626096	3	5		1	2																																	
CAND_MEANING_000699	Meaning	high_association	1		plus	candidate_pending_human_review			USF Appendix A	USF:Cue_Target_Pairs.C:97	cafeteria	food								0.593	0.0	3.7533276666586115	5.1887355313681445	4.4710315990133775	9	3		5	1																																	
CAND_MEANING_000700	Meaning	high_association	1		plus	candidate_pending_human_review			USF Appendix A	USF:Cue_Target_Pairs.P-R:2610	planet	earth								0.606	0.161	4.587996923864543	4.997780286787775	4.792888605326159	6	2		2	1																																	
CAND_MEANING_000701	Meaning	high_association	1		plus	candidate_pending_human_review			USF Appendix A	USF:Cue_Target_Pairs.A-B:7801	budget	money								0.541	0.0	4.00254718901388	5.806698582254281	4.9046228856340806	5	4		2	2																																	
CAND_MEANING_000702	Meaning	high_association	1		plus	candidate_pending_human_review			USF Appendix A	USF:Cue_Target_Pairs.S:7985	subjective	objective								0.401	0.084	3.048304679574555	3.8475242724803826	3.447914476027469	9	8		3	3																																	
CAND_MEANING_000703	Meaning	high_association	1		plus	candidate_pending_human_review			USF Appendix A	USF:Cue_Target_Pairs.P-R:7407	refrain	stop								0.514	0.0	3.309463163200844	5.849588006377395	4.57952558478912	6	4		2	1																																	
CAND_MEANING_000704	Meaning	high_association	1		plus	candidate_pending_human_review			USF Appendix A	USF:Cue_Target_Pairs.G-K:1296	gossip	talk								0.446	0.0	3.8912203306651785	5.931966114728173	4.911593222696675	5	3		2	1																																	
CAND_MEANING_000705	Meaning	high_association	1		plus	candidate_pending_human_review			USF Appendix A	USF:Cue_Target_Pairs.T-Z:2023	toad	frog								0.828	0.263	3.75482782180102	4.072747136042215	3.9137874789216176	3	4		1	1																																	
CAND_MEANING_000706	Meaning	high_association	1		plus	candidate_pending_human_review			USF Appendix A	USF:Cue_Target_Pairs.C:5066	consider	think								0.5	0.0	4.719915932997849	6.42997698247318	5.574946457735514	7	4		3	1																																	
CAND_MEANING_000707	Meaning	high_association	1		plus	candidate_pending_human_review			USF Appendix A	USF:Cue_Target_Pairs.S:400	sap	tree								0.703	0.0	3.542849826210958	4.812913356642856	4.177881591426907	3	3		1	1																																	
CAND_MEANING_000708	Meaning	high_association	1		plus	candidate_pending_human_review			USF Appendix A	USF:Cue_Target_Pairs.S:3770	sleeve	shirt								0.461	0.038	3.748795857031107	4.6662609689758945	4.207528413003501	4	3		1	1																																	
CAND_MEANING_000709	Meaning	high_association	1		plus	candidate_pending_human_review			USF Appendix A	USF:Cue_Target_Pairs.C:3936	comedian	funny								0.55	0.034	3.6125761100131175	5.338807911950337	4.475692010981727	8	4		4	2																																	
CAND_MEANING_000710	Meaning	high_association	1		plus	candidate_pending_human_review			USF Appendix A	USF:Cue_Target_Pairs.P-R:1269	pebble	rock								0.468	0.0	3.105343180544919	4.935289876486555	4.020316528515737	5	3		2	1																																	
CAND_MEANING_000711	Meaning	high_association	1		plus	candidate_pending_human_review			USF Appendix A	USF:Cue_Target_Pairs.D-F:9014	food	eat								0.406	0.409	5.1887355313681445	5.4011977415801455	5.294966636474145	3	2		1	1																																	
CAND_MEANING_000712	Meaning	high_association	1		plus	candidate_pending_human_review			USF Appendix A	USF:Cue_Target_Pairs.C:3818	cologne	perfume								0.457	0.221	3.4992556999339133	4.058098378661078	3.7786770392974955	5	6		2	2																																	
CAND_MEANING_000713	Meaning	high_association	1		plus	candidate_pending_human_review			USF Appendix A	USF:Cue_Target_Pairs.A-B:6235	blubber	fat								0.588	0.0	2.9258982794816504	4.899992067085652	3.912945173283651	5	3		2	1																																	
CAND_MEANING_000714	Meaning	high_association	1		plus	candidate_pending_human_review			USF Appendix A	USF:Cue_Target_Pairs.C:6814	crook	thief								0.459	0.091	3.7533276666586115	4.385150468586163	4.069239067622387	4	3		1	1																																	
CAND_MEANING_000715	Meaning	high_association	1		plus	candidate_pending_human_review			USF Appendix A	USF:Cue_Target_Pairs.D-F:3870	drowsy	sleep								0.551	0.0	2.8606315479690587	5.357822785464055	4.109227166716557	5	4		2	1																																	
CAND_MEANING_000716	Meaning	high_association	1		plus	candidate_pending_human_review			USF Appendix A	USF:Cue_Target_Pairs.P-R:1279	pedal	bike								0.544	0.047	3.309463163200844	4.413003755107914	3.861233459154379	5	3		2	1																																	
CAND_MEANING_000717	Meaning	high_association	1		plus	candidate_pending_human_review			USF Appendix A	USF:Cue_Target_Pairs.A-B:4709	battle	war								0.469	0.026	4.625877098398814	5.242405001731717	4.934141050065265	5	3		2	1																																	
CAND_MEANING_000718	Meaning	high_association	1		plus	candidate_pending_human_review			USF Appendix A	USF:Cue_Target_Pairs.D-F:35	dairy	milk								0.494	0.012	3.44471816828512	4.628689375916257	4.036703772100688	4	4		2	1																																	
CAND_MEANING_000719	Meaning	high_association	1		plus	candidate_pending_human_review			USF Appendix A	USF:Cue_Target_Pairs.T-Z:2644	town	city								0.529	0.307	5.394314311069605	5.2281385717447275	5.311226441407166	3	4		1	2																																	
CAND_MEANING_000720	Meaning	high_association	1		plus	candidate_pending_human_review			USF Appendix A	USF:Cue_Target_Pairs.P-R:3665	pork	pig								0.594	0.106	4.022404109601619	4.592590360853416	4.307497235227517	4	3		1	1																																	
CAND_MEANING_000721	Meaning	high_association	1		plus	candidate_pending_human_review			USF Appendix A	USF:Cue_Target_Pairs.S:8206	sugar	sweet								0.433	0.061	4.5770861066905795	5.1619548867592915	4.8695204967249355	4	4		2	1																																	
CAND_MEANING_000722	Meaning	high_association	1		plus	candidate_pending_human_review			USF Appendix A	USF:Cue_Target_Pairs.P-R:6755	rattle	snake								0.464	0.085	3.5279582708096124	4.349334675238536	3.9386464730240744	5	4		2	1																																	
CAND_MEANING_000723	Meaning	high_association	1		plus	candidate_pending_human_review			USF Appendix A	USF:Cue_Target_Pairs.A-B:2430	apology	sorry								0.578	0.212	4.197685872650515	6.067428261062279	5.132557066856397	7	4		4	2																																	
CAND_MEANING_000724	Meaning	high_association	1		plus	candidate_pending_human_review			USF Appendix A	USF:Cue_Target_Pairs.S:1049	scout	boy								0.568	0.011	4.109995193461844	5.724131241365484	4.917063217413665	4	2		1	1																																	
CAND_MEANING_000725	Meaning	high_association	1		plus	candidate_pending_human_review			USF Appendix A	USF:Cue_Target_Pairs.P-R:3497	pony	horse								0.752	0.109	3.908379875558465	4.96793320863002	4.438156542094243	4	4		2	1																																	
CAND_MEANING_000726	Meaning	high_association	1		plus	candidate_pending_human_review			USF Appendix A	USF:Cue_Target_Pairs.D-F:8699	flu	sick								0.585	0.024	3.9398127940166834	5.21861787300927	4.579215333512977	3	3		1	1																																	
CAND_MEANING_000727	Meaning	high_association	1		plus	candidate_pending_human_review			USF Appendix A	USF:Cue_Target_Pairs.P-R:1415	pepper	salt								0.695	0.701	3.944676164905387	4.290252904647789	4.117464534776588	4	4		2	1																																	
CAND_MEANING_000728	Meaning	high_association	1		plus	candidate_pending_human_review			USF Appendix A	USF:Cue_Target_Pairs.C:1337	cavity	tooth								0.543	0.043	3.4742734118468364	4.132535918358822	3.8034046651028293	6	3		3	1																																	
CAND_MEANING_000729	Meaning	high_association	1		plus	candidate_pending_human_review			USF Appendix A	USF:Cue_Target_Pairs.C:6895	crow	bird								0.538	0.0	3.6484556810951863	4.6575432555296405	4.152999468312413	3	3		1	1																																	
CAND_MEANING_000730	Meaning	high_association	1		plus	candidate_pending_human_review			USF Appendix A	USF:Cue_Target_Pairs.T-Z:1776	tickle	laugh								0.578	0.0	3.681595908266596	4.79839334192019	4.239994625093393	5	3		2	1																																	
CAND_MEANING_000731	Meaning	high_association	1		plus	candidate_pending_human_review			USF Appendix A	USF:Cue_Target_Pairs.C:195	calculus	math								0.709	0.079	2.9645276818377813	4.21463610134108	3.5895818915894306	9	3		3	1																																	
CAND_MEANING_000732	Meaning	high_association	1		plus	candidate_pending_human_review			USF Appendix A	USF:Cue_Target_Pairs.G-K:6649	intelligent	smart								0.711	0.195	4.130649045809689	4.983422856001933	4.557035950905812	10	5		4	1																																	
CAND_MEANING_000733	Meaning	high_association	1		plus	candidate_pending_human_review			USF Appendix A	USF:Cue_Target_Pairs.D-F:5804	even	odd								0.621	0.558	5.942465220509112	4.38092029408446	5.161692757296786	4	2		2	1																																	
CAND_MEANING_000734	Meaning	high_association	1		plus	candidate_pending_human_review			USF Appendix A	USF:Cue_Target_Pairs.C:888	caring	loving								0.493	0.37	3.8475242724803826	4.3979400086720375	4.12273214057621	5	5		2	2																																	
CAND_MEANING_000735	Meaning	high_association	1		plus	candidate_pending_human_review			USF Appendix A	USF:Cue_Target_Pairs.S:3529	ski	snow								0.412	0.038	3.908379875558465	4.496278287648298	4.202329081603382	3	3		1	1																																	
CAND_MEANING_000736	Meaning	high_association	1		plus	candidate_pending_human_review			USF Appendix A	USF:Cue_Target_Pairs.C:3710	coin	money								0.436	0.019	3.9887862126353957	5.806698582254281	4.897742397444839	3	4		1	2																																	
CAND_MEANING_000737	Meaning	high_association	1		plus	candidate_pending_human_review			USF Appendix A	USF:Cue_Target_Pairs.S:7219	stop	go								0.615	0.539	5.849588006377395	6.578987332834114	6.2142876696057545	4	2		1	1																																	
CAND_MEANING_000738	Meaning	high_association	1		plus	candidate_pending_human_review			USF Appendix A	USF:Cue_Target_Pairs.D-F:3445	down	up								0.581	0.845	6.173266273185671	6.564666064252089	6.36896616871888	3	2		1	1																																	
CAND_MEANING_000739	Meaning	high_association	1		plus	candidate_pending_human_review			USF Appendix A	USF:Cue_Target_Pairs.T-Z:3308	tricycle	bicycle								0.464	0.047	2.723793588061051	3.8200597247734023	3.271926656417227	8	7		3	3																																	
CAND_MEANING_000740	Meaning	high_association	1		plus	candidate_pending_human_review			USF Appendix A	USF:Cue_Target_Pairs.T-Z:8716	zipper	pants								0.434	0.016	3.4507923159973135	4.768971632929492	4.109881974463403	4	5		2	1																																	
CAND_MEANING_000741	Meaning	high_association	1		plus	candidate_pending_human_review			USF Appendix A	USF:Cue_Target_Pairs.S:5477	spend	money								0.596	0.096	4.969762975321966	5.806698582254281	5.388230778788124	5	4		1	2																																	
CAND_MEANING_000742	Meaning	high_association	1		plus	candidate_pending_human_review			USF Appendix A	USF:Cue_Target_Pairs.P-R:6854	reader	book								0.48	0.0	3.73647461982014	5.247925153086191	4.492199886453165	4	3		2	1																																	
CAND_MEANING_000743	Meaning	high_association	1		plus	candidate_pending_human_review			USF Appendix A	USF:Cue_Target_Pairs.A-B:2771	aroma	smell								0.678	0.0	3.131278914639319	4.919795680494796	4.025537297567057	4	4		3	1																																	
CAND_MEANING_000744	Meaning	high_association	1		plus	candidate_pending_human_review			USF Appendix A	USF:Cue_Target_Pairs.C:4607	concept	idea								0.421	0.031	4.035154955206762	5.555141886533789	4.795148420870276	7	4		2	3																																	
CAND_MEANING_000745	Meaning	high_association	1		plus	candidate_pending_human_review			USF Appendix A	USF:Cue_Target_Pairs.C:2606	chorus	sing								0.421	0.011	3.7837915177363364	4.989397464646087	4.386594491191212	5	3		2	1																																	
CAND_MEANING_000746	Meaning	high_association	1		plus	candidate_pending_human_review			USF Appendix A	USF:Cue_Target_Pairs.T-Z:549	teach	learn								0.415	0.178	4.862388641998658	5.073969792508006	4.968179217253332	3	3		1	1																																	
CAND_MEANING_000747	Meaning	high_association	1		plus	candidate_pending_human_review			USF Appendix A	USF:Cue_Target_Pairs.C:4017	comma	period								0.407	0.079	2.9913998282380825	4.443799674149524	3.717599751193803	4	6		2	3																																	
CAND_MEANING_000748	Meaning	high_association	1		plus	candidate_pending_human_review			USF Appendix A	USF:Cue_Target_Pairs.G-K:5560	illness	sick								0.723	0.024	3.8618037335171094	5.21861787300927	4.540210803263189	5	3		2	1																																	
CAND_MEANING_000749	Meaning	high_association	1		plus	candidate_pending_human_review			USF Appendix A	USF:Cue_Target_Pairs.L-O:8357	opening	closing								0.507	0.48	4.58468589525854	4.417259973315923	4.5009729342872316	6	6		3	2																																	
CAND_MEANING_000750	Meaning	high_association	1		plus	candidate_pending_human_review			USF Appendix A	USF:Cue_Target_Pairs.T-Z:3954	twinkle	star								0.662	0.026	3.4883294763112973	4.9103732587310365	4.199351367521167	7	4		2	1																																	
CAND_MEANING_000751	Meaning	high_association	1		plus	candidate_pending_human_review			USF Appendix A	USF:Cue_Target_Pairs.D-F:7967	filthy	dirty								0.7	0.11	4.21567384253234	4.822501392739442	4.519087617635891	5	4		2	2																																	
CAND_MEANING_000752	Meaning	high_association	1		plus	candidate_pending_human_review			USF Appendix A	USF:Cue_Target_Pairs.D-F:8731	flunk	fail								0.621	0.089	3.256217651247619	4.390727360396761	3.82347250582219	5	3		1	1																																	
CAND_MEANING_000753	Meaning	high_association	1		plus	candidate_pending_human_review			USF Appendix A	USF:Cue_Target_Pairs.S:4255	smooth	rough								0.416	0.352	4.261845736256045	4.572780516948069	4.417313126602057	4	3		1	1																																	
CAND_MEANING_000754	Meaning	high_association	1		plus	candidate_pending_human_review			USF Appendix A	USF:Cue_Target_Pairs.C:3126	clever	smart								0.615	0.0	4.43575695389411	4.983422856001933	4.709589904948022	5	5		2	1																																	
CAND_MEANING_000755	Meaning	high_association	1		plus	candidate_pending_human_review			USF Appendix A	USF:Cue_Target_Pairs.C:6220	cradle	baby								0.678	0.0	3.4537978261370386	5.707035536366613	4.580416681251826	6	4		2	2																																	
CAND_MEANING_000756	Meaning	high_association	1		plus	candidate_pending_human_review			USF Appendix A	USF:Cue_Target_Pairs.S:6921	stewardess	airplane								0.51	0.0	3.4992556999339133	4.038285019075793	3.768770359504853	7	6		3	2																																	
CAND_MEANING_000757	Meaning	high_association	1		plus	candidate_pending_human_review			USF Appendix A	USF:Cue_Target_Pairs.T-Z:982	tension	stress								0.48	0.071	3.9319163131706496	4.193342891639732	4.062629602405191	6	5		2	1																																	
CAND_MEANING_000758	Meaning	high_association	1		plus	candidate_pending_human_review			USF Appendix A	USF:Cue_Target_Pairs.S:5876	sprain	ankle								0.601	0.049	2.9258982794816504	3.904153131909405	3.4150257056955278	5	5		1	2																																	
CAND_MEANING_000759	Meaning	high_association	1		plus	candidate_pending_human_review			USF Appendix A	USF:Cue_Target_Pairs.C:4464	comprehend	understand								0.829	0.311	3.2655576775017625	5.683453193272163	4.474505435386963	10	9		3	3																																	
CAND_MEANING_000760	Meaning	high_association	1		plus	candidate_pending_human_review			USF Appendix A	USF:Cue_Target_Pairs.A-B:7665	brook	stream								0.462	0.077	3.309463163200844	3.905213680621799	3.6073384219113214	4	5		1	1																																	
CAND_MEANING_000761	Meaning	high_association	1		plus	candidate_pending_human_review			USF Appendix A	USF:Cue_Target_Pairs.G-K:4846	hot	cold								0.676	0.413	5.2783949022069345	5.114467071974649	5.196430987090792	3	4		1	1																																	
CAND_MEANING_000762	Meaning	high_association	1		plus	candidate_pending_human_review			USF Appendix A	USF:Cue_Target_Pairs.L-O:4232	mend	fix								0.476	0.041	3.4162814648691495	4.938441233493303	4.1773613491812265	4	4		1	1																																	
CAND_MEANING_000763	Meaning	high_association	1		plus	candidate_pending_human_review			USF Appendix A	USF:Cue_Target_Pairs.C:1366	celebration	party								0.658	0.0	3.994860360347589	5.367611678520755	4.681236019434172	10	5		4	2																																	
CAND_MEANING_000764	Meaning	high_association	1		plus	candidate_pending_human_review			USF Appendix A	USF:Cue_Target_Pairs.P-R:5855	purchase	buy								0.577	0.133	3.8043131848809377	5.2842758775469605	4.544294531213949	5	2		2	1																																	
CAND_MEANING_000765	Meaning	high_association	1		plus	candidate_pending_human_review			USF Appendix A	USF:Cue_Target_Pairs.G-K:721	give	take								0.444	0.412	6.067377221207055	6.276700535180079	6.1720388781935664	3	3		1	1																																	
CAND_MEANING_000766	Meaning	high_association	1		plus	candidate_pending_human_review			USF Appendix A	USF:Cue_Target_Pairs.C:3005	clean	dirty								0.527	0.288	5.083629070400939	4.822501392739442	4.95306523157019	4	4		1	2																																	
CAND_MEANING_000767	Meaning	high_association	1		plus	candidate_pending_human_review			USF Appendix A	USF:Cue_Target_Pairs.G-K:4570	hoot	owl								0.456	0.176	3.4162814648691495	3.748795857031107	3.582538660950128	3	2		1	1																																	
CAND_MEANING_000768	Meaning	high_association	1		plus	candidate_pending_human_review			USF Appendix A	USF:Cue_Target_Pairs.S:5347	speak	talk								0.6	0.206	5.272251253932289	5.931966114728173	5.602108684330231	4	3		1	1																																	
CAND_MEANING_000769	Meaning	high_association	1		plus	candidate_pending_human_review			USF Appendix A	USF:Cue_Target_Pairs.S:5229	spades	cards								0.568	0.0	3.4162814648691495	4.681418609026778	4.048850036947964	5	5		1	1																																	
CAND_MEANING_000770	Meaning	high_association	1		plus	candidate_pending_human_review			USF Appendix A	USF:Cue_Target_Pairs.G-K:698	girlfriend	boyfriend								0.487	0.458	4.881373466642079	4.858749445426875	4.8700614560344775	8	7		2	2																																	
CAND_MEANING_000771	Meaning	high_association	1		plus	candidate_pending_human_review			USF Appendix A	USF:Cue_Target_Pairs.S:856	scent	smell								0.625	0.029	3.775303407510817	4.919795680494796	4.347549544002806	4	4		1	1																																	
CAND_MEANING_000772	Meaning	high_association	1		plus	candidate_pending_human_review			USF Appendix A	USF:Cue_Target_Pairs.S:479	sauce	spaghetti								0.468	0.247	4.192796952558534	3.7724367668592143	3.982616859708874	3	7		1	3																																	
CAND_MEANING_000773	Meaning	high_association	1		plus	candidate_pending_human_review			USF Appendix A	USF:Cue_Target_Pairs.D-F:7730	few	many								0.465	0.425	5.479753093277111	5.5556159813157695	5.51768453729644	3	4		1	2																																	
CAND_MEANING_000774	Meaning	high_association	1		plus	candidate_pending_human_review			USF Appendix A	USF:Cue_Target_Pairs.G-K:144	gangster	mob								0.434	0.016	3.7269987279362624	4.1119737594439325	3.9194862436900975	6	3		2	1																																	
CAND_MEANING_000775	Meaning	high_association	1		plus	candidate_pending_human_review			USF Appendix A	USF:Cue_Target_Pairs.D-F:9981	frigid	cold								0.57	0.0	3.1436881726211388	5.114467071974649	4.129077622297894	6	4		2	1																																	
CAND_MEANING_000776	Meaning	low_association	1		plus	candidate_pending_human_review			USF Appendix A	USF:Cue_Target_Pairs.T-Z:3691	tumor	brain								0.189	0.017	3.7123855723918213	4.886601303016976	4.299493437704399	4	4		2	1																																	
CAND_MEANING_000777	Meaning	low_association	1		plus	candidate_pending_human_review			USF Appendix A	USF:Cue_Target_Pairs.D-F:775	defend	protect								0.228	0.066	4.274248431072728	4.846676632068174	4.560462531570451	6	7		2	2																																	
CAND_MEANING_000778	Meaning	low_association	1		plus	candidate_pending_human_review			USF Appendix A	USF:Cue_Target_Pairs.A-B:5830	blackberry	fruit								0.211	0.0	2.872213420518874	4.336969584294475	3.6045915024066746	8	4		3	1																																	
CAND_MEANING_000779	Meaning	low_association	1		plus	candidate_pending_human_review			USF Appendix A	USF:Cue_Target_Pairs.A-B:7196	brat	child								0.152	0.04	3.7934890861198154	5.197685872650515	4.495587479385165	4	4		1	1																																	
CAND_MEANING_000780	Meaning	low_association	1		plus	candidate_pending_human_review			USF Appendix A	USF:Cue_Target_Pairs.L-O:8511	optimistic	happy								0.195	0.0	3.530475927030859	5.522699881313269	4.5265879041720645	10	4		4	2																																	
CAND_MEANING_000781	Meaning	low_association	1		plus	candidate_pending_human_review			USF Appendix A	USF:Cue_Target_Pairs.S:4490	snore	loud								0.182	0.0	3.2062436762857804	4.60013974730687	3.9031917117963255	4	3		1	1																																	
CAND_MEANING_000782	Meaning	low_association	1		plus	candidate_pending_human_review			USF Appendix A	USF:Cue_Target_Pairs.C:4301	competence	ability								0.175	0.063	2.9456423376774072	4.283655899594558	3.614649118635983	9	7		3	4																																	
CAND_MEANING_000783	Meaning	low_association	1		plus	candidate_pending_human_review			USF Appendix A	USF:Cue_Target_Pairs.D-F:7975	fin	shark								0.228	0.014	3.5329790721846632	4.175523182477754	3.8542511273312083	3	4		1	1																																	
CAND_MEANING_000784	Meaning	low_association	1		plus	candidate_pending_human_review			USF Appendix A	USF:Cue_Target_Pairs.G-K:7490	joint	together								0.172	0.0	4.440106148143162	5.583643224175661	5.011874686159411	4	6		1	3																																	
CAND_MEANING_000785	Meaning	low_association	1		plus	candidate_pending_human_review			USF Appendix A	USF:Cue_Target_Pairs.S:4947	soon	now								0.361	0.021	5.411025189125826	6.505503762894741	5.958264476010283	3	2		1	1																																	
CAND_MEANING_000786	Meaning	low_association	1		plus	candidate_pending_human_review			USF Appendix A	USF:Cue_Target_Pairs.L-O:5661	mop	broom								0.181	0.079	3.6167122791997564	3.678036097500376	3.6473741883500663	3	4		1	1																																	
CAND_MEANING_000787	Meaning	low_association	1		plus	candidate_pending_human_review			USF Appendix A	USF:Cue_Target_Pairs.S:8710	surroundings	environment								0.362	0.093	3.3218136015872735	4.106677419633984	3.7142455106106285	8	11		3	4																																	
CAND_MEANING_000788	Meaning	low_association	1		plus	candidate_pending_human_review			USF Appendix A	USF:Cue_Target_Pairs.L-O:2459	lung	breathe								0.362	0.049	3.915679114299964	4.685829519195165	4.300754316747565	3	4		1	1																																	
CAND_MEANING_000789	Meaning	low_association	1		plus	candidate_pending_human_review			USF Appendix A	USF:Cue_Target_Pairs.C:7257	curb	street								0.196	0.013	3.6125761100131175	5.170779246119839	4.391677678066478	3	5		1	1																																	
CAND_MEANING_000790	Meaning	low_association	1		plus	candidate_pending_human_review			USF Appendix A	USF:Cue_Target_Pairs.A-B:7982	bully	mean								0.245	0.021	3.8582776425755814	6.0948135349808545	4.976545588778218	4	3		2	1																																	
CAND_MEANING_000791	Meaning	low_association	1		plus	candidate_pending_human_review			USF Appendix A	USF:Cue_Target_Pairs.C:6074	cow	calf								0.194	0.697	4.40670712046365	3.471406771195233	3.9390569458294413	2	3		1	1																																	
CAND_MEANING_000792	Meaning	low_association	1		plus	candidate_pending_human_review			USF Appendix A	USF:Cue_Target_Pairs.T-Z:2758	tradition	old								0.151	0.0	4.135662602000073	5.7845753419463515	4.960118971973213	8	3		3	1																																	
CAND_MEANING_000793	Meaning	low_association	1		plus	candidate_pending_human_review			USF Appendix A	USF:Cue_Target_Pairs.C:7137	cue	pool								0.189	0.0	3.8912203306651785	4.671916637619337	4.281568484142258	3	3		1	1																																	
CAND_MEANING_000794	Meaning	low_association	1		plus	candidate_pending_human_review			USF Appendix A	USF:Cue_Target_Pairs.S:6848	stereo	music								0.333	0.041	3.775303407510817	5.18083399163911	4.478068699574964	6	6		3	2																																	
CAND_MEANING_000795	Meaning	low_association	1		plus	candidate_pending_human_review			USF Appendix A	USF:Cue_Target_Pairs.L-O:8456	opponent	enemy								0.273	0.02	3.6726410656136697	4.685829519195165	4.179235292404417	7	5		3	3																																	
CAND_MEANING_000796	Meaning	low_association	1		plus	candidate_pending_human_review			USF Appendix A	USF:Cue_Target_Pairs.C:2212	chew	gum								0.361	0.563	3.957071799458189	4.1268505275835965	4.0419611635208925	2	3		1	1																																	
CAND_MEANING_000797	Meaning	low_association	1		plus	candidate_pending_human_review			USF Appendix A	USF:Cue_Target_Pairs.T-Z:3495	trumpet	horn								0.245	0.048	3.614649118635983	4.323838288153688	3.9692437033948353	7	4		2	1																																	
CAND_MEANING_000798	Meaning	low_association	1		plus	candidate_pending_human_review			USF Appendix A	USF:Cue_Target_Pairs.D-F:8192	fishing	pole								0.205	0.087	4.37305631082387	4.099964851970917	4.236510581397393	5	3		2	1																																	
CAND_MEANING_000799	Meaning	low_association	1		plus	candidate_pending_human_review			USF Appendix A	USF:Cue_Target_Pairs.T-Z:798	tell	say								0.167	0.041	6.236660729697238	6.214786727609269	6.225723728653254	3	2		1	1																																	
CAND_MEANING_000800	Meaning	low_association	1		plus	candidate_pending_human_review			USF Appendix A	USF:Cue_Target_Pairs.L-O:7187	nightmare	dream								0.386	0.144	4.350095927811893	5.1248109841491045	4.737453455980498	6	4		2	1																																	
CAND_MEANING_000801	Meaning	low_association	1		plus	candidate_pending_human_review			USF Appendix A	USF:Cue_Target_Pairs.C:4429	compose	music								0.207	0.0	3.195519810894007	5.18083399163911	4.188176901266559	6	6		2	2																																	
CAND_MEANING_000802	Meaning	low_association	1		plus	candidate_pending_human_review			USF Appendix A	USF:Cue_Target_Pairs.D-F:7491	feature	movie								0.342	0.0	3.7666460879783186	5.089766624677413	4.428206356327866	4	4		2	2																																	
CAND_MEANING_000803	Meaning	low_association	1		plus	candidate_pending_human_review			USF Appendix A	USF:Cue_Target_Pairs.L-O:5381	moment	time								0.321	0.0	5.271932672689465	6.291951837030967	5.7819422548602155	6	3		2	1																																	
CAND_MEANING_000804	Meaning	low_association	1		plus	candidate_pending_human_review			USF Appendix A	USF:Cue_Target_Pairs.T-Z:3383	trophy	award								0.182	0.117	3.8778905534105643	4.109995193461844	3.9939428734362044	5	5		2	2																																	
CAND_MEANING_000805	Meaning	low_association	1		plus	candidate_pending_human_review			USF Appendix A	USF:Cue_Target_Pairs.C:7338	curse	witch								0.223	0.0	4.260445537895706	4.441648936557444	4.351047237226575	3	3		1	1																																	
CAND_MEANING_000806	Meaning	low_association	1		plus	candidate_pending_human_review			USF Appendix A	USF:Cue_Target_Pairs.L-O:7665	nurse	hospital								0.15	0.068	4.653023237467313	5.094107882937957	4.873565560202635	3	8		1	3																																	
CAND_MEANING_000807	Meaning	low_association	1		plus	candidate_pending_human_review			USF Appendix A	USF:Cue_Target_Pairs.T-Z:6596	warning	sign								0.177	0.0	4.504617428306021	5.124747093824325	4.814682261065173	6	3		2	1																																	
CAND_MEANING_000808	Meaning	low_association	1		plus	candidate_pending_human_review			USF Appendix A	USF:Cue_Target_Pairs.P-R:1234	pear	apple								0.252	0.047	3.1249387366083	4.374137093999413	3.7495379153038564	3	4		1	2																																	
CAND_MEANING_000809	Meaning	low_association	1		plus	candidate_pending_human_review			USF Appendix A	USF:Cue_Target_Pairs.D-F:5587	error	wrong								0.2	0.0	3.9672909646398753	5.718583092118043	4.842937028378959	3	3		2	1																																	
CAND_MEANING_000810	Meaning	low_association	1		plus	candidate_pending_human_review			USF Appendix A	USF:Cue_Target_Pairs.A-B:7850	buggy	car								0.236	0.0	3.3962335448580205	5.68400001932028	4.54011678208915	4	3		2	1																																	
CAND_MEANING_000811	Meaning	low_association	1		plus	candidate_pending_human_review			USF Appendix A	USF:Cue_Target_Pairs.C:6964	crumb	bread								0.281	0.0	3.256217651247619	4.45229767099463	3.8542576611211246	4	4		1	1																																	
CAND_MEANING_000812	Meaning	low_association	1		plus	candidate_pending_human_review			USF Appendix A	USF:Cue_Target_Pairs.D-F:2562	disgust	gross								0.188	0.0	3.4416489365574434	4.183967281574628	3.8128081090660357	7	4		2	1																																	
CAND_MEANING_000813	Meaning	low_association	1		plus	candidate_pending_human_review			USF Appendix A	USF:Cue_Target_Pairs.T-Z:2983	trap	mouse								0.197	0.029	4.37736339883878	4.2814344396006	4.32939891921969	4	3		1	1																																	
CAND_MEANING_000814	Meaning	low_association	1		plus	candidate_pending_human_review			USF Appendix A	USF:Cue_Target_Pairs.L-O:4678	mile	run								0.196	0.0	4.3222192947339195	5.544748756843717	4.933484025788818	3	3		1	1																																	
CAND_MEANING_000815	Meaning	low_association	1		plus	candidate_pending_human_review			USF Appendix A	USF:Cue_Target_Pairs.S:6536	stare	eye								0.167	0.0	3.998293536185983	5.048380864906195	4.52333720054609	4	1		1	1																																	
CAND_MEANING_000816	Meaning	low_association	1		plus	candidate_pending_human_review			USF Appendix A	USF:Cue_Target_Pairs.L-O:7470	notebook	school								0.163	0.0	3.6634976861738	5.5225976402482555	4.593047663211028	6	4		2	1																																	
CAND_MEANING_000817	Meaning	low_association	1		plus	candidate_pending_human_review			USF Appendix A	USF:Cue_Target_Pairs.T-Z:5554	vet	animal								0.274	0.0	3.763721534961002	4.657917808792964	4.210819671876983	3	6		1	3																																	
CAND_MEANING_000818	Meaning	low_association	1		plus	candidate_pending_human_review			USF Appendix A	USF:Cue_Target_Pairs.S:4681	sock	foot								0.172	0.0	3.953295301905933	4.812389004654132	4.382842153280032	3	3		1	1																																	
CAND_MEANING_000819	Meaning	low_association	1		plus	candidate_pending_human_review			USF Appendix A	USF:Cue_Target_Pairs.L-O:1540	link	connect								0.179	0.02	4.0770471165349385	3.984394926669424	4.030721021602181	4	6		1	2																																	
CAND_MEANING_000820	Meaning	low_association	1		plus	candidate_pending_human_review			USF Appendix A	USF:Cue_Target_Pairs.G-K:238	gather	together								0.145	0.0	4.194976603216055	5.583643224175661	4.8893099136958575	4	6		2	3																																	
CAND_MEANING_000821	Meaning	low_association	1		plus	candidate_pending_human_review			USF Appendix A	USF:Cue_Target_Pairs.S:5580	spin	turn								0.237	0.017	4.165168651374732	5.486388801921251	4.825778726647991	4	3		1	1																																	
CAND_MEANING_000822	Meaning	low_association	1		plus	candidate_pending_human_review			USF Appendix A	USF:Cue_Target_Pairs.G-K:682	giraffe	neck								0.298	0.0	3.173243416182855	4.77458851931334	3.9739159677480975	4	3		2	1																																	
CAND_MEANING_000823	Meaning	low_association	1		plus	candidate_pending_human_review			USF Appendix A	USF:Cue_Target_Pairs.C:1527	ceramics	pottery								0.291	0.073	2.75482782180102	3.2655576775017625	3.010192749651391	7	5		3	3																																	
CAND_MEANING_000824	Meaning	low_association	1		plus	candidate_pending_human_review			USF Appendix A	USF:Cue_Target_Pairs.G-K:2	gag	choke								0.173	0.128	3.848732324669351	3.8109437637799513	3.829838044224651	3	3		1	1																																	
CAND_MEANING_000825	Meaning	low_association	1		plus	candidate_pending_human_review			USF Appendix A	USF:Cue_Target_Pairs.D-F:8293	flake	cereal								0.158	0.0	3.2418198305469765	3.8029748341086758	3.5223973323278264	4	6		1	3																																	
CAND_MEANING_000826	Meaning	low_association	1		plus	candidate_pending_human_review			USF Appendix A	USF:Cue_Target_Pairs.L-O:996	lens	contact								0.182	0.133	3.6690067809585756	4.811601287723723	4.240304034341149	4	7		1	2																																	
CAND_MEANING_000827	Meaning	low_association	1		plus	candidate_pending_human_review			USF Appendix A	USF:Cue_Target_Pairs.P-R:9266	roll	bread								0.159	0.032	4.801228789305968	4.45229767099463	4.626763230150299	3	4		1	1																																	
CAND_MEANING_000828	Meaning	low_association	1		plus	candidate_pending_human_review			USF Appendix A	USF:Cue_Target_Pairs.T-Z:2791	tragedy	death								0.141	0.0	4.151568121196594	5.3358314028129445	4.74369976200477	7	3		3	1																																	
CAND_MEANING_000829	Meaning	low_association	1		plus	candidate_pending_human_review			USF Appendix A	USF:Cue_Target_Pairs.L-O:5844	motion	move								0.164	0.033	4.277856297985066	5.6213188637416245	4.949587580863345	5	3		2	1																																	
CAND_MEANING_000830	Meaning	low_association	1		plus	candidate_pending_human_review			USF Appendix A	USF:Cue_Target_Pairs.D-F:9722	freeway	car								0.23	0.0	3.7426789322214247	5.68400001932028	4.713339475770852	5	3		2	1																																	
CAND_MEANING_000831	Meaning	low_association	1		plus	candidate_pending_human_review			USF Appendix A	USF:Cue_Target_Pairs.L-O:129	lady	woman								0.244	0.048	5.336616674669427	5.638117152800911	5.487366913735169	4	5		2	2																																	
CAND_MEANING_000832	Meaning	low_association	1		plus	candidate_pending_human_review			USF Appendix A	USF:Cue_Target_Pairs.S:7407	strap	belt								0.203	0.016	3.7123855723918213	4.386551419742625	4.049468496067224	5	4		1	1																																	
CAND_MEANING_000833	Meaning	low_association	1		plus	candidate_pending_human_review			USF Appendix A	USF:Cue_Target_Pairs.D-F:828	definition	explain								0.2	0.0	3.763721534961002	5.046012882794971	4.404867208877986	9	7		4	2																																	
CAND_MEANING_000834	Meaning	low_association	1		plus	candidate_pending_human_review			USF Appendix A	USF:Cue_Target_Pairs.S:4157	smell	odor								0.159	0.697	4.919795680494796	3.3679767852945943	4.143886232894696	4	3		1	2																																	
CAND_MEANING_000835	Meaning	low_association	1		plus	candidate_pending_human_review			USF Appendix A	USF:Cue_Target_Pairs.P-R:640	part	piece								0.264	0.183	5.4174879750741365	5.095135150976416	5.256311563025276	4	3		1	1																																	
CAND_MEANING_000836	Meaning	low_association	1		plus	candidate_pending_human_review			USF Appendix A	USF:Cue_Target_Pairs.A-B:502	act	pretend								0.176	0.115	5.037894992572791	4.605452934225301	4.821673963399046	3	7		1	2																																	
CAND_MEANING_000837	Meaning	low_association	1		plus	candidate_pending_human_review			USF Appendix A	USF:Cue_Target_Pairs.D-F:7881	fighter	boxer								0.209	0.145	4.106677419633984	3.5846858952585396	3.845681657446262	4	5		2	2																																	
CAND_MEANING_000838	Meaning	low_association	1		plus	candidate_pending_human_review			USF Appendix A	USF:Cue_Target_Pairs.S:2020	seven	number								0.203	0.0	5.018912520686893	5.381911026589501	5.200411773638197	5	5		2	2																																	
CAND_MEANING_000839	Meaning	low_association	1		plus	candidate_pending_human_review			USF Appendix A	USF:Cue_Target_Pairs.D-F:9397	fossil	dinosaur								0.217	0.0	3.190056915192505	3.5999258618152767	3.394991388503891	5	7		2	3																																	
CAND_MEANING_000840	Meaning	low_association	1		plus	candidate_pending_human_review			USF Appendix A	USF:Cue_Target_Pairs.P-R:6805	razor	shave								0.172	0.151	3.8377369403678876	4.138766936031869	3.9882519381998787	4	3		2	1																																	
CAND_MEANING_000841	Meaning	low_association	1		plus	candidate_pending_human_review			USF Appendix A	USF:Cue_Target_Pairs.A-B:5596	binder	book								0.143	0.0	2.883494430928563	5.247925153086191	4.065709792007377	5	3		2	1																																	
CAND_MEANING_000842	Meaning	low_association	1		plus	candidate_pending_human_review			USF Appendix A	USF:Cue_Target_Pairs.T-Z:1468	things	stuff								0.288	0.25	5.8406595004041755	5.487027409144574	5.663843454774375	4	4		1	1																																	
CAND_MEANING_000843	Meaning	low_association	1		plus	candidate_pending_human_review			USF Appendix A	USF:Cue_Target_Pairs.G-K:5551	illegal	drugs								0.273	0.028	4.3712490070009125	4.684070527394452	4.527659767197682	6	5		3	1																																	
CAND_MEANING_000844	Meaning	low_association	1		plus	candidate_pending_human_review			USF Appendix A	USF:Cue_Target_Pairs.L-O:5562	monthly	period								0.191	0.0	3.4742734118468364	4.443799674149524	3.95903654299818	6	6		2	3																																	
CAND_MEANING_000845	Meaning	low_association	1		plus	candidate_pending_human_review			USF Appendix A	USF:Cue_Target_Pairs.A-B:7101	brain	think								0.239	0.153	4.886601303016976	6.42997698247318	5.658289142745078	4	4		1	1																																	
CAND_MEANING_000846	Meaning	low_association	1		plus	candidate_pending_human_review			USF Appendix A	USF:Cue_Target_Pairs.D-F:142	dancer	ballet								0.255	0.076	4.212030847686174	4.0109315127693375	4.111481180227756	5	4		2	2																																	
CAND_MEANING_000847	Meaning	low_association	1		plus	candidate_pending_human_review			USF Appendix A	USF:Cue_Target_Pairs.D-F:2112	dip	chip								0.217	0.09	3.900955857479258	4.314032539930306	4.1074941987047815	3	3		1	1																																	
CAND_MEANING_000848	Meaning	low_association	1		plus	candidate_pending_human_review			USF Appendix A	USF:Cue_Target_Pairs.D-F:1623	develop	grow								0.257	0.0	3.982625903930577	4.774445400352775	4.378535652141676	7	3		3	1																																	
CAND_MEANING_000849	Meaning	low_association	1		plus	candidate_pending_human_review			USF Appendix A	USF:Cue_Target_Pairs.P-R:1089	pawn	sell								0.196	0.0	3.6368220975871743	4.964989451665339	4.300905774626257	3	3		1	1																																	
CAND_MEANING_000850	Meaning	low_association	1		plus	candidate_pending_human_review			USF Appendix A	USF:Cue_Target_Pairs.L-O:6431	nails	finger								0.285	0.0	4.0429382187534095	4.564271430438563	4.303604824595986	4	5		1	2																																	
CAND_MEANING_000851	Meaning	low_association	1		plus	candidate_pending_human_review			USF Appendix A	USF:Cue_Target_Pairs.T-Z:125	tag	grab								0.145	0.0	4.142463081591833	4.8504179721269765	4.496440526859405	3	4		1	1																																	
CAND_MEANING_000852	Meaning	low_association	1		plus	candidate_pending_human_review			USF Appendix A	USF:Cue_Target_Pairs.A-B:7747	brush	comb								0.163	0.636	4.150967021471702	3.7823883033268983	3.9666776623993005	4	3		1	1																																	
CAND_MEANING_000853	Meaning	low_association	1		plus	candidate_pending_human_review			USF Appendix A	USF:Cue_Target_Pairs.A-B:4085	bald	hair								0.222	0.0	3.987911500392261	5.186247047869527	4.587079274130894	4	3		1	1																																	
CAND_MEANING_000854	Meaning	low_association	1		plus	candidate_pending_human_review			USF Appendix A	USF:Cue_Target_Pairs.P-R:9746	rumor	gossip								0.146	0.05	4.017524344983533	3.8912203306651785	3.954372337824356	4	5		2	2																																	
CAND_MEANING_000855	Meaning	low_association	1		plus	candidate_pending_human_review			USF Appendix A	USF:Cue_Target_Pairs.C:169	calculate	figure								0.223	0.0	3.3177356891668337	5.111842135111388	4.214788912139111	9	5		3	2																																	
CAND_MEANING_000856	Meaning	low_association	1		plus	candidate_pending_human_review			USF Appendix A	USF:Cue_Target_Pairs.C:794	cards	poker								0.144	0.0	4.681418609026778	4.205713725662482	4.44356616734463	5	4		1	2																																	
CAND_MEANING_000857	Meaning	low_association	1		plus	candidate_pending_human_review			USF Appendix A	USF:Cue_Target_Pairs.A-B:3724	away	far								0.23	0.082	5.863859126963554	5.343929643034809	5.603894384999181	3	3		2	1																																	
CAND_MEANING_000858	Meaning	low_association	1		plus	candidate_pending_human_review			USF Appendix A	USF:Cue_Target_Pairs.A-B:5046	bee	sting								0.362	0.603	4.015063746435876	3.846312850545938	3.930688298490907	2	4		1	1																																	
CAND_MEANING_000859	Meaning	low_association	1		plus	candidate_pending_human_review			USF Appendix A	USF:Cue_Target_Pairs.P-R:279	panel	wood								0.149	0.0	3.862972763783961	4.431363764158988	4.147168263971475	5	3		2	1																																	
CAND_MEANING_000860	Meaning	low_association	1		plus	candidate_pending_human_review			USF Appendix A	USF:Cue_Target_Pairs.L-O:3166	marijuana	pot								0.252	0.071	3.7253991147764696	4.352749852590349	4.039074483683409	8	3		4	1																																	
CAND_MEANING_000861	Meaning	low_association	1		plus	candidate_pending_human_review			USF Appendix A	USF:Cue_Target_Pairs.C:5427	cook	food								0.26	0.0	4.6586659476203565	5.1887355313681445	4.923700739494251	3	3		1	1																																	
CAND_MEANING_000862	Meaning	low_association	1		plus	candidate_pending_human_review			USF Appendix A	USF:Cue_Target_Pairs.C:856	careless	reckless								0.184	0.136	3.6921035453831017	3.6921035453831017	3.6921035453831017	6	6		2	2																																	
CAND_MEANING_000863	Meaning	low_association	1		plus	candidate_pending_human_review			USF Appendix A	USF:Cue_Target_Pairs.T-Z:4614	unlawful	illegal								0.168	0.045	2.883494430928563	4.3712490070009125	3.6273717189647376	7	6		3	3																																	
CAND_MEANING_000864	Meaning	low_association	1		plus	candidate_pending_human_review			USF Appendix A	USF:Cue_Target_Pairs.A-B:4539	basement	attic								0.143	0.205	4.3234341052656005	3.894489815230026	4.108961960247813	7	4		2	2																																	
CAND_MEANING_000865	Meaning	low_association	1		plus	candidate_pending_human_review			USF Appendix A	USF:Cue_Target_Pairs.G-K:2296	gullible	naive								0.167	0.101	3.098609797885951	3.809625721852038	3.4541177598689945	7	4		3	2																																	
CAND_MEANING_000866	Meaning	low_association	1		plus	candidate_pending_human_review			USF Appendix A	USF:Cue_Target_Pairs.L-O:2897	mall	shopping								0.261	0.514	4.276506857804894	4.477121254719663	4.376814056262278	3	5		1	2																																	
CAND_MEANING_000867	Meaning	low_association	1		plus	candidate_pending_human_review			USF Appendix A	USF:Cue_Target_Pairs.T-Z:355	tape	music								0.165	0.0	4.837860653367414	5.18083399163911	5.009347322503262	3	6		1	2																																	
CAND_MEANING_000868	Meaning	low_association	1		plus	candidate_pending_human_review			USF Appendix A	USF:Cue_Target_Pairs.P-R:9737	rummy	game								0.155	0.0	3.16166154363304	5.368924628911785	4.265293086272412	4	3		2	1																																	
CAND_MEANING_000869	Meaning	low_association	1		plus	candidate_pending_human_review			USF Appendix A	USF:Cue_Target_Pairs.G-K:8246	knee	leg								0.355	0.024	4.16691164160153	4.752123800380034	4.459517720990782	2	3		1	1																																	
CAND_MEANING_000870	Meaning	low_association	1		plus	candidate_pending_human_review			USF Appendix A	USF:Cue_Target_Pairs.P-R:5245	property	own								0.141	0.011	4.522367509809998	5.661998170498611	5.092182840154305	7	2		3	1																																	
CAND_MEANING_000871	Meaning	low_association	1		plus	candidate_pending_human_review			USF Appendix A	USF:Cue_Target_Pairs.S:6241	stain	spot								0.188	0.345	3.7921169065204676	4.789359471975279	4.2907381892478735	4	4		1	1																																	
CAND_MEANING_000872	Meaning	low_association	1		plus	candidate_pending_human_review			USF Appendix A	USF:Cue_Target_Pairs.L-O:4417	meter	park								0.15	0.0	3.7934890861198154	4.858041548804122	4.325765317461968	4	4		2	1																																	
CAND_MEANING_000873	Meaning	low_association	1		plus	candidate_pending_human_review			USF Appendix A	USF:Cue_Target_Pairs.D-F:1101	dense	thick								0.236	0.0	3.325853579389013	4.145519353753929	3.7356864665714715	4	3		1	1																																	
CAND_MEANING_000874	Meaning	low_association	1		plus	candidate_pending_human_review			USF Appendix A	USF:Cue_Target_Pairs.P-R:5822	punishment	crime								0.172	0.063	4.12812039539449	4.852695221764778	4.490407808579634	9	4		3	1																																	
CAND_MEANING_000875	Meaning	low_association	1		plus	candidate_pending_human_review			USF Appendix A	USF:Cue_Target_Pairs.C:7365	curtain	drapes								0.26	0.0	4.01258912730802	3.4742734118468364	3.743431269577428	5	5		2	1																																	
CAND_MEANING_000876	Meaning	low_association	1		plus	candidate_pending_human_review			USF Appendix A	USF:Cue_Target_Pairs.S:1301	seagull	beach								0.209	0.0	3.0848215134003176	4.753027012799665	3.918924263099991	5	3		2	1																																	
CAND_MEANING_000877	Meaning	low_association	1		plus	candidate_pending_human_review			USF Appendix A	USF:Cue_Target_Pairs.T-Z:5137	value	money								0.302	0.0	4.332636451476775	5.806698582254281	5.069667516865528	5	4		2	2																																	
CAND_MEANING_000878	Meaning	low_association	1		plus	candidate_pending_human_review			USF Appendix A	USF:Cue_Target_Pairs.T-Z:7776	wit	humor								0.155	0.0	3.7724367668592143	4.2213375141460165	3.9968871405026154	3	5		1	2																																	
CAND_MEANING_000879	Meaning	low_association	1		plus	candidate_pending_human_review			USF Appendix A	USF:Cue_Target_Pairs.C:3420	clown	funny								0.325	0.027	4.199303358624134	5.338807911950337	4.769055635287236	4	4		1	2																																	
CAND_MEANING_000880	Meaning	low_association	1		plus	candidate_pending_human_review			USF Appendix A	USF:Cue_Target_Pairs.C:7460	custard	pudding								0.263	0.0	3.098609797885951	3.7893594719752786	3.4439846349306147	6	5		2	2																																	
CAND_MEANING_000881	Meaning	low_association	1		plus	candidate_pending_human_review			USF Appendix A	USF:Cue_Target_Pairs.G-K:1648	grasshopper	green								0.247	0.0	2.9645276818377813	4.860161786450133	3.9123447341439572	8	4		3	1																																	
CAND_MEANING_000882	Meaning	low_association	1		plus	candidate_pending_human_review			USF Appendix A	USF:Cue_Target_Pairs.D-F:4593	eggs	chicken								0.176	0.022	4.587116448181507	4.790464547589091	4.688790497885298	3	5		1	2																																	
CAND_MEANING_000883	Meaning	low_association	1		plus	candidate_pending_human_review			USF Appendix A	USF:Cue_Target_Pairs.G-K:3129	haul	pull								0.198	0.0	3.8499370258077215	5.165692283340791	4.507814654574256	3	3		1	1																																	
CAND_MEANING_000884	Meaning	low_association	1		plus	candidate_pending_human_review			USF Appendix A	USF:Cue_Target_Pairs.S:779	scared	afraid								0.151	0.0	5.125130294862631	5.393867559040913	5.259498926951772	5	5		1	2																																	
CAND_MEANING_000885	Meaning	low_association	1		plus	candidate_pending_human_review			USF Appendix A	USF:Cue_Target_Pairs.T-Z:4266	understand	comprehend								0.311	0.829	5.683453193272163	3.2655576775017625	4.474505435386963	9	10		3	3																																	
CAND_MEANING_000886	Meaning	low_association	1		plus	candidate_pending_human_review			USF Appendix A	USF:Cue_Target_Pairs.L-O:2896	mall	shop								0.342	0.091	4.276506857804894	4.728751524041797	4.502629190923345	3	3		1	1																																	
CAND_MEANING_000887	Meaning	low_association	1		plus	candidate_pending_human_review			USF Appendix A	USF:Cue_Target_Pairs.T-Z:3447	truce	peace								0.351	0.0	3.63485250472427	4.8426581769571575	4.238755340840713	4	3		1	1																																	
CAND_MEANING_000888	Meaning	low_association	1		plus	candidate_pending_human_review			USF Appendix A	USF:Cue_Target_Pairs.L-O:5382	moment	second								0.23	0.0	5.271932672689465	5.454187019163791	5.363059845926628	6	6		2	2																																	
CAND_MEANING_000889	Meaning	low_association	1		plus	candidate_pending_human_review			USF Appendix A	USF:Cue_Target_Pairs.L-O:6259	musk	cologne								0.25	0.0	2.723793588061051	3.4992556999339133	3.111524643997482	4	5		1	2																																	
CAND_MEANING_000890	Meaning	low_association	1		plus	candidate_pending_human_review			USF Appendix A	USF:Cue_Target_Pairs.D-F:6042	excellent	great								0.279	0.0	4.721859088283852	5.914270545633673	5.318064816958762	8	4		3	1																																	
CAND_MEANING_000891	Meaning	low_association	1		plus	candidate_pending_human_review			USF Appendix A	USF:Cue_Target_Pairs.T-Z:7093	weight	fat								0.265	0.0	4.559601552305077	4.899992067085652	4.729796809695364	3	3		1	1																																	
CAND_MEANING_000892	Meaning	low_association	1		plus	candidate_pending_human_review			USF Appendix A	USF:Cue_Target_Pairs.A-B:1659	alone	lonely								0.215	0.219	5.489296571151303	4.619788758288394	5.054542664719849	4	5		2	2																																	
CAND_MEANING_000893	Meaning	low_association	1		plus	candidate_pending_human_review			USF Appendix A	USF:Cue_Target_Pairs.P-R:1385	penny	nickel								0.262	0.014	4.3855011302781275	3.9269070940627953	4.156204112170461	4	5		2	2																																	
CAND_MEANING_000894	Meaning	low_association	1		plus	candidate_pending_human_review			USF Appendix A	USF:Cue_Target_Pairs.P-R:2396	pissed	mad								0.311	0.029	4.4063731762089	5.054658108188538	4.73051564219872	4	3		1	1																																	
CAND_MEANING_000895	Meaning	low_association	1		plus	candidate_pending_human_review			USF Appendix A	USF:Cue_Target_Pairs.D-F:2630	dishonest	lie								0.24	0.015	3.4130037551079138	5.080102788589556	4.246553271848735	8	2		3	1																																	
CAND_MEANING_000896	Meaning	low_association	1		plus	candidate_pending_human_review			USF Appendix A	USF:Cue_Target_Pairs.S:329	sample	example								0.19	0.212	4.164002759447943	4.476268860958485	4.3201358102032135	6	8		2	3																																	
CAND_MEANING_000897	Meaning	low_association	1		plus	candidate_pending_human_review			USF Appendix A	USF:Cue_Target_Pairs.P-R:354	pantyhose	legs								0.252	0.014	3.231949076520682	4.744982887130989	3.9884659818258354	8	4		3	1																																	
CAND_MEANING_000898	Meaning	low_association	1		plus	candidate_pending_human_review			USF Appendix A	USF:Cue_Target_Pairs.G-K:2023	ground	earth								0.152	0.174	4.860161786450133	4.997780286787775	4.928971036618954	5	2		1	1																																	
CAND_MEANING_000899	Meaning	low_association	1		plus	candidate_pending_human_review			USF Appendix A	USF:Cue_Target_Pairs.A-B:1226	aggravate	annoy								0.303	0.041	2.8606315479690587	3.399639793549932	3.130135670759495	7	3		3	2																																	
CAND_MEANING_000900	Meaning	low_association	1		plus	candidate_pending_human_review			USF Appendix A	USF:Cue_Target_Pairs.A-B:7486	bright	light								0.214	0.053	4.647498030250914	5.21799973344544	4.932748881848177	4	3		1	1																																	
CAND_MEANING_000901	Meaning	low_association	1		plus	candidate_pending_human_review			USF Appendix A	USF:Cue_Target_Pairs.A-B:4479	bartender	alcohol								0.149	0.0	3.9896591666617813	4.219286532851756	4.104472849756768	8	7		3	3																																	
CAND_MEANING_000902	Meaning	low_association	1		plus	candidate_pending_human_review			USF Appendix A	USF:Cue_Target_Pairs.P-R:5256	proposal	marriage								0.236	0.0	3.9437078379002077	4.88682237427749	4.4152651060888495	8	5		3	2																																	
CAND_MEANING_000903	Meaning	low_association	1		plus	candidate_pending_human_review			USF Appendix A	USF:Cue_Target_Pairs.G-K:5910	income	tax								0.225	0.141	3.869921623739289	4.162833729181091	4.0163776764601895	5	4		2	1																																	
CAND_MEANING_000904	Meaning	low_association	1		plus	candidate_pending_human_review			USF Appendix A	USF:Cue_Target_Pairs.L-O:1548	lint	dust								0.204	0.0	3.1249387366083	4.37736339883878	3.75115106772354	4	4		1	1																																	
CAND_MEANING_000905	Meaning	low_association	1		plus	candidate_pending_human_review			USF Appendix A	USF:Cue_Target_Pairs.A-B:482	acrobat	gymnast								0.201	0.0	2.769551078621726	2.769551078621726	2.769551078621726	7	7		3	2																																	
CAND_MEANING_000906	Meaning	low_association	1		plus	candidate_pending_human_review			USF Appendix A	USF:Cue_Target_Pairs.D-F:2518	disease	sick								0.264	0.0	4.417911089602658	5.21861787300927	4.818264481305964	5	3		2	1																																	
CAND_MEANING_000907	Meaning	low_association	1		plus	candidate_pending_human_review			USF Appendix A	USF:Cue_Target_Pairs.T-Z:8375	writer	book								0.162	0.0	4.371611069949688	5.247925153086191	4.80976811151794	4	3		2	1																																	
CAND_MEANING_000908	Meaning	low_association	1		plus	candidate_pending_human_review			USF Appendix A	USF:Cue_Target_Pairs.C:1163	catastrophe	disaster								0.306	0.095	3.3928003690196267	4.237405732314111	3.815103050666869	10	7		4	3																																	
CAND_MEANING_000909	Meaning	low_association	1		plus	candidate_pending_human_review			USF Appendix A	USF:Cue_Target_Pairs.P-R:2492	pizza	food								0.149	0.0	4.5251718866228	5.1887355313681445	4.856953708995473	5	3		2	1																																	
CAND_MEANING_000910	Meaning	low_association	1		plus	candidate_pending_human_review			USF Appendix A	USF:Cue_Target_Pairs.G-K:2723	hand	foot								0.158	0.122	5.446610256013887	4.812389004654132	5.12949963033401	4	3		1	1																																	
CAND_MEANING_000911	Meaning	low_association	1		plus	candidate_pending_human_review			USF Appendix A	USF:Cue_Target_Pairs.S:4512	snot	nose								0.378	0.0	3.325853579389013	4.843513689087844	4.084683634238429	4	3		1	1																																	
CAND_MEANING_000912	Meaning	low_association	1		plus	candidate_pending_human_review			USF Appendix A	USF:Cue_Target_Pairs.T-Z:1088	territory	land								0.212	0.0	4.166331421766525	4.945062891985174	4.5556971568758495	8	4		4	1																																	
CAND_MEANING_000913	Meaning	low_association	1		plus	candidate_pending_human_review			USF Appendix A	USF:Cue_Target_Pairs.A-B:5383	bent	straight								0.204	0.041	3.8582776425755814	5.087892718292443	4.473085180434012	4	5		1	1																																	
CAND_MEANING_000914	Meaning	low_association	1		plus	candidate_pending_human_review			USF Appendix A	USF:Cue_Target_Pairs.L-O:5771	mosquito	bug								0.232	0.013	3.260912772455999	4.321001076594602	3.7909569245253003	7	3		3	1																																	
CAND_MEANING_000915	Meaning	low_association	1		plus	candidate_pending_human_review			USF Appendix A	USF:Cue_Target_Pairs.L-O:7968	obstacle	course								0.14	0.0	3.4130037551079138	5.687721262286547	4.55036250869723	8	4		3	1																																	
CAND_MEANING_000916	Meaning	low_association	1		plus	candidate_pending_human_review			USF Appendix A	USF:Cue_Target_Pairs.C:1944	cheat	lie								0.176	0.121	4.2471546148811266	5.080102788589556	4.663628701735341	3	2		1	1																																	
CAND_MEANING_000917	Meaning	low_association	1		plus	candidate_pending_human_review			USF Appendix A	USF:Cue_Target_Pairs.L-O:4131	melt	ice								0.164	0.016	3.864138655710751	4.90063483160639	4.382386743658571	4	2		1	1																																	
CAND_MEANING_000918	Meaning	low_association	1		plus	candidate_pending_human_review			USF Appendix A	USF:Cue_Target_Pairs.T-Z:2727	tractor	farm								0.291	0.024	3.5711834248548926	4.477688589198649	4.024436007026771	6	4		2	1																																	
CAND_MEANING_000919	Meaning	low_association	1		plus	candidate_pending_human_review			USF Appendix A	USF:Cue_Target_Pairs.D-F:9290	form	shape								0.176	0.094	4.630886317506668	4.480514197617001	4.555700257561835	4	3		1	1																																	
CAND_MEANING_000920	Meaning	low_association	1		plus	candidate_pending_human_review			USF Appendix A	USF:Cue_Target_Pairs.T-Z:4555	universe	world								0.385	0.152	4.402682741255466	5.658217218995724	5.030449980125596	7	4		3	1																																	
CAND_MEANING_000921	Meaning	low_association	1		plus	candidate_pending_human_review			USF Appendix A	USF:Cue_Target_Pairs.C:5525	cool	warm								0.149	0.055	5.291995312128046	4.717148161233631	5.004571736680838	3	4		1	1																																	
CAND_MEANING_000922	Meaning	low_association	1		plus	candidate_pending_human_review			USF Appendix A	USF:Cue_Target_Pairs.A-B:6603	bonus	extra								0.268	0.027	3.963602666617147	4.772005134077052	4.367803900347099	5	6		2	2																																	
CAND_MEANING_000923	Meaning	low_association	1		plus	candidate_pending_human_review			USF Appendix A	USF:Cue_Target_Pairs.D-F:914	delicate	fragile								0.286	0.111	3.9781715625043272	3.710731115221809	3.844451338863068	7	6		3	2																																	
CAND_MEANING_000924	Meaning	low_association	1		plus	candidate_pending_human_review			USF Appendix A	USF:Cue_Target_Pairs.A-B:2960	ashamed	embarrass								0.362	0.0	4.4373152421892055	3.9456423376774072	4.191478789933306	5	7		2	3																																	
CAND_MEANING_000925	Meaning	low_association	1		plus	candidate_pending_human_review			USF Appendix A	USF:Cue_Target_Pairs.T-Z:3391	tropical	island								0.211	0.076	3.5046174283060214	4.597350985802955	4.050984207054489	8	5		3	2																																	
CAND_MEANING_000926	Meaning	low_association	1		plus	candidate_pending_human_review			USF Appendix A	USF:Cue_Target_Pairs.P-R:2094	pie	apple								0.228	0.074	4.458563794207173	4.374137093999413	4.416350444103292	2	4		1	2																																	
CAND_MEANING_000927	Meaning	low_association	1		plus	candidate_pending_human_review			USF Appendix A	USF:Cue_Target_Pairs.T-Z:5501	verdict	guilty								0.176	0.014	4.039064022839643	4.794447038729211	4.416755530784426	6	5		2	2																																	
CAND_MEANING_000928	Meaning	low_association	1		plus	candidate_pending_human_review			USF Appendix A	USF:Cue_Target_Pairs.L-O:1607	lipstick	lips								0.158	0.014	3.944676164905387	4.493826948222515	4.219251556563951	7	4		2	1																																	
CAND_MEANING_000929	Meaning	low_association	1		plus	candidate_pending_human_review			USF Appendix A	USF:Cue_Target_Pairs.S:4343	snap	crackle								0.237	0.127	4.24035344373379	2.8364978682523394	3.5384256559930645	4	6		1	2																																	
CAND_MEANING_000930	Meaning	low_association	1		plus	candidate_pending_human_review			USF Appendix A	USF:Cue_Target_Pairs.S:7314	stove	oven								0.279	0.224	3.880140788920975	3.9485280259148956	3.914334407417935	4	4		1	2																																	
CAND_MEANING_000931	Meaning	low_association	1		plus	candidate_pending_human_review			USF Appendix A	USF:Cue_Target_Pairs.D-F:1425	despair	sad								0.214	0.0	3.7681010122264933	4.801901176004613	4.285001094115553	6	3		2	1																																	
CAND_MEANING_000932	Meaning	low_association	1		plus	candidate_pending_human_review			USF Appendix A	USF:Cue_Target_Pairs.G-K:306	gazelle	animal								0.211	0.0	3.0848215134003176	4.657917808792964	3.8713696610966406	5	6		2	3																																	
CAND_MEANING_000933	Meaning	low_association	1		plus	candidate_pending_human_review			USF Appendix A	USF:Cue_Target_Pairs.P-R:3542	popcorn	butter								0.217	0.018	3.9598827767920177	4.31029754286557	4.135090159828794	7	4		2	2																																	
CAND_MEANING_000934	Meaning	low_association	1		plus	candidate_pending_human_review			USF Appendix A	USF:Cue_Target_Pairs.P-R:6485	raise	money								0.185	0.0	4.741908223089428	5.806698582254281	5.274303402671855	3	4		1	2																																	
CAND_MEANING_000935	Meaning	low_association	1		plus	candidate_pending_human_review			USF Appendix A	USF:Cue_Target_Pairs.L-O:5945	mouth	wash								0.201	0.0	5.018749436012839	4.609866320437163	4.8143078782250015	3	3		1	1																																	
CAND_MEANING_000936	Meaning	low_association	1		plus	candidate_pending_human_review			USF Appendix A	USF:Cue_Target_Pairs.P-R:9132	robbery	bank								0.169	0.0	4.362467690509819	4.929318730885862	4.645893210697841	5	4		3	1																																	
CAND_MEANING_000937	Meaning	low_association	1		plus	candidate_pending_human_review			USF Appendix A	USF:Cue_Target_Pairs.C:6647	crisp	crunchy								0.167	0.043	3.4992556999339133	2.973671061277651	3.236463380605782	5	6		1	2																																	
CAND_MEANING_000938	Meaning	low_association	1		plus	candidate_pending_human_review			USF Appendix A	USF:Cue_Target_Pairs.T-Z:5900	visit	friend								0.143	0.0	4.7685365407422555	5.6225187696505445	5.1955276551964005	5	5		2	1																																	
CAND_MEANING_000939	Meaning	low_association	1		plus	candidate_pending_human_review			USF Appendix A	USF:Cue_Target_Pairs.T-Z:5324	vast	large								0.207	0.0	3.7851902129289012	4.617534806873471	4.201362509901186	4	4		1	1																																	
CAND_MEANING_000940	Meaning	low_association	1		plus	candidate_pending_human_review			USF Appendix A	USF:Cue_Target_Pairs.P-R:8910	ring	finger								0.195	0.066	4.967290964639876	4.564271430438563	4.765781197539219	3	5		1	2																																	
CAND_MEANING_000941	Meaning	low_association	1		plus	candidate_pending_human_review			USF Appendix A	USF:Cue_Target_Pairs.D-F:8866	foe	friend								0.338	0.078	3.2655576775017625	5.6225187696505445	4.444038223576154	2	5		1	1																																	
CAND_MEANING_000942	Meaning	low_association	1		plus	candidate_pending_human_review			USF Appendix A	USF:Cue_Target_Pairs.T-Z:3231	trend	fashion								0.207	0.02	3.3177356891668337	4.273341761678907	3.7955387254228703	5	5		1	2																																	
CAND_MEANING_000943	Meaning	low_association	1		plus	candidate_pending_human_review			USF Appendix A	USF:Cue_Target_Pairs.G-K:105	games	play								0.164	0.0	4.651695988508812	5.549652270089638	5.100674129299225	4	3		1	1																																	
CAND_MEANING_000944	Meaning	low_association	1		plus	candidate_pending_human_review			USF Appendix A	USF:Cue_Target_Pairs.T-Z:1108	terror	horror								0.173	0.042	3.9542425094393248	3.9626756769761875	3.958459093207756	4	4		2	2																																	
CAND_MEANING_000945	Meaning	low_association	1		plus	candidate_pending_human_review			USF Appendix A	USF:Cue_Target_Pairs.T-Z:576	team	football								0.189	0.028	5.169109434321264	4.574371757342888	4.871740595832076	3	6		1	2																																	
CAND_MEANING_000946	Meaning	low_association	1		plus	candidate_pending_human_review			USF Appendix A	USF:Cue_Target_Pairs.D-F:7717	fever	sick								0.288	0.016	4.299750776824808	5.21861787300927	4.759184324917039	4	3		2	1																																	
CAND_MEANING_000947	Meaning	low_association	1		plus	candidate_pending_human_review			USF Appendix A	USF:Cue_Target_Pairs.C:6928	crude	rude								0.313	0.03	3.482761522072355	4.343582346349445	3.9131719342109	4	3		1	1																																	
CAND_MEANING_000948	Meaning	low_association	1		plus	candidate_pending_human_review			USF Appendix A	USF:Cue_Target_Pairs.A-B:5627	biology	science								0.182	0.214	3.6903698325741012	4.571183424854892	4.1307766287144965	7	5		4	2																																	
CAND_MEANING_000949	Meaning	low_association	1		plus	candidate_pending_human_review			USF Appendix A	USF:Cue_Target_Pairs.T-Z:2263	tongue	mouth								0.383	0.114	4.493553721109443	5.018749436012839	4.756151578561141	3	3		1	1																																	
CAND_MEANING_000950	Meaning	low_association	1		plus	candidate_pending_human_review			USF Appendix A	USF:Cue_Target_Pairs.C:4428	compose	write								0.24	0.011	3.195519810894007	5.1031326848491805	4.149326247871594	6	3		2	1																																	
CAND_MEANING_000951	Meaning	low_association	1		plus	candidate_pending_human_review			USF Appendix A	USF:Cue_Target_Pairs.G-K:2825	handsome	man								0.144	0.0	4.518771911065694	6.266171723689466	5.392471817377579	6	3		2	1																																	
CAND_MEANING_000952	Meaning	low_association	1		plus	candidate_pending_human_review			USF Appendix A	USF:Cue_Target_Pairs.C:2160	cherry	red								0.217	0.0	4.133163058513871	5.170434294170089	4.65179867634198	4	3		2	1																																	
CAND_MEANING_000953	Meaning	low_association	1		plus	candidate_pending_human_review			USF Appendix A	USF:Cue_Target_Pairs.P-R:6466	rainbow	rain								0.152	0.0	3.9020242331272836	4.689326273044587	4.2956752530859355	5	3		2	1																																	
CAND_MEANING_000954	Meaning	low_association	1		plus	candidate_pending_human_review			USF Appendix A	USF:Cue_Target_Pairs.C:1032	carton	milk								0.277	0.0	3.274701056941632	4.628689375916257	3.9516952164289445	6	4		2	1																																	
CAND_MEANING_000955	Meaning	low_association	1		plus	candidate_pending_human_review			USF Appendix A	USF:Cue_Target_Pairs.P-R:641	part	whole								0.142	0.182	5.4174879750741365	5.58601333739818	5.501750656236158	4	3		1	1																																	
CAND_MEANING_000956	Meaning	low_association	1		plus	candidate_pending_human_review			USF Appendix A	USF:Cue_Target_Pairs.D-F:6689	fabric	material								0.162	0.082	3.681595908266596	4.345123765827031	4.0133598370468135	6	8		2	4																																	
CAND_MEANING_000957	Meaning	low_association	1		plus	candidate_pending_human_review			USF Appendix A	USF:Cue_Target_Pairs.A-B:6132	blonde	brunette								0.238	0.571	4.143688172621139	3.542849826210958	3.8432689994160483	5	6		1	2																																	
CAND_MEANING_000958	Meaning	low_association	1		plus	candidate_pending_human_review			USF Appendix A	USF:Cue_Target_Pairs.G-K:7899	key	door								0.218	0.011	4.938833550125134	5.465470331453126	5.20215194078913	2	3		1	1																																	
CAND_MEANING_000959	Meaning	low_association	1		plus	candidate_pending_human_review			USF Appendix A	USF:Cue_Target_Pairs.G-K:5804	impression	first								0.244	0.0	4.268320960303856	5.924573176795779	5.096447068549818	8	4		3	1																																	
CAND_MEANING_000960	Meaning	low_association	1		plus	candidate_pending_human_review			USF Appendix A	USF:Cue_Target_Pairs.G-K:1610	graph	math								0.222	0.0	2.872213420518874	4.21463610134108	3.5434247609299767	4	3		1	1																																	
CAND_MEANING_000961	Meaning	low_association	1		plus	candidate_pending_human_review			USF Appendix A	USF:Cue_Target_Pairs.T-Z:377	tar	black								0.153	0.0	3.4965498065579883	5.225157191203593	4.3608534988807905	3	4		1	1																																	
CAND_MEANING_000962	Meaning	low_association	1		plus	candidate_pending_human_review			USF Appendix A	USF:Cue_Target_Pairs.A-B:450	acorn	tree								0.374	0.0	2.8606315479690587	4.812913356642856	3.836772452305957	5	3		2	1																																	
CAND_MEANING_000963	Meaning	low_association	1		plus	candidate_pending_human_review			USF Appendix A	USF:Cue_Target_Pairs.L-O:1090	letters	mail								0.15	0.0	4.573463191149791	4.566356604002589	4.56990989757619	5	3		2	1																																	
CAND_MEANING_000964	Meaning	low_association	1		plus	candidate_pending_human_review			USF Appendix A	USF:Cue_Target_Pairs.D-F:173	dandruff	flakes								0.229	0.132	2.905213680621799	3.2701534291909113	3.0876835549063553	7	5		2	1																																	
CAND_MEANING_000965	Meaning	low_association	1		plus	candidate_pending_human_review			USF Appendix A	USF:Cue_Target_Pairs.D-F:4917	elevator	stair								0.216	0.082	4.387599175333818	3.131278914639319	3.7594390449865687	7	4		4	1																																	
CAND_MEANING_000966	Meaning	low_association	1		plus	candidate_pending_human_review			USF Appendix A	USF:Cue_Target_Pairs.S:4155	smell	taste								0.181	0.142	4.919795680494796	4.710233546541945	4.81501461351837	4	4		1	1																																	
CAND_MEANING_000967	Meaning	low_association	1		plus	candidate_pending_human_review			USF Appendix A	USF:Cue_Target_Pairs.L-O:7105	newsstand	newspaper								0.214	0.01	3.016705693502853	4.374496758187177	3.6956012258450146	8	7		2	3																																	
CAND_MEANING_000968	Meaning	low_association	1		plus	candidate_pending_human_review			USF Appendix A	USF:Cue_Target_Pairs.G-K:7211	jaw	shark								0.199	0.0	3.8535312075511197	4.175523182477754	4.014527195014437	2	4		1	1																																	
CAND_MEANING_000969	Meaning	low_association	1		plus	candidate_pending_human_review			USF Appendix A	USF:Cue_Target_Pairs.S:6958	sticker	bumper								0.166	0.163	3.44471816828512	3.5501083987712483	3.497413283528184	5	5		2	2																																	
CAND_MEANING_000970	Meaning	low_association	1		plus	candidate_pending_human_review			USF Appendix A	USF:Cue_Target_Pairs.A-B:262	accomplish	do								0.143	0.039	3.7666460879783186	6.787856206035433	5.277251147006876	8	2		3	1																																	
CAND_MEANING_000971	Meaning	low_association	1		plus	candidate_pending_human_review			USF Appendix A	USF:Cue_Target_Pairs.G-K:1847	green	grass								0.25	0.364	4.860161786450133	4.224903588579217	4.542532687514675	4	4		1	1																																	
CAND_MEANING_000972	Meaning	low_association	1		plus	candidate_pending_human_review			USF Appendix A	USF:Cue_Target_Pairs.A-B:2807	arrive	leave								0.238	0.049	4.27152272454039	5.748735112296145	5.010128918418268	3	3		2	1																																	
CAND_MEANING_000973	Meaning	low_association	1		plus	candidate_pending_human_review			USF Appendix A	USF:Cue_Target_Pairs.G-K:7919	keys	car								0.36	0.0	4.707570176097937	5.68400001932028	5.195785097709108	3	3		1	1																																	
CAND_MEANING_000974	Meaning	low_association	1		plus	candidate_pending_human_review			USF Appendix A	USF:Cue_Target_Pairs.A-B:4945	beautiful	ugly								0.229	0.028	5.446732043586728	4.624868283817669	5.0358001637021985	8	4		3	2																																	
CAND_MEANING_000975	Meaning	low_association	1		plus	candidate_pending_human_review			USF Appendix A	USF:Cue_Target_Pairs.C:1542	cereal	breakfast								0.333	0.054	3.8029748341086758	4.821474994667833	4.3122249143882545	6	8		3	2																																	
CAND_MEANING_000976	Meaning	low_association	1		plus	candidate_pending_human_review			USF Appendix A	USF:Cue_Target_Pairs.A-B:2615	architect	building								0.289	0.0	3.816176290713628	4.998122520439767	4.407149405576698	8	6		3	2																																	
CAND_MEANING_000977	Meaning	low_association	1		plus	candidate_pending_human_review			USF Appendix A	USF:Cue_Target_Pairs.D-F:5197	enemy	friend								0.313	0.215	4.685829519195165	5.6225187696505445	5.154174144422855	5	5		3	1																																	
CAND_MEANING_000978	Meaning	low_association	1		plus	candidate_pending_human_review			USF Appendix A	USF:Cue_Target_Pairs.P-R:6743	rationalize	think								0.317	0.0	2.7837915177363364	6.42997698247318	4.606884250104758	9	4		4	1																																	
CAND_MEANING_000979	Meaning	low_association	1		plus	candidate_pending_human_review			USF Appendix A	USF:Cue_Target_Pairs.P-R:7364	referee	football								0.141	0.0	3.554880913632493	4.574371757342888	4.064626335487691	5	6		3	2																																	
CAND_MEANING_000980	Meaning	low_association	1		plus	candidate_pending_human_review			USF Appendix A	USF:Cue_Target_Pairs.S:4558	snuggle	hug								0.171	0.0	3.1119737594439325	4.286306738843274	3.6991402491436034	6	3		2	1																																	
CAND_MEANING_000981	Meaning	low_association	1		plus	candidate_pending_human_review			USF Appendix A	USF:Cue_Target_Pairs.L-O:1418	limb	tree								0.27	0.014	3.6690067809585756	4.812913356642856	4.240960068800716	3	3		1	1																																	
CAND_MEANING_000982	Meaning	low_association	1		plus	candidate_pending_human_review			USF Appendix A	USF:Cue_Target_Pairs.A-B:8193	burial	funeral								0.206	0.014	3.676245189882495	4.521086782010999	4.098665985946747	6	7		3	3																																	
CAND_MEANING_000983	Meaning	low_association	1		plus	candidate_pending_human_review			USF Appendix A	USF:Cue_Target_Pairs.S:5637	spit	saliva								0.263	0.365	4.286746976571701	3.42276359239707	3.8547552844843853	4	6		1	3																																	
CAND_MEANING_000984	Meaning	low_association	1		plus	candidate_pending_human_review			USF Appendix A	USF:Cue_Target_Pairs.C:462	cane	old								0.18	0.0	3.9208187539523753	5.7845753419463515	4.852697047949364	3	3		1	1																																	
CAND_MEANING_000985	Meaning	low_association	1		plus	candidate_pending_human_review			USF Appendix A	USF:Cue_Target_Pairs.D-F:1462	destiny	fate								0.214	0.261	4.362467690509819	4.430732522068345	4.396600106289082	7	3		3	1																																	
CAND_MEANING_000986	Meaning	low_association	1		plus	candidate_pending_human_review			USF Appendix A	USF:Cue_Target_Pairs.C:6258	cramp	pain								0.265	0.0	3.4477658613671256	4.990965316464065	4.219365588915595	5	3		1	1																																	
CAND_MEANING_000987	Meaning	low_association	1		plus	candidate_pending_human_review			USF Appendix A	USF:Cue_Target_Pairs.P-R:1124	peace	war								0.371	0.286	4.8426581769571575	5.242405001731717	5.042531589344437	3	3		1	1																																	
CAND_MEANING_000988	Meaning	low_association	1		plus	candidate_pending_human_review			USF Appendix A	USF:Cue_Target_Pairs.L-O:1524	lingerie	sexy								0.286	0.087	3.4507923159973135	4.476837309314384	3.9638148126558486	6	5		3	2																																	
CAND_MEANING_000989	Meaning	low_association	1		plus	candidate_pending_human_review			USF Appendix A	USF:Cue_Target_Pairs.L-O:5284	modest	shy								0.308	0.0	3.769551078621726	4.264169414789842	4.016860246705784	6	2		2	1																																	
CAND_MEANING_000990	Meaning	low_association	1		plus	candidate_pending_human_review			USF Appendix A	USF:Cue_Target_Pairs.A-B:8444	buy	sell								0.35	0.544	5.2842758775469605	4.964989451665339	5.12463266460615	2	3		1	1																																	
CAND_MEANING_000991	Meaning	low_association	1		plus	candidate_pending_human_review			USF Appendix A	USF:Cue_Target_Pairs.D-F:7293	fat	thin								0.201	0.563	4.899992067085652	4.304845198664497	4.602418632875074	3	3		1	1																																	
CAND_MEANING_000992	Meaning	low_association	1		plus	candidate_pending_human_review			USF Appendix A	USF:Cue_Target_Pairs.P-R:2115	piece	pie								0.359	0.043	5.095135150976416	4.458563794207173	4.7768494725917945	3	2		1	1																																	
CAND_MEANING_000993	Meaning	low_association	1		plus	candidate_pending_human_review			USF Appendix A	USF:Cue_Target_Pairs.A-B:5104	beg	plead								0.25	0.493	4.7074031718728815	3.845098040014257	4.276250605943569	3	4		1	1																																	
CAND_MEANING_000994	Meaning	low_association	1		plus	candidate_pending_human_review			USF Appendix A	USF:Cue_Target_Pairs.C:7111	cucumber	pickles								0.238	0.104	3.2967511976847064	3.5665876731657433	3.431669435425225	8	6		3	2																																	
CAND_MEANING_000995	Meaning	low_association	1		plus	candidate_pending_human_review			USF Appendix A	USF:Cue_Target_Pairs.D-F:1854	diet	fat								0.194	0.011	4.186745886586502	4.899992067085652	4.543368976836077	4	3		2	1																																	
CAND_MEANING_000996	Meaning	low_association	1		plus	candidate_pending_human_review			USF Appendix A	USF:Cue_Target_Pairs.C:3803	college	school								0.238	0.112	4.930319640482854	5.5225976402482555	5.226458640365555	5	4		2	1																																	
CAND_MEANING_000997	Meaning	low_association	1		plus	candidate_pending_human_review			USF Appendix A	USF:Cue_Target_Pairs.S:2957	sickle	cell								0.265	0.0	2.7395878552442827	4.735223049841833	3.737405452543058	5	3		2	1																																	
CAND_MEANING_000998	Meaning	low_association	1		plus	candidate_pending_human_review			USF Appendix A	USF:Cue_Target_Pairs.S:8241	suggestion	idea								0.142	0.01	4.0862202085928825	5.555141886533789	4.820681047563336	8	4		3	3																																	
CAND_MEANING_000999	Meaning	low_association	1		plus	candidate_pending_human_review			USF Appendix A	USF:Cue_Target_Pairs.S:1677	selfish	greed								0.184	0.048	4.20145067811322	3.681595908266596	3.941523293189908	6	4		2	1																																	
CAND_MEANING_001000	Meaning	low_association	1		plus	candidate_pending_human_review			USF Appendix A	USF:Cue_Target_Pairs.S:6815	stem	plant								0.158	0.0	3.349334675238536	4.441032478708157	3.8951835769733467	4	5		1	1																																	
CAND_MEANING_001001	Meaning	low_association	1		plus	candidate_pending_human_review			USF Appendix A	USF:Cue_Target_Pairs.D-F:7716	fever	hot								0.342	0.0	4.299750776824808	5.2783949022069345	4.789072839515871	4	3		2	1																																	
CAND_MEANING_001002	Meaning	low_association	1		plus	candidate_pending_human_review			USF Appendix A	USF:Cue_Target_Pairs.P-R:2002	pick	choose								0.304	0.439	5.297524498974612	4.681773135154142	4.989648817064377	3	3		1	1																																	
CAND_MEANING_001003	Meaning	low_association	1		plus	candidate_pending_human_review			USF Appendix A	USF:Cue_Target_Pairs.C:1096	casket	death								0.354	0.0	3.5019448384446945	5.3358314028129445	4.41888812062882	6	3		2	1																																	
CAND_MEANING_001004	Meaning	low_association	1		plus	candidate_pending_human_review			USF Appendix A	USF:Cue_Target_Pairs.S:5989	squad	group								0.159	0.0	4.332240378050414	4.867848615116424	4.600044496583418	5	4		1	1																																	
CAND_MEANING_001005	Meaning	low_association	1		plus	candidate_pending_human_review			USF Appendix A	USF:Cue_Target_Pairs.L-O:2696	maid	clean								0.196	0.0	4.358382804215934	5.083629070400939	4.721005937308436	3	4		1	1																																	
CAND_MEANING_001006	Meaning	low_association	1		plus	candidate_pending_human_review			USF Appendix A	USF:Cue_Target_Pairs.D-F:306	dash	board								0.236	0.0	3.780980540402508	4.807243118901349	4.2941118296519285	3	4		1	1																																	
CAND_MEANING_001007	Meaning	low_association	1		plus	candidate_pending_human_review			USF Appendix A	USF:Cue_Target_Pairs.A-B:1649	almond	joy								0.221	0.0	3.040617850908264	4.455591198879082	3.748104524893673	5	2		2	1																																	
CAND_MEANING_001008	Meaning	low_association	1		plus	candidate_pending_human_review			USF Appendix A	USF:Cue_Target_Pairs.P-R:3450	pollution	air								0.164	0.054	3.2792015581683085	5.14307605908513	4.211138808626719	7	2		3	1																																	
CAND_MEANING_001009	Meaning	low_association	1		plus	candidate_pending_human_review			USF Appendix A	USF:Cue_Target_Pairs.P-R:7421	refreshing	cool								0.201	0.0	3.5642714304385628	5.291995312128046	4.428133371283304	8	3		3	1																																	
CAND_MEANING_001010	Meaning	low_association	1		plus	candidate_pending_human_review			USF Appendix A	USF:Cue_Target_Pairs.P-R:1431	perceive	understand								0.209	0.0	3.16166154363304	5.683453193272163	4.422557368452601	5	9		2	3																																	
CAND_MEANING_001011	Meaning	low_association	1		plus	candidate_pending_human_review			USF Appendix A	USF:Cue_Target_Pairs.A-B:3689	aware	know								0.171	0.016	4.552023702788013	6.757485343853885	5.654754523320949	4	2		2	1																																	
CAND_MEANING_001012	Meaning	low_association	1		plus	candidate_pending_human_review			USF Appendix A	USF:Cue_Target_Pairs.D-F:3481	downtown	city								0.209	0.0	4.340871627452469	5.2281385717447275	4.784505099598598	6	4		2	2																																	
CAND_MEANING_001013	Meaning	low_association	1		plus	candidate_pending_human_review			USF Appendix A	USF:Cue_Target_Pairs.T-Z:2813	trail	path								0.248	0.17	4.283212515705202	4.390034152776474	4.336623334240838	4	3		1	1																																	
CAND_MEANING_001014	Meaning	low_association	1		plus	candidate_pending_human_review			USF Appendix A	USF:Cue_Target_Pairs.C:1579	chain	saw								0.218	0.0	4.326657084672615	5.604755306217195	4.965706195444905	3	2		1	1																																	
CAND_MEANING_001015	Meaning	low_association	1		plus	candidate_pending_human_review			USF Appendix A	USF:Cue_Target_Pairs.L-O:6730	needle	pin								0.212	0.289	4.076333403174798	4.214116299385665	4.145224851280232	5	3		2	1																																	
CAND_MEANING_001016	Meaning	low_association	1		plus	candidate_pending_human_review			USF Appendix A	USF:Cue_Target_Pairs.S:8870	sway	swing								0.185	0.041	3.4030195342013125	4.414645702174891	3.908832618188102	3	4		1	1																																	
CAND_MEANING_001017	Meaning	low_association	1		plus	candidate_pending_human_review			USF Appendix A	USF:Cue_Target_Pairs.P-R:8892	rim	edge								0.14	0.02	3.38933983691012	4.3712490070009125	3.880294421955516	3	2		1	1																																	
CAND_MEANING_001018	Meaning	low_association	1		plus	candidate_pending_human_review			USF Appendix A	USF:Cue_Target_Pairs.S:3832	slide	slip								0.2	0.066	4.250993707124032	4.413003755107914	4.331998731115973	4	4		1	1																																	
CAND_MEANING_001019	Meaning	low_association	1		plus	candidate_pending_human_review			USF Appendix A	USF:Cue_Target_Pairs.G-K:3829	heroine	drug								0.342	0.0	3.16166154363304	4.655289126860744	3.9084753352468917	6	4		3	1																																	
CAND_MEANING_001020	Meaning	low_association	1		plus	candidate_pending_human_review			USF Appendix A	USF:Cue_Target_Pairs.S:2905	shuttle	bus								0.183	0.0	3.7426789322214247	4.870266165194808	4.306472548708117	5	3		2	1																																	
CAND_MEANING_001021	Meaning	low_association	1		plus	candidate_pending_human_review			USF Appendix A	USF:Cue_Target_Pairs.L-O:4130	melt	butter								0.194	0.024	3.864138655710751	4.31029754286557	4.08721809928816	4	4		1	2																																	
CAND_MEANING_001022	Meaning	low_association	1		plus	candidate_pending_human_review			USF Appendix A	USF:Cue_Target_Pairs.L-O:2600	maggot	worm								0.196	0.0	3.2009148427807133	4.0050795255292755	3.6029971841549946	5	3		2	1																																	
CAND_MEANING_001023	Meaning	low_association	1		plus	candidate_pending_human_review			USF Appendix A	USF:Cue_Target_Pairs.D-F:10002	frisk	police								0.176	0.0	3.190056915192505	5.373200570742785	4.281628742967645	5	5		1	2																																	
CAND_MEANING_001024	Meaning	low_association	1		plus	candidate_pending_human_review			USF Appendix A	USF:Cue_Target_Pairs.S:1384	seasoning	spice								0.196	0.035	2.723793588061051	3.723793588061051	3.223793588061051	7	4		3	1																																	
CAND_MEANING_001025	Meaning	low_association	1		plus	candidate_pending_human_review			USF Appendix A	USF:Cue_Target_Pairs.L-O:1246	lie	truth								0.293	0.263	5.080102788589556	5.2837002130971635	5.1819015008433595	2	4		1	1																																	
CAND_MEANING_001026	Meaning	low_association	1		plus	candidate_pending_human_review			USF Appendix A	USF:Cue_Target_Pairs.T-Z:6983	wedding	bell								0.145	0.0	5.006172302311146	4.594760752586463	4.800466527448805	5	3		2	1																																	
CAND_MEANING_001027	Meaning	low_association	1		plus	candidate_pending_human_review			USF Appendix A	USF:Cue_Target_Pairs.P-R:4312	prejudice	black								0.222	0.0	3.5046174283060214	5.225157191203593	4.364887309754807	8	4		3	1																																	
CAND_MEANING_001028	Meaning	low_association	1		plus	candidate_pending_human_review			USF Appendix A	USF:Cue_Target_Pairs.S:274	saliva	mouth								0.262	0.0	3.42276359239707	5.018749436012839	4.220756514204954	6	3		3	1																																	
CAND_MEANING_001029	Meaning	low_association	1		plus	candidate_pending_human_review			USF Appendix A	USF:Cue_Target_Pairs.L-O:3228	marker	pen								0.257	0.0	3.718941085266639	4.393144910475145	4.056042997870892	5	3		2	1																																	
CAND_MEANING_001030	Meaning	low_association	1		plus	candidate_pending_human_review			USF Appendix A	USF:Cue_Target_Pairs.L-O:8764	ornament	tree								0.27	0.0	3.055857817465001	4.812913356642856	3.9343855870539284	8	3		3	1																																	
CAND_MEANING_001031	Meaning	low_association	1		plus	candidate_pending_human_review			USF Appendix A	USF:Cue_Target_Pairs.S:6605	statement	sentence								0.216	0.0	4.465907467355058	4.312376505580906	4.3891419864679815	8	7		2	2																																	
CAND_MEANING_001032	Meaning	low_association	1		plus	candidate_pending_human_review			USF Appendix A	USF:Cue_Target_Pairs.S:6623	station	train								0.319	0.083	4.898058045909682	4.977992435060294	4.938025240484988	6	4		2	1																																	
CAND_MEANING_001033	Meaning	low_association	1		plus	candidate_pending_human_review			USF Appendix A	USF:Cue_Target_Pairs.A-B:6513	bolt	lightning								0.176	0.076	3.8377369403678876	4.150365088621493	3.9940510144946906	4	6		1	2																																	
CAND_MEANING_001034	Meaning	low_association	1		plus	candidate_pending_human_review			USF Appendix A	USF:Cue_Target_Pairs.A-B:73	able	willing								0.264	0.348	5.203853789278359	4.692449458967222	4.94815162412279	4	5		2	2																																	
CAND_MEANING_001035	Meaning	low_association	1		plus	candidate_pending_human_review			USF Appendix A	USF:Cue_Target_Pairs.S:8883	swear	curse								0.382	0.135	4.945256126463068	4.260445537895706	4.602850832179387	4	3		1	1																																	
CAND_MEANING_001036	Meaning	low_association	1		plus	candidate_pending_human_review			USF Appendix A	USF:Cue_Target_Pairs.L-O:2471	lust	love								0.305	0.0	3.7457481639491013	6.047267230027272	4.896507696988186	4	3		1	1																																	
CAND_MEANING_001037	Meaning	low_association	1		plus	candidate_pending_human_review			USF Appendix A	USF:Cue_Target_Pairs.A-B:3708	awareness	know								0.168	0.0	3.353127664255675	6.757485343853885	5.05530650405478	7	2		3	1																																	
CAND_MEANING_001038	Meaning	low_association	1		plus	candidate_pending_human_review			USF Appendix A	USF:Cue_Target_Pairs.L-O:3544	material	cloth								0.15	0.206	4.345123765827031	3.7851902129289012	4.065156989377966	8	4		4	1																																	
CAND_MEANING_001039	Meaning	low_association	1		plus	candidate_pending_human_review			USF Appendix A	USF:Cue_Target_Pairs.L-O:7684	nut	crazy								0.219	0.0	4.193888145298176	5.435006984822598	4.814447565060387	3	5		1	2																																	
CAND_MEANING_001040	Meaning	low_association	1		plus	candidate_pending_human_review			USF Appendix A	USF:Cue_Target_Pairs.G-K:3317	headache	pain								0.361	0.032	4.149158714284946	4.990965316464065	4.570062015374505	5	3		2	1																																	
CAND_MEANING_001041	Meaning	low_association	1		plus	candidate_pending_human_review			USF Appendix A	USF:Cue_Target_Pairs.A-B:3574	authority	police								0.206	0.0	4.326657084672615	5.373200570742785	4.8499288277077	7	5		4	2																																	
CAND_MEANING_001042	Meaning	low_association	1		plus	candidate_pending_human_review			USF Appendix A	USF:Cue_Target_Pairs.P-R:4672	primate	monkey								0.283	0.0	2.8364978682523394	4.5251718866228	3.6808348774375697	6	5		2	2																																	
CAND_MEANING_001043	Meaning	low_association	1		plus	candidate_pending_human_review			USF Appendix A	USF:Cue_Target_Pairs.S:4573	soak	wet								0.357	0.027	3.5379424917162137	4.5934598195660445	4.065701155641129	3	3		1	1																																	
CAND_MEANING_001044	Meaning	low_association	1		plus	candidate_pending_human_review			USF Appendix A	USF:Cue_Target_Pairs.C:5823	couch	potato								0.203	0.0	4.370523974308474	4.052852307325276	4.211688140816875	3	6		1	3																																	
CAND_MEANING_001045	Meaning	low_association	1		plus	candidate_pending_human_review			USF Appendix A	USF:Cue_Target_Pairs.D-F:4179	dynamite	explosion								0.205	0.078	4.004237052943255	4.2172258196999755	4.110731436321615	7	9		3	3																																	
CAND_MEANING_001046	Meaning	low_association	1		plus	candidate_pending_human_review			USF Appendix A	USF:Cue_Target_Pairs.T-Z:8374	writer	author								0.263	0.324	4.371611069949688	3.8998848471167324	4.13574795853321	4	3		2	2																																	
CAND_MEANING_001047	Meaning	low_association	1		plus	candidate_pending_human_review			USF Appendix A	USF:Cue_Target_Pairs.L-O:2601	maggot	fly								0.155	0.0	3.2009148427807133	4.929418925714293	4.065166884247503	5	3		2	1																																	
CAND_MEANING_001048	Meaning	low_association	1		plus	candidate_pending_human_review			USF Appendix A	USF:Cue_Target_Pairs.G-K:8291	knife	cut								0.179	0.101	4.670282242908819	5.3612833175735615	5.0157827802411905	3	3		1	1																																	
CAND_MEANING_001049	Meaning	low_association	1		plus	candidate_pending_human_review			USF Appendix A	USF:Cue_Target_Pairs.D-F:6795	faculty	teacher								0.265	0.0	3.68688150472828	4.746053897493515	4.216467701110897	7	4		3	2																																	
CAND_MEANING_001050	Meaning	low_association	1		plus	candidate_pending_human_review			USF Appendix A	USF:Cue_Target_Pairs.T-Z:1223	theater	play								0.162	0.013	4.38092029408446	5.549652270089638	4.965286282087049	5	3		3	1																																	
CAND_MEANING_001051	Meaning	low_association	1		plus	candidate_pending_human_review			USF Appendix A	USF:Cue_Target_Pairs.S:8961	swift	slow								0.176	0.0	3.5868960500636566	4.880925624909274	4.233910837486466	5	3		1	1																																	
CAND_MEANING_001052	Meaning	low_association	1		plus	candidate_pending_human_review			USF Appendix A	USF:Cue_Target_Pairs.G-K:1612	graph	paper								0.15	0.0	2.872213420518874	5.014322840117021	3.9432681303179473	4	4		1	2																																	
CAND_MEANING_001053	Meaning	low_association	1		plus	candidate_pending_human_review			USF Appendix A	USF:Cue_Target_Pairs.C:743	carbon	copy								0.373	0.03	3.718941085266639	4.718289968979904	4.218615527123271	6	4		2	2																																	
CAND_MEANING_001054	Meaning	low_association	1		plus	candidate_pending_human_review			USF Appendix A	USF:Cue_Target_Pairs.T-Z:1237	theft	steal								0.313	0.0	3.8289882664735937	4.726998727936262	4.277993497204928	4	4		1	1																																	
CAND_MEANING_001055	Meaning	low_association	1		plus	candidate_pending_human_review			USF Appendix A	USF:Cue_Target_Pairs.T-Z:2487	total	whole								0.167	0.0	4.575731052605613	5.58601333739818	5.080872195001897	5	3		2	1																																	
CAND_MEANING_001056	Meaning	low_association	1		plus	candidate_pending_human_review			USF Appendix A	USF:Cue_Target_Pairs.L-O:295	laser	beam								0.363	0.041	3.928917720255429	3.9407898348829953	3.934853777569212	4	3		2	1																																	
CAND_MEANING_001057	Meaning	low_association	1		plus	candidate_pending_human_review			USF Appendix A	USF:Cue_Target_Pairs.L-O:171	lamb	sheep								0.333	0.162	4.026429110440451	4.12812039539449	4.07727475291747	3	3		1	1																																	
CAND_MEANING_001058	Meaning	low_association	1		plus	candidate_pending_human_review			USF Appendix A	USF:Cue_Target_Pairs.S:5737	sponge	soak								0.147	0.086	3.8264559299581986	3.5379424917162137	3.682199210837206	5	3		1	1																																	
CAND_MEANING_001059	Meaning	low_association	1		plus	candidate_pending_human_review			USF Appendix A	USF:Cue_Target_Pairs.T-Z:3064	tray	food								0.184	0.0	3.905213680621799	5.1887355313681445	4.546974605994972	3	3		1	1																																	
CAND_MEANING_001060	Meaning	low_association	1		plus	candidate_pending_human_review			USF Appendix A	USF:Cue_Target_Pairs.A-B:6976	bowling	ball								0.37	0.0	4.028826326178706	5.021027067285495	4.5249266967321	5	3		2	1																																	
CAND_MEANING_001061	Meaning	low_association	1		plus	candidate_pending_human_review			USF Appendix A	USF:Cue_Target_Pairs.S:8192	suffocate	die								0.255	0.0	3.1789205490745456	5.416868834458589	4.297894691766567	7	2		3	1																																	
CAND_MEANING_001062	Meaning	low_association	1		plus	candidate_pending_human_review			USF Appendix A	USF:Cue_Target_Pairs.L-O:1821	loaf	lazy								0.147	0.0	3.6503646709025173	4.064017304783319	3.8571909878429183	3	4		1	2																																	
CAND_MEANING_001063	Meaning	low_association	1		plus	candidate_pending_human_review			USF Appendix A	USF:Cue_Target_Pairs.A-B:6661	boot	foot								0.142	0.0	4.0467781596130825	4.812389004654132	4.429583582133607	3	3		1	1																																	
CAND_MEANING_001064	Meaning	low_association	1		plus	candidate_pending_human_review			USF Appendix A	USF:Cue_Target_Pairs.A-B:7487	bright	sun								0.15	0.031	4.647498030250914	4.843025031391392	4.745261530821153	4	3		1	1																																	
CAND_MEANING_001065	Meaning	low_association	1		plus	candidate_pending_human_review			USF Appendix A	USF:Cue_Target_Pairs.L-O:157	lake	river								0.142	0.118	4.556302500767288	4.744062771359054	4.650182636063171	3	4		1	2																																	
CAND_MEANING_001066	Meaning	low_association	1		plus	candidate_pending_human_review			USF Appendix A	USF:Cue_Target_Pairs.T-Z:5888	vision	eye								0.228	0.0	4.37807711219892	5.048380864906195	4.713228988552558	5	1		2	1																																	
CAND_MEANING_001067	Meaning	low_association	1		plus	candidate_pending_human_review			USF Appendix A	USF:Cue_Target_Pairs.C:5316	contractor	building								0.149	0.0	3.4965498065579883	4.998122520439767	4.247336163498877	9	6		3	2																																	
CAND_MEANING_001068	Meaning	low_association	1		plus	candidate_pending_human_review			USF Appendix A	USF:Cue_Target_Pairs.P-R:3181	pocketbook	money								0.177	0.0	3.173243416182855	5.806698582254281	4.489970999218568	8	4		3	2																																	
CAND_MEANING_001069	Meaning	low_association	1		plus	candidate_pending_human_review			USF Appendix A	USF:Cue_Target_Pairs.C:4964	conquer	defeat								0.16	0.033	3.697263540522002	4.055857817465001	3.8765606789935014	5	5		2	2																																	
CAND_MEANING_001070	Meaning	low_association	1		plus	candidate_pending_human_review			USF Appendix A	USF:Cue_Target_Pairs.T-Z:1733	thumb	hand								0.284	0.0	4.072747136042215	5.446610256013887	4.759678696028051	3	4		1	1																																	
CAND_MEANING_001071	Meaning	low_association	1		plus	candidate_pending_human_review			USF Appendix A	USF:Cue_Target_Pairs.S:9155	synagogue	church								0.375	0.0	2.982625903930577	4.843025031391392	3.9128254676609844	7	3		3	1																																	
CAND_MEANING_001072	Meaning	low_association	1		plus	candidate_pending_human_review			USF Appendix A	USF:Cue_Target_Pairs.P-R:5728	pump	gas								0.197	0.0	4.101989538537332	4.831129203444471	4.466559370990901	4	3		1	1																																	
CAND_MEANING_001073	Meaning	low_association	1		plus	candidate_pending_human_review			USF Appendix A	USF:Cue_Target_Pairs.P-R:9238	rod	reel								0.279	0.291	4.030417150235494	3.5125379119421187	3.7714775310888067	3	3		1	1																																	
CAND_MEANING_001074	Meaning	low_association	1		plus	candidate_pending_human_review			USF Appendix A	USF:Cue_Target_Pairs.A-B:3073	ass	hole								0.204	0.0	5.354823761155259	4.765040021498108	5.059931891326684	2	3		1	1																																	
CAND_MEANING_001075	Meaning	low_association	1		plus	candidate_pending_human_review			USF Appendix A	USF:Cue_Target_Pairs.C:1514	ceramic	pottery								0.236	0.046	3.0848215134003176	3.2655576775017625	3.17518959545104	6	5		3	3																																	
CAND_MEANING_001076	Meaning	low_association	1		plus	candidate_pending_human_review			USF Appendix A	USF:Cue_Target_Pairs.L-O:4871	mink	fur								0.252	0.068	3.568891628075308	3.9177422748637376	3.743316951469523	4	2		1	1																																	
CAND_MEANING_001077	Meaning	low_association	1		plus	candidate_pending_human_review			USF Appendix A	USF:Cue_Target_Pairs.T-Z:3543	trustworthy	honest								0.196	0.014	3.2655576775017625	4.859338479128867	4.062448078315315	9	5		3	2																																	
CAND_MEANING_001078	Meaning	low_association	1		plus	candidate_pending_human_review			USF Appendix A	USF:Cue_Target_Pairs.A-B:428	acknowledge	know								0.193	0.0	3.787974161448512	6.757485343853885	5.272729752651198	7	2		3	1																																	
CAND_MEANING_001079	Meaning	low_association	1		plus	candidate_pending_human_review			USF Appendix A	USF:Cue_Target_Pairs.G-K:2795	handle	care								0.166	0.0	5.0350764138408	5.6859699312500265	5.360523172545413	6	3		2	1																																	
CAND_MEANING_001080	Meaning	low_association	1		plus	candidate_pending_human_review			USF Appendix A	USF:Cue_Target_Pairs.P-R:6806	razor	cut								0.161	0.0	3.8377369403678876	5.3612833175735615	4.599510128970724	4	3		2	1																																	
CAND_MEANING_001081	Meaning	low_association	1		plus	candidate_pending_human_review			USF Appendix A	USF:Cue_Target_Pairs.C:5165	consumer	buy								0.253	0.0	3.3177356891668337	5.2842758775469605	4.3010057833568975	7	2		3	1																																	
CAND_MEANING_001082	Meaning	low_association	1		plus	candidate_pending_human_review			USF Appendix A	USF:Cue_Target_Pairs.G-K:6976	irritate	annoy								0.205	0.089	2.973671061277651	3.399639793549932	3.1866554274137915	6	3		3	2																																	
CAND_MEANING_001083	Meaning	low_association	1		plus	candidate_pending_human_review			USF Appendix A	USF:Cue_Target_Pairs.G-K:2481	hair	comb								0.152	0.315	5.186247047869527	3.7823883033268983	4.484317675598213	3	3		1	1																																	
CAND_MEANING_001084	Meaning	low_association	1		plus	candidate_pending_human_review			USF Appendix A	USF:Cue_Target_Pairs.L-O:5884	motorcycle	bike								0.174	0.027	3.950441220559176	4.413003755107914	4.181722487833545	9	3		4	1																																	
CAND_MEANING_001085	Meaning	low_association	1		plus	candidate_pending_human_review			USF Appendix A	USF:Cue_Target_Pairs.A-B:3453	attitude	bad								0.223	0.0	4.416281464869149	5.736537103739664	5.076409284304407	6	3		3	1																																	
CAND_MEANING_001086	Meaning	low_association	1		plus	candidate_pending_human_review			USF Appendix A	USF:Cue_Target_Pairs.P-R:9714	rules	break								0.192	0.0	4.828735696253097	5.344546374452062	5.08664103535258	4	4		1	1																																	
CAND_MEANING_001087	Meaning	low_association	1		plus	candidate_pending_human_review			USF Appendix A	USF:Cue_Target_Pairs.D-F:7882	fighter	pilot								0.162	0.0	4.106677419633984	4.425968732272281	4.2663230759531325	4	5		2	2																																	
CAND_MEANING_001088	Meaning	low_association	1		plus	candidate_pending_human_review			USF Appendix A	USF:Cue_Target_Pairs.D-F:1461	destiny	future								0.221	0.0	4.362467690509819	5.014899209786094	4.688683450147956	7	5		3	2																																	
CAND_MEANING_001089	Meaning	low_association	1		plus	candidate_pending_human_review			USF Appendix A	USF:Cue_Target_Pairs.G-K:7210	jaw	mouth								0.253	0.0	3.8535312075511197	5.018749436012839	4.436140321781979	2	3		1	1																																	
CAND_MEANING_001090	Meaning	low_association	1		plus	candidate_pending_human_review			USF Appendix A	USF:Cue_Target_Pairs.D-F:2873	distance	far								0.218	0.0	4.408373000841118	5.343929643034809	4.8761513219379635	7	3		2	1																																	
CAND_MEANING_001091	Meaning	low_association	1		plus	candidate_pending_human_review			USF Appendix A	USF:Cue_Target_Pairs.T-Z:7452	widow	death								0.209	0.0	4.082714987935305	5.3358314028129445	4.709273195374125	4	3		2	1																																	
CAND_MEANING_001092	Meaning	low_association	1		plus	candidate_pending_human_review			USF Appendix A	USF:Cue_Target_Pairs.L-O:6093	mug	cup								0.268	0.025	3.8352552508612434	4.713045594527829	4.274150422694536	3	3		1	1																																	
CAND_MEANING_001093	Meaning	low_association	1		plus	candidate_pending_human_review			USF Appendix A	USF:Cue_Target_Pairs.S:6518	starch	stiff								0.236	0.0	3.131278914639319	4.0109315127693375	3.571105213704328	5	4		1	1																																	
CAND_MEANING_001094	Meaning	low_association	1		plus	candidate_pending_human_review			USF Appendix A	USF:Cue_Target_Pairs.D-F:8604	floor	tile								0.17	0.578	5.002716471604955	3.325853579389013	4.164285025496984	4	3		1	1																																	
CAND_MEANING_001095	Meaning	low_association	1		plus	candidate_pending_human_review			USF Appendix A	USF:Cue_Target_Pairs.G-K:8314	knit	sew								0.284	0.039	3.2792015581683085	3.7395878552442827	3.5093947067062956	3	2		1	1																																	
CAND_MEANING_001096	Meaning	low_association	1		plus	candidate_pending_human_review			USF Appendix A	USF:Cue_Target_Pairs.G-K:3041	harvest	crops								0.185	0.034	3.5824644352645816	3.4162814648691495	3.4993729500668653	7	5		2	1																																	
CAND_MEANING_001097	Meaning	low_association	1		plus	candidate_pending_human_review			USF Appendix A	USF:Cue_Target_Pairs.A-B:785	adore	like								0.143	0.0	3.887926045727638	6.6019471452588885	5.244936595493263	4	3		2	1																																	
CAND_MEANING_001098	Meaning	low_association	1		plus	candidate_pending_human_review			USF Appendix A	USF:Cue_Target_Pairs.C:5454	cooked	food								0.266	0.0	3.9781715625043272	5.1887355313681445	4.583453546936235	4	3		1	1																																	
CAND_MEANING_001099	Meaning	low_association	1		plus	candidate_pending_human_review			USF Appendix A	USF:Cue_Target_Pairs.T-Z:5985	voice	loud								0.182	0.0	4.935289876486555	4.60013974730687	4.767714811896713	3	3		1	1																																	
CAND_MEANING_001100	Meaning	low_association	1		plus	candidate_pending_human_review			USF Appendix A	USF:Cue_Target_Pairs.S:9039	switch	change								0.236	0.024	4.448978975233845	5.380849440918155	4.914914208076	4	4		1	1																																	
CAND_MEANING_001101	Meaning	low_association	1		plus	candidate_pending_human_review			USF Appendix A	USF:Cue_Target_Pairs.L-O:5991	movement	motion								0.155	0.229	4.1715257034021365	4.277856297985066	4.224691000693602	7	5		2	2																																	
CAND_MEANING_001102	Meaning	low_association	1		plus	candidate_pending_human_review			USF Appendix A	USF:Cue_Target_Pairs.C:1375	celery	vegetables								0.169	0.0	3.2701534291909113	3.8213465241797184	3.5457499766853147	5	9		3	3																																	
CAND_MEANING_001103	Meaning	low_association	1		plus	candidate_pending_human_review			USF Appendix A	USF:Cue_Target_Pairs.D-F:3407	dough	doughnut								0.228	0.0	4.200914842780714	3.624868283817669	3.9128915632991914	2	5		1	2																																	
CAND_MEANING_001104	Meaning	low_association	1		plus	candidate_pending_human_review			USF Appendix A	USF:Cue_Target_Pairs.P-R:5690	puff	smoke								0.24	0.0	3.6484556810951863	4.815786030556857	4.232120855826022	3	4		1	1																																	
CAND_MEANING_001105	Meaning	low_association	1		plus	candidate_pending_human_review			USF Appendix A	USF:Cue_Target_Pairs.C:7461	custard	pie								0.257	0.0	3.098609797885951	4.458563794207173	3.778586796046562	6	2		2	1																																	
CAND_MEANING_001106	Meaning	low_association	1		plus	candidate_pending_human_review			USF Appendix A	USF:Cue_Target_Pairs.D-F:208	dangerous	scary								0.174	0.0	4.874151983851163	4.41823628204159	4.646194132946377	7	5		3	2																																	
CAND_MEANING_001107	Meaning	low_association	1		plus	candidate_pending_human_review			USF Appendix A	USF:Cue_Target_Pairs.S:6223	stage	act								0.142	0.0	4.6586659476203565	5.037894992572791	4.848280470096574	4	3		1	1																																	
CAND_MEANING_001108	Meaning	low_association	1		plus	candidate_pending_human_review			USF Appendix A	USF:Cue_Target_Pairs.L-O:3048	manufacturer	maker								0.227	0.0	3.251471216223157	3.6921035453831017	3.4717873808031294	11	4		5	2																																	
CAND_MEANING_001109	Meaning	low_association	1		plus	candidate_pending_human_review			USF Appendix A	USF:Cue_Target_Pairs.T-Z:461	taste	food								0.157	0.0	4.710233546541945	5.1887355313681445	4.949484538955044	4	3		1	1																																	
CAND_MEANING_001110	Meaning	low_association	1		plus	candidate_pending_human_review			USF Appendix A	USF:Cue_Target_Pairs.P-R:9569	royalty	queen								0.23	0.027	3.5934598195660445	4.737878338168113	4.165669078867079	6	4		3	1																																	
CAND_MEANING_001111	Meaning	low_association	1		plus	candidate_pending_human_review			USF Appendix A	USF:Cue_Target_Pairs.A-B:3864	backbone	spine								0.24	0.115	3.2167091099639453	3.7592974442561733	3.4880032771100593	6	4		2	1																																	
CAND_MEANING_001112	Meaning	low_association	1		plus	candidate_pending_human_review			USF Appendix A	USF:Cue_Target_Pairs.C:7377	curtains	drapes								0.196	0.55	3.7989348563069356	3.4742734118468364	3.6366041340768858	6	5		2	1																																	
CAND_MEANING_001113	Meaning	low_association	1		plus	candidate_pending_human_review			USF Appendix A	USF:Cue_Target_Pairs.D-F:337	date	time								0.141	0.0	5.150846701625552	6.291951837030967	5.721399269328259	3	3		1	1																																	
CAND_MEANING_001114	Meaning	low_association	1		plus	candidate_pending_human_review			USF Appendix A	USF:Cue_Target_Pairs.G-K:7197	jar	jelly								0.151	0.021	3.919795680494796	3.852336448938176	3.886066064716486	3	4		1	2																																	
CAND_MEANING_001115	Meaning	low_association	1		plus	candidate_pending_human_review			USF Appendix A	USF:Cue_Target_Pairs.L-O:5132	mister	man								0.221	0.0	4.659039534294493	6.266171723689466	5.462605628991979	5	3		2	1																																	
CAND_MEANING_001116	Meaning	low_association	1		plus	candidate_pending_human_review			USF Appendix A	USF:Cue_Target_Pairs.T-Z:8018	word	sentence								0.141	0.0	5.372081300975909	4.312376505580906	4.842228903278407	3	7		1	2																																	
CAND_MEANING_001117	Meaning	low_association	1		plus	candidate_pending_human_review			USF Appendix A	USF:Cue_Target_Pairs.C:4263	compassion	love								0.287	0.0	3.7962205069592447	6.047267230027272	4.921743868493258	8	3		3	1																																	
CAND_MEANING_001118	Meaning	low_association	1		plus	candidate_pending_human_review			USF Appendix A	USF:Cue_Target_Pairs.C:6319	crawl	baby								0.345	0.0	4.0805981950432315	5.707035536366613	4.893816865704922	4	4		1	2																																	
CAND_MEANING_001119	Meaning	low_association	1		plus	candidate_pending_human_review			USF Appendix A	USF:Cue_Target_Pairs.D-F:10483	fuzzy	bear								0.19	0.0	3.765186273219276	4.759000896288418	4.262093584753847	4	3		2	1																																	
CAND_MEANING_001120	Meaning	low_association	1		plus	candidate_pending_human_review			USF Appendix A	USF:Cue_Target_Pairs.P-R:5175	promise	broken								0.191	0.0	5.185025246730962	4.852814746874079	5.018919996802521	6	6		2	2																																	
CAND_MEANING_001121	Meaning	low_association	1		plus	candidate_pending_human_review			USF Appendix A	USF:Cue_Target_Pairs.P-R:9771	rung	ladder								0.26	0.055	3.1436881726211388	3.9663718225361517	3.5550299975786452	3	4		1	2																																	
CAND_MEANING_001122	Meaning	low_association	1		plus	candidate_pending_human_review			USF Appendix A	USF:Cue_Target_Pairs.P-R:4739	principle	school								0.197	0.0	3.889026919528524	5.5225976402482555	4.70581227988839	9	4		3	1																																	
CAND_MEANING_001123	Meaning	low_association	1		plus	candidate_pending_human_review			USF Appendix A	USF:Cue_Target_Pairs.A-B:4784	bead	necklace								0.384	0.021	3.048304679574555	3.9887862126353957	3.5185454461049757	3	6		1	2																																	
CAND_MEANING_001124	Meaning	low_association	1		plus	candidate_pending_human_review			USF Appendix A	USF:Cue_Target_Pairs.C:7449	cuss	word								0.155	0.0	3.0248235837250323	5.372081300975909	4.1984524423504705	3	3		1	1																																	
CAND_MEANING_001125	Meaning	low_association	1		plus	candidate_pending_human_review			USF Appendix A	USF:Cue_Target_Pairs.T-Z:4649	unnatural	fake								0.224	0.0	3.4385578595803015	4.560305243220961	3.9994315514006313	8	3		4	1																																	
CAND_MEANING_001126	Meaning	low_association	1		plus	candidate_pending_human_review			USF Appendix A	USF:Cue_Target_Pairs.A-B:8179	burglary	robbery								0.224	0.034	3.5525012118871384	4.362467690509819	3.9574844511984786	6	5		3	3																																	
CAND_MEANING_001127	Meaning	low_association	1		plus	candidate_pending_human_review			USF Appendix A	USF:Cue_Target_Pairs.G-K:3226	hay	horse								0.216	0.0	3.8043131848809377	4.96793320863002	4.386123196755479	2	4		1	1																																	
CAND_MEANING_001128	Meaning	low_association	1		plus	candidate_pending_human_review			USF Appendix A	USF:Cue_Target_Pairs.S:5522	spicy	food								0.24	0.0	3.520316528515737	5.1887355313681445	4.35452602994194	5	3		2	1																																	
CAND_MEANING_001129	Meaning	low_association	1		plus	candidate_pending_human_review			USF Appendix A	USF:Cue_Target_Pairs.C:1912	chase	run								0.355	0.0	4.515925764864458	5.544748756843717	5.030337260854088	3	3		1	1																																	
CAND_MEANING_001130	Meaning	low_association	1		plus	candidate_pending_human_review			USF Appendix A	USF:Cue_Target_Pairs.P-R:8972	risk	chance								0.241	0.101	4.690543515632566	5.38244084790921	5.036492181770888	4	4		1	1																																	
CAND_MEANING_001131	Meaning	low_association	1		plus	candidate_pending_human_review			USF Appendix A	USF:Cue_Target_Pairs.G-K:2671	hamburger	fries								0.207	0.155	3.8912203306651785	4.0676760836423	3.979448207153739	7	4		3	1																																	
CAND_MEANING_001132	Meaning	low_association	1		plus	candidate_pending_human_review			USF Appendix A	USF:Cue_Target_Pairs.P-R:6703	rat	mouse								0.318	0.087	4.513322073121583	4.2814344396006	4.397378256361092	3	3		1	1																																	
CAND_MEANING_001133	Meaning	low_association	1		plus	candidate_pending_human_review			USF Appendix A	USF:Cue_Target_Pairs.L-O:5613	moon	sun								0.299	0.15	4.698629247565377	4.843025031391392	4.770827139478384	3	3		1	1																																	
CAND_MEANING_001134	Meaning	low_association	1		plus	candidate_pending_human_review			USF Appendix A	USF:Cue_Target_Pairs.S:2176	shake	rattle								0.142	0.058	4.5979961374173675	3.5279582708096124	4.06297720411349	3	5		1	2																																	
CAND_MEANING_001135	Meaning	low_association	1		plus	candidate_pending_human_review			USF Appendix A	USF:Cue_Target_Pairs.L-O:1920	lock	door								0.2	0.044	4.752575641393814	5.465470331453126	5.10902298642347	3	3		1	1																																	
CAND_MEANING_001136	Meaning	low_association	1		plus	candidate_pending_human_review			USF Appendix A	USF:Cue_Target_Pairs.P-R:7146	recipe	cook								0.331	0.0	3.881261549496271	4.6586659476203565	4.269963748558314	6	3		3	1																																	
CAND_MEANING_001137	Meaning	low_association	1		plus	candidate_pending_human_review			USF Appendix A	USF:Cue_Target_Pairs.L-O:2778	main	street								0.315	0.013	4.63068705414832	5.170779246119839	4.900733150134079	3	5		1	1																																	
CAND_MEANING_001138	Meaning	low_association	1		plus	candidate_pending_human_review			USF Appendix A	USF:Cue_Target_Pairs.C:1104	cast	play								0.155	0.0	4.364311831208189	5.549652270089638	4.9569820506489135	4	3		1	1																																	
CAND_MEANING_001139	Meaning	low_association	1		plus	candidate_pending_human_review			USF Appendix A	USF:Cue_Target_Pairs.G-K:1000	goal	achieve								0.174	0.22	4.223887694591069	3.865301426102544	4.044594560346806	3	4		1	2																																	
CAND_MEANING_001140	Meaning	low_association	1		plus	candidate_pending_human_review			USF Appendix A	USF:Cue_Target_Pairs.G-K:7245	jealousy	envy								0.187	0.513	3.7592974442561733	3.9799587851166978	3.8696281146864355	6	4		3	2																																	
CAND_MEANING_001141	Meaning	low_association	1		plus	candidate_pending_human_review			USF Appendix A	USF:Cue_Target_Pairs.S:3964	slogan	ad								0.217	0.0	3.3962335448580205	4.1337892943569186	3.7650114196074695	6	2		2	1																																	
CAND_MEANING_001142	Meaning	low_association	1		plus	candidate_pending_human_review			USF Appendix A	USF:Cue_Target_Pairs.T-Z:6109	voodoo	magic								0.172	0.0	3.678036097500376	4.721697490335232	4.199866793917804	4	5		2	2																																	
CAND_MEANING_001143	Meaning	low_association	1		plus	candidate_pending_human_review			USF Appendix A	USF:Cue_Target_Pairs.A-B:5606	biologist	science								0.219	0.0	3.098609797885951	4.571183424854892	3.8348966113704215	9	5		4	2																																	
CAND_MEANING_001144	Meaning	low_association	1		plus	candidate_pending_human_review			USF Appendix A	USF:Cue_Target_Pairs.A-B:605	ad	newspaper								0.252	0.03	4.1337892943569186	4.374496758187177	4.254143026272048	2	7		1	3																																	
CAND_MEANING_001145	Meaning	low_association	1		plus	candidate_pending_human_review			USF Appendix A	USF:Cue_Target_Pairs.D-F:3419	doughnut	hole								0.377	0.024	3.624868283817669	4.765040021498108	4.194954152657889	5	3		2	1																																	
CAND_MEANING_001146	Meaning	low_association	1		plus	candidate_pending_human_review			USF Appendix A	USF:Cue_Target_Pairs.P-R:4361	prescription	medicine								0.248	0.022	3.8676176688297246	4.533976304498612	4.200796986664169	11	7		3	3																																	
CAND_MEANING_001147	Meaning	low_association	1		plus	candidate_pending_human_review			USF Appendix A	USF:Cue_Target_Pairs.P-R:9773	rung	ring								0.147	0.0	3.1436881726211388	4.967290964639876	4.055489568630508	3	3		1	1																																	
CAND_MEANING_001148	Meaning	low_association	1		plus	candidate_pending_human_review			USF Appendix A	USF:Cue_Target_Pairs.C:1201	catcher	baseball								0.293	0.0	3.5734631911497914	4.402345686925857	3.987904439037824	4	6		2	2																																	
CAND_MEANING_001149	Meaning	low_association	1		plus	candidate_pending_human_review			USF Appendix A	USF:Cue_Target_Pairs.T-Z:8002	wool	sheep								0.217	0.291	3.4992556999339133	4.12812039539449	3.8136880476642014	3	3		1	1																																	
CAND_MEANING_001150	Meaning	low_association	1		plus	candidate_pending_human_review			USF Appendix A	USF:Cue_Target_Pairs.C:6106	cowgirl	cowboy								0.34	0.056	3.070581074285707	4.278305181210458	3.6744431277480825	5	4		2	2																																	
CAND_MEANING_001151	Meaning	low_association	1		plus	candidate_pending_human_review			USF Appendix A	USF:Cue_Target_Pairs.S:6576	starve	eat								0.172	0.011	3.7893594719752786	5.4011977415801455	4.595278606777712	5	2		1	1																																	
CAND_MEANING_001152	Meaning	low_association	1		plus	candidate_pending_human_review			USF Appendix A	USF:Cue_Target_Pairs.S:3542	skill	talent								0.184	0.09	3.898811189012669	4.416934048736346	4.157872618874507	4	6		1	2																																	
CAND_MEANING_001153	Meaning	low_association	1		plus	candidate_pending_human_review			USF Appendix A	USF:Cue_Target_Pairs.S:2360	sheep	lamb								0.162	0.333	4.12812039539449	4.026429110440451	4.07727475291747	3	3		1	1																																	
CAND_MEANING_001154	Meaning	low_association	1		plus	candidate_pending_human_review			USF Appendix A	USF:Cue_Target_Pairs.A-B:3865	backbone	strong								0.185	0.0	3.2167091099639453	4.938833550125134	4.0777713300445395	6	5		2	1																																	
CAND_MEANING_001155	Meaning	low_association	1		plus	candidate_pending_human_review			USF Appendix A	USF:Cue_Target_Pairs.L-O:7150	nicotine	smoke								0.151	0.0	3.231949076520682	4.815786030556857	4.02386755353877	7	4		3	1																																	
CAND_MEANING_001156	Meaning	low_association	1		plus	candidate_pending_human_review			USF Appendix A	USF:Cue_Target_Pairs.P-R:253	pan	pot								0.351	0.286	4.08969736473278	4.352749852590349	4.221223608661564	3	3		1	1																																	
CAND_MEANING_001157	Meaning	low_association	1		plus	candidate_pending_human_review			USF Appendix A	USF:Cue_Target_Pairs.A-B:7716	bruise	hurt								0.204	0.0	3.50991376811597	5.391557751628531	4.45073575987225	4	3		1	1																																	
CAND_MEANING_001158	Meaning	low_association	1		plus	candidate_pending_human_review			USF Appendix A	USF:Cue_Target_Pairs.P-R:4651	priest	church								0.382	0.0	4.41823628204159	4.843025031391392	4.630630656716491	5	3		1	1																																	
CAND_MEANING_001159	Meaning	low_association	1		plus	candidate_pending_human_review			USF Appendix A	USF:Cue_Target_Pairs.L-O:4958	minutes	time								0.203	0.0	5.436193838514314	6.291951837030967	5.864072837772641	6	3		2	1																																	
CAND_MEANING_001160	Meaning	low_association	1		plus	candidate_pending_human_review			USF Appendix A	USF:Cue_Target_Pairs.S:8871	sway	move								0.168	0.0	3.4030195342013125	5.6213188637416245	4.512169198971469	3	3		1	1																																	
CAND_MEANING_001161	Meaning	low_association	1		plus	candidate_pending_human_review			USF Appendix A	USF:Cue_Target_Pairs.D-F:10410	fuse	box								0.155	0.0	3.68688150472828	4.953010736329363	4.319946120528821	4	4		1	1																																	
CAND_MEANING_001162	Meaning	low_association	1		plus	candidate_pending_human_review			USF Appendix A	USF:Cue_Target_Pairs.G-K:863	glide	slide								0.215	0.014	3.3716110699496884	4.250993707124032	3.81130238853686	4	4		1	1																																	
CAND_MEANING_001163	Meaning	low_association	1		plus	candidate_pending_human_review			USF Appendix A	USF:Cue_Target_Pairs.C:1515	ceramic	tile								0.157	0.068	3.0848215134003176	3.325853579389013	3.2053375463946656	6	3		3	1																																	
CAND_MEANING_001164	Meaning	low_association	1		plus	candidate_pending_human_review			USF Appendix A	USF:Cue_Target_Pairs.D-F:4002	ducks	quack								0.233	0.0	3.9279135707169757	3.6653418268721705	3.7966276987945733	4	4		1	1																																	
CAND_MEANING_001165	Meaning	low_association	1		plus	candidate_pending_human_review			USF Appendix A	USF:Cue_Target_Pairs.A-B:5033	bedroom	sleep								0.187	0.0	4.5647356683041505	5.357822785464055	4.961279226884103	6	4		2	1																																	
CAND_MEANING_001166	Meaning	low_association	1		plus	candidate_pending_human_review			USF Appendix A	USF:Cue_Target_Pairs.S:6390	stamp	letter								0.384	0.088	3.7724367668592143	4.9170212830289115	4.344729024944063	5	4		1	2																																	
CAND_MEANING_001167	Meaning	low_association	1		plus	candidate_pending_human_review			USF Appendix A	USF:Cue_Target_Pairs.P-R:5578	pub	bar								0.273	0.014	3.5711834248548926	4.934399421604123	4.252791423229508	3	3		1	1																																	
CAND_MEANING_001168	Meaning	low_association	1		plus	candidate_pending_human_review			USF Appendix A	USF:Cue_Target_Pairs.G-K:7278	jeep	car								0.24	0.0	4.01176111088579	5.68400001932028	4.8478805651030346	3	3		1	1																																	
CAND_MEANING_001169	Meaning	low_association	1		plus	candidate_pending_human_review			USF Appendix A	USF:Cue_Target_Pairs.S:7376	strange	odd								0.142	0.116	4.936671409745792	4.38092029408446	4.6587958519151265	6	2		1	1																																	
CAND_MEANING_001170	Meaning	low_association	1		plus	candidate_pending_human_review			USF Appendix A	USF:Cue_Target_Pairs.A-B:2122	annihilate	destroy								0.232	0.028	2.848732324669351	4.673725446905889	3.76122888578762	7	6		4	2																																	
CAND_MEANING_001171	Meaning	low_association	1		plus	candidate_pending_human_review			USF Appendix A	USF:Cue_Target_Pairs.P-R:3298	poison	death								0.318	0.0	4.390034152776474	5.3358314028129445	4.862932777794709	5	3		2	1																																	
CAND_MEANING_001172	Meaning	low_association	1		plus	candidate_pending_human_review			USF Appendix A	USF:Cue_Target_Pairs.G-K:4166	hitchhike	thumb								0.203	0.061	2.973671061277651	4.072747136042215	3.523209098659933	6	3		2	1																																	
CAND_MEANING_001173	Meaning	low_association	1		plus	candidate_pending_human_review			USF Appendix A	USF:Cue_Target_Pairs.P-R:6756	rattle	baby								0.29	0.013	3.5279582708096124	5.707035536366613	4.617496903588113	5	4		2	2																																	
CAND_MEANING_001174	Meaning	low_association	1		plus	candidate_pending_human_review			USF Appendix A	USF:Cue_Target_Pairs.G-K:6791	intestine	stomach								0.311	0.05	3.0084331675368627	4.5292189233113564	3.7688260454241096	8	6		3	2																																	
CAND_MEANING_001175	Meaning	low_association	1		plus	candidate_pending_human_review			USF Appendix A	USF:Cue_Target_Pairs.G-K:5123	hungry	food								0.274	0.033	4.886932867722153	5.1887355313681445	5.0378341995451486	6	3		2	1																																	
CAND_MEANING_001176	Meaning	low_association	1		plus	candidate_pending_human_review			USF Appendix A	USF:Cue_Target_Pairs.T-Z:2028	toast	butter								0.164	0.024	4.524663345016798	4.31029754286557	4.417480443941184	4	4		1	2																																	
CAND_MEANING_001177	Meaning	low_association	1		plus	candidate_pending_human_review			USF Appendix A	USF:Cue_Target_Pairs.P-R:9188	rock	roll								0.224	0.083	4.935289876486555	4.801228789305968	4.868259332896262	3	3		1	1																																	
CAND_MEANING_001178	Meaning	low_association	1		plus	candidate_pending_human_review			USF Appendix A	USF:Cue_Target_Pairs.G-K:2005	gross	disgusting								0.193	0.455	4.183967281574628	4.425009671561801	4.304488476568214	4	9		1	3																																	
CAND_MEANING_001179	Meaning	low_association	1		plus	candidate_pending_human_review			USF Appendix A	USF:Cue_Target_Pairs.A-B:3241	athletic	sports								0.279	0.0	3.5868960500636566	4.44072392133681	4.013809985700233	7	6		3	1																																	
CAND_MEANING_001180	Meaning	low_association	1		plus	candidate_pending_human_review			USF Appendix A	USF:Cue_Target_Pairs.L-O:346	latch	key								0.386	0.0	3.2836558995945584	4.938833550125134	4.111244724859846	3	2		1	1																																	
CAND_MEANING_001181	Meaning	low_association	1		plus	candidate_pending_human_review			USF Appendix A	USF:Cue_Target_Pairs.C:3703	coffin	death								0.377	0.0	3.9561307492917117	5.3358314028129445	4.645981076052328	5	3		2	1																																	
CAND_MEANING_001182	Meaning	low_association	1		plus	candidate_pending_human_review			USF Appendix A	USF:Cue_Target_Pairs.A-B:687	adjourn	leave								0.201	0.0	3.1119737594439325	5.748735112296145	4.430354435870038	4	3		2	1																																	
CAND_MEANING_001183	Meaning	low_association	1		plus	candidate_pending_human_review			USF Appendix A	USF:Cue_Target_Pairs.D-F:8038	finger	hand								0.268	0.358	4.564271430438563	5.446610256013887	5.005440843226225	5	4		2	1																																	
CAND_MEANING_001184	Meaning	low_association	1		plus	candidate_pending_human_review			USF Appendix A	USF:Cue_Target_Pairs.L-O:7329	noose	hang								0.345	0.044	3.337752802688721	5.169513080552714	4.253632941620717	3	3		1	1																																	
CAND_MEANING_001185	Meaning	low_association	1		plus	candidate_pending_human_review			USF Appendix A	USF:Cue_Target_Pairs.P-R:5387	protein	meat								0.233	0.0	3.6541576599196564	4.639954983900753	4.147056321910204	6	3		2	1																																	
CAND_MEANING_001186	Meaning	low_association	1		plus	candidate_pending_human_review			USF Appendix A	USF:Cue_Target_Pairs.T-Z:7608	winding	road								0.257	0.015	3.2924298239020637	5.048989866908746	4.170709845405405	6	3		2	1																																	
CAND_MEANING_001187	Meaning	low_association	1		plus	candidate_pending_human_review			USF Appendix A	USF:Cue_Target_Pairs.C:2009	cheek	fat								0.291	0.0	3.8547226883585384	4.899992067085652	4.377357377722095	3	3		1	1																																	
CAND_MEANING_001188	Meaning	low_association	1		plus	candidate_pending_human_review			USF Appendix A	USF:Cue_Target_Pairs.A-B:6746	boring	dull								0.142	0.458	4.437936995311726	4.082010536066489	4.259973765689107	5	3		2	1																																	
CAND_MEANING_001189	Meaning	low_association	1		plus	candidate_pending_human_review			USF Appendix A	USF:Cue_Target_Pairs.P-R:3046	pluck	pick								0.143	0.0	3.364311831208189	5.297524498974612	4.330918165091401	4	3		1	1																																	
CAND_MEANING_001190	Meaning	low_association	1		plus	candidate_pending_human_review			USF Appendix A	USF:Cue_Target_Pairs.P-R:3977	pouch	pocket								0.236	0.0	3.231949076520682	4.552739769696983	3.892344423108833	3	5		1	2																																	
CAND_MEANING_001191	Meaning	low_association	1		plus	candidate_pending_human_review			USF Appendix A	USF:Cue_Target_Pairs.G-K:225	gate	fence								0.353	0.094	4.5056818760984605	4.205713725662482	4.355697800880471	3	4		1	1																																	
CAND_MEANING_001192	Meaning	low_association	1		plus	candidate_pending_human_review			USF Appendix A	USF:Cue_Target_Pairs.S:1140	screw	driver								0.302	0.0	4.573917711842145	4.675526753851158	4.6247222328466515	4	5		1	2																																	
CAND_MEANING_001193	Meaning	low_association	1		plus	candidate_pending_human_review			USF Appendix A	USF:Cue_Target_Pairs.C:6376	crease	fold								0.308	0.126	3.131278914639319	3.935882500388251	3.533580707513785	4	4		1	1																																	
CAND_MEANING_001194	Meaning	low_association	1		plus	candidate_pending_human_review			USF Appendix A	USF:Cue_Target_Pairs.T-Z:1889	timber	tree								0.282	0.0	3.3962335448580205	4.812913356642856	4.104573450750438	5	3		2	1																																	
CAND_MEANING_001195	Meaning	low_association	1		plus	candidate_pending_human_review			USF Appendix A	USF:Cue_Target_Pairs.T-Z:5500	verdict	decision								0.176	0.0	4.039064022839643	4.740826927359832	4.389945475099737	6	7		2	3																																	
CAND_MEANING_001196	Meaning	low_association	1		plus	candidate_pending_human_review			USF Appendix A	USF:Cue_Target_Pairs.P-R:254	pan	cook								0.155	0.0	4.08969736473278	4.6586659476203565	4.374181656176568	3	3		1	1																																	
CAND_MEANING_001197	Meaning	low_association	1		plus	candidate_pending_human_review			USF Appendix A	USF:Cue_Target_Pairs.G-K:4637	hormones	sex								0.288	0.0	3.5665876731657433	5.182347507338269	4.3744675902520065	7	4		2	1																																	
CAND_MEANING_001198	Meaning	low_association	1		plus	candidate_pending_human_review			USF Appendix A	USF:Cue_Target_Pairs.C:4802	confession	priest								0.164	0.0	4.2172258196999755	4.41823628204159	4.317731050870783	8	5		3	1																																	
CAND_MEANING_001199	Meaning	low_association	1		plus	candidate_pending_human_review			USF Appendix A	USF:Cue_Target_Pairs.G-K:1701	gravel	rocks								0.25	0.013	3.1557526840225196	4.359500679947434	3.757626681984977	6	4		2	1																																	
CAND_MEANING_001200	Meaning	low_association	1		plus	candidate_pending_human_review			USF Appendix A	USF:Cue_Target_Pairs.D-F:2951	dive	swim								0.152	0.117	4.108007572226331	4.502480673777201	4.305244123001766	3	4		1	1																																	
CAND_MEANING_001201	Meaning	low_association	1		plus	candidate_pending_human_review			USF Appendix A	USF:Cue_Target_Pairs.T-Z:8670	yummy	food								0.207	0.0	3.6503646709025173	5.1887355313681445	4.41955010113533	4	3		2	1																																	
CAND_MEANING_001202	Meaning	low_association	1		plus	candidate_pending_human_review			USF Appendix A	USF:Cue_Target_Pairs.L-O:6432	nails	hammer								0.269	0.0	4.0429382187534095	4.095886939550478	4.069412579151944	4	4		1	2																																	
CAND_MEANING_001203	Meaning	low_association	1		plus	candidate_pending_human_review			USF Appendix A	USF:Cue_Target_Pairs.L-O:6519	nasty	mean								0.2	0.103	4.353505147531855	6.0948135349808545	5.224159341256355	5	3		2	1																																	
CAND_MEANING_001204	Meaning	low_association	1		plus	candidate_pending_human_review			USF Appendix A	USF:Cue_Target_Pairs.A-B:4191	banana	apple								0.153	0.02	4.030417150235494	4.374137093999413	4.2022771221174535	6	4		3	2																																	
CAND_MEANING_001205	Meaning	low_association	1		plus	candidate_pending_human_review			USF Appendix A	USF:Cue_Target_Pairs.D-F:7073	famine	starve								0.206	0.0	3.2009148427807133	3.7893594719752786	3.4951371573779957	5	5		2	1																																	
CAND_MEANING_001206	Meaning	low_association	1		plus	candidate_pending_human_review			USF Appendix A	USF:Cue_Target_Pairs.G-K:6517	instrument	music								0.148	0.0	3.908379875558465	5.18083399163911	4.5446069335987875	10	6		3	2																																	
CAND_MEANING_001207	Meaning	low_association	1		plus	candidate_pending_human_review			USF Appendix A	USF:Cue_Target_Pairs.T-Z:6733	wasted	drunk								0.17	0.042	4.223887694591069	4.883939632896718	4.553913663743893	6	5		2	1																																	
CAND_MEANING_001208	Meaning	low_association	1		plus	candidate_pending_human_review			USF Appendix A	USF:Cue_Target_Pairs.A-B:1190	agenda	plan								0.143	0.0	3.864138655710751	5.163535524887649	4.5138370902992	6	4		3	1																																	
CAND_MEANING_001209	Meaning	low_association	1		plus	candidate_pending_human_review			USF Appendix A	USF:Cue_Target_Pairs.L-O:1678	lit	bright								0.144	0.0	3.987911500392261	4.647498030250914	4.317704765321587	3	4		1	1																																	
CAND_MEANING_001210	Meaning	low_association	1		plus	candidate_pending_human_review			USF Appendix A	USF:Cue_Target_Pairs.S:3194	simple	hard								0.216	0.0	4.950918205211081	5.488329476311297	5.219623840761189	6	4		2	1																																	
CAND_MEANING_001211	Meaning	low_association	1		plus	candidate_pending_human_review			USF Appendix A	USF:Cue_Target_Pairs.C:5476	cookie	jar								0.228	0.082	4.222869418668764	3.919795680494796	4.07133254958178	4	3		2	1																																	
CAND_MEANING_001212	Meaning	low_association	1		plus	candidate_pending_human_review			USF Appendix A	USF:Cue_Target_Pairs.T-Z:3199	trees	green								0.2	0.0	4.486944165784531	4.860161786450133	4.673552976117332	4	4		1	1																																	
CAND_MEANING_001213	Meaning	low_association	1		plus	candidate_pending_human_review			USF Appendix A	USF:Cue_Target_Pairs.D-F:8301	flakes	snow								0.224	0.0	3.2701534291909113	4.496278287648298	3.8832158584196046	5	3		1	1																																	
CAND_MEANING_001214	Meaning	low_association	1		plus	candidate_pending_human_review			USF Appendix A	USF:Cue_Target_Pairs.T-Z:2777	traffic	car								0.195	0.0	4.454994230425083	5.68400001932028	5.069497124872681	6	3		2	1																																	
CAND_MEANING_001215	Meaning	low_association	1		plus	candidate_pending_human_review			USF Appendix A	USF:Cue_Target_Pairs.D-F:10286	funeral	dead								0.142	0.03	4.521086782010999	5.652227374936464	5.086657078473731	7	3		3	1																																	
CAND_MEANING_001216	Meaning	low_association	1		plus	candidate_pending_human_review			USF Appendix A	USF:Cue_Target_Pairs.C:7448	cuss	swear								0.345	0.191	3.0248235837250323	4.945256126463068	3.9850398550940502	3	4		1	1																																	
CAND_MEANING_001217	Meaning	low_association	1		plus	candidate_pending_human_review			USF Appendix A	USF:Cue_Target_Pairs.S:1349	search	look								0.285	0.0	4.684598973391799	6.289427178890095	5.487013076140947	3	3		1	1																																	
CAND_MEANING_001218	Meaning	low_association	1		plus	candidate_pending_human_review			USF Appendix A	USF:Cue_Target_Pairs.P-R:5288	prose	poetry								0.193	0.034	2.973671061277651	4.126214198558543	3.549942629918097	4	6		1	3																																	
CAND_MEANING_001219	Meaning	low_association	1		plus	candidate_pending_human_review			USF Appendix A	USF:Cue_Target_Pairs.D-F:6289	expense	money								0.37	0.0	3.872213420518874	5.806698582254281	4.839456001386577	7	4		2	2																																	
CAND_MEANING_001220	Meaning	low_association	1		plus	candidate_pending_human_review			USF Appendix A	USF:Cue_Target_Pairs.T-Z:8352	wrist	hand								0.196	0.0	4.0142404391146105	5.446610256013887	4.730425347564249	4	4		1	1																																	
CAND_MEANING_001221	Meaning	low_association	1		plus	candidate_pending_human_review			USF Appendix A	USF:Cue_Target_Pairs.T-Z:5031	vacuum	suck								0.222	0.0	3.760777154314221	4.542605771985989	4.1516914631501045	6	3		2	1																																	
CAND_MEANING_001222	Meaning	low_association	1		plus	candidate_pending_human_review			USF Appendix A	USF:Cue_Target_Pairs.T-Z:323	tantrum	temper								0.209	0.229	2.9456423376774072	4.057352808551952	3.50149757311468	7	5		2	2																																	
CAND_MEANING_001223	Meaning	low_association	1		plus	candidate_pending_human_review			USF Appendix A	USF:Cue_Target_Pairs.L-O:5623	moonlight	night								0.203	0.0	3.8414330859278514	5.937537558034146	4.889485321980999	6	3		2	1																																	
CAND_MEANING_001224	Meaning	low_association	1		plus	candidate_pending_human_review			USF Appendix A	USF:Cue_Target_Pairs.D-F:3599	drama	act								0.2	0.061	4.304422938561321	5.037894992572791	4.671158965567056	5	3		2	1																																	
CAND_MEANING_001225	Meaning	low_association	1		plus	candidate_pending_human_review			USF Appendix A	USF:Cue_Target_Pairs.G-K:6217	injection	needle								0.331	0.0	3.6167122791997564	4.076333403174798	3.8465228411872774	8	5		3	2																																	
CAND_MEANING_001226	Meaning	low_association	1		plus	candidate_pending_human_review			USF Appendix A	USF:Cue_Target_Pairs.S:8321	sum	add								0.284	0.017	4.0109315127693375	4.519287394190787	4.265109453480062	3	2		1	1																																	
CAND_MEANING_001227	Meaning	low_association	1		plus	candidate_pending_human_review			USF Appendix A	USF:Cue_Target_Pairs.S:4525	snotty	snob								0.217	0.049	3.105343180544919	3.337752802688721	3.22154799161682	5	4		2	1																																	
CAND_MEANING_001228	Meaning	low_association	1		plus	candidate_pending_human_review			USF Appendix A	USF:Cue_Target_Pairs.A-B:1554	allegiance	flag								0.291	0.0	3.493826948222515	4.2427946782781865	3.8683108132503508	7	4		3	1																																	
CAND_MEANING_001229	Meaning	low_association	1		plus	candidate_pending_human_review			USF Appendix A	USF:Cue_Target_Pairs.G-K:1891	grill	hamburger								0.224	0.0	3.6484556810951863	3.8912203306651785	3.7698380058801826	4	7		1	3																																	
CAND_MEANING_001230	Meaning	low_association	1		plus	candidate_pending_human_review			USF Appendix A	USF:Cue_Target_Pairs.T-Z:7417	wicked	evil								0.293	0.048	4.123659517769127	4.864255072942893	4.49395729535601	5	4		2	2																																	
CAND_MEANING_001231	Meaning	low_association	1		plus	candidate_pending_human_review			USF Appendix A	USF:Cue_Target_Pairs.D-F:8777	flutter	butterfly								0.179	0.012	2.935882500388251	3.7411361438071435	3.338509322097697	5	7		2	3																																	
CAND_MEANING_001232	Meaning	low_association	1		plus	candidate_pending_human_review			USF Appendix A	USF:Cue_Target_Pairs.G-K:3950	highway	road								0.345	0.061	4.251948200875062	5.048989866908746	4.650469033891904	4	3		2	1																																	
CAND_MEANING_001233	Meaning	low_association	1		plus	candidate_pending_human_review			USF Appendix A	USF:Cue_Target_Pairs.T-Z:1734	thumb	finger								0.257	0.141	4.072747136042215	4.564271430438563	4.318509283240389	3	5		1	2																																	
CAND_MEANING_001234	Meaning	low_association	1		plus	candidate_pending_human_review			USF Appendix A	USF:Cue_Target_Pairs.D-F:607	decision	choice								0.296	0.305	4.740826927359832	4.989222908983808	4.8650249181718195	7	3		3	1																																	
CAND_MEANING_001235	Meaning	low_association	1		plus	candidate_pending_human_review			USF Appendix A	USF:Cue_Target_Pairs.S:6277	stairs	climb								0.225	0.0	4.3759324437323315	4.295459294455682	4.335695869094007	5	4		1	1																																	
CAND_MEANING_001236	Meaning	low_association	1		plus	candidate_pending_human_review			USF Appendix A	USF:Cue_Target_Pairs.G-K:3346	heading	title								0.267	0.026	4.524663345016798	4.268779802905337	4.396721573961067	5	5		2	2																																	
CAND_MEANING_001237	Meaning	low_association	1		plus	candidate_pending_human_review			USF Appendix A	USF:Cue_Target_Pairs.A-B:676	adjective	noun								0.333	0.038	2.6903698325741012	2.723793588061051	2.707081710317576	7	3		3	1																																	
CAND_MEANING_001238	Meaning	low_association	1		plus	candidate_pending_human_review			USF Appendix A	USF:Cue_Target_Pairs.G-K:1337	governor	state								0.212	0.0	4.428833272036053	5.032792513396307	4.73081289271618	6	4		3	1																																	
CAND_MEANING_001239	Meaning	low_association	1		plus	candidate_pending_human_review			USF Appendix A	USF:Cue_Target_Pairs.L-O:5082	missing	found								0.199	0.0	4.944095427824999	5.597695185925512	5.270895306875255	5	4		2	1																																	
CAND_MEANING_001240	Meaning	low_association	1		plus	candidate_pending_human_review			USF Appendix A	USF:Cue_Target_Pairs.P-R:9390	root	tree								0.353	0.0	4.01997108093062	4.812913356642856	4.416442218786738	3	3		1	1																																	
CAND_MEANING_001241	Meaning	low_association	1		plus	candidate_pending_human_review			USF Appendix A	USF:Cue_Target_Pairs.C:168	calculate	math								0.273	0.0	3.3177356891668337	4.21463610134108	3.766185895253957	9	3		3	1																																	
CAND_MEANING_001242	Meaning	low_association	1		plus	candidate_pending_human_review			USF Appendix A	USF:Cue_Target_Pairs.T-Z:259	tan	sun								0.162	0.173	3.934894344144185	4.843025031391392	4.388959687767788	3	3		1	1																																	
CAND_MEANING_001243	Meaning	low_association	1		plus	candidate_pending_human_review			USF Appendix A	USF:Cue_Target_Pairs.L-O:8660	organ	donor								0.19	0.063	3.8606315479690587	3.6104931588648252	3.7355623534169418	5	4		2	2																																	
CAND_MEANING_001244	Meaning	low_association	1		plus	candidate_pending_human_review			USF Appendix A	USF:Cue_Target_Pairs.T-Z:3962	twist	turn								0.275	0.05	4.100640796826285	5.486388801921251	4.793514799373768	5	3		1	1																																	
CAND_MEANING_001245	Meaning	low_association	1		plus	candidate_pending_human_review			USF Appendix A	USF:Cue_Target_Pairs.T-Z:5916	visitor	friend								0.189	0.0	3.941764682614205	5.6225187696505445	4.782141726132375	6	5		3	1																																	
CAND_MEANING_001246	Meaning	low_association	1		plus	candidate_pending_human_review			USF Appendix A	USF:Cue_Target_Pairs.T-Z:1540	thirst	hunger								0.179	0.082	3.5711834248548926	3.769551078621726	3.670367251738309	4	5		1	2																																	
CAND_MEANING_001247	Meaning	low_association	1		plus	candidate_pending_human_review			USF Appendix A	USF:Cue_Target_Pairs.G-K:53	gallon	milk								0.297	0.0	3.3568878131289823	4.628689375916257	3.9927885945226196	5	4		2	1																																	
CAND_MEANING_001248	Meaning	low_association	1		plus	candidate_pending_human_review			USF Appendix A	USF:Cue_Target_Pairs.T-Z:8057	work	hard								0.143	0.013	5.902013562370102	5.488329476311297	5.6951715193406995	3	4		1	1																																	
CAND_MEANING_001249	Meaning	low_association	1		plus	candidate_pending_human_review			USF Appendix A	USF:Cue_Target_Pairs.T-Z:2165	toll	money								0.216	0.0	3.5254259342942174	5.806698582254281	4.666062258274249	3	4		1	2																																	
CAND_MEANING_001250	Meaning	low_association	1		plus	candidate_pending_human_review			USF Appendix A	USF:Cue_Target_Pairs.A-B:4651	bath	clean								0.242	0.0	4.493006750656912	5.083629070400939	4.788317910528925	3	4		1	1																																	
CAND_MEANING_001251	Meaning	low_association	1		plus	candidate_pending_human_review			USF Appendix A	USF:Cue_Target_Pairs.C:1386	cell	jail								0.243	0.071	4.735223049841833	4.848973532385578	4.792098291113706	3	3		1	1																																	
CAND_MEANING_001252	Meaning	low_association	1		plus	candidate_pending_human_review			USF Appendix A	USF:Cue_Target_Pairs.D-F:371	dawn	morning								0.206	0.014	4.40670712046365	5.642464520242122	5.024585820352886	3	6		1	2																																	
CAND_MEANING_001253	Meaning	low_association	1		plus	candidate_pending_human_review			USF Appendix A	USF:Cue_Target_Pairs.L-O:3034	manufacture	make								0.275	0.011	3.385851509064299	6.142309701939205	4.764080605501752	10	3		4	1																																	
CAND_MEANING_001254	Meaning	low_association	1		plus	candidate_pending_human_review			USF Appendix A	USF:Cue_Target_Pairs.S:8323	sum	money								0.169	0.0	4.0109315127693375	5.806698582254281	4.908815047511809	3	4		1	2																																	
CAND_MEANING_001255	Meaning	low_association	1		plus	candidate_pending_human_review			USF Appendix A	USF:Cue_Target_Pairs.T-Z:7735	wisdom	smart								0.21	0.0	4.044478271721502	4.983422856001933	4.513950563861718	6	5		2	1																																	
CAND_MEANING_001256	Meaning	low_association	1		plus	candidate_pending_human_review			USF Appendix A	USF:Cue_Target_Pairs.S:6993	stiff	hard								0.302	0.0	4.0109315127693375	5.488329476311297	4.749630494540318	4	4		1	1																																	
CAND_MEANING_001257	Meaning	low_association	1		plus	candidate_pending_human_review			USF Appendix A	USF:Cue_Target_Pairs.S:3189	similar	alike								0.224	0.204	4.134414628492177	4.0551083876295	4.094761508060838	6	4		3	2																																	
CAND_MEANING_001258	Meaning	low_association	1		plus	candidate_pending_human_review			USF Appendix A	USF:Cue_Target_Pairs.T-Z:3218	trench	coat								0.256	0.0	3.4883294763112973	4.624059541531996	4.056194508921647	5	3		1	1																																	
CAND_MEANING_001259	Meaning	low_association	1		plus	candidate_pending_human_review			USF Appendix A	USF:Cue_Target_Pairs.C:2762	circle	round								0.199	0.197	4.332636451476775	4.823013683547181	4.577825067511978	5	4		2	1																																	
CAND_MEANING_001260	Meaning	low_association	1		plus	candidate_pending_human_review			USF Appendix A	USF:Cue_Target_Pairs.A-B:2502	apple	red								0.208	0.0	4.374137093999413	5.170434294170089	4.772285694084751	4	3		2	1																																	
CAND_MEANING_001261	Meaning	low_association	1		plus	candidate_pending_human_review			USF Appendix A	USF:Cue_Target_Pairs.S:9072	symbol	sign								0.186	0.0	3.933903934406163	5.124747093824325	4.529325514115245	6	3		2	1																																	
CAND_MEANING_001262	Meaning	low_association	1		plus	candidate_pending_human_review			USF Appendix A	USF:Cue_Target_Pairs.A-B:704	adjustment	fix								0.196	0.0	3.4910869108564864	4.938441233493303	4.214764072174894	9	4		3	1																																	
CAND_MEANING_001263	Meaning	low_association	1		plus	candidate_pending_human_review			USF Appendix A	USF:Cue_Target_Pairs.T-Z:1748	tick	flea								0.256	0.281	3.8606315479690587	3.520316528515737	3.6904740382423977	3	3		1	1																																	
CAND_MEANING_001264	Meaning	low_association	1		plus	candidate_pending_human_review			USF Appendix A	USF:Cue_Target_Pairs.T-Z:3610	tuba	instrument								0.248	0.013	3.0777596589128304	3.908379875558465	3.4930697672356477	4	10		2	3																																	
CAND_MEANING_001265	Meaning	low_association	1		plus	candidate_pending_human_review			USF Appendix A	USF:Cue_Target_Pairs.A-B:8090	bun	hamburger								0.193	0.129	3.4597471586502397	3.8912203306651785	3.675483744657709	3	7		1	3																																	
CAND_MEANING_001266	Meaning	low_association	1		plus	candidate_pending_human_review			USF Appendix A	USF:Cue_Target_Pairs.S:3344	sinus	nose								0.286	0.0	3.2418198305469765	4.843513689087844	4.04266675981741	5	3		2	1																																	
CAND_MEANING_001267	Meaning	low_association	1		plus	candidate_pending_human_review			USF Appendix A	USF:Cue_Target_Pairs.C:6469	creature	animal								0.266	0.0	4.330652462270782	4.657917808792964	4.494285135531873	5	6		2	3																																	
CAND_MEANING_001268	Meaning	low_association	1		plus	candidate_pending_human_review			USF Appendix A	USF:Cue_Target_Pairs.D-F:8700	flu	cold								0.155	0.027	3.9398127940166834	5.114467071974649	4.5271399329956665	3	4		1	1																																	
CAND_MEANING_001269	Meaning	low_association	1		plus	candidate_pending_human_review			USF Appendix A	USF:Cue_Target_Pairs.G-K:3075	hatch	back								0.162	0.0	4.108007572226331	6.303013845143055	5.2055107086846935	3	3		1	1																																	
CAND_MEANING_001270	Meaning	low_association	1		plus	candidate_pending_human_review			USF Appendix A	USF:Cue_Target_Pairs.A-B:7615	broke	fix								0.149	0.0	5.021189299069938	4.938441233493303	4.979815266281621	4	4		1	1																																	
CAND_MEANING_001271	Meaning	low_association	1		plus	candidate_pending_human_review			USF Appendix A	USF:Cue_Target_Pairs.P-R:824	pasta	spaghetti								0.243	0.078	3.6268835750529944	3.7724367668592143	3.699660170956104	5	7		2	3																																	
CAND_MEANING_001272	Meaning	low_association	1		plus	candidate_pending_human_review			USF Appendix A	USF:Cue_Target_Pairs.T-Z:1147	testify	witness								0.171	0.041	4.15216839009921	4.710896844848664	4.431532617473938	7	6		3	2																																	
CAND_MEANING_001273	Meaning	low_association	1		plus	candidate_pending_human_review			USF Appendix A	USF:Cue_Target_Pairs.T-Z:593	teapot	tea								0.182	0.0	2.935882500388251	4.768101012226493	3.8519917563073722	5	2		2	1																																	
CAND_MEANING_001274	Meaning	low_association	1		plus	candidate_pending_human_review			USF Appendix A	USF:Cue_Target_Pairs.T-Z:5517	verse	song								0.231	0.0	3.6690067809585756	4.971675969315923	4.320341375137249	3	3		1	1																																	
CAND_MEANING_001275	Meaning	low_association	1		plus	candidate_pending_human_review			USF Appendix A	USF:Cue_Target_Pairs.T-Z:2348	toothbrush	teeth								0.25	0.0	3.6989700043360187	4.679819650240793	4.189394827288406	7	3		2	1																																	
CAND_MEANING_001276	Meaning	low_association	1		plus	candidate_pending_human_review			USF Appendix A	USF:Cue_Target_Pairs.C:5132	construction	build								0.333	0.0	4.141234524953868	4.681950289748441	4.411592407351154	11	4		3	1																																	
CAND_MEANING_001277	Meaning	low_association	1		plus	candidate_pending_human_review			USF Appendix A	USF:Cue_Target_Pairs.L-O:472	lawn	mower								0.185	0.658	4.091770373355645	3.167491087293764	3.6296307303247044	3	3		1	2																																	
CAND_MEANING_001278	Meaning	low_association	1		plus	candidate_pending_human_review			USF Appendix A	USF:Cue_Target_Pairs.L-O:2478	luxury	money								0.165	0.013	3.7795681993792503	5.806698582254281	4.793133390816766	6	4		3	2																																	
CAND_MEANING_001279	Meaning	low_association	1		plus	candidate_pending_human_review			USF Appendix A	USF:Cue_Target_Pairs.G-K:2452	habit	bad								0.152	0.0	4.160486185725105	5.736537103739664	4.948511644732385	5	3		2	1																																	
CAND_MEANING_001280	Meaning	low_association	1		plus	candidate_pending_human_review			USF Appendix A	USF:Cue_Target_Pairs.D-F:2075	diner	food								0.318	0.0	4.093146902184449	5.1887355313681445	4.640941216776296	4	3		2	1																																	
CAND_MEANING_001281	Meaning	low_association	1		plus	candidate_pending_human_review			USF Appendix A	USF:Cue_Target_Pairs.S:3024	siding	house								0.27	0.0	3.1249387366083	5.710963118995275	4.417950927801788	5	3		2	1																																	
CAND_MEANING_001282	Meaning	low_association	1		plus	candidate_pending_human_review			USF Appendix A	USF:Cue_Target_Pairs.P-R:4562	price	money								0.242	0.0	4.727317944769379	5.806698582254281	5.26700826351183	4	4		1	2																																	
CAND_MEANING_001283	Meaning	low_association	1		plus	candidate_pending_human_review			USF Appendix A	USF:Cue_Target_Pairs.L-O:717	learner	student								0.384	0.071	3.0777596589128304	4.633864348480204	3.855812003696517	4	7		2	2																																	
CAND_MEANING_001284	Meaning	low_association	1		plus	candidate_pending_human_review			USF Appendix A	USF:Cue_Target_Pairs.D-F:4762	electric	light								0.151	0.0	4.2339412565364665	5.21799973344544	4.725970494990953	8	3		3	1																																	
CAND_MEANING_001285	Meaning	low_association	1		plus	candidate_pending_human_review			USF Appendix A	USF:Cue_Target_Pairs.L-O:331	lasting	forever								0.224	0.027	3.3716110699496884	4.948432144585021	4.160021607267355	6	5		2	3																																	
CAND_MEANING_001286	Meaning	low_association	1		plus	candidate_pending_human_review			USF Appendix A	USF:Cue_Target_Pairs.G-K:8273	knees	legs								0.32	0.02	4.413003755107914	4.744982887130989	4.578993321119452	3	4		1	1																																	
CAND_MEANING_001287	Meaning	low_association	1		plus	candidate_pending_human_review			USF Appendix A	USF:Cue_Target_Pairs.D-F:3264	donor	give								0.175	0.0	3.6104931588648252	6.067377221207055	4.83893519003594	4	3		2	1																																	
CAND_MEANING_001288	Meaning	low_association	1		plus	candidate_pending_human_review			USF Appendix A	USF:Cue_Target_Pairs.A-B:6563	bondage	sex								0.146	0.0	3.231949076520682	5.182347507338269	4.207148291929475	6	4		2	1																																	
CAND_MEANING_001289	Meaning	low_association	1		plus	candidate_pending_human_review			USF Appendix A	USF:Cue_Target_Pairs.G-K:2518	hairspray	sticky								0.241	0.0	2.872213420518874	3.7578126753504817	3.315013047934678	7	5		2	2																																	
CAND_MEANING_001290	Meaning	low_association	1		plus	candidate_pending_human_review			USF Appendix A	USF:Cue_Target_Pairs.T-Z:4060	typist	secretary								0.39	0.034	2.915679114299964	4.521343229896752	3.718511172098358	6	9		2	4																																	
CAND_MEANING_001291	Meaning	low_association	1		plus	candidate_pending_human_review			USF Appendix A	USF:Cue_Target_Pairs.L-O:7010	never	ever								0.141	0.245	6.134352135581515	5.850778332663683	5.9925652341225994	4	3		2	2																																	
CAND_MEANING_001292	Meaning	low_association	1		plus	candidate_pending_human_review			USF Appendix A	USF:Cue_Target_Pairs.A-B:3927	bacteria	fungus								0.141	0.042	3.482761522072355	3.3416478465722452	3.4122046843223	8	6		4	2																																	
CAND_MEANING_001293	Meaning	low_association	1		plus	candidate_pending_human_review			USF Appendix A	USF:Cue_Target_Pairs.T-Z:4934	used	car								0.155	0.0	5.53673169012324	5.68400001932028	5.61036585472176	4	3		1	1																																	
CAND_MEANING_001294	Meaning	low_association	1		plus	candidate_pending_human_review			USF Appendix A	USF:Cue_Target_Pairs.T-Z:6287	waiter	waitress								0.311	0.232	4.12044488812604	4.061807149978202	4.091126019052121	4	6		2	2																																	
CAND_MEANING_001295	Meaning	low_association	1		plus	candidate_pending_human_review			USF Appendix A	USF:Cue_Target_Pairs.S:5866	spouse	wife								0.267	0.047	3.2792015581683085	5.5427278162419285	4.4109646872051185	4	3		1	1																																	
CAND_MEANING_001296	Meaning	low_association	1		plus	candidate_pending_human_review			USF Appendix A	USF:Cue_Target_Pairs.S:6044	squeal	tell								0.182	0.0	3.425968732272281	6.236660729697238	4.83131473098476	5	3		1	1																																	
CAND_MEANING_001297	Meaning	low_association	1		plus	candidate_pending_human_review			USF Appendix A	USF:Cue_Target_Pairs.L-O:3943	medal	honor								0.156	0.02	4.063281835544208	4.983688182035175	4.523485008789692	5	3		2	2																																	
CAND_MEANING_001298	Meaning	low_association	1		plus	candidate_pending_human_review			USF Appendix A	USF:Cue_Target_Pairs.S:6468	staple	paper								0.283	0.0	3.048304679574555	5.014322840117021	4.031313759845788	6	4		2	2																																	
CAND_MEANING_001299	Meaning	low_association	1		plus	candidate_pending_human_review			USF Appendix A	USF:Cue_Target_Pairs.T-Z:6313	wake	sleep								0.278	0.0	5.0220804922379845	5.357822785464055	5.18995163885102	3	4		1	1																																	
CAND_MEANING_001300	Meaning	low_association	1		plus	candidate_pending_human_review			USF Appendix A	USF:Cue_Target_Pairs.L-O:1969	log	wood								0.279	0.03	4.07775965891283	4.431363764158988	4.254561711535909	3	3		1	1																																	
CAND_MEANING_001301	Meaning	low_association	1		plus	candidate_pending_human_review			USF Appendix A	USF:Cue_Target_Pairs.T-Z:2042	toaster	toast								0.237	0.012	3.5890950141635947	4.524663345016798	4.056879179590196	5	4		2	1																																	
CAND_MEANING_001302	Meaning	low_association	1		plus	candidate_pending_human_review			USF Appendix A	USF:Cue_Target_Pairs.A-B:1345	aids	disease								0.329	0.153	3.0248235837250323	4.417911089602658	3.721367336663845	3	5		1	2																																	
CAND_MEANING_001303	Meaning	low_association	1		plus	candidate_pending_human_review			USF Appendix A	USF:Cue_Target_Pairs.L-O:5396	monarch	ruler								0.143	0.0	2.915679114299964	3.5019448384446945	3.2088119763723295	6	4		2	2																																	
CAND_MEANING_001304	Meaning	low_association	1		plus	candidate_pending_human_review			USF Appendix A	USF:Cue_Target_Pairs.D-F:9660	freckle	spot								0.162	0.0	2.769551078621726	4.789359471975279	3.7794552752985022	6	4		2	1																																	
CAND_MEANING_001305	Meaning	low_association	1		plus	candidate_pending_human_review			USF Appendix A	USF:Cue_Target_Pairs.L-O:7675	nursery	rhyme								0.153	0.062	3.6084001693589816	3.644612342013426	3.6265062556862038	5	3		3	1																																	
CAND_MEANING_001306	Meaning	low_association	1		plus	candidate_pending_human_review			USF Appendix A	USF:Cue_Target_Pairs.P-R:7605	relationship	love								0.266	0.0	4.8305006109452355	6.047267230027272	5.438883920486253	10	3		4	1																																	
CAND_MEANING_001307	Meaning	low_association	1		plus	candidate_pending_human_review			USF Appendix A	USF:Cue_Target_Pairs.T-Z:6227	wage	salary								0.229	0.082	3.493826948222515	4.0312103823864325	3.7625186653044738	3	5		1	3																																	
CAND_MEANING_001308	Meaning	low_association	1		plus	candidate_pending_human_review			USF Appendix A	USF:Cue_Target_Pairs.G-K:3498	heater	warm								0.253	0.0	3.4354446241561587	4.717148161233631	4.0762963926948945	4	4		2	1																																	
CAND_MEANING_001309	Meaning	low_association	1		plus	candidate_pending_human_review			USF Appendix A	USF:Cue_Target_Pairs.D-F:8	dagger	sword								0.147	0.026	3.6921035453831017	4.417911089602658	4.05500731749288	4	4		2	1																																	
CAND_MEANING_001310	Meaning	low_association	1		plus	candidate_pending_human_review			USF Appendix A	USF:Cue_Target_Pairs.C:5164	consumer	buyer								0.292	0.0	3.3177356891668337	3.7140337507718946	3.515884719969364	7	3		3	2																																	
CAND_MEANING_001311	Meaning	low_association	1		plus	candidate_pending_human_review			USF Appendix A	USF:Cue_Target_Pairs.G-K:6988	irritating	annoying								0.257	0.086	3.337752802688721	4.046012882794971	3.6918828427418457	8	5		4	3																																	
CAND_MEANING_001312	Meaning	low_association	1		plus	candidate_pending_human_review			USF Appendix A	USF:Cue_Target_Pairs.C:3492	coach	team								0.283	0.016	4.677857338707194	5.169109434321264	4.92348338651423	3	3		1	1																																	
CAND_MEANING_001313	Meaning	low_association	1		plus	candidate_pending_human_review			USF Appendix A	USF:Cue_Target_Pairs.S:8179	suede	shoes								0.24	0.0	3.256217651247619	4.870151348411085	4.063184499829352	4	3		1	1																																	
CAND_MEANING_001314	Meaning	low_association	1		plus	candidate_pending_human_review			USF Appendix A	USF:Cue_Target_Pairs.P-R:7262	recreation	play								0.263	0.013	3.2701534291909113	5.549652270089638	4.409902849640274	9	3		4	1																																	
CAND_MEANING_001315	Meaning	low_association	1		plus	candidate_pending_human_review			USF Appendix A	USF:Cue_Target_Pairs.S:3025	siding	aluminum								0.197	0.055	3.1249387366083	3.353127664255675	3.2390332004319875	5	8		2	4																																	
CAND_MEANING_001316	Meaning	low_association	1		plus	candidate_pending_human_review			USF Appendix A	USF:Cue_Target_Pairs.S:6977	sticky	glue								0.185	0.371	3.7578126753504817	3.769551078621726	3.763681876986104	5	3		2	1																																	
CAND_MEANING_001317	Meaning	low_association	1		plus	candidate_pending_human_review			USF Appendix A	USF:Cue_Target_Pairs.A-B:374	ache	hurt								0.153	0.0	3.3962335448580205	5.391557751628531	4.393895648243276	2	3		1	1																																	
CAND_MEANING_001318	Meaning	low_association	1		plus	candidate_pending_human_review			USF Appendix A	USF:Cue_Target_Pairs.S:8377	sun	tan								0.173	0.162	4.843025031391392	3.934894344144185	4.388959687767788	3	3		1	1																																	
CAND_MEANING_001319	Meaning	low_association	1		plus	candidate_pending_human_review			USF Appendix A	USF:Cue_Target_Pairs.S:4845	solve	mystery								0.199	0.086	4.289816208299377	4.360986718974427	4.3254014636369025	4	6		1	3																																	
CAND_MEANING_001320	Meaning	low_association	1		plus	candidate_pending_human_review			USF Appendix A	USF:Cue_Target_Pairs.T-Z:493	tavern	pub								0.259	0.0	3.4910869108564864	3.5711834248548926	3.5311351678556893	5	3		2	1																																	
CAND_MEANING_001321	Meaning	low_association	1		plus	candidate_pending_human_review			USF Appendix A	USF:Cue_Target_Pairs.P-R:7860	remorse	sad								0.205	0.0	3.479950544738527	4.801901176004613	4.14092586037157	6	3		2	1																																	
CAND_MEANING_001322	Meaning	low_association	1		plus	candidate_pending_human_review			USF Appendix A	USF:Cue_Target_Pairs.T-Z:5032	vacuum	clean								0.208	0.0	3.760777154314221	5.083629070400939	4.42220311235758	6	4		2	1																																	
CAND_MEANING_001323	Meaning	low_association	1		plus	candidate_pending_human_review			USF Appendix A	USF:Cue_Target_Pairs.L-O:6977	neutral	middle								0.142	0.0	3.624868283817669	4.950345760732019	4.287607022274845	6	5		2	2																																	
CAND_MEANING_001324	Meaning	low_association	1		plus	candidate_pending_human_review			USF Appendix A	USF:Cue_Target_Pairs.D-F:3175	domain	range								0.174	0.026	3.4130037551079138	4.357262043640637	3.8851328993742755	5	4		2	1																																	
CAND_MEANING_001325	Meaning	low_association	1		plus	candidate_pending_human_review			USF Appendix A	USF:Cue_Target_Pairs.S:2137	shade	tree								0.269	0.041	3.775303407510817	4.812913356642856	4.294108382076836	3	3		1	1																																	
CAND_MEANING_001326	Meaning	low_association	1		plus	candidate_pending_human_review			USF Appendix A	USF:Cue_Target_Pairs.D-F:5814	evening	morning								0.141	0.047	5.081657881169399	5.642464520242122	5.36206120070576	5	6		2	2																																	
CAND_MEANING_001327	Meaning	low_association	1		plus	candidate_pending_human_review			USF Appendix A	USF:Cue_Target_Pairs.D-F:766	defeat	lose								0.289	0.014	4.055857817465001	5.21577748039989	4.635817648932445	5	3		2	1																																	
CAND_MEANING_001328	Meaning	low_association	1		plus	candidate_pending_human_review			USF Appendix A	USF:Cue_Target_Pairs.A-B:6341	blur	vision								0.146	0.016	3.329856321842687	4.37807711219892	3.8539667170208034	3	5		1	2																																	
CAND_MEANING_001329	Meaning	low_association	1		plus	candidate_pending_human_review			USF Appendix A	USF:Cue_Target_Pairs.C:7043	crutch	leg								0.158	0.0	3.11850462660289	4.752123800380034	3.9353142134914623	4	3		1	1																																	
CAND_MEANING_001330	Meaning	low_association	1		plus	candidate_pending_human_review			USF Appendix A	USF:Cue_Target_Pairs.L-O:8475	opportunity	chance								0.25	0.141	4.6127838567197355	5.38244084790921	4.997612352314473	9	4		5	1																																	
CAND_MEANING_001331	Meaning	low_association	1		plus	candidate_pending_human_review			USF Appendix A	USF:Cue_Target_Pairs.C:7367	curtain	window								0.189	0.038	4.01258912730802	4.9344984512435675	4.473543789275794	5	5		2	2																																	
CAND_MEANING_001332	Meaning	low_association	1		plus	candidate_pending_human_review			USF Appendix A	USF:Cue_Target_Pairs.T-Z:7920	wonder	think								0.185	0.011	5.068113072928107	6.42997698247318	5.749045027700644	5	4		2	1																																	
CAND_MEANING_001333	Meaning	low_association	1		plus	candidate_pending_human_review			USF Appendix A	USF:Cue_Target_Pairs.T-Z:6417	walnut	nut								0.17	0.041	3.2924298239020637	4.193888145298176	3.74315898460012	6	3		2	1																																	
CAND_MEANING_001334	Meaning	low_association	1		plus	candidate_pending_human_review			USF Appendix A	USF:Cue_Target_Pairs.L-O:523	lay	sleep								0.2	0.0	4.7651862732192765	5.357822785464055	5.061504529341666	2	4		1	1																																	
CAND_MEANING_001335	Meaning	low_association	1		plus	candidate_pending_human_review			USF Appendix A	USF:Cue_Target_Pairs.G-K:8176	kitchen	cook								0.183	0.016	4.765770788087999	4.6586659476203565	4.712218367854177	5	3		2	1																																	
CAND_MEANING_001336	Meaning	low_association	1		plus	candidate_pending_human_review			USF Appendix A	USF:Cue_Target_Pairs.D-F:7454	feast	eat								0.236	0.0	3.8264559299581986	5.4011977415801455	4.6138268357691725	4	2		1	1																																	
CAND_MEANING_001337	Meaning	low_association	1		plus	candidate_pending_human_review			USF Appendix A	USF:Cue_Target_Pairs.P-R:498	pardon	me								0.163	0.0	4.810548771045217	6.965763199974124	5.888155985509671	6	2		2	1																																	
CAND_MEANING_001338	Meaning	low_association	1		plus	candidate_pending_human_review			USF Appendix A	USF:Cue_Target_Pairs.L-O:8091	offend	hurt								0.322	0.0	3.7173114605331308	5.391557751628531	4.5544346060808305	5	3		2	1																																	
CAND_MEANING_001339	Meaning	low_association	1		plus	candidate_pending_human_review			USF Appendix A	USF:Cue_Target_Pairs.L-O:4984	mischief	trouble								0.303	0.0	3.3218136015872735	5.349372769574941	4.335593185581107	6	6		2	2																																	
CAND_MEANING_001340	Meaning	low_association	1		plus	candidate_pending_human_review			USF Appendix A	USF:Cue_Target_Pairs.G-K:4627	horizon	sunset								0.155	0.0	3.6503646709025173	4.013415568055803	3.83189011947916	6	6		3	2																																	
CAND_MEANING_001341	Meaning	low_association	1		plus	candidate_pending_human_review			USF Appendix A	USF:Cue_Target_Pairs.C:410	cancer	disease								0.23	0.035	4.348953547981164	4.417911089602658	4.383432318791911	5	5		2	2																																	
CAND_MEANING_001342	Meaning	low_association	1		plus	candidate_pending_human_review			USF Appendix A	USF:Cue_Target_Pairs.P-R:5798	punish	hurt								0.178	0.0	3.9852767431792935	5.391557751628531	4.688417247403912	5	3		2	1																																	
CAND_MEANING_001343	Meaning	low_association	1		plus	candidate_pending_human_review			USF Appendix A	USF:Cue_Target_Pairs.G-K:6005	industry	factory								0.153	0.056	4.0676760836423	4.225410645825262	4.14654336473378	8	6		3	3																																	
CAND_MEANING_001344	Meaning	low_association	1		plus	candidate_pending_human_review			USF Appendix A	USF:Cue_Target_Pairs.S:1567	see	look								0.239	0.678	6.407684101318111	6.289427178890095	6.348555640104102	2	3		1	1																																	
CAND_MEANING_001345	Meaning	low_association	1		plus	candidate_pending_human_review			USF Appendix A	USF:Cue_Target_Pairs.P-R:2660	plant	green								0.256	0.0	4.441032478708157	4.860161786450133	4.650597132579145	5	4		1	1																																	
CAND_MEANING_001346	Meaning	low_association	1		plus	candidate_pending_human_review			USF Appendix A	USF:Cue_Target_Pairs.D-F:9327	formula	baby								0.163	0.0	3.895574196522246	5.707035536366613	4.801304866444429	8	4		3	2																																	
CAND_MEANING_001347	Meaning	low_association	1		plus	candidate_pending_human_review			USF Appendix A	USF:Cue_Target_Pairs.A-B:6289	blues	music								0.213	0.0	4.0109315127693375	5.18083399163911	4.595882752204224	4	6		1	2																																	
CAND_MEANING_001348	Meaning	low_association	1		plus	candidate_pending_human_review			USF Appendix A	USF:Cue_Target_Pairs.P-R:9116	robber	thief								0.361	0.224	3.6708277248502013	4.385150468586163	4.027989096718182	4	3		2	1																																	
CAND_MEANING_001349	Meaning	low_association	1		plus	candidate_pending_human_review			USF Appendix A	USF:Cue_Target_Pairs.A-B:1346	aids	death								0.224	0.0	3.0248235837250323	5.3358314028129445	4.1803274932689884	3	3		1	1																																	
CAND_MEANING_001350	Meaning	low_association	1		plus	candidate_pending_human_review			USF Appendix A	USF:Cue_Target_Pairs.S:5826	spot	stain								0.345	0.188	4.789359471975279	3.7921169065204676	4.2907381892478735	4	4		1	1																																	
CAND_MEANING_001351	Meaning	low_association	1		plus	candidate_pending_human_review			USF Appendix A	USF:Cue_Target_Pairs.G-K:363	gender	female								0.24	0.0	3.4477658613671256	4.499794861371136	3.9737803613691307	5	5		2	2																																	
CAND_MEANING_001352	Meaning	low_association	1		plus	candidate_pending_human_review			USF Appendix A	USF:Cue_Target_Pairs.G-K:7265	jeans	pants								0.372	0.136	3.8200597247734023	4.768971632929492	4.294515678851448	4	5		1	1																																	
CAND_MEANING_001353	Meaning	low_association	1		plus	candidate_pending_human_review			USF Appendix A	USF:Cue_Target_Pairs.A-B:1660	alone	together								0.141	0.02	5.489296571151303	5.583643224175661	5.536469897663482	4	6		2	3																																	
CAND_MEANING_001354	Meaning	low_association	1		plus	candidate_pending_human_review			USF Appendix A	USF:Cue_Target_Pairs.L-O:8325	onion	smell								0.162	0.0	3.6268835750529944	4.919795680494796	4.273339627773895	5	4		2	1																																	
CAND_MEANING_001355	Meaning	low_association	1		plus	candidate_pending_human_review			USF Appendix A	USF:Cue_Target_Pairs.A-B:2850	art	paint								0.22	0.018	4.85005731232889	4.56589409652341	4.7079757044261505	3	4		1	1																																	
CAND_MEANING_001356	Meaning	low_association	1		plus	candidate_pending_human_review			USF Appendix A	USF:Cue_Target_Pairs.G-K:4167	hitchhike	car								0.162	0.0	2.973671061277651	5.68400001932028	4.328835540298965	6	3		2	1																																	
CAND_MEANING_001357	Meaning	low_association	1		plus	candidate_pending_human_review			USF Appendix A	USF:Cue_Target_Pairs.A-B:7633	broken	heart								0.177	0.0	4.852814746874079	5.387703812000245	5.120259279437162	6	4		2	1																																	
CAND_MEANING_001358	Meaning	low_association	1		plus	candidate_pending_human_review			USF Appendix A	USF:Cue_Target_Pairs.S:1335	seam	sew								0.186	0.011	2.8109437637799513	3.7395878552442827	3.275265809512117	3	2		1	1																																	
CAND_MEANING_001359	Meaning	low_association	1		plus	candidate_pending_human_review			USF Appendix A	USF:Cue_Target_Pairs.T-Z:2975	transportation	bus								0.189	0.031	3.744216259426354	4.870266165194808	4.307241212310581	12	3		4	1																																	
CAND_MEANING_001360	Meaning	low_association	1		plus	candidate_pending_human_review			USF Appendix A	USF:Cue_Target_Pairs.G-K:4751	hose	garden								0.176	0.132	3.9062716457781326	4.42404848825119	4.165160067014661	3	6		1	2																																	
CAND_MEANING_001361	Meaning	low_association	1		plus	candidate_pending_human_review			USF Appendix A	USF:Cue_Target_Pairs.P-R:9384	rooster	chicken								0.299	0.022	3.5868960500636566	4.790464547589091	4.188680298826373	5	5		2	2																																	
CAND_MEANING_001362	Meaning	low_association	1		plus	candidate_pending_human_review			USF Appendix A	USF:Cue_Target_Pairs.D-F:1344	describe	explain								0.371	0.063	4.22994771591941	5.046012882794971	4.63798029935719	7	7		2	2																																	
CAND_MEANING_001363	Meaning	low_association	1		plus	candidate_pending_human_review			USF Appendix A	USF:Cue_Target_Pairs.A-B:2394	apathy	sympathy								0.257	0.029	2.6726410656136697	3.9218394230047826	3.297240244309226	5	7		3	3																																	
CAND_MEANING_001364	Meaning	low_association	1		plus	candidate_pending_human_review			USF Appendix A	USF:Cue_Target_Pairs.A-B:1765	ambition	goal								0.23	0.013	3.7285924709428198	4.223887694591069	3.976240082766944	7	3		3	1																																	
CAND_MEANING_001365	Meaning	low_association	1		plus	candidate_pending_human_review			USF Appendix A	USF:Cue_Target_Pairs.A-B:5875	blade	knife								0.346	0.122	4.113943352306837	4.670282242908819	4.392112797607828	4	3		1	1																																	
CAND_MEANING_001366	Meaning	low_association	1		plus	candidate_pending_human_review			USF Appendix A	USF:Cue_Target_Pairs.S:659	scalpel	knife								0.216	0.0	3.4992556999339133	4.670282242908819	4.084768971421366	7	3		2	1																																	
CAND_MEANING_001367	Meaning	low_association	1		plus	candidate_pending_human_review			USF Appendix A	USF:Cue_Target_Pairs.C:4492	compute	calculate								0.149	0.058	2.848732324669351	3.3177356891668337	3.0832340069180924	7	9		2	3																																	
CAND_MEANING_001368	Meaning	low_association	1		plus	candidate_pending_human_review			USF Appendix A	USF:Cue_Target_Pairs.P-R:8419	restroom	toilet								0.171	0.014	3.38933983691012	4.460927307425097	3.925133572167608	7	5		2	2																																	
CAND_MEANING_001369	Meaning	low_association	1		plus	candidate_pending_human_review			USF Appendix A	USF:Cue_Target_Pairs.L-O:2753	mailbox	mail								0.373	0.0	3.618765684830815	4.566356604002589	4.0925611444167025	7	3		2	1																																	
CAND_MEANING_001370	Meaning	low_association	1		plus	candidate_pending_human_review			USF Appendix A	USF:Cue_Target_Pairs.S:8193	suffocate	smother								0.165	0.239	3.1789205490745456	3.070581074285707	3.1247508116801264	7	5		3	2																																	
CAND_MEANING_001371	Meaning	low_association	1		plus	candidate_pending_human_review			USF Appendix A	USF:Cue_Target_Pairs.G-K:2752	handcuffs	cop								0.142	0.0	3.7123855723918213	4.9351910271673844	4.323788299779602	8	3		2	1																																	
CAND_MEANING_001372	Meaning	low_association	1		plus	candidate_pending_human_review			USF Appendix A	USF:Cue_Target_Pairs.C:1976	checkbook	balance								0.158	0.014	3.3716110699496884	4.175523182477754	3.773567126213721	6	6		2	2																																	
CAND_MEANING_001373	Meaning	low_association	1		plus	candidate_pending_human_review			USF Appendix A	USF:Cue_Target_Pairs.A-B:7197	brat	kid								0.152	0.034	3.7934890861198154	5.530450822578012	4.661969954348914	4	3		1	1																																	
CAND_MEANING_001374	Meaning	low_association	1		plus	candidate_pending_human_review			USF Appendix A	USF:Cue_Target_Pairs.D-F:8932	fold	paper								0.192	0.0	3.935882500388251	5.014322840117021	4.475102670252636	4	4		1	2																																	
CAND_MEANING_001375	Meaning	low_association	1		plus	candidate_pending_human_review			USF Appendix A	USF:Cue_Target_Pairs.P-R:678	partner	friend								0.352	0.017	4.876308422400689	5.6225187696505445	5.249413596025617	6	5		2	1																																	
CAND_MEANING_001376	Meaning	low_association	1		plus	candidate_pending_human_review			USF Appendix A	USF:Cue_Target_Pairs.C:2935	clarinet	music								0.202	0.0	3.195519810894007	5.18083399163911	4.188176901266559	8	6		3	2																																	
CAND_MEANING_001377	Meaning	low_association	1		plus	candidate_pending_human_review			USF Appendix A	USF:Cue_Target_Pairs.L-O:4387	meteor	shower								0.164	0.0	3.5477023290053697	4.614028254367407	4.080865291686388	5	3		3	2																																	
CAND_MEANING_001378	Meaning	low_association	1		plus	candidate_pending_human_review			USF Appendix A	USF:Cue_Target_Pairs.T-Z:2166	toll	pay								0.142	0.0	3.5254259342942174	5.405871777867385	4.465648856080801	3	2		1	1																																	
CAND_MEANING_001379	Meaning	low_association	1		plus	candidate_pending_human_review			USF Appendix A	USF:Cue_Target_Pairs.L-O:6410	nag	bother								0.216	0.014	3.337752802688721	4.828482979061269	4.083117890874995	3	4		1	2																																	
CAND_MEANING_001380	Meaning	low_association	1		plus	candidate_pending_human_review			USF Appendix A	USF:Cue_Target_Pairs.D-F:9224	foresight	future								0.145	0.0	2.872213420518874	5.014899209786094	3.9435563151524837	6	5		2	2																																	
CAND_MEANING_001381	Meaning	low_association	1		plus	candidate_pending_human_review			USF Appendix A	USF:Cue_Target_Pairs.C:6468	creature	monster								0.286	0.036	4.330652462270782	4.58953347405132	4.460092968161051	5	6		2	2																																	
CAND_MEANING_001382	Meaning	low_association	1		plus	candidate_pending_human_review			USF Appendix A	USF:Cue_Target_Pairs.A-B:5362	benefit	help								0.174	0.0	4.1569409049604555	5.964315102732613	5.060628003846534	7	4		3	1																																	
CAND_MEANING_001383	Meaning	low_association	1		plus	candidate_pending_human_review			USF Appendix A	USF:Cue_Target_Pairs.T-Z:5344	vault	bank								0.2	0.014	4.0805981950432315	4.929318730885862	4.504958462964547	4	4		1	1																																	
CAND_MEANING_001384	Meaning	low_association	1		plus	candidate_pending_human_review			USF Appendix A	USF:Cue_Target_Pairs.C:5428	cook	eat								0.181	0.0	4.6586659476203565	5.4011977415801455	5.029931844600251	3	2		1	1																																	
CAND_MEANING_001385	Meaning	low_association	1		plus	candidate_pending_human_review			USF Appendix A	USF:Cue_Target_Pairs.P-R:841	pastry	doughnut								0.147	0.0	3.2836558995945584	3.624868283817669	3.4542620917061138	6	5		2	2																																	
CAND_MEANING_001386	Meaning	low_association	1		plus	candidate_pending_human_review			USF Appendix A	USF:Cue_Target_Pairs.D-F:6756	factory	worker								0.152	0.028	4.225410645825262	4.039064022839643	4.132237334332452	6	4		3	2																																	
CAND_MEANING_001387	Meaning	low_association	1		plus	candidate_pending_human_review			USF Appendix A	USF:Cue_Target_Pairs.L-O:699	learn	school								0.167	0.066	5.073969792508006	5.5225976402482555	5.298283716378131	3	4		1	1																																	
CAND_MEANING_001388	Meaning	low_association	1		plus	candidate_pending_human_review			USF Appendix A	USF:Cue_Target_Pairs.S:6170	stadium	football								0.375	0.028	3.7865844179205066	4.574371757342888	4.180478087631697	7	6		3	2																																	
CAND_MEANING_001389	Meaning	low_association	1		plus	candidate_pending_human_review			USF Appendix A	USF:Cue_Target_Pairs.T-Z:5875	virus	cold								0.192	0.0	4.276506857804894	5.114467071974649	4.6954869648897715	5	4		2	1																																	
CAND_MEANING_001390	Meaning	low_association	1		plus	candidate_pending_human_review			USF Appendix A	USF:Cue_Target_Pairs.G-K:2480	hair	brush								0.207	0.44	5.186247047869527	4.150967021471702	4.6686070346706146	3	4		1	1																																	
CAND_MEANING_001391	Meaning	low_association	1		plus	candidate_pending_human_review			USF Appendix A	USF:Cue_Target_Pairs.S:6727	steal	take								0.328	0.129	4.726998727936262	6.276700535180079	5.501849631558171	4	3		1	1																																	
CAND_MEANING_001392	Meaning	low_association	1		plus	candidate_pending_human_review			USF Appendix A	USF:Cue_Target_Pairs.A-B:6602	bonus	money								0.289	0.0	3.963602666617147	5.806698582254281	4.885150624435714	5	4		2	2																																	
CAND_MEANING_001393	Meaning	low_association	1		plus	candidate_pending_human_review			USF Appendix A	USF:Cue_Target_Pairs.S:2974	sickness	ill								0.189	0.0	3.8998848471167324	4.327859562086612	4.113872204601672	6	2		2	1																																	
CAND_MEANING_001394	Meaning	low_association	1		plus	candidate_pending_human_review			USF Appendix A	USF:Cue_Target_Pairs.S:5564	spill	milk								0.223	0.0	3.9279135707169757	4.628689375916257	4.278301473316616	4	4		1	1																																	
CAND_MEANING_001395	Meaning	low_association	1		plus	candidate_pending_human_review			USF Appendix A	USF:Cue_Target_Pairs.L-O:3148	margin	paper								0.322	0.0	3.2924298239020637	5.014322840117021	4.153376332009542	6	4		2	2																																	
CAND_MEANING_001396	Meaning	low_association	1		plus	candidate_pending_human_review			USF Appendix A	USF:Cue_Target_Pairs.G-K:3260	hazard	dangerous								0.156	0.03	3.5868960500636566	4.874151983851163	4.23052401695741	5	7		2	3																																	
CAND_MEANING_001397	Meaning	low_association	1		plus	candidate_pending_human_review			USF Appendix A	USF:Cue_Target_Pairs.T-Z:1660	thriller	scary								0.176	0.0	3.131278914639319	4.41823628204159	3.7747575983404547	5	5		2	2																																	
CAND_MEANING_001398	Meaning	low_association	1		plus	candidate_pending_human_review			USF Appendix A	USF:Cue_Target_Pairs.P-R:296	panic	scared								0.15	0.0	4.339315014739774	5.125130294862631	4.732222654801202	5	5		2	1																																	
CAND_MEANING_001399	Meaning	low_association	1		plus	candidate_pending_human_review			USF Appendix A	USF:Cue_Target_Pairs.L-O:3942	medal	award								0.17	0.028	4.063281835544208	4.109995193461844	4.086638514503026	5	5		2	2																																	
CAND_MEANING_001400	Meaning	low_association	1		plus	candidate_pending_human_review			USF Appendix A	USF:Cue_Target_Pairs.G-K:5280	hymn	church								0.179	0.0	3.2115079162781375	4.843025031391392	4.027266473834764	3	3		1	1																																	
CAND_MEANING_001401	Meaning	low_association	1		plus	candidate_pending_human_review			USF Appendix A	USF:Cue_Target_Pairs.T-Z:4556	universe	planet								0.176	0.018	4.402682741255466	4.587996923864543	4.4953398325600045	7	6		3	2																																	
CAND_MEANING_001402	Meaning	low_association	1		plus	candidate_pending_human_review			USF Appendix A	USF:Cue_Target_Pairs.C:5524	cool	hot								0.291	0.0	5.291995312128046	5.2783949022069345	5.285195107167491	3	3		1	1																																	
CAND_MEANING_001403	Meaning	low_association	1		plus	candidate_pending_human_review			USF Appendix A	USF:Cue_Target_Pairs.P-R:6371	radish	vegetable								0.26	0.0	2.7837915177363364	3.756322812887971	3.2700571653121537	5	8		2	3																																	
CAND_MEANING_001404	Meaning	low_association	1		plus	candidate_pending_human_review			USF Appendix A	USF:Cue_Target_Pairs.S:306	salute	flag								0.229	0.041	3.8606315479690587	4.2427946782781865	4.051713113123623	5	4		2	1																																	
CAND_MEANING_001405	Meaning	low_association	1		plus	candidate_pending_human_review			USF Appendix A	USF:Cue_Target_Pairs.G-K:5263	hygiene	clean								0.389	0.0	3.325853579389013	5.083629070400939	4.204741324894976	5	4		2	1																																	
CAND_MEANING_001406	Meaning	low_association	1		plus	candidate_pending_human_review			USF Appendix A	USF:Cue_Target_Pairs.P-R:912	path	trail								0.17	0.248	4.390034152776474	4.283212515705202	4.336623334240838	3	4		1	1																																	
CAND_MEANING_001407	Meaning	low_association	1		plus	candidate_pending_human_review			USF Appendix A	USF:Cue_Target_Pairs.T-Z:8567	yield	stop								0.243	0.0	3.606297044271217	5.849588006377395	4.727942525324306	4	4		1	1																																	
CAND_MEANING_001408	Meaning	low_association	1		plus	candidate_pending_human_review			USF Appendix A	USF:Cue_Target_Pairs.L-O:2767	mailman	letter								0.173	0.0	3.4597471586502397	4.9170212830289115	4.188384220839575	6	4		2	2																																	
CAND_MEANING_001409	Meaning	low_association	1		plus	candidate_pending_human_review			USF Appendix A	USF:Cue_Target_Pairs.D-F:9599	fraud	fake								0.319	0.021	4.001699784877895	4.560305243220961	4.281002514049428	4	3		1	1																																	
CAND_MEANING_001410	Meaning	low_association	1		plus	candidate_pending_human_review			USF Appendix A	USF:Cue_Target_Pairs.L-O:4985	mischief	bad								0.174	0.0	3.3218136015872735	5.736537103739664	4.529175352663469	6	3		2	1																																	
CAND_MEANING_001411	Meaning	low_association	1		plus	candidate_pending_human_review			USF Appendix A	USF:Cue_Target_Pairs.A-B:303	accumulate	collect								0.159	0.0	2.75482782180102	4.301029995663981	3.5279289087325005	10	6		4	2																																	
CAND_MEANING_001412	Meaning	low_association	1		plus	candidate_pending_human_review			USF Appendix A	USF:Cue_Target_Pairs.D-F:1951	digestion	stomach								0.338	0.0	3.0084331675368627	4.5292189233113564	3.7688260454241096	8	6		3	2																																	
CAND_MEANING_001413	Meaning	low_association	1		plus	candidate_pending_human_review			USF Appendix A	USF:Cue_Target_Pairs.D-F:6961	faith	belief								0.162	0.074	4.665893545534432	3.881261549496271	4.273577547515352	3	5		1	2																																	
CAND_MEANING_001414	Meaning	low_association	1		plus	candidate_pending_human_review			USF Appendix A	USF:Cue_Target_Pairs.L-O:3705	maze	puzzle								0.181	0.04	3.4063731762089002	3.865301426102544	3.635837301155722	3	5		1	2																																	
CAND_MEANING_001415	Meaning	low_association	1		plus	candidate_pending_human_review			USF Appendix A	USF:Cue_Target_Pairs.P-R:1014	patrol	police								0.367	0.0	4.191155005491558	5.373200570742785	4.782177788117171	6	5		2	2																																	
CAND_MEANING_001416	Meaning	low_association	1		plus	candidate_pending_human_review			USF Appendix A	USF:Cue_Target_Pairs.A-B:5984	blender	mix								0.183	0.023	3.2218487496163566	4.213595874539802	3.717722312078079	6	4		2	1																																	
CAND_MEANING_001417	Meaning	low_association	1		plus	candidate_pending_human_review			USF Appendix A	USF:Cue_Target_Pairs.G-K:1949	grit	dirt								0.167	0.012	2.973671061277651	4.409701119557828	3.6916860904177393	4	3		1	1																																	
CAND_MEANING_001418	Meaning	low_association	1		plus	candidate_pending_human_review			USF Appendix A	USF:Cue_Target_Pairs.T-Z:8218	worth	money								0.247	0.0	5.038207041791823	5.806698582254281	5.422452812023052	3	4		1	2																																	
CAND_MEANING_001419	Meaning	low_association	1		plus	candidate_pending_human_review			USF Appendix A	USF:Cue_Target_Pairs.L-O:5932	mousse	chocolate								0.211	0.02	3.063281835544208	4.468231456750344	3.765756646147276	3	6		1	2																																	
CAND_MEANING_001420	Meaning	low_association	1		plus	candidate_pending_human_review			USF Appendix A	USF:Cue_Target_Pairs.P-R:8963	rise	sun								0.201	0.0	4.438247538393892	4.843025031391392	4.640636284892642	3	3		1	1																																	
CAND_MEANING_001421	Meaning	low_association	1		plus	candidate_pending_human_review			USF Appendix A	USF:Cue_Target_Pairs.D-F:9960	fries	potato								0.142	0.122	4.0676760836423	4.052852307325276	4.0602641954837875	4	6		1	3																																	
CAND_MEANING_001422	Meaning	low_association	1		plus	candidate_pending_human_review			USF Appendix A	USF:Cue_Target_Pairs.A-B:8258	bury	dead								0.222	0.023	4.315270434778592	5.652227374936464	4.983748904857528	4	3		2	1																																	
CAND_MEANING_001423	Meaning	low_association	1		plus	candidate_pending_human_review			USF Appendix A	USF:Cue_Target_Pairs.A-B:6467	boiled	eggs								0.374	0.0	3.520316528515737	4.587116448181507	4.053716488348622	4	3		1	1																																	
CAND_MEANING_001424	Meaning	low_association	1		plus	candidate_pending_human_review			USF Appendix A	USF:Cue_Target_Pairs.D-F:6724	fact	truth								0.185	0.046	5.236961844894045	5.2837002130971635	5.260331028995605	4	4		1	1																																	
CAND_MEANING_001425	Meaning	low_association	1		plus	candidate_pending_human_review			USF Appendix A	USF:Cue_Target_Pairs.G-K:5345	ice	cold								0.364	0.098	4.90063483160639	5.114467071974649	5.0075509517905195	2	4		1	1																																	
CAND_MEANING_001426	Meaning	low_association	1		plus	candidate_pending_human_review			USF Appendix A	USF:Cue_Target_Pairs.T-Z:1789	tide	ocean								0.151	0.0	3.8664610916297826	4.4813583076629175	4.17390969964635	3	4		1	2																																	
CAND_MEANING_001427	Meaning	low_association	1		plus	candidate_pending_human_review			USF Appendix A	USF:Cue_Target_Pairs.P-R:1805	petroleum	jelly								0.275	0.0	3.098609797885951	3.852336448938176	3.4754731234120637	9	4		4	2																																	
CAND_MEANING_001428	Meaning	low_association	1		plus	candidate_pending_human_review			USF Appendix A	USF:Cue_Target_Pairs.T-Z:7032	week	month								0.216	0.067	5.377506235374158	4.97852959589798	5.178017915636069	3	4		1	1																																	
CAND_MEANING_001429	Meaning	low_association	1		plus	candidate_pending_human_review			USF Appendix A	USF:Cue_Target_Pairs.T-Z:6242	wagon	red								0.196	0.0	4.249558021578877	5.170434294170089	4.709996157874484	5	3		2	1																																	
CAND_MEANING_001430	Meaning	low_association	1		plus	candidate_pending_human_review			USF Appendix A	USF:Cue_Target_Pairs.L-O:522	lay	down								0.223	0.0	4.7651862732192765	6.173266273185671	5.469226273202474	2	3		1	1																																	
CAND_MEANING_001431	Meaning	low_association	1		plus	candidate_pending_human_review			USF Appendix A	USF:Cue_Target_Pairs.G-K:2824	handsome	cute								0.196	0.028	4.518771911065694	4.943222863553995	4.730997387309845	6	4		2	1																																	
CAND_MEANING_001432	Meaning	low_association	1		plus	candidate_pending_human_review			USF Appendix A	USF:Cue_Target_Pairs.L-O:830	ledge	window								0.152	0.013	3.5452828548819566	4.9344984512435675	4.239890653062762	3	5		1	2																																	
CAND_MEANING_001433	Meaning	low_association	1		plus	candidate_pending_human_review			USF Appendix A	USF:Cue_Target_Pairs.T-Z:5400	vegetables	fruit								0.208	0.082	3.8213465241797184	4.336969584294475	4.079158054237096	9	4		3	1																																	
CAND_MEANING_001434	Meaning	low_association	1		plus	candidate_pending_human_review			USF Appendix A	USF:Cue_Target_Pairs.L-O:813	lecture	boring								0.159	0.02	4.01997108093062	4.437936995311726	4.228954038121174	5	5		2	2																																	
CAND_MEANING_001435	Meaning	low_association	1		plus	candidate_pending_human_review			USF Appendix A	USF:Cue_Target_Pairs.A-B:3608	autumn	leaves								0.208	0.1	3.577987132909837	4.657168378957462	4.11757775593365	4	4		2	1																																	
CAND_MEANING_001436	Meaning	low_association	1		plus	candidate_pending_human_review			USF Appendix A	USF:Cue_Target_Pairs.T-Z:2726	tractor	trailer								0.326	0.034	3.5711834248548926	4.0551083876295	3.8131459062421964	6	5		2	2																																	
CAND_MEANING_001437	Meaning	low_association	1		plus	candidate_pending_human_review			USF Appendix A	USF:Cue_Target_Pairs.L-O:1327	light	bulb								0.212	0.788	5.21799973344544	3.5934598195660445	4.405729776505742	3	4		1	1																																	
CAND_MEANING_001438	Meaning	low_association	1		plus	candidate_pending_human_review			USF Appendix A	USF:Cue_Target_Pairs.T-Z:5220	vanish	gone								0.141	0.0	3.5046174283060214	5.472412249194655	4.488514838750339	5	3		2	1																																	
CAND_MEANING_001439	Meaning	low_association	1		plus	candidate_pending_human_review			USF Appendix A	USF:Cue_Target_Pairs.G-K:3569	heel	toe								0.196	0.014	3.8687711741078568	4.103334104570764	3.9860526393393103	3	2		1	1																																	
CAND_MEANING_001440	Meaning	low_association	1		plus	candidate_pending_human_review			USF Appendix A	USF:Cue_Target_Pairs.L-O:2442	lunch	dinner								0.269	0.096	5.017524344983533	5.3067823245530725	5.162153334768303	4	4		1	2																																	
CAND_MEANING_001441	Meaning	low_association	1		plus	candidate_pending_human_review			USF Appendix A	USF:Cue_Target_Pairs.D-F:10344	fur	coat								0.324	0.027	3.9177422748637376	4.624059541531996	4.270900908197866	2	3		1	1																																	
CAND_MEANING_001442	Meaning	low_association	1		plus	candidate_pending_human_review			USF Appendix A	USF:Cue_Target_Pairs.C:4618	concern	care								0.221	0.074	4.416934048736346	5.6859699312500265	5.051451989993186	6	3		2	1																																	
CAND_MEANING_001443	Meaning	low_association	1		plus	candidate_pending_human_review			USF Appendix A	USF:Cue_Target_Pairs.P-R:1062	pavement	sidewalk								0.21	0.029	3.3052670486072357	3.738034027175661	3.5216505378914484	7	6		2	2																																	
CAND_MEANING_001444	Meaning	low_association	1		plus	candidate_pending_human_review			USF Appendix A	USF:Cue_Target_Pairs.P-R:372	paper	pen								0.3	0.109	5.014322840117021	4.393144910475145	4.703733875296083	4	3		2	1																																	
CAND_MEANING_001445	Meaning	low_association	1		plus	candidate_pending_human_review			USF Appendix A	USF:Cue_Target_Pairs.T-Z:3039	travel	plane								0.156	0.014	4.523389379650633	4.980137103526882	4.751763241588757	6	4		2	1																																	
CAND_MEANING_001446	Meaning	low_association	1		plus	candidate_pending_human_review			USF Appendix A	USF:Cue_Target_Pairs.P-R:3889	potato	chip								0.142	0.188	4.052852307325276	4.314032539930306	4.183442423627791	6	3		3	1																																	
CAND_MEANING_001447	Meaning	low_association	1		plus	candidate_pending_human_review			USF Appendix A	USF:Cue_Target_Pairs.G-K:5511	ignorant	dumb								0.178	0.0	3.7962205069592447	4.671735341652646	4.233977924305945	7	3		3	1																																	
CAND_MEANING_001448	Meaning	low_association	1		plus	candidate_pending_human_review			USF Appendix A	USF:Cue_Target_Pairs.G-K:6070	inferior	superior								0.255	0.137	3.4855544222565253	4.113943352306837	3.799748887281681	7	7		4	4																																	
CAND_MEANING_001449	Meaning	low_association	1		plus	candidate_pending_human_review			USF Appendix A	USF:Cue_Target_Pairs.L-O:854	legal	illegal								0.179	0.144	4.552739769696983	4.3712490070009125	4.461994388348948	5	6		2	3																																	
CAND_MEANING_001450	Meaning	low_association	1		plus	candidate_pending_human_review			USF Appendix A	USF:Cue_Target_Pairs.L-O:5817	moth	ball								0.152	0.0	3.3568878131289823	5.021027067285495	4.188957440207238	3	3		1	1																																	
CAND_MEANING_001451	Meaning	low_association	1		plus	candidate_pending_human_review			USF Appendix A	USF:Cue_Target_Pairs.A-B:1443	alarm	clock								0.388	0.079	4.474844476336617	4.768101012226493	4.621472744281555	5	4		2	1																																	
CAND_MEANING_001452	Meaning	low_association	1		plus	candidate_pending_human_review			USF Appendix A	USF:Cue_Target_Pairs.G-K:1770	grease	oil								0.311	0.101	3.8414330859278514	4.613613851204378	4.2275234685661145	4	2		1	1																																	
CAND_MEANING_001453	Meaning	low_association	1		plus	candidate_pending_human_review			USF Appendix A	USF:Cue_Target_Pairs.L-O:2653	magnet	attract								0.14	0.041	3.4385578595803015	3.75482782180102	3.5966928406906606	6	6		2	2																																	
CAND_MEANING_001454	Meaning	low_association	1		plus	candidate_pending_human_review			USF Appendix A	USF:Cue_Target_Pairs.G-K:1254	goose	gander								0.267	0.46	4.115251469205168	3.0327925133963074	3.5740219913007376	3	5		1	2																																	
CAND_MEANING_001455	Meaning	low_association	1		plus	candidate_pending_human_review			USF Appendix A	USF:Cue_Target_Pairs.A-B:5693	birth	death								0.341	0.024	4.440106148143162	5.3358314028129445	4.887968775478053	3	3		1	1																																	
CAND_MEANING_001456	Meaning	low_association	1		plus	candidate_pending_human_review			USF Appendix A	USF:Cue_Target_Pairs.S:4417	sneaky	sly								0.201	0.219	3.6268835750529944	3.425968732272281	3.526426153662638	5	3		2	1																																	
CAND_MEANING_001457	Meaning	low_association	1		plus	candidate_pending_human_review			USF Appendix A	USF:Cue_Target_Pairs.P-R:8923	rinse	wash								0.319	0.0	3.3716110699496884	4.609866320437163	3.990738695193426	4	3		1	1																																	
CAND_MEANING_001458	Meaning	low_association	1		plus	candidate_pending_human_review			USF Appendix A	USF:Cue_Target_Pairs.C:6165	crack	cocaine								0.208	0.092	4.516444635274928	3.916711919737732	4.21657827750633	4	5		1	2																																	
CAND_MEANING_001459	Meaning	low_association	1		plus	candidate_pending_human_review			USF Appendix A	USF:Cue_Target_Pairs.D-F:7588	feelings	hurt								0.171	0.0	4.760481615356301	5.391557751628531	5.076019683492416	6	3		2	1																																	
CAND_MEANING_001460	Meaning	low_association	1		plus	candidate_pending_human_review			USF Appendix A	USF:Cue_Target_Pairs.P-R:1358	pendulum	swing								0.176	0.0	2.723793588061051	4.414645702174891	3.569219645117971	8	4		3	1																																	
CAND_MEANING_001461	Meaning	low_association	1		plus	candidate_pending_human_review			USF Appendix A	USF:Cue_Target_Pairs.L-O:5964	move	leave								0.147	0.0	5.6213188637416245	5.748735112296145	5.685026988018885	3	3		1	1																																	
CAND_MEANING_001462	Meaning	low_association	1		plus	candidate_pending_human_review			USF Appendix A	USF:Cue_Target_Pairs.S:7757	stub	toe								0.186	0.014	2.982625903930577	4.103334104570764	3.5429800042506705	4	2		1	1																																	
CAND_MEANING_001463	Meaning	low_association	1		plus	candidate_pending_human_review			USF Appendix A	USF:Cue_Target_Pairs.P-R:8933	riot	fight								0.159	0.014	3.812257817677782	5.303365488606449	4.557811653142116	4	3		2	1																																	
CAND_MEANING_001464	Meaning	low_association	1		plus	candidate_pending_human_review			USF Appendix A	USF:Cue_Target_Pairs.G-K:6425	instant	now								0.241	0.028	4.032792513396307	6.505503762894741	5.269148138145525	7	2		2	1																																	
CAND_MEANING_001465	Meaning	low_association	1		plus	candidate_pending_human_review			USF Appendix A	USF:Cue_Target_Pairs.S:927	science	biology								0.214	0.182	4.571183424854892	3.6903698325741012	4.1307766287144965	5	7		2	4																																	
CAND_MEANING_001466	Meaning	low_association	1		plus	candidate_pending_human_review			USF Appendix A	USF:Cue_Target_Pairs.S:1383	seasoning	salt								0.297	0.0	2.723793588061051	4.290252904647789	3.50702324635442	7	4		3	1																																	
CAND_MEANING_001467	Meaning	low_association	1		plus	candidate_pending_human_review			USF Appendix A	USF:Cue_Target_Pairs.L-O:2142	lose	win								0.236	0.757	5.21577748039989	5.129196871296269	5.1724871758480795	3	3		1	1																																	
CAND_MEANING_001468	Meaning	low_association	1		plus	candidate_pending_human_review			USF Appendix A	USF:Cue_Target_Pairs.L-O:401	launch	rocket								0.311	0.069	4.300177601902804	4.0734667625231955	4.186822182213	4	5		1	2																																	
CAND_MEANING_001469	Meaning	low_association	1		plus	candidate_pending_human_review			USF Appendix A	USF:Cue_Target_Pairs.A-B:483	acrobat	circus								0.175	0.0	2.769551078621726	4.231949076520682	3.500750077571204	7	5		3	2																																	
CAND_MEANING_001470	Meaning	low_association	1		plus	candidate_pending_human_review			USF Appendix A	USF:Cue_Target_Pairs.P-R:2858	playing	game								0.182	0.0	5.1683588088249905	5.368924628911785	5.268641718868388	5	3		2	1																																	
CAND_MEANING_001471	Meaning	low_association	1		plus	candidate_pending_human_review			USF Appendix A	USF:Cue_Target_Pairs.C:1856	charity	money								0.24	0.0	4.2172258196999755	5.806698582254281	5.011962200977129	6	4		3	2																																	
CAND_MEANING_001472	Meaning	low_association	1		plus	candidate_pending_human_review			USF Appendix A	USF:Cue_Target_Pairs.L-O:2426	lump	bump								0.188	0.041	3.5501083987712483	4.091770373355645	3.820939386063447	4	4		1	1																																	
CAND_MEANING_001473	Meaning	low_association	1		plus	candidate_pending_human_review			USF Appendix A	USF:Cue_Target_Pairs.P-R:1758	persuade	convince								0.158	0.251	3.8056474239700027	4.27243319548581	4.039040309727906	6	7		2	2																																	
CAND_MEANING_001474	Meaning	low_association	1		plus	candidate_pending_human_review			USF Appendix A	USF:Cue_Target_Pairs.T-Z:7107	weights	heavy								0.169	0.0	3.425968732272281	4.674807127370178	4.0503879298212295	4	4		1	2																																	
CAND_MEANING_001475	Meaning	low_association	1		plus	candidate_pending_human_review			USF Appendix A	USF:Cue_Target_Pairs.G-K:342	geese	ducks								0.291	0.067	3.2009148427807133	3.9279135707169757	3.5644142067488445	3	4		1	1																																	
CAND_MEANING_001476	Meaning	low_association	1		plus	candidate_pending_human_review			USF Appendix A	USF:Cue_Target_Pairs.D-F:2253	disagree	agree								0.264	0.393	3.8213465241797184	4.810680475210564	4.316013499695141	7	4		3	2																																	
CAND_MEANING_001477	Meaning	low_association	1		plus	candidate_pending_human_review			USF Appendix A	USF:Cue_Target_Pairs.A-B:7746	brush	tooth								0.277	0.123	4.150967021471702	4.132535918358822	4.1417514699152616	4	3		1	1																																	
CAND_MEANING_001478	Meaning	low_association	1		plus	candidate_pending_human_review			USF Appendix A	USF:Cue_Target_Pairs.C:5408	convince	persuade								0.251	0.158	4.27243319548581	3.8056474239700027	4.039040309727906	7	6		2	2																																	
CAND_MEANING_001479	Meaning	low_association	1		plus	candidate_pending_human_review			USF Appendix A	USF:Cue_Target_Pairs.D-F:3716	drift	float								0.196	0.0	3.8069775765623497	3.873354799577683	3.8401661880700164	5	4		1	1																																	
CAND_MEANING_001480	Meaning	low_association	1		plus	candidate_pending_human_review			USF Appendix A	USF:Cue_Target_Pairs.G-K:6218	injection	shot								0.257	0.0	3.6167122791997564	5.356850372335657	4.486781325767707	8	3		3	1																																	
CAND_MEANING_001481	Meaning	low_association	1		plus	candidate_pending_human_review			USF Appendix A	USF:Cue_Target_Pairs.A-B:4674	bathtub	shower								0.24	0.0	3.7851902129289012	4.614028254367407	4.199609233648154	6	3		2	2																																	
CAND_MEANING_001482	Meaning	low_association	1		plus	candidate_pending_human_review			USF Appendix A	USF:Cue_Target_Pairs.G-K:4541	hooked	fish								0.142	0.0	4.1178559416698866	4.921635481004367	4.519745711337126	4	3		1	1																																	
CAND_MEANING_001483	Meaning	low_association	1		plus	candidate_pending_human_review			USF Appendix A	USF:Cue_Target_Pairs.D-F:8357	flash	light								0.204	0.0	4.186191585960007	5.21799973344544	4.7020956597027235	4	3		1	1																																	
CAND_MEANING_001484	Meaning	low_association	1		plus	candidate_pending_human_review			USF Appendix A	USF:Cue_Target_Pairs.L-O:8612	orderly	neat								0.216	0.0	3.6407346869502244	4.095203549194039	3.867969118072132	6	3		3	1																																	
CAND_MEANING_001485	Meaning	low_association	1		plus	candidate_pending_human_review			USF Appendix A	USF:Cue_Target_Pairs.G-K:4868	hotel	motel								0.25	0.391	5.013745704507963	4.2595095580465605	4.636627631277262	5	5		2	2																																	
CAND_MEANING_001486	Meaning	low_association	1		plus	candidate_pending_human_review			USF Appendix A	USF:Cue_Target_Pairs.T-Z:6973	wed	marriage								0.162	0.0	3.38933983691012	4.88682237427749	4.138081105593805	3	5		1	2																																	
CAND_MEANING_001487	Meaning	low_association	1		plus	candidate_pending_human_review			USF Appendix A	USF:Cue_Target_Pairs.L-O:192	land	sea								0.182	0.0	4.945062891985174	4.7770143531849065	4.86103862258504	4	2		1	1																																	
CAND_MEANING_001488	Meaning	low_association	1		plus	candidate_pending_human_review			USF Appendix A	USF:Cue_Target_Pairs.L-O:5304	molasses	slow								0.17	0.0	3.0084331675368627	4.880925624909274	3.9446793962230684	7	3		3	1																																	
CAND_MEANING_001489	Meaning	low_association	1		plus	candidate_pending_human_review			USF Appendix A	USF:Cue_Target_Pairs.P-R:5766	punch	hit								0.259	0.054	4.472555699066118	5.439332693830263	4.95594419644819	4	3		1	1																																	
CAND_MEANING_001490	Meaning	low_association	1		plus	candidate_pending_human_review			USF Appendix A	USF:Cue_Target_Pairs.L-O:2642	magician	truck								0.164	0.0	3.883494430928563	4.862505529223668	4.3729999800761155	7	4		3	1																																	
CAND_MEANING_001491	Meaning	low_association	1		plus	candidate_pending_human_review			USF Appendix A	USF:Cue_Target_Pairs.S:3780	sleigh	snow								0.307	0.0	3.515146295049647	4.496278287648298	4.005712291348972	3	3		1	1																																	
CAND_MEANING_001492	Meaning	low_association	1		plus	candidate_pending_human_review			USF Appendix A	USF:Cue_Target_Pairs.C:5938	couple	marriage								0.152	0.024	5.349106039022725	4.88682237427749	5.117964206650107	5	5		2	2																																	
CAND_MEANING_001493	Meaning	low_association	1		plus	candidate_pending_human_review			USF Appendix A	USF:Cue_Target_Pairs.D-F:3406	dough	bread								0.31	0.058	4.200914842780714	4.45229767099463	4.326606256887672	2	4		1	1																																	
CAND_MEANING_001494	Meaning	low_association	1		plus	candidate_pending_human_review			USF Appendix A	USF:Cue_Target_Pairs.D-F:7849	fig	leaf								0.192	0.0	3.0848215134003176	3.7156756978388716	3.400248605619595	3	3		1	1																																	
CAND_MEANING_001495	Meaning	low_association	1		plus	candidate_pending_human_review			USF Appendix A	USF:Cue_Target_Pairs.A-B:6133	blonde	hair								0.163	0.033	4.143688172621139	5.186247047869527	4.664967610245332	5	3		1	1																																	
CAND_MEANING_001496	Meaning	low_association	1		plus	candidate_pending_human_review			USF Appendix A	USF:Cue_Target_Pairs.G-K:894	gloomy	sad								0.171	0.0	3.3823349353414613	4.801901176004613	4.092118055673037	5	3		2	1																																	
CAND_MEANING_001497	Meaning	low_association	1		plus	candidate_pending_human_review			USF Appendix A	USF:Cue_Target_Pairs.P-R:1270	pebble	stone								0.309	0.03	3.105343180544919	4.608819574975259	3.857081377760089	5	4		2	1																																	
CAND_MEANING_001498	Meaning	low_association	1		plus	candidate_pending_human_review			USF Appendix A	USF:Cue_Target_Pairs.P-R:1963	physics	science								0.264	0.0	3.9754768621409133	4.571183424854892	4.273330143497903	6	5		2	2																																	
CAND_MEANING_001499	Meaning	low_association	1		plus	candidate_pending_human_review			USF Appendix A	USF:Cue_Target_Pairs.L-O:2419	lumber	tree								0.141	0.0	3.3928003690196267	4.812913356642856	4.102856862831241	5	3		2	1																																	
CAND_MEANING_001500	Meaning	low_association	1		plus	candidate_pending_human_review			USF Appendix A	USF:Cue_Target_Pairs.A-B:7382	breeze	cool								0.152	0.068	3.905213680621799	5.291995312128046	4.598604496374922	4	3		1	1																																	
CAND_MEANING_001501	Meaning	low_association	1		plus	candidate_pending_human_review			USF Appendix A	USF:Cue_Target_Pairs.T-Z:3230	trend	fad								0.214	0.129	3.3177356891668337	2.883494430928563	3.1006150600476983	5	3		1	1																																	
CAND_MEANING_001502	Meaning	low_association	1		plus	candidate_pending_human_review			USF Appendix A	USF:Cue_Target_Pairs.P-R:8148	rescue	help								0.156	0.0	4.405034825436638	5.964315102732613	5.184674964084625	6	4		2	1																																	
CAND_MEANING_001503	Meaning	low_association	1		plus	candidate_pending_human_review			USF Appendix A	USF:Cue_Target_Pairs.P-R:8799	ridiculous	silly								0.226	0.0	4.745136050413093	4.756621194543063	4.750878622478078	10	4		4	2																																	
CAND_MEANING_001504	Meaning	low_association	1		plus	candidate_pending_human_review			USF Appendix A	USF:Cue_Target_Pairs.A-B:5097	beetle	juice								0.152	0.0	3.3136191229720016	4.429467278691576	3.871543200831789	5	3		2	1																																	
CAND_MEANING_001505	Meaning	low_association	1		plus	candidate_pending_human_review			USF Appendix A	USF:Cue_Target_Pairs.D-F:3598	drama	play								0.283	0.0	4.304422938561321	5.549652270089638	4.927037604325479	5	3		2	1																																	
CAND_MEANING_001506	Meaning	low_association	1		plus	candidate_pending_human_review			USF Appendix A	USF:Cue_Target_Pairs.A-B:6358	blush	red								0.372	0.0	3.425968732272281	5.170434294170089	4.298201513221185	4	3		1	1																																	
CAND_MEANING_001507	Meaning	low_association	1		plus	candidate_pending_human_review			USF Appendix A	USF:Cue_Target_Pairs.P-R:7541	regulations	laws								0.188	0.034	3.8043131848809377	4.230949549078556	4.017631366979747	11	3		4	1																																	
CAND_MEANING_001508	Meaning	low_association	1		plus	candidate_pending_human_review			USF Appendix A	USF:Cue_Target_Pairs.C:6965	crumb	cake								0.199	0.0	3.256217651247619	4.65377984825433	3.9549987497509744	4	3		1	1																																	
CAND_MEANING_001509	Meaning	low_association	1		plus	candidate_pending_human_review			USF Appendix A	USF:Cue_Target_Pairs.D-F:5985	example	sample								0.212	0.19	4.476268860958485	4.164002759447943	4.3201358102032135	8	6		3	2																																	
CAND_MEANING_001510	Meaning	low_association	1		plus	candidate_pending_human_review			USF Appendix A	USF:Cue_Target_Pairs.S:3296	single	one								0.197	0.101	4.857805326616138	6.487454474062504	5.672629900339321	6	3		2	1																																	
CAND_MEANING_001511	Meaning	low_association	1		plus	candidate_pending_human_review			USF Appendix A	USF:Cue_Target_Pairs.T-Z:3912	twilight	zone								0.176	0.139	3.4855544222565253	4.303577184677861	3.8945658034671933	6	3		2	1																																	
CAND_MEANING_001512	Meaning	low_association	1		plus	candidate_pending_human_review			USF Appendix A	USF:Cue_Target_Pairs.P-R:1804	petroleum	gas								0.312	0.038	3.098609797885951	4.831129203444471	3.964869500665211	9	3		4	1																																	
CAND_MEANING_001513	Meaning	low_association	1		plus	candidate_pending_human_review			USF Appendix A	USF:Cue_Target_Pairs.P-R:777	passenger	car								0.222	0.0	4.032002168352156	5.68400001932028	4.858001093836218	7	3		3	1																																	
CAND_MEANING_001514	Meaning	low_association	1		plus	candidate_pending_human_review			USF Appendix A	USF:Cue_Target_Pairs.A-B:6147	blood	red								0.337	0.047	5.269787553447365	5.170434294170089	5.220110923808727	4	3		1	1																																	
CAND_MEANING_001515	Meaning	low_association	1		plus	candidate_pending_human_review			USF Appendix A	USF:Cue_Target_Pairs.D-F:7084	famished	starving								0.188	0.02	3.1557526840225196	4.229445931366878	3.6925993076946986	6	7		2	2																																	
CAND_MEANING_001516	Meaning	low_association	1		plus	candidate_pending_human_review			USF Appendix A	USF:Cue_Target_Pairs.S:6330	stale	old								0.186	0.0	3.4656160923143378	5.7845753419463515	4.625095717130344	4	3		1	1																																	
CAND_MEANING_001517	Meaning	low_association	1		plus	candidate_pending_human_review			USF Appendix A	USF:Cue_Target_Pairs.S:322	same	alike								0.142	0.415	5.620319805550606	4.0551083876295	4.837714096590053	3	4		1	2																																	
CAND_MEANING_001518	Meaning	low_association	1		plus	candidate_pending_human_review			USF Appendix A	USF:Cue_Target_Pairs.S:4544	snow	cold								0.199	0.033	4.496278287648298	5.114467071974649	4.805372679811473	3	4		1	1																																	
CAND_MEANING_001519	Meaning	low_association	1		plus	candidate_pending_human_review			USF Appendix A	USF:Cue_Target_Pairs.C:5721	corpse	death								0.163	0.0	4.004237052943255	5.3358314028129445	4.6700342278781	5	3		1	1																																	
CAND_MEANING_001520	Meaning	low_association	1		plus	candidate_pending_human_review			USF Appendix A	USF:Cue_Target_Pairs.S:3201	sin	wrong								0.207	0.0	4.202520369496131	5.718583092118043	4.960551730807087	3	3		1	1																																	
CAND_MEANING_001521	Meaning	low_association	1		plus	candidate_pending_human_review			USF Appendix A	USF:Cue_Target_Pairs.C:1347	ceiling	floor								0.218	0.16	3.9218394230047826	5.002716471604955	4.462277947304869	5	4		2	1																																	
CAND_MEANING_001522	Meaning	low_association	1		plus	candidate_pending_human_review			USF Appendix A	USF:Cue_Target_Pairs.L-O:3525	mate	friend								0.181	0.0	4.465907467355058	5.6225187696505445	5.044213118502801	3	5		1	1																																	
CAND_MEANING_001523	Meaning	low_association	1		plus	candidate_pending_human_review			USF Appendix A	USF:Cue_Target_Pairs.D-F:305	dash	run								0.318	0.0	3.780980540402508	5.544748756843717	4.6628646486231125	3	3		1	1																																	
CAND_MEANING_001524	Meaning	low_association	1		plus	candidate_pending_human_review			USF Appendix A	USF:Cue_Target_Pairs.A-B:397	achievement	success								0.161	0.02	3.542849826210958	4.435444624156158	3.989147225183558	8	6		3	2																																	
CAND_MEANING_001525	Meaning	low_association	1		plus	candidate_pending_human_review			USF Appendix A	USF:Cue_Target_Pairs.L-O:4587	midget	small								0.27	0.0	3.6634976861738	5.096773742381929	4.3801357142778645	5	4		2	1																																	
CAND_MEANING_001526	Meaning	low_association	1		plus	candidate_pending_human_review			USF Appendix A	USF:Cue_Target_Pairs.L-O:1210	license	drive								0.349	0.0	4.505947580898368	5.185080857779364	4.845514219338867	6	4		2	1																																	
CAND_MEANING_001527	Meaning	low_association	1		plus	candidate_pending_human_review			USF Appendix A	USF:Cue_Target_Pairs.C:2749	cinnamon	toast								0.218	0.0	3.4742734118468364	4.524663345016798	3.999468378431817	7	4		3	1																																	
CAND_MEANING_001528	Meaning	low_association	1		plus	candidate_pending_human_review			USF Appendix A	USF:Cue_Target_Pairs.S:1652	selection	choice								0.3	0.041	3.657917808792963	4.989222908983808	4.323570358888386	8	3		3	1																																	
CAND_MEANING_001529	Meaning	low_association	1		plus	candidate_pending_human_review			USF Appendix A	USF:Cue_Target_Pairs.A-B:4026	baked	potato								0.179	0.122	3.8251842028945613	4.052852307325276	3.939018255109919	4	6		1	3																																	
CAND_MEANING_001530	Meaning	low_association	1		plus	candidate_pending_human_review			USF Appendix A	USF:Cue_Target_Pairs.D-F:2294	disappoint	sad								0.201	0.0	3.9269070940627953	4.801901176004613	4.364404135033704	8	3		3	1																																	
CAND_MEANING_001531	Meaning	low_association	1		plus	candidate_pending_human_review			USF Appendix A	USF:Cue_Target_Pairs.G-K:1759	graze	cow								0.362	0.0	2.883494430928563	4.40670712046365	3.6451007756961062	4	2		1	1																																	
CAND_MEANING_001532	Meaning	low_association	1		plus	candidate_pending_human_review			USF Appendix A	USF:Cue_Target_Pairs.A-B:5581	billboard	sign								0.18	0.0	3.131278914639319	5.124747093824325	4.128013004231822	7	3		2	1																																	
CAND_MEANING_001533	Meaning	low_association	1		plus	candidate_pending_human_review			USF Appendix A	USF:Cue_Target_Pairs.S:6266	stair	case								0.143	0.0	3.131278914639319	5.450882784590892	4.291080849615105	4	3		1	1																																	
CAND_MEANING_001534	Meaning	low_association	1		plus	candidate_pending_human_review			USF Appendix A	USF:Cue_Target_Pairs.A-B:3955	badge	police								0.283	0.016	4.183409420891753	5.373200570742785	4.778304995817269	3	5		1	2																																	
CAND_MEANING_001535	Meaning	low_association	1		plus	candidate_pending_human_review			USF Appendix A	USF:Cue_Target_Pairs.D-F:9032	fool	idiot								0.185	0.061	4.951013539309127	4.820960884537476	4.885987211923301	3	5		1	3																																	
CAND_MEANING_001536	Meaning	low_association	1		plus	candidate_pending_human_review			USF Appendix A	USF:Cue_Target_Pairs.T-Z:4184	uncommon	common								0.213	0.096	3.3338225090602887	4.649411224895195	3.9916168669777417	7	5		3	2																																	
CAND_MEANING_001537	Meaning	low_association	1		plus	candidate_pending_human_review			USF Appendix A	USF:Cue_Target_Pairs.D-F:5604	escape	leave								0.209	0.0	4.6461537614910124	5.748735112296145	5.197444436893578	5	3		2	1																																	
CAND_MEANING_001538	Meaning	low_association	1		plus	candidate_pending_human_review			USF Appendix A	USF:Cue_Target_Pairs.P-R:9602	rubber	band								0.216	0.0	4.146128035678238	4.727636927142811	4.4368824814105245	4	4		2	1																																	
CAND_MEANING_001539	Meaning	low_association	1		plus	candidate_pending_human_review			USF Appendix A	USF:Cue_Target_Pairs.T-Z:2243	tone	sound								0.204	0.0	4.226928275145632	5.156525397326311	4.691726836235971	3	4		1	1																																	
CAND_MEANING_001540	Meaning	low_association	1		plus	candidate_pending_human_review			USF Appendix A	USF:Cue_Target_Pairs.L-O:6771	negotiation	talk								0.143	0.0	3.3606156856482254	5.931966114728173	4.646290900188199	10	3		5	1																																	
CAND_MEANING_001541	Meaning	low_association	1		plus	candidate_pending_human_review			USF Appendix A	USF:Cue_Target_Pairs.C:409	cancer	death								0.291	0.0	4.348953547981164	5.3358314028129445	4.842392475397054	5	3		2	1																																	
CAND_MEANING_001542	Meaning	low_association	1		plus	candidate_pending_human_review			USF Appendix A	USF:Cue_Target_Pairs.C:1456	cent	money								0.214	0.0	3.976376954653576	5.806698582254281	4.8915377684539285	4	4		1	2																																	
CAND_MEANING_001543	Meaning	low_association	1		plus	candidate_pending_human_review			USF Appendix A	USF:Cue_Target_Pairs.L-O:7625	numbers	math								0.233	0.0	4.597781193348688	4.21463610134108	4.406208647344884	6	3		2	1																																	
CAND_MEANING_001544	Meaning	low_association	1		plus	candidate_pending_human_review			USF Appendix A	USF:Cue_Target_Pairs.L-O:3983	medication	pill								0.156	0.0	4.106677419633984	4.072747136042215	4.0897122778381	9	3		4	1																																	
CAND_MEANING_001545	Meaning	low_association	1		plus	candidate_pending_human_review			USF Appendix A	USF:Cue_Target_Pairs.T-Z:5107	valor	bravery								0.158	0.014	3.098609797885951	3.4597471586502397	3.2791784782680953	4	6		2	3																																	
CAND_MEANING_001546	Meaning	low_association	1		plus	candidate_pending_human_review			USF Appendix A	USF:Cue_Target_Pairs.A-B:1784	ambulance	hospital								0.174	0.0	4.350476054297346	5.094107882937957	4.722291968617651	9	8		3	3																																	
CAND_MEANING_001547	Meaning	low_association	1		plus	candidate_pending_human_review			USF Appendix A	USF:Cue_Target_Pairs.G-K:4524	hook	line								0.205	0.0	4.57978359661681	5.314239100924404	4.947011348770607	3	3		1	1																																	
CAND_MEANING_001548	Meaning	low_association	1		plus	candidate_pending_human_review			USF Appendix A	USF:Cue_Target_Pairs.S:8913	sweater	warm								0.169	0.0	4.140002483044176	4.717148161233631	4.4285753221389035	5	4		2	1																																	
CAND_MEANING_001549	Meaning	low_association	1		plus	candidate_pending_human_review			USF Appendix A	USF:Cue_Target_Pairs.D-F:7308	fate	destiny								0.261	0.214	4.430732522068345	4.362467690509819	4.396600106289082	3	7		1	3																																	
CAND_MEANING_001550	Meaning	low_association	1		plus	candidate_pending_human_review			USF Appendix A	USF:Cue_Target_Pairs.G-K:2059	group	people								0.243	0.034	4.867848615116424	6.042567791992532	5.455208203554478	4	5		1	2																																	
CAND_MEANING_001551	Meaning	unrelated	0		plus	candidate_pending_human_review			USF Appendix A	USF:absent-both-directions	addiction	lounge								0.0	0.0	3.59128290031177	3.895574196522246	3.743428548417008	7	4		3	1																																	
CAND_MEANING_001552	Meaning	unrelated	0		plus	candidate_pending_human_review			USF Appendix A	USF:absent-both-directions	brave	microwave								0.0	0.0	4.501139843808465	3.59128290031177	4.046211372060117	4	8		1	3																																	
CAND_MEANING_001553	Meaning	unrelated	0		plus	candidate_pending_human_review			USF Appendix A	USF:absent-both-directions	please	recipe								0.0	0.0	6.041771849889581	3.881261549496271	4.961516699692925	4	6		1	3																																	
CAND_MEANING_001554	Meaning	unrelated	0		plus	candidate_pending_human_review			USF Appendix A	USF:absent-both-directions	darkness	dust								0.0	0.0	4.2427946782781865	4.37736339883878	4.310079038558483	7	4		2	1																																	
CAND_MEANING_001555	Meaning	unrelated	0		plus	candidate_pending_human_review			USF Appendix A	USF:absent-both-directions	shampoo	similar								0.0	0.0	3.624868283817669	4.134414628492177	3.879641456154923	5	6		2	3																																	
CAND_MEANING_001556	Meaning	unrelated	0		plus	candidate_pending_human_review			USF Appendix A	USF:absent-both-directions	addiction	step								0.0	0.0	3.59128290031177	5.074328743253213	4.332805821782491	7	4		3	1																																	
CAND_MEANING_001557	Meaning	unrelated	0		plus	candidate_pending_human_review			USF Appendix A	USF:absent-both-directions	foggy	chop								0.0	0.0	3.1119737594439325	4.1337892943569186	3.6228815269004255	4	3		2	1																																	
CAND_MEANING_001558	Meaning	unrelated	0		plus	candidate_pending_human_review			USF Appendix A	USF:absent-both-directions	shampoo	mall								0.0	0.0	3.624868283817669	4.276506857804894	3.9506875708112816	5	3		2	1																																	
CAND_MEANING_001559	Meaning	unrelated	0		plus	candidate_pending_human_review			USF Appendix A	USF:absent-both-directions	oil	symptom								0.0	0.0	4.613613851204378	3.274701056941632	3.944157454073005	2	7		1	2																																	
CAND_MEANING_001560	Meaning	unrelated	0		plus	candidate_pending_human_review			USF Appendix A	USF:absent-both-directions	sales	governor								0.0	0.0	4.1040048297726575	4.428833272036053	4.266419050904355	4	6		1	3																																	
CAND_MEANING_001561	Meaning	unrelated	0		plus	candidate_pending_human_review			USF Appendix A	USF:absent-both-directions	hostage	century								0.0	0.0	4.163418637662639	4.3189630884253605	4.241190863044	6	6		2	3																																	
CAND_MEANING_001562	Meaning	unrelated	0		plus	candidate_pending_human_review			USF Appendix A	USF:absent-both-directions	brave	appearance								0.0	0.0	4.501139843808465	4.064017304783319	4.282578574295892	4	7		1	3																																	
CAND_MEANING_001563	Meaning	unrelated	0		plus	candidate_pending_human_review			USF Appendix A	USF:absent-both-directions	component	treason								0.0	0.0	3.2009148427807133	3.705729587983315	3.4533222153820144	9	6		3	2																																	
CAND_MEANING_001564	Meaning	unrelated	0		plus	candidate_pending_human_review			USF Appendix A	USF:absent-both-directions	component	pizza								0.0	0.0	3.2009148427807133	4.5251718866228	3.863043364701757	9	5		3	2																																	
CAND_MEANING_001565	Meaning	unrelated	0		plus	candidate_pending_human_review			USF Appendix A	USF:absent-both-directions	dine	humble								0.0	0.0	3.632873938742182	3.9913998282380825	3.8121368834901324	3	6		1	2																																	
CAND_MEANING_001566	Meaning	unrelated	0		plus	candidate_pending_human_review			USF Appendix A	USF:absent-both-directions	racket	holler								0.0	0.0	3.871069033870136	3.770996319495907	3.8210326766830214	5	4		2	2																																	
CAND_MEANING_001567	Meaning	unrelated	0		plus	candidate_pending_human_review			USF Appendix A	USF:absent-both-directions	suck	nephew								0.0	0.0	4.542605771985989	4.219800186941088	4.381202979463538	3	5		1	2																																	
CAND_MEANING_001568	Meaning	unrelated	0		plus	candidate_pending_human_review			USF Appendix A	USF:absent-both-directions	garage	cyclone								0.0	0.0	4.4348192900209	2.6726410656136697	3.5537301778172847	4	6		2	2																																	
CAND_MEANING_001569	Meaning	unrelated	0		plus	candidate_pending_human_review			USF Appendix A	USF:absent-both-directions	snob	outgoing								0.0	0.0	3.337752802688721	3.2466723333413885	3.2922125680150547	4	6		1	3																																	
CAND_MEANING_001570	Meaning	unrelated	0		plus	candidate_pending_human_review			USF Appendix A	USF:absent-both-directions	reason	beneath								0.0	0.0	5.2862186377207685	4.065484517266326	4.675851577493548	5	5		2	2																																	
CAND_MEANING_001571	Meaning	unrelated	0		plus	candidate_pending_human_review			USF Appendix A	USF:absent-both-directions	fad	cloak								0.0	0.0	2.883494430928563	3.4771212547196626	3.1803078428241127	3	4		1	1																																	
CAND_MEANING_001572	Meaning	unrelated	0		plus	candidate_pending_human_review			USF Appendix A	USF:absent-both-directions	birthday	pardon								0.0	0.0	4.987736346333866	4.810548771045217	4.899142558689542	5	6		2	2																																	
CAND_MEANING_001573	Meaning	unrelated	0		plus	candidate_pending_human_review			USF Appendix A	USF:absent-both-directions	measurement	typhoon								0.0	0.0	2.723793588061051	3.167491087293764	2.9456423376774072	8	5		3	2																																	
CAND_MEANING_001574	Meaning	unrelated	0		plus	candidate_pending_human_review			USF Appendix A	USF:absent-both-directions	store	neighborhood								0.0	0.0	4.913398259546353	4.564503611402074	4.738950935474214	4	7		1	3																																	
CAND_MEANING_001575	Meaning	unrelated	0		plus	candidate_pending_human_review			USF Appendix A	USF:absent-both-directions	wary	trouble								0.0	0.0	2.872213420518874	5.349372769574941	4.110793095046907	4	6		2	2																																	
CAND_MEANING_001576	Meaning	unrelated	0		plus	candidate_pending_human_review			USF Appendix A	USF:absent-both-directions	cards	dismiss								0.0	0.0	4.681418609026778	3.738034027175661	4.20972631810122	5	6		1	2																																	
CAND_MEANING_001577	Meaning	unrelated	0		plus	candidate_pending_human_review			USF Appendix A	USF:absent-both-directions	please	mustache								0.0	0.0	6.041771849889581	3.693830364683608	4.867801107286594	4	6		1	2																																	
CAND_MEANING_001578	Meaning	unrelated	0		plus	candidate_pending_human_review			USF Appendix A	USF:absent-both-directions	fancy	comedy								0.0	0.0	4.542117251707365	4.0720263151598886	4.307071783433627	5	6		2	3																																	
CAND_MEANING_001579	Meaning	unrelated	0		plus	candidate_pending_human_review			USF Appendix A	USF:absent-both-directions	conscious	lizard								0.0	0.0	3.8327592986929373	3.685126777161729	3.758943037927333	6	5		2	2																																	
CAND_MEANING_001580	Meaning	unrelated	0		plus	candidate_pending_human_review			USF Appendix A	USF:absent-both-directions	form	chapter								0.0	0.0	4.630886317506668	4.0734667625231955	4.352176540014932	4	5		1	2																																	
CAND_MEANING_001581	Meaning	unrelated	0		plus	candidate_pending_human_review			USF Appendix A	USF:absent-both-directions	form	means								0.0	0.0	4.630886317506668	5.33915904616855	4.985022681837609	4	4		1	1																																	
CAND_MEANING_001582	Meaning	unrelated	0		plus	candidate_pending_human_review			USF Appendix A	USF:absent-both-directions	trend	eating								0.0	0.0	3.3177356891668337	4.78407161737965	4.050903653273242	5	4		1	2																																	
CAND_MEANING_001583	Meaning	unrelated	0		plus	candidate_pending_human_review			USF Appendix A	USF:absent-both-directions	reason	creation								0.0	0.0	5.2862186377207685	3.7837915177363364	4.535005077728552	5	7		2	3																																	
CAND_MEANING_001584	Meaning	unrelated	0		plus	candidate_pending_human_review			USF Appendix A	USF:absent-both-directions	wave	girls								0.0	0.0	4.327459106104431	5.3187996354757825	4.823129370790107	3	4		1	1																																	
CAND_MEANING_001585	Meaning	unrelated	0		plus	candidate_pending_human_review			USF Appendix A	USF:absent-both-directions	dine	newsstand								0.0	0.0	3.632873938742182	3.016705693502853	3.324789816122517	3	8		1	2																																	
CAND_MEANING_001586	Meaning	unrelated	0		plus	candidate_pending_human_review			USF Appendix A	USF:absent-both-directions	horse	owl								0.0	0.0	4.96793320863002	3.748795857031107	4.358364532830564	4	2		1	1																																	
CAND_MEANING_001587	Meaning	unrelated	0		plus	candidate_pending_human_review			USF Appendix A	USF:absent-both-directions	garage	freezer								0.0	0.0	4.4348192900209	3.7123855723918213	4.073602431206361	4	5		2	2																																	
CAND_MEANING_001588	Meaning	unrelated	0		plus	candidate_pending_human_review			USF Appendix A	USF:absent-both-directions	trot	flick								0.0	0.0	3.256217651247619	3.7023629472333583	3.4792902992404886	4	4		1	1																																	
CAND_MEANING_001589	Meaning	unrelated	0		plus	candidate_pending_human_review			USF Appendix A	USF:absent-both-directions	birthday	copy								0.0	0.0	4.987736346333866	4.718289968979904	4.853013157656886	5	4		2	2																																	
CAND_MEANING_001590	Meaning	unrelated	0		plus	candidate_pending_human_review			USF Appendix A	USF:absent-both-directions	reason	upstairs								0.0	0.0	5.2862186377207685	4.849575966220427	5.067897301970598	5	7		2	2																																	
CAND_MEANING_001591	Meaning	unrelated	0		plus	candidate_pending_human_review			USF Appendix A	USF:absent-both-directions	form	pour								0.0	0.0	4.630886317506668	4.17948420195302	4.405185259729844	4	3		1	1																																	
CAND_MEANING_001592	Meaning	unrelated	0		plus	candidate_pending_human_review			USF Appendix A	USF:absent-both-directions	foggy	exercise								0.0	0.0	3.1119737594439325	4.248598254377427	3.6802860069106798	4	7		2	3																																	
CAND_MEANING_001593	Meaning	unrelated	0		plus	candidate_pending_human_review			USF Appendix A	USF:absent-both-directions	claw	omelet								0.0	0.0	3.6407346869502244	3.3752151942185136	3.507974940584369	3	5		1	2																																	
CAND_MEANING_001594	Meaning	unrelated	0		plus	candidate_pending_human_review			USF Appendix A	USF:absent-both-directions	rest	flutter								0.0	0.0	5.328299637597617	2.935882500388251	4.132091068992934	4	5		1	2																																	
CAND_MEANING_001595	Meaning	unrelated	0		plus	candidate_pending_human_review			USF Appendix A	USF:absent-both-directions	damn	game								0.0	0.0	5.4525981168605755	5.368924628911785	5.41076137288618	3	3		1	1																																	
CAND_MEANING_001596	Meaning	unrelated	0		plus	candidate_pending_human_review			USF Appendix A	USF:absent-both-directions	electrician	kid								0.0	0.0	3.173243416182855	5.530450822578012	4.351847119380434	10	3		4	1																																	
CAND_MEANING_001597	Meaning	unrelated	0		plus	candidate_pending_human_review			USF Appendix A	USF:absent-both-directions	form	dresser								0.0	0.0	4.630886317506668	3.5525012118871384	4.091693764696903	4	5		1	2																																	
CAND_MEANING_001598	Meaning	unrelated	0		plus	candidate_pending_human_review			USF Appendix A	USF:absent-both-directions	trend	dissolve								0.0	0.0	3.3177356891668337	3.2701534291909113	3.2939445591788727	5	6		1	2																																	
CAND_MEANING_001599	Meaning	unrelated	0		plus	candidate_pending_human_review			USF Appendix A	USF:absent-both-directions	malaria	fry								0.0	0.0	3.2218487496163566	3.9238735929152355	3.572861171265796	7	3		4	1																																	
CAND_MEANING_001600	Meaning	unrelated	0		plus	candidate_pending_human_review			USF Appendix A	USF:absent-both-directions	sash	opening								0.0	0.0	3.055857817465001	4.58468589525854	3.8202718563617704	3	6		1	3																																	
CAND_MEANING_001601	Meaning	unrelated	0		plus	candidate_pending_human_review			USF Appendix A	USF:absent-both-directions	please	plumber								0.0	0.0	6.041771849889581	3.6522653062419517	4.847018578065766	4	5		1	2																																	
CAND_MEANING_001602	Meaning	unrelated	0		plus	candidate_pending_human_review			USF Appendix A	USF:absent-both-directions	clog	fate								0.0	0.0	2.905213680621799	4.430732522068345	3.667973101345072	4	3		1	1																																	
CAND_MEANING_001603	Meaning	unrelated	0		plus	candidate_pending_human_review			USF Appendix A	USF:absent-both-directions	hostage	butler								0.0	0.0	4.163418637662639	3.998293536185983	4.080856086924311	6	5		2	2																																	
CAND_MEANING_001604	Meaning	unrelated	0		plus	candidate_pending_human_review			USF Appendix A	USF:absent-both-directions	damn	reason								0.0	0.0	5.4525981168605755	5.2862186377207685	5.3694083772906716	3	5		1	2																																	
CAND_MEANING_001605	Meaning	unrelated	0		plus	candidate_pending_human_review			USF Appendix A	USF:absent-both-directions	claw	chipmunk								0.0	0.0	3.6407346869502244	2.915679114299964	3.2782069006250945	3	7		1	2																																	
CAND_MEANING_001606	Meaning	unrelated	0		plus	candidate_pending_human_review			USF Appendix A	USF:absent-both-directions	birthday	have								0.0	0.0	4.987736346333866	6.789680233491348	5.888708289912607	5	3		2	1																																	
CAND_MEANING_001607	Meaning	unrelated	0		plus	candidate_pending_human_review			USF Appendix A	USF:absent-both-directions	wave	element								0.0	0.0	4.327459106104431	3.8213465241797184	4.074402815142075	3	7		1	3																																	
CAND_MEANING_001608	Meaning	unrelated	0		plus	candidate_pending_human_review			USF Appendix A	USF:absent-both-directions	snob	tribute								0.0	0.0	3.337752802688721	3.718941085266639	3.52834694397768	4	7		1	2																																	
CAND_MEANING_001609	Meaning	unrelated	0		plus	candidate_pending_human_review			USF Appendix A	USF:absent-both-directions	birthday	pill								0.0	0.0	4.987736346333866	4.072747136042215	4.530241741188041	5	3		2	1																																	
CAND_MEANING_001610	Meaning	unrelated	0		plus	candidate_pending_human_review			USF Appendix A	USF:absent-both-directions	rim	keys								0.0	0.0	3.38933983691012	4.707570176097937	4.048455006504028	3	3		1	1																																	
CAND_MEANING_001611	Meaning	unrelated	0		plus	candidate_pending_human_review			USF Appendix A	USF:absent-both-directions	rim	graph								0.0	0.0	3.38933983691012	2.872213420518874	3.130776628714497	3	4		1	1																																	
CAND_MEANING_001612	Meaning	unrelated	0		plus	candidate_pending_human_review			USF Appendix A	USF:absent-both-directions	oil	wait								0.0	0.0	4.613613851204378	5.919211448423671	5.266412649814025	2	3		1	1																																	
CAND_MEANING_001613	Meaning	unrelated	0		plus	candidate_pending_human_review			USF Appendix A	USF:absent-both-directions	brave	temper								0.0	0.0	4.501139843808465	4.057352808551952	4.279246326180209	4	5		1	2																																	
CAND_MEANING_001614	Meaning	unrelated	0		plus	candidate_pending_human_review			USF Appendix A	USF:absent-both-directions	damn	mow								0.0	0.0	5.4525981168605755	3.3606156856482254	4.406606901254401	3	2		1	1																																	
CAND_MEANING_001615	Meaning	unrelated	0		plus	candidate_pending_human_review			USF Appendix A	USF:absent-both-directions	rest	jumpy								0.0	0.0	5.328299637597617	3.4910869108564864	4.409693274227052	4	5		1	2																																	
CAND_MEANING_001616	Meaning	unrelated	0		plus	candidate_pending_human_review			USF Appendix A	USF:absent-both-directions	clog	confuse								0.0	0.0	2.905213680621799	3.678036097500376	3.2916248890610875	4	7		1	2																																	
CAND_MEANING_001617	Meaning	unrelated	0		plus	candidate_pending_human_review			USF Appendix A	USF:absent-both-directions	faint	throne								0.0	0.0	3.9672909646398753	3.9368684133699023	3.952079689004889	4	4		1	1																																	
CAND_MEANING_001618	Meaning	unrelated	0		plus	candidate_pending_human_review			USF Appendix A	USF:absent-both-directions	trot	spatula								0.0	0.0	3.256217651247619	3.040617850908264	3.1484177510779414	4	7		1	3																																	
CAND_MEANING_001619	Meaning	unrelated	0		plus	candidate_pending_human_review			USF Appendix A	USF:absent-both-directions	suck	rotten								0.0	0.0	4.542605771985989	4.242307527938938	4.3924566499624635	3	5		1	2																																	
CAND_MEANING_001620	Meaning	unrelated	0		plus	candidate_pending_human_review			USF Appendix A	USF:absent-both-directions	suck	ball								0.0	0.0	4.542605771985989	5.021027067285495	4.781816419635742	3	3		1	1																																	
CAND_MEANING_001621	Meaning	unrelated	0		plus	candidate_pending_human_review			USF Appendix A	USF:absent-both-directions	snob	romantic								0.0	0.0	3.337752802688721	4.546252262610137	3.942002532649429	4	8		1	3																																	
CAND_MEANING_001622	Meaning	unrelated	0		plus	candidate_pending_human_review			USF Appendix A	USF:absent-both-directions	faint	harvest								0.0	0.0	3.9672909646398753	3.5824644352645816	3.7748776999522287	4	7		1	2																																	
CAND_MEANING_001623	Meaning	unrelated	0		plus	candidate_pending_human_review			USF Appendix A	USF:absent-both-directions	faint	equation								0.0	0.0	3.9672909646398753	3.542849826210958	3.7550703954254168	4	7		1	3																																	
CAND_MEANING_001624	Meaning	unrelated	0		plus	candidate_pending_human_review			USF Appendix A	USF:absent-both-directions	measurement	aura								0.0	0.0	2.723793588061051	3.260912772455999	2.992353180258525	8	3		3	2																																	
CAND_MEANING_001625	Meaning	unrelated	0		plus	candidate_pending_human_review			USF Appendix A	USF:absent-both-directions	measurement	story								0.0	0.0	2.723793588061051	5.343968214417391	4.033880901239221	8	5		3	2																																	
CAND_MEANING_001626	Meaning	unrelated	0		plus	candidate_pending_human_review			USF Appendix A	USF:absent-both-directions	reason	million								0.0	0.0	5.2862186377207685	5.080951711124536	5.183585174422652	5	6		2	2																																	
CAND_MEANING_001627	Meaning	unrelated	0		plus	candidate_pending_human_review			USF Appendix A	USF:absent-both-directions	sales	trace								0.0	0.0	4.1040048297726575	4.287626115499243	4.1958154726359504	4	4		1	1																																	
CAND_MEANING_001628	Meaning	unrelated	0		plus	candidate_pending_human_review			USF Appendix A	USF:absent-both-directions	pull	might								0.0	0.0	5.165692283340791	5.712946655130681	5.439319469235736	3	3		1	1																																	
CAND_MEANING_001629	Meaning	unrelated	0		plus	candidate_pending_human_review			USF Appendix A	USF:absent-both-directions	dine	stray								0.0	0.0	3.632873938742182	3.7269987279362624	3.679936333339222	3	4		1	1																																	
CAND_MEANING_001630	Meaning	unrelated	0		plus	candidate_pending_human_review			USF Appendix A	USF:absent-both-directions	school	driver								0.0	0.0	5.5225976402482555	4.675526753851158	5.099062197049706	4	5		1	2																																	
CAND_MEANING_001631	Meaning	unrelated	0		plus	candidate_pending_human_review			USF Appendix A	USF:absent-both-directions	racket	odor								0.0	0.0	3.871069033870136	3.3679767852945943	3.619522909582365	5	3		2	2																																	
CAND_MEANING_001632	Meaning	unrelated	0		plus	candidate_pending_human_review			USF Appendix A	USF:absent-both-directions	flask	connect								0.0	0.0	3.048304679574555	3.984394926669424	3.5163498031219893	5	6		1	2																																	
CAND_MEANING_001633	Meaning	unrelated	0		plus	candidate_pending_human_review			USF Appendix A	USF:absent-both-directions	rim	legend								0.0	0.0	3.38933983691012	4.2344378769243765	3.811888856917248	3	6		1	2																																	
CAND_MEANING_001634	Meaning	unrelated	0		plus	candidate_pending_human_review			USF Appendix A	USF:absent-both-directions	measurement	patrol								0.0	0.0	2.723793588061051	4.191155005491558	3.4574742967763044	8	6		3	2																																	
CAND_MEANING_001635	Meaning	unrelated	0		plus	candidate_pending_human_review			USF Appendix A	USF:absent-both-directions	clog	crooked								0.0	0.0	2.905213680621799	3.75482782180102	3.3300207512114097	4	6		1	2																																	
CAND_MEANING_001636	Meaning	unrelated	0		plus	candidate_pending_human_review			USF Appendix A	USF:absent-both-directions	malaria	college								0.0	0.0	3.2218487496163566	4.930319640482854	4.076084195049606	7	5		4	2																																	
CAND_MEANING_001637	Meaning	unrelated	0		plus	candidate_pending_human_review			USF Appendix A	USF:absent-both-directions	upstairs	price								0.0	0.0	4.849575966220427	4.727317944769379	4.788446955494903	7	4		2	1																																	
CAND_MEANING_001638	Meaning	unrelated	0		plus	candidate_pending_human_review			USF Appendix A	USF:absent-both-directions	neck	rate								0.0	0.0	4.77458851931334	4.396575374456072	4.585581946884706	3	3		1	1																																	
CAND_MEANING_001639	Meaning	unrelated	0		plus	candidate_pending_human_review			USF Appendix A	USF:absent-both-directions	horse	paradise								0.0	0.0	4.96793320863002	4.1223765198437	4.54515486423686	4	7		1	3																																	
CAND_MEANING_001640	Meaning	unrelated	0		plus	candidate_pending_human_review			USF Appendix A	USF:absent-both-directions	rim	anger								0.0	0.0	3.38933983691012	4.288503478387339	3.8389216576487293	3	4		1	2																																	
CAND_MEANING_001641	Meaning	unrelated	0		plus	candidate_pending_human_review			USF Appendix A	USF:absent-both-directions	racket	move								0.0	0.0	3.871069033870136	5.6213188637416245	4.74619394880588	5	3		2	1																																	
CAND_MEANING_001642	Meaning	unrelated	0		plus	candidate_pending_human_review			USF Appendix A	USF:absent-both-directions	pull	rank								0.0	0.0	5.165692283340791	3.928917720255429	4.54730500179811	3	4		1	1																																	
CAND_MEANING_001643	Meaning	unrelated	0		plus	candidate_pending_human_review			USF Appendix A	USF:absent-both-directions	pull	slick								0.0	0.0	5.165692283340791	3.8364978682523394	4.501095075796565	3	4		1	1																																	
CAND_MEANING_001644	Meaning	unrelated	0		plus	candidate_pending_human_review			USF Appendix A	USF:absent-both-directions	sash	thing								0.0	0.0	3.055857817465001	6.036894925680986	4.546376371572993	3	3		1	1																																	
CAND_MEANING_001645	Meaning	unrelated	0		plus	candidate_pending_human_review			USF Appendix A	USF:absent-both-directions	diaper	shame								0.0	0.0	3.6308863175066683	4.618765684830815	4.124826001168742	4	3		2	1																																	
CAND_MEANING_001646	Meaning	unrelated	0		plus	candidate_pending_human_review			USF Appendix A	USF:absent-both-directions	brake	canvas								0.0	0.0	3.7767296632488496	3.6268835750529944	3.701806619150922	4	6		1	2																																	
CAND_MEANING_001647	Meaning	unrelated	0		plus	candidate_pending_human_review			USF Appendix A	USF:absent-both-directions	neck	crack								0.0	0.0	4.77458851931334	4.516444635274928	4.645516577294134	3	4		1	1																																	
CAND_MEANING_001648	Meaning	unrelated	0		plus	candidate_pending_human_review			USF Appendix A	USF:absent-both-directions	racket	fuss								0.0	0.0	3.871069033870136	3.8535312075511197	3.8623001207106276	5	3		2	1																																	
CAND_MEANING_001649	Meaning	unrelated	0		plus	candidate_pending_human_review			USF Appendix A	USF:absent-both-directions	horse	discomfort								0.0	0.0	4.96793320863002	3.2009148427807133	4.084424025705367	4	9		1	3																																	
CAND_MEANING_001650	Meaning	unrelated	0		plus	candidate_pending_human_review			USF Appendix A	USF:absent-both-directions	rest	sickness								0.0	0.0	5.328299637597617	3.8998848471167324	4.614092242357175	4	6		1	2																																	
CAND_MEANING_001651	Meaning	unrelated	0		plus	candidate_pending_human_review			USF Appendix A	USF:absent-both-directions	wave	snorkel								0.0	0.0	4.327459106104431	2.7837915177363364	3.555625311920384	3	7		1	2																																	
CAND_MEANING_001652	Meaning	unrelated	0		plus	candidate_pending_human_review			USF Appendix A	USF:absent-both-directions	foot	reel								0.0	0.0	4.812389004654132	3.5125379119421187	4.1624634582981255	3	3		1	1																																	
CAND_MEANING_001653	Meaning	unrelated	0		plus	candidate_pending_human_review			USF Appendix A	USF:absent-both-directions	neck	fragile								0.0	0.0	4.77458851931334	3.710731115221809	4.242659817267574	3	6		1	2																																	
CAND_MEANING_001654	Meaning	unrelated	0		plus	candidate_pending_human_review			USF Appendix A	USF:absent-both-directions	shampoo	range								0.0	0.0	3.624868283817669	4.357262043640637	3.991065163729153	5	4		2	1																																	
CAND_MEANING_001655	Meaning	unrelated	0		plus	candidate_pending_human_review			USF Appendix A	USF:absent-both-directions	darkness	climber								0.0	0.0	4.2427946782781865	2.894489815230026	3.568642246754106	7	5		2	2																																	
CAND_MEANING_001656	Meaning	unrelated	0		plus	candidate_pending_human_review			USF Appendix A	USF:absent-both-directions	rest	horse								0.0	0.0	5.328299637597617	4.96793320863002	5.148116423113819	4	4		1	1																																	
CAND_MEANING_001657	Meaning	unrelated	0		plus	candidate_pending_human_review			USF Appendix A	USF:absent-both-directions	suck	lack								0.0	0.0	4.542605771985989	4.2490784031072675	4.395842087546628	3	3		1	1																																	
CAND_MEANING_001658	Meaning	unrelated	0		plus	candidate_pending_human_review			USF Appendix A	USF:absent-both-directions	wary	flat								0.0	0.0	2.872213420518874	4.418561231164048	3.645387325841461	4	4		2	1																																	
CAND_MEANING_001659	Meaning	unrelated	0		plus	candidate_pending_human_review			USF Appendix A	USF:absent-both-directions	upstairs	shield								0.0	0.0	4.849575966220427	3.9136061056770988	4.381591035948762	7	4		2	1																																	
CAND_MEANING_001660	Meaning	unrelated	0		plus	candidate_pending_human_review			USF Appendix A	USF:absent-both-directions	racket	ambulance								0.0	0.0	3.871069033870136	4.350476054297346	4.110772544083741	5	9		2	3																																	
CAND_MEANING_001661	Meaning	unrelated	0		plus	candidate_pending_human_review			USF Appendix A	USF:absent-both-directions	sales	knee								0.0	0.0	4.1040048297726575	4.16691164160153	4.135458235687094	4	2		1	1																																	
CAND_MEANING_001662	Meaning	unrelated	0		plus	candidate_pending_human_review			USF Appendix A	USF:absent-both-directions	neck	wash								0.0	0.0	4.77458851931334	4.609866320437163	4.692227419875252	3	3		1	1																																	
CAND_MEANING_001663	Meaning	unrelated	0		plus	candidate_pending_human_review			USF Appendix A	USF:absent-both-directions	sash	blend								0.0	0.0	3.055857817465001	3.6308863175066683	3.3433720674858347	3	5		1	1																																	
CAND_MEANING_001664	Meaning	unrelated	0		plus	candidate_pending_human_review			USF Appendix A	USF:absent-both-directions	claw	puzzle								0.0	0.0	3.6407346869502244	3.865301426102544	3.7530180565263844	3	5		1	2																																	
CAND_MEANING_001665	Meaning	unrelated	0		plus	candidate_pending_human_review			USF Appendix A	USF:absent-both-directions	oil	screw								0.0	0.0	4.613613851204378	4.573917711842145	4.5937657815232615	2	4		1	1																																	
CAND_MEANING_001666	Meaning	unrelated	0		plus	candidate_pending_human_review			USF Appendix A	USF:absent-both-directions	form	flexible								0.0	0.0	4.630886317506668	3.425968732272281	4.028427524889475	4	9		1	3																																	
CAND_MEANING_001667	Meaning	unrelated	0		plus	candidate_pending_human_review			USF Appendix A	USF:absent-both-directions	component	hyper								0.0	0.0	3.2009148427807133	2.9456423376774072	3.0732785902290605	9	4		3	2																																	
CAND_MEANING_001668	Meaning	unrelated	0		plus	candidate_pending_human_review			USF Appendix A	USF:absent-both-directions	malaria	follow								0.0	0.0	3.2218487496163566	5.090596883618003	4.15622281661718	7	4		4	2																																	
CAND_MEANING_001669	Meaning	unrelated	0		plus	candidate_pending_human_review			USF Appendix A	USF:absent-both-directions	darkness	sandals								0.0	0.0	4.2427946782781865	3.2369124960522324	3.7398535871652094	7	7		2	2																																	
CAND_MEANING_001670	Meaning	unrelated	0		plus	candidate_pending_human_review			USF Appendix A	USF:absent-both-directions	diaper	hula								0.0	0.0	3.6308863175066683	3.2924298239020637	3.461658070704366	4	4		2	2																																	
CAND_MEANING_001671	Meaning	unrelated	0		plus	candidate_pending_human_review			USF Appendix A	USF:absent-both-directions	suck	erect								0.0	0.0	4.542605771985989	3.070581074285707	3.806593423135848	3	5		1	2																																	
CAND_MEANING_001672	Meaning	unrelated	0		plus	candidate_pending_human_review			USF Appendix A	USF:absent-both-directions	calculator	movie								0.0	0.0	3.1119737594439325	5.089766624677413	4.100870192060673	10	4		4	2																																	
CAND_MEANING_001673	Meaning	unrelated	0		plus	candidate_pending_human_review			USF Appendix A	USF:absent-both-directions	garage	funny								0.0	0.0	4.4348192900209	5.338807911950337	4.886813600985619	4	4		2	2																																	
CAND_MEANING_001674	Meaning	unrelated	0		plus	candidate_pending_human_review			USF Appendix A	USF:absent-both-directions	component	charge								0.0	0.0	3.2009148427807133	4.9512994161040265	4.07610712944237	9	4		3	1																																	
CAND_MEANING_001675	Meaning	unrelated	0		plus	candidate_pending_human_review			USF Appendix A	USF:absent-both-directions	snob	accuse								0.0	0.0	3.337752802688721	3.75482782180102	3.5462903122448703	4	5		1	2																																	
CAND_MEANING_001676	Meaning	unrelated	0		plus	candidate_pending_human_review			USF Appendix A	USF:absent-both-directions	brake	melt								0.0	0.0	3.7767296632488496	3.864138655710751	3.8204341594798006	4	4		1	1																																	
CAND_MEANING_001677	Meaning	unrelated	0		plus	candidate_pending_human_review			USF Appendix A	USF:absent-both-directions	school	sneaky								0.0	0.0	5.5225976402482555	3.6268835750529944	4.574740607650625	4	5		1	2																																	
CAND_MEANING_001678	Meaning	unrelated	0		plus	candidate_pending_human_review			USF Appendix A	USF:absent-both-directions	racket	wolf								0.0	0.0	3.871069033870136	4.306950362659987	4.089009698265062	5	4		2	1																																	
CAND_MEANING_001679	Meaning	unrelated	0		plus	candidate_pending_human_review			USF Appendix A	USF:absent-both-directions	clog	basic								0.0	0.0	2.905213680621799	4.19225032632916	3.5487320034754797	4	5		1	2																																	
CAND_MEANING_001680	Meaning	unrelated	0		plus	candidate_pending_human_review			USF Appendix A	USF:absent-both-directions	server	tense								0.0	0.0	3.5934598195660445	4.010100326904325	3.801780073235185	4	4		2	1																																	
CAND_MEANING_001681	Meaning	unrelated	0		plus	candidate_pending_human_review			USF Appendix A	USF:absent-both-directions	trend	shoulder								0.0	0.0	3.3177356891668337	4.41823628204159	3.867985985604212	5	5		1	2																																	
CAND_MEANING_001682	Meaning	unrelated	0		plus	candidate_pending_human_review			USF Appendix A	USF:absent-both-directions	birthday	hotter								0.0	0.0	4.987736346333866	3.6690067809585756	4.328371563646221	5	4		2	2																																	
CAND_MEANING_001683	Meaning	unrelated	0		plus	candidate_pending_human_review			USF Appendix A	USF:absent-both-directions	calculator	pledge								0.0	0.0	3.1119737594439325	3.8377369403678876	3.4748553499059103	10	4		4	1																																	
CAND_MEANING_001684	Meaning	unrelated	0		plus	candidate_pending_human_review			USF Appendix A	USF:absent-both-directions	brake	public								0.0	0.0	3.7767296632488496	4.851737834809076	4.314233749028963	4	6		1	2																																	
CAND_MEANING_001685	Meaning	unrelated	0		plus	candidate_pending_human_review			USF Appendix A	USF:absent-both-directions	sales	allow								0.0	0.0	4.1040048297726575	4.647114377856792	4.375559603814725	4	3		1	2																																	
CAND_MEANING_001686	Meaning	unrelated	0		plus	candidate_pending_human_review			USF Appendix A	USF:absent-both-directions	horse	bull								0.0	0.0	4.96793320863002	4.4394874949304235	4.703710351780222	4	3		1	1																																	
CAND_MEANING_001687	Meaning	unrelated	0		plus	candidate_pending_human_review			USF Appendix A	USF:absent-both-directions	server	mimic								0.0	0.0	3.5934598195660445	2.894489815230026	3.243974817398035	4	5		2	2																																	
CAND_MEANING_001688	Meaning	unrelated	0		plus	candidate_pending_human_review			USF Appendix A	USF:absent-both-directions	suck	linen								0.0	0.0	4.542605771985989	3.4656160923143378	4.004110932150163	3	5		1	2																																	
CAND_MEANING_001689	Meaning	unrelated	0		plus	candidate_pending_human_review			USF Appendix A	USF:absent-both-directions	darkness	fling								0.0	0.0	4.2427946782781865	3.5477023290053697	3.895248503641778	7	4		2	1																																	
CAND_MEANING_001690	Meaning	unrelated	0		plus	candidate_pending_human_review			USF Appendix A	USF:absent-both-directions	electrician	sail								0.0	0.0	3.173243416182855	4.138147841868722	3.6556956290257885	10	3		4	1																																	
CAND_MEANING_001691	Meaning	unrelated	0		plus	candidate_pending_human_review			USF Appendix A	USF:absent-both-directions	cards	beauty								0.0	0.0	4.681418609026778	4.683364931005443	4.68239177001611	5	5		1	2																																	
CAND_MEANING_001692	Meaning	unrelated	0		plus	candidate_pending_human_review			USF Appendix A	USF:absent-both-directions	measurement	gone								0.0	0.0	2.723793588061051	5.472412249194655	4.098102918627854	8	3		3	1																																	
CAND_MEANING_001693	Meaning	unrelated	0		plus	candidate_pending_human_review			USF Appendix A	USF:absent-both-directions	fancy	raspberry								0.0	0.0	4.542117251707365	3.274701056941632	3.9084091543244988	5	7		2	3																																	
CAND_MEANING_001694	Meaning	unrelated	0		plus	candidate_pending_human_review			USF Appendix A	USF:absent-both-directions	pay	puff								0.0	0.0	5.405871777867385	3.6484556810951863	4.527163729481286	2	3		1	1																																	
CAND_MEANING_001695	Meaning	unrelated	0		plus	candidate_pending_human_review			USF Appendix A	USF:absent-both-directions	electrician	missing								0.0	0.0	3.173243416182855	4.944095427824999	4.058669422003927	10	5		4	2																																	
CAND_MEANING_001696	Meaning	unrelated	0		plus	candidate_pending_human_review			USF Appendix A	USF:absent-both-directions	reason	dart								0.0	0.0	5.2862186377207685	3.2836558995945584	4.2849372686576634	5	4		2	1																																	
CAND_MEANING_001697	Meaning	unrelated	0		plus	candidate_pending_human_review			USF Appendix A	USF:absent-both-directions	conscious	crime								0.0	0.0	3.8327592986929373	4.852695221764778	4.342727260228857	6	4		2	1																																	
CAND_MEANING_001698	Meaning	unrelated	0		plus	candidate_pending_human_review			USF Appendix A	USF:absent-both-directions	form	trombone								0.0	0.0	4.630886317506668	3.105343180544919	3.8681147490257937	4	7		1	2																																	
CAND_MEANING_001699	Meaning	unrelated	0		plus	candidate_pending_human_review			USF Appendix A	USF:absent-both-directions	trend	tack								0.0	0.0	3.3177356891668337	3.325853579389013	3.321794634277923	5	3		1	1																																	
CAND_MEANING_001700	Meaning	unrelated	0		plus	candidate_pending_human_review			USF Appendix A	USF:absent-both-directions	horse	analyze								0.0	0.0	4.96793320863002	3.50991376811597	4.238923488372995	4	6		1	3																																	
CAND_MEANING_001701	Meaning	unrelated	0		plus	candidate_pending_human_review			USF Appendix A	USF:absent-both-directions	brake	skyscraper								0.0	0.0	3.7767296632488496	2.894489815230026	3.3356097392394375	4	9		1	3																																	
CAND_MEANING_001702	Meaning	unrelated	0		plus	candidate_pending_human_review			USF Appendix A	USF:absent-both-directions	brave	gulp								0.0	0.0	4.501139843808465	2.9913998282380825	3.7462698360232736	4	4		1	1																																	
CAND_MEANING_001703	Meaning	unrelated	0		plus	candidate_pending_human_review			USF Appendix A	USF:absent-both-directions	store	spill								0.0	0.0	4.913398259546353	3.9279135707169757	4.420655915131665	4	4		1	1																																	
CAND_MEANING_001704	Meaning	unrelated	0		plus	candidate_pending_human_review			USF Appendix A	USF:absent-both-directions	fad	more								0.0	0.0	2.883494430928563	6.1134714640149515	4.498482947471757	3	3		1	1																																	
CAND_MEANING_001705	Meaning	unrelated	0		plus	candidate_pending_human_review			USF Appendix A	USF:absent-both-directions	horse	salute								0.0	0.0	4.96793320863002	3.8606315479690587	4.414282378299539	4	5		1	2																																	
CAND_MEANING_001706	Meaning	unrelated	0		plus	candidate_pending_human_review			USF Appendix A	USF:absent-both-directions	wary	pyramid								0.0	0.0	2.872213420518874	3.6020599913279625	3.237136705923418	4	7		2	3																																	
CAND_MEANING_001707	Meaning	unrelated	0		plus	candidate_pending_human_review			USF Appendix A	USF:absent-both-directions	hostage	void								0.0	0.0	4.163418637662639	3.6125761100131175	3.8879973738378784	6	3		2	1																																	
CAND_MEANING_001708	Meaning	unrelated	0		plus	candidate_pending_human_review			USF Appendix A	USF:absent-both-directions	suck	frustration								0.0	0.0	4.542605771985989	3.4742734118468364	4.008439591916413	3	10		1	3																																	
CAND_MEANING_001709	Meaning	unrelated	0		plus	candidate_pending_human_review			USF Appendix A	USF:absent-both-directions	addiction	pudding								0.0	0.0	3.59128290031177	3.7893594719752786	3.6903211861435246	7	5		3	2																																	
CAND_MEANING_001710	Meaning	unrelated	0		plus	candidate_pending_human_review			USF Appendix A	USF:absent-both-directions	component	grate								0.0	0.0	3.2009148427807133	3.0084331675368627	3.104674005158788	9	4		3	1																																	
CAND_MEANING_001711	Meaning	unrelated	0		plus	candidate_pending_human_review			USF Appendix A	USF:absent-both-directions	sales	share								0.0	0.0	4.1040048297726575	4.842046063421149	4.473025446596903	4	3		1	1																																	
CAND_MEANING_001712	Meaning	unrelated	0		plus	candidate_pending_human_review			USF Appendix A	USF:absent-both-directions	racket	eight								0.0	0.0	3.871069033870136	4.992267549769309	4.431668291819722	5	2		2	1																																	
CAND_MEANING_001713	Meaning	unrelated	0		plus	candidate_pending_human_review			USF Appendix A	USF:absent-both-directions	component	dip								0.0	0.0	3.2009148427807133	3.900955857479258	3.5509353501299854	9	3		3	1																																	
CAND_MEANING_001714	Meaning	unrelated	0		plus	candidate_pending_human_review			USF Appendix A	USF:absent-both-directions	electrician	tumor								0.0	0.0	3.173243416182855	3.7123855723918213	3.4428144942873384	10	4		4	2																																	
CAND_MEANING_001715	Meaning	unrelated	0		plus	candidate_pending_human_review			USF Appendix A	USF:absent-both-directions	claw	shiver								0.0	0.0	3.6407346869502244	3.184524426592544	3.4126295567713845	3	4		1	2																																	
CAND_MEANING_001716	Meaning	unrelated	0		plus	candidate_pending_human_review			USF Appendix A	USF:absent-both-directions	upstairs	way								0.0	0.0	4.849575966220427	6.153731194465553	5.50165358034299	7	2		2	1																																	
CAND_MEANING_001717	Meaning	unrelated	0		plus	candidate_pending_human_review			USF Appendix A	USF:absent-both-directions	garage	ass								0.0	0.0	4.4348192900209	5.354823761155259	4.89482152558808	4	2		2	1																																	
CAND_MEANING_001718	Meaning	unrelated	0		plus	candidate_pending_human_review			USF Appendix A	USF:absent-both-directions	faint	leap								0.0	0.0	3.9672909646398753	3.8239087409443187	3.895599852792097	4	3		1	1																																	
CAND_MEANING_001719	Meaning	unrelated	0		plus	candidate_pending_human_review			USF Appendix A	USF:absent-both-directions	foggy	vitamin								0.0	0.0	3.1119737594439325	3.425968732272281	3.268971245858107	4	7		2	3																																	
CAND_MEANING_001720	Meaning	unrelated	0		plus	candidate_pending_human_review			USF Appendix A	USF:absent-both-directions	measurement	fragile								0.0	0.0	2.723793588061051	3.710731115221809	3.21726235164143	8	6		3	2																																	
CAND_MEANING_001721	Meaning	unrelated	0		plus	candidate_pending_human_review			USF Appendix A	USF:absent-both-directions	calculator	goat								0.0	0.0	3.1119737594439325	4.022404109601619	3.567188934522776	10	3		4	1																																	
CAND_MEANING_001722	Meaning	unrelated	0		plus	candidate_pending_human_review			USF Appendix A	USF:absent-both-directions	sales	rise								0.0	0.0	4.1040048297726575	4.438247538393892	4.271126184083275	4	3		1	1																																	
CAND_MEANING_001723	Meaning	unrelated	0		plus	candidate_pending_human_review			USF Appendix A	USF:absent-both-directions	fad	broth								0.0	0.0	2.883494430928563	2.9456423376774072	2.914568384302985	3	4		1	1																																	
CAND_MEANING_001724	Meaning	unrelated	0		plus	candidate_pending_human_review			USF Appendix A	USF:absent-both-directions	rest	knob								0.0	0.0	5.328299637597617	3.38933983691012	4.358819737253868	4	3		1	1																																	
CAND_MEANING_001725	Meaning	unrelated	0		plus	candidate_pending_human_review			USF Appendix A	USF:absent-both-directions	clog	looks								0.0	0.0	2.905213680621799	5.493444382115436	4.199329031368618	4	4		1	1																																	
CAND_MEANING_001726	Meaning	unrelated	0		plus	candidate_pending_human_review			USF Appendix A	USF:absent-both-directions	calculator	grown								0.0	0.0	3.1119737594439325	4.3979400086720375	3.754956884057985	10	4		4	1																																	
CAND_MEANING_001727	Meaning	unrelated	0		plus	candidate_pending_human_review			USF Appendix A	USF:absent-both-directions	flask	measurement								0.0	0.0	3.048304679574555	2.723793588061051	2.886049133817803	5	8		1	3																																	
CAND_MEANING_001728	Meaning	unrelated	0		plus	candidate_pending_human_review			USF Appendix A	USF:absent-both-directions	calculator	amount								0.0	0.0	3.1119737594439325	4.393489178810179	3.7527314691270557	10	5		4	2																																	
CAND_MEANING_001729	Meaning	unrelated	0		plus	candidate_pending_human_review			USF Appendix A	USF:absent-both-directions	pull	honest								0.0	0.0	5.165692283340791	4.859338479128867	5.012515381234829	3	5		1	2																																	
CAND_MEANING_001730	Meaning	unrelated	0		plus	candidate_pending_human_review			USF Appendix A	USF:absent-both-directions	oil	bread								0.0	0.0	4.613613851204378	4.45229767099463	4.532955761099505	2	4		1	1																																	
CAND_MEANING_001731	Meaning	unrelated	0		plus	candidate_pending_human_review			USF Appendix A	USF:absent-both-directions	damn	circumstance								0.0	0.0	5.4525981168605755	3.3136191229720016	4.383108619916289	3	10		1	3																																	
CAND_MEANING_001732	Meaning	unrelated	0		plus	candidate_pending_human_review			USF Appendix A	USF:absent-both-directions	cards	tragedy								0.0	0.0	4.681418609026778	4.151568121196594	4.416493365111686	5	7		1	3																																	
CAND_MEANING_001733	Meaning	unrelated	0		plus	candidate_pending_human_review			USF Appendix A	USF:absent-both-directions	form	original								0.0	0.0	4.630886317506668	4.4507923159973135	4.540839316751991	4	7		1	4																																	
CAND_MEANING_001734	Meaning	unrelated	0		plus	candidate_pending_human_review			USF Appendix A	USF:absent-both-directions	suck	pendulum								0.0	0.0	4.542605771985989	2.723793588061051	3.63319968002352	3	8		1	3																																	
CAND_MEANING_001735	Meaning	unrelated	0		plus	candidate_pending_human_review			USF Appendix A	USF:absent-both-directions	measurement	sweep								0.0	0.0	2.723793588061051	3.9781715625043272	3.350982575282689	8	4		3	1																																	
CAND_MEANING_001736	Meaning	unrelated	0		plus	candidate_pending_human_review			USF Appendix A	USF:absent-both-directions	snob	leader								0.0	0.0	3.337752802688721	4.493553721109443	3.915653261899082	4	4		1	2																																	
CAND_MEANING_001737	Meaning	unrelated	0		plus	candidate_pending_human_review			USF Appendix A	USF:absent-both-directions	rest	geese								0.0	0.0	5.328299637597617	3.2009148427807133	4.264607240189165	4	3		1	1																																	
CAND_MEANING_001738	Meaning	unrelated	0		plus	candidate_pending_human_review			USF Appendix A	USF:absent-both-directions	reason	joker								0.0	0.0	5.2862186377207685	3.6597857449280826	4.473002191324426	5	4		2	2																																	
CAND_MEANING_001739	Meaning	unrelated	0		plus	candidate_pending_human_review			USF Appendix A	USF:absent-both-directions	sash	prank								0.0	0.0	3.055857817465001	3.6020599913279625	3.328958904396482	3	5		1	1																																	
CAND_MEANING_001740	Meaning	unrelated	0		plus	candidate_pending_human_review			USF Appendix A	USF:absent-both-directions	pay	borrow								0.0	0.0	5.405871777867385	4.467071016562512	4.936471397214948	2	4		1	2																																	
CAND_MEANING_001741	Meaning	unrelated	0		plus	candidate_pending_human_review			USF Appendix A	USF:absent-both-directions	server	freckle								0.0	0.0	3.5934598195660445	2.769551078621726	3.181505449093885	4	6		2	2																																	
CAND_MEANING_001742	Meaning	unrelated	0		plus	candidate_pending_human_review			USF Appendix A	USF:absent-both-directions	claw	snuggle								0.0	0.0	3.6407346869502244	3.1119737594439325	3.3763542231970787	3	6		1	2																																	
CAND_MEANING_001743	Meaning	unrelated	0		plus	candidate_pending_human_review			USF Appendix A	USF:absent-both-directions	diaper	ape								0.0	0.0	3.6308863175066683	3.9852767431792935	3.8080815303429807	4	2		2	1																																	
CAND_MEANING_001744	Meaning	unrelated	0		plus	candidate_pending_human_review			USF Appendix A	USF:absent-both-directions	damn	selection								0.0	0.0	5.4525981168605755	3.657917808792963	4.5552579628267695	3	8		1	3																																	
CAND_MEANING_001745	Meaning	unrelated	0		plus	candidate_pending_human_review			USF Appendix A	USF:absent-both-directions	component	gauge								0.0	0.0	3.2009148427807133	3.3416478465722452	3.2712813446764795	9	3		3	1																																	
CAND_MEANING_001746	Meaning	unrelated	0		plus	candidate_pending_human_review			USF Appendix A	USF:absent-both-directions	conscious	famine								0.0	0.0	3.8327592986929373	3.2009148427807133	3.516837070736825	6	5		2	2																																	
CAND_MEANING_001747	Meaning	unrelated	0		plus	candidate_pending_human_review			USF Appendix A	USF:absent-both-directions	flask	doll								0.0	0.0	3.048304679574555	4.393833174457394	3.721068927015975	5	3		1	1																																	
CAND_MEANING_001748	Meaning	unrelated	0		plus	candidate_pending_human_review			USF Appendix A	USF:absent-both-directions	wave	fungus								0.0	0.0	4.327459106104431	3.3416478465722452	3.834553476338338	3	6		1	2																																	
CAND_MEANING_001749	Meaning	unrelated	0		plus	candidate_pending_human_review			USF Appendix A	USF:absent-both-directions	shampoo	tantrum								0.0	0.0	3.624868283817669	2.9456423376774072	3.285255310747538	5	7		2	2																																	
CAND_MEANING_001750	Meaning	unrelated	0		plus	candidate_pending_human_review			USF Appendix A	USF:absent-both-directions	calculator	chance								0.0	0.0	3.1119737594439325	5.38244084790921	4.247207303676571	10	4		4	1																																	
CAND_MEANING_001751	Meaning	unrelated	0		plus	candidate_pending_human_review			USF Appendix A	USF:absent-both-directions	form	attitude								0.0	0.0	4.630886317506668	4.416281464869149	4.523583891187909	4	6		1	3																																	
CAND_MEANING_001752	Meaning	unrelated	0		plus	candidate_pending_human_review			USF Appendix A	USF:absent-both-directions	component	ignorant								0.0	0.0	3.2009148427807133	3.7962205069592447	3.498567674869979	9	7		3	3																																	
CAND_MEANING_001753	Meaning	unrelated	0		plus	candidate_pending_human_review			USF Appendix A	USF:absent-both-directions	damn	despair								0.0	0.0	5.4525981168605755	3.7681010122264933	4.610349564543535	3	6		1	2																																	
CAND_MEANING_001754	Meaning	unrelated	0		plus	candidate_pending_human_review			USF Appendix A	USF:absent-both-directions	foggy	paw								0.0	0.0	3.1119737594439325	3.493826948222515	3.302900353833224	4	2		2	1																																	
CAND_MEANING_001755	Meaning	unrelated	0		plus	candidate_pending_human_review			USF Appendix A	USF:absent-both-directions	foggy	mail								0.0	0.0	3.1119737594439325	4.566356604002589	3.839165181723261	4	3		2	1																																	
CAND_MEANING_001756	Meaning	unrelated	0		plus	candidate_pending_human_review			USF Appendix A	USF:absent-both-directions	calculator	inferior								0.0	0.0	3.1119737594439325	3.4855544222565253	3.298764090850229	10	7		4	4																																	
CAND_MEANING_001757	Meaning	unrelated	0		plus	candidate_pending_human_review			USF Appendix A	USF:absent-both-directions	trot	switch								0.0	0.0	3.256217651247619	4.448978975233845	3.852598313240732	4	4		1	1																																	
CAND_MEANING_001758	Meaning	unrelated	0		plus	candidate_pending_human_review			USF Appendix A	USF:absent-both-directions	neck	naive								0.0	0.0	4.77458851931334	3.809625721852038	4.292107120582689	3	4		1	2																																	
CAND_MEANING_001759	Meaning	unrelated	0		plus	candidate_pending_human_review			USF Appendix A	USF:absent-both-directions	store	cue								0.0	0.0	4.913398259546353	3.8912203306651785	4.402309295105766	4	3		1	1																																	
CAND_MEANING_001760	Meaning	unrelated	0		plus	candidate_pending_human_review			USF Appendix A	USF:absent-both-directions	neck	battle								0.0	0.0	4.77458851931334	4.625877098398814	4.700232808856077	3	5		1	2																																	
CAND_MEANING_001761	Meaning	unrelated	0		plus	candidate_pending_human_review			USF Appendix A	USF:absent-both-directions	fancy	stay								0.0	0.0	4.542117251707365	5.712352544939666	5.127234898323516	5	3		2	1																																	
CAND_MEANING_001762	Meaning	unrelated	0		plus	candidate_pending_human_review			USF Appendix A	USF:absent-both-directions	blur	flake								0.0	0.0	3.329856321842687	3.2418198305469765	3.285838076194832	3	4		1	1																																	
CAND_MEANING_001763	Meaning	unrelated	0		plus	candidate_pending_human_review			USF Appendix A	USF:absent-both-directions	faint	lonely								0.0	0.0	3.9672909646398753	4.619788758288394	4.293539861464135	4	5		1	2																																	
CAND_MEANING_001764	Meaning	unrelated	0		plus	candidate_pending_human_review			USF Appendix A	USF:absent-both-directions	birthday	treatment								0.0	0.0	4.987736346333866	4.285866054399675	4.6368012003667705	5	8		2	2																																	
CAND_MEANING_001765	Meaning	unrelated	0		plus	candidate_pending_human_review			USF Appendix A	USF:absent-both-directions	wave	stranger								0.0	0.0	4.327459106104431	4.431363764158988	4.3794114351317095	3	7		1	2																																	
CAND_MEANING_001766	Meaning	unrelated	0		plus	candidate_pending_human_review			USF Appendix A	USF:absent-both-directions	birthday	comfortable								0.0	0.0	4.987736346333866	4.674086306487851	4.830911326410859	5	10		2	4																																	
CAND_MEANING_001767	Meaning	unrelated	0		plus	candidate_pending_human_review			USF Appendix A	USF:absent-both-directions	brave	voice								0.0	0.0	4.501139843808465	4.935289876486555	4.71821486014751	4	3		1	1																																	
CAND_MEANING_001768	Meaning	unrelated	0		plus	candidate_pending_human_review			USF Appendix A	USF:absent-both-directions	faint	sweetheart								0.0	0.0	3.9672909646398753	4.807243118901349	4.387267041770612	4	8		1	2																																	
CAND_MEANING_001769	Meaning	unrelated	0		plus	candidate_pending_human_review			USF Appendix A	USF:absent-both-directions	snob	try								0.0	0.0	3.337752802688721	5.678286236263478	4.5080195194760995	4	3		1	1																																	
CAND_MEANING_001770	Meaning	unrelated	0		plus	candidate_pending_human_review			USF Appendix A	USF:absent-both-directions	wary	consumer								0.0	0.0	2.872213420518874	3.3177356891668337	3.094974554842854	4	7		2	3																																	
CAND_MEANING_001771	Meaning	unrelated	0		plus	candidate_pending_human_review			USF Appendix A	USF:absent-both-directions	sales	school								0.0	0.0	4.1040048297726575	5.5225976402482555	4.8133012350104565	4	4		1	1																																	
CAND_MEANING_001772	Meaning	unrelated	0		plus	candidate_pending_human_review			USF Appendix A	USF:absent-both-directions	faint	ballerina								0.0	0.0	3.9672909646398753	3.364311831208189	3.6658013979240325	4	7		1	4																																	
CAND_MEANING_001773	Meaning	unrelated	0		plus	candidate_pending_human_review			USF Appendix A	USF:absent-both-directions	brake	woods								0.0	0.0	3.7767296632488496	4.463278027545373	4.120003845397111	4	4		1	1																																	
CAND_MEANING_001774	Meaning	unrelated	0		plus	candidate_pending_human_review			USF Appendix A	USF:absent-both-directions	school	branch								0.0	0.0	5.5225976402482555	4.00339294289734	4.762995291572798	4	5		1	1																																	
CAND_MEANING_001775	Meaning	unrelated	0		plus	candidate_pending_human_review			USF Appendix A	USF:absent-both-directions	brake	domain								0.0	0.0	3.7767296632488496	3.4130037551079138	3.5948667091783815	4	5		1	2																																	
CAND_MEANING_001776	Meaning	unrelated	0		plus	candidate_pending_human_review			USF Appendix A	USF:absent-both-directions	dine	ease								0.0	0.0	3.632873938742182	4.280988780780679	3.9569313597614304	3	2		1	1																																	
CAND_MEANING_001777	Meaning	unrelated	0		plus	candidate_pending_human_review			USF Appendix A	USF:absent-both-directions	sash	scientific								0.0	0.0	3.055857817465001	4.055857817465001	3.555857817465001	3	9		1	4																																	
CAND_MEANING_001778	Meaning	unrelated	0		plus	candidate_pending_human_review			USF Appendix A	USF:absent-both-directions	racket	write								0.0	0.0	3.871069033870136	5.1031326848491805	4.487100859359658	5	3		2	1																																	
CAND_MEANING_001779	Meaning	unrelated	0		plus	candidate_pending_human_review			USF Appendix A	USF:absent-both-directions	darkness	bourbon								0.0	0.0	4.2427946782781865	3.7962205069592447	4.019507592618716	7	5		2	2																																	
CAND_MEANING_001780	Meaning	unrelated	0		plus	candidate_pending_human_review			USF Appendix A	USF:absent-both-directions	oil	aggressive								0.0	0.0	4.613613851204378	3.8998848471167324	4.256749349160556	2	7		1	3																																	
CAND_MEANING_001781	Meaning	unrelated	0		plus	candidate_pending_human_review			USF Appendix A	USF:absent-both-directions	rim	state								0.0	0.0	3.38933983691012	5.032792513396307	4.2110661751532135	3	4		1	1																																	
CAND_MEANING_001782	Meaning	unrelated	0		plus	candidate_pending_human_review			USF Appendix A	USF:absent-both-directions	form	backbone								0.0	0.0	4.630886317506668	3.2167091099639453	3.923797713735307	4	6		1	2																																	
CAND_MEANING_001783	Meaning	unrelated	0		plus	candidate_pending_human_review			USF Appendix A	USF:absent-both-directions	addiction	nut								0.0	0.0	3.59128290031177	4.193888145298176	3.892585522804973	7	3		3	1																																	
CAND_MEANING_001784	Meaning	unrelated	0		plus	candidate_pending_human_review			USF Appendix A	USF:absent-both-directions	upstairs	etiquette								0.0	0.0	4.849575966220427	3.274701056941632	4.062138511581029	7	6		2	3																																	
CAND_MEANING_001785	Meaning	unrelated	0		plus	candidate_pending_human_review			USF Appendix A	USF:absent-both-directions	darkness	dash								0.0	0.0	4.2427946782781865	3.780980540402508	4.011887609340347	7	3		2	1																																	
CAND_MEANING_001786	Meaning	unrelated	0		plus	candidate_pending_human_review			USF Appendix A	USF:absent-both-directions	dine	voodoo								0.0	0.0	3.632873938742182	3.678036097500376	3.6554550181212786	3	4		1	2																																	
CAND_MEANING_001787	Meaning	unrelated	0		plus	candidate_pending_human_review			USF Appendix A	USF:absent-both-directions	oil	malt								0.0	0.0	4.613613851204378	3.2167091099639453	3.9151614805841617	2	4		1	1																																	
CAND_MEANING_001788	Meaning	unrelated	0		plus	candidate_pending_human_review			USF Appendix A	USF:absent-both-directions	rest	spy								0.0	0.0	5.328299637597617	4.302305457614224	4.815302547605921	4	3		1	1																																	
CAND_MEANING_001789	Meaning	unrelated	0		plus	candidate_pending_human_review			USF Appendix A	USF:absent-both-directions	fad	armor								0.0	0.0	2.883494430928563	3.862972763783961	3.373233597356262	3	4		1	2																																	
CAND_MEANING_001790	Meaning	unrelated	0		plus	candidate_pending_human_review			USF Appendix A	USF:absent-both-directions	claw	sprain								0.0	0.0	3.6407346869502244	2.9258982794816504	3.2833164832159376	3	5		1	1																																	
CAND_MEANING_001791	Meaning	unrelated	0		plus	candidate_pending_human_review			USF Appendix A	USF:absent-both-directions	fad	blood								0.0	0.0	2.883494430928563	5.269787553447365	4.076640992187964	3	4		1	1																																	
CAND_MEANING_001792	Meaning	unrelated	0		plus	candidate_pending_human_review			USF Appendix A	USF:absent-both-directions	foggy	villain								0.0	0.0	3.1119737594439325	3.618765684830815	3.3653697221373737	4	5		2	2																																	
CAND_MEANING_001793	Meaning	unrelated	0		plus	candidate_pending_human_review			USF Appendix A	USF:absent-both-directions	trend	thicket								0.0	0.0	3.3177356891668337	2.6726410656136697	2.9951883773902517	5	5		1	2																																	
CAND_MEANING_001794	Meaning	unrelated	0		plus	candidate_pending_human_review			USF Appendix A	USF:absent-both-directions	calculator	explode								0.0	0.0	3.1119737594439325	3.9905303695254535	3.551252064484693	10	7		4	2																																	
CAND_MEANING_001795	Meaning	unrelated	0		plus	candidate_pending_human_review			USF Appendix A	USF:absent-both-directions	sales	indoors								0.0	0.0	4.1040048297726575	3.3928003690196267	3.748402599396142	4	6		1	2																																	
CAND_MEANING_001796	Meaning	unrelated	0		plus	candidate_pending_human_review			USF Appendix A	USF:absent-both-directions	rest	suitcase								0.0	0.0	5.328299637597617	4.1268505275835965	4.727575082590606	4	6		1	2																																	
CAND_MEANING_001797	Meaning	unrelated	0		plus	candidate_pending_human_review			USF Appendix A	USF:absent-both-directions	wary	gavel								0.0	0.0	2.872213420518874	2.883494430928563	2.877853925723718	4	5		2	2																																	
CAND_MEANING_001798	Meaning	unrelated	0		plus	candidate_pending_human_review			USF Appendix A	USF:absent-both-directions	component	fence								0.0	0.0	3.2009148427807133	4.205713725662482	3.703314284221598	9	4		3	1																																	
CAND_MEANING_001799	Meaning	unrelated	0		plus	candidate_pending_human_review			USF Appendix A	USF:absent-both-directions	dine	blueberry								0.0	0.0	3.632873938742182	3.4097011195578277	3.5212875291500048	3	7		1	3																																	
CAND_MEANING_001800	Meaning	unrelated	0		plus	candidate_pending_human_review			USF Appendix A	USF:absent-both-directions	reason	slab								0.0	0.0	5.2862186377207685	3.2655576775017625	4.2758881576112655	5	4		2	1																																	
CAND_MEANING_001801	Meaning	unrelated	0		plus	candidate_pending_human_review			USF Appendix A	USF:absent-both-directions	server	loud								0.0	0.0	3.5934598195660445	4.60013974730687	4.096799783436458	4	3		2	1																																	
CAND_MEANING_001802	Meaning	unrelated	0		plus	candidate_pending_human_review			USF Appendix A	USF:absent-both-directions	rim	bald								0.0	0.0	3.38933983691012	3.987911500392261	3.6886256686511905	3	4		1	1																																	
CAND_MEANING_001803	Meaning	unrelated	0		plus	candidate_pending_human_review			USF Appendix A	USF:absent-both-directions	rest	hunting								0.0	0.0	5.328299637597617	4.326255517855374	4.827277577726496	4	6		1	2																																	
CAND_MEANING_001804	Meaning	unrelated	0		plus	candidate_pending_human_review			USF Appendix A	USF:absent-both-directions	garage	hamburger								0.0	0.0	4.4348192900209	3.8912203306651785	4.163019810343039	4	7		2	3																																	
CAND_MEANING_001805	Meaning	unrelated	0		plus	candidate_pending_human_review			USF Appendix A	USF:absent-both-directions	foggy	eager								0.0	0.0	3.1119737594439325	3.8364978682523394	3.4742358138481357	4	3		2	2																																	
CAND_MEANING_001806	Meaning	unrelated	0		plus	candidate_pending_human_review			USF Appendix A	USF:absent-both-directions	foggy	date								0.0	0.0	3.1119737594439325	5.150846701625552	4.131410230534742	4	3		2	1																																	
CAND_MEANING_001807	Meaning	unrelated	0		plus	candidate_pending_human_review			USF Appendix A	USF:absent-both-directions	neck	off								0.0	0.0	4.77458851931334	6.071701555031995	5.4231450371726675	3	2		1	1																																	
CAND_MEANING_001808	Meaning	unrelated	0		plus	candidate_pending_human_review			USF Appendix A	USF:absent-both-directions	school	sound								0.0	0.0	5.5225976402482555	5.156525397326311	5.339561518787283	4	4		1	1																																	
CAND_MEANING_001809	Meaning	unrelated	0		plus	candidate_pending_human_review			USF Appendix A	USF:absent-both-directions	foggy	restroom								0.0	0.0	3.1119737594439325	3.38933983691012	3.250656798177026	4	7		2	2																																	
CAND_MEANING_001810	Meaning	unrelated	0		plus	candidate_pending_human_review			USF Appendix A	USF:absent-both-directions	snob	biology								0.0	0.0	3.337752802688721	3.6903698325741012	3.514061317631411	4	7		1	4																																	
CAND_MEANING_001811	Meaning	unrelated	0		plus	candidate_pending_human_review			USF Appendix A	USF:absent-both-directions	oil	stack								0.0	0.0	4.613613851204378	3.7851902129289012	4.19940203206664	2	4		1	1																																	
CAND_MEANING_001812	Meaning	unrelated	0		plus	candidate_pending_human_review			USF Appendix A	USF:absent-both-directions	neck	supervisor								0.0	0.0	4.77458851931334	3.775303407510817	4.274945963412079	3	8		1	4																																	
CAND_MEANING_001813	Meaning	unrelated	0		plus	candidate_pending_human_review			USF Appendix A	USF:absent-both-directions	fad	prickly								0.0	0.0	2.883494430928563	2.75482782180102	2.8191611263647913	3	6		1	2																																	
CAND_MEANING_001814	Meaning	unrelated	0		plus	candidate_pending_human_review			USF Appendix A	USF:absent-both-directions	foot	bump								0.0	0.0	4.812389004654132	4.091770373355645	4.452079689004888	3	4		1	1																																	
CAND_MEANING_001815	Meaning	unrelated	0		plus	candidate_pending_human_review			USF Appendix A	USF:absent-both-directions	fad	sky								0.0	0.0	2.883494430928563	4.6513160283079324	3.7674052296182476	3	3		1	1																																	
CAND_MEANING_001816	Meaning	unrelated	0		plus	candidate_pending_human_review			USF Appendix A	USF:absent-both-directions	cards	king								0.0	0.0	4.681418609026778	5.111447022591123	4.89643281580895	5	3		1	1																																	
CAND_MEANING_001817	Meaning	unrelated	0		plus	candidate_pending_human_review			USF Appendix A	USF:absent-both-directions	component	misery								0.0	0.0	3.2009148427807133	4.013415568055803	3.6071652054182577	9	5		3	3																																	
CAND_MEANING_001818	Meaning	unrelated	0		plus	candidate_pending_human_review			USF Appendix A	USF:absent-both-directions	malaria	dusk								0.0	0.0	3.2218487496163566	3.0777596589128304	3.1498042042645933	7	4		4	1																																	
CAND_MEANING_001819	Meaning	unrelated	0		plus	candidate_pending_human_review			USF Appendix A	USF:absent-both-directions	school	flip								0.0	0.0	5.5225976402482555	4.154561203215101	4.838579421731678	4	4		1	1																																	
CAND_MEANING_001820	Meaning	unrelated	0		plus	candidate_pending_human_review			USF Appendix A	USF:absent-both-directions	server	permission								0.0	0.0	3.5934598195660445	4.493006750656912	4.043233285111478	4	7		2	3																																	
CAND_MEANING_001821	Meaning	unrelated	0		plus	candidate_pending_human_review			USF Appendix A	USF:absent-both-directions	brave	sneaker								0.0	0.0	4.501139843808465	2.8364978682523394	3.668818856030402	4	5		1	2																																	
CAND_MEANING_001822	Meaning	unrelated	0		plus	candidate_pending_human_review			USF Appendix A	USF:absent-both-directions	addiction	committee								0.0	0.0	3.59128290031177	4.342809580163522	3.9670462402376456	7	6		3	3																																	
CAND_MEANING_001823	Meaning	unrelated	0		plus	candidate_pending_human_review			USF Appendix A	USF:absent-both-directions	snob	behind								0.0	0.0	3.337752802688721	5.2738406640679525	4.305796733378337	4	6		1	2																																	
CAND_MEANING_001824	Meaning	unrelated	0		plus	candidate_pending_human_review			USF Appendix A	USF:absent-both-directions	store	notify								0.0	0.0	4.913398259546353	3.857095888154153	4.385247073850254	4	6		1	3																																	
CAND_MEANING_001825	Meaning	unrelated	0		plus	candidate_pending_human_review			USF Appendix A	USF:absent-both-directions	horse	virgin								0.0	0.0	4.96793320863002	4.2751532115706095	4.621543210100315	4	5		1	2																																	
CAND_MEANING_001826	Meaning	unrelated	0		plus	candidate_pending_human_review			USF Appendix A	USF:absent-both-directions	darkness	elf								0.0	0.0	4.2427946782781865	3.577987132909837	3.910390905594012	7	3		2	1																																	
CAND_MEANING_001827	Meaning	unrelated	0		plus	candidate_pending_human_review			USF Appendix A	USF:absent-both-directions	flask	scalpel								0.0	0.0	3.048304679574555	3.4992556999339133	3.273780189754234	5	7		1	2																																	
CAND_MEANING_001828	Meaning	unrelated	0		plus	candidate_pending_human_review			USF Appendix A	USF:absent-both-directions	clog	niece								0.0	0.0	2.905213680621799	3.979066093164357	3.442139886893078	4	3		1	1																																	
CAND_MEANING_001829	Meaning	unrelated	0		plus	candidate_pending_human_review			USF Appendix A	USF:absent-both-directions	trot	croak								0.0	0.0	3.256217651247619	3.063281835544208	3.1597497433959134	4	4		1	1																																	
CAND_MEANING_001830	Meaning	unrelated	0		plus	candidate_pending_human_review			USF Appendix A	USF:absent-both-directions	darkness	poverty								0.0	0.0	4.2427946782781865	3.6368220975871743	3.9398083879326804	7	6		2	3																																	
CAND_MEANING_001831	Meaning	unrelated	0		plus	candidate_pending_human_review			USF Appendix A	USF:absent-both-directions	oil	royalty								0.0	0.0	4.613613851204378	3.5934598195660445	4.103536835385212	2	6		1	3																																	
CAND_MEANING_001832	Meaning	unrelated	0		plus	candidate_pending_human_review			USF Appendix A	USF:absent-both-directions	racket	full								0.0	0.0	3.871069033870136	5.222461438853037	4.546765236361586	5	3		2	1																																	
CAND_MEANING_001833	Meaning	unrelated	0		plus	candidate_pending_human_review			USF Appendix A	USF:absent-both-directions	rim	lipstick								0.0	0.0	3.38933983691012	3.944676164905387	3.6670080009077535	3	7		1	2																																	
CAND_MEANING_001834	Meaning	unrelated	0		plus	candidate_pending_human_review			USF Appendix A	USF:absent-both-directions	brake	rooster								0.0	0.0	3.7767296632488496	3.5868960500636566	3.6818128566562534	4	5		1	2																																	
CAND_MEANING_001835	Meaning	unrelated	0		plus	candidate_pending_human_review			USF Appendix A	USF:absent-both-directions	rim	elegant								0.0	0.0	3.38933983691012	3.7975798022219696	3.5934598195660445	3	7		1	3																																	
CAND_MEANING_001836	Meaning	unrelated	0		plus	candidate_pending_human_review			USF Appendix A	USF:absent-both-directions	snob	poem								0.0	0.0	3.337752802688721	4.135039063512625	3.736395933100673	4	4		1	2																																	
CAND_MEANING_001837	Meaning	unrelated	0		plus	candidate_pending_human_review			USF Appendix A	USF:absent-both-directions	cards	annoying								0.0	0.0	4.681418609026778	4.046012882794971	4.363715745910874	5	5		1	3																																	
CAND_MEANING_001838	Meaning	unrelated	0		plus	candidate_pending_human_review			USF Appendix A	USF:absent-both-directions	store	defeat								0.0	0.0	4.913398259546353	4.055857817465001	4.484628038505678	4	5		1	2																																	
CAND_MEANING_001839	Meaning	unrelated	0		plus	candidate_pending_human_review			USF Appendix A	USF:absent-both-directions	wary	loving								0.0	0.0	2.872213420518874	4.3979400086720375	3.6350767145954554	4	5		2	2																																	
CAND_MEANING_001840	Meaning	unrelated	0		plus	candidate_pending_human_review			USF Appendix A	USF:absent-both-directions	pay	gray								0.0	0.0	5.405871777867385	4.324645527200046	4.865258652533715	2	3		1	1																																	
CAND_MEANING_001841	Meaning	unrelated	0		plus	candidate_pending_human_review			USF Appendix A	USF:absent-both-directions	reason	product								0.0	0.0	5.2862186377207685	4.168647664493706	4.727433151107237	5	7		2	2																																	
CAND_MEANING_001842	Meaning	unrelated	0		plus	candidate_pending_human_review			USF Appendix A	USF:absent-both-directions	conscious	fray								0.0	0.0	3.8327592986929373	2.973671061277651	3.403215179985294	6	3		2	1																																	
CAND_MEANING_001843	Meaning	unrelated	0		plus	candidate_pending_human_review			USF Appendix A	USF:absent-both-directions	wary	forceful								0.0	0.0	2.872213420518874	2.935882500388251	2.9040479604535623	4	7		2	2																																	
CAND_MEANING_001844	Meaning	unrelated	0		plus	candidate_pending_human_review			USF Appendix A	USF:absent-both-directions	measurement	gloomy								0.0	0.0	2.723793588061051	3.3823349353414613	3.053064261701256	8	5		3	2																																	
CAND_MEANING_001845	Meaning	unrelated	0		plus	candidate_pending_human_review			USF Appendix A	USF:absent-both-directions	foggy	dot								0.0	0.0	3.1119737594439325	3.8213465241797184	3.4666601418118255	4	3		2	1																																	
CAND_MEANING_001846	Meaning	unrelated	0		plus	candidate_pending_human_review			USF Appendix A	USF:absent-both-directions	damn	yawn								0.0	0.0	5.4525981168605755	3.0	4.226299058430287	3	3		1	1																																	
CAND_MEANING_001847	Meaning	unrelated	0		plus	candidate_pending_human_review			USF Appendix A	USF:absent-both-directions	claw	fragrance								0.0	0.0	3.6407346869502244	3.070581074285707	3.355657880617966	3	8		1	2																																	
CAND_MEANING_001848	Meaning	unrelated	0		plus	candidate_pending_human_review			USF Appendix A	USF:absent-both-directions	horse	realize								0.0	0.0	4.96793320863002	4.897950347339533	4.932941777984777	4	6		1	3																																	
CAND_MEANING_001849	Meaning	unrelated	0		plus	candidate_pending_human_review			USF Appendix A	USF:absent-both-directions	diaper	widow								0.0	0.0	3.6308863175066683	4.082714987935305	3.856800652720987	4	4		2	2																																	
CAND_MEANING_001850	Meaning	unrelated	0		plus	candidate_pending_human_review			USF Appendix A	USF:absent-both-directions	wary	wet								0.0	0.0	2.872213420518874	4.5934598195660445	3.732836620042459	4	3		2	1																																	
CAND_MEANING_001851	Meaning	unrelated	0		plus	candidate_pending_human_review			USF Appendix A	USF:absent-both-directions	faint	flavor								0.0	0.0	3.9672909646398753	3.6989700043360187	3.8331304844879472	4	5		1	2																																	
CAND_MEANING_001852	Meaning	unrelated	0		plus	candidate_pending_human_review			USF Appendix A	USF:absent-both-directions	shampoo	stomach								0.0	0.0	3.624868283817669	4.5292189233113564	4.077043603564513	5	6		2	2																																	
CAND_MEANING_001853	Meaning	unrelated	0		plus	candidate_pending_human_review			USF Appendix A	USF:absent-both-directions	component	jeans								0.0	0.0	3.2009148427807133	3.8200597247734023	3.5104872837770578	9	4		3	1																																	
CAND_MEANING_001854	Meaning	unrelated	0		plus	candidate_pending_human_review			USF Appendix A	USF:absent-both-directions	hostage	protect								0.0	0.0	4.163418637662639	4.846676632068174	4.505047634865407	6	7		2	2																																	
CAND_MEANING_001855	Meaning	unrelated	0		plus	candidate_pending_human_review			USF Appendix A	USF:absent-both-directions	garage	scoop								0.0	0.0	4.4348192900209	3.7533276666586115	4.094073478339755	4	4		2	1																																	
CAND_MEANING_001856	Meaning	unrelated	0		plus	candidate_pending_human_review			USF Appendix A	USF:absent-both-directions	malaria	cast								0.0	0.0	3.2218487496163566	4.364311831208189	3.7930802904122727	7	4		4	1																																	
CAND_MEANING_001857	Meaning	unrelated	0		plus	candidate_pending_human_review			USF Appendix A	USF:absent-both-directions	brave	greet								0.0	0.0	4.501139843808465	3.7205646179308527	4.110852230869659	4	4		1	1																																	
CAND_MEANING_001858	Meaning	unrelated	0		plus	candidate_pending_human_review			USF Appendix A	USF:absent-both-directions	sales	hung								0.0	0.0	4.1040048297726575	4.449584263808346	4.2767945467905015	4	3		1	1																																	
CAND_MEANING_001859	Meaning	unrelated	0		plus	candidate_pending_human_review			USF Appendix A	USF:absent-both-directions	upstairs	lice								0.0	0.0	4.849575966220427	3.329856321842687	4.0897161440315575	7	3		2	1																																	
CAND_MEANING_001860	Meaning	unrelated	0		plus	candidate_pending_human_review			USF Appendix A	USF:absent-both-directions	neck	patriot								0.0	0.0	4.77458851931334	3.4162814648691495	4.095434992091245	3	7		1	3																																	
CAND_MEANING_001861	Meaning	unrelated	0		plus	candidate_pending_human_review			USF Appendix A	USF:absent-both-directions	neck	ax								0.0	0.0	4.77458851931334	3.6368220975871743	4.205705308450257	3	3		1	1																																	
CAND_MEANING_001862	Meaning	unrelated	0		plus	candidate_pending_human_review			USF Appendix A	USF:absent-both-directions	store	engage								0.0	0.0	4.913398259546353	3.7893594719752786	4.351378865760816	4	5		1	2																																	
CAND_MEANING_001863	Meaning	unrelated	0		plus	candidate_pending_human_review			USF Appendix A	USF:absent-both-directions	shampoo	pleasant								0.0	0.0	3.624868283817669	4.322624609258815	3.973746446538242	5	7		2	2																																	
CAND_MEANING_001864	Meaning	unrelated	0		plus	candidate_pending_human_review			USF Appendix A	USF:absent-both-directions	sash	tomb								0.0	0.0	3.055857817465001	3.750311720636056	3.403084769050529	3	3		1	1																																	
CAND_MEANING_001865	Meaning	unrelated	0		plus	candidate_pending_human_review			USF Appendix A	USF:absent-both-directions	pay	transportation								0.0	0.0	5.405871777867385	3.744216259426354	4.575044018646869	2	12		1	4																																	
CAND_MEANING_001866	Meaning	unrelated	0		plus	candidate_pending_human_review			USF Appendix A	USF:absent-both-directions	darkness	swift								0.0	0.0	4.2427946782781865	3.5868960500636566	3.9148453641709215	7	5		2	1																																	
CAND_MEANING_001867	Meaning	unrelated	0		plus	candidate_pending_human_review			USF Appendix A	USF:absent-both-directions	claw	quiz								0.0	0.0	3.6407346869502244	3.693830364683608	3.6672825258169164	3	4		1	1																																	
CAND_MEANING_001868	Meaning	unrelated	0		plus	candidate_pending_human_review			USF Appendix A	USF:absent-both-directions	upstairs	honey								0.0	0.0	4.849575966220427	5.477830307092516	5.163703136656471	7	4		2	2																																	
CAND_MEANING_001869	Meaning	unrelated	0		plus	candidate_pending_human_review			USF Appendix A	USF:absent-both-directions	pay	please								0.0	0.0	5.405871777867385	6.041771849889581	5.723821813878483	2	4		1	1																																	
CAND_MEANING_001870	Meaning	unrelated	0		plus	candidate_pending_human_review			USF Appendix A	USF:absent-both-directions	foggy	grip								0.0	0.0	3.1119737594439325	3.9861567728257103	3.5490652661348214	4	4		2	1																																	
CAND_MEANING_001871	Meaning	unrelated	0		plus	candidate_pending_human_review			USF Appendix A	USF:absent-both-directions	calculator	pimple								0.0	0.0	3.1119737594439325	3.2218487496163566	3.1669112545301443	10	6		4	2																																	
CAND_MEANING_001872	Meaning	unrelated	0		plus	candidate_pending_human_review			USF Appendix A	USF:absent-both-directions	pay	signature								0.0	0.0	5.405871777867385	4.0862202085928825	4.746045993230133	2	7		1	3																																	
CAND_MEANING_001873	Meaning	unrelated	0		plus	candidate_pending_human_review			USF Appendix A	USF:absent-both-directions	birthday	sympathetic								0.0	0.0	4.987736346333866	3.5802315538322897	4.283983950083078	5	10		2	4																																	
CAND_MEANING_001874	Meaning	unrelated	0		plus	candidate_pending_human_review			USF Appendix A	USF:absent-both-directions	foot	topping								0.0	0.0	4.812389004654132	2.9456423376774072	3.8790156711657695	3	5		1	2																																	
CAND_MEANING_001875	Meaning	unrelated	0		plus	candidate_pending_human_review			USF Appendix A	USF:absent-both-directions	server	elephant								0.0	0.0	3.5934598195660445	4.055857817465001	3.824658818515523	4	7		2	3																																	
CAND_MEANING_001876	Meaning	unrelated	0		plus	candidate_pending_human_review			USF Appendix A	USF:absent-both-directions	addiction	second								0.0	0.0	3.59128290031177	5.454187019163791	4.522734959737781	7	6		3	2																																	
CAND_MEANING_001877	Meaning	unrelated	0		plus	candidate_pending_human_review			USF Appendix A	USF:absent-both-directions	component	capture								0.0	0.0	3.2009148427807133	4.024823583725032	3.612869213252873	9	5		3	2																																	
CAND_MEANING_001878	Meaning	unrelated	0		plus	candidate_pending_human_review			USF Appendix A	USF:absent-both-directions	pay	room								0.0	0.0	5.405871777867385	5.642968567103875	5.52442017248563	2	3		1	1																																	
CAND_MEANING_001879	Meaning	unrelated	0		plus	candidate_pending_human_review			USF Appendix A	USF:absent-both-directions	damn	flowers								0.0	0.0	5.4525981168605755	4.677499600233999	5.0650488585472875	3	5		1	2																																	
CAND_MEANING_001880	Meaning	unrelated	0		plus	candidate_pending_human_review			USF Appendix A	USF:absent-both-directions	hostage	socket								0.0	0.0	4.163418637662639	3.2062436762857804	3.6848311569742096	6	5		2	2																																	
CAND_MEANING_001881	Meaning	unrelated	0		plus	candidate_pending_human_review			USF Appendix A	USF:absent-both-directions	claw	meek								0.0	0.0	3.6407346869502244	3.2369124960522324	3.4388235915012286	3	3		1	1																																	
CAND_MEANING_001882	Meaning	unrelated	0		plus	candidate_pending_human_review			USF Appendix A	USF:absent-both-directions	sash	light								0.0	0.0	3.055857817465001	5.21799973344544	4.136928775455221	3	3		1	1																																	
CAND_MEANING_001883	Meaning	unrelated	0		plus	candidate_pending_human_review			USF Appendix A	USF:absent-both-directions	rest	hell								0.0	0.0	5.328299637597617	5.6728581585859	5.500578898091758	4	3		1	1																																	
CAND_MEANING_001884	Meaning	unrelated	0		plus	candidate_pending_human_review			USF Appendix A	USF:absent-both-directions	bathtub	supply								0.0	0.0	3.7851902129289012	4.271066772286538	4.02812849260772	6	5		2	2																																	
CAND_MEANING_001885	Meaning	unrelated	0		plus	candidate_pending_human_review			USF Appendix A	USF:absent-both-directions	blur	satin								0.0	0.0	3.329856321842687	3.4162814648691495	3.373068893355918	3	5		1	2																																	
CAND_MEANING_001886	Meaning	unrelated	0		plus	candidate_pending_human_review			USF Appendix A	USF:absent-both-directions	garage	spoil								0.0	0.0	4.4348192900209	4.065484517266326	4.250151903643613	4	4		2	1																																	
CAND_MEANING_001887	Meaning	unrelated	0		plus	candidate_pending_human_review			USF Appendix A	USF:absent-both-directions	addiction	spinach								0.0	0.0	3.59128290031177	3.4063731762089002	3.498828038260335	7	6		3	2																																	
CAND_MEANING_001888	Meaning	unrelated	0		plus	candidate_pending_human_review			USF Appendix A	USF:absent-both-directions	pull	tendency								0.0	0.0	5.165692283340791	3.4323089103033	4.2990005968220455	3	8		1	3																																	
CAND_MEANING_001889	Meaning	unrelated	0		plus	candidate_pending_human_review			USF Appendix A	USF:absent-both-directions	sales	regulations								0.0	0.0	4.1040048297726575	3.8043131848809377	3.9541590073267976	4	11		1	4																																	
CAND_MEANING_001890	Meaning	unrelated	0		plus	candidate_pending_human_review			USF Appendix A	USF:absent-both-directions	racket	horse								0.0	0.0	3.871069033870136	4.96793320863002	4.419501121250078	5	4		2	1																																	
CAND_MEANING_001891	Meaning	unrelated	0		plus	candidate_pending_human_review			USF Appendix A	USF:absent-both-directions	school	instinct								0.0	0.0	5.5225976402482555	3.883494430928563	4.703046035588409	4	8		1	2																																	
CAND_MEANING_001892	Meaning	unrelated	0		plus	candidate_pending_human_review			USF Appendix A	USF:absent-both-directions	please	join								0.0	0.0	6.041771849889581	4.92132938832267	5.481550619106125	4	3		1	1																																	
CAND_MEANING_001893	Meaning	unrelated	0		plus	candidate_pending_human_review			USF Appendix A	USF:absent-both-directions	calculator	evict								0.0	0.0	3.1119737594439325	2.848732324669351	2.9803530420566418	10	5		4	2																																	
CAND_MEANING_001894	Meaning	unrelated	0		plus	candidate_pending_human_review			USF Appendix A	USF:absent-both-directions	brave	desk								0.0	0.0	4.501139843808465	4.642483917481094	4.57181188064478	4	4		1	1																																	
CAND_MEANING_001895	Meaning	unrelated	0		plus	candidate_pending_human_review			USF Appendix A	USF:absent-both-directions	sash	downstream								0.0	0.0	3.055857817465001	3.098609797885951	3.077233807675476	3	8		1	2																																	
CAND_MEANING_001896	Meaning	unrelated	0		plus	candidate_pending_human_review			USF Appendix A	USF:absent-both-directions	measurement	trip								0.0	0.0	2.723793588061051	4.915885871971997	3.819839730016524	8	4		3	1																																	
CAND_MEANING_001897	Meaning	unrelated	0		plus	candidate_pending_human_review			USF Appendix A	USF:absent-both-directions	fad	far								0.0	0.0	2.883494430928563	5.343929643034809	4.113712036981686	3	3		1	1																																	
CAND_MEANING_001898	Meaning	unrelated	0		plus	candidate_pending_human_review			USF Appendix A	USF:absent-both-directions	hostage	add								0.0	0.0	4.163418637662639	4.519287394190787	4.341353015926713	6	2		2	1																																	
CAND_MEANING_001899	Meaning	unrelated	0		plus	candidate_pending_human_review			USF Appendix A	USF:absent-both-directions	malaria	transplant								0.0	0.0	3.2218487496163566	3.7074031718728815	3.464625960744619	7	10		4	2																																	
CAND_MEANING_001900	Meaning	unrelated	0		plus	candidate_pending_human_review			USF Appendix A	USF:absent-both-directions	birthday	scholarship								0.0	0.0	4.987736346333866	3.9974377832353998	4.492587064784633	5	8		2	3																																	
CAND_MEANING_001901	Meaning	unrelated	0		plus	candidate_pending_human_review			USF Appendix A	USF:absent-both-directions	dine	ill								0.0	0.0	3.632873938742182	4.327859562086612	3.980366750414397	3	2		1	1																																	
CAND_MEANING_001902	Meaning	unrelated	0		plus	candidate_pending_human_review			USF Appendix A	USF:absent-both-directions	reason	soak								0.0	0.0	5.2862186377207685	3.5379424917162137	4.412080564718491	5	3		2	1																																	
CAND_MEANING_001903	Meaning	unrelated	0		plus	candidate_pending_human_review			USF Appendix A	USF:absent-both-directions	faint	journal								0.0	0.0	3.9672909646398753	3.9485280259148956	3.9579094952773852	4	5		1	2																																	
CAND_MEANING_001904	Meaning	unrelated	0		plus	candidate_pending_human_review			USF Appendix A	USF:absent-both-directions	suck	refrain								0.0	0.0	4.542605771985989	3.309463163200844	3.9260344675934165	3	6		1	2																																	
CAND_MEANING_001905	Meaning	unrelated	0		plus	candidate_pending_human_review			USF Appendix A	USF:absent-both-directions	electrician	toss								0.0	0.0	3.173243416182855	4.093146902184449	3.6331951591836518	10	3		4	1																																	
CAND_MEANING_001906	Meaning	unrelated	0		plus	candidate_pending_human_review			USF Appendix A	USF:absent-both-directions	claw	terrible								0.0	0.0	3.6407346869502244	4.9732184354087465	4.306976561179486	3	7		1	3																																	
CAND_MEANING_001907	Meaning	unrelated	0		plus	candidate_pending_human_review			USF Appendix A	USF:absent-both-directions	calculator	conductor								0.0	0.0	3.1119737594439325	3.482761522072355	3.297367640758144	10	8		4	3																																	
CAND_MEANING_001908	Meaning	unrelated	0		plus	candidate_pending_human_review			USF Appendix A	USF:absent-both-directions	rim	rodeo								0.0	0.0	3.38933983691012	3.744216259426354	3.5667780481682367	3	5		1	3																																	
CAND_MEANING_001909	Meaning	unrelated	0		plus	candidate_pending_human_review			USF Appendix A	USF:absent-both-directions	blur	obstacle								0.0	0.0	3.329856321842687	3.4130037551079138	3.3714300384753004	3	8		1	3																																	
CAND_MEANING_001910	Meaning	unrelated	0		plus	candidate_pending_human_review			USF Appendix A	USF:absent-both-directions	flask	bother								0.0	0.0	3.048304679574555	4.828482979061269	3.9383938293179117	5	4		1	2																																	
CAND_MEANING_001911	Meaning	unrelated	0		plus	candidate_pending_human_review			USF Appendix A	USF:absent-both-directions	electrician	crackle								0.0	0.0	3.173243416182855	2.8364978682523394	3.0048706422175973	10	6		4	2																																	
CAND_MEANING_001912	Meaning	unrelated	0		plus	candidate_pending_human_review			USF Appendix A	USF:absent-both-directions	pay	identity								0.0	0.0	5.405871777867385	4.113287813341763	4.759579795604575	2	8		1	4																																	
CAND_MEANING_001913	Meaning	unrelated	0		plus	candidate_pending_human_review			USF Appendix A	USF:absent-both-directions	sales	decency								0.0	0.0	4.1040048297726575	3.6653418268721705	3.884673328322414	4	7		1	3																																	
CAND_MEANING_001914	Meaning	unrelated	0		plus	candidate_pending_human_review			USF Appendix A	USF:absent-both-directions	sales	sponge								0.0	0.0	4.1040048297726575	3.8264559299581986	3.965230379865428	4	5		1	1																																	
CAND_MEANING_001915	Meaning	unrelated	0		plus	candidate_pending_human_review			USF Appendix A	USF:absent-both-directions	foot	infinity								0.0	0.0	4.812389004654132	3.226928275145631	4.019658639899881	3	8		1	4																																	
CAND_MEANING_001916	Meaning	unrelated	0		plus	candidate_pending_human_review			USF Appendix A	USF:absent-both-directions	wave	island								0.0	0.0	4.327459106104431	4.597350985802955	4.462405045953693	3	5		1	2																																	
CAND_MEANING_001917	Meaning	unrelated	0		plus	candidate_pending_human_review			USF Appendix A	USF:absent-both-directions	addiction	sermon								0.0	0.0	3.59128290031177	3.4354446241561587	3.5133637622339644	7	5		3	2																																	
CAND_MEANING_001918	Meaning	unrelated	0		plus	candidate_pending_human_review			USF Appendix A	USF:absent-both-directions	measurement	bondage								0.0	0.0	2.723793588061051	3.231949076520682	2.9778713322908663	8	6		3	2																																	
CAND_MEANING_001919	Meaning	unrelated	0		plus	candidate_pending_human_review			USF Appendix A	USF:absent-both-directions	component	yummy								0.0	0.0	3.2009148427807133	3.6503646709025173	3.4256397568416155	9	4		3	2																																	
CAND_MEANING_001920	Meaning	unrelated	0		plus	candidate_pending_human_review			USF Appendix A	USF:absent-both-directions	conscious	planning								0.0	0.0	3.8327592986929373	4.571640336503458	4.202199817598197	6	6		2	2																																	
CAND_MEANING_001921	Meaning	unrelated	0		plus	candidate_pending_human_review			USF Appendix A	USF:absent-both-directions	trot	repulsive								0.0	0.0	3.256217651247619	3.3052670486072357	3.2807423499274275	4	8		1	3																																	
CAND_MEANING_001922	Meaning	unrelated	0		plus	candidate_pending_human_review			USF Appendix A	USF:absent-both-directions	shampoo	fashion								0.0	0.0	3.624868283817669	4.273341761678907	3.949105022748288	5	5		2	2																																	
CAND_MEANING_001923	Meaning	unrelated	0		plus	candidate_pending_human_review			USF Appendix A	USF:absent-both-directions	fancy	beggar								0.0	0.0	4.542117251707365	3.3928003690196267	3.967458810363496	5	4		2	2																																	
CAND_MEANING_001924	Meaning	unrelated	0		plus	candidate_pending_human_review			USF Appendix A	USF:absent-both-directions	dine	dungeon								0.0	0.0	3.632873938742182	3.4097011195578277	3.5212875291500048	3	6		1	2																																	
CAND_MEANING_001925	Meaning	unrelated	0		plus	candidate_pending_human_review			USF Appendix A	USF:absent-both-directions	wave	tart								0.0	0.0	4.327459106104431	3.3787896545768117	3.8531243803406214	3	4		1	1																																	
CAND_MEANING_001926	Meaning	unrelated	0		plus	candidate_pending_human_review			USF Appendix A	USF:absent-both-directions	horse	blot								0.0	0.0	4.96793320863002	2.973671061277651	3.9708021349538356	4	4		1	1																																	
CAND_MEANING_001927	Meaning	unrelated	0		plus	candidate_pending_human_review			USF Appendix A	USF:absent-both-directions	snob	slope								0.0	0.0	3.337752802688721	3.468521082957745	3.4031369428232328	4	4		1	1																																	
CAND_MEANING_001928	Meaning	unrelated	0		plus	candidate_pending_human_review			USF Appendix A	USF:absent-both-directions	wave	buggy								0.0	0.0	4.327459106104431	3.3962335448580205	3.861846325481226	3	4		1	2																																	
CAND_MEANING_001929	Meaning	unrelated	0		plus	candidate_pending_human_review			USF Appendix A	USF:absent-both-directions	damn	royal								0.0	0.0	5.4525981168605755	4.3661481742481865	4.909373145554381	3	4		1	2																																	
CAND_MEANING_001930	Meaning	unrelated	0		plus	candidate_pending_human_review			USF Appendix A	USF:absent-both-directions	dine	cologne								0.0	0.0	3.632873938742182	3.4992556999339133	3.5660648193380475	3	5		1	2																																	
CAND_MEANING_001931	Meaning	unrelated	0		plus	candidate_pending_human_review			USF Appendix A	USF:absent-both-directions	conscious	hope								0.0	0.0	3.8327592986929373	5.506000702356682	4.66938000052481	6	3		2	1																																	
CAND_MEANING_001932	Meaning	unrelated	0		plus	candidate_pending_human_review			USF Appendix A	USF:absent-both-directions	pay	confident								0.0	0.0	5.405871777867385	4.02722965349091	4.716550715679148	2	9		1	3																																	
CAND_MEANING_001933	Meaning	unrelated	0		plus	candidate_pending_human_review			USF Appendix A	USF:absent-both-directions	electrician	back								0.0	0.0	3.173243416182855	6.303013845143055	4.738128630662955	10	3		4	1																																	
CAND_MEANING_001934	Meaning	unrelated	0		plus	candidate_pending_human_review			USF Appendix A	USF:absent-both-directions	birthday	fudge								0.0	0.0	4.987736346333866	3.5596015523050775	4.273668949319472	5	3		2	1																																	
CAND_MEANING_001935	Meaning	unrelated	0		plus	candidate_pending_human_review			USF Appendix A	USF:absent-both-directions	damn	pudding								0.0	0.0	5.4525981168605755	3.7893594719752786	4.620978794417927	3	5		1	2																																	
CAND_MEANING_001936	Meaning	unrelated	0		plus	candidate_pending_human_review			USF Appendix A	USF:absent-both-directions	wave	poison								0.0	0.0	4.327459106104431	4.390034152776474	4.358746629440453	3	5		1	2																																	
CAND_MEANING_001937	Meaning	unrelated	0		plus	candidate_pending_human_review			USF Appendix A	USF:absent-both-directions	wary	dishwasher								0.0	0.0	2.872213420518874	3.3052670486072357	3.088740234563055	4	7		2	3																																	
CAND_MEANING_001938	Meaning	unrelated	0		plus	candidate_pending_human_review			USF Appendix A	USF:absent-both-directions	clog	people								0.0	0.0	2.905213680621799	6.042567791992532	4.473890736307165	4	5		1	2																																	
CAND_MEANING_001939	Meaning	unrelated	0		plus	candidate_pending_human_review			USF Appendix A	USF:absent-both-directions	flask	shower								0.0	0.0	3.048304679574555	4.614028254367407	3.8311664669709815	5	3		1	2																																	
CAND_MEANING_001940	Meaning	unrelated	0		plus	candidate_pending_human_review			USF Appendix A	USF:absent-both-directions	suck	shack								0.0	0.0	4.542605771985989	3.7518223116612948	4.147214041823641	3	3		1	1																																	
CAND_MEANING_001941	Meaning	unrelated	0		plus	candidate_pending_human_review			USF Appendix A	USF:absent-both-directions	school	boot								0.0	0.0	5.5225976402482555	4.0467781596130825	4.784687899930669	4	3		1	1																																	
CAND_MEANING_001942	Meaning	unrelated	0		plus	candidate_pending_human_review			USF Appendix A	USF:absent-both-directions	rest	relative								0.0	0.0	5.328299637597617	3.8912203306651785	4.609759984131397	4	7		1	3																																	
CAND_MEANING_001943	Meaning	unrelated	0		plus	candidate_pending_human_review			USF Appendix A	USF:absent-both-directions	component	drill								0.0	0.0	3.2009148427807133	4.138147841868722	3.669531342324718	9	4		3	1																																	
CAND_MEANING_001944	Meaning	unrelated	0		plus	candidate_pending_human_review			USF Appendix A	USF:absent-both-directions	foggy	partner								0.0	0.0	3.1119737594439325	4.876308422400689	3.994141090922311	4	6		2	2																																	
CAND_MEANING_001945	Meaning	unrelated	0		plus	candidate_pending_human_review			USF Appendix A	USF:absent-both-directions	cards	background								0.0	0.0	4.681418609026778	4.246189515635292	4.463804062331035	5	8		1	2																																	
CAND_MEANING_001946	Meaning	unrelated	0		plus	candidate_pending_human_review			USF Appendix A	USF:absent-both-directions	brake	famous								0.0	0.0	3.7767296632488496	4.653401707627999	4.215065685438424	4	5		1	2																																	
CAND_MEANING_001947	Meaning	unrelated	0		plus	candidate_pending_human_review			USF Appendix A	USF:absent-both-directions	claw	peak								0.0	0.0	3.6407346869502244	3.7738724524043685	3.7073035696772965	3	3		1	1																																	
CAND_MEANING_001948	Meaning	unrelated	0		plus	candidate_pending_human_review			USF Appendix A	USF:absent-both-directions	cards	cathedral								0.0	0.0	4.681418609026778	3.5711834248548926	4.126301016940835	5	8		1	3																																	
CAND_MEANING_001949	Meaning	unrelated	0		plus	candidate_pending_human_review			USF Appendix A	USF:absent-both-directions	trot	dwarf								0.0	0.0	3.256217651247619	3.4883294763112973	3.372273563779458	4	5		1	1																																	
CAND_MEANING_001950	Meaning	unrelated	0		plus	candidate_pending_human_review			USF Appendix A	USF:absent-both-directions	electrician	threat								0.0	0.0	3.173243416182855	4.317325784009549	3.745284600096202	10	4		4	1																																	
CAND_MEANING_001951	Meaning	unrelated	0		plus	candidate_pending_human_review			USF Appendix A	USF:absent-both-directions	component	scarf								0.0	0.0	3.2009148427807133	3.6708277248502013	3.435871283815457	9	5		3	1																																	
CAND_MEANING_001952	Meaning	unrelated	0		plus	candidate_pending_human_review			USF Appendix A	USF:absent-both-directions	snob	solve								0.0	0.0	3.337752802688721	4.289816208299377	3.813784505494049	4	4		1	1																																	
CAND_MEANING_001953	Meaning	unrelated	0		plus	candidate_pending_human_review			USF Appendix A	USF:absent-both-directions	shampoo	series								0.0	0.0	3.624868283817669	4.304422938561321	3.964645611189495	5	5		2	2																																	
CAND_MEANING_001954	Meaning	unrelated	0		plus	candidate_pending_human_review			USF Appendix A	USF:absent-both-directions	wave	till								0.0	0.0	4.327459106104431	5.222002002978614	4.774730554541522	3	3		1	1																																	
CAND_MEANING_001955	Meaning	unrelated	0		plus	candidate_pending_human_review			USF Appendix A	USF:absent-both-directions	electrician	pasture								0.0	0.0	3.173243416182855	3.184524426592544	3.1788839213876994	10	5		4	2																																	
CAND_MEANING_001956	Meaning	unrelated	0		plus	candidate_pending_human_review			USF Appendix A	USF:absent-both-directions	rest	link								0.0	0.0	5.328299637597617	4.0770471165349385	4.702673377066278	4	4		1	1																																	
CAND_MEANING_001957	Meaning	unrelated	0		plus	candidate_pending_human_review			USF Appendix A	USF:absent-both-directions	faint	style								0.0	0.0	3.9672909646398753	4.478255183515026	4.222773074077451	4	4		1	1																																	
CAND_MEANING_001958	Meaning	unrelated	0		plus	candidate_pending_human_review			USF Appendix A	USF:absent-both-directions	sales	arts								0.0	0.0	4.1040048297726575	3.9645276818377813	4.034266255805219	4	4		1	1																																	
CAND_MEANING_001959	Meaning	unrelated	0		plus	candidate_pending_human_review			USF Appendix A	USF:absent-both-directions	wave	warning								0.0	0.0	4.327459106104431	4.504617428306021	4.416038267205226	3	6		1	2																																	
CAND_MEANING_001960	Meaning	unrelated	0		plus	candidate_pending_human_review			USF Appendix A	USF:absent-both-directions	measurement	mystery								0.0	0.0	2.723793588061051	4.360986718974427	3.542390153517739	8	6		3	3																																	
CAND_MEANING_001961	Meaning	unrelated	0		plus	candidate_pending_human_review			USF Appendix A	USF:absent-both-directions	horse	flash								0.0	0.0	4.96793320863002	4.186191585960007	4.5770623972950135	4	4		1	1																																	
CAND_MEANING_001962	Meaning	unrelated	0		plus	candidate_pending_human_review			USF Appendix A	USF:absent-both-directions	trot	tobacco								0.0	0.0	3.256217651247619	3.843879821874939	3.550048736561279	4	6		1	3																																	
CAND_MEANING_001963	Meaning	unrelated	0		plus	candidate_pending_human_review			USF Appendix A	USF:absent-both-directions	school	success								0.0	0.0	5.5225976402482555	4.435444624156158	4.979021132202207	4	6		1	2																																	
CAND_MEANING_001964	Meaning	unrelated	0		plus	candidate_pending_human_review			USF Appendix A	USF:absent-both-directions	measurement	dirty								0.0	0.0	2.723793588061051	4.822501392739442	3.7731474904002464	8	4		3	2																																	
CAND_MEANING_001965	Meaning	unrelated	0		plus	candidate_pending_human_review			USF Appendix A	USF:absent-both-directions	diaper	parade								0.0	0.0	3.6308863175066683	4.109995193461844	3.8704407554842564	4	4		2	2																																	
CAND_MEANING_001966	Meaning	unrelated	0		plus	candidate_pending_human_review			USF Appendix A	USF:absent-both-directions	claw	apple								0.0	0.0	3.6407346869502244	4.374137093999413	4.007435890474818	3	4		1	2																																	
CAND_MEANING_001967	Meaning	unrelated	0		plus	candidate_pending_human_review			USF Appendix A	USF:absent-both-directions	diaper	pencil								0.0	0.0	3.6308863175066683	3.993997808957991	3.8124420632323295	4	6		2	2																																	
CAND_MEANING_001968	Meaning	unrelated	0		plus	candidate_pending_human_review			USF Appendix A	USF:absent-both-directions	malaria	exist								0.0	0.0	3.2218487496163566	4.461810319214013	3.8418295344151847	7	6		4	2																																	
CAND_MEANING_001969	Meaning	unrelated	0		plus	candidate_pending_human_review			USF Appendix A	USF:absent-both-directions	addiction	mob								0.0	0.0	3.59128290031177	4.1119737594439325	3.851628329877851	7	3		3	1																																	
CAND_MEANING_001970	Meaning	unrelated	0		plus	candidate_pending_human_review			USF Appendix A	USF:absent-both-directions	damn	gallop								0.0	0.0	5.4525981168605755	2.973671061277651	4.213134589069114	3	5		1	2																																	
CAND_MEANING_001971	Meaning	unrelated	0		plus	candidate_pending_human_review			USF Appendix A	USF:absent-both-directions	school	moment								0.0	0.0	5.5225976402482555	5.271932672689465	5.39726515646886	4	6		1	2																																	
CAND_MEANING_001972	Meaning	unrelated	0		plus	candidate_pending_human_review			USF Appendix A	USF:absent-both-directions	addiction	honeymoon								0.0	0.0	3.59128290031177	4.209409871222446	3.900346385767108	7	7		3	3																																	
CAND_MEANING_001973	Meaning	unrelated	0		plus	candidate_pending_human_review			USF Appendix A	USF:absent-both-directions	hostage	smoky								0.0	0.0	4.163418637662639	2.8239087409443187	3.493663689303479	6	5		2	2																																	
CAND_MEANING_001974	Meaning	unrelated	0		plus	candidate_pending_human_review			USF Appendix A	USF:absent-both-directions	dine	radish								0.0	0.0	3.632873938742182	2.7837915177363364	3.208332728239259	3	5		1	2																																	
CAND_MEANING_001975	Meaning	unrelated	0		plus	candidate_pending_human_review			USF Appendix A	USF:absent-both-directions	dine	portrait								0.0	0.0	3.632873938742182	3.7349095929665124	3.683891765854347	3	7		1	2																																	
CAND_MEANING_001976	Meaning	unrelated	0		plus	candidate_pending_human_review			USF Appendix A	USF:absent-both-directions	snob	one								0.0	0.0	3.337752802688721	6.487454474062504	4.912603638375613	4	3		1	1																																	
CAND_MEANING_001977	Meaning	unrelated	0		plus	candidate_pending_human_review			USF Appendix A	USF:absent-both-directions	pay	hectic								0.0	0.0	5.405871777867385	3.2655576775017625	4.335714727684573	2	6		1	2																																	
CAND_MEANING_001978	Meaning	unrelated	0		plus	candidate_pending_human_review			USF Appendix A	USF:absent-both-directions	please	gauze								0.0	0.0	6.041771849889581	3.1557526840225196	4.59876226695605	4	3		1	1																																	
CAND_MEANING_001979	Meaning	unrelated	0		plus	candidate_pending_human_review			USF Appendix A	USF:absent-both-directions	oil	baby								0.0	0.0	4.613613851204378	5.707035536366613	5.160324693785496	2	4		1	2																																	
CAND_MEANING_001980	Meaning	unrelated	0		plus	candidate_pending_human_review			USF Appendix A	USF:absent-both-directions	sash	nausea								0.0	0.0	3.055857817465001	3.3338225090602887	3.194840163262645	3	5		1	3																																	
CAND_MEANING_001981	Meaning	unrelated	0		plus	candidate_pending_human_review			USF Appendix A	USF:absent-both-directions	oil	arrogant								0.0	0.0	4.613613851204378	3.7173114605331308	4.165462655868755	2	7		1	3																																	
CAND_MEANING_001982	Meaning	unrelated	0		plus	candidate_pending_human_review			USF Appendix A	USF:absent-both-directions	cards	garden								0.0	0.0	4.681418609026778	4.42404848825119	4.552733548638984	5	6		1	2																																	
CAND_MEANING_001983	Meaning	unrelated	0		plus	candidate_pending_human_review			USF Appendix A	USF:absent-both-directions	rest	think								0.0	0.0	5.328299637597617	6.42997698247318	5.879138310035398	4	4		1	1																																	
CAND_MEANING_001984	Meaning	unrelated	0		plus	candidate_pending_human_review			USF Appendix A	USF:absent-both-directions	store	pluck								0.0	0.0	4.913398259546353	3.364311831208189	4.138855045377271	4	4		1	1																																	
CAND_MEANING_001985	Meaning	unrelated	0		plus	candidate_pending_human_review			USF Appendix A	USF:absent-both-directions	calculator	marker								0.0	0.0	3.1119737594439325	3.718941085266639	3.415457422355286	10	5		4	2																																	
CAND_MEANING_001986	Meaning	unrelated	0		plus	candidate_pending_human_review			USF Appendix A	USF:absent-both-directions	wave	own								0.0	0.0	4.327459106104431	5.661998170498611	4.994728638301521	3	2		1	1																																	
CAND_MEANING_001987	Meaning	unrelated	0		plus	candidate_pending_human_review			USF Appendix A	USF:absent-both-directions	foot	slick								0.0	0.0	4.812389004654132	3.8364978682523394	4.324443436453236	3	4		1	1																																	
CAND_MEANING_001988	Meaning	unrelated	0		plus	candidate_pending_human_review			USF Appendix A	USF:absent-both-directions	suck	virus								0.0	0.0	4.542605771985989	4.276506857804894	4.4095563148954415	3	5		1	2																																	
CAND_MEANING_001989	Meaning	unrelated	0		plus	candidate_pending_human_review			USF Appendix A	USF:absent-both-directions	flask	topic								0.0	0.0	3.048304679574555	3.7253991147764696	3.3868518971755126	5	5		1	2																																	
CAND_MEANING_001990	Meaning	unrelated	0		plus	candidate_pending_human_review			USF Appendix A	USF:absent-both-directions	trot	hormones								0.0	0.0	3.256217651247619	3.5665876731657433	3.4114026622066813	4	7		1	2																																	
CAND_MEANING_001991	Meaning	unrelated	0		plus	candidate_pending_human_review			USF Appendix A	USF:absent-both-directions	foggy	gauge								0.0	0.0	3.1119737594439325	3.3416478465722452	3.226810803008089	4	3		2	1																																	
CAND_MEANING_001992	Meaning	unrelated	0		plus	candidate_pending_human_review			USF Appendix A	USF:absent-both-directions	claw	ignore								0.0	0.0	3.6407346869502244	4.270610340839477	3.955672513894851	3	5		1	2																																	
CAND_MEANING_001993	Meaning	unrelated	0		plus	candidate_pending_human_review			USF Appendix A	USF:absent-both-directions	horse	sand								0.0	0.0	4.96793320863002	4.307370173695	4.63765169116251	4	4		1	1																																	
CAND_MEANING_001994	Meaning	unrelated	0		plus	candidate_pending_human_review			USF Appendix A	USF:absent-both-directions	brake	hatchet								0.0	0.0	3.7767296632488496	3.2924298239020637	3.5345797435754567	4	5		1	2																																	
CAND_MEANING_001995	Meaning	unrelated	0		plus	candidate_pending_human_review			USF Appendix A	USF:absent-both-directions	fancy	frisk								0.0	0.0	4.542117251707365	3.190056915192505	3.8660870834499352	5	5		2	1																																	
CAND_MEANING_001996	Meaning	unrelated	0		plus	candidate_pending_human_review			USF Appendix A	USF:absent-both-directions	shampoo	same								0.0	0.0	3.624868283817669	5.620319805550606	4.622594044684138	5	3		2	1																																	
CAND_MEANING_001997	Meaning	unrelated	0		plus	candidate_pending_human_review			USF Appendix A	USF:absent-both-directions	racket	marble								0.0	0.0	3.871069033870136	3.7173114605331308	3.7941902472016333	5	6		2	2																																	
CAND_MEANING_001998	Meaning	unrelated	0		plus	candidate_pending_human_review			USF Appendix A	USF:absent-both-directions	fancy	sense								0.0	0.0	4.542117251707365	5.1199283320355224	4.831022791871444	5	4		2	1																																	
CAND_MEANING_001999	Meaning	unrelated	0		plus	candidate_pending_human_review			USF Appendix A	USF:absent-both-directions	blur	boxer								0.0	0.0	3.329856321842687	3.5846858952585396	3.4572711085506134	3	5		1	2																																	
CAND_MEANING_002000	Meaning	unrelated	0		plus	candidate_pending_human_review			USF Appendix A	USF:absent-both-directions	cards	principle								0.0	0.0	4.681418609026778	3.889026919528524	4.285222764277651	5	9		1	3																																	
CAND_MEANING_002001	Meaning	unrelated	0		plus	candidate_pending_human_review			USF Appendix A	USF:absent-both-directions	oil	teenager								0.0	0.0	4.613613851204378	3.8377369403678876	4.225675395786133	2	6		1	3																																	
CAND_MEANING_002002	Meaning	unrelated	0		plus	candidate_pending_human_review			USF Appendix A	USF:absent-both-directions	upstairs	delicious								0.0	0.0	4.849575966220427	4.333032164016137	4.5913040651182815	7	7		2	3																																	
CAND_MEANING_002003	Meaning	unrelated	0		plus	candidate_pending_human_review			USF Appendix A	USF:absent-both-directions	conscious	cheap								0.0	0.0	3.8327592986929373	4.559131790786152	4.195945544739544	6	3		2	1																																	
CAND_MEANING_002004	Meaning	unrelated	0		plus	candidate_pending_human_review			USF Appendix A	USF:absent-both-directions	claw	function								0.0	0.0	3.6407346869502244	4.044478271721502	3.8426064793358634	3	7		1	2																																	
CAND_MEANING_002005	Meaning	unrelated	0		plus	candidate_pending_human_review			USF Appendix A	USF:absent-both-directions	school	afraid								0.0	0.0	5.5225976402482555	5.393867559040913	5.458232599644584	4	5		1	2																																	
CAND_MEANING_002006	Meaning	unrelated	0		plus	candidate_pending_human_review			USF Appendix A	USF:absent-both-directions	diaper	wed								0.0	0.0	3.6308863175066683	3.38933983691012	3.510113077208394	4	3		2	1																																	
CAND_MEANING_002007	Meaning	unrelated	0		plus	candidate_pending_human_review			USF Appendix A	USF:absent-both-directions	bathtub	done								0.0	0.0	3.7851902129289012	5.685776852968543	4.735483532948722	6	3		2	1																																	
CAND_MEANING_002008	Meaning	unrelated	0		plus	candidate_pending_human_review			USF Appendix A	USF:absent-both-directions	brave	portray								0.0	0.0	4.501139843808465	2.9258982794816504	3.7135190616450577	4	6		1	2																																	
CAND_MEANING_002009	Meaning	unrelated	0		plus	candidate_pending_human_review			USF Appendix A	USF:absent-both-directions	fancy	coal								0.0	0.0	4.542117251707365	3.817474630938909	4.179795941323137	5	3		2	1																																	
CAND_MEANING_002010	Meaning	unrelated	0		plus	candidate_pending_human_review			USF Appendix A	USF:absent-both-directions	upstairs	snotty								0.0	0.0	4.849575966220427	3.105343180544919	3.977459573382673	7	5		2	2																																	
CAND_MEANING_002011	Meaning	unrelated	0		plus	candidate_pending_human_review			USF Appendix A	USF:absent-both-directions	damn	unknown								0.0	0.0	5.4525981168605755	4.181170784584956	4.816884450722766	3	5		1	2																																	
CAND_MEANING_002012	Meaning	unrelated	0		plus	candidate_pending_human_review			USF Appendix A	USF:absent-both-directions	please	libel								0.0	0.0	6.041771849889581	3.040617850908264	4.541194850398922	4	5		1	2																																	
CAND_MEANING_002013	Meaning	unrelated	0		plus	candidate_pending_human_review			USF Appendix A	USF:absent-both-directions	reason	suede								0.0	0.0	5.2862186377207685	3.256217651247619	4.271218144484194	5	4		2	1																																	
CAND_MEANING_002014	Meaning	unrelated	0		plus	candidate_pending_human_review			USF Appendix A	USF:absent-both-directions	brave	pitch								0.0	0.0	4.501139843808465	4.191155005491558	4.346147424650011	4	3		1	1																																	
CAND_MEANING_002015	Meaning	unrelated	0		plus	candidate_pending_human_review			USF Appendix A	USF:absent-both-directions	suck	bolt								0.0	0.0	4.542605771985989	3.8377369403678876	4.190171356176938	3	4		1	1																																	
CAND_MEANING_002016	Meaning	unrelated	0		plus	candidate_pending_human_review			USF Appendix A	USF:absent-both-directions	upstairs	lumber								0.0	0.0	4.849575966220427	3.3928003690196267	4.121188167620026	7	5		2	2																																	
CAND_MEANING_002017	Meaning	unrelated	0		plus	candidate_pending_human_review			USF Appendix A	USF:absent-both-directions	snob	tale								0.0	0.0	3.337752802688721	4.079181246047625	3.708467024368173	4	3		1	1																																	
CAND_MEANING_002018	Meaning	unrelated	0		plus	candidate_pending_human_review			USF Appendix A	USF:absent-both-directions	hostage	test								0.0	0.0	4.163418637662639	4.924684600586778	4.5440516191247085	6	4		2	1																																	
CAND_MEANING_002019	Meaning	unrelated	0		plus	candidate_pending_human_review			USF Appendix A	USF:absent-both-directions	trot	clippers								0.0	0.0	3.256217651247619	3.048304679574555	3.152261165411087	4	6		1	2																																	
CAND_MEANING_002020	Meaning	unrelated	0		plus	candidate_pending_human_review			USF Appendix A	USF:absent-both-directions	shampoo	trim								0.0	0.0	3.624868283817669	3.6308863175066683	3.6278773006621687	5	4		2	1																																	
CAND_MEANING_002021	Meaning	unrelated	0		plus	candidate_pending_human_review			USF Appendix A	USF:absent-both-directions	server	oak								0.0	0.0	3.5934598195660445	3.748795857031107	3.6711278382985757	4	2		2	1																																	
CAND_MEANING_002022	Meaning	unrelated	0		plus	candidate_pending_human_review			USF Appendix A	USF:absent-both-directions	reason	sexy								0.0	0.0	5.2862186377207685	4.476837309314384	4.881527973517576	5	5		2	2																																	
CAND_MEANING_002023	Meaning	unrelated	0		plus	candidate_pending_human_review			USF Appendix A	USF:absent-both-directions	sales	steel								0.0	0.0	4.1040048297726575	4.26601944732932	4.185012138550989	4	4		1	1																																	
CAND_MEANING_002024	Meaning	unrelated	0		plus	candidate_pending_human_review			USF Appendix A	USF:absent-both-directions	racket	crib								0.0	0.0	3.871069033870136	3.7921169065204676	3.8315929701953015	5	4		2	1																																	
CAND_MEANING_002025	Meaning	unrelated	0		plus	candidate_pending_human_review			USF Appendix A	USF:absent-both-directions	electrician	create								0.0	0.0	3.173243416182855	4.402682741255466	3.7879630787191605	10	5		4	2																																	
CAND_MEANING_002026	Meaning	unrelated	0		plus	candidate_pending_human_review			USF Appendix A	USF:absent-both-directions	trend	ten								0.0	0.0	3.3177356891668337	5.161368002234974	4.239551845700904	5	3		1	1																																	
CAND_MEANING_002027	Meaning	unrelated	0		plus	candidate_pending_human_review			USF Appendix A	USF:absent-both-directions	reason	sum								0.0	0.0	5.2862186377207685	4.0109315127693375	4.648575075245053	5	3		2	1																																	
CAND_MEANING_002028	Meaning	unrelated	0		plus	candidate_pending_human_review			USF Appendix A	USF:absent-both-directions	suck	controls								0.0	0.0	4.542605771985989	3.8923128959757514	4.21745933398087	3	8		1	2																																	
CAND_MEANING_002029	Meaning	unrelated	0		plus	candidate_pending_human_review			USF Appendix A	USF:absent-both-directions	reason	funeral								0.0	0.0	5.2862186377207685	4.521086782010999	4.9036527098658835	5	7		2	3																																	
CAND_MEANING_002030	Meaning	unrelated	0		plus	candidate_pending_human_review			USF Appendix A	USF:absent-both-directions	store	flakes								0.0	0.0	4.913398259546353	3.2701534291909113	4.091775844368632	4	5		1	1																																	
CAND_MEANING_002031	Meaning	unrelated	0		plus	candidate_pending_human_review			USF Appendix A	USF:absent-both-directions	snob	recreation								0.0	0.0	3.337752802688721	3.2701534291909113	3.303953115939816	4	9		1	4																																	
CAND_MEANING_002032	Meaning	unrelated	0		plus	candidate_pending_human_review			USF Appendix A	USF:absent-both-directions	addiction	feature								0.0	0.0	3.59128290031177	3.7666460879783186	3.6789644941450446	7	4		3	2																																	
CAND_MEANING_002033	Meaning	unrelated	0		plus	candidate_pending_human_review			USF Appendix A	USF:absent-both-directions	blur	advance								0.0	0.0	3.329856321842687	4.20358743264204	3.7667218772423636	3	6		1	2																																	
CAND_MEANING_002034	Meaning	unrelated	0		plus	candidate_pending_human_review			USF Appendix A	USF:absent-both-directions	wary	diner								0.0	0.0	2.872213420518874	4.093146902184449	3.482680161351661	4	4		2	2																																	
CAND_MEANING_002035	Meaning	unrelated	0		plus	candidate_pending_human_review			USF Appendix A	USF:absent-both-directions	pull	routine								0.0	0.0	5.165692283340791	4.297610336405844	4.7316513098733175	3	5		1	2																																	
CAND_MEANING_002036	Meaning	unrelated	0		plus	candidate_pending_human_review			USF Appendix A	USF:absent-both-directions	trot	soda								0.0	0.0	3.256217651247619	4.297610336405844	3.7769139938267315	4	4		1	2																																	
CAND_MEANING_002037	Meaning	unrelated	0		plus	candidate_pending_human_review			USF Appendix A	USF:absent-both-directions	sales	curse								0.0	0.0	4.1040048297726575	4.260445537895706	4.1822251838341815	4	3		1	1																																	
CAND_MEANING_002038	Meaning	unrelated	0		plus	candidate_pending_human_review			USF Appendix A	USF:absent-both-directions	horse	habit								0.0	0.0	4.96793320863002	4.160486185725105	4.564209697177563	4	5		1	2																																	
CAND_MEANING_002039	Meaning	unrelated	0		plus	candidate_pending_human_review			USF Appendix A	USF:absent-both-directions	clog	raw								0.0	0.0	2.905213680621799	4.007597181750521	3.45640543118616	4	2		1	1																																	
CAND_MEANING_002040	Meaning	unrelated	0		plus	candidate_pending_human_review			USF Appendix A	USF:absent-both-directions	sales	throne								0.0	0.0	4.1040048297726575	3.9368684133699023	4.02043662157128	4	4		1	1																																	
CAND_MEANING_002041	Meaning	unrelated	0		plus	candidate_pending_human_review			USF Appendix A	USF:absent-both-directions	sales	frigid								0.0	0.0	4.1040048297726575	3.1436881726211388	3.623846501196898	4	6		1	2																																	
CAND_MEANING_002042	Meaning	unrelated	0		plus	candidate_pending_human_review			USF Appendix A	USF:absent-both-directions	reason	social								0.0	0.0	5.2862186377207685	4.523644471864665	4.904931554792716	5	5		2	2																																	
CAND_MEANING_002043	Meaning	unrelated	0		plus	candidate_pending_human_review			USF Appendix A	USF:absent-both-directions	store	saddle								0.0	0.0	4.913398259546353	3.8934027195888117	4.4034004895675825	4	5		1	2																																	
CAND_MEANING_002044	Meaning	unrelated	0		plus	candidate_pending_human_review			USF Appendix A	USF:absent-both-directions	foggy	buyer								0.0	0.0	3.1119737594439325	3.7140337507718946	3.4130037551079138	4	3		2	2																																	
CAND_MEANING_002045	Meaning	unrelated	0		plus	candidate_pending_human_review			USF Appendix A	USF:absent-both-directions	shampoo	probability								0.0	0.0	3.624868283817669	3.349334675238536	3.4871014795281026	5	11		2	5																																	
CAND_MEANING_002046	Meaning	unrelated	0		plus	candidate_pending_human_review			USF Appendix A	USF:absent-both-directions	oil	pay								0.0	0.0	4.613613851204378	5.405871777867385	5.0097428145358815	2	2		1	1																																	
CAND_MEANING_002047	Meaning	unrelated	0		plus	candidate_pending_human_review			USF Appendix A	USF:absent-both-directions	component	delay								0.0	0.0	3.2009148427807133	4.042166139471124	3.621540491125919	9	4		3	2																																	
CAND_MEANING_002048	Meaning	unrelated	0		plus	candidate_pending_human_review			USF Appendix A	USF:absent-both-directions	rest	disturb								0.0	0.0	5.328299637597617	4.045246255090335	4.686772946343976	4	6		1	2																																	
CAND_MEANING_002049	Meaning	unrelated	0		plus	candidate_pending_human_review			USF Appendix A	USF:absent-both-directions	hostage	clown								0.0	0.0	4.163418637662639	4.199303358624134	4.181360998143386	6	4		2	1																																	
CAND_MEANING_002050	Meaning	unrelated	0		plus	candidate_pending_human_review			USF Appendix A	USF:absent-both-directions	trend	rod								0.0	0.0	3.3177356891668337	4.030417150235494	3.674076419701164	5	3		1	1																																	
CAND_MEANING_002051	Meaning	unrelated	0		plus	candidate_pending_human_review			USF Appendix A	USF:absent-both-directions	malaria	discuss								0.0	0.0	3.2218487496163566	4.659599312436744	3.9407240310265506	7	6		4	2																																	
CAND_MEANING_002052	Meaning	unrelated	0		plus	candidate_pending_human_review			USF Appendix A	USF:absent-both-directions	pull	quiver								0.0	0.0	5.165692283340791	2.6541576599196564	3.9099249716302236	3	5		1	2																																	
CAND_MEANING_002053	Meaning	unrelated	0		plus	candidate_pending_human_review			USF Appendix A	USF:absent-both-directions	oil	road								0.0	0.0	4.613613851204378	5.048989866908746	4.831301859056563	2	3		1	1																																	
CAND_MEANING_002054	Meaning	unrelated	0		plus	candidate_pending_human_review			USF Appendix A	USF:absent-both-directions	foggy	dairy								0.0	0.0	3.1119737594439325	3.44471816828512	3.2783459638645263	4	4		2	2																																	
CAND_MEANING_002055	Meaning	unrelated	0		plus	candidate_pending_human_review			USF Appendix A	USF:absent-both-directions	wave	nervous								0.0	0.0	4.327459106104431	4.827090399730508	4.57727475291747	3	5		1	2																																	
CAND_MEANING_002056	Meaning	unrelated	0		plus	candidate_pending_human_review			USF Appendix A	USF:absent-both-directions	damn	kingdom								0.0	0.0	5.4525981168605755	4.188404556261128	4.820501336560852	3	6		1	2																																	
CAND_MEANING_002057	Meaning	unrelated	0		plus	candidate_pending_human_review			USF Appendix A	USF:absent-both-directions	cards	all								0.0	0.0	4.681418609026778	6.712806452389362	5.69711253070807	5	2		1	1																																	
CAND_MEANING_002058	Meaning	unrelated	0		plus	candidate_pending_human_review			USF Appendix A	USF:absent-both-directions	wave	boxing								0.0	0.0	4.327459106104431	3.8606315479690587	4.094045327036745	3	6		1	2																																	
CAND_MEANING_002059	Meaning	unrelated	0		plus	candidate_pending_human_review			USF Appendix A	USF:absent-both-directions	diaper	niece								0.0	0.0	3.6308863175066683	3.979066093164357	3.804976205335513	4	3		2	1																																	
CAND_MEANING_002060	Meaning	unrelated	0		plus	candidate_pending_human_review			USF Appendix A	USF:absent-both-directions	neck	highlight								0.0	0.0	4.77458851931334	3.190056915192505	3.9823227172529228	3	5		1	2																																	
CAND_MEANING_002061	Meaning	unrelated	0		plus	candidate_pending_human_review			USF Appendix A	USF:absent-both-directions	blur	ritual								0.0	0.0	3.329856321842687	3.9513946665664985	3.640625494204593	3	6		1	3																																	
CAND_MEANING_002062	Meaning	unrelated	0		plus	candidate_pending_human_review			USF Appendix A	USF:absent-both-directions	fancy	spare								0.0	0.0	4.542117251707365	4.489158546525351	4.515637899116358	5	4		2	1																																	
CAND_MEANING_002063	Meaning	unrelated	0		plus	candidate_pending_human_review			USF Appendix A	USF:absent-both-directions	reason	captive								0.0	0.0	5.2862186377207685	3.3568878131289823	4.321553225424875	5	6		2	2																																	
CAND_MEANING_002064	Meaning	unrelated	0		plus	candidate_pending_human_review			USF Appendix A	USF:absent-both-directions	reason	dry								0.0	0.0	5.2862186377207685	4.6316824579347635	4.958950547827766	5	3		2	1																																	
CAND_MEANING_002065	Meaning	unrelated	0		plus	candidate_pending_human_review			USF Appendix A	USF:absent-both-directions	foggy	pushy								0.0	0.0	3.1119737594439325	3.3752151942185136	3.2435944768312233	4	4		2	2																																	
CAND_MEANING_002066	Meaning	unrelated	0		plus	candidate_pending_human_review			USF Appendix A	USF:absent-both-directions	faint	loan								0.0	0.0	3.9672909646398753	4.298039269262344	4.1326651169511095	4	3		1	1																																	
CAND_MEANING_002067	Meaning	unrelated	0		plus	candidate_pending_human_review			USF Appendix A	USF:absent-both-directions	conscious	budget								0.0	0.0	3.8327592986929373	4.00254718901388	3.9176532438534086	6	5		2	2																																	
CAND_MEANING_002068	Meaning	unrelated	0		plus	candidate_pending_human_review			USF Appendix A	USF:absent-both-directions	dine	worst								0.0	0.0	3.632873938742182	4.750916587700271	4.191895263221227	3	4		1	1																																	
CAND_MEANING_002069	Meaning	unrelated	0		plus	candidate_pending_human_review			USF Appendix A	USF:absent-both-directions	wary	patient								0.0	0.0	2.872213420518874	4.803778339392276	3.8379958799555753	4	6		2	2																																	
CAND_MEANING_002070	Meaning	unrelated	0		plus	candidate_pending_human_review			USF Appendix A	USF:absent-both-directions	addiction	hospital								0.0	0.0	3.59128290031177	5.094107882937957	4.342695391624863	7	8		3	3																																	
CAND_MEANING_002071	Meaning	unrelated	0		plus	candidate_pending_human_review			USF Appendix A	USF:absent-both-directions	birthday	reach								0.0	0.0	4.987736346333866	4.755276859733737	4.871506603033802	5	3		2	1																																	
CAND_MEANING_002072	Meaning	unrelated	0		plus	candidate_pending_human_review			USF Appendix A	USF:absent-both-directions	pay	decay								0.0	0.0	5.405871777867385	3.3136191229720016	4.359745450419693	2	4		1	2																																	
CAND_MEANING_002073	Meaning	unrelated	0		plus	candidate_pending_human_review			USF Appendix A	USF:absent-both-directions	trend	illness								0.0	0.0	3.3177356891668337	3.8618037335171094	3.5897697113419715	5	5		1	2																																	
CAND_MEANING_002074	Meaning	unrelated	0		plus	candidate_pending_human_review			USF Appendix A	USF:absent-both-directions	pay	litter								0.0	0.0	5.405871777867385	3.5934598195660445	4.499665798716714	2	4		1	2																																	
CAND_MEANING_002075	Meaning	unrelated	0		plus	candidate_pending_human_review			USF Appendix A	USF:absent-both-directions	diaper	molecule								0.0	0.0	3.6308863175066683	2.894489815230026	3.262688066368347	4	8		2	3																																	
CAND_MEANING_002076	Meaning	unrelated	0		plus	candidate_pending_human_review			USF Appendix A	USF:absent-both-directions	component	dine								0.0	0.0	3.2009148427807133	3.632873938742182	3.4168943907614473	9	3		3	1																																	
CAND_MEANING_002077	Meaning	unrelated	0		plus	candidate_pending_human_review			USF Appendix A	USF:absent-both-directions	cards	risk								0.0	0.0	4.681418609026778	4.690543515632566	4.685981062329672	5	4		1	1																																	
CAND_MEANING_002078	Meaning	unrelated	0		plus	candidate_pending_human_review			USF Appendix A	USF:absent-both-directions	brake	asphalt								0.0	0.0	3.7767296632488496	2.982625903930577	3.379677783589713	4	6		1	2																																	
CAND_MEANING_002079	Meaning	unrelated	0		plus	candidate_pending_human_review			USF Appendix A	USF:absent-both-directions	darkness	substance								0.0	0.0	4.2427946782781865	3.8535312075511197	4.048162942914653	7	8		2	2																																	
CAND_MEANING_002080	Meaning	unrelated	0		plus	candidate_pending_human_review			USF Appendix A	USF:absent-both-directions	clog	voice								0.0	0.0	2.905213680621799	4.935289876486555	3.920251778554177	4	3		1	1																																	
CAND_MEANING_002081	Meaning	unrelated	0		plus	candidate_pending_human_review			USF Appendix A	USF:absent-both-directions	sales	penguin								0.0	0.0	4.1040048297726575	3.4597471586502397	3.7818759942114486	4	7		1	2																																	
CAND_MEANING_002082	Meaning	unrelated	0		plus	candidate_pending_human_review			USF Appendix A	USF:absent-both-directions	foot	section								0.0	0.0	4.812389004654132	4.436692597664054	4.6245408011590925	3	6		1	2																																	
CAND_MEANING_002083	Meaning	unrelated	0		plus	candidate_pending_human_review			USF Appendix A	USF:absent-both-directions	garage	pawn								0.0	0.0	4.4348192900209	3.6368220975871743	4.0358206938040375	4	3		2	1																																	
CAND_MEANING_002084	Meaning	unrelated	0		plus	candidate_pending_human_review			USF Appendix A	USF:absent-both-directions	blur	anatomy								0.0	0.0	3.329856321842687	3.5046174283060214	3.4172368750743543	3	7		1	4																																	
CAND_MEANING_002085	Meaning	unrelated	0		plus	candidate_pending_human_review			USF Appendix A	USF:absent-both-directions	sash	mice								0.0	0.0	3.055857817465001	3.817474630938909	3.436666224201955	3	3		1	1																																	
CAND_MEANING_002086	Meaning	unrelated	0		plus	candidate_pending_human_review			USF Appendix A	USF:absent-both-directions	racket	shove								0.0	0.0	3.871069033870136	4.121089720437384	3.9960793771537597	5	3		2	1																																	
CAND_MEANING_002087	Meaning	unrelated	0		plus	candidate_pending_human_review			USF Appendix A	USF:absent-both-directions	measurement	psychology								0.0	0.0	2.723793588061051	3.738034027175661	3.2309138076183563	8	8		3	4																																	
CAND_MEANING_002088	Meaning	unrelated	0		plus	candidate_pending_human_review			USF Appendix A	USF:absent-both-directions	please	attractive								0.0	0.0	6.041771849889581	4.391419463303241	5.216595656596411	4	8		1	3																																	
CAND_MEANING_002089	Meaning	unrelated	0		plus	candidate_pending_human_review			USF Appendix A	USF:absent-both-directions	calculator	college								0.0	0.0	3.1119737594439325	4.930319640482854	4.021146699963394	10	5		4	2																																	
CAND_MEANING_002090	Meaning	unrelated	0		plus	candidate_pending_human_review			USF Appendix A	USF:absent-both-directions	rest	foot								0.0	0.0	5.328299637597617	4.812389004654132	5.070344321125875	4	3		1	1																																	
CAND_MEANING_002091	Meaning	unrelated	0		plus	candidate_pending_human_review			USF Appendix A	USF:absent-both-directions	sash	exhausted								0.0	0.0	3.055857817465001	4.1086711238938465	3.5822644706794238	3	8		1	3																																	
CAND_MEANING_002092	Meaning	unrelated	0		plus	candidate_pending_human_review			USF Appendix A	USF:absent-both-directions	rim	thinking								0.0	0.0	3.38933983691012	5.449372508754289	4.419356172832204	3	6		1	2																																	
CAND_MEANING_002093	Meaning	unrelated	0		plus	candidate_pending_human_review			USF Appendix A	USF:absent-both-directions	please	closed								0.0	0.0	6.041771849889581	4.733024085741895	5.387397967815738	4	5		1	1																																	
CAND_MEANING_002094	Meaning	unrelated	0		plus	candidate_pending_human_review			USF Appendix A	USF:absent-both-directions	claw	destruction								0.0	0.0	3.6407346869502244	4.061067925149678	3.850901306049951	3	10		1	3																																	
CAND_MEANING_002095	Meaning	unrelated	0		plus	candidate_pending_human_review			USF Appendix A	USF:absent-both-directions	brave	suffocate								0.0	0.0	4.501139843808465	3.1789205490745456	3.8400301964415053	4	7		1	3																																	
CAND_MEANING_002096	Meaning	unrelated	0		plus	candidate_pending_human_review			USF Appendix A	USF:absent-both-directions	rim	topping								0.0	0.0	3.38933983691012	2.9456423376774072	3.1674910872937634	3	5		1	2																																	
CAND_MEANING_002097	Meaning	unrelated	0		plus	candidate_pending_human_review			USF Appendix A	USF:absent-both-directions	server	carnival								0.0	0.0	3.5934598195660445	3.852336448938176	3.7228981342521106	4	8		2	3																																	
CAND_MEANING_002098	Meaning	unrelated	0		plus	candidate_pending_human_review			USF Appendix A	USF:absent-both-directions	please	harvest								0.0	0.0	6.041771849889581	3.5824644352645816	4.812118142577081	4	7		1	2																																	
CAND_MEANING_002099	Meaning	unrelated	0		plus	candidate_pending_human_review			USF Appendix A	USF:absent-both-directions	brake	constant								0.0	0.0	3.7767296632488496	3.996580340741863	3.886655001995356	4	8		1	2																																	
CAND_MEANING_002100	Meaning	unrelated	0		plus	candidate_pending_human_review			USF Appendix A	USF:absent-both-directions	calculator	donation								0.0	0.0	3.1119737594439325	3.5452828548819566	3.3286283071629446	10	7		4	3																																	
CAND_MEANING_002101	Meaning	unrelated	0		plus	candidate_pending_human_review			USF Appendix A	USF:absent-both-directions	store	twinkle								0.0	0.0	4.913398259546353	3.4883294763112973	4.200863867928826	4	7		1	2																																	
CAND_MEANING_002102	Meaning	unrelated	0		plus	candidate_pending_human_review			USF Appendix A	USF:absent-both-directions	conscious	pressure								0.0	0.0	3.8327592986929373	4.725238828935232	4.2789990638140845	6	5		2	2																																	
CAND_MEANING_002103	Meaning	unrelated	0		plus	candidate_pending_human_review			USF Appendix A	USF:absent-both-directions	please	cloud								0.0	0.0	6.041771849889581	4.069856646291375	5.055814248090478	4	4		1	1																																	
CAND_MEANING_002104	Meaning	unrelated	0		plus	candidate_pending_human_review			USF Appendix A	USF:absent-both-directions	sales	breathe								0.0	0.0	4.1040048297726575	4.685829519195165	4.394917174483911	4	4		1	1																																	
CAND_MEANING_002105	Meaning	unrelated	0		plus	candidate_pending_human_review			USF Appendix A	USF:absent-both-directions	rest	shake								0.0	0.0	5.328299637597617	4.5979961374173675	4.963147887507493	4	3		1	1																																	
CAND_MEANING_002106	Meaning	unrelated	0		plus	candidate_pending_human_review			USF Appendix A	USF:absent-both-directions	calculator	divide								0.0	0.0	3.1119737594439325	3.7666460879783186	3.4393099237111255	10	5		4	2																																	
CAND_MEANING_002107	Meaning	unrelated	0		plus	candidate_pending_human_review			USF Appendix A	USF:absent-both-directions	darkness	proof								0.0	0.0	4.2427946782781865	4.536459412932086	4.3896270456051365	7	4		2	1																																	
CAND_MEANING_002108	Meaning	unrelated	0		plus	candidate_pending_human_review			USF Appendix A	USF:absent-both-directions	sash	alert								0.0	0.0	3.055857817465001	4.314032539930306	3.6849451786976535	3	4		1	2																																	
CAND_MEANING_002109	Meaning	unrelated	0		plus	candidate_pending_human_review			USF Appendix A	USF:absent-both-directions	neck	teach								0.0	0.0	4.77458851931334	4.862388641998658	4.818488580655999	3	3		1	1																																	
CAND_MEANING_002110	Meaning	unrelated	0		plus	candidate_pending_human_review			USF Appendix A	USF:absent-both-directions	hostage	prom								0.0	0.0	4.163418637662639	4.249558021578877	4.206488329620758	6	4		2	1																																	
CAND_MEANING_002111	Meaning	unrelated	0		plus	candidate_pending_human_review			USF Appendix A	USF:absent-both-directions	conscious	absent								0.0	0.0	3.8327592986929373	3.4097011195578277	3.6212302091253825	6	6		2	2																																	
CAND_MEANING_002112	Meaning	unrelated	0		plus	candidate_pending_human_review			USF Appendix A	USF:absent-both-directions	dine	gem								0.0	0.0	3.632873938742182	3.3928003690196267	3.5128371538809042	3	3		1	1																																	
CAND_MEANING_002113	Meaning	unrelated	0		plus	candidate_pending_human_review			USF Appendix A	USF:absent-both-directions	foot	times								0.0	0.0	4.812389004654132	5.3424613862704655	5.077425195462299	3	4		1	1																																	
CAND_MEANING_002114	Meaning	unrelated	0		plus	candidate_pending_human_review			USF Appendix A	USF:absent-both-directions	malaria	tuba								0.0	0.0	3.2218487496163566	3.0777596589128304	3.1498042042645933	7	4		4	2																																	
CAND_MEANING_002115	Meaning	unrelated	0		plus	candidate_pending_human_review			USF Appendix A	USF:absent-both-directions	damn	dressing								0.0	0.0	5.4525981168605755	4.197685872650515	4.825141994755546	3	6		1	2																																	
CAND_MEANING_002116	Meaning	unrelated	0		plus	candidate_pending_human_review			USF Appendix A	USF:absent-both-directions	diaper	box								0.0	0.0	3.6308863175066683	4.953010736329363	4.2919485269180155	4	4		2	1																																	
CAND_MEANING_002117	Meaning	unrelated	0		plus	candidate_pending_human_review			USF Appendix A	USF:absent-both-directions	fad	jog								0.0	0.0	2.883494430928563	3.3823349353414613	3.132914683135012	3	3		1	1																																	
CAND_MEANING_002118	Meaning	unrelated	0		plus	candidate_pending_human_review			USF Appendix A	USF:absent-both-directions	damn	mower								0.0	0.0	5.4525981168605755	3.167491087293764	4.31004460207717	3	3		1	2																																	
CAND_MEANING_002119	Meaning	unrelated	0		plus	candidate_pending_human_review			USF Appendix A	USF:absent-both-directions	racket	loose								0.0	0.0	3.871069033870136	4.621013273616265	4.2460411537432	5	3		2	1																																	
CAND_MEANING_002120	Meaning	unrelated	0		plus	candidate_pending_human_review			USF Appendix A	USF:absent-both-directions	faint	rise								0.0	0.0	3.9672909646398753	4.438247538393892	4.202769251516884	4	3		1	1																																	
CAND_MEANING_002121	Meaning	unrelated	0		plus	candidate_pending_human_review			USF Appendix A	USF:absent-both-directions	please	river								0.0	0.0	6.041771849889581	4.744062771359054	5.392917310624318	4	4		1	2																																	
CAND_MEANING_002122	Meaning	unrelated	0		plus	candidate_pending_human_review			USF Appendix A	USF:absent-both-directions	foot	grave								0.0	0.0	4.812389004654132	4.419534622266871	4.615961813460501	3	4		1	1																																	
CAND_MEANING_002123	Meaning	unrelated	0		plus	candidate_pending_human_review			USF Appendix A	USF:absent-both-directions	sales	attention								0.0	0.0	4.1040048297726575	4.994170456339276	4.549087643055967	4	7		1	3																																	
CAND_MEANING_002124	Meaning	unrelated	0		plus	candidate_pending_human_review			USF Appendix A	USF:absent-both-directions	birthday	made								0.0	0.0	4.987736346333866	5.749190490844633	5.36846341858925	5	3		2	1																																	
CAND_MEANING_002125	Meaning	unrelated	0		plus	candidate_pending_human_review			USF Appendix A	USF:absent-both-directions	foggy	pinch								0.0	0.0	3.1119737594439325	3.7865844179205066	3.4492790886822196	4	4		2	1																																	
CAND_MEANING_002126	Meaning	unrelated	0		plus	candidate_pending_human_review			USF Appendix A	USF:absent-both-directions	fancy	ham								0.0	0.0	4.542117251707365	4.064017304783319	4.303067278245342	5	3		2	1																																	
CAND_MEANING_002127	Meaning	unrelated	0		plus	candidate_pending_human_review			USF Appendix A	USF:absent-both-directions	darkness	irritating								0.0	0.0	4.2427946782781865	3.337752802688721	3.7902737404834537	7	8		2	4																																	
CAND_MEANING_002128	Meaning	unrelated	0		plus	candidate_pending_human_review			USF Appendix A	USF:absent-both-directions	conscious	stereo								0.0	0.0	3.8327592986929373	3.775303407510817	3.8040313531018772	6	6		2	3																																	
CAND_MEANING_002129	Meaning	unrelated	0		plus	candidate_pending_human_review			USF Appendix A	USF:absent-both-directions	dine	tact								0.0	0.0	3.632873938742182	3.040617850908264	3.336745894825223	3	4		1	1																																	
CAND_MEANING_002130	Meaning	unrelated	0		plus	candidate_pending_human_review			USF Appendix A	USF:absent-both-directions	calculator	tight								0.0	0.0	3.1119737594439325	4.706901773531366	3.9094377664876494	10	3		4	1																																	
CAND_MEANING_002131	Meaning	unrelated	0		plus	candidate_pending_human_review			USF Appendix A	USF:absent-both-directions	pull	shark								0.0	0.0	5.165692283340791	4.175523182477754	4.670607732909272	3	4		1	1																																	
CAND_MEANING_002132	Meaning	unrelated	0		plus	candidate_pending_human_review			USF Appendix A	USF:absent-both-directions	dine	talent								0.0	0.0	3.632873938742182	4.416934048736346	4.024903993739263	3	6		1	2																																	
CAND_MEANING_002133	Meaning	unrelated	0		plus	candidate_pending_human_review			USF Appendix A	USF:absent-both-directions	conscious	department								0.0	0.0	3.8327592986929373	4.805114220119227	4.318936759406082	6	10		2	3																																	
CAND_MEANING_002134	Meaning	unrelated	0		plus	candidate_pending_human_review			USF Appendix A	USF:absent-both-directions	component	mail								0.0	0.0	3.2009148427807133	4.566356604002589	3.8836357233916514	9	3		3	1																																	
CAND_MEANING_002135	Meaning	unrelated	0		plus	candidate_pending_human_review			USF Appendix A	USF:absent-both-directions	server	dam								0.0	0.0	3.5934598195660445	3.7592974442561733	3.676378631911109	4	3		2	1																																	
CAND_MEANING_002136	Meaning	unrelated	0		plus	candidate_pending_human_review			USF Appendix A	USF:absent-both-directions	measurement	screwdriver								0.0	0.0	2.723793588061051	3.399639793549932	3.0617166908054916	8	9		3	3																																	
CAND_MEANING_002137	Meaning	unrelated	0		plus	candidate_pending_human_review			USF Appendix A	USF:absent-both-directions	oil	possession								0.0	0.0	4.613613851204378	4.1249387366083	4.3692762939063385	2	7		1	3																																	
CAND_MEANING_002138	Meaning	unrelated	0		plus	candidate_pending_human_review			USF Appendix A	USF:absent-both-directions	reason	drift								0.0	0.0	5.2862186377207685	3.8069775765623497	4.546598107141559	5	5		2	1																																	
CAND_MEANING_002139	Meaning	unrelated	0		plus	candidate_pending_human_review			USF Appendix A	USF:absent-both-directions	horse	plasma								0.0	0.0	4.96793320863002	3.697263540522002	4.332598374576011	4	6		1	2																																	
CAND_MEANING_002140	Meaning	unrelated	0		plus	candidate_pending_human_review			USF Appendix A	USF:absent-both-directions	garage	pail								0.0	0.0	4.4348192900209	2.973671061277651	3.7042451756492754	4	3		2	1																																	
CAND_MEANING_002141	Meaning	unrelated	0		plus	candidate_pending_human_review			USF Appendix A	USF:absent-both-directions	malaria	bugle								0.0	0.0	3.2218487496163566	3.2369124960522324	3.2293806228342943	7	6		4	2																																	
CAND_MEANING_002142	Meaning	unrelated	0		plus	candidate_pending_human_review			USF Appendix A	USF:absent-both-directions	cards	cap								0.0	0.0	4.681418609026778	4.272887716178164	4.477153162602471	5	3		1	1																																	
CAND_MEANING_002143	Meaning	unrelated	0		plus	candidate_pending_human_review			USF Appendix A	USF:absent-both-directions	server	minus								0.0	0.0	3.5934598195660445	3.895574196522246	3.744517008044145	4	5		2	2																																	
CAND_MEANING_002144	Meaning	unrelated	0		plus	candidate_pending_human_review			USF Appendix A	USF:absent-both-directions	pay	games								0.0	0.0	5.405871777867385	4.651695988508812	5.028783883188098	2	4		1	1																																	
CAND_MEANING_002145	Meaning	unrelated	0		plus	candidate_pending_human_review			USF Appendix A	USF:absent-both-directions	server	baseball								0.0	0.0	3.5934598195660445	4.402345686925857	3.997902753245951	4	6		2	2																																	
CAND_MEANING_002146	Meaning	unrelated	0		plus	candidate_pending_human_review			USF Appendix A	USF:absent-both-directions	foggy	polyester								0.0	0.0	3.1119737594439325	3.0917703733556454	3.101872066399789	4	8		2	4																																	
CAND_MEANING_002147	Meaning	unrelated	0		plus	candidate_pending_human_review			USF Appendix A	USF:absent-both-directions	flask	bite								0.0	0.0	3.048304679574555	4.610493158864825	3.82939891921969	5	3		1	1																																	
CAND_MEANING_002148	Meaning	unrelated	0		plus	candidate_pending_human_review			USF Appendix A	USF:absent-both-directions	foggy	damp								0.0	0.0	3.1119737594439325	3.4656160923143378	3.2887949258791354	4	4		2	1																																	
CAND_MEANING_002149	Meaning	unrelated	0		plus	candidate_pending_human_review			USF Appendix A	USF:absent-both-directions	wary	vague								0.0	0.0	2.872213420518874	3.656041803794208	3.264127612156541	4	3		2	1																																	
CAND_MEANING_002150	Meaning	unrelated	0		plus	candidate_pending_human_review			USF Appendix A	USF:absent-both-directions	school	pan								0.0	0.0	5.5225976402482555	4.08969736473278	4.806147502490518	4	3		1	1																																	
CAND_MEANING_002151	Meaning	unrelated	0		plus	candidate_pending_human_review			USF Appendix A	USF:absent-both-directions	racket	relative								0.0	0.0	3.871069033870136	3.8912203306651785	3.8811446822676574	5	7		2	3																																	
CAND_MEANING_002152	Meaning	unrelated	0		plus	candidate_pending_human_review			USF Appendix A	USF:absent-both-directions	wary	villain								0.0	0.0	2.872213420518874	3.618765684830815	3.2454895526748446	4	5		2	2																																	
CAND_MEANING_002153	Meaning	unrelated	0		plus	candidate_pending_human_review			USF Appendix A	USF:absent-both-directions	store	nap								0.0	0.0	4.913398259546353	4.101989538537332	4.5076938990418425	4	3		1	1																																	
CAND_MEANING_002154	Meaning	unrelated	0		plus	candidate_pending_human_review			USF Appendix A	USF:absent-both-directions	pull	mongoose								0.0	0.0	5.165692283340791	2.8109437637799513	3.988318023560371	3	6		1	2																																	
CAND_MEANING_002155	Meaning	unrelated	0		plus	candidate_pending_human_review			USF Appendix A	USF:absent-both-directions	sales	impatient								0.0	0.0	4.1040048297726575	3.606297044271217	3.8551509370219375	4	8		1	3																																	
CAND_MEANING_002156	Meaning	unrelated	0		plus	candidate_pending_human_review			USF Appendix A	USF:absent-both-directions	wary	booth								0.0	0.0	2.872213420518874	4.309045371459241	3.5906293959890574	4	3		2	1																																	
CAND_MEANING_002157	Meaning	unrelated	0		plus	candidate_pending_human_review			USF Appendix A	USF:absent-both-directions	form	components								0.0	0.0	4.630886317506668	3.2167091099639453	3.923797713735307	4	10		1	3																																	
CAND_MEANING_002158	Meaning	unrelated	0		plus	candidate_pending_human_review			USF Appendix A	USF:absent-both-directions	measurement	hard								0.0	0.0	2.723793588061051	5.488329476311297	4.106061532186175	8	4		3	1																																	
CAND_MEANING_002159	Meaning	unrelated	0		plus	candidate_pending_human_review			USF Appendix A	USF:absent-both-directions	school	feet								0.0	0.0	5.5225976402482555	5.081798977493545	5.3021983088709	4	3		1	1																																	
CAND_MEANING_002160	Meaning	unrelated	0		plus	candidate_pending_human_review			USF Appendix A	USF:absent-both-directions	rest	society								0.0	0.0	5.328299637597617	4.517480520040112	4.922890078818865	4	7		1	4																																	
CAND_MEANING_002161	Meaning	unrelated	0		plus	candidate_pending_human_review			USF Appendix A	USF:absent-both-directions	faint	design								0.0	0.0	3.9672909646398753	4.209409871222446	4.088350417931161	4	5		1	2																																	
CAND_MEANING_002162	Meaning	unrelated	0		plus	candidate_pending_human_review			USF Appendix A	USF:absent-both-directions	shampoo	untrue								0.0	0.0	3.624868283817669	3.16166154363304	3.3932649137253543	5	5		2	2																																	
CAND_MEANING_002163	Meaning	unrelated	0		plus	candidate_pending_human_review			USF Appendix A	USF:absent-both-directions	shampoo	sibling								0.0	0.0	3.624868283817669	2.982625903930577	3.303747093874123	5	6		2	2																																	
CAND_MEANING_002164	Meaning	unrelated	0		plus	candidate_pending_human_review			USF Appendix A	USF:absent-both-directions	damn	shelter								0.0	0.0	5.4525981168605755	4.066946789630613	4.759772453245594	3	5		1	2																																	
CAND_MEANING_002165	Meaning	unrelated	0		plus	candidate_pending_human_review			USF Appendix A	USF:absent-both-directions	flask	slope								0.0	0.0	3.048304679574555	3.468521082957745	3.25841288126615	5	4		1	1																																	
CAND_MEANING_002166	Meaning	unrelated	0		plus	candidate_pending_human_review			USF Appendix A	USF:absent-both-directions	diaper	drapes								0.0	0.0	3.6308863175066683	3.4742734118468364	3.552579864676752	4	5		2	1																																	
CAND_MEANING_002167	Meaning	unrelated	0		plus	candidate_pending_human_review			USF Appendix A	USF:absent-both-directions	flask	hamper								0.0	0.0	3.048304679574555	3.1497623203333323	3.0990334999539435	5	5		1	2																																	
CAND_MEANING_002168	Meaning	unrelated	0		plus	candidate_pending_human_review			USF Appendix A	USF:absent-both-directions	reason	tar								0.0	0.0	5.2862186377207685	3.4965498065579883	4.391384222139378	5	3		2	1																																	
CAND_MEANING_002169	Meaning	unrelated	0		plus	candidate_pending_human_review			USF Appendix A	USF:absent-both-directions	foot	describe								0.0	0.0	4.812389004654132	4.22994771591941	4.5211683602867705	3	7		1	2																																	
CAND_MEANING_002170	Meaning	unrelated	0		plus	candidate_pending_human_review			USF Appendix A	USF:absent-both-directions	conscious	over								0.0	0.0	3.8327592986929373	6.121656381961456	4.977207840327196	6	3		2	2																																	
CAND_MEANING_002171	Meaning	unrelated	0		plus	candidate_pending_human_review			USF Appendix A	USF:absent-both-directions	sash	confusion								0.0	0.0	3.055857817465001	3.852336448938176	3.4540971332015884	3	9		1	3																																	
CAND_MEANING_002172	Meaning	unrelated	0		plus	candidate_pending_human_review			USF Appendix A	USF:absent-both-directions	server	lightning								0.0	0.0	3.5934598195660445	4.150365088621493	3.871912454093769	4	6		2	2																																	
CAND_MEANING_002173	Meaning	unrelated	0		plus	candidate_pending_human_review			USF Appendix A	USF:absent-both-directions	fancy	sad								0.0	0.0	4.542117251707365	4.801901176004613	4.672009213855989	5	3		2	1																																	
CAND_MEANING_002174	Meaning	unrelated	0		plus	candidate_pending_human_review			USF Appendix A	USF:absent-both-directions	server	curb								0.0	0.0	3.5934598195660445	3.6125761100131175	3.603017964789581	4	3		2	1																																	
CAND_MEANING_002175	Meaning	unrelated	0		plus	candidate_pending_human_review			USF Appendix A	USF:absent-both-directions	trend	bit								0.0	0.0	3.3177356891668337	5.3711403292303395	4.344438009198587	5	3		1	1																																	
CAND_MEANING_002176	Meaning	unrelated	0		plus	candidate_pending_human_review			USF Appendix A	USF:absent-both-directions	brave	robber								0.0	0.0	4.501139843808465	3.6708277248502013	4.085983784329333	4	4		1	2																																	
CAND_MEANING_002177	Meaning	unrelated	0		plus	candidate_pending_human_review			USF Appendix A	USF:absent-both-directions	snob	blessing								0.0	0.0	3.337752802688721	3.987035022835632	3.6623939127621767	4	6		1	2																																	
CAND_MEANING_002178	Meaning	unrelated	0		plus	candidate_pending_human_review			USF Appendix A	USF:absent-both-directions	horse	leaves								0.0	0.0	4.96793320863002	4.657168378957462	4.812550793793742	4	4		1	1																																	
CAND_MEANING_002179	Meaning	unrelated	0		plus	candidate_pending_human_review			USF Appendix A	USF:absent-both-directions	suck	apology								0.0	0.0	4.542605771985989	4.197685872650515	4.370145822318252	3	7		1	4																																	
CAND_MEANING_002180	Meaning	unrelated	0		plus	candidate_pending_human_review			USF Appendix A	USF:absent-both-directions	wave	cheat								0.0	0.0	4.327459106104431	4.2471546148811266	4.287306860492778	3	3		1	1																																	
CAND_MEANING_002181	Meaning	unrelated	0		plus	candidate_pending_human_review			USF Appendix A	USF:absent-both-directions	foot	acrobat								0.0	0.0	4.812389004654132	2.769551078621726	3.790970041637929	3	7		1	3																																	
CAND_MEANING_002182	Meaning	unrelated	0		plus	candidate_pending_human_review			USF Appendix A	USF:absent-both-directions	neck	latch								0.0	0.0	4.77458851931334	3.2836558995945584	4.029122209453949	3	3		1	1																																	
CAND_MEANING_002183	Meaning	unrelated	0		plus	candidate_pending_human_review			USF Appendix A	USF:absent-both-directions	suck	comment								0.0	0.0	4.542605771985989	4.108007572226331	4.32530667210616	3	6		1	2																																	
CAND_MEANING_002184	Meaning	unrelated	0		plus	candidate_pending_human_review			USF Appendix A	USF:absent-both-directions	fad	sleeve								0.0	0.0	2.883494430928563	3.748795857031107	3.316145143979835	3	4		1	1																																	
CAND_MEANING_002185	Meaning	unrelated	0		plus	candidate_pending_human_review			USF Appendix A	USF:absent-both-directions	trend	jerk								0.0	0.0	3.3177356891668337	4.520316528515737	3.9190261088412854	5	3		1	1																																	
CAND_MEANING_002186	Meaning	unrelated	0		plus	candidate_pending_human_review			USF Appendix A	USF:absent-both-directions	faint	bumps								0.0	0.0	3.9672909646398753	3.54040309026387	3.7538470274518727	4	5		1	1																																	
CAND_MEANING_002187	Meaning	unrelated	0		plus	candidate_pending_human_review			USF Appendix A	USF:absent-both-directions	foot	spool								0.0	0.0	4.812389004654132	2.7074031718728815	3.7598960882635066	3	4		1	1																																	
CAND_MEANING_002188	Meaning	unrelated	0		plus	candidate_pending_human_review			USF Appendix A	USF:absent-both-directions	oil	clerk								0.0	0.0	4.613613851204378	4.110655717516019	4.362134784360199	2	4		1	1																																	
CAND_MEANING_002189	Meaning	unrelated	0		plus	candidate_pending_human_review			USF Appendix A	USF:absent-both-directions	neck	time								0.0	0.0	4.77458851931334	6.291951837030967	5.533270178172154	3	3		1	1																																	
CAND_MEANING_002190	Meaning	unrelated	0		plus	candidate_pending_human_review			USF Appendix A	USF:absent-both-directions	cards	idiot								0.0	0.0	4.681418609026778	4.820960884537476	4.751189746782127	5	5		1	3																																	
CAND_MEANING_002191	Meaning	unrelated	0		plus	candidate_pending_human_review			USF Appendix A	USF:absent-both-directions	pay	rat								0.0	0.0	5.405871777867385	4.513322073121583	4.959596925494484	2	3		1	1																																	
CAND_MEANING_002192	Meaning	unrelated	0		plus	candidate_pending_human_review			USF Appendix A	USF:absent-both-directions	faint	clove								0.0	0.0	3.9672909646398753	2.7074031718728815	3.3373470682563786	4	4		1	1																																	
CAND_MEANING_002193	Meaning	unrelated	0		plus	candidate_pending_human_review			USF Appendix A	USF:absent-both-directions	dine	antique								0.0	0.0	3.632873938742182	3.7823883033268983	3.70763112103454	3	5		1	2																																	
CAND_MEANING_002194	Meaning	unrelated	0		plus	candidate_pending_human_review			USF Appendix A	USF:absent-both-directions	reason	unpleasant								0.0	0.0	5.2862186377207685	3.7851902129289012	4.535704425324835	5	9		2	3																																	
CAND_MEANING_002195	Meaning	unrelated	0		plus	candidate_pending_human_review			USF Appendix A	USF:absent-both-directions	claw	turnip								0.0	0.0	3.6407346869502244	3.2369124960522324	3.4388235915012286	3	5		1	2																																	
CAND_MEANING_002196	Meaning	unrelated	0		plus	candidate_pending_human_review			USF Appendix A	USF:absent-both-directions	sales	painter								0.0	0.0	4.1040048297726575	3.8289882664735937	3.966496548123126	4	5		1	2																																	
CAND_MEANING_002197	Meaning	unrelated	0		plus	candidate_pending_human_review			USF Appendix A	USF:absent-both-directions	foot	cone								0.0	0.0	4.812389004654132	3.4656160923143378	4.1390025484842345	3	3		1	1																																	
CAND_MEANING_002198	Meaning	unrelated	0		plus	candidate_pending_human_review			USF Appendix A	USF:absent-both-directions	conscious	personnel								0.0	0.0	3.8327592986929373	4.214116299385665	4.023437799039302	6	7		2	3																																	
CAND_MEANING_002199	Meaning	unrelated	0		plus	candidate_pending_human_review			USF Appendix A	USF:absent-both-directions	brave	see								0.0	0.0	4.501139843808465	6.407684101318111	5.454411972563288	4	2		1	1																																	
CAND_MEANING_002200	Meaning	unrelated	0		plus	candidate_pending_human_review			USF Appendix A	USF:absent-both-directions	upstairs	antenna								0.0	0.0	4.849575966220427	3.3787896545768117	4.114182810398619	7	6		2	3																																	
CAND_MEANING_002201	Meaning	unrelated	0		plus	candidate_pending_human_review			USF Appendix A	USF:absent-both-directions	malaria	scramble								0.0	0.0	3.2218487496163566	3.3823349353414613	3.3020918424789087	7	8		4	2																																	
CAND_MEANING_002202	Meaning	unrelated	0		plus	candidate_pending_human_review			USF Appendix A	USF:absent-both-directions	neck	modest								0.0	0.0	4.77458851931334	3.769551078621726	4.272069798967533	3	6		1	2																																	
CAND_MEANING_002203	Meaning	unrelated	0		plus	candidate_pending_human_review			USF Appendix A	USF:absent-both-directions	pull	restore								0.0	0.0	5.165692283340791	3.6955503450778817	4.430621314209336	3	6		1	2																																	
CAND_MEANING_002204	Meaning	unrelated	0		plus	candidate_pending_human_review			USF Appendix A	USF:absent-both-directions	reason	drown								0.0	0.0	5.2862186377207685	4.024823583725032	4.6555211107229	5	4		2	1																																	
CAND_MEANING_002205	Meaning	unrelated	0		plus	candidate_pending_human_review			USF Appendix A	USF:absent-both-directions	garage	compassion								0.0	0.0	4.4348192900209	3.7962205069592447	4.1155198984900725	4	8		2	3																																	
CAND_MEANING_002206	Meaning	unrelated	0		plus	candidate_pending_human_review			USF Appendix A	USF:absent-both-directions	suck	miner								0.0	0.0	4.542605771985989	3.16166154363304	3.8521336578095147	3	4		1	2																																	
CAND_MEANING_002207	Meaning	unrelated	0		plus	candidate_pending_human_review			USF Appendix A	USF:absent-both-directions	rim	bride								0.0	0.0	3.38933983691012	4.384096781497748	3.8867183092039337	3	4		1	1																																	
CAND_MEANING_002208	Meaning	unrelated	0		plus	candidate_pending_human_review			USF Appendix A	USF:absent-both-directions	shampoo	noisy								0.0	0.0	3.624868283817669	3.7023629472333583	3.6636156155255137	5	4		2	2																																	
CAND_MEANING_002209	Meaning	unrelated	0		plus	candidate_pending_human_review			USF Appendix A	USF:absent-both-directions	darkness	wife								0.0	0.0	4.2427946782781865	5.5427278162419285	4.892761247260058	7	3		2	1																																	
CAND_MEANING_002210	Meaning	unrelated	0		plus	candidate_pending_human_review			USF Appendix A	USF:absent-both-directions	foggy	wet								0.0	0.0	3.1119737594439325	4.5934598195660445	3.8527167895049885	4	3		2	1																																	
CAND_MEANING_002211	Meaning	unrelated	0		plus	candidate_pending_human_review			USF Appendix A	USF:absent-both-directions	addiction	triumph								0.0	0.0	3.59128290031177	3.6671781699121677	3.6292305351119687	7	6		3	2																																	
CAND_MEANING_002212	Meaning	unrelated	0		plus	candidate_pending_human_review			USF Appendix A	USF:absent-both-directions	server	gag								0.0	0.0	3.5934598195660445	3.848732324669351	3.7210960721176978	4	3		2	1																																	
CAND_MEANING_002213	Meaning	unrelated	0		plus	candidate_pending_human_review			USF Appendix A	USF:absent-both-directions	pull	morning								0.0	0.0	5.165692283340791	5.642464520242122	5.404078401791456	3	6		1	2																																	
CAND_MEANING_002214	Meaning	unrelated	0		plus	candidate_pending_human_review			USF Appendix A	USF:absent-both-directions	trot	maximum								0.0	0.0	3.256217651247619	3.890125009827576	3.5731713305375976	4	8		1	3																																	
CAND_MEANING_002215	Meaning	unrelated	0		plus	candidate_pending_human_review			USF Appendix A	USF:absent-both-directions	foggy	flat								0.0	0.0	3.1119737594439325	4.418561231164048	3.7652674953039904	4	4		2	1																																	
CAND_MEANING_002216	Meaning	unrelated	0		plus	candidate_pending_human_review			USF Appendix A	USF:absent-both-directions	wave	dress								0.0	0.0	4.327459106104431	4.940496953350999	4.633978029727714	3	4		1	1																																	
CAND_MEANING_002217	Meaning	unrelated	0		plus	candidate_pending_human_review			USF Appendix A	USF:absent-both-directions	cards	acid								0.0	0.0	4.681418609026778	3.998293536185983	4.339856072606381	5	4		1	2																																	
CAND_MEANING_002218	Meaning	unrelated	0		plus	candidate_pending_human_review			USF Appendix A	USF:absent-both-directions	electrician	meaning								0.0	0.0	3.173243416182855	4.572096767950519	3.872670092066687	10	5		4	2																																	
CAND_MEANING_002219	Meaning	unrelated	0		plus	candidate_pending_human_review			USF Appendix A	USF:absent-both-directions	rest	calf								0.0	0.0	5.328299637597617	3.471406771195233	4.399853204396425	4	3		1	1																																	
CAND_MEANING_002220	Meaning	unrelated	0		plus	candidate_pending_human_review			USF Appendix A	USF:absent-both-directions	racket	courageous								0.0	0.0	3.871069033870136	3.4992556999339133	3.6851623669020244	5	6		2	3																																	
CAND_MEANING_002221	Meaning	unrelated	0		plus	candidate_pending_human_review			USF Appendix A	USF:absent-both-directions	garage	sole								0.0	0.0	4.4348192900209	3.7205646179308527	4.077691953975876	4	3		2	1																																	
CAND_MEANING_002222	Meaning	unrelated	0		plus	candidate_pending_human_review			USF Appendix A	USF:absent-both-directions	birthday	cooler								0.0	0.0	4.987736346333866	3.848732324669351	4.418234335501609	5	4		2	2																																	
CAND_MEANING_002223	Meaning	unrelated	0		plus	candidate_pending_human_review			USF Appendix A	USF:absent-both-directions	fancy	dust								0.0	0.0	4.542117251707365	4.37736339883878	4.4597403252730725	5	4		2	1																																	
CAND_MEANING_002224	Meaning	unrelated	0		plus	candidate_pending_human_review			USF Appendix A	USF:absent-both-directions	oil	dunk								0.0	0.0	4.613613851204378	3.4130037551079138	4.013308803156146	2	4		1	1																																	
CAND_MEANING_002225	Meaning	unrelated	0		plus	candidate_pending_human_review			USF Appendix A	USF:absent-both-directions	brake	round								0.0	0.0	3.7767296632488496	4.823013683547181	4.299871673398015	4	4		1	1																																	
CAND_MEANING_002226	Meaning	unrelated	0		plus	candidate_pending_human_review			USF Appendix A	USF:absent-both-directions	server	hall								0.0	0.0	3.5934598195660445	4.715511782199295	4.15448580088267	4	3		2	1																																	
CAND_MEANING_002227	Meaning	unrelated	0		plus	candidate_pending_human_review			USF Appendix A	USF:absent-both-directions	diaper	sloppy								0.0	0.0	3.6308863175066683	3.769551078621726	3.700218698064197	4	5		2	2																																	
CAND_MEANING_002228	Meaning	unrelated	0		plus	candidate_pending_human_review			USF Appendix A	USF:absent-both-directions	diaper	wrinkle								0.0	0.0	3.6308863175066683	3.274701056941632	3.4527936872241503	4	6		2	2																																	
CAND_MEANING_002229	Meaning	unrelated	0		plus	candidate_pending_human_review			USF Appendix A	USF:absent-both-directions	racket	court								0.0	0.0	3.871069033870136	5.003139389626401	4.437104211748268	5	4		2	1																																	
CAND_MEANING_002230	Meaning	unrelated	0		plus	candidate_pending_human_review			USF Appendix A	USF:absent-both-directions	wave	abundance								0.0	0.0	4.327459106104431	2.9456423376774072	3.636550721890919	3	8		1	3																																	
CAND_MEANING_002231	Meaning	unrelated	0		plus	candidate_pending_human_review			USF Appendix A	USF:absent-both-directions	birthday	hilarious								0.0	0.0	4.987736346333866	3.7622518398802267	4.374994093107047	5	8		2	4																																	
CAND_MEANING_002232	Meaning	unrelated	0		plus	candidate_pending_human_review			USF Appendix A	USF:absent-both-directions	snob	dark								0.0	0.0	3.337752802688721	4.947472165233266	4.142612483960994	4	4		1	1																																	
CAND_MEANING_002233	Meaning	unrelated	0		plus	candidate_pending_human_review			USF Appendix A	USF:absent-both-directions	brave	vote								0.0	0.0	4.501139843808465	4.53571596998551	4.518427906896988	4	3		1	1																																	
CAND_MEANING_002234	Meaning	unrelated	0		plus	candidate_pending_human_review			USF Appendix A	USF:absent-both-directions	neck	amp								0.0	0.0	4.77458851931334	3.260912772455999	4.01775064588467	3	3		1	1																																	
CAND_MEANING_002235	Meaning	unrelated	0		plus	candidate_pending_human_review			USF Appendix A	USF:absent-both-directions	fad	label								0.0	0.0	2.883494430928563	3.8377369403678876	3.3606156856482254	3	5		1	2																																	
CAND_MEANING_002236	Meaning	unrelated	0		plus	candidate_pending_human_review			USF Appendix A	USF:absent-both-directions	please	sign								0.0	0.0	6.041771849889581	5.124747093824325	5.5832594718569535	4	3		1	1																																	
CAND_MEANING_002237	Meaning	unrelated	0		plus	candidate_pending_human_review			USF Appendix A	USF:absent-both-directions	diaper	worn								0.0	0.0	3.6308863175066683	4.00339294289734	3.817139630202004	4	4		2	1																																	
CAND_MEANING_002238	Meaning	unrelated	0		plus	candidate_pending_human_review			USF Appendix A	USF:absent-both-directions	trend	responsible								0.0	0.0	3.3177356891668337	4.65377984825433	3.985757768710582	5	11		1	4																																	
CAND_MEANING_002239	Meaning	unrelated	0		plus	candidate_pending_human_review			USF Appendix A	USF:absent-both-directions	rim	waitress								0.0	0.0	3.38933983691012	4.061807149978202	3.725573493444161	3	6		1	2																																	
CAND_MEANING_002240	Meaning	unrelated	0		plus	candidate_pending_human_review			USF Appendix A	USF:absent-both-directions	claw	essence								0.0	0.0	3.6407346869502244	3.750311720636056	3.6955232037931403	3	5		1	2																																	
CAND_MEANING_002241	Meaning	unrelated	0		plus	candidate_pending_human_review			USF Appendix A	USF:absent-both-directions	please	platform								0.0	0.0	6.041771849889581	3.787974161448512	4.914873005669047	4	8		1	2																																	
CAND_MEANING_002242	Meaning	unrelated	0		plus	candidate_pending_human_review			USF Appendix A	USF:absent-both-directions	trot	fountain								0.0	0.0	3.256217651247619	3.838972487380195	3.547595069313907	4	6		1	2																																	
CAND_MEANING_002243	Meaning	unrelated	0		plus	candidate_pending_human_review			USF Appendix A	USF:absent-both-directions	blur	ornament								0.0	0.0	3.329856321842687	3.055857817465001	3.192857069653844	3	8		1	3																																	
CAND_MEANING_002244	Meaning	unrelated	0		plus	candidate_pending_human_review			USF Appendix A	USF:absent-both-directions	addiction	distance								0.0	0.0	3.59128290031177	4.408373000841118	3.999827950576444	7	7		3	2																																	
CAND_MEANING_002245	Meaning	unrelated	0		plus	candidate_pending_human_review			USF Appendix A	USF:absent-both-directions	conscious	hunt								0.0	0.0	3.8327592986929373	4.412674619448429	4.122716959070683	6	4		2	1																																	
CAND_MEANING_002246	Meaning	unrelated	0		plus	candidate_pending_human_review			USF Appendix A	USF:absent-both-directions	brake	honest								0.0	0.0	3.7767296632488496	4.859338479128867	4.318034071188858	4	5		1	2																																	
CAND_MEANING_002247	Meaning	unrelated	0		plus	candidate_pending_human_review			USF Appendix A	USF:absent-both-directions	electrician	freak								0.0	0.0	3.173243416182855	4.565199410453824	3.869221413318339	10	4		4	1																																	
CAND_MEANING_002248	Meaning	unrelated	0		plus	candidate_pending_human_review			USF Appendix A	USF:absent-both-directions	dine	guilt								0.0	0.0	3.632873938742182	4.173243416182855	3.9030586774625182	3	4		1	1																																	
CAND_MEANING_002249	Meaning	unrelated	0		plus	candidate_pending_human_review			USF Appendix A	USF:absent-both-directions	diaper	drunk								0.0	0.0	3.6308863175066683	4.883939632896718	4.257412975201693	4	5		2	1																																	
CAND_MEANING_002250	Meaning	unrelated	0		plus	candidate_pending_human_review			USF Appendix A	USF:absent-both-directions	upstairs	molecule								0.0	0.0	4.849575966220427	2.894489815230026	3.8720328907252264	7	8		2	3																																	
CAND_MEANING_002251	Meaning	unrelated	0		plus	candidate_pending_human_review			USF Appendix A	USF:absent-both-directions	rim	trustworthy								0.0	0.0	3.38933983691012	3.2655576775017625	3.327448757205941	3	9		1	3																																	
CAND_MEANING_002252	Meaning	unrelated	0		plus	candidate_pending_human_review			USF Appendix A	USF:absent-both-directions	calculator	kettle								0.0	0.0	3.1119737594439325	3.4477658613671256	3.279869810405529	10	5		4	2																																	
CAND_MEANING_002253	Meaning	unrelated	0		plus	candidate_pending_human_review			USF Appendix A	USF:absent-both-directions	claw	liver								0.0	0.0	3.6407346869502244	4.155157352220038	3.897946019585131	3	4		1	2																																	
CAND_MEANING_002254	Meaning	unrelated	0		plus	candidate_pending_human_review			USF Appendix A	USF:absent-both-directions	garage	pull								0.0	0.0	4.4348192900209	5.165692283340791	4.800255786680845	4	3		2	1																																	
CAND_MEANING_002255	Meaning	unrelated	0		plus	candidate_pending_human_review			USF Appendix A	USF:absent-both-directions	trend	bee								0.0	0.0	3.3177356891668337	4.015063746435876	3.666399717801355	5	2		1	1																																	
CAND_MEANING_002256	Meaning	unrelated	0		plus	candidate_pending_human_review			USF Appendix A	USF:absent-both-directions	bathtub	feet								0.0	0.0	3.7851902129289012	5.081798977493545	4.433494595211223	6	3		2	1																																	
CAND_MEANING_002257	Meaning	unrelated	0		plus	candidate_pending_human_review			USF Appendix A	USF:absent-both-directions	wary	damp								0.0	0.0	2.872213420518874	3.4656160923143378	3.168914756416606	4	4		2	1																																	
CAND_MEANING_002258	Meaning	unrelated	0		plus	candidate_pending_human_review			USF Appendix A	USF:absent-both-directions	pay	mix								0.0	0.0	5.405871777867385	4.213595874539802	4.809733826203594	2	4		1	1																																	
CAND_MEANING_002259	Meaning	unrelated	0		plus	candidate_pending_human_review			USF Appendix A	USF:absent-both-directions	blur	teenager								0.0	0.0	3.329856321842687	3.8377369403678876	3.5837966311052876	3	6		1	3																																	
CAND_MEANING_002260	Meaning	unrelated	0		plus	candidate_pending_human_review			USF Appendix A	USF:absent-both-directions	school	racket								0.0	0.0	5.5225976402482555	3.871069033870136	4.6968333370591955	4	5		1	2																																	
CAND_MEANING_002261	Meaning	unrelated	0		plus	candidate_pending_human_review			USF Appendix A	USF:absent-both-directions	diaper	beginning								0.0	0.0	3.6308863175066683	4.800150800587677	4.215518559047172	4	7		2	3																																	
CAND_MEANING_002262	Meaning	unrelated	0		plus	candidate_pending_human_review			USF Appendix A	USF:absent-both-directions	dine	purple								0.0	0.0	3.632873938742182	4.091080469347332	3.861977204044757	3	5		1	2																																	
CAND_MEANING_002263	Meaning	unrelated	0		plus	candidate_pending_human_review			USF Appendix A	USF:absent-both-directions	please	sock								0.0	0.0	6.041771849889581	3.953295301905933	4.997533575897757	4	3		1	1																																	
CAND_MEANING_002264	Meaning	unrelated	0		plus	candidate_pending_human_review			USF Appendix A	USF:absent-both-directions	store	industry								0.0	0.0	4.913398259546353	4.0676760836423	4.490537171594326	4	8		1	3																																	
CAND_MEANING_002265	Meaning	unrelated	0		plus	candidate_pending_human_review			USF Appendix A	USF:absent-both-directions	brave	peach								0.0	0.0	4.501139843808465	3.8029748341086758	4.152057338958571	4	3		1	1																																	
CAND_MEANING_002266	Meaning	unrelated	0		plus	candidate_pending_human_review			USF Appendix A	USF:absent-both-directions	sales	lunch								0.0	0.0	4.1040048297726575	5.017524344983533	4.560764587378095	4	4		1	1																																	
CAND_MEANING_002267	Meaning	unrelated	0		plus	candidate_pending_human_review			USF Appendix A	USF:absent-both-directions	trot	trail								0.0	0.0	3.256217651247619	4.283212515705202	3.7697150834764104	4	4		1	1																																	
CAND_MEANING_002268	Meaning	unrelated	0		plus	candidate_pending_human_review			USF Appendix A	USF:absent-both-directions	foot	chip								0.0	0.0	4.812389004654132	4.314032539930306	4.563210772292219	3	3		1	1																																	
CAND_MEANING_002269	Meaning	unrelated	0		plus	candidate_pending_human_review			USF Appendix A	USF:absent-both-directions	fancy	fast								0.0	0.0	4.542117251707365	5.138147841868722	4.840132546788044	5	4		2	1																																	
CAND_MEANING_002270	Meaning	unrelated	0		plus	candidate_pending_human_review			USF Appendix A	USF:absent-both-directions	neck	uneven								0.0	0.0	4.77458851931334	2.883494430928563	3.8290414751209516	3	6		1	3																																	
CAND_MEANING_002271	Meaning	unrelated	0		plus	candidate_pending_human_review			USF Appendix A	USF:absent-both-directions	foot	casket								0.0	0.0	4.812389004654132	3.5019448384446945	4.157166921549413	3	6		1	2																																	
CAND_MEANING_002272	Meaning	unrelated	0		plus	candidate_pending_human_review			USF Appendix A	USF:absent-both-directions	form	crunchy								0.0	0.0	4.630886317506668	2.973671061277651	3.8022786893921596	4	6		1	2																																	
CAND_MEANING_002273	Meaning	unrelated	0		plus	candidate_pending_human_review			USF Appendix A	USF:absent-both-directions	cards	happiness								0.0	0.0	4.681418609026778	4.388992262276199	4.535205435651489	5	7		1	3																																	
CAND_MEANING_002274	Meaning	unrelated	0		plus	candidate_pending_human_review			USF Appendix A	USF:absent-both-directions	upstairs	fiddle								0.0	0.0	4.849575966220427	3.5596015523050775	4.204588759262752	7	5		2	2																																	
CAND_MEANING_002275	Meaning	unrelated	0		plus	candidate_pending_human_review			USF Appendix A	USF:absent-both-directions	clog	cucumber								0.0	0.0	2.905213680621799	3.2967511976847064	3.1009824391532526	4	8		1	3																																	
CAND_MEANING_002276	Meaning	unrelated	0		plus	candidate_pending_human_review			USF Appendix A	USF:absent-both-directions	calculator	duck								0.0	0.0	3.1119737594439325	4.393833174457394	3.7529034669506633	10	3		4	1																																	
CAND_MEANING_002277	Meaning	unrelated	0		plus	candidate_pending_human_review			USF Appendix A	USF:absent-both-directions	electrician	knit								0.0	0.0	3.173243416182855	3.2792015581683085	3.2262224871755816	10	3		4	1																																	
CAND_MEANING_002278	Meaning	unrelated	0		plus	candidate_pending_human_review			USF Appendix A	USF:absent-both-directions	foggy	strong								0.0	0.0	3.1119737594439325	4.938833550125134	4.025403654784533	4	5		2	1																																	
CAND_MEANING_002279	Meaning	unrelated	0		plus	candidate_pending_human_review			USF Appendix A	USF:absent-both-directions	fad	swing								0.0	0.0	2.883494430928563	4.414645702174891	3.649070066551727	3	4		1	1																																	
CAND_MEANING_002280	Meaning	unrelated	0		plus	candidate_pending_human_review			USF Appendix A	USF:absent-both-directions	birthday	discover								0.0	0.0	4.987736346333866	4.0805981950432315	4.534167270688549	5	7		2	3																																	
CAND_MEANING_002281	Meaning	unrelated	0		plus	candidate_pending_human_review			USF Appendix A	USF:absent-both-directions	garage	theft								0.0	0.0	4.4348192900209	3.8289882664735937	4.1319037782472465	4	4		2	1																																	
CAND_MEANING_002282	Meaning	unrelated	0		plus	candidate_pending_human_review			USF Appendix A	USF:absent-both-directions	racket	skillet								0.0	0.0	3.871069033870136	3.0848215134003176	3.4779452736352265	5	6		2	2																																	
CAND_MEANING_002283	Meaning	unrelated	0		plus	candidate_pending_human_review			USF Appendix A	USF:absent-both-directions	form	dice								0.0	0.0	4.630886317506668	4.019157032928636	4.325021675217652	4	3		1	1																																	
CAND_MEANING_002284	Meaning	unrelated	0		plus	candidate_pending_human_review			USF Appendix A	USF:absent-both-directions	fancy	temple								0.0	0.0	4.542117251707365	4.244252859217975	4.39318505546267	5	6		2	2																																	
CAND_MEANING_002285	Meaning	unrelated	0		plus	candidate_pending_human_review			USF Appendix A	USF:absent-both-directions	pull	public								0.0	0.0	5.165692283340791	4.851737834809076	5.008715059074934	3	6		1	2																																	
CAND_MEANING_002286	Meaning	unrelated	0		plus	candidate_pending_human_review			USF Appendix A	USF:absent-both-directions	wave	tick								0.0	0.0	4.327459106104431	3.8606315479690587	4.094045327036745	3	3		1	1																																	
CAND_MEANING_002287	Meaning	unrelated	0		plus	candidate_pending_human_review			USF Appendix A	USF:absent-both-directions	measurement	secretary								0.0	0.0	2.723793588061051	4.521343229896752	3.6225684089789016	8	9		3	4																																	
CAND_MEANING_002288	Meaning	unrelated	0		plus	candidate_pending_human_review			USF Appendix A	USF:absent-both-directions	wary	tribe								0.0	0.0	2.872213420518874	3.8043131848809377	3.3382633026999056	4	4		2	1																																	
CAND_MEANING_002289	Meaning	unrelated	0		plus	candidate_pending_human_review			USF Appendix A	USF:absent-both-directions	sash	all								0.0	0.0	3.055857817465001	6.712806452389362	4.884332134927181	3	2		1	1																																	
CAND_MEANING_002290	Meaning	unrelated	0		plus	candidate_pending_human_review			USF Appendix A	USF:absent-both-directions	pull	airport								0.0	0.0	5.165692283340791	4.58023155383229	4.87296191858654	3	6		1	2																																	
CAND_MEANING_002291	Meaning	unrelated	0		plus	candidate_pending_human_review			USF Appendix A	USF:absent-both-directions	darkness	carpet								0.0	0.0	4.2427946782781865	4.066216268883258	4.154505473580722	7	6		2	2																																	
CAND_MEANING_002292	Meaning	unrelated	0		plus	candidate_pending_human_review			USF Appendix A	USF:absent-both-directions	server	navigator								0.0	0.0	3.5934598195660445	3.4291503910584704	3.5113051053122577	4	8		2	4																																	
CAND_MEANING_002293	Meaning	unrelated	0		plus	candidate_pending_human_review			USF Appendix A	USF:absent-both-directions	birthday	kitten								0.0	0.0	4.987736346333866	3.674446866476932	4.3310916064053995	5	5		2	2																																	
CAND_MEANING_002294	Meaning	unrelated	0		plus	candidate_pending_human_review			USF Appendix A	USF:absent-both-directions	hostage	play								0.0	0.0	4.163418637662639	5.549652270089638	4.8565354538761385	6	3		2	1																																	
CAND_MEANING_002295	Meaning	unrelated	0		plus	candidate_pending_human_review			USF Appendix A	USF:absent-both-directions	neck	nose								0.0	0.0	4.77458851931334	4.843513689087844	4.809051104200592	3	3		1	1																																	
CAND_MEANING_002296	Meaning	unrelated	0		plus	candidate_pending_human_review			USF Appendix A	USF:absent-both-directions	birthday	storm								0.0	0.0	4.987736346333866	4.489434551925109	4.738585449129488	5	5		2	1																																	
CAND_MEANING_002297	Meaning	unrelated	0		plus	candidate_pending_human_review			USF Appendix A	USF:absent-both-directions	claw	stable								0.0	0.0	3.6407346869502244	4.12044488812604	3.880589787538132	3	6		1	2																																	
CAND_MEANING_002298	Meaning	unrelated	0		plus	candidate_pending_human_review			USF Appendix A	USF:absent-both-directions	malaria	coat								0.0	0.0	3.2218487496163566	4.624059541531996	3.9229541455741765	7	3		4	1																																	
CAND_MEANING_002299	Meaning	unrelated	0		plus	candidate_pending_human_review			USF Appendix A	USF:absent-both-directions	wave	penny								0.0	0.0	4.327459106104431	4.3855011302781275	4.356480118191279	3	4		1	2																																	
CAND_MEANING_002300	Meaning	unrelated	0		plus	candidate_pending_human_review			USF Appendix A	USF:absent-both-directions	sash	haze								0.0	0.0	3.055857817465001	3.1789205490745456	3.1173891832697733	3	3		1	1																																	
CAND_MEANING_002301	Meaning	unrelated	0		plus	candidate_pending_human_review			USF Appendix A	USF:absent-both-directions	foot	traitor								0.0	0.0	4.812389004654132	4.024823583725032	4.418606294189582	3	5		1	2																																	
CAND_MEANING_002302	Meaning	unrelated	0		plus	candidate_pending_human_review			USF Appendix A	USF:absent-both-directions	hostage	suck								0.0	0.0	4.163418637662639	4.542605771985989	4.353012204824314	6	3		2	1																																	
CAND_MEANING_002303	Meaning	unrelated	0		plus	candidate_pending_human_review			USF Appendix A	USF:absent-both-directions	claw	maker								0.0	0.0	3.6407346869502244	3.6921035453831017	3.6664191161666633	3	4		1	2																																	
CAND_MEANING_002304	Meaning	unrelated	0		plus	candidate_pending_human_review			USF Appendix A	USF:absent-both-directions	claw	another								0.0	0.0	3.6407346869502244	5.706901773531366	4.673818230240795	3	5		1	3																																	
CAND_MEANING_002305	Meaning	unrelated	0		plus	candidate_pending_human_review			USF Appendix A	USF:absent-both-directions	please	cooking								0.0	0.0	6.041771849889581	4.408705411482607	5.2252386306860945	4	5		1	2																																	
CAND_MEANING_002306	Meaning	unrelated	0		plus	candidate_pending_human_review			USF Appendix A	USF:absent-both-directions	wary	physiology								0.0	0.0	2.872213420518874	2.982625903930577	2.9274196622247253	4	9		2	5																																	
CAND_MEANING_002307	Meaning	unrelated	0		plus	candidate_pending_human_review			USF Appendix A	USF:absent-both-directions	racket	shy								0.0	0.0	3.871069033870136	4.264169414789842	4.067619224329989	5	2		2	1																																	
CAND_MEANING_002308	Meaning	unrelated	0		plus	candidate_pending_human_review			USF Appendix A	USF:absent-both-directions	fancy	prosecute								0.0	0.0	4.542117251707365	3.4507923159973135	3.9964547838523394	5	9		2	3																																	
CAND_MEANING_002309	Meaning	unrelated	0		plus	candidate_pending_human_review			USF Appendix A	USF:absent-both-directions	wary	oyster								0.0	0.0	2.872213420518874	3.4855544222565253	3.1788839213876994	4	4		2	2																																	
CAND_MEANING_002310	Meaning	unrelated	0		plus	candidate_pending_human_review			USF Appendix A	USF:absent-both-directions	dine	first								0.0	0.0	3.632873938742182	5.924573176795779	4.778723557768981	3	4		1	1																																	
CAND_MEANING_002311	Meaning	unrelated	0		plus	candidate_pending_human_review			USF Appendix A	USF:absent-both-directions	diaper	slow								0.0	0.0	3.6308863175066683	4.880925624909274	4.255905971207971	4	3		2	1																																	
CAND_MEANING_002312	Meaning	unrelated	0		plus	candidate_pending_human_review			USF Appendix A	USF:absent-both-directions	upstairs	clarify								0.0	0.0	4.849575966220427	3.349334675238536	4.099455320729481	7	7		2	3																																	
CAND_MEANING_002313	Meaning	unrelated	0		plus	candidate_pending_human_review			USF Appendix A	USF:absent-both-directions	racket	music								0.0	0.0	3.871069033870136	5.18083399163911	4.525951512754623	5	6		2	2																																	
CAND_MEANING_002314	Meaning	unrelated	0		plus	candidate_pending_human_review			USF Appendix A	USF:absent-both-directions	racket	meadow								0.0	0.0	3.871069033870136	3.3568878131289823	3.6139784234995593	5	4		2	2																																	
CAND_MEANING_002315	Meaning	unrelated	0		plus	candidate_pending_human_review			USF Appendix A	USF:absent-both-directions	school	done								0.0	0.0	5.5225976402482555	5.685776852968543	5.604187246608399	4	3		1	1																																	
CAND_MEANING_002316	Meaning	unrelated	0		plus	candidate_pending_human_review			USF Appendix A	USF:absent-both-directions	foot	hobby								0.0	0.0	4.812389004654132	3.8414330859278514	4.326911045290991	3	4		1	2																																	
CAND_MEANING_002317	Meaning	unrelated	0		plus	candidate_pending_human_review			USF Appendix A	USF:absent-both-directions	damn	port								0.0	0.0	5.4525981168605755	4.162248031881392	4.807423074370984	3	4		1	1																																	
CAND_MEANING_002318	Meaning	unrelated	0		plus	candidate_pending_human_review			USF Appendix A	USF:absent-both-directions	clog	hound								0.0	0.0	2.905213680621799	3.7023629472333583	3.303788313927579	4	4		1	1																																	
CAND_MEANING_002319	Meaning	unrelated	0		plus	candidate_pending_human_review			USF Appendix A	USF:absent-both-directions	cards	bubble								0.0	0.0	4.681418609026778	3.9030899869919438	4.292254298009361	5	5		1	2																																	
CAND_MEANING_002320	Meaning	unrelated	0		plus	candidate_pending_human_review			USF Appendix A	USF:absent-both-directions	calculator	suspense								0.0	0.0	3.1119737594439325	3.349334675238536	3.2306542173412343	10	7		4	2																																	
CAND_MEANING_002321	Meaning	unrelated	0		plus	candidate_pending_human_review			USF Appendix A	USF:absent-both-directions	form	wisdom								0.0	0.0	4.630886317506668	4.044478271721502	4.337682294614085	4	6		1	2																																	
CAND_MEANING_002322	Meaning	unrelated	0		plus	candidate_pending_human_review			USF Appendix A	USF:absent-both-directions	birthday	midnight								0.0	0.0	4.987736346333866	4.452898355021101	4.720317350677483	5	6		2	2																																	
CAND_MEANING_002323	Meaning	unrelated	0		plus	candidate_pending_human_review			USF Appendix A	USF:absent-both-directions	birthday	period								0.0	0.0	4.987736346333866	4.443799674149524	4.715768010241695	5	6		2	3																																	
CAND_MEANING_002324	Meaning	unrelated	0		plus	candidate_pending_human_review			USF Appendix A	USF:absent-both-directions	suck	decision								0.0	0.0	4.542605771985989	4.740826927359832	4.64171634967291	3	7		1	3																																	
CAND_MEANING_002325	Meaning	unrelated	0		plus	candidate_pending_human_review			USF Appendix A	USF:absent-both-directions	form	acorn								0.0	0.0	4.630886317506668	2.8606315479690587	3.7457589327378633	4	5		1	2																																	
CAND_MEANING_002326	Meaning	unrelated	0		plus	candidate_pending_human_review			USF Appendix A	USF:absent-both-directions	darkness	notebook								0.0	0.0	4.2427946782781865	3.6634976861738	3.9531461822259932	7	6		2	2																																	
CAND_MEANING_002327	Meaning	unrelated	0		plus	candidate_pending_human_review			USF Appendix A	USF:absent-both-directions	conscious	haystack								0.0	0.0	3.8327592986929373	3.1375278639163207	3.485143581304629	6	6		2	2																																	
CAND_MEANING_002328	Meaning	unrelated	0		plus	candidate_pending_human_review			USF Appendix A	USF:absent-both-directions	horse	item								0.0	0.0	4.96793320863002	4.09038946763926	4.5291613381346405	4	4		1	2																																	
CAND_MEANING_002329	Meaning	unrelated	0		plus	candidate_pending_human_review			USF Appendix A	USF:absent-both-directions	component	hat								0.0	0.0	3.2009148427807133	4.807375829210068	4.004145335995391	9	3		3	1																																	
CAND_MEANING_002330	Meaning	unrelated	0		plus	candidate_pending_human_review			USF Appendix A	USF:absent-both-directions	fad	construction								0.0	0.0	2.883494430928563	4.141234524953868	3.5123644779412153	3	11		1	3																																	
CAND_MEANING_002331	Meaning	unrelated	0		plus	candidate_pending_human_review			USF Appendix A	USF:absent-both-directions	conscious	noose								0.0	0.0	3.8327592986929373	3.337752802688721	3.585256050690829	6	3		2	1																																	
CAND_MEANING_002332	Meaning	unrelated	0		plus	candidate_pending_human_review			USF Appendix A	USF:absent-both-directions	calculator	cups								0.0	0.0	3.1119737594439325	3.8056474239700027	3.4588105917069676	10	4		4	1																																	
CAND_MEANING_002333	Meaning	unrelated	0		plus	candidate_pending_human_review			USF Appendix A	USF:absent-both-directions	garage	disprove								0.0	0.0	4.4348192900209	2.7837915177363364	3.609305403878618	4	7		2	2																																	
CAND_MEANING_002334	Meaning	unrelated	0		plus	candidate_pending_human_review			USF Appendix A	USF:absent-both-directions	brave	parents								0.0	0.0	4.501139843808465	5.1483727701343796	4.824756306971422	4	7		1	2																																	
CAND_MEANING_002335	Meaning	unrelated	0		plus	candidate_pending_human_review			USF Appendix A	USF:absent-both-directions	hostage	tent								0.0	0.0	4.163418637662639	4.2427946782781865	4.203106657970412	6	4		2	1																																	
CAND_MEANING_002336	Meaning	unrelated	0		plus	candidate_pending_human_review			USF Appendix A	USF:absent-both-directions	addiction	quality								0.0	0.0	3.59128290031177	4.268779802905337	3.9300313516085534	7	7		3	3																																	
CAND_MEANING_002337	Meaning	unrelated	0		plus	candidate_pending_human_review			USF Appendix A	USF:absent-both-directions	pull	asphalt								0.0	0.0	5.165692283340791	2.982625903930577	4.074159093635684	3	6		1	2																																	
CAND_MEANING_002338	Meaning	unrelated	0		plus	candidate_pending_human_review			USF Appendix A	USF:absent-both-directions	sash	active								0.0	0.0	3.055857817465001	4.058842671014463	3.557350244239732	3	5		1	2																																	
CAND_MEANING_002339	Meaning	unrelated	0		plus	candidate_pending_human_review			USF Appendix A	USF:absent-both-directions	fad	buckle								0.0	0.0	2.883494430928563	3.7023629472333583	3.2929286890809606	3	5		1	2																																	
CAND_MEANING_002340	Meaning	unrelated	0		plus	candidate_pending_human_review			USF Appendix A	USF:absent-both-directions	pay	passenger								0.0	0.0	5.405871777867385	4.032002168352156	4.71893697310977	2	7		1	3																																	
CAND_MEANING_002341	Meaning	unrelated	0		plus	candidate_pending_human_review			USF Appendix A	USF:absent-both-directions	foggy	radiator								0.0	0.0	3.1119737594439325	3.3052670486072357	3.2086204040255843	4	7		2	4																																	
CAND_MEANING_002342	Meaning	unrelated	0		plus	candidate_pending_human_review			USF Appendix A	USF:absent-both-directions	wave	fresh								0.0	0.0	4.327459106104431	4.7364746198201395	4.531966862962285	3	4		1	1																																	
CAND_MEANING_002343	Meaning	unrelated	0		plus	candidate_pending_human_review			USF Appendix A	USF:absent-both-directions	store	seal								0.0	0.0	4.913398259546353	4.168647664493706	4.54102296202003	4	3		1	1																																	
CAND_MEANING_002344	Meaning	unrelated	0		plus	candidate_pending_human_review			USF Appendix A	USF:absent-both-directions	dine	reckless								0.0	0.0	3.632873938742182	3.6921035453831017	3.6624887420626417	3	6		1	2																																	
CAND_MEANING_002345	Meaning	unrelated	0		plus	candidate_pending_human_review			USF Appendix A	USF:absent-both-directions	addiction	minus								0.0	0.0	3.59128290031177	3.895574196522246	3.743428548417008	7	5		3	2																																	
CAND_MEANING_002346	Meaning	unrelated	0		plus	candidate_pending_human_review			USF Appendix A	USF:absent-both-directions	pay	mint								0.0	0.0	5.405871777867385	3.7349095929665124	4.570390685416949	2	4		1	1																																	
CAND_MEANING_002347	Meaning	unrelated	0		plus	candidate_pending_human_review			USF Appendix A	USF:absent-both-directions	rim	youth								0.0	0.0	3.38933983691012	4.2259171117507695	3.8076284743304445	3	3		1	1																																	
CAND_MEANING_002348	Meaning	unrelated	0		plus	candidate_pending_human_review			USF Appendix A	USF:absent-both-directions	shampoo	component								0.0	0.0	3.624868283817669	3.2009148427807133	3.4128915632991914	5	9		2	3																																	
CAND_MEANING_002349	Meaning	unrelated	0		plus	candidate_pending_human_review			USF Appendix A	USF:absent-both-directions	store	muscle								0.0	0.0	4.913398259546353	4.1337892943569186	4.5235937769516354	4	5		1	2																																	
CAND_MEANING_002350	Meaning	unrelated	0		plus	candidate_pending_human_review			USF Appendix A	USF:absent-both-directions	addiction	sunshine								0.0	0.0	3.59128290031177	4.0734667625231955	3.832374831417483	7	6		3	2																																	
CAND_MEANING_002351	Meaning	unrelated	0		plus	candidate_pending_human_review			USF Appendix A	USF:absent-both-directions	calculator	breast								0.0	0.0	3.1119737594439325	3.9523460239719137	3.532159891707923	10	5		4	1																																	
CAND_MEANING_002352	Meaning	unrelated	0		plus	candidate_pending_human_review			USF Appendix A	USF:absent-both-directions	malaria	adore								0.0	0.0	3.2218487496163566	3.887926045727638	3.5548873976719975	7	4		4	2																																	
CAND_MEANING_002353	Meaning	unrelated	0		plus	candidate_pending_human_review			USF Appendix A	USF:absent-both-directions	upstairs	pepper								0.0	0.0	4.849575966220427	3.944676164905387	4.397126065562907	7	4		2	2																																	
CAND_MEANING_002354	Meaning	unrelated	0		plus	candidate_pending_human_review			USF Appendix A	USF:absent-both-directions	rest	lesson								0.0	0.0	5.328299637597617	4.508331637106095	4.918315637351856	4	5		1	2																																	
CAND_MEANING_002355	Meaning	unrelated	0		plus	candidate_pending_human_review			USF Appendix A	USF:absent-both-directions	wave	tension								0.0	0.0	4.327459106104431	3.9319163131706496	4.12968770963754	3	6		1	2																																	
CAND_MEANING_002356	Meaning	unrelated	0		plus	candidate_pending_human_review			USF Appendix A	USF:absent-both-directions	hostage	sting								0.0	0.0	4.163418637662639	3.846312850545938	4.004865744104288	6	4		2	1																																	
CAND_MEANING_002357	Meaning	unrelated	0		plus	candidate_pending_human_review			USF Appendix A	USF:absent-both-directions	darkness	device								0.0	0.0	4.2427946782781865	4.259040810583998	4.250917744431092	7	5		2	2																																	
CAND_MEANING_002358	Meaning	unrelated	0		plus	candidate_pending_human_review			USF Appendix A	USF:absent-both-directions	sales	dignity								0.0	0.0	4.1040048297726575	4.033581422753849	4.0687931262632535	4	7		1	3																																	
CAND_MEANING_002359	Meaning	unrelated	0		plus	candidate_pending_human_review			USF Appendix A	USF:absent-both-directions	neck	mad								0.0	0.0	4.77458851931334	5.054658108188538	4.914623313750939	3	3		1	1																																	
CAND_MEANING_002360	Meaning	unrelated	0		plus	candidate_pending_human_review			USF Appendix A	USF:absent-both-directions	school	retreat								0.0	0.0	5.5225976402482555	3.977275185546476	4.749936412897366	4	6		1	2																																	
CAND_MEANING_002361	Meaning	unrelated	0		plus	candidate_pending_human_review			USF Appendix A	USF:absent-both-directions	clog	wage								0.0	0.0	2.905213680621799	3.493826948222515	3.1995203144221573	4	3		1	1																																	
CAND_MEANING_002362	Meaning	unrelated	0		plus	candidate_pending_human_review			USF Appendix A	USF:absent-both-directions	flask	express								0.0	0.0	3.048304679574555	4.253376019635895	3.6508403496052253	5	7		1	2																																	
CAND_MEANING_002363	Meaning	unrelated	0		plus	candidate_pending_human_review			USF Appendix A	USF:absent-both-directions	suck	yacht								0.0	0.0	4.542605771985989	3.914643846868359	4.228624809427174	3	3		1	1																																	
CAND_MEANING_002364	Meaning	unrelated	0		plus	candidate_pending_human_review			USF Appendix A	USF:absent-both-directions	claw	together								0.0	0.0	3.6407346869502244	5.583643224175661	4.612188955562942	3	6		1	3																																	
CAND_MEANING_002365	Meaning	unrelated	0		plus	candidate_pending_human_review			USF Appendix A	USF:absent-both-directions	measurement	cube								0.0	0.0	2.723793588061051	3.4742734118468364	3.0990334999539435	8	4		3	1																																	
CAND_MEANING_002366	Meaning	unrelated	0		plus	candidate_pending_human_review			USF Appendix A	USF:absent-both-directions	malaria	curve								0.0	0.0	3.2218487496163566	3.6634976861738	3.442673217895078	7	3		4	1																																	
CAND_MEANING_002367	Meaning	unrelated	0		plus	candidate_pending_human_review			USF Appendix A	USF:absent-both-directions	component	brisk								0.0	0.0	3.2009148427807133	3.016705693502853	3.108810268141783	9	5		3	1																																	
CAND_MEANING_002368	Meaning	unrelated	0		plus	candidate_pending_human_review			USF Appendix A	USF:absent-both-directions	neck	cute								0.0	0.0	4.77458851931334	4.943222863553995	4.858905691433668	3	4		1	1																																	
CAND_MEANING_002369	Meaning	unrelated	0		plus	candidate_pending_human_review			USF Appendix A	USF:absent-both-directions	wary	young								0.0	0.0	2.872213420518874	5.385921550912995	4.129067485715934	4	3		2	1																																	
CAND_MEANING_002370	Meaning	unrelated	0		plus	candidate_pending_human_review			USF Appendix A	USF:absent-both-directions	conscious	symphony								0.0	0.0	3.8327592986929373	3.5501083987712483	3.6914338487320926	6	7		2	3																																	
CAND_MEANING_002371	Meaning	unrelated	0		plus	candidate_pending_human_review			USF Appendix A	USF:absent-both-directions	fad	mix								0.0	0.0	2.883494430928563	4.213595874539802	3.5485451527341825	3	4		1	1																																	
CAND_MEANING_002372	Meaning	unrelated	0		plus	candidate_pending_human_review			USF Appendix A	USF:absent-both-directions	claw	load								0.0	0.0	3.6407346869502244	4.465616092314338	4.0531753896322815	3	3		1	1																																	
CAND_MEANING_002373	Meaning	unrelated	0		plus	candidate_pending_human_review			USF Appendix A	USF:absent-both-directions	wary	spontaneous								0.0	0.0	2.872213420518874	3.6208094273408014	3.246511423929838	4	10		2	4																																	
CAND_MEANING_002374	Meaning	unrelated	0		plus	candidate_pending_human_review			USF Appendix A	USF:absent-both-directions	racket	line								0.0	0.0	3.871069033870136	5.314239100924404	4.59265406739727	5	3		2	1																																	
CAND_MEANING_002375	Meaning	unrelated	0		plus	candidate_pending_human_review			USF Appendix A	USF:absent-both-directions	hostage	son								0.0	0.0	4.163418637662639	5.613593120662743	4.888505879162691	6	3		2	1																																	
CAND_MEANING_002376	Meaning	unrelated	0		plus	candidate_pending_human_review			USF Appendix A	USF:absent-both-directions	garage	tobacco								0.0	0.0	4.4348192900209	3.843879821874939	4.13934955594792	4	6		2	3																																	
CAND_MEANING_002377	Meaning	unrelated	0		plus	candidate_pending_human_review			USF Appendix A	USF:absent-both-directions	clog	vinegar								0.0	0.0	2.905213680621799	3.226928275145631	3.066070977883715	4	6		1	3																																	
CAND_MEANING_002378	Meaning	unrelated	0		plus	candidate_pending_human_review			USF Appendix A	USF:absent-both-directions	faint	compete								0.0	0.0	3.9672909646398753	3.9279135707169757	3.9476022676784255	4	6		1	2																																	
CAND_MEANING_002379	Meaning	unrelated	0		plus	candidate_pending_human_review			USF Appendix A	USF:absent-both-directions	cards	clinic								0.0	0.0	4.681418609026778	4.146128035678238	4.413773322352508	5	6		1	2																																	
CAND_MEANING_002380	Meaning	unrelated	0		plus	candidate_pending_human_review			USF Appendix A	USF:absent-both-directions	snob	subtle								0.0	0.0	3.337752802688721	3.8414330859278514	3.5895929443082863	4	5		1	2																																	
CAND_MEANING_002381	Meaning	unrelated	0		plus	candidate_pending_human_review			USF Appendix A	USF:absent-both-directions	form	battery								0.0	0.0	4.630886317506668	4.093833533919419	4.362359925713044	4	5		1	3																																	
CAND_MEANING_002382	Meaning	unrelated	0		plus	candidate_pending_human_review			USF Appendix A	USF:absent-both-directions	fad	scene								0.0	0.0	2.883494430928563	4.873012700716431	3.878253565822497	3	3		1	1																																	
CAND_MEANING_002383	Meaning	unrelated	0		plus	candidate_pending_human_review			USF Appendix A	USF:absent-both-directions	oil	fossil								0.0	0.0	4.613613851204378	3.190056915192505	3.9018353831984416	2	5		1	2																																	
CAND_MEANING_002384	Meaning	unrelated	0		plus	candidate_pending_human_review			USF Appendix A	USF:absent-both-directions	rim	depend								0.0	0.0	3.38933983691012	3.994860360347589	3.6921000986288544	3	6		1	2																																	
CAND_MEANING_002385	Meaning	unrelated	0		plus	candidate_pending_human_review			USF Appendix A	USF:absent-both-directions	suck	unjust								0.0	0.0	4.542605771985989	3.063281835544208	3.8029438037650984	3	6		1	2																																	
CAND_MEANING_002386	Meaning	unrelated	0		plus	candidate_pending_human_review			USF Appendix A	USF:absent-both-directions	measurement	text								0.0	0.0	2.723793588061051	3.718941085266639	3.221367336663845	8	5		3	1																																	
CAND_MEANING_002387	Meaning	unrelated	0		plus	candidate_pending_human_review			USF Appendix A	USF:absent-both-directions	server	sermon								0.0	0.0	3.5934598195660445	3.4354446241561587	3.5144522218611014	4	5		2	2																																	
CAND_MEANING_002388	Meaning	unrelated	0		plus	candidate_pending_human_review			USF Appendix A	USF:absent-both-directions	sales	other								0.0	0.0	4.1040048297726575	5.866518993700651	4.985261911736654	4	3		1	2																																	
CAND_MEANING_002389	Meaning	unrelated	0		plus	candidate_pending_human_review			USF Appendix A	USF:absent-both-directions	measurement	argument								0.0	0.0	2.723793588061051	4.230448921378274	3.4771212547196626	8	9		3	3																																	
CAND_MEANING_002390	Meaning	unrelated	0		plus	candidate_pending_human_review			USF Appendix A	USF:absent-both-directions	brave	queen								0.0	0.0	4.501139843808465	4.737878338168113	4.61950909098829	4	4		1	1																																	
CAND_MEANING_002391	Meaning	unrelated	0		plus	candidate_pending_human_review			USF Appendix A	USF:absent-both-directions	faint	black								0.0	0.0	3.9672909646398753	5.225157191203593	4.596224077921734	4	4		1	1																																	
CAND_MEANING_002392	Meaning	unrelated	0		plus	candidate_pending_human_review			USF Appendix A	USF:absent-both-directions	oil	apart								0.0	0.0	4.613613851204378	4.672279002664894	4.642946426934635	2	5		1	2																																	
CAND_MEANING_002393	Meaning	unrelated	0		plus	candidate_pending_human_review			USF Appendix A	USF:absent-both-directions	school	space								0.0	0.0	5.5225976402482555	4.819930834883184	5.17126423756572	4	4		1	1																																	
CAND_MEANING_002394	Meaning	unrelated	0		plus	candidate_pending_human_review			USF Appendix A	USF:absent-both-directions	fancy	power								0.0	0.0	4.542117251707365	5.173243416182855	4.85768033394511	5	3		2	2																																	
CAND_MEANING_002395	Meaning	unrelated	0		plus	candidate_pending_human_review			USF Appendix A	USF:absent-both-directions	shampoo	tap								0.0	0.0	3.624868283817669	4.168647664493706	3.8967579741556877	5	3		2	1																																	
CAND_MEANING_002396	Meaning	unrelated	0		plus	candidate_pending_human_review			USF Appendix A	USF:absent-both-directions	form	mellow								0.0	0.0	4.630886317506668	3.4771212547196626	4.0540037861131655	4	4		1	2																																	
CAND_MEANING_002397	Meaning	unrelated	0		plus	candidate_pending_human_review			USF Appendix A	USF:absent-both-directions	brake	gym								0.0	0.0	3.7767296632488496	4.2595095580465605	4.018119610647705	4	3		1	1																																	
CAND_MEANING_002398	Meaning	unrelated	0		plus	candidate_pending_human_review			USF Appendix A	USF:absent-both-directions	conscious	official								0.0	0.0	3.8327592986929373	4.380211241711606	4.106485270202272	6	6		2	3																																	
CAND_MEANING_002399	Meaning	unrelated	0		plus	candidate_pending_human_review			USF Appendix A	USF:absent-both-directions	rim	letter								0.0	0.0	3.38933983691012	4.9170212830289115	4.153180559969516	3	4		1	2																																	
CAND_MEANING_002400	Meaning	unrelated	0		plus	candidate_pending_human_review			USF Appendix A	USF:absent-both-directions	horse	press								0.0	0.0	4.96793320863002	4.77956819937925	4.873750704004635	4	4		1	1																																	
CAND_MEANING_002401	Meaning	unrelated	0		plus	candidate_pending_human_review			USF Appendix A	USF:absent-both-directions	form	bashful								0.0	0.0	4.630886317506668	3.0917703733556454	3.861328345431157	4	6		1	2																																	
CAND_MEANING_002402	Meaning	unrelated	0		plus	candidate_pending_human_review			USF Appendix A	USF:absent-both-directions	oil	unhappy								0.0	0.0	4.613613851204378	4.218257398526806	4.415935624865591	2	6		1	3																																	
CAND_MEANING_002403	Meaning	unrelated	0		plus	candidate_pending_human_review			USF Appendix A	USF:absent-both-directions	wave	reflect								0.0	0.0	4.327459106104431	3.6208094273408014	3.9741342667226163	3	7		1	2																																	
CAND_MEANING_002404	Meaning	unrelated	0		plus	candidate_pending_human_review			USF Appendix A	USF:absent-both-directions	measurement	moat								0.0	0.0	2.723793588061051	3.070581074285707	2.897187331173379	8	3		3	1																																	
CAND_MEANING_002405	Meaning	unrelated	0		plus	candidate_pending_human_review			USF Appendix A	USF:absent-both-directions	fad	stadium								0.0	0.0	2.883494430928563	3.7865844179205066	3.3350394244245347	3	7		1	3																																	
CAND_MEANING_002406	Meaning	unrelated	0		plus	candidate_pending_human_review			USF Appendix A	USF:absent-both-directions	conscious	omelet								0.0	0.0	3.8327592986929373	3.3752151942185136	3.603987246455725	6	5		2	2																																	
CAND_MEANING_002407	Meaning	unrelated	0		plus	candidate_pending_human_review			USF Appendix A	USF:absent-both-directions	rest	subway								0.0	0.0	5.328299637597617	4.029622466606801	4.678961052102209	4	5		1	2																																	
CAND_MEANING_002408	Meaning	unrelated	0		plus	candidate_pending_human_review			USF Appendix A	USF:absent-both-directions	neck	worthless								0.0	0.0	4.77458851931334	3.9672909646398753	4.370939741976608	3	6		1	2																																	
CAND_MEANING_002409	Meaning	unrelated	0		plus	candidate_pending_human_review			USF Appendix A	USF:absent-both-directions	sash	cinema								0.0	0.0	3.055857817465001	3.5890950141635947	3.3224764158142976	3	6		1	3																																	
CAND_MEANING_002410	Meaning	unrelated	0		plus	candidate_pending_human_review			USF Appendix A	USF:absent-both-directions	sales	moose								0.0	0.0	4.1040048297726575	3.7426789322214247	3.9233418809970413	4	3		1	1																																	
CAND_MEANING_002411	Meaning	unrelated	0		plus	candidate_pending_human_review			USF Appendix A	USF:absent-both-directions	claw	perish								0.0	0.0	3.6407346869502244	3.4130037551079138	3.5268692210290693	3	5		1	2																																	
CAND_MEANING_002412	Meaning	unrelated	0		plus	candidate_pending_human_review			USF Appendix A	USF:absent-both-directions	cards	pattern								0.0	0.0	4.681418609026778	4.160486185725105	4.420952397375942	5	5		1	2																																	
CAND_MEANING_002413	Meaning	unrelated	0		plus	candidate_pending_human_review			USF Appendix A	USF:absent-both-directions	school	pretty								0.0	0.0	5.5225976402482555	5.593524958853006	5.558061299550631	4	5		1	2																																	
CAND_MEANING_002414	Meaning	unrelated	0		plus	candidate_pending_human_review			USF Appendix A	USF:absent-both-directions	reason	jar								0.0	0.0	5.2862186377207685	3.919795680494796	4.603007159107783	5	3		2	1																																	
CAND_MEANING_002415	Meaning	unrelated	0		plus	candidate_pending_human_review			USF Appendix A	USF:absent-both-directions	reason	rag								0.0	0.0	5.2862186377207685	3.679819650240793	4.483019143980781	5	3		2	1																																	
CAND_MEANING_002416	Meaning	unrelated	0		plus	candidate_pending_human_review			USF Appendix A	USF:absent-both-directions	sales	leave								0.0	0.0	4.1040048297726575	5.748735112296145	4.926369971034401	4	3		1	1																																	
CAND_MEANING_002417	Meaning	unrelated	0		plus	candidate_pending_human_review			USF Appendix A	USF:absent-both-directions	faint	wardrobe								0.0	0.0	3.9672909646398753	3.8109437637799513	3.8891173642099135	4	7		1	2																																	
CAND_MEANING_002418	Meaning	unrelated	0		plus	candidate_pending_human_review			USF Appendix A	USF:absent-both-directions	conscious	defend								0.0	0.0	3.8327592986929373	4.274248431072728	4.053503864882833	6	6		2	2																																	
CAND_MEANING_002419	Meaning	unrelated	0		plus	candidate_pending_human_review			USF Appendix A	USF:absent-both-directions	form	brat								0.0	0.0	4.630886317506668	3.7934890861198154	4.212187701813242	4	4		1	1																																	
CAND_MEANING_002420	Meaning	unrelated	0		plus	candidate_pending_human_review			USF Appendix A	USF:absent-both-directions	pay	hoop								0.0	0.0	5.405871777867385	3.4291503910584704	4.4175110844629275	2	3		1	1																																	
CAND_MEANING_002421	Meaning	unrelated	0		plus	candidate_pending_human_review			USF Appendix A	USF:absent-both-directions	damn	checkbook								0.0	0.0	5.4525981168605755	3.3716110699496884	4.412104593405132	3	6		1	2																																	
CAND_MEANING_002422	Meaning	unrelated	0		plus	candidate_pending_human_review			USF Appendix A	USF:absent-both-directions	horse	loud								0.0	0.0	4.96793320863002	4.60013974730687	4.784036477968446	4	3		1	1																																	
CAND_MEANING_002423	Meaning	unrelated	0		plus	candidate_pending_human_review			USF Appendix A	USF:absent-both-directions	calculator	bugle								0.0	0.0	3.1119737594439325	3.2369124960522324	3.1744431277480825	10	6		4	2																																	
CAND_MEANING_002424	Meaning	unrelated	0		plus	candidate_pending_human_review			USF Appendix A	USF:absent-both-directions	rest	sap								0.0	0.0	5.328299637597617	3.542849826210958	4.435574731904287	4	3		1	1																																	
CAND_MEANING_002425	Meaning	unrelated	0		plus	candidate_pending_human_review			USF Appendix A	USF:absent-both-directions	wave	mints								0.0	0.0	4.327459106104431	3.2009148427807133	3.7641869744425724	3	5		1	1																																	
CAND_MEANING_002426	Meaning	unrelated	0		plus	candidate_pending_human_review			USF Appendix A	USF:absent-both-directions	sash	electricity								0.0	0.0	3.055857817465001	4.058842671014463	3.557350244239732	3	11		1	5																																	
CAND_MEANING_002427	Meaning	unrelated	0		plus	candidate_pending_human_review			USF Appendix A	USF:absent-both-directions	electrician	underwear								0.0	0.0	3.173243416182855	4.335792101923193	3.754517759053024	10	7		4	3																																	
CAND_MEANING_002428	Meaning	unrelated	0		plus	candidate_pending_human_review			USF Appendix A	USF:absent-both-directions	reason	gas								0.0	0.0	5.2862186377207685	4.831129203444471	5.05867392058262	5	3		2	1																																	
CAND_MEANING_002429	Meaning	unrelated	0		plus	candidate_pending_human_review			USF Appendix A	USF:absent-both-directions	snob	beneath								0.0	0.0	3.337752802688721	4.065484517266326	3.7016186599775236	4	5		1	2																																	
CAND_MEANING_002430	Meaning	unrelated	0		plus	candidate_pending_human_review			USF Appendix A	USF:absent-both-directions	darkness	glue								0.0	0.0	4.2427946782781865	3.769551078621726	4.006172878449956	7	3		2	1																																	
CAND_MEANING_002431	Meaning	unrelated	0		plus	candidate_pending_human_review			USF Appendix A	USF:absent-both-directions	pay	princess								0.0	0.0	5.405871777867385	4.597566142845703	5.001718960356544	2	7		1	2																																	
CAND_MEANING_002432	Meaning	unrelated	0		plus	candidate_pending_human_review			USF Appendix A	USF:absent-both-directions	reason	hate								0.0	0.0	5.2862186377207685	5.331605908278105	5.308912272999437	5	3		2	1																																	
CAND_MEANING_002433	Meaning	unrelated	0		plus	candidate_pending_human_review			USF Appendix A	USF:absent-both-directions	brake	lift								0.0	0.0	3.7767296632488496	4.533228595019395	4.154979129134122	4	4		1	1																																	
CAND_MEANING_002434	Meaning	unrelated	0		plus	candidate_pending_human_review			USF Appendix A	USF:absent-both-directions	hostage	best								0.0	0.0	4.163418637662639	5.606781665677726	4.885100151670183	6	4		2	1																																	
CAND_MEANING_002435	Meaning	unrelated	0		plus	candidate_pending_human_review			USF Appendix A	USF:absent-both-directions	brake	score								0.0	0.0	3.7767296632488496	4.4833215408242335	4.130025602036541	4	4		1	1																																	
CAND_MEANING_002436	Meaning	unrelated	0		plus	candidate_pending_human_review			USF Appendix A	USF:absent-both-directions	malaria	wish								0.0	0.0	3.2218487496163566	5.371285226881831	4.2965669882490936	7	3		4	1																																	
CAND_MEANING_002437	Meaning	unrelated	0		plus	candidate_pending_human_review			USF Appendix A	USF:absent-both-directions	fad	medicine								0.0	0.0	2.883494430928563	4.533976304498612	3.7087353677135875	3	7		1	3																																	
CAND_MEANING_002438	Meaning	unrelated	0		plus	candidate_pending_human_review			USF Appendix A	USF:absent-both-directions	bathtub	network								0.0	0.0	3.7851902129289012	4.218257398526806	4.0017238057278535	6	6		2	2																																	
CAND_MEANING_002439	Meaning	unrelated	0		plus	candidate_pending_human_review			USF Appendix A	USF:absent-both-directions	fancy	swift								0.0	0.0	4.542117251707365	3.5868960500636566	4.0645066508855106	5	5		2	1																																	
CAND_MEANING_002440	Meaning	unrelated	0		plus	candidate_pending_human_review			USF Appendix A	USF:absent-both-directions	shampoo	treasure								0.0	0.0	3.624868283817669	4.280096088828338	3.9524821863230035	5	5		2	2																																	
CAND_MEANING_002441	Meaning	unrelated	0		plus	candidate_pending_human_review			USF Appendix A	USF:absent-both-directions	calculator	riot								0.0	0.0	3.1119737594439325	3.812257817677782	3.4621157885608573	10	4		4	2																																	
CAND_MEANING_002442	Meaning	unrelated	0		plus	candidate_pending_human_review			USF Appendix A	USF:absent-both-directions	foggy	chemist								0.0	0.0	3.1119737594439325	3.2701534291909113	3.1910635943174217	4	6		2	2																																	
CAND_MEANING_002443	Meaning	unrelated	0		plus	candidate_pending_human_review			USF Appendix A	USF:absent-both-directions	sales	protection								0.0	0.0	4.1040048297726575	4.370523974308474	4.237264402040566	4	9		1	3																																	
CAND_MEANING_002444	Meaning	unrelated	0		plus	candidate_pending_human_review			USF Appendix A	USF:absent-both-directions	server	sample								0.0	0.0	3.5934598195660445	4.164002759447943	3.8787312895069936	4	6		2	2																																	
CAND_MEANING_002445	Meaning	unrelated	0		plus	candidate_pending_human_review			USF Appendix A	USF:absent-both-directions	snob	snack								0.0	0.0	3.337752802688721	3.960815740592064	3.6492842716403926	4	4		1	1																																	
CAND_MEANING_002446	Meaning	unrelated	0		plus	candidate_pending_human_review			USF Appendix A	USF:absent-both-directions	rest	ambulance								0.0	0.0	5.328299637597617	4.350476054297346	4.839387845947481	4	9		1	3																																	
CAND_MEANING_002447	Meaning	unrelated	0		plus	candidate_pending_human_review			USF Appendix A	USF:absent-both-directions	dine	aggravate								0.0	0.0	3.632873938742182	2.8606315479690587	3.2467527433556205	3	7		1	3																																	
CAND_MEANING_002448	Meaning	unrelated	0		plus	candidate_pending_human_review			USF Appendix A	USF:absent-both-directions	fancy	police								0.0	0.0	4.542117251707365	5.373200570742785	4.957658911225075	5	5		2	2																																	
CAND_MEANING_002449	Meaning	unrelated	0		plus	candidate_pending_human_review			USF Appendix A	USF:absent-both-directions	component	glory								0.0	0.0	3.2009148427807133	4.332240378050414	3.7665776104155633	9	5		3	2																																	
CAND_MEANING_002450	Meaning	unrelated	0		plus	candidate_pending_human_review			USF Appendix A	USF:absent-both-directions	diaper	holder								0.0	0.0	3.6308863175066683	3.2062436762857804	3.418564996896224	4	5		2	2																																	
CAND_MEANING_002451	Meaning	unrelated	0		plus	candidate_pending_human_review			USF Appendix A	USF:absent-both-directions	neck	league								0.0	0.0	4.77458851931334	4.270153429190911	4.522370974252126	3	3		1	1																																	
CAND_MEANING_002452	Meaning	unrelated	0		plus	candidate_pending_human_review			USF Appendix A	USF:absent-both-directions	wary	pets								0.0	0.0	2.872213420518874	3.75482782180102	3.313520621159947	4	4		2	1																																	
CAND_MEANING_002453	Meaning	unrelated	0		plus	candidate_pending_human_review			USF Appendix A	USF:absent-both-directions	rim	late								0.0	0.0	3.38933983691012	5.43092199105204	4.41013091398108	3	3		1	1																																	
CAND_MEANING_002454	Meaning	unrelated	0		plus	candidate_pending_human_review			USF Appendix A	USF:absent-both-directions	component	moron								0.0	0.0	3.2009148427807133	4.169801169771838	3.6853580062762754	9	5		3	2																																	
CAND_MEANING_002455	Meaning	unrelated	0		plus	candidate_pending_human_review			USF Appendix A	USF:absent-both-directions	sales	factory								0.0	0.0	4.1040048297726575	4.225410645825262	4.16470773779896	4	6		1	3																																	
CAND_MEANING_002456	Meaning	unrelated	0		plus	candidate_pending_human_review			USF Appendix A	USF:absent-both-directions	component	stolen								0.0	0.0	3.2009148427807133	4.535467872588358	3.8681913576845357	9	6		3	2																																	
CAND_MEANING_002457	Meaning	unrelated	0		plus	candidate_pending_human_review			USF Appendix A	USF:absent-both-directions	trend	container								0.0	0.0	3.3177356891668337	3.632873938742182	3.4753048139545077	5	7		1	3																																	
CAND_MEANING_002458	Meaning	unrelated	0		plus	candidate_pending_human_review			USF Appendix A	USF:absent-both-directions	trend	wimp								0.0	0.0	3.3177356891668337	3.493826948222515	3.4057813186946744	5	4		1	1																																	
CAND_MEANING_002459	Meaning	unrelated	0		plus	candidate_pending_human_review			USF Appendix A	USF:absent-both-directions	racket	labyrinth								0.0	0.0	3.871069033870136	2.905213680621799	3.3881413572459675	5	7		2	3																																	
CAND_MEANING_002460	Meaning	unrelated	0		plus	candidate_pending_human_review			USF Appendix A	USF:absent-both-directions	brake	shark								0.0	0.0	3.7767296632488496	4.175523182477754	3.9761264228633015	4	4		1	1																																	
CAND_MEANING_002461	Meaning	unrelated	0		plus	candidate_pending_human_review			USF Appendix A	USF:absent-both-directions	brave	tardy								0.0	0.0	4.501139843808465	3.055857817465001	3.778498830636733	4	5		1	2																																	
CAND_MEANING_002462	Meaning	unrelated	0		plus	candidate_pending_human_review			USF Appendix A	USF:absent-both-directions	trend	rib								0.0	0.0	3.3177356891668337	3.770996319495907	3.54436600433137	5	3		1	1																																	
CAND_MEANING_002463	Meaning	unrelated	0		plus	candidate_pending_human_review			USF Appendix A	USF:absent-both-directions	foot	cover								0.0	0.0	4.812389004654132	4.974394282896746	4.8933916437754394	3	4		1	2																																	
CAND_MEANING_002464	Meaning	unrelated	0		plus	candidate_pending_human_review			USF Appendix A	USF:absent-both-directions	pay	payment								0.0	0.0	5.405871777867385	4.023212099568453	4.714541938717919	2	6		1	2																																	
CAND_MEANING_002465	Meaning	unrelated	0		plus	candidate_pending_human_review			USF Appendix A	USF:absent-both-directions	foggy	thick								0.0	0.0	3.1119737594439325	4.145519353753929	3.628746556598931	4	3		2	1																																	
CAND_MEANING_002466	Meaning	unrelated	0		plus	candidate_pending_human_review			USF Appendix A	USF:absent-both-directions	trot	worse								0.0	0.0	3.256217651247619	4.991573511296547	4.123895581272083	4	3		1	1																																	
CAND_MEANING_002467	Meaning	unrelated	0		plus	candidate_pending_human_review			USF Appendix A	USF:absent-both-directions	trot	deal								0.0	0.0	3.256217651247619	5.4172599733159235	4.336738812281771	4	3		1	1																																	
CAND_MEANING_002468	Meaning	unrelated	0		plus	candidate_pending_human_review			USF Appendix A	USF:absent-both-directions	oil	comfortable								0.0	0.0	4.613613851204378	4.674086306487851	4.643850078846114	2	10		1	4																																	
CAND_MEANING_002469	Meaning	unrelated	0		plus	candidate_pending_human_review			USF Appendix A	USF:absent-both-directions	upstairs	necklace								0.0	0.0	4.849575966220427	3.9887862126353957	4.419181089427911	7	6		2	2																																	
CAND_MEANING_002470	Meaning	unrelated	0		plus	candidate_pending_human_review			USF Appendix A	USF:absent-both-directions	pay	alternative								0.0	0.0	5.405871777867385	3.970036776622557	4.687954277244971	2	9		1	4																																	
CAND_MEANING_002471	Meaning	unrelated	0		plus	candidate_pending_human_review			USF Appendix A	USF:absent-both-directions	reason	giraffe								0.0	0.0	5.2862186377207685	3.173243416182855	4.229731026951812	5	4		2	2																																	
CAND_MEANING_002472	Meaning	unrelated	0		plus	candidate_pending_human_review			USF Appendix A	USF:absent-both-directions	snob	fishing								0.0	0.0	3.337752802688721	4.37305631082387	3.8554045567562953	4	5		1	2																																	
CAND_MEANING_002473	Meaning	unrelated	0		plus	candidate_pending_human_review			USF Appendix A	USF:absent-both-directions	brave	raw								0.0	0.0	4.501139843808465	4.007597181750521	4.254368512779493	4	2		1	1																																	
CAND_MEANING_002474	Meaning	unrelated	0		plus	candidate_pending_human_review			USF Appendix A	USF:absent-both-directions	claw	ink								0.0	0.0	3.6407346869502244	3.8744931868137726	3.7576139368819987	3	3		1	1																																	
CAND_MEANING_002475	Meaning	unrelated	0		plus	candidate_pending_human_review			USF Appendix A	USF:absent-both-directions	oil	adjustment								0.0	0.0	4.613613851204378	3.4910869108564864	4.052350381030433	2	9		1	3																																	
CAND_MEANING_002476	Meaning	unrelated	0		plus	candidate_pending_human_review			USF Appendix A	USF:absent-both-directions	garage	hooked								0.0	0.0	4.4348192900209	4.1178559416698866	4.276337615845393	4	4		2	1																																	
CAND_MEANING_002477	Meaning	unrelated	0		plus	candidate_pending_human_review			USF Appendix A	USF:absent-both-directions	conscious	forever								0.0	0.0	3.8327592986929373	4.948432144585021	4.390595721638979	6	5		2	3																																	
CAND_MEANING_002478	Meaning	unrelated	0		plus	candidate_pending_human_review			USF Appendix A	USF:absent-both-directions	malaria	cunning								0.0	0.0	3.2218487496163566	3.6084001693589816	3.415124459487669	7	5		4	2																																	
CAND_MEANING_002479	Meaning	unrelated	0		plus	candidate_pending_human_review			USF Appendix A	USF:absent-both-directions	horse	paste								0.0	0.0	4.96793320863002	3.231949076520682	4.099941142575351	4	4		1	1																																	
CAND_MEANING_002480	Meaning	unrelated	0		plus	candidate_pending_human_review			USF Appendix A	USF:absent-both-directions	store	mute								0.0	0.0	4.913398259546353	3.3962335448580205	4.154815902202187	4	4		1	1																																	
CAND_MEANING_002481	Meaning	unrelated	0		plus	candidate_pending_human_review			USF Appendix A	USF:absent-both-directions	clog	galaxy								0.0	0.0	2.905213680621799	3.822629522105146	3.3639216013634723	4	7		1	3																																	
CAND_MEANING_002482	Meaning	unrelated	0		plus	candidate_pending_human_review			USF Appendix A	USF:absent-both-directions	measurement	values								0.0	0.0	2.723793588061051	3.9279135707169757	3.3258535793890136	8	6		3	2																																	
CAND_MEANING_002483	Meaning	unrelated	0		plus	candidate_pending_human_review			USF Appendix A	USF:absent-both-directions	malaria	roast								0.0	0.0	3.2218487496163566	3.9905303695254535	3.606189559570905	7	4		4	1																																	
CAND_MEANING_002484	Meaning	unrelated	0		plus	candidate_pending_human_review			USF Appendix A	USF:absent-both-directions	malaria	memory								0.0	0.0	3.2218487496163566	4.6863558304879005	3.9541022900521288	7	5		4	3																																	
CAND_MEANING_002485	Meaning	unrelated	0		plus	candidate_pending_human_review			USF Appendix A	USF:absent-both-directions	brake	staff								0.0	0.0	3.7767296632488496	4.505149978319906	4.140939820784378	4	4		1	1																																	
CAND_MEANING_002486	Meaning	unrelated	0		plus	candidate_pending_human_review			USF Appendix A	USF:absent-both-directions	form	divide								0.0	0.0	4.630886317506668	3.7666460879783186	4.198766202742494	4	5		1	2																																	
CAND_MEANING_002487	Meaning	unrelated	0		plus	candidate_pending_human_review			USF Appendix A	USF:absent-both-directions	component	value								0.0	0.0	3.2009148427807133	4.332636451476775	3.7667756471287444	9	5		3	2																																	
CAND_MEANING_002488	Meaning	unrelated	0		plus	candidate_pending_human_review			USF Appendix A	USF:absent-both-directions	neck	neighbor								0.0	0.0	4.77458851931334	4.228943566380957	4.501766042847149	3	4		1	2																																	
CAND_MEANING_002489	Meaning	unrelated	0		plus	candidate_pending_human_review			USF Appendix A	USF:absent-both-directions	upstairs	vain								0.0	0.0	4.849575966220427	3.8135679076061	4.331571936913264	7	3		2	1																																	
CAND_MEANING_002490	Meaning	unrelated	0		plus	candidate_pending_human_review			USF Appendix A	USF:absent-both-directions	malaria	organ								0.0	0.0	3.2218487496163566	3.8606315479690587	3.5412401487927077	7	5		4	2																																	
CAND_MEANING_002491	Meaning	unrelated	0		plus	candidate_pending_human_review			USF Appendix A	USF:absent-both-directions	upstairs	lazy								0.0	0.0	4.849575966220427	4.064017304783319	4.456796635501873	7	4		2	2																																	
CAND_MEANING_002492	Meaning	unrelated	0		plus	candidate_pending_human_review			USF Appendix A	USF:absent-both-directions	addiction	inlet								0.0	0.0	3.59128290031177	2.6541576599196564	3.122720280115713	7	5		3	2																																	
CAND_MEANING_002493	Meaning	unrelated	0		plus	candidate_pending_human_review			USF Appendix A	USF:absent-both-directions	wary	oath								0.0	0.0	2.872213420518874	3.994860360347589	3.4335368904332313	4	2		2	1																																	
CAND_MEANING_002494	Meaning	unrelated	0		plus	candidate_pending_human_review			USF Appendix A	USF:absent-both-directions	garage	tote								0.0	0.0	4.4348192900209	3.0327925133963074	3.7338059017086036	4	3		2	1																																	
CAND_MEANING_002495	Meaning	unrelated	0		plus	candidate_pending_human_review			USF Appendix A	USF:absent-both-directions	diaper	cane								0.0	0.0	3.6308863175066683	3.9208187539523753	3.7758525357295216	4	3		2	1																																	
CAND_MEANING_002496	Meaning	unrelated	0		plus	candidate_pending_human_review			USF Appendix A	USF:absent-both-directions	trot	warmth								0.0	0.0	3.256217651247619	3.6484556810951863	3.4523366661714023	4	5		1	1																																	
CAND_MEANING_002497	Meaning	unrelated	0		plus	candidate_pending_human_review			USF Appendix A	USF:absent-both-directions	addiction	make								0.0	0.0	3.59128290031177	6.142309701939205	4.866796301125487	7	3		3	1																																	
CAND_MEANING_002498	Meaning	unrelated	0		plus	candidate_pending_human_review			USF Appendix A	USF:absent-both-directions	malaria	sculpture								0.0	0.0	3.2218487496163566	3.493826948222515	3.357837848919436	7	7		4	2																																	
CAND_MEANING_002499	Meaning	unrelated	0		plus	candidate_pending_human_review			USF Appendix A	USF:absent-both-directions	wary	parsley								0.0	0.0	2.872213420518874	2.9258982794816504	2.899055850000262	4	6		2	2																																	
CAND_MEANING_002500	Meaning	unrelated	0		plus	candidate_pending_human_review			USF Appendix A	USF:absent-both-directions	birthday	messy								0.0	0.0	4.987736346333866	3.8364978682523394	4.412117107293103	5	4		2	2																																	
CAND_MEANING_002501	Meaning	unrelated	0		plus	candidate_pending_human_review			USF Appendix A	USF:absent-both-directions	birthday	ethics								0.0	0.0	4.987736346333866	3.7285924709428198	4.358164408638343	5	5		2	2																																	
CAND_MEANING_002502	Meaning	unrelated	0		plus	candidate_pending_human_review			USF Appendix A	USF:absent-both-directions	pull	visitor								0.0	0.0	5.165692283340791	3.941764682614205	4.5537284829774975	3	6		1	3																																	
CAND_MEANING_002503	Meaning	unrelated	0		plus	candidate_pending_human_review			USF Appendix A	USF:absent-both-directions	flask	stereo								0.0	0.0	3.048304679574555	3.775303407510817	3.411804043542686	5	6		1	3																																	
CAND_MEANING_002504	Meaning	unrelated	0		plus	candidate_pending_human_review			USF Appendix A	USF:absent-both-directions	fancy	carpet								0.0	0.0	4.542117251707365	4.066216268883258	4.3041667602953115	5	6		2	2																																	
CAND_MEANING_002505	Meaning	unrelated	0		plus	candidate_pending_human_review			USF Appendix A	USF:absent-both-directions	fad	theater								0.0	0.0	2.883494430928563	4.38092029408446	3.632207362506511	3	5		1	3																																	
CAND_MEANING_002506	Meaning	unrelated	0		plus	candidate_pending_human_review			USF Appendix A	USF:absent-both-directions	pay	hose								0.0	0.0	5.405871777867385	3.9062716457781326	4.656071711822759	2	3		1	1																																	
CAND_MEANING_002507	Meaning	unrelated	0		plus	candidate_pending_human_review			USF Appendix A	USF:absent-both-directions	wave	nag								0.0	0.0	4.327459106104431	3.337752802688721	3.832605954396576	3	3		1	1																																	
CAND_MEANING_002508	Meaning	unrelated	0		plus	candidate_pending_human_review			USF Appendix A	USF:absent-both-directions	school	owner								0.0	0.0	5.5225976402482555	4.3661481742481865	4.944372907248221	4	3		1	2																																	
CAND_MEANING_002509	Meaning	unrelated	0		plus	candidate_pending_human_review			USF Appendix A	USF:absent-both-directions	claw	lecture								0.0	0.0	3.6407346869502244	4.01997108093062	3.8303528839404226	3	5		1	2																																	
CAND_MEANING_002510	Meaning	unrelated	0		plus	candidate_pending_human_review			USF Appendix A	USF:absent-both-directions	oil	flap								0.0	0.0	4.613613851204378	3.42276359239707	4.018188721800724	2	4		1	1																																	
CAND_MEANING_002511	Meaning	unrelated	0		plus	candidate_pending_human_review			USF Appendix A	USF:absent-both-directions	flask	scalp								0.0	0.0	3.048304679574555	3.5665876731657433	3.3074461763701493	5	5		1	1																																	
CAND_MEANING_002512	Meaning	unrelated	0		plus	candidate_pending_human_review			USF Appendix A	USF:absent-both-directions	fancy	thaw								0.0	0.0	4.542117251707365	3.2009148427807133	3.8715160472440395	5	2		2	1																																	
CAND_MEANING_002513	Meaning	unrelated	0		plus	candidate_pending_human_review			USF Appendix A	USF:absent-both-directions	school	manner								0.0	0.0	5.5225976402482555	4.061807149978202	4.792202395113229	4	4		1	2																																	
CAND_MEANING_002514	Meaning	unrelated	0		plus	candidate_pending_human_review			USF Appendix A	USF:absent-both-directions	dine	mayonnaise								0.0	0.0	3.632873938742182	3.353127664255675	3.4930008014989284	3	6		1	3																																	
CAND_MEANING_002515	Meaning	unrelated	0		plus	candidate_pending_human_review			USF Appendix A	USF:absent-both-directions	racket	eat								0.0	0.0	3.871069033870136	5.4011977415801455	4.636133387725141	5	2		2	1																																	
CAND_MEANING_002516	Meaning	unrelated	0		plus	candidate_pending_human_review			USF Appendix A	USF:absent-both-directions	darkness	beggar								0.0	0.0	4.2427946782781865	3.3928003690196267	3.8177975236489066	7	4		2	2																																	
CAND_MEANING_002517	Meaning	unrelated	0		plus	candidate_pending_human_review			USF Appendix A	USF:absent-both-directions	pull	main								0.0	0.0	5.165692283340791	4.63068705414832	4.898189668744555	3	3		1	1																																	
CAND_MEANING_002518	Meaning	unrelated	0		plus	candidate_pending_human_review			USF Appendix A	USF:absent-both-directions	garage	march								0.0	0.0	4.4348192900209	4.380565912602615	4.407692601311757	4	4		2	1																																	
CAND_MEANING_002519	Meaning	unrelated	0		plus	candidate_pending_human_review			USF Appendix A	USF:absent-both-directions	malaria	situation								0.0	0.0	3.2218487496163566	4.91640233591906	4.069125542767709	7	8		4	4																																	
CAND_MEANING_002520	Meaning	unrelated	0		plus	candidate_pending_human_review			USF Appendix A	USF:absent-both-directions	upstairs	saw								0.0	0.0	4.849575966220427	5.604755306217195	5.22716563621881	7	2		2	1																																	
CAND_MEANING_002521	Meaning	unrelated	0		plus	candidate_pending_human_review			USF Appendix A	USF:absent-both-directions	trot	stomach								0.0	0.0	3.256217651247619	4.5292189233113564	3.8927182872794877	4	6		1	2																																	
CAND_MEANING_002522	Meaning	unrelated	0		plus	candidate_pending_human_review			USF Appendix A	USF:absent-both-directions	hostage	mate								0.0	0.0	4.163418637662639	4.465907467355058	4.314663052508848	6	3		2	1																																	
CAND_MEANING_002523	Meaning	unrelated	0		plus	candidate_pending_human_review			USF Appendix A	USF:absent-both-directions	store	dream								0.0	0.0	4.913398259546353	5.1248109841491045	5.019104621847729	4	4		1	1																																	
CAND_MEANING_002524	Meaning	unrelated	0		plus	candidate_pending_human_review			USF Appendix A	USF:absent-both-directions	blur	dunk								0.0	0.0	3.329856321842687	3.4130037551079138	3.3714300384753004	3	4		1	1																																	
CAND_MEANING_002525	Meaning	unrelated	0		plus	candidate_pending_human_review			USF Appendix A	USF:absent-both-directions	upstairs	code								0.0	0.0	4.849575966220427	4.725238828935232	4.787407397577829	7	3		2	1																																	
CAND_MEANING_002526	Meaning	unrelated	0		plus	candidate_pending_human_review			USF Appendix A	USF:absent-both-directions	please	toast								0.0	0.0	6.041771849889581	4.524663345016798	5.28321759745319	4	4		1	1																																	
CAND_MEANING_002527	Meaning	unrelated	0		plus	candidate_pending_human_review			USF Appendix A	USF:absent-both-directions	cards	pine								0.0	0.0	4.681418609026778	3.7921169065204676	4.236767757773623	5	3		1	1																																	
CAND_MEANING_002528	Meaning	unrelated	0		plus	candidate_pending_human_review			USF Appendix A	USF:absent-both-directions	calculator	pour								0.0	0.0	3.1119737594439325	4.17948420195302	3.6457289806984763	10	3		4	1																																	
CAND_MEANING_002529	Meaning	unrelated	0		plus	candidate_pending_human_review			USF Appendix A	USF:absent-both-directions	shampoo	alike								0.0	0.0	3.624868283817669	4.0551083876295	3.8399883357235844	5	4		2	2																																	
CAND_MEANING_002530	Meaning	unrelated	0		plus	candidate_pending_human_review			USF Appendix A	USF:absent-both-directions	snob	tie								0.0	0.0	3.337752802688721	4.647689729429442	3.9927212660590814	4	2		1	1																																	
CAND_MEANING_002531	Meaning	unrelated	0		plus	candidate_pending_human_review			USF Appendix A	USF:absent-both-directions	foot	rodent								0.0	0.0	4.812389004654132	3.256217651247619	4.034303327950875	3	6		1	2																																	
CAND_MEANING_002532	Meaning	unrelated	0		plus	candidate_pending_human_review			USF Appendix A	USF:absent-both-directions	damn	underwater								0.0	0.0	5.4525981168605755	3.8016323462331663	4.62711523154687	3	8		1	4																																	
CAND_MEANING_002533	Meaning	unrelated	0		plus	candidate_pending_human_review			USF Appendix A	USF:absent-both-directions	horse	pin								0.0	0.0	4.96793320863002	4.214116299385665	4.591024754007843	4	3		1	1																																	
CAND_MEANING_002534	Meaning	unrelated	0		plus	candidate_pending_human_review			USF Appendix A	USF:absent-both-directions	calculator	playing								0.0	0.0	3.1119737594439325	5.1683588088249905	4.1401662841344615	10	5		4	2																																	
CAND_MEANING_002535	Meaning	unrelated	0		plus	candidate_pending_human_review			USF Appendix A	USF:absent-both-directions	suck	ad								0.0	0.0	4.542605771985989	4.1337892943569186	4.338197533171454	3	2		1	1																																	
CAND_MEANING_002536	Meaning	unrelated	0		plus	candidate_pending_human_review			USF Appendix A	USF:absent-both-directions	flask	verdict								0.0	0.0	3.048304679574555	4.039064022839643	3.543684351207099	5	6		1	2																																	
CAND_MEANING_002537	Meaning	unrelated	0		plus	candidate_pending_human_review			USF Appendix A	USF:absent-both-directions	neck	kidnap								0.0	0.0	4.77458851931334	3.812257817677782	4.293423168495561	3	6		1	2																																	
CAND_MEANING_002538	Meaning	unrelated	0		plus	candidate_pending_human_review			USF Appendix A	USF:absent-both-directions	flask	moth								0.0	0.0	3.048304679574555	3.3568878131289823	3.202596246351769	5	3		1	1																																	
CAND_MEANING_002539	Meaning	unrelated	0		plus	candidate_pending_human_review			USF Appendix A	USF:absent-both-directions	store	dwarves								0.0	0.0	4.913398259546353	3.048304679574555	3.980851469560454	4	6		1	1																																	
CAND_MEANING_002540	Meaning	unrelated	0		plus	candidate_pending_human_review			USF Appendix A	USF:absent-both-directions	fancy	skeleton								0.0	0.0	4.542117251707365	3.7090703312403446	4.125593791473855	5	8		2	3																																	
CAND_MEANING_002541	Meaning	unrelated	0		plus	candidate_pending_human_review			USF Appendix A	USF:absent-both-directions	dine	violence								0.0	0.0	3.632873938742182	4.361727836017593	3.9973008873798874	3	7		1	3																																	
CAND_MEANING_002542	Meaning	unrelated	0		plus	candidate_pending_human_review			USF Appendix A	USF:absent-both-directions	calculator	rub								0.0	0.0	3.1119737594439325	4.188956041391619	3.650464900417776	10	3		4	1																																	
CAND_MEANING_002543	Meaning	unrelated	0		plus	candidate_pending_human_review			USF Appendix A	USF:absent-both-directions	addiction	rhyme								0.0	0.0	3.59128290031177	3.644612342013426	3.617947621162598	7	3		3	1																																	
CAND_MEANING_002544	Meaning	unrelated	0		plus	candidate_pending_human_review			USF Appendix A	USF:absent-both-directions	blur	cream								0.0	0.0	3.329856321842687	4.687581415406607	4.008718868624647	3	4		1	1																																	
CAND_MEANING_002545	Meaning	unrelated	0		plus	candidate_pending_human_review			USF Appendix A	USF:absent-both-directions	garage	hold								0.0	0.0	4.4348192900209	5.6402085409674285	5.037513915494165	4	4		2	1																																	
CAND_MEANING_002546	Meaning	unrelated	0		plus	candidate_pending_human_review			USF Appendix A	USF:absent-both-directions	reason	solve								0.0	0.0	5.2862186377207685	4.289816208299377	4.788017423010073	5	4		2	1																																	
CAND_MEANING_002547	Meaning	unrelated	0		plus	candidate_pending_human_review			USF Appendix A	USF:absent-both-directions	flask	picnic								0.0	0.0	3.048304679574555	4.0676760836423	3.5579903816084277	5	6		1	2																																	
CAND_MEANING_002548	Meaning	unrelated	0		plus	candidate_pending_human_review			USF Appendix A	USF:absent-both-directions	rest	executive								0.0	0.0	5.328299637597617	4.025627089008633	4.676963363303125	4	10		1	4																																	
CAND_MEANING_002549	Meaning	unrelated	0		plus	candidate_pending_human_review			USF Appendix A	USF:absent-both-directions	wary	chemist								0.0	0.0	2.872213420518874	3.2701534291909113	3.0711834248548926	4	6		2	2																																	
CAND_MEANING_002550	Meaning	unrelated	0		plus	candidate_pending_human_review			USF Appendix A	USF:absent-both-directions	reason	nephew								0.0	0.0	5.2862186377207685	4.219800186941088	4.753009412330928	5	5		2	2																																	
CAND_MEANING_002551	Meaning	unrelated	0		plus	candidate_pending_human_review			USF Appendix A	USF:absent-both-directions	store	backpack								0.0	0.0	4.913398259546353	3.56194276811998	4.237670513833167	4	6		1	2																																	
CAND_MEANING_002552	Meaning	unrelated	0		plus	candidate_pending_human_review			USF Appendix A	USF:absent-both-directions	clog	monthly								0.0	0.0	2.905213680621799	3.4742734118468364	3.1897435462343178	4	6		1	2																																	
CAND_MEANING_002553	Meaning	unrelated	0		plus	candidate_pending_human_review			USF Appendix A	USF:absent-both-directions	wave	bird								0.0	0.0	4.327459106104431	4.6575432555296405	4.492501180817036	3	3		1	1																																	
CAND_MEANING_002554	Meaning	unrelated	0		plus	candidate_pending_human_review			USF Appendix A	USF:absent-both-directions	faint	dignity								0.0	0.0	3.9672909646398753	4.033581422753849	4.000436193696862	4	7		1	3																																	
CAND_MEANING_002555	Meaning	unrelated	0		plus	candidate_pending_human_review			USF Appendix A	USF:absent-both-directions	rim	spree								0.0	0.0	3.38933983691012	3.329856321842687	3.3595980793764033	3	4		1	1																																	
CAND_MEANING_002556	Meaning	unrelated	0		plus	candidate_pending_human_review			USF Appendix A	USF:absent-both-directions	sales	mean								0.0	0.0	4.1040048297726575	6.0948135349808545	5.099409182376756	4	3		1	1																																	
CAND_MEANING_002557	Meaning	unrelated	0		plus	candidate_pending_human_review			USF Appendix A	USF:absent-both-directions	addiction	favor								0.0	0.0	3.59128290031177	4.849816705961571	4.22054980313667	7	4		3	2																																	
CAND_MEANING_002558	Meaning	unrelated	0		plus	candidate_pending_human_review			USF Appendix A	USF:absent-both-directions	suck	wax								0.0	0.0	4.542605771985989	3.9561307492917117	4.2493682606388505	3	4		1	1																																	
CAND_MEANING_002559	Meaning	unrelated	0		plus	candidate_pending_human_review			USF Appendix A	USF:absent-both-directions	garage	carton								0.0	0.0	4.4348192900209	3.274701056941632	3.854760173481266	4	6		2	2																																	
CAND_MEANING_002560	Meaning	unrelated	0		plus	candidate_pending_human_review			USF Appendix A	USF:absent-both-directions	wary	piston								0.0	0.0	2.872213420518874	3.070581074285707	2.9713972474022903	4	6		2	2																																	
CAND_MEANING_002561	Meaning	unrelated	0		plus	candidate_pending_human_review			USF Appendix A	USF:absent-both-directions	hostage	prohibit								0.0	0.0	4.163418637662639	2.6726410656136697	3.4180298516381544	6	8		2	3																																	
CAND_MEANING_002562	Meaning	unrelated	0		plus	candidate_pending_human_review			USF Appendix A	USF:absent-both-directions	foggy	ranch								0.0	0.0	3.1119737594439325	4.244252859217975	3.678113309330954	4	4		2	1																																	
CAND_MEANING_002563	Meaning	unrelated	0		plus	candidate_pending_human_review			USF Appendix A	USF:absent-both-directions	sash	customer								0.0	0.0	3.055857817465001	4.181731526408374	3.6187946719366875	3	7		1	3																																	
CAND_MEANING_002564	Meaning	unrelated	0		plus	candidate_pending_human_review			USF Appendix A	USF:absent-both-directions	fancy	referee								0.0	0.0	4.542117251707365	3.554880913632493	4.048499082669929	5	5		2	3																																	
CAND_MEANING_002565	Meaning	unrelated	0		plus	candidate_pending_human_review			USF Appendix A	USF:absent-both-directions	clog	income								0.0	0.0	2.905213680621799	3.869921623739289	3.387567652180544	4	5		1	2																																	
CAND_MEANING_002566	Meaning	unrelated	0		plus	candidate_pending_human_review			USF Appendix A	USF:absent-both-directions	damn	guest								0.0	0.0	5.4525981168605755	4.601420852902228	5.027009484881402	3	4		1	1																																	
CAND_MEANING_002567	Meaning	unrelated	0		plus	candidate_pending_human_review			USF Appendix A	USF:absent-both-directions	rest	bug								0.0	0.0	5.328299637597617	4.321001076594602	4.824650357096109	4	3		1	1																																	
CAND_MEANING_002568	Meaning	unrelated	0		plus	candidate_pending_human_review			USF Appendix A	USF:absent-both-directions	brake	burglar								0.0	0.0	3.7767296632488496	3.7426789322214247	3.759704297735137	4	5		1	2																																	
CAND_MEANING_002569	Meaning	unrelated	0		plus	candidate_pending_human_review			USF Appendix A	USF:absent-both-directions	brake	seed								0.0	0.0	3.7767296632488496	3.8790171285738184	3.8278733959113342	4	3		1	1																																	
CAND_MEANING_002570	Meaning	unrelated	0		plus	candidate_pending_human_review			USF Appendix A	USF:absent-both-directions	clog	drunk								0.0	0.0	2.905213680621799	4.883939632896718	3.8945766567592583	4	5		1	1																																	
CAND_MEANING_002571	Meaning	unrelated	0		plus	candidate_pending_human_review			USF Appendix A	USF:absent-both-directions	hostage	tractor								0.0	0.0	4.163418637662639	3.5711834248548926	3.8673010312587657	6	6		2	2																																	
CAND_MEANING_002572	Meaning	unrelated	0		plus	candidate_pending_human_review			USF Appendix A	USF:absent-both-directions	reason	heroin								0.0	0.0	5.2862186377207685	3.992267549769309	4.639243093745039	5	6		2	3																																	
CAND_MEANING_002573	Meaning	unrelated	0		plus	candidate_pending_human_review			USF Appendix A	USF:absent-both-directions	faint	health								0.0	0.0	3.9672909646398753	4.605030263163323	4.2861606139015995	4	4		1	1																																	
CAND_MEANING_002574	Meaning	unrelated	0		plus	candidate_pending_human_review			USF Appendix A	USF:absent-both-directions	trend	skin								0.0	0.0	3.3177356891668337	4.643839575827503	3.9807876324971683	5	4		1	1																																	
CAND_MEANING_002575	Meaning	unrelated	0		plus	candidate_pending_human_review			USF Appendix A	USF:absent-both-directions	sales	flutter								0.0	0.0	4.1040048297726575	2.935882500388251	3.5199436650804543	4	5		1	2																																	
CAND_MEANING_002576	Meaning	unrelated	0		plus	candidate_pending_human_review			USF Appendix A	USF:absent-both-directions	shampoo	beans								0.0	0.0	3.624868283817669	4.159307638239563	3.892087961028616	5	4		2	1																																	
CAND_MEANING_002577	Meaning	unrelated	0		plus	candidate_pending_human_review			USF Appendix A	USF:absent-both-directions	pull	log								0.0	0.0	5.165692283340791	4.07775965891283	4.621725971126811	3	3		1	1																																	
CAND_MEANING_002578	Meaning	unrelated	0		plus	candidate_pending_human_review			USF Appendix A	USF:absent-both-directions	wary	chop								0.0	0.0	2.872213420518874	4.1337892943569186	3.5030013574378964	4	3		2	1																																	
CAND_MEANING_002579	Meaning	unrelated	0		plus	candidate_pending_human_review			USF Appendix A	USF:absent-both-directions	garage	hungry								0.0	0.0	4.4348192900209	4.886932867722153	4.660876078871526	4	6		2	2																																	
CAND_MEANING_002580	Meaning	unrelated	0		plus	candidate_pending_human_review			USF Appendix A	USF:absent-both-directions	brake	rush								0.0	0.0	3.7767296632488496	4.497092335650283	4.136910999449566	4	3		1	1																																	
CAND_MEANING_002581	Meaning	unrelated	0		plus	candidate_pending_human_review			USF Appendix A	USF:absent-both-directions	horse	elephant								0.0	0.0	4.96793320863002	4.055857817465001	4.511895513047511	4	7		1	3																																	
CAND_MEANING_002582	Meaning	unrelated	0		plus	candidate_pending_human_review			USF Appendix A	USF:absent-both-directions	trend	begin								0.0	0.0	3.3177356891668337	4.755725433864066	4.03673056151545	5	5		1	2																																	
CAND_MEANING_002583	Meaning	unrelated	0		plus	candidate_pending_human_review			USF Appendix A	USF:absent-both-directions	electrician	perch								0.0	0.0	3.173243416182855	2.9913998282380825	3.082321622210469	10	3		4	1																																	
CAND_MEANING_002584	Meaning	unrelated	0		plus	candidate_pending_human_review			USF Appendix A	USF:absent-both-directions	rim	recommendation								0.0	0.0	3.38933983691012	3.704049529865294	3.546694683387707	3	12		1	5																																	
CAND_MEANING_002585	Meaning	unrelated	0		plus	candidate_pending_human_review			USF Appendix A	USF:absent-both-directions	measurement	care								0.0	0.0	2.723793588061051	5.6859699312500265	4.204881759655539	8	3		3	1																																	
CAND_MEANING_002586	Meaning	unrelated	0		plus	candidate_pending_human_review			USF Appendix A	USF:absent-both-directions	rim	haven								0.0	0.0	3.38933983691012	5.56760291946826	4.47847137818919	3	5		1	2																																	
CAND_MEANING_002587	Meaning	unrelated	0		plus	candidate_pending_human_review			USF Appendix A	USF:absent-both-directions	reason	like								0.0	0.0	5.2862186377207685	6.6019471452588885	5.9440828914898285	5	3		2	1																																	
CAND_MEANING_002588	Meaning	unrelated	0		plus	candidate_pending_human_review			USF Appendix A	USF:absent-both-directions	electrician	compose								0.0	0.0	3.173243416182855	3.195519810894007	3.184381613538431	10	6		4	2																																	
CAND_MEANING_002589	Meaning	unrelated	0		plus	candidate_pending_human_review			USF Appendix A	USF:absent-both-directions	birthday	bench								0.0	0.0	4.987736346333866	3.9852767431792935	4.48650654475658	5	4		2	1																																	
CAND_MEANING_002590	Meaning	unrelated	0		plus	candidate_pending_human_review			USF Appendix A	USF:absent-both-directions	brave	slime								0.0	0.0	4.501139843808465	3.4416489365574434	3.9713943901829545	4	4		1	1																																	
CAND_MEANING_002591	Meaning	unrelated	0		plus	candidate_pending_human_review			USF Appendix A	USF:absent-both-directions	birthday	release								0.0	0.0	4.987736346333866	4.559836242654968	4.773786294494418	5	5		2	2																																	
CAND_MEANING_002592	Meaning	unrelated	0		plus	candidate_pending_human_review			USF Appendix A	USF:absent-both-directions	measurement	adultery								0.0	0.0	2.723793588061051	3.2880650184996134	3.0059293032803325	8	7		3	4																																	
CAND_MEANING_002593	Meaning	unrelated	0		plus	candidate_pending_human_review			USF Appendix A	USF:absent-both-directions	please	pig								0.0	0.0	6.041771849889581	4.592590360853416	5.317181105371498	4	3		1	1																																	
CAND_MEANING_002594	Meaning	unrelated	0		plus	candidate_pending_human_review			USF Appendix A	USF:absent-both-directions	school	trap								0.0	0.0	5.5225976402482555	4.37736339883878	4.949980519543518	4	4		1	1																																	
CAND_MEANING_002595	Meaning	unrelated	0		plus	candidate_pending_human_review			USF Appendix A	USF:absent-both-directions	rest	metal								0.0	0.0	5.328299637597617	4.288941496056243	4.80862056682693	4	5		1	2																																	
CAND_MEANING_002596	Meaning	unrelated	0		plus	candidate_pending_human_review			USF Appendix A	USF:absent-both-directions	sales	daughter								0.0	0.0	4.1040048297726575	5.233891563249394	4.6689481965110256	4	4		1	2																																	
CAND_MEANING_002597	Meaning	unrelated	0		plus	candidate_pending_human_review			USF Appendix A	USF:absent-both-directions	neck	insight								0.0	0.0	4.77458851931334	3.4477658613671256	4.111177190340233	3	5		1	2																																	
CAND_MEANING_002598	Meaning	unrelated	0		plus	candidate_pending_human_review			USF Appendix A	USF:absent-both-directions	calculator	peroxide								0.0	0.0	3.1119737594439325	3.0327925133963074	3.07238313642012	10	7		4	3																																	
CAND_MEANING_002599	Meaning	unrelated	0		plus	candidate_pending_human_review			USF Appendix A	USF:absent-both-directions	snob	lemonade								0.0	0.0	3.337752802688721	3.7411361438071435	3.539444473247932	4	7		1	3																																	
CAND_MEANING_002600	Meaning	unrelated	0		plus	candidate_pending_human_review			USF Appendix A	USF:absent-both-directions	damn	ribbon								0.0	0.0	5.4525981168605755	3.704049529865294	4.578323823362934	3	5		1	2																																	
CAND_MEANING_002601	Meaning	unrelated	0		plus	candidate_pending_human_review			USF Appendix A	USF:absent-both-directions	darkness	ounce								0.0	0.0	4.2427946782781865	3.606297044271217	3.9245458612747015	7	3		2	1																																	
CAND_MEANING_002602	Meaning	unrelated	0		plus	candidate_pending_human_review			USF Appendix A	USF:absent-both-directions	malaria	splinter								0.0	0.0	3.2218487496163566	3.167491087293764	3.19466991845506	7	7		4	2																																	
CAND_MEANING_002603	Meaning	unrelated	0		plus	candidate_pending_human_review			USF Appendix A	USF:absent-both-directions	please	tumor								0.0	0.0	6.041771849889581	3.7123855723918213	4.877078711140701	4	4		1	2																																	
CAND_MEANING_002604	Meaning	unrelated	0		plus	candidate_pending_human_review			USF Appendix A	USF:absent-both-directions	component	microphone								0.0	0.0	3.2009148427807133	3.657917808792963	3.429416325786838	9	8		3	3																																	
CAND_MEANING_002605	Meaning	unrelated	0		plus	candidate_pending_human_review			USF Appendix A	USF:absent-both-directions	reason	swear								0.0	0.0	5.2862186377207685	4.945256126463068	5.115737382091918	5	4		2	1																																	
CAND_MEANING_002606	Meaning	unrelated	0		plus	candidate_pending_human_review			USF Appendix A	USF:absent-both-directions	diaper	bleach								0.0	0.0	3.6308863175066683	3.364311831208189	3.497599074357429	4	4		2	1																																	
CAND_MEANING_002607	Meaning	unrelated	0		plus	candidate_pending_human_review			USF Appendix A	USF:absent-both-directions	school	cross								0.0	0.0	5.5225976402482555	4.740672236536502	5.131634938392379	4	4		1	1																																	
CAND_MEANING_002608	Meaning	unrelated	0		plus	candidate_pending_human_review			USF Appendix A	USF:absent-both-directions	server	lump								0.0	0.0	3.5934598195660445	3.5501083987712483	3.5717841091686466	4	4		2	1																																	
CAND_MEANING_002609	Meaning	unrelated	0		plus	candidate_pending_human_review			USF Appendix A	USF:absent-both-directions	suck	bait								0.0	0.0	4.542605771985989	3.987911500392261	4.265258636189125	3	3		1	1																																	
CAND_MEANING_002610	Meaning	unrelated	0		plus	candidate_pending_human_review			USF Appendix A	USF:absent-both-directions	cards	icing								0.0	0.0	4.681418609026778	3.1436881726211388	3.9125533908239585	5	4		1	2																																	
CAND_MEANING_002611	Meaning	unrelated	0		plus	candidate_pending_human_review			USF Appendix A	USF:absent-both-directions	birthday	truce								0.0	0.0	4.987736346333866	3.63485250472427	4.311294425529068	5	4		2	1																																	
CAND_MEANING_002612	Meaning	unrelated	0		plus	candidate_pending_human_review			USF Appendix A	USF:absent-both-directions	conscious	excitement								0.0	0.0	3.8327592986929373	4.09038946763926	3.9615743831660986	6	9		2	3																																	
CAND_MEANING_002613	Meaning	unrelated	0		plus	candidate_pending_human_review			USF Appendix A	USF:absent-both-directions	server	righteousness								0.0	0.0	3.5934598195660445	3.2418198305469765	3.4176398250565105	4	8		2	3																																	
CAND_MEANING_002614	Meaning	unrelated	0		plus	candidate_pending_human_review			USF Appendix A	USF:absent-both-directions	conscious	intelligent								0.0	0.0	3.8327592986929373	4.130649045809689	3.9817041722513133	6	10		2	4																																	
CAND_MEANING_002615	Meaning	unrelated	0		plus	candidate_pending_human_review			USF Appendix A	USF:absent-both-directions	reason	weekly								0.0	0.0	5.2862186377207685	3.6671781699121677	4.476698403816468	5	5		2	2																																	
CAND_MEANING_002616	Meaning	unrelated	0		plus	candidate_pending_human_review			USF Appendix A	USF:absent-both-directions	measurement	baked								0.0	0.0	2.723793588061051	3.8251842028945613	3.2744888954778064	8	4		3	1																																	
CAND_MEANING_002617	Meaning	unrelated	0		plus	candidate_pending_human_review			USF Appendix A	USF:absent-both-directions	trot	rummy								0.0	0.0	3.256217651247619	3.16166154363304	3.208939597440329	4	4		1	2																																	
CAND_MEANING_002618	Meaning	unrelated	0		plus	candidate_pending_human_review			USF Appendix A	USF:absent-both-directions	pull	hatchet								0.0	0.0	5.165692283340791	3.2924298239020637	4.229061053621427	3	5		1	2																																	
CAND_MEANING_002619	Meaning	unrelated	0		plus	candidate_pending_human_review			USF Appendix A	USF:absent-both-directions	measurement	organization								0.0	0.0	2.723793588061051	4.117206286377609	3.42049993721933	8	11		3	5																																	
CAND_MEANING_002620	Meaning	unrelated	0		plus	candidate_pending_human_review			USF Appendix A	USF:absent-both-directions	measurement	volleyball								0.0	0.0	2.723793588061051	3.055857817465001	2.889825702763026	8	7		3	3																																	
CAND_MEANING_002621	Meaning	unrelated	0		plus	candidate_pending_human_review			USF Appendix A	USF:absent-both-directions	form	bridge								0.0	0.0	4.630886317506668	4.65997209742264	4.645429207464654	4	4		1	1																																	
CAND_MEANING_002622	Meaning	unrelated	0		plus	candidate_pending_human_review			USF Appendix A	USF:absent-both-directions	cards	remorse								0.0	0.0	4.681418609026778	3.479950544738527	4.0806845768826525	5	6		1	2																																	
CAND_MEANING_002623	Meaning	unrelated	0		plus	candidate_pending_human_review			USF Appendix A	USF:absent-both-directions	school	starving								0.0	0.0	5.5225976402482555	4.229445931366878	4.876021785807566	4	7		1	2																																	
CAND_MEANING_002624	Meaning	unrelated	0		plus	candidate_pending_human_review			USF Appendix A	USF:absent-both-directions	damn	spinach								0.0	0.0	5.4525981168605755	3.4063731762089002	4.429485646534738	3	6		1	2																																	
CAND_MEANING_002625	Meaning	unrelated	0		plus	candidate_pending_human_review			USF Appendix A	USF:absent-both-directions	darkness	pot								0.0	0.0	4.2427946782781865	4.352749852590349	4.297772265434268	7	3		2	1																																	
CAND_MEANING_002626	Meaning	unrelated	0		plus	candidate_pending_human_review			USF Appendix A	USF:absent-both-directions	upstairs	superstition								0.0	0.0	4.849575966220427	3.3136191229720016	4.081597544596214	7	10		2	4																																	
CAND_MEANING_002627	Meaning	unrelated	0		plus	candidate_pending_human_review			USF Appendix A	USF:absent-both-directions	neck	blush								0.0	0.0	4.77458851931334	3.425968732272281	4.100278625792811	3	4		1	1																																	
CAND_MEANING_002628	Meaning	unrelated	0		plus	candidate_pending_human_review			USF Appendix A	USF:absent-both-directions	reason	ban								0.0	0.0	5.2862186377207685	3.4965498065579883	4.391384222139378	5	3		2	1																																	
CAND_MEANING_002629	Meaning	unrelated	0		plus	candidate_pending_human_review			USF Appendix A	USF:absent-both-directions	foot	knees								0.0	0.0	4.812389004654132	4.413003755107914	4.612696379881022	3	3		1	1																																	
CAND_MEANING_002630	Meaning	unrelated	0		plus	candidate_pending_human_review			USF Appendix A	USF:absent-both-directions	wave	attend								0.0	0.0	4.327459106104431	4.146735865703144	4.237097485903788	3	5		1	2																																	
CAND_MEANING_002631	Meaning	unrelated	0		plus	candidate_pending_human_review			USF Appendix A	USF:absent-both-directions	faint	mushroom								0.0	0.0	3.9672909646398753	3.329856321842687	3.6485736432412814	4	6		1	2																																	
CAND_MEANING_002632	Meaning	unrelated	0		plus	candidate_pending_human_review			USF Appendix A	USF:absent-both-directions	neck	motor								0.0	0.0	4.77458851931334	4.119152344071056	4.446870431692198	3	4		1	2																																	
CAND_MEANING_002633	Meaning	unrelated	0		plus	candidate_pending_human_review			USF Appendix A	USF:absent-both-directions	oil	plain								0.0	0.0	4.613613851204378	4.338924988236772	4.476269419720575	2	4		1	1																																	
CAND_MEANING_002634	Meaning	unrelated	0		plus	candidate_pending_human_review			USF Appendix A	USF:absent-both-directions	darkness	rye								0.0	0.0	4.2427946782781865	3.618765684830815	3.9307801815545007	7	2		2	1																																	
CAND_MEANING_002635	Meaning	unrelated	0		plus	candidate_pending_human_review			USF Appendix A	USF:absent-both-directions	rim	male								0.0	0.0	3.38933983691012	4.530726891777458	3.960033364343789	3	3		1	1																																	
CAND_MEANING_002636	Meaning	unrelated	0		plus	candidate_pending_human_review			USF Appendix A	USF:absent-both-directions	shampoo	ledge								0.0	0.0	3.624868283817669	3.5452828548819566	3.585075569349813	5	3		2	1																																	
CAND_MEANING_002637	Meaning	unrelated	0		plus	candidate_pending_human_review			USF Appendix A	USF:absent-both-directions	calculator	suds								0.0	0.0	3.1119737594439325	2.6726410656136697	2.892307412528801	10	4		4	1																																	
CAND_MEANING_002638	Meaning	unrelated	0		plus	candidate_pending_human_review			USF Appendix A	USF:absent-both-directions	sales	fond								0.0	0.0	4.1040048297726575	4.091080469347332	4.097542649559995	4	4		1	1																																	
CAND_MEANING_002639	Meaning	unrelated	0		plus	candidate_pending_human_review			USF Appendix A	USF:absent-both-directions	rim	yellow								0.0	0.0	3.38933983691012	4.528967085390757	3.9591534611504384	3	4		1	2																																	
CAND_MEANING_002640	Meaning	unrelated	0		plus	candidate_pending_human_review			USF Appendix A	USF:absent-both-directions	sash	floor								0.0	0.0	3.055857817465001	5.002716471604955	4.029287144534978	3	4		1	1																																	
CAND_MEANING_002641	Meaning	unrelated	0		plus	candidate_pending_human_review			USF Appendix A	USF:absent-both-directions	claw	straight								0.0	0.0	3.6407346869502244	5.087892718292443	4.364313702621334	3	5		1	1																																	
CAND_MEANING_002642	Meaning	unrelated	0		plus	candidate_pending_human_review			USF Appendix A	USF:absent-both-directions	store	hang								0.0	0.0	4.913398259546353	5.169513080552714	5.041455670049533	4	3		1	1																																	
CAND_MEANING_002643	Meaning	unrelated	0		plus	candidate_pending_human_review			USF Appendix A	USF:absent-both-directions	darkness	luck								0.0	0.0	4.2427946782781865	5.186745886586502	4.714770282432344	7	3		2	1																																	
CAND_MEANING_002644	Meaning	unrelated	0		plus	candidate_pending_human_review			USF Appendix A	USF:absent-both-directions	brake	noun								0.0	0.0	3.7767296632488496	2.723793588061051	3.25026162565495	4	3		1	1																																	
CAND_MEANING_002645	Meaning	unrelated	0		plus	candidate_pending_human_review			USF Appendix A	USF:absent-both-directions	rest	superior								0.0	0.0	5.328299637597617	4.113943352306837	4.721121494952227	4	7		1	4																																	
CAND_MEANING_002646	Meaning	unrelated	0		plus	candidate_pending_human_review			USF Appendix A	USF:absent-both-directions	measurement	division								0.0	0.0	2.723793588061051	4.268320960303856	3.4960572741824536	8	7		3	3																																	
CAND_MEANING_002647	Meaning	unrelated	0		plus	candidate_pending_human_review			USF Appendix A	USF:absent-both-directions	upstairs	banjo								0.0	0.0	4.849575966220427	3.2115079162781375	4.0305419412492824	7	5		2	2																																	
CAND_MEANING_002648	Meaning	unrelated	0		plus	candidate_pending_human_review			USF Appendix A	USF:absent-both-directions	fancy	church								0.0	0.0	4.542117251707365	4.843025031391392	4.6925711415493785	5	3		2	1																																	
CAND_MEANING_002649	Meaning	unrelated	0		plus	candidate_pending_human_review			USF Appendix A	USF:absent-both-directions	neck	girlfriend								0.0	0.0	4.77458851931334	4.881373466642079	4.827980992977709	3	8		1	2																																	
CAND_MEANING_002650	Meaning	unrelated	0		plus	candidate_pending_human_review			USF Appendix A	USF:absent-both-directions	damn	poet								0.0	0.0	5.4525981168605755	3.9645276818377813	4.708562899349179	3	4		1	2																																	
CAND_MEANING_002651	Meaning	unrelated	0		plus	candidate_pending_human_review			USF Appendix A	USF:absent-both-directions	form	thermometer								0.0	0.0	4.630886317506668	3.3416478465722452	3.986267082039457	4	8		1	4																																	
CAND_MEANING_002652	Meaning	unrelated	0		plus	candidate_pending_human_review			USF Appendix A	USF:absent-both-directions	cards	seat								0.0	0.0	4.681418609026778	4.896439756314294	4.788929182670536	5	3		1	1																																	
CAND_MEANING_002653	Meaning	unrelated	0		plus	candidate_pending_human_review			USF Appendix A	USF:absent-both-directions	cards	bully								0.0	0.0	4.681418609026778	3.8582776425755814	4.26984812580118	5	4		1	2																																	
CAND_MEANING_002654	Meaning	unrelated	0		plus	candidate_pending_human_review			USF Appendix A	USF:absent-both-directions	dine	explanation								0.0	0.0	3.632873938742182	4.302305457614224	3.967589698178203	3	11		1	4																																	
CAND_MEANING_002655	Meaning	unrelated	0		plus	candidate_pending_human_review			USF Appendix A	USF:absent-both-directions	neck	moat								0.0	0.0	4.77458851931334	3.070581074285707	3.9225847967995238	3	3		1	1																																	
CAND_MEANING_002656	Meaning	unrelated	0		plus	candidate_pending_human_review			USF Appendix A	USF:absent-both-directions	component	napkin								0.0	0.0	3.2009148427807133	3.5572476469116	3.379081244846157	9	6		3	2																																	
CAND_MEANING_002657	Meaning	unrelated	0		plus	candidate_pending_human_review			USF Appendix A	USF:absent-both-directions	faint	support								0.0	0.0	3.9672909646398753	4.705226252618607	4.336258608629241	4	6		1	2																																	
CAND_MEANING_002658	Meaning	unrelated	0		plus	candidate_pending_human_review			USF Appendix A	USF:absent-both-directions	foggy	ascend								0.0	0.0	3.1119737594439325	2.9645276818377813	3.038250720640857	4	5		2	2																																	
CAND_MEANING_002659	Meaning	unrelated	0		plus	candidate_pending_human_review			USF Appendix A	USF:absent-both-directions	please	silly								0.0	0.0	6.041771849889581	4.756621194543063	5.399196522216322	4	4		1	2																																	
CAND_MEANING_002660	Meaning	unrelated	0		plus	candidate_pending_human_review			USF Appendix A	USF:absent-both-directions	store	wasp								0.0	0.0	4.913398259546353	3.1557526840225196	4.034575471784437	4	4		1	1																																	
CAND_MEANING_002661	Meaning	unrelated	0		plus	candidate_pending_human_review			USF Appendix A	USF:absent-both-directions	damn	example								0.0	0.0	5.4525981168605755	4.476268860958485	4.96443348890953	3	8		1	3																																	
CAND_MEANING_002662	Meaning	unrelated	0		plus	candidate_pending_human_review			USF Appendix A	USF:absent-both-directions	rest	figure								0.0	0.0	5.328299637597617	5.111842135111388	5.2200708863545024	4	5		1	2																																	
CAND_MEANING_002663	Meaning	unrelated	0		plus	candidate_pending_human_review			USF Appendix A	USF:absent-both-directions	faint	curse								0.0	0.0	3.9672909646398753	4.260445537895706	4.113868251267791	4	3		1	1																																	
CAND_MEANING_002664	Meaning	unrelated	0		plus	candidate_pending_human_review			USF Appendix A	USF:absent-both-directions	hostage	quarrel								0.0	0.0	4.163418637662639	3.748795857031107	3.956107247346873	6	6		2	2																																	
CAND_MEANING_002665	Meaning	unrelated	0		plus	candidate_pending_human_review			USF Appendix A	USF:absent-both-directions	wave	tradition								0.0	0.0	4.327459106104431	4.135662602000073	4.231560854052252	3	8		1	3																																	
CAND_MEANING_002666	Meaning	unrelated	0		plus	candidate_pending_human_review			USF Appendix A	USF:absent-both-directions	shampoo	tonic								0.0	0.0	3.624868283817669	3.5824644352645816	3.6036663595411254	5	5		2	2																																	
CAND_MEANING_002667	Meaning	unrelated	0		plus	candidate_pending_human_review			USF Appendix A	USF:absent-both-directions	horse	mastery								0.0	0.0	4.96793320863002	2.75482782180102	3.86138051521552	4	6		1	3																																	
CAND_MEANING_002668	Meaning	unrelated	0		plus	candidate_pending_human_review			USF Appendix A	USF:absent-both-directions	electrician	paper								0.0	0.0	3.173243416182855	5.014322840117021	4.093783128149938	10	4		4	2																																	
CAND_MEANING_002669	Meaning	unrelated	0		plus	candidate_pending_human_review			USF Appendix A	USF:absent-both-directions	racket	jaw								0.0	0.0	3.871069033870136	3.8535312075511197	3.8623001207106276	5	2		2	1																																	
CAND_MEANING_002670	Meaning	unrelated	0		plus	candidate_pending_human_review			USF Appendix A	USF:absent-both-directions	server	pane								0.0	0.0	3.5934598195660445	2.6726410656136697	3.133050442589857	4	3		2	1																																	
CAND_MEANING_002671	Meaning	unrelated	0		plus	candidate_pending_human_review			USF Appendix A	USF:absent-both-directions	snob	compliment								0.0	0.0	3.337752802688721	4.0109315127693375	3.674342157729029	4	10		1	3																																	
CAND_MEANING_002672	Meaning	unrelated	0		plus	candidate_pending_human_review			USF Appendix A	USF:absent-both-directions	neck	beg								0.0	0.0	4.77458851931334	4.7074031718728815	4.740995845593111	3	3		1	1																																	
CAND_MEANING_002673	Meaning	unrelated	0		plus	candidate_pending_human_review			USF Appendix A	USF:absent-both-directions	faint	prove								0.0	0.0	3.9672909646398753	4.847524272480383	4.407407618560129	4	4		1	1																																	
CAND_MEANING_002674	Meaning	unrelated	0		plus	candidate_pending_human_review			USF Appendix A	USF:absent-both-directions	trot	obtain								0.0	0.0	3.256217651247619	3.5711834248548926	3.4137005380512555	4	5		1	2																																	
CAND_MEANING_002675	Meaning	unrelated	0		plus	candidate_pending_human_review			USF Appendix A	USF:absent-both-directions	sash	cousin								0.0	0.0	3.055857817465001	4.68880355143857	3.8723306844517857	3	5		1	2																																	
CAND_MEANING_002676	Meaning	unrelated	0		plus	candidate_pending_human_review			USF Appendix A	USF:absent-both-directions	wave	grandparents								0.0	0.0	4.327459106104431	3.6228435972512543	3.9751513516778427	3	12		1	3																																	
CAND_MEANING_002677	Meaning	unrelated	0		plus	candidate_pending_human_review			USF Appendix A	USF:absent-both-directions	foggy	professional								0.0	0.0	3.1119737594439325	4.508859654778314	3.8104167071111235	4	10		2	4																																	
CAND_MEANING_002678	Meaning	unrelated	0		plus	candidate_pending_human_review			USF Appendix A	USF:absent-both-directions	fancy	cushion								0.0	0.0	4.542117251707365	3.3338225090602887	3.937969880383827	5	5		2	2																																	
CAND_MEANING_002679	Meaning	unrelated	0		plus	candidate_pending_human_review			USF Appendix A	USF:absent-both-directions	damn	elbow								0.0	0.0	5.4525981168605755	3.787974161448512	4.620286139154544	3	4		1	2																																	
CAND_MEANING_002680	Meaning	unrelated	0		plus	candidate_pending_human_review			USF Appendix A	USF:absent-both-directions	trend	office								0.0	0.0	3.3177356891668337	5.309421402108269	4.313578545637551	5	4		1	2																																	
CAND_MEANING_002681	Meaning	unrelated	0		plus	candidate_pending_human_review			USF Appendix A	USF:absent-both-directions	cards	shoe								0.0	0.0	4.681418609026778	4.482761522072355	4.582090065549567	5	2		1	1																																	
CAND_MEANING_002682	Meaning	unrelated	0		plus	candidate_pending_human_review			USF Appendix A	USF:absent-both-directions	darkness	caress								0.0	0.0	4.2427946782781865	3.131278914639319	3.6870367964587527	7	4		2	2																																	
CAND_MEANING_002683	Meaning	unrelated	0		plus	candidate_pending_human_review			USF Appendix A	USF:absent-both-directions	fancy	irritating								0.0	0.0	4.542117251707365	3.337752802688721	3.939935027198043	5	8		2	4																																	
CAND_MEANING_002684	Meaning	unrelated	0		plus	candidate_pending_human_review			USF Appendix A	USF:absent-both-directions	reason	majority								0.0	0.0	5.2862186377207685	3.7090703312403446	4.497644484480556	5	8		2	4																																	
CAND_MEANING_002685	Meaning	unrelated	0		plus	candidate_pending_human_review			USF Appendix A	USF:absent-both-directions	foot	state								0.0	0.0	4.812389004654132	5.032792513396307	4.922590759025219	3	4		1	1																																	
CAND_MEANING_002686	Meaning	unrelated	0		plus	candidate_pending_human_review			USF Appendix A	USF:absent-both-directions	faint	wear								0.0	0.0	3.9672909646398753	5.038752588992017	4.503021776815946	4	3		1	1																																	
CAND_MEANING_002687	Meaning	unrelated	0		plus	candidate_pending_human_review			USF Appendix A	USF:absent-both-directions	trend	sash								0.0	0.0	3.3177356891668337	3.055857817465001	3.1867967533159174	5	3		1	1																																	
CAND_MEANING_002688	Meaning	unrelated	0		plus	candidate_pending_human_review			USF Appendix A	USF:absent-both-directions	rest	fond								0.0	0.0	5.328299637597617	4.091080469347332	4.709690053472475	4	4		1	1																																	
CAND_MEANING_002689	Meaning	unrelated	0		plus	candidate_pending_human_review			USF Appendix A	USF:absent-both-directions	claw	believe								0.0	0.0	3.6407346869502244	5.795975381347574	4.7183550341489	3	5		1	2																																	
CAND_MEANING_002690	Meaning	unrelated	0		plus	candidate_pending_human_review			USF Appendix A	USF:absent-both-directions	diaper	wrong								0.0	0.0	3.6308863175066683	5.718583092118043	4.674734704812355	4	3		2	1																																	
CAND_MEANING_002691	Meaning	unrelated	0		plus	candidate_pending_human_review			USF Appendix A	USF:absent-both-directions	sales	infant								0.0	0.0	4.1040048297726575	3.624868283817669	3.8644365567951633	4	6		1	2																																	
CAND_MEANING_002692	Meaning	unrelated	0		plus	candidate_pending_human_review			USF Appendix A	USF:absent-both-directions	school	tower								0.0	0.0	5.5225976402482555	4.358755749264102	4.940676694756179	4	3		1	2																																	
CAND_MEANING_002693	Meaning	unrelated	0		plus	candidate_pending_human_review			USF Appendix A	USF:absent-both-directions	please	thesis								0.0	0.0	6.041771849889581	3.5329790721846632	4.787375461037122	4	5		1	2																																	
CAND_MEANING_002694	Meaning	unrelated	0		plus	candidate_pending_human_review			USF Appendix A	USF:absent-both-directions	rest	obsession								0.0	0.0	5.328299637597617	3.7533276666586115	4.540813652128114	4	7		1	3																																	
CAND_MEANING_002695	Meaning	unrelated	0		plus	candidate_pending_human_review			USF Appendix A	USF:absent-both-directions	diaper	barn								0.0	0.0	3.6308863175066683	4.133163058513871	3.8820246880102696	4	4		2	1																																	
CAND_MEANING_002696	Meaning	unrelated	0		plus	candidate_pending_human_review			USF Appendix A	USF:absent-both-directions	sales	support								0.0	0.0	4.1040048297726575	4.705226252618607	4.404615541195632	4	6		1	2																																	
CAND_MEANING_002697	Meaning	unrelated	0		plus	candidate_pending_human_review			USF Appendix A	USF:absent-both-directions	fad	alligator								0.0	0.0	2.883494430928563	3.542849826210958	3.2131721285697603	3	7		1	4																																	
CAND_MEANING_002698	Meaning	unrelated	0		plus	candidate_pending_human_review			USF Appendix A	USF:absent-both-directions	brave	invent								0.0	0.0	4.501139843808465	3.6634976861738	4.0823187649911326	4	6		1	2																																	
CAND_MEANING_002699	Meaning	unrelated	0		plus	candidate_pending_human_review			USF Appendix A	USF:absent-both-directions	garage	tax								0.0	0.0	4.4348192900209	4.162833729181091	4.298826509600995	4	4		2	1																																	
CAND_MEANING_002700	Meaning	unrelated	0		plus	candidate_pending_human_review			USF Appendix A	USF:absent-both-directions	please	stuck								0.0	0.0	6.041771849889581	4.823780988485123	5.432776419187352	4	4		1	1																																	
CAND_MEANING_002701	Meaning	unrelated	0		plus	candidate_pending_human_review			USF Appendix A	USF:absent-both-directions	foggy	tribe								0.0	0.0	3.1119737594439325	3.8043131848809377	3.458143472162435	4	4		2	1																																	
CAND_MEANING_002702	Meaning	unrelated	0		plus	candidate_pending_human_review			USF Appendix A	USF:absent-both-directions	component	plants								0.0	0.0	3.2009148427807133	3.980849645904774	3.590882244342744	9	6		3	1																																	
CAND_MEANING_002703	Meaning	unrelated	0		plus	candidate_pending_human_review			USF Appendix A	USF:absent-both-directions	brake	tricycle								0.0	0.0	3.7767296632488496	2.723793588061051	3.25026162565495	4	8		1	3																																	
CAND_MEANING_002704	Meaning	unrelated	0		plus	candidate_pending_human_review			USF Appendix A	USF:absent-both-directions	foggy	flashlight								0.0	0.0	3.1119737594439325	3.7724367668592143	3.4422052631515734	4	7		2	2																																	
CAND_MEANING_002705	Meaning	unrelated	0		plus	candidate_pending_human_review			USF Appendix A	USF:absent-both-directions	trend	safari								0.0	0.0	3.3177356891668337	3.3177356891668337	3.3177356891668337	5	6		1	3																																	
CAND_MEANING_002706	Meaning	unrelated	0		plus	candidate_pending_human_review			USF Appendix A	USF:absent-both-directions	upstairs	hole								0.0	0.0	4.849575966220427	4.765040021498108	4.8073079938592675	7	3		2	1																																	
CAND_MEANING_002707	Meaning	unrelated	0		plus	candidate_pending_human_review			USF Appendix A	USF:absent-both-directions	fad	library								0.0	0.0	2.883494430928563	4.360615685648225	3.622055058288394	3	7		1	3																																	
CAND_MEANING_002708	Meaning	unrelated	0		plus	candidate_pending_human_review			USF Appendix A	USF:absent-both-directions	brake	dune								0.0	0.0	3.7767296632488496	3.0	3.3883648316244246	4	3		1	1																																	
CAND_MEANING_002709	Meaning	unrelated	0		plus	candidate_pending_human_review			USF Appendix A	USF:absent-both-directions	damn	horror								0.0	0.0	5.4525981168605755	3.9626756769761875	4.707636896918381	3	4		1	2																																	
CAND_MEANING_002710	Meaning	unrelated	0		plus	candidate_pending_human_review			USF Appendix A	USF:absent-both-directions	server	exact								0.0	0.0	3.5934598195660445	4.354635632721776	3.9740477261439104	4	6		2	2																																	
CAND_MEANING_002711	Meaning	unrelated	0		plus	candidate_pending_human_review			USF Appendix A	USF:absent-both-directions	measurement	crow								0.0	0.0	2.723793588061051	3.6484556810951863	3.1861246345781185	8	3		3	1																																	
CAND_MEANING_002712	Meaning	unrelated	0		plus	candidate_pending_human_review			USF Appendix A	USF:absent-both-directions	trend	percent								0.0	0.0	3.3177356891668337	4.410694549991543	3.8642151195791885	5	6		1	2																																	
CAND_MEANING_002713	Meaning	unrelated	0		plus	candidate_pending_human_review			USF Appendix A	USF:absent-both-directions	oil	sinker								0.0	0.0	4.613613851204378	2.7395878552442827	3.6766008532243304	2	5		1	2																																	
CAND_MEANING_002714	Meaning	unrelated	0		plus	candidate_pending_human_review			USF Appendix A	USF:absent-both-directions	racket	helium								0.0	0.0	3.871069033870136	3.1557526840225196	3.5134108589463278	5	6		2	3																																	
CAND_MEANING_002715	Meaning	unrelated	0		plus	candidate_pending_human_review			USF Appendix A	USF:absent-both-directions	wave	feast								0.0	0.0	4.327459106104431	3.8264559299581986	4.076957518031315	3	4		1	1																																	
CAND_MEANING_002716	Meaning	unrelated	0		plus	candidate_pending_human_review			USF Appendix A	USF:absent-both-directions	clog	grasshopper								0.0	0.0	2.905213680621799	2.9645276818377813	2.93487068122979	4	8		1	3																																	
CAND_MEANING_002717	Meaning	unrelated	0		plus	candidate_pending_human_review			USF Appendix A	USF:absent-both-directions	cards	influence								0.0	0.0	4.681418609026778	4.169801169771838	4.425609889399308	5	8		1	3																																	
CAND_MEANING_002718	Meaning	unrelated	0		plus	candidate_pending_human_review			USF Appendix A	USF:absent-both-directions	damn	confess								0.0	0.0	5.4525981168605755	4.19984118467665	4.826219650768612	3	6		1	2																																	
CAND_MEANING_002719	Meaning	unrelated	0		plus	candidate_pending_human_review			USF Appendix A	USF:absent-both-directions	fad	emperor								0.0	0.0	2.883494430928563	4.131278914639319	3.507386672783941	3	5		1	3																																	
CAND_MEANING_002720	Meaning	unrelated	0		plus	candidate_pending_human_review			USF Appendix A	USF:absent-both-directions	pay	feather								0.0	0.0	5.405871777867385	3.8213465241797184	4.613609151023551	2	4		1	2																																	
CAND_MEANING_002721	Meaning	unrelated	0		plus	candidate_pending_human_review			USF Appendix A	USF:absent-both-directions	dine	remorse								0.0	0.0	3.632873938742182	3.479950544738527	3.5564122417403543	3	6		1	2																																	
CAND_MEANING_002722	Meaning	unrelated	0		plus	candidate_pending_human_review			USF Appendix A	USF:absent-both-directions	darkness	cattle								0.0	0.0	4.2427946782781865	4.121089720437384	4.181942199357785	7	5		2	2																																	
CAND_MEANING_002723	Meaning	unrelated	0		plus	candidate_pending_human_review			USF Appendix A	USF:absent-both-directions	brake	tendency								0.0	0.0	3.7767296632488496	3.4323089103033	3.6045192867760747	4	8		1	3																																	
CAND_MEANING_002724	Meaning	unrelated	0		plus	candidate_pending_human_review			USF Appendix A	USF:absent-both-directions	pay	runner								0.0	0.0	5.405871777867385	3.6955503450778817	4.550711061472633	2	4		1	2																																	
CAND_MEANING_002725	Meaning	unrelated	0		plus	candidate_pending_human_review			USF Appendix A	USF:absent-both-directions	brake	restore								0.0	0.0	3.7767296632488496	3.6955503450778817	3.7361400041633654	4	6		1	2																																	
CAND_MEANING_002726	Meaning	unrelated	0		plus	candidate_pending_human_review			USF Appendix A	USF:absent-both-directions	trot	consider								0.0	0.0	3.256217651247619	4.719915932997849	3.988066792122734	4	7		1	3																																	
CAND_MEANING_002727	Meaning	unrelated	0		plus	candidate_pending_human_review			USF Appendix A	USF:absent-both-directions	oil	unaware								0.0	0.0	4.613613851204378	3.3716110699496884	3.9926124605770332	2	6		1	3																																	
CAND_MEANING_002728	Meaning	unrelated	0		plus	candidate_pending_human_review			USF Appendix A	USF:absent-both-directions	suck	ledge								0.0	0.0	4.542605771985989	3.5452828548819566	4.043944313433973	3	3		1	1																																	
CAND_MEANING_002729	Meaning	unrelated	0		plus	candidate_pending_human_review			USF Appendix A	USF:absent-both-directions	foggy	witness								0.0	0.0	3.1119737594439325	4.710896844848664	3.911435302146298	4	6		2	2																																	
CAND_MEANING_002730	Meaning	unrelated	0		plus	candidate_pending_human_review			USF Appendix A	USF:absent-both-directions	electrician	flunk								0.0	0.0	3.173243416182855	3.256217651247619	3.2147305337152368	10	5		4	1																																	
CAND_MEANING_002731	Meaning	unrelated	0		plus	candidate_pending_human_review			USF Appendix A	USF:absent-both-directions	garage	starve								0.0	0.0	4.4348192900209	3.7893594719752786	4.112089380998089	4	5		2	1																																	
CAND_MEANING_002732	Meaning	unrelated	0		plus	candidate_pending_human_review			USF Appendix A	USF:absent-both-directions	cards	scare								0.0	0.0	4.681418609026778	4.525933584243198	4.603676096634988	5	4		1	1																																	
CAND_MEANING_002733	Meaning	unrelated	0		plus	candidate_pending_human_review			USF Appendix A	USF:absent-both-directions	neck	deep								0.0	0.0	4.77458851931334	4.8830487721086415	4.8288186457109905	3	3		1	1																																	
CAND_MEANING_002734	Meaning	unrelated	0		plus	candidate_pending_human_review			USF Appendix A	USF:absent-both-directions	darkness	lake								0.0	0.0	4.2427946782781865	4.556302500767288	4.3995485895227375	7	3		2	1																																	
CAND_MEANING_002735	Meaning	unrelated	0		plus	candidate_pending_human_review			USF Appendix A	USF:absent-both-directions	foggy	ending								0.0	0.0	3.1119737594439325	4.201985853143239	3.656979806293586	4	5		2	2																																	
CAND_MEANING_002736	Meaning	unrelated	0		plus	candidate_pending_human_review			USF Appendix A	USF:absent-both-directions	foot	clamp								0.0	0.0	4.812389004654132	3.8364978682523394	4.324443436453236	3	5		1	1																																	
CAND_MEANING_002737	Meaning	unrelated	0		plus	candidate_pending_human_review			USF Appendix A	USF:absent-both-directions	addiction	selection								0.0	0.0	3.59128290031177	3.657917808792963	3.6246003545523666	7	8		3	3																																	
CAND_MEANING_002738	Meaning	unrelated	0		plus	candidate_pending_human_review			USF Appendix A	USF:absent-both-directions	reason	creature								0.0	0.0	5.2862186377207685	4.330652462270782	4.808435549995775	5	5		2	2																																	
CAND_MEANING_002739	Meaning	unrelated	0		plus	candidate_pending_human_review			USF Appendix A	USF:absent-both-directions	garage	pump								0.0	0.0	4.4348192900209	4.101989538537332	4.268404414279116	4	4		2	1																																	
CAND_MEANING_002740	Meaning	unrelated	0		plus	candidate_pending_human_review			USF Appendix A	USF:absent-both-directions	measurement	justify								0.0	0.0	2.723793588061051	3.7006697892139133	3.212231688637482	8	7		3	3																																	
CAND_MEANING_002741	Meaning	unrelated	0		plus	candidate_pending_human_review			USF Appendix A	USF:absent-both-directions	form	bracelet								0.0	0.0	4.630886317506668	3.8923128959757514	4.26159960674121	4	7		1	2																																	
CAND_MEANING_002742	Meaning	unrelated	0		plus	candidate_pending_human_review			USF Appendix A	USF:absent-both-directions	foot	zest								0.0	0.0	4.812389004654132	2.8364978682523394	3.824443436453236	3	4		1	1																																	
CAND_MEANING_002743	Meaning	unrelated	0		plus	candidate_pending_human_review			USF Appendix A	USF:absent-both-directions	rest	addition								0.0	0.0	5.328299637597617	3.889026919528524	4.60866327856307	4	6		1	3																																	
CAND_MEANING_002744	Meaning	unrelated	0		plus	candidate_pending_human_review			USF Appendix A	USF:absent-both-directions	claw	parrot								0.0	0.0	3.6407346869502244	3.515146295049647	3.5779404909999357	3	5		1	2																																	
CAND_MEANING_002745	Meaning	unrelated	0		plus	candidate_pending_human_review			USF Appendix A	USF:absent-both-directions	addiction	affect								0.0	0.0	3.59128290031177	4.0467781596130825	3.8190305299624265	7	5		3	2																																	
CAND_MEANING_002746	Meaning	unrelated	0		plus	candidate_pending_human_review			USF Appendix A	USF:absent-both-directions	suck	almond								0.0	0.0	4.542605771985989	3.040617850908264	3.7916118114471264	3	5		1	2																																	
CAND_MEANING_002747	Meaning	unrelated	0		plus	candidate_pending_human_review			USF Appendix A	USF:absent-both-directions	flask	noon								0.0	0.0	3.048304679574555	4.258101795122171	3.6532032373483627	5	3		1	1																																	
CAND_MEANING_002748	Meaning	unrelated	0		plus	candidate_pending_human_review			USF Appendix A	USF:absent-both-directions	snob	binder								0.0	0.0	3.337752802688721	2.883494430928563	3.110623616808642	4	5		1	2																																	
CAND_MEANING_002749	Meaning	unrelated	0		plus	candidate_pending_human_review			USF Appendix A	USF:absent-both-directions	wary	eager								0.0	0.0	2.872213420518874	3.8364978682523394	3.3543556443856066	4	3		2	2																																	
CAND_MEANING_002750	Meaning	unrelated	0		plus	candidate_pending_human_review			USF Appendix A	USF:absent-both-directions	darkness	soccer								0.0	0.0	4.2427946782781865	4.098609797885951	4.170702238082068	7	4		2	2																																	
CAND_MEANING_002751	Meaning	unrelated	0		plus	candidate_pending_human_review			USF Appendix A	USF:absent-both-directions	brave	mole								0.0	0.0	4.501139843808465	3.9062716457781326	4.203705744793298	4	3		1	1																																	
CAND_MEANING_002752	Meaning	unrelated	0		plus	candidate_pending_human_review			USF Appendix A	USF:absent-both-directions	wave	class								0.0	0.0	4.327459106104431	5.069493978644493	4.698476542374462	3	4		1	1																																	
CAND_MEANING_002753	Meaning	unrelated	0		plus	candidate_pending_human_review			USF Appendix A	USF:absent-both-directions	trend	newspaper								0.0	0.0	3.3177356891668337	4.374496758187177	3.8461162236770052	5	7		1	3																																	
CAND_MEANING_002754	Meaning	unrelated	0		plus	candidate_pending_human_review			USF Appendix A	USF:absent-both-directions	brake	pun								0.0	0.0	3.7767296632488496	3.2655576775017625	3.521143670375306	4	3		1	1																																	
CAND_MEANING_002755	Meaning	unrelated	0		plus	candidate_pending_human_review			USF Appendix A	USF:absent-both-directions	racket	grizzly								0.0	0.0	3.871069033870136	3.2701534291909113	3.5706112315305236	5	6		2	2																																	
CAND_MEANING_002756	Meaning	unrelated	0		plus	candidate_pending_human_review			USF Appendix A	USF:absent-both-directions	store	yummy								0.0	0.0	4.913398259546353	3.6503646709025173	4.281881465224435	4	4		1	2																																	
CAND_MEANING_002757	Meaning	unrelated	0		plus	candidate_pending_human_review			USF Appendix A	USF:absent-both-directions	claw	rung								0.0	0.0	3.6407346869502244	3.1436881726211388	3.3922114297856814	3	3		1	1																																	
CAND_MEANING_002758	Meaning	unrelated	0		plus	candidate_pending_human_review			USF Appendix A	USF:absent-both-directions	component	jet								0.0	0.0	3.2009148427807133	4.150365088621493	3.6756399657011034	9	3		3	1																																	
CAND_MEANING_002759	Meaning	unrelated	0		plus	candidate_pending_human_review			USF Appendix A	USF:absent-both-directions	measurement	cleaning								0.0	0.0	2.723793588061051	4.3557631828538135	3.5397783854574323	8	6		3	2																																	
CAND_MEANING_002760	Meaning	unrelated	0		plus	candidate_pending_human_review			USF Appendix A	USF:absent-both-directions	trot	rope								0.0	0.0	3.256217651247619	4.356138383293481	3.80617801727055	4	3		1	1																																	
CAND_MEANING_002761	Meaning	unrelated	0		plus	candidate_pending_human_review			USF Appendix A	USF:absent-both-directions	diaper	calcium								0.0	0.0	3.6308863175066683	3.2466723333413885	3.4387793254240284	4	7		2	3																																	
CAND_MEANING_002762	Meaning	unrelated	0		plus	candidate_pending_human_review			USF Appendix A	USF:absent-both-directions	garage	squash								0.0	0.0	4.4348192900209	3.6407346869502244	4.037776988485562	4	5		2	1																																	
CAND_MEANING_002763	Meaning	unrelated	0		plus	candidate_pending_human_review			USF Appendix A	USF:absent-both-directions	birthday	vote								0.0	0.0	4.987736346333866	4.53571596998551	4.761726158159688	5	3		2	1																																	
CAND_MEANING_002764	Meaning	unrelated	0		plus	candidate_pending_human_review			USF Appendix A	USF:absent-both-directions	pay	folly								0.0	0.0	5.405871777867385	3.16166154363304	4.283766660750213	2	4		1	2																																	
CAND_MEANING_002765	Meaning	unrelated	0		plus	candidate_pending_human_review			USF Appendix A	USF:absent-both-directions	damn	formula								0.0	0.0	5.4525981168605755	3.895574196522246	4.674086156691411	3	8		1	3																																	
CAND_MEANING_002766	Meaning	unrelated	0		plus	candidate_pending_human_review			USF Appendix A	USF:absent-both-directions	brave	prestige								0.0	0.0	4.501139843808465	3.1375278639163207	3.8193338538623927	4	7		1	2																																	
CAND_MEANING_002767	Meaning	unrelated	0		plus	candidate_pending_human_review			USF Appendix A	USF:absent-both-directions	neck	humor								0.0	0.0	4.77458851931334	4.2213375141460165	4.4979630167296785	3	5		1	2																																	
CAND_MEANING_002768	Meaning	unrelated	0		plus	candidate_pending_human_review			USF Appendix A	USF:absent-both-directions	server	trigger								0.0	0.0	3.5934598195660445	4.227432975355718	3.9104463974608814	4	5		2	2																																	
CAND_MEANING_002769	Meaning	unrelated	0		plus	candidate_pending_human_review			USF Appendix A	USF:absent-both-directions	rim	rot								0.0	0.0	3.38933983691012	3.887926045727638	3.638632941318879	3	3		1	1																																	
CAND_MEANING_002770	Meaning	unrelated	0		plus	candidate_pending_human_review			USF Appendix A	USF:absent-both-directions	brake	scrambled								0.0	0.0	3.7767296632488496	3.857095888154153	3.8169127757015016	4	9		1	2																																	
CAND_MEANING_002771	Meaning	unrelated	0		plus	candidate_pending_human_review			USF Appendix A	USF:absent-both-directions	hostage	snot								0.0	0.0	4.163418637662639	3.325853579389013	3.7446361085258264	6	4		2	1																																	
CAND_MEANING_002772	Meaning	unrelated	0		plus	candidate_pending_human_review			USF Appendix A	USF:absent-both-directions	electrician	adorable								0.0	0.0	3.173243416182855	4.022404109601619	3.5978237628922374	10	8		4	4																																	
CAND_MEANING_002773	Meaning	unrelated	0		plus	candidate_pending_human_review			USF Appendix A	USF:absent-both-directions	store	animals								0.0	0.0	4.913398259546353	4.591937122602551	4.752667691074452	4	7		1	3																																	
CAND_MEANING_002774	Meaning	unrelated	0		plus	candidate_pending_human_review			USF Appendix A	USF:absent-both-directions	birthday	beach								0.0	0.0	4.987736346333866	4.753027012799665	4.870381679566766	5	3		2	1																																	
CAND_MEANING_002775	Meaning	unrelated	0		plus	candidate_pending_human_review			USF Appendix A	USF:absent-both-directions	server	proprietor								0.0	0.0	3.5934598195660445	3.070581074285707	3.332020446925876	4	9		2	4																																	
CAND_MEANING_002776	Meaning	unrelated	0		plus	candidate_pending_human_review			USF Appendix A	USF:absent-both-directions	pull	copper								0.0	0.0	5.165692283340791	3.818769101291908	4.492230692316349	3	4		1	2																																	
CAND_MEANING_002777	Meaning	unrelated	0		plus	candidate_pending_human_review			USF Appendix A	USF:absent-both-directions	snob	father								0.0	0.0	3.337752802688721	5.7438938718076695	4.540823337248195	4	4		1	2																																	
CAND_MEANING_002778	Meaning	unrelated	0		plus	candidate_pending_human_review			USF Appendix A	USF:absent-both-directions	store	cent								0.0	0.0	4.913398259546353	3.976376954653576	4.4448876070999646	4	4		1	1																																	
CAND_MEANING_002779	Meaning	unrelated	0		plus	candidate_pending_human_review			USF Appendix A	USF:absent-both-directions	pull	speech								0.0	0.0	5.165692283340791	4.58023155383229	4.87296191858654	3	4		1	1																																	
CAND_MEANING_002780	Meaning	unrelated	0		plus	candidate_pending_human_review			USF Appendix A	USF:absent-both-directions	electrician	palace								0.0	0.0	3.173243416182855	4.283212515705202	3.7282279659440283	10	5		4	2																																	
CAND_MEANING_002781	Meaning	unrelated	0		plus	candidate_pending_human_review			USF Appendix A	USF:absent-both-directions	store	haircut								0.0	0.0	4.913398259546353	3.9248871160867878	4.419142687816571	4	6		1	2																																	
CAND_MEANING_002782	Meaning	unrelated	0		plus	candidate_pending_human_review			USF Appendix A	USF:absent-both-directions	horse	accurate								0.0	0.0	4.96793320863002	3.894489815230026	4.431211511930023	4	6		1	3																																	
CAND_MEANING_002783	Meaning	unrelated	0		plus	candidate_pending_human_review			USF Appendix A	USF:absent-both-directions	fad	wrist								0.0	0.0	2.883494430928563	4.0142404391146105	3.4488674350215867	3	4		1	1																																	
CAND_MEANING_002784	Meaning	unrelated	0		plus	candidate_pending_human_review			USF Appendix A	USF:absent-both-directions	wary	lottery								0.0	0.0	2.872213420518874	3.8289882664735937	3.3506008434962338	4	5		2	3																																	
CAND_MEANING_002785	Meaning	unrelated	0		plus	candidate_pending_human_review			USF Appendix A	USF:absent-both-directions	component	starch								0.0	0.0	3.2009148427807133	3.131278914639319	3.1660968787100163	9	5		3	1																																	
CAND_MEANING_002786	Meaning	unrelated	0		plus	candidate_pending_human_review			USF Appendix A	USF:absent-both-directions	calculator	ruler								0.0	0.0	3.1119737594439325	3.5019448384446945	3.3069592989443137	10	4		4	2																																	
CAND_MEANING_002787	Meaning	unrelated	0		plus	candidate_pending_human_review			USF Appendix A	USF:absent-both-directions	sales	saliva								0.0	0.0	4.1040048297726575	3.42276359239707	3.7633842110848637	4	6		1	3																																	
CAND_MEANING_002788	Meaning	unrelated	0		plus	candidate_pending_human_review			USF Appendix A	USF:absent-both-directions	birthday	drug								0.0	0.0	4.987736346333866	4.655289126860744	4.821512736597305	5	4		2	1																																	
CAND_MEANING_002789	Meaning	unrelated	0		plus	candidate_pending_human_review			USF Appendix A	USF:absent-both-directions	suck	stare								0.0	0.0	4.542605771985989	3.998293536185983	4.270449654085986	3	4		1	1																																	
CAND_MEANING_002790	Meaning	unrelated	0		plus	candidate_pending_human_review			USF Appendix A	USF:absent-both-directions	garage	helpful								0.0	0.0	4.4348192900209	4.084120472922182	4.25946988147154	4	7		2	2																																	
CAND_MEANING_002791	Meaning	unrelated	0		plus	candidate_pending_human_review			USF Appendix A	USF:absent-both-directions	wary	ending								0.0	0.0	2.872213420518874	4.201985853143239	3.5370996368310568	4	5		2	2																																	
CAND_MEANING_002792	Meaning	unrelated	0		plus	candidate_pending_human_review			USF Appendix A	USF:absent-both-directions	foggy	tea								0.0	0.0	3.1119737594439325	4.768101012226493	3.940037385835213	4	2		2	1																																	
CAND_MEANING_002793	Meaning	unrelated	0		plus	candidate_pending_human_review			USF Appendix A	USF:absent-both-directions	trend	cauliflower								0.0	0.0	3.3177356891668337	2.7395878552442827	3.028661772205558	5	8		1	4																																	
CAND_MEANING_002794	Meaning	unrelated	0		plus	candidate_pending_human_review			USF Appendix A	USF:absent-both-directions	upstairs	ego								0.0	0.0	4.849575966220427	3.8744931868137726	4.3620345765171	7	3		2	2																																	
CAND_MEANING_002795	Meaning	unrelated	0		plus	candidate_pending_human_review			USF Appendix A	USF:absent-both-directions	foggy	damn								0.0	0.0	3.1119737594439325	5.4525981168605755	4.2822859381522544	4	3		2	1																																	
CAND_MEANING_002796	Meaning	unrelated	0		plus	candidate_pending_human_review			USF Appendix A	USF:absent-both-directions	conscious	grief								0.0	0.0	3.8327592986929373	4.034368901631263	3.9335641001621	6	4		2	1																																	
CAND_MEANING_002797	Meaning	unrelated	0		plus	candidate_pending_human_review			USF Appendix A	USF:absent-both-directions	neck	strange								0.0	0.0	4.77458851931334	4.936671409745792	4.855629964529566	3	6		1	1																																	
CAND_MEANING_002798	Meaning	unrelated	0		plus	candidate_pending_human_review			USF Appendix A	USF:absent-both-directions	darkness	jug								0.0	0.0	4.2427946782781865	3.4195346222668714	3.831164650272529	7	3		2	1																																	
CAND_MEANING_002799	Meaning	unrelated	0		plus	candidate_pending_human_review			USF Appendix A	USF:absent-both-directions	garage	anything								0.0	0.0	4.4348192900209	5.957729323401961	5.19627430671143	4	6		2	3																																	
CAND_MEANING_002800	Meaning	unrelated	0		plus	candidate_pending_human_review			USF Appendix A	USF:absent-both-directions	upstairs	home								0.0	0.0	4.849575966220427	5.8889279550805735	5.3692519606505	7	3		2	1																																	
CAND_MEANING_002801	Meaning	unrelated	0		plus	candidate_pending_human_review			USF Appendix A	USF:absent-both-directions	server	make								0.0	0.0	3.5934598195660445	6.142309701939205	4.8678847607526246	4	3		2	1																																	
CAND_MEANING_002802	Meaning	unrelated	0		plus	candidate_pending_human_review			USF Appendix A	USF:absent-both-directions	trend	etiquette								0.0	0.0	3.3177356891668337	3.274701056941632	3.296218373054233	5	6		1	3																																	
CAND_MEANING_002803	Meaning	unrelated	0		plus	candidate_pending_human_review			USF Appendix A	USF:absent-both-directions	school	instruction								0.0	0.0	5.5225976402482555	3.3052670486072357	4.413932344427746	4	10		1	3																																	
CAND_MEANING_002804	Meaning	unrelated	0		plus	candidate_pending_human_review			USF Appendix A	USF:absent-both-directions	neck	used								0.0	0.0	4.77458851931334	5.53673169012324	5.15566010471829	3	4		1	1																																	
CAND_MEANING_002805	Meaning	unrelated	0		plus	candidate_pending_human_review			USF Appendix A	USF:absent-both-directions	conscious	some								0.0	0.0	3.8327592986929373	6.2373515037379	5.035055401215418	6	3		2	1																																	
CAND_MEANING_002806	Meaning	unrelated	0		plus	candidate_pending_human_review			USF Appendix A	USF:absent-both-directions	sash	cuff								0.0	0.0	3.055857817465001	3.756322812887971	3.406090315176486	3	3		1	1																																	
CAND_MEANING_002807	Meaning	unrelated	0		plus	candidate_pending_human_review			USF Appendix A	USF:absent-both-directions	electrician	supermarket								0.0	0.0	3.173243416182855	3.6989700043360187	3.4361067102594367	10	10		4	4																																	
CAND_MEANING_002808	Meaning	unrelated	0		plus	candidate_pending_human_review			USF Appendix A	USF:absent-both-directions	clog	bright								0.0	0.0	2.905213680621799	4.647498030250914	3.776355855436357	4	4		1	1																																	
CAND_MEANING_002809	Meaning	unrelated	0		plus	candidate_pending_human_review			USF Appendix A	USF:absent-both-directions	addiction	taste								0.0	0.0	3.59128290031177	4.710233546541945	4.150758223426857	7	4		3	1																																	
CAND_MEANING_002810	Meaning	unrelated	0		plus	candidate_pending_human_review			USF Appendix A	USF:absent-both-directions	rest	fan								0.0	0.0	5.328299637597617	4.54576782922817	4.9370337334128935	4	3		1	1																																	
CAND_MEANING_002811	Meaning	unrelated	0		plus	candidate_pending_human_review			USF Appendix A	USF:absent-both-directions	malaria	assignment								0.0	0.0	3.2218487496163566	4.25242466223048	3.737136705923418	7	8		4	3																																	
CAND_MEANING_002812	Meaning	unrelated	0		plus	candidate_pending_human_review			USF Appendix A	USF:absent-both-directions	wave	hem								0.0	0.0	4.327459106104431	2.915679114299964	3.6215691102021976	3	3		1	1																																	
CAND_MEANING_002813	Meaning	unrelated	0		plus	candidate_pending_human_review			USF Appendix A	USF:absent-both-directions	measurement	author								0.0	0.0	2.723793588061051	3.8998848471167324	3.3118392175888918	8	3		3	2																																	
CAND_MEANING_002814	Meaning	unrelated	0		plus	candidate_pending_human_review			USF Appendix A	USF:absent-both-directions	blur	future								0.0	0.0	3.329856321842687	5.014899209786094	4.172377765814391	3	5		1	2																																	
CAND_MEANING_002815	Meaning	unrelated	0		plus	candidate_pending_human_review			USF Appendix A	USF:absent-both-directions	upstairs	stick								0.0	0.0	4.849575966220427	4.98729815188452	4.918437059052474	7	4		2	1																																	
CAND_MEANING_002816	Meaning	unrelated	0		plus	candidate_pending_human_review			USF Appendix A	USF:absent-both-directions	birthday	string								0.0	0.0	4.987736346333866	4.1026623418971475	4.545199344115507	5	5		2	1																																	
CAND_MEANING_002817	Meaning	unrelated	0		plus	candidate_pending_human_review			USF Appendix A	USF:absent-both-directions	upstairs	box								0.0	0.0	4.849575966220427	4.953010736329363	4.901293351274894	7	4		2	1																																	
CAND_MEANING_002818	Meaning	unrelated	0		plus	candidate_pending_human_review			USF Appendix A	USF:absent-both-directions	racket	pile								0.0	0.0	3.871069033870136	4.119799096955889	3.9954340654130123	5	3		2	1																																	
CAND_MEANING_002819	Meaning	unrelated	0		plus	candidate_pending_human_review			USF Appendix A	USF:absent-both-directions	birthday	myth								0.0	0.0	4.987736346333866	3.838972487380195	4.413354416857031	5	3		2	1																																	
CAND_MEANING_002820	Meaning	unrelated	0		plus	candidate_pending_human_review			USF Appendix A	USF:absent-both-directions	fad	worry								0.0	0.0	2.883494430928563	5.457911566724228	4.170702998826395	3	3		1	2																																	
CAND_MEANING_002821	Meaning	unrelated	0		plus	candidate_pending_human_review			USF Appendix A	USF:absent-both-directions	suck	ecstasy								0.0	0.0	4.542605771985989	3.5019448384446945	4.0222753052153415	3	7		1	3																																	
CAND_MEANING_002822	Meaning	unrelated	0		plus	candidate_pending_human_review			USF Appendix A	USF:absent-both-directions	component	giggle								0.0	0.0	3.2009148427807133	3.231949076520682	3.2164319596506976	9	5		3	2																																	
CAND_MEANING_002823	Meaning	unrelated	0		plus	candidate_pending_human_review			USF Appendix A	USF:absent-both-directions	brake	put								0.0	0.0	3.7767296632488496	5.918266816225465	4.847498239737157	4	3		1	1																																	
CAND_MEANING_002824	Meaning	unrelated	0		plus	candidate_pending_human_review			USF Appendix A	USF:absent-both-directions	please	style								0.0	0.0	6.041771849889581	4.478255183515026	5.260013516702303	4	4		1	1																																	
CAND_MEANING_002825	Meaning	unrelated	0		plus	candidate_pending_human_review			USF Appendix A	USF:absent-both-directions	measurement	birth								0.0	0.0	2.723793588061051	4.440106148143162	3.5819498681021065	8	3		3	1																																	
CAND_MEANING_002826	Meaning	unrelated	0		plus	candidate_pending_human_review			USF Appendix A	USF:absent-both-directions	please	there								0.0	0.0	6.041771849889581	6.638301286282986	6.340036568086283	4	3		1	1																																	
CAND_MEANING_002827	Meaning	unrelated	0		plus	candidate_pending_human_review			USF Appendix A	USF:absent-both-directions	electrician	chew								0.0	0.0	3.173243416182855	3.957071799458189	3.565157607820522	10	2		4	1																																	
CAND_MEANING_002828	Meaning	unrelated	0		plus	candidate_pending_human_review			USF Appendix A	USF:absent-both-directions	reason	pantyhose								0.0	0.0	5.2862186377207685	3.231949076520682	4.259083857120725	5	8		2	3																																	
CAND_MEANING_002829	Meaning	unrelated	0		plus	candidate_pending_human_review			USF Appendix A	USF:absent-both-directions	addiction	laws								0.0	0.0	3.59128290031177	4.230949549078556	3.9111162246951627	7	3		3	1																																	
CAND_MEANING_002830	Meaning	unrelated	0		plus	candidate_pending_human_review			USF Appendix A	USF:absent-both-directions	neck	waves								0.0	0.0	4.77458851931334	4.121089720437384	4.447839119875362	3	4		1	1																																	
CAND_MEANING_002831	Meaning	unrelated	0		plus	candidate_pending_human_review			USF Appendix A	USF:absent-both-directions	brave	pardon								0.0	0.0	4.501139843808465	4.810548771045217	4.655844307426841	4	6		1	2																																	
CAND_MEANING_002832	Meaning	unrelated	0		plus	candidate_pending_human_review			USF Appendix A	USF:absent-both-directions	flask	fuse								0.0	0.0	3.048304679574555	3.68688150472828	3.3675930921514174	5	4		1	1																																	
CAND_MEANING_002833	Meaning	unrelated	0		plus	candidate_pending_human_review			USF Appendix A	USF:absent-both-directions	electrician	iceberg								0.0	0.0	3.173243416182855	3.256217651247619	3.2147305337152368	10	5		4	2																																	
CAND_MEANING_002834	Meaning	unrelated	0		plus	candidate_pending_human_review			USF Appendix A	USF:absent-both-directions	darkness	booze								0.0	0.0	4.2427946782781865	4.039064022839643	4.140929350558915	7	3		2	1																																	
CAND_MEANING_002835	Meaning	unrelated	0		plus	candidate_pending_human_review			USF Appendix A	USF:absent-both-directions	brave	bumper								0.0	0.0	4.501139843808465	3.5501083987712483	4.025624121289857	4	5		1	2																																	
CAND_MEANING_002836	Meaning	unrelated	0		plus	candidate_pending_human_review			USF Appendix A	USF:absent-both-directions	electrician	pale								0.0	0.0	3.173243416182855	3.904153131909405	3.53869827404613	10	3		4	1																																	
CAND_MEANING_002837	Meaning	unrelated	0		plus	candidate_pending_human_review			USF Appendix A	USF:absent-both-directions	shampoo	inspect								0.0	0.0	3.624868283817669	3.4063731762089002	3.5156207300132847	5	7		2	2																																	
CAND_MEANING_002838	Meaning	unrelated	0		plus	candidate_pending_human_review			USF Appendix A	USF:absent-both-directions	snob	salmon								0.0	0.0	3.337752802688721	3.816176290713628	3.5769645467011744	4	5		1	2																																	
CAND_MEANING_002839	Meaning	unrelated	0		plus	candidate_pending_human_review			USF Appendix A	USF:absent-both-directions	trend	alone								0.0	0.0	3.3177356891668337	5.489296571151303	4.403516130159068	5	4		1	2																																	
CAND_MEANING_002840	Meaning	unrelated	0		plus	candidate_pending_human_review			USF Appendix A	USF:absent-both-directions	component	choice								0.0	0.0	3.2009148427807133	4.989222908983808	4.09506887588226	9	3		3	1																																	
CAND_MEANING_002841	Meaning	unrelated	0		plus	candidate_pending_human_review			USF Appendix A	USF:absent-both-directions	racket	coast								0.0	0.0	3.871069033870136	4.426287949105398	4.148678491487767	5	4		2	1																																	
CAND_MEANING_002842	Meaning	unrelated	0		plus	candidate_pending_human_review			USF Appendix A	USF:absent-both-directions	garage	correct								0.0	0.0	4.4348192900209	4.6526444371974165	4.543731863609159	4	5		2	2																																	
CAND_MEANING_002843	Meaning	unrelated	0		plus	candidate_pending_human_review			USF Appendix A	USF:absent-both-directions	faint	scent								0.0	0.0	3.9672909646398753	3.775303407510817	3.8712971860753465	4	4		1	1																																	
CAND_MEANING_002844	Meaning	unrelated	0		plus	candidate_pending_human_review			USF Appendix A	USF:absent-both-directions	form	venom								0.0	0.0	4.630886317506668	3.3679767852945943	3.9994315514006313	4	5		1	2																																	
CAND_MEANING_002845	Meaning	unrelated	0		plus	candidate_pending_human_review			USF Appendix A	USF:absent-both-directions	foot	main								0.0	0.0	4.812389004654132	4.63068705414832	4.721538029401225	3	3		1	1																																	
CAND_MEANING_002846	Meaning	unrelated	0		plus	candidate_pending_human_review			USF Appendix A	USF:absent-both-directions	diaper	amuse								0.0	0.0	3.6308863175066683	3.4162814648691495	3.5235838911879087	4	5		2	2																																	
CAND_MEANING_002847	Meaning	unrelated	0		plus	candidate_pending_human_review			USF Appendix A	USF:absent-both-directions	suck	cherry								0.0	0.0	4.542605771985989	4.133163058513871	4.337884415249929	3	4		1	2																																	
CAND_MEANING_002848	Meaning	unrelated	0		plus	candidate_pending_human_review			USF Appendix A	USF:absent-both-directions	addiction	pissed								0.0	0.0	3.59128290031177	4.4063731762089	3.998828038260335	7	4		3	1																																	
CAND_MEANING_002849	Meaning	unrelated	0		plus	candidate_pending_human_review			USF Appendix A	USF:absent-both-directions	fad	video								0.0	0.0	2.883494430928563	4.615681924073751	3.749588177501157	3	5		1	3																																	
CAND_MEANING_002850	Meaning	unrelated	0		plus	candidate_pending_human_review			USF Appendix A	USF:absent-both-directions	server	ordinary								0.0	0.0	3.5934598195660445	4.280542664170415	3.93700124186823	4	8		2	4																																	
CAND_MEANING_002851	Meaning	unrelated	0		plus	candidate_pending_human_review			USF Appendix A	USF:absent-both-directions	calculator	extra								0.0	0.0	3.1119737594439325	4.772005134077052	3.941989446760492	10	6		4	2																																	
CAND_MEANING_002852	Meaning	unrelated	0		plus	candidate_pending_human_review			USF Appendix A	USF:absent-both-directions	suck	fig								0.0	0.0	4.542605771985989	3.0848215134003176	3.8137136426931533	3	3		1	1																																	
CAND_MEANING_002853	Meaning	unrelated	0		plus	candidate_pending_human_review			USF Appendix A	USF:absent-both-directions	shampoo	escape								0.0	0.0	3.624868283817669	4.6461537614910124	4.135511022654341	5	5		2	2																																	
CAND_MEANING_002854	Meaning	unrelated	0		plus	candidate_pending_human_review			USF Appendix A	USF:absent-both-directions	sash	discipline								0.0	0.0	3.055857817465001	3.957071799458189	3.506464808461595	3	8		1	3																																	
CAND_MEANING_002855	Meaning	unrelated	0		plus	candidate_pending_human_review			USF Appendix A	USF:absent-both-directions	calculator	esteem								0.0	0.0	3.1119737594439325	3.226928275145631	3.169451017294782	10	5		4	2																																	
CAND_MEANING_002856	Meaning	unrelated	0		plus	candidate_pending_human_review			USF Appendix A	USF:absent-both-directions	damn	sleep								0.0	0.0	5.4525981168605755	5.357822785464055	5.405210451162315	3	4		1	1																																	
CAND_MEANING_002857	Meaning	unrelated	0		plus	candidate_pending_human_review			USF Appendix A	USF:absent-both-directions	claw	actor								0.0	0.0	3.6407346869502244	4.420505836570779	4.030620261760502	3	4		1	2																																	
CAND_MEANING_002858	Meaning	unrelated	0		plus	candidate_pending_human_review			USF Appendix A	USF:absent-both-directions	rim	calories								0.0	0.0	3.38933983691012	3.190056915192505	3.2896983760513123	3	6		1	3																																	
CAND_MEANING_002859	Meaning	unrelated	0		plus	candidate_pending_human_review			USF Appendix A	USF:absent-both-directions	diaper	launch								0.0	0.0	3.6308863175066683	4.300177601902804	3.965531959704736	4	4		2	1																																	
CAND_MEANING_002860	Meaning	unrelated	0		plus	candidate_pending_human_review			USF Appendix A	USF:absent-both-directions	conscious	liver								0.0	0.0	3.8327592986929373	4.155157352220038	3.9939583254564877	6	4		2	2																																	
CAND_MEANING_002861	Meaning	unrelated	0		plus	candidate_pending_human_review			USF Appendix A	USF:absent-both-directions	school	supermarket								0.0	0.0	5.5225976402482555	3.6989700043360187	4.610783822292137	4	10		1	4																																	
CAND_MEANING_002862	Meaning	unrelated	0		plus	candidate_pending_human_review			USF Appendix A	USF:absent-both-directions	birthday	extreme								0.0	0.0	4.987736346333866	4.039064022839643	4.513400184586755	5	7		2	2																																	
CAND_MEANING_002863	Meaning	unrelated	0		plus	candidate_pending_human_review			USF Appendix A	USF:absent-both-directions	blur	fossil								0.0	0.0	3.329856321842687	3.190056915192505	3.259956618517596	3	5		1	2																																	
CAND_MEANING_002864	Meaning	unrelated	0		plus	candidate_pending_human_review			USF Appendix A	USF:absent-both-directions	faint	shine								0.0	0.0	3.9672909646398753	4.314858195087551	4.141074579863713	4	3		1	1																																	
CAND_MEANING_002865	Meaning	unrelated	0		plus	candidate_pending_human_review			USF Appendix A	USF:absent-both-directions	wary	everything								0.0	0.0	2.872213420518874	5.816163287690172	4.3441883541045225	4	7		2	3																																	
CAND_MEANING_002866	Meaning	unrelated	0		plus	candidate_pending_human_review			USF Appendix A	USF:absent-both-directions	malaria	belong								0.0	0.0	3.2218487496163566	4.647114377856792	3.9344815637365746	7	5		4	2																																	
CAND_MEANING_002867	Meaning	unrelated	0		plus	candidate_pending_human_review			USF Appendix A	USF:absent-both-directions	server	quality								0.0	0.0	3.5934598195660445	4.268779802905337	3.931119811235691	4	7		2	3																																	
CAND_MEANING_002868	Meaning	unrelated	0		plus	candidate_pending_human_review			USF Appendix A	USF:absent-both-directions	rim	plain								0.0	0.0	3.38933983691012	4.338924988236772	3.864132412573446	3	4		1	1																																	
CAND_MEANING_002869	Meaning	unrelated	0		plus	candidate_pending_human_review			USF Appendix A	USF:absent-both-directions	school	prairie								0.0	0.0	5.5225976402482555	3.4477658613671256	4.4851817508076905	4	5		1	2																																	
CAND_MEANING_002870	Meaning	unrelated	0		plus	candidate_pending_human_review			USF Appendix A	USF:absent-both-directions	sales	adjective								0.0	0.0	4.1040048297726575	2.6903698325741012	3.397187331173379	4	7		1	3																																	
CAND_MEANING_002871	Meaning	unrelated	0		plus	candidate_pending_human_review			USF Appendix A	USF:absent-both-directions	addiction	bouquet								0.0	0.0	3.59128290031177	3.5072736719497617	3.549278286130766	7	4		3	2																																	
CAND_MEANING_002872	Meaning	unrelated	0		plus	candidate_pending_human_review			USF Appendix A	USF:absent-both-directions	rim	haul								0.0	0.0	3.38933983691012	3.8499370258077215	3.6196384313589207	3	3		1	1																																	
CAND_MEANING_002873	Meaning	unrelated	0		plus	candidate_pending_human_review			USF Appendix A	USF:absent-both-directions	school	network								0.0	0.0	5.5225976402482555	4.218257398526806	4.870427519387531	4	6		1	2																																	
CAND_MEANING_002874	Meaning	unrelated	0		plus	candidate_pending_human_review			USF Appendix A	USF:absent-both-directions	racket	sip								0.0	0.0	3.871069033870136	3.7074031718728815	3.7892361028715085	5	3		2	1																																	
CAND_MEANING_002875	Meaning	unrelated	0		plus	candidate_pending_human_review			USF Appendix A	USF:absent-both-directions	server	irregular								0.0	0.0	3.5934598195660445	3.4030195342013125	3.4982396768836788	4	8		2	4																																	
CAND_MEANING_002876	Meaning	unrelated	0		plus	candidate_pending_human_review			USF Appendix A	USF:absent-both-directions	please	pork								0.0	0.0	6.041771849889581	4.022404109601619	5.0320879797456	4	4		1	1																																	
CAND_MEANING_002877	Meaning	unrelated	0		plus	candidate_pending_human_review			USF Appendix A	USF:absent-both-directions	oil	foresight								0.0	0.0	4.613613851204378	2.872213420518874	3.742913635861626	2	6		1	2																																	
CAND_MEANING_002878	Meaning	unrelated	0		plus	candidate_pending_human_review			USF Appendix A	USF:absent-both-directions	snob	examine								0.0	0.0	3.337752802688721	3.994860360347589	3.666306581518155	4	7		1	3																																	
CAND_MEANING_002879	Meaning	unrelated	0		plus	candidate_pending_human_review			USF Appendix A	USF:absent-both-directions	store	cuddle								0.0	0.0	4.913398259546353	3.3338225090602887	4.123610384303321	4	5		1	2																																	
CAND_MEANING_002880	Meaning	unrelated	0		plus	candidate_pending_human_review			USF Appendix A	USF:absent-both-directions	diaper	atom								0.0	0.0	3.6308863175066683	3.4385578595803015	3.534722088543485	4	4		2	2																																	
CAND_MEANING_002881	Meaning	unrelated	0		plus	candidate_pending_human_review			USF Appendix A	USF:absent-both-directions	diaper	key								0.0	0.0	3.6308863175066683	4.938833550125134	4.284859933815901	4	2		2	1																																	
CAND_MEANING_002882	Meaning	unrelated	0		plus	candidate_pending_human_review			USF Appendix A	USF:absent-both-directions	claw	absent								0.0	0.0	3.6407346869502244	3.4097011195578277	3.525217903254026	3	6		1	2																																	
CAND_MEANING_002883	Meaning	unrelated	0		plus	candidate_pending_human_review			USF Appendix A	USF:absent-both-directions	hostage	channel								0.0	0.0	4.163418637662639	4.387599175333818	4.275508906498229	6	5		2	2																																	
CAND_MEANING_002884	Meaning	unrelated	0		plus	candidate_pending_human_review			USF Appendix A	USF:absent-both-directions	fancy	canal								0.0	0.0	4.542117251707365	3.8056474239700027	4.173882337838684	5	5		2	2																																	
CAND_MEANING_002885	Meaning	unrelated	0		plus	candidate_pending_human_review			USF Appendix A	USF:absent-both-directions	foggy	lifestyle								0.0	0.0	3.1119737594439325	3.693830364683608	3.40290206206377	4	7		2	2																																	
CAND_MEANING_002886	Meaning	unrelated	0		plus	candidate_pending_human_review			USF Appendix A	USF:absent-both-directions	electrician	demon								0.0	0.0	3.173243416182855	4.494645599703195	3.833944507943025	10	5		4	2																																	
CAND_MEANING_002887	Meaning	unrelated	0		plus	candidate_pending_human_review			USF Appendix A	USF:absent-both-directions	birthday	pair								0.0	0.0	4.987736346333866	4.571183424854892	4.779459885594379	5	3		2	1																																	
CAND_MEANING_002888	Meaning	unrelated	0		plus	candidate_pending_human_review			USF Appendix A	USF:absent-both-directions	darkness	police								0.0	0.0	4.2427946782781865	5.373200570742785	4.807997624510486	7	5		2	2																																	
CAND_MEANING_002889	Meaning	unrelated	0		plus	candidate_pending_human_review			USF Appendix A	USF:absent-both-directions	malaria	philosophy								0.0	0.0	3.2218487496163566	3.9177422748637376	3.569795512240047	7	8		4	4																																	
CAND_MEANING_002890	Meaning	unrelated	0		plus	candidate_pending_human_review			USF Appendix A	USF:absent-both-directions	suck	tidy								0.0	0.0	4.542605771985989	3.568891628075308	4.055748700030648	3	4		1	2																																	
CAND_MEANING_002891	Meaning	unrelated	0		plus	candidate_pending_human_review			USF Appendix A	USF:absent-both-directions	addiction	elevator								0.0	0.0	3.59128290031177	4.387599175333818	3.989441037822794	7	7		3	4																																	
CAND_MEANING_002892	Meaning	unrelated	0		plus	candidate_pending_human_review			USF Appendix A	USF:absent-both-directions	sash	feelings								0.0	0.0	3.055857817465001	4.760481615356301	3.9081697164106513	3	6		1	2																																	
CAND_MEANING_002893	Meaning	unrelated	0		plus	candidate_pending_human_review			USF Appendix A	USF:absent-both-directions	foot	goose								0.0	0.0	4.812389004654132	4.115251469205168	4.463820236929649	3	3		1	1																																	
CAND_MEANING_002894	Meaning	unrelated	0		plus	candidate_pending_human_review			USF Appendix A	USF:absent-both-directions	component	able								0.0	0.0	3.2009148427807133	5.203853789278359	4.202384316029536	9	4		3	2																																	
CAND_MEANING_002895	Meaning	unrelated	0		plus	candidate_pending_human_review			USF Appendix A	USF:absent-both-directions	faint	protection								0.0	0.0	3.9672909646398753	4.370523974308474	4.168907469474175	4	9		1	3																																	
CAND_MEANING_002896	Meaning	unrelated	0		plus	candidate_pending_human_review			USF Appendix A	USF:absent-both-directions	foot	expression								0.0	0.0	4.812389004654132	4.106010812470256	4.459199908562194	3	9		1	3																																	
CAND_MEANING_002897	Meaning	unrelated	0		plus	candidate_pending_human_review			USF Appendix A	USF:absent-both-directions	pay	pole								0.0	0.0	5.405871777867385	4.099964851970917	4.752918314919151	2	3		1	1																																	
CAND_MEANING_002898	Meaning	unrelated	0		plus	candidate_pending_human_review			USF Appendix A	USF:absent-both-directions	sales	testify								0.0	0.0	4.1040048297726575	4.15216839009921	4.128086609935934	4	7		1	3																																	
CAND_MEANING_002899	Meaning	unrelated	0		plus	candidate_pending_human_review			USF Appendix A	USF:absent-both-directions	pull	skyscraper								0.0	0.0	5.165692283340791	2.894489815230026	4.030091049285408	3	9		1	3																																	
CAND_MEANING_002900	Meaning	unrelated	0		plus	candidate_pending_human_review			USF Appendix A	USF:absent-both-directions	wave	nylon								0.0	0.0	4.327459106104431	3.131278914639319	3.729369010371875	3	5		1	2																																	
CAND_MEANING_002901	Meaning	unrelated	0		plus	candidate_pending_human_review			USF Appendix A	USF:absent-both-directions	garage	need								0.0	0.0	4.4348192900209	6.11223688849282	5.27352808925686	4	3		2	1																																	
CAND_MEANING_002902	Meaning	unrelated	0		plus	candidate_pending_human_review			USF Appendix A	USF:absent-both-directions	trend	body								0.0	0.0	3.3177356891668337	5.291212093733799	4.304473891450316	5	4		1	2																																	
CAND_MEANING_002903	Meaning	unrelated	0		plus	candidate_pending_human_review			USF Appendix A	USF:absent-both-directions	reason	mustard								0.0	0.0	5.2862186377207685	3.809625721852038	4.547922179786403	5	6		2	2																																	
CAND_MEANING_002904	Meaning	unrelated	0		plus	candidate_pending_human_review			USF Appendix A	USF:absent-both-directions	snob	competition								0.0	0.0	3.337752802688721	4.320187028592617	3.828969915640669	4	10		1	4																																	
CAND_MEANING_002905	Meaning	unrelated	0		plus	candidate_pending_human_review			USF Appendix A	USF:absent-both-directions	brake	brook								0.0	0.0	3.7767296632488496	3.309463163200844	3.5430964132248466	4	4		1	1																																	
CAND_MEANING_002906	Meaning	unrelated	0		plus	candidate_pending_human_review			USF Appendix A	USF:absent-both-directions	calculator	goblin								0.0	0.0	3.1119737594439325	2.973671061277651	3.0428224103607917	10	6		4	2																																	
CAND_MEANING_002907	Meaning	unrelated	0		plus	candidate_pending_human_review			USF Appendix A	USF:absent-both-directions	oil	winding								0.0	0.0	4.613613851204378	3.2924298239020637	3.953021837553221	2	6		1	2																																	
CAND_MEANING_002908	Meaning	unrelated	0		plus	candidate_pending_human_review			USF Appendix A	USF:absent-both-directions	cards	policy								0.0	0.0	4.681418609026778	4.431679041473671	4.556548825250225	5	6		1	3																																	
CAND_MEANING_002909	Meaning	unrelated	0		plus	candidate_pending_human_review			USF Appendix A	USF:absent-both-directions	addiction	vodka								0.0	0.0	3.59128290031177	4.004237052943255	3.7977599766275123	7	5		3	2																																	
CAND_MEANING_002910	Meaning	unrelated	0		plus	candidate_pending_human_review			USF Appendix A	USF:absent-both-directions	server	honeymoon								0.0	0.0	3.5934598195660445	4.209409871222446	3.9014348453942453	4	7		2	3																																	
CAND_MEANING_002911	Meaning	unrelated	0		plus	candidate_pending_human_review			USF Appendix A	USF:absent-both-directions	wave	chase								0.0	0.0	4.327459106104431	4.515925764864458	4.421692435484445	3	3		1	1																																	
CAND_MEANING_002912	Meaning	unrelated	0		plus	candidate_pending_human_review			USF Appendix A	USF:absent-both-directions	please	kitchen								0.0	0.0	6.041771849889581	4.765770788087999	5.40377131898879	4	5		1	2																																	
CAND_MEANING_002913	Meaning	unrelated	0		plus	candidate_pending_human_review			USF Appendix A	USF:absent-both-directions	bathtub	inform								0.0	0.0	3.7851902129289012	4.101315691261876	3.9432529520953885	6	6		2	2																																	
CAND_MEANING_002914	Meaning	unrelated	0		plus	candidate_pending_human_review			USF Appendix A	USF:absent-both-directions	faint	breathe								0.0	0.0	3.9672909646398753	4.685829519195165	4.32656024191752	4	4		1	1																																	
CAND_MEANING_002915	Meaning	unrelated	0		plus	candidate_pending_human_review			USF Appendix A	USF:absent-both-directions	oil	celebration								0.0	0.0	4.613613851204378	3.994860360347589	4.304237105775984	2	10		1	4																																	
CAND_MEANING_002916	Meaning	unrelated	0		plus	candidate_pending_human_review			USF Appendix A	USF:absent-both-directions	birthday	surrounding								0.0	0.0	4.987736346333866	3.5757310526056134	4.28173369946974	5	7		2	3																																	
CAND_MEANING_002917	Meaning	unrelated	0		plus	candidate_pending_human_review			USF Appendix A	USF:absent-both-directions	component	primate								0.0	0.0	3.2009148427807133	2.8364978682523394	3.0187063555165263	9	6		3	2																																	
CAND_MEANING_002918	Meaning	unrelated	0		plus	candidate_pending_human_review			USF Appendix A	USF:absent-both-directions	neck	hip								0.0	0.0	4.77458851931334	4.187852369941472	4.4812204446274055	3	3		1	1																																	
CAND_MEANING_002919	Meaning	unrelated	0		plus	candidate_pending_human_review			USF Appendix A	USF:absent-both-directions	suck	aircraft								0.0	0.0	4.542605771985989	3.9754768621409133	4.259041317063451	3	7		1	2																																	
CAND_MEANING_002920	Meaning	unrelated	0		plus	candidate_pending_human_review			USF Appendix A	USF:absent-both-directions	cards	impatience								0.0	0.0	4.681418609026778	2.8364978682523394	3.7589582386395586	5	8		1	3																																	
CAND_MEANING_002921	Meaning	unrelated	0		plus	candidate_pending_human_review			USF Appendix A	USF:absent-both-directions	form	hand								0.0	0.0	4.630886317506668	5.446610256013887	5.038748286760278	4	4		1	1																																	
CAND_MEANING_002922	Meaning	unrelated	0		plus	candidate_pending_human_review			USF Appendix A	USF:absent-both-directions	pay	adversary								0.0	0.0	5.405871777867385	3.1789205490745456	4.292396163470965	2	8		1	4																																	
CAND_MEANING_002923	Meaning	unrelated	0		plus	candidate_pending_human_review			USF Appendix A	USF:absent-both-directions	brake	dent								0.0	0.0	3.7767296632488496	3.5477023290053697	3.6622159961271095	4	4		1	1																																	
CAND_MEANING_002924	Meaning	unrelated	0		plus	candidate_pending_human_review			USF Appendix A	USF:absent-both-directions	brave	me								0.0	0.0	4.501139843808465	6.965763199974124	5.733451521891295	4	2		1	1																																	
CAND_MEANING_002925	Meaning	unrelated	0		plus	candidate_pending_human_review			USF Appendix A	USF:absent-both-directions	horse	solution								0.0	0.0	4.96793320863002	4.199303358624134	4.583618283627077	4	7		1	3																																	
CAND_MEANING_002926	Meaning	unrelated	0		plus	candidate_pending_human_review			USF Appendix A	USF:absent-both-directions	flask	bang								0.0	0.0	3.048304679574555	4.30060400790849	3.6744543437415222	5	3		1	1																																	
CAND_MEANING_002927	Meaning	unrelated	0		plus	candidate_pending_human_review			USF Appendix A	USF:absent-both-directions	malaria	snatch								0.0	0.0	3.2218487496163566	3.59128290031177	3.4065658249640633	7	4		4	1																																	
CAND_MEANING_002928	Meaning	unrelated	0		plus	candidate_pending_human_review			USF Appendix A	USF:absent-both-directions	fad	twin								0.0	0.0	2.883494430928563	4.018341456197112	3.450917943562837	3	4		1	1																																	
CAND_MEANING_002929	Meaning	unrelated	0		plus	candidate_pending_human_review			USF Appendix A	USF:absent-both-directions	rest	wide								0.0	0.0	5.328299637597617	4.376648510641303	4.85247407411946	4	3		1	1																																	
CAND_MEANING_002930	Meaning	unrelated	0		plus	candidate_pending_human_review			USF Appendix A	USF:absent-both-directions	electrician	wild								0.0	0.0	3.173243416182855	4.7582586392595	3.9657510277211774	10	4		4	1																																	
CAND_MEANING_002931	Meaning	unrelated	0		plus	candidate_pending_human_review			USF Appendix A	USF:absent-both-directions	component	missile								0.0	0.0	3.2009148427807133	4.11850462660289	3.659709734691802	9	5		3	2																																	
CAND_MEANING_002932	Meaning	unrelated	0		plus	candidate_pending_human_review			USF Appendix A	USF:absent-both-directions	please	disorder								0.0	0.0	6.041771849889581	3.8535312075511197	4.94765152872035	4	7		1	3																																	
CAND_MEANING_002933	Meaning	unrelated	0		plus	candidate_pending_human_review			USF Appendix A	USF:absent-both-directions	shampoo	six								0.0	0.0	3.624868283817669	5.300006922206402	4.462437603012035	5	4		2	1																																	
CAND_MEANING_002934	Meaning	unrelated	0		plus	candidate_pending_human_review			USF Appendix A	USF:absent-both-directions	foot	fleet								0.0	0.0	4.812389004654132	4.024823583725032	4.418606294189582	3	4		1	1																																	
CAND_MEANING_002935	Meaning	unrelated	0		plus	candidate_pending_human_review			USF Appendix A	USF:absent-both-directions	garage	gander								0.0	0.0	4.4348192900209	3.0327925133963074	3.7338059017086036	4	5		2	2																																	
CAND_MEANING_002936	Meaning	unrelated	0		plus	candidate_pending_human_review			USF Appendix A	USF:absent-both-directions	malaria	pupil								0.0	0.0	3.2218487496163566	3.4965498065579883	3.3591992780871722	7	6		4	2																																	
CAND_MEANING_002937	Meaning	unrelated	0		plus	candidate_pending_human_review			USF Appendix A	USF:absent-both-directions	faint	field								0.0	0.0	3.9672909646398753	4.846312850545938	4.406801907592906	4	4		1	1																																	
CAND_MEANING_002938	Meaning	unrelated	0		plus	candidate_pending_human_review			USF Appendix A	USF:absent-both-directions	pay	student								0.0	0.0	5.405871777867385	4.633864348480204	5.019868063173794	2	7		1	2																																	
CAND_MEANING_002939	Meaning	unrelated	0		plus	candidate_pending_human_review			USF Appendix A	USF:absent-both-directions	electrician	gullible								0.0	0.0	3.173243416182855	3.098609797885951	3.1359266070344027	10	7		4	3																																	
CAND_MEANING_002940	Meaning	unrelated	0		plus	candidate_pending_human_review			USF Appendix A	USF:absent-both-directions	racket	canary								0.0	0.0	3.871069033870136	3.4656160923143378	3.668342563092237	5	6		2	3																																	
CAND_MEANING_002941	Meaning	unrelated	0		plus	candidate_pending_human_review			USF Appendix A	USF:absent-both-directions	foggy	astrology								0.0	0.0	3.1119737594439325	2.9645276818377813	3.038250720640857	4	9		2	4																																	
CAND_MEANING_002942	Meaning	unrelated	0		plus	candidate_pending_human_review			USF Appendix A	USF:absent-both-directions	conscious	solid								0.0	0.0	3.8327592986929373	4.291560365189435	4.062159831941186	6	5		2	2																																	
CAND_MEANING_002943	Meaning	unrelated	0		plus	candidate_pending_human_review			USF Appendix A	USF:absent-both-directions	hostage	letters								0.0	0.0	4.163418637662639	4.573463191149791	4.368440914406215	6	5		2	2																																	
CAND_MEANING_002944	Meaning	unrelated	0		plus	candidate_pending_human_review			USF Appendix A	USF:absent-both-directions	foot	chocolate								0.0	0.0	4.812389004654132	4.468231456750344	4.640310230702237	3	6		1	2																																	
CAND_MEANING_002945	Meaning	unrelated	0		plus	candidate_pending_human_review			USF Appendix A	USF:absent-both-directions	wary	writer								0.0	0.0	2.872213420518874	4.371611069949688	3.621912245234281	4	4		2	2																																	
CAND_MEANING_002946	Meaning	unrelated	0		plus	candidate_pending_human_review			USF Appendix A	USF:absent-both-directions	cards	yearn								0.0	0.0	4.681418609026778	2.982625903930577	3.8320222564786777	5	3		1	1																																	
CAND_MEANING_002947	Meaning	unrelated	0		plus	candidate_pending_human_review			USF Appendix A	USF:absent-both-directions	damn	blackboard								0.0	0.0	5.4525981168605755	3.070581074285707	4.261589595573142	3	8		1	2																																	
CAND_MEANING_002948	Meaning	unrelated	0		plus	candidate_pending_human_review			USF Appendix A	USF:absent-both-directions	suck	spank								0.0	0.0	4.542605771985989	3.530475927030859	4.036540849508424	3	5		1	1																																	
CAND_MEANING_002949	Meaning	unrelated	0		plus	candidate_pending_human_review			USF Appendix A	USF:absent-both-directions	fad	shopping								0.0	0.0	2.883494430928563	4.477121254719663	3.6803078428241127	3	5		1	2																																	
CAND_MEANING_002950	Meaning	unrelated	0		plus	candidate_pending_human_review			USF Appendix A	USF:absent-both-directions	bathtub	set								0.0	0.0	3.7851902129289012	5.364495815316809	4.574843014122855	6	3		2	1																																	
CAND_MEANING_002951	Meaning	unrelated	0		plus	candidate_pending_human_review			USF Appendix A	USF:absent-both-directions	sash	corner								0.0	0.0	3.055857817465001	4.720402537510273	3.888130177487637	3	5		1	2																																	
CAND_MEANING_002952	Meaning	unrelated	0		plus	candidate_pending_human_review			USF Appendix A	USF:absent-both-directions	snob	proper								0.0	0.0	3.337752802688721	4.402682741255466	3.8702177719720936	4	5		1	2																																	
CAND_MEANING_002953	Meaning	unrelated	0		plus	candidate_pending_human_review			USF Appendix A	USF:absent-both-directions	fad	busy								0.0	0.0	2.883494430928563	5.027469528935784	3.9554819799321734	3	4		1	2																																	
CAND_MEANING_002954	Meaning	unrelated	0		plus	candidate_pending_human_review			USF Appendix A	USF:absent-both-directions	clog	bleach								0.0	0.0	2.905213680621799	3.364311831208189	3.134762755914994	4	4		1	1																																	
CAND_MEANING_002955	Meaning	unrelated	0		plus	candidate_pending_human_review			USF Appendix A	USF:absent-both-directions	component	rifle								0.0	0.0	3.2009148427807133	4.163418637662639	3.6821667402216764	9	5		3	2																																	
CAND_MEANING_002956	Meaning	unrelated	0		plus	candidate_pending_human_review			USF Appendix A	USF:absent-both-directions	fancy	tangerine								0.0	0.0	4.542117251707365	2.872213420518874	3.7071653361131194	5	7		2	3																																	
CAND_MEANING_002957	Meaning	unrelated	0		plus	candidate_pending_human_review			USF Appendix A	USF:absent-both-directions	trot	mascara								0.0	0.0	3.256217651247619	3.098609797885951	3.177413724566785	4	7		1	3																																	
CAND_MEANING_002958	Meaning	unrelated	0		plus	candidate_pending_human_review			USF Appendix A	USF:absent-both-directions	neck	fuzzy								0.0	0.0	4.77458851931334	3.765186273219276	4.269887396266308	3	4		1	2																																	
CAND_MEANING_002959	Meaning	unrelated	0		plus	candidate_pending_human_review			USF Appendix A	USF:absent-both-directions	faint	tease								0.0	0.0	3.9672909646398753	3.75482782180102	3.8610593932204473	4	3		1	1																																	
CAND_MEANING_002960	Meaning	unrelated	0		plus	candidate_pending_human_review			USF Appendix A	USF:absent-both-directions	sales	ghetto								0.0	0.0	4.1040048297726575	3.7426789322214247	3.9233418809970413	4	4		1	2																																	
CAND_MEANING_002961	Meaning	unrelated	0		plus	candidate_pending_human_review			USF Appendix A	USF:absent-both-directions	diaper	vain								0.0	0.0	3.6308863175066683	3.8135679076061	3.722227112556384	4	3		2	1																																	
CAND_MEANING_002962	Meaning	unrelated	0		plus	candidate_pending_human_review			USF Appendix A	USF:absent-both-directions	dine	cow								0.0	0.0	3.632873938742182	4.40670712046365	4.019790529602916	3	2		1	1																																	
CAND_MEANING_002963	Meaning	unrelated	0		plus	candidate_pending_human_review			USF Appendix A	USF:absent-both-directions	malaria	donation								0.0	0.0	3.2218487496163566	3.5452828548819566	3.383565802249157	7	7		4	3																																	
CAND_MEANING_002964	Meaning	unrelated	0		plus	candidate_pending_human_review			USF Appendix A	USF:absent-both-directions	damn	assistance								0.0	0.0	5.4525981168605755	4.039064022839643	4.745831069850109	3	8		1	3																																	
CAND_MEANING_002965	Meaning	unrelated	0		plus	candidate_pending_human_review			USF Appendix A	USF:absent-both-directions	birthday	sharp								0.0	0.0	4.987736346333866	4.376290624768637	4.682013485551252	5	4		2	1																																	
CAND_MEANING_002966	Meaning	unrelated	0		plus	candidate_pending_human_review			USF Appendix A	USF:absent-both-directions	rim	hay								0.0	0.0	3.38933983691012	3.8043131848809377	3.5968265108955286	3	2		1	1																																	
CAND_MEANING_002967	Meaning	unrelated	0		plus	candidate_pending_human_review			USF Appendix A	USF:absent-both-directions	birthday	crisis								0.0	0.0	4.987736346333866	4.2213375141460165	4.6045369302399415	5	6		2	2																																	
CAND_MEANING_002968	Meaning	unrelated	0		plus	candidate_pending_human_review			USF Appendix A	USF:absent-both-directions	foggy	rap								0.0	0.0	3.1119737594439325	4.115251469205168	3.61361261432455	4	3		2	1																																	
CAND_MEANING_002969	Meaning	unrelated	0		plus	candidate_pending_human_review			USF Appendix A	USF:absent-both-directions	pay	blood								0.0	0.0	5.405871777867385	5.269787553447365	5.337829665657376	2	4		1	1																																	
CAND_MEANING_002970	Meaning	unrelated	0		plus	candidate_pending_human_review			USF Appendix A	USF:absent-both-directions	component	perceive								0.0	0.0	3.2009148427807133	3.16166154363304	3.1812881932068766	9	5		3	2																																	
CAND_MEANING_002971	Meaning	unrelated	0		plus	candidate_pending_human_review			USF Appendix A	USF:absent-both-directions	garage	accomplish								0.0	0.0	4.4348192900209	3.7666460879783186	4.100732688999609	4	8		2	3																																	
CAND_MEANING_002972	Meaning	unrelated	0		plus	candidate_pending_human_review			USF Appendix A	USF:absent-both-directions	clog	silk								0.0	0.0	2.905213680621799	3.9905303695254535	3.447872025073626	4	4		1	1																																	
CAND_MEANING_002973	Meaning	unrelated	0		plus	candidate_pending_human_review			USF Appendix A	USF:absent-both-directions	form	thought								0.0	0.0	4.630886317506668	5.907664225108894	5.269275271307781	4	3		1	1																																	
CAND_MEANING_002974	Meaning	unrelated	0		plus	candidate_pending_human_review			USF Appendix A	USF:absent-both-directions	dine	rare								0.0	0.0	3.632873938742182	4.328659367988358	3.98076665336527	3	3		1	1																																	
CAND_MEANING_002975	Meaning	unrelated	0		plus	candidate_pending_human_review			USF Appendix A	USF:absent-both-directions	sales	spaghetti								0.0	0.0	4.1040048297726575	3.7724367668592143	3.938220798315936	4	7		1	3																																	
CAND_MEANING_002976	Meaning	unrelated	0		plus	candidate_pending_human_review			USF Appendix A	USF:absent-both-directions	snob	fell								0.0	0.0	3.337752802688721	4.863322860120456	4.100537831404589	4	3		1	1																																	
CAND_MEANING_002977	Meaning	unrelated	0		plus	candidate_pending_human_review			USF Appendix A	USF:absent-both-directions	neck	siren								0.0	0.0	4.77458851931334	3.816176290713628	4.295382405013484	3	5		1	2																																	
CAND_MEANING_002978	Meaning	unrelated	0		plus	candidate_pending_human_review			USF Appendix A	USF:absent-both-directions	dine	grease								0.0	0.0	3.632873938742182	3.8414330859278514	3.7371535123350164	3	4		1	1																																	
CAND_MEANING_002979	Meaning	unrelated	0		plus	candidate_pending_human_review			USF Appendix A	USF:absent-both-directions	blur	ceremony								0.0	0.0	3.329856321842687	4.199303358624134	3.7645798402334107	3	8		1	4																																	
CAND_MEANING_002980	Meaning	unrelated	0		plus	candidate_pending_human_review			USF Appendix A	USF:absent-both-directions	electrician	modern								0.0	0.0	3.173243416182855	4.260912772455999	3.717078094319427	10	5		4	2																																	
CAND_MEANING_002981	Meaning	unrelated	0		plus	candidate_pending_human_review			USF Appendix A	USF:absent-both-directions	darkness	irritate								0.0	0.0	4.2427946782781865	2.973671061277651	3.6082328697779187	7	6		2	3																																	
CAND_MEANING_002982	Meaning	unrelated	0		plus	candidate_pending_human_review			USF Appendix A	USF:absent-both-directions	neck	intuition								0.0	0.0	4.77458851931334	3.535467872588358	4.155028195950849	3	8		1	4																																	
CAND_MEANING_002983	Meaning	unrelated	0		plus	candidate_pending_human_review			USF Appendix A	USF:absent-both-directions	reason	pause								0.0	0.0	5.2862186377207685	3.731762517732326	4.508990577726547	5	3		2	1																																	
CAND_MEANING_002984	Meaning	unrelated	0		plus	candidate_pending_human_review			USF Appendix A	USF:absent-both-directions	pay	fascism								0.0	0.0	5.405871777867385	2.883494430928563	4.1446831043979735	2	7		1	3																																	
CAND_MEANING_002985	Meaning	unrelated	0		plus	candidate_pending_human_review			USF Appendix A	USF:absent-both-directions	wave	constructive								0.0	0.0	4.327459106104431	3.337752802688721	3.832605954396576	3	11		1	3																																	
CAND_MEANING_002986	Meaning	unrelated	0		plus	candidate_pending_human_review			USF Appendix A	USF:absent-both-directions	form	pimple								0.0	0.0	4.630886317506668	3.2218487496163566	3.9263675335615122	4	6		1	2																																	
CAND_MEANING_002987	Meaning	unrelated	0		plus	candidate_pending_human_review			USF Appendix A	USF:absent-both-directions	foot	cradle								0.0	0.0	4.812389004654132	3.4537978261370386	4.133093415395585	3	6		1	2																																	
CAND_MEANING_002988	Meaning	unrelated	0		plus	candidate_pending_human_review			USF Appendix A	USF:absent-both-directions	calculator	normal								0.0	0.0	3.1119737594439325	4.8474032822353035	3.979688520839618	10	6		4	2																																	
CAND_MEANING_002989	Meaning	unrelated	0		plus	candidate_pending_human_review			USF Appendix A	USF:absent-both-directions	claw	weed								0.0	0.0	3.6407346869502244	4.070581074285707	3.855657880617966	3	3		1	1																																	
CAND_MEANING_002990	Meaning	unrelated	0		plus	candidate_pending_human_review			USF Appendix A	USF:absent-both-directions	diaper	fate								0.0	0.0	3.6308863175066683	4.430732522068345	4.030809419787507	4	3		2	1																																	
CAND_MEANING_002991	Meaning	unrelated	0		plus	candidate_pending_human_review			USF Appendix A	USF:absent-both-directions	addiction	hall								0.0	0.0	3.59128290031177	4.715511782199295	4.153397341255532	7	3		3	1																																	
CAND_MEANING_002992	Meaning	unrelated	0		plus	candidate_pending_human_review			USF Appendix A	USF:absent-both-directions	diaper	kiwi								0.0	0.0	3.6308863175066683	2.894489815230026	3.262688066368347	4	4		2	2																																	
CAND_MEANING_002993	Meaning	unrelated	0		plus	candidate_pending_human_review			USF Appendix A	USF:absent-both-directions	server	skull								0.0	0.0	3.5934598195660445	4.167491087293763	3.880475453429904	4	4		2	1																																	
CAND_MEANING_002994	Meaning	unrelated	0		plus	candidate_pending_human_review			USF Appendix A	USF:absent-both-directions	flask	dishonest								0.0	0.0	3.048304679574555	3.4130037551079138	3.2306542173412343	5	8		1	3																																	
CAND_MEANING_002995	Meaning	unrelated	0		plus	candidate_pending_human_review			USF Appendix A	USF:absent-both-directions	malaria	boil								0.0	0.0	3.2218487496163566	3.7738724524043685	3.4978606010103626	7	3		4	1																																	
CAND_MEANING_002996	Meaning	unrelated	0		plus	candidate_pending_human_review			USF Appendix A	USF:absent-both-directions	sash	building								0.0	0.0	3.055857817465001	4.998122520439767	4.026990168952384	3	6		1	2																																	
CAND_MEANING_002997	Meaning	unrelated	0		plus	candidate_pending_human_review			USF Appendix A	USF:absent-both-directions	fad	traffic								0.0	0.0	2.883494430928563	4.454994230425083	3.6692443306768228	3	6		1	2																																	
CAND_MEANING_002998	Meaning	unrelated	0		plus	candidate_pending_human_review			USF Appendix A	USF:absent-both-directions	school	limb								0.0	0.0	5.5225976402482555	3.6690067809585756	4.5958022106034155	4	3		1	1																																	
CAND_MEANING_002999	Meaning	unrelated	0		plus	candidate_pending_human_review			USF Appendix A	USF:absent-both-directions	wave	inertia								0.0	0.0	4.327459106104431	2.7837915177363364	3.555625311920384	3	5		1	3																																	
CAND_MEANING_003000	Meaning	unrelated	0		plus	candidate_pending_human_review			USF Appendix A	USF:absent-both-directions	reason	performance								0.0	0.0	5.2862186377207685	4.338924988236772	4.812571812978771	5	9		2	3																																	
CAND_MEANING_003001	Meaning	unrelated	0		plus	candidate_pending_human_review			USF Appendix A	USF:absent-both-directions	addiction	mimic								0.0	0.0	3.59128290031177	2.894489815230026	3.2428863577708977	7	5		3	2																																	
CAND_MEANING_003002	Meaning	unrelated	0		plus	candidate_pending_human_review			USF Appendix A	USF:absent-both-directions	upstairs	small								0.0	0.0	4.849575966220427	5.096773742381929	4.973174854301178	7	4		2	1																																	
CAND_MEANING_003003	Meaning	unrelated	0		plus	candidate_pending_human_review			USF Appendix A	USF:absent-both-directions	bathtub	smooth								0.0	0.0	3.7851902129289012	4.261845736256045	4.0235179745924725	6	4		2	1																																	
CAND_MEANING_003004	Meaning	unrelated	0		plus	candidate_pending_human_review			USF Appendix A	USF:absent-both-directions	pull	goose								0.0	0.0	5.165692283340791	4.115251469205168	4.640471876272979	3	3		1	1																																	
CAND_MEANING_003005	Meaning	unrelated	0		plus	candidate_pending_human_review			USF Appendix A	USF:absent-both-directions	pull	flower								0.0	0.0	5.165692283340791	4.357262043640637	4.761477163490714	3	4		1	2																																	
CAND_MEANING_003006	Meaning	unrelated	0		plus	candidate_pending_human_review			USF Appendix A	USF:absent-both-directions	garage	deal								0.0	0.0	4.4348192900209	5.4172599733159235	4.926039631668411	4	3		2	1																																	
CAND_MEANING_003007	Meaning	unrelated	0		plus	candidate_pending_human_review			USF Appendix A	USF:absent-both-directions	flask	reflection								0.0	0.0	3.048304679574555	3.7006697892139133	3.374487234394234	5	9		1	3																																	
CAND_MEANING_003008	Meaning	unrelated	0		plus	candidate_pending_human_review			USF Appendix A	USF:absent-both-directions	component	scary								0.0	0.0	3.2009148427807133	4.41823628204159	3.809575562411152	9	5		3	2																																	
CAND_MEANING_003009	Meaning	unrelated	0		plus	candidate_pending_human_review			USF Appendix A	USF:absent-both-directions	darkness	bed								0.0	0.0	4.2427946782781865	5.2721147477290895	4.7574547130036375	7	3		2	1																																	
CAND_MEANING_003010	Meaning	unrelated	0		plus	candidate_pending_human_review			USF Appendix A	USF:absent-both-directions	brake	float								0.0	0.0	3.7767296632488496	3.873354799577683	3.825042231413266	4	4		1	1																																	
CAND_MEANING_003011	Meaning	unrelated	0		plus	candidate_pending_human_review			USF Appendix A	USF:absent-both-directions	upstairs	dependent								0.0	0.0	4.849575966220427	3.349334675238536	4.099455320729481	7	9		2	3																																	
CAND_MEANING_003012	Meaning	unrelated	0		plus	candidate_pending_human_review			USF Appendix A	USF:absent-both-directions	rest	lick								0.0	0.0	5.328299637597617	4.039841631788487	4.684070634693052	4	3		1	1																																	
CAND_MEANING_003013	Meaning	unrelated	0		plus	candidate_pending_human_review			USF Appendix A	USF:absent-both-directions	brake	grammar								0.0	0.0	3.7767296632488496	3.3787896545768117	3.5777596589128304	4	5		1	2																																	
CAND_MEANING_003014	Meaning	unrelated	0		plus	candidate_pending_human_review			USF Appendix A	USF:absent-both-directions	sales	bumps								0.0	0.0	4.1040048297726575	3.54040309026387	3.822203960018264	4	5		1	1																																	
CAND_MEANING_003015	Meaning	unrelated	0		plus	candidate_pending_human_review			USF Appendix A	USF:absent-both-directions	cards	unite								0.0	0.0	4.681418609026778	3.479950544738527	4.0806845768826525	5	5		1	2																																	
CAND_MEANING_003016	Meaning	unrelated	0		plus	candidate_pending_human_review			USF Appendix A	USF:absent-both-directions	flask	burden								0.0	0.0	3.048304679574555	3.992267549769309	3.520286114671932	5	5		1	2																																	
CAND_MEANING_003017	Meaning	unrelated	0		plus	candidate_pending_human_review			USF Appendix A	USF:absent-both-directions	brake	charity								0.0	0.0	3.7767296632488496	4.2172258196999755	3.9969777414744128	4	6		1	3																																	
CAND_MEANING_003018	Meaning	unrelated	0		plus	candidate_pending_human_review			USF Appendix A	USF:absent-both-directions	hostage	spit								0.0	0.0	4.163418637662639	4.286746976571701	4.22508280711717	6	4		2	1																																	
CAND_MEANING_003019	Meaning	unrelated	0		plus	candidate_pending_human_review			USF Appendix A	USF:absent-both-directions	rest	silverware								0.0	0.0	5.328299637597617	3.329856321842687	4.329077979720152	4	8		1	3																																	
CAND_MEANING_003020	Meaning	unrelated	0		plus	candidate_pending_human_review			USF Appendix A	USF:absent-both-directions	calculator	suit								0.0	0.0	3.1119737594439325	4.83637376638497	3.974173762914451	10	3		4	1																																	
CAND_MEANING_003021	Meaning	unrelated	0		plus	candidate_pending_human_review			USF Appendix A	USF:absent-both-directions	claw	observe								0.0	0.0	3.6407346869502244	3.9905303695254535	3.815632528237839	3	5		1	2																																	
CAND_MEANING_003022	Meaning	unrelated	0		plus	candidate_pending_human_review			USF Appendix A	USF:absent-both-directions	measurement	piece								0.0	0.0	2.723793588061051	5.095135150976416	3.9094643695187337	8	3		3	1																																	
CAND_MEANING_003023	Meaning	unrelated	0		plus	candidate_pending_human_review			USF Appendix A	USF:absent-both-directions	sales	liberal								0.0	0.0	4.1040048297726575	3.5999258618152767	3.851965345793967	4	6		1	3																																	
CAND_MEANING_003024	Meaning	unrelated	0		plus	candidate_pending_human_review			USF Appendix A	USF:absent-both-directions	electrician	confidence								0.0	0.0	3.173243416182855	4.289379072397445	3.7313112442901497	10	9		4	3																																	
CAND_MEANING_003025	Meaning	unrelated	0		plus	candidate_pending_human_review			USF Appendix A	USF:absent-both-directions	wave	lash								0.0	0.0	4.327459106104431	3.2218487496163566	3.7746539278603937	3	3		1	1																																	
CAND_MEANING_003026	Meaning	unrelated	0		plus	candidate_pending_human_review			USF Appendix A	USF:absent-both-directions	electrician	bury								0.0	0.0	3.173243416182855	4.315270434778592	3.744256925480723	10	4		4	2																																	
CAND_MEANING_003027	Meaning	unrelated	0		plus	candidate_pending_human_review			USF Appendix A	USF:absent-both-directions	rim	fur								0.0	0.0	3.38933983691012	3.9177422748637376	3.6535410558869286	3	2		1	1																																	
CAND_MEANING_003028	Meaning	unrelated	0		plus	candidate_pending_human_review			USF Appendix A	USF:absent-both-directions	rest	cord								0.0	0.0	5.328299637597617	3.846312850545938	4.587306244071778	4	4		1	1																																	
CAND_MEANING_003029	Meaning	unrelated	0		plus	candidate_pending_human_review			USF Appendix A	USF:absent-both-directions	clog	remind								0.0	0.0	2.905213680621799	4.567280143918729	3.736246912270264	4	6		1	2																																	
CAND_MEANING_003030	Meaning	unrelated	0		plus	candidate_pending_human_review			USF Appendix A	USF:absent-both-directions	damn	baseball								0.0	0.0	5.4525981168605755	4.402345686925857	4.927471901893217	3	6		1	2																																	
CAND_MEANING_003031	Meaning	unrelated	0		plus	candidate_pending_human_review			USF Appendix A	USF:absent-both-directions	bathtub	space								0.0	0.0	3.7851902129289012	4.819930834883184	4.302560523906043	6	4		2	1																																	
CAND_MEANING_003032	Meaning	unrelated	0		plus	candidate_pending_human_review			USF Appendix A	USF:absent-both-directions	oil	cream								0.0	0.0	4.613613851204378	4.687581415406607	4.650597633305493	2	4		1	1																																	
CAND_MEANING_003033	Meaning	unrelated	0		plus	candidate_pending_human_review			USF Appendix A	USF:absent-both-directions	damn	clam								0.0	0.0	5.4525981168605755	3.5934598195660445	4.5230289682133105	3	4		1	1																																	
CAND_MEANING_003034	Meaning	unrelated	0		plus	candidate_pending_human_review			USF Appendix A	USF:absent-both-directions	fad	mint								0.0	0.0	2.883494430928563	3.7349095929665124	3.3092020119475376	3	4		1	1																																	
CAND_MEANING_003035	Meaning	unrelated	0		plus	candidate_pending_human_review			USF Appendix A	USF:absent-both-directions	damn	committee								0.0	0.0	5.4525981168605755	4.342809580163522	4.897703848512048	3	6		1	3																																	
CAND_MEANING_003036	Meaning	unrelated	0		plus	candidate_pending_human_review			USF Appendix A	USF:absent-both-directions	calculator	scramble								0.0	0.0	3.1119737594439325	3.3823349353414613	3.247154347392697	10	8		4	2																																	
CAND_MEANING_003037	Meaning	unrelated	0		plus	candidate_pending_human_review			USF Appendix A	USF:absent-both-directions	damn	planets								0.0	0.0	5.4525981168605755	3.632873938742182	4.542736027801379	3	7		1	2																																	
CAND_MEANING_003038	Meaning	unrelated	0		plus	candidate_pending_human_review			USF Appendix A	USF:absent-both-directions	component	toenail								0.0	0.0	3.2009148427807133	2.935882500388251	3.0683986715844824	9	5		3	2																																	
CAND_MEANING_003039	Meaning	unrelated	0		plus	candidate_pending_human_review			USF Appendix A	USF:absent-both-directions	wary	thick								0.0	0.0	2.872213420518874	4.145519353753929	3.5088663871364014	4	3		2	1																																	
CAND_MEANING_003040	Meaning	unrelated	0		plus	candidate_pending_human_review			USF Appendix A	USF:absent-both-directions	flask	mill								0.0	0.0	3.048304679574555	3.979066093164357	3.513685386369456	5	3		1	1																																	
CAND_MEANING_003041	Meaning	unrelated	0		plus	candidate_pending_human_review			USF Appendix A	USF:absent-both-directions	fancy	condition								0.0	0.0	4.542117251707365	4.579335176874439	4.560726214290902	5	8		2	3																																	
CAND_MEANING_003042	Meaning	unrelated	0		plus	candidate_pending_human_review			USF Appendix A	USF:absent-both-directions	clog	worn								0.0	0.0	2.905213680621799	4.00339294289734	3.4543033117595696	4	4		1	1																																	
CAND_MEANING_003043	Meaning	unrelated	0		plus	candidate_pending_human_review			USF Appendix A	USF:absent-both-directions	calculator	relationship								0.0	0.0	3.1119737594439325	4.8305006109452355	3.971237185194584	10	10		4	4																																	
CAND_MEANING_003044	Meaning	unrelated	0		plus	candidate_pending_human_review			USF Appendix A	USF:absent-both-directions	fancy	comb								0.0	0.0	4.542117251707365	3.7823883033268983	4.162252777517132	5	3		2	1																																	
CAND_MEANING_003045	Meaning	unrelated	0		plus	candidate_pending_human_review			USF Appendix A	USF:absent-both-directions	shampoo	vary								0.0	0.0	3.624868283817669	2.9645276818377813	3.294697982827725	5	4		2	2																																	
CAND_MEANING_003046	Meaning	unrelated	0		plus	candidate_pending_human_review			USF Appendix A	USF:absent-both-directions	conscious	politician								0.0	0.0	3.8327592986929373	3.515146295049647	3.6739527968712924	6	9		2	4																																	
CAND_MEANING_003047	Meaning	unrelated	0		plus	candidate_pending_human_review			USF Appendix A	USF:absent-both-directions	addiction	roar								0.0	0.0	3.59128290031177	3.604183684957818	3.597733292634794	7	3		3	1																																	
CAND_MEANING_003048	Meaning	unrelated	0		plus	candidate_pending_human_review			USF Appendix A	USF:absent-both-directions	neck	fairy								0.0	0.0	4.77458851931334	4.222359383986651	4.498473951649996	3	4		1	2																																	
CAND_MEANING_003049	Meaning	unrelated	0		plus	candidate_pending_human_review			USF Appendix A	USF:absent-both-directions	malaria	pottery								0.0	0.0	3.2218487496163566	3.2655576775017625	3.2437032135590593	7	5		4	3																																	
CAND_MEANING_003050	Meaning	unrelated	0		plus	candidate_pending_human_review			USF Appendix A	USF:absent-both-directions	racket	predator								0.0	0.0	3.871069033870136	3.4195346222668714	3.6453018280685034	5	7		2	3																																	
CAND_MEANING_003051	Meaning	unrelated	0		plus	candidate_pending_human_review			USF Appendix A	USF:absent-both-directions	please	structure								0.0	0.0	6.041771849889581	4.007597181750521	5.02468451582005	4	7		1	2																																	
CAND_MEANING_003052	Meaning	unrelated	0		plus	candidate_pending_human_review			USF Appendix A	USF:absent-both-directions	birthday	number								0.0	0.0	4.987736346333866	5.381911026589501	5.184823686461684	5	5		2	2																																	
CAND_MEANING_003053	Meaning	unrelated	0		plus	candidate_pending_human_review			USF Appendix A	USF:absent-both-directions	calculator	nicotine								0.0	0.0	3.1119737594439325	3.231949076520682	3.171961417982307	10	7		4	3																																	
CAND_MEANING_003054	Meaning	unrelated	0		plus	candidate_pending_human_review			USF Appendix A	USF:absent-both-directions	rest	gain								0.0	0.0	5.328299637597617	4.13752786391632	4.7329137507569685	4	3		1	1																																	
CAND_MEANING_003055	Meaning	unrelated	0		plus	candidate_pending_human_review			USF Appendix A	USF:absent-both-directions	birthday	sports								0.0	0.0	4.987736346333866	4.44072392133681	4.714230133835338	5	6		2	1																																	
CAND_MEANING_003056	Meaning	unrelated	0		plus	candidate_pending_human_review			USF Appendix A	USF:absent-both-directions	blur	billboard								0.0	0.0	3.329856321842687	3.131278914639319	3.230567618241003	3	7		1	2																																	
CAND_MEANING_003057	Meaning	unrelated	0		plus	candidate_pending_human_review			USF Appendix A	USF:absent-both-directions	diaper	cannon								0.0	0.0	3.6308863175066683	3.9398127940166834	3.785349555761676	4	5		2	2																																	
CAND_MEANING_003058	Meaning	unrelated	0		plus	candidate_pending_human_review			USF Appendix A	USF:absent-both-directions	rim	host								0.0	0.0	3.38933983691012	4.176658593534667	3.782999215222394	3	4		1	1																																	
CAND_MEANING_003059	Meaning	unrelated	0		plus	candidate_pending_human_review			USF Appendix A	USF:absent-both-directions	conscious	drugs								0.0	0.0	3.8327592986929373	4.684070527394452	4.258414913043694	6	5		2	1																																	
CAND_MEANING_003060	Meaning	unrelated	0		plus	candidate_pending_human_review			USF Appendix A	USF:absent-both-directions	pay	stethoscope								0.0	0.0	5.405871777867385	2.973671061277651	4.1897714195725175	2	9		1	3																																	
CAND_MEANING_003061	Meaning	unrelated	0		plus	candidate_pending_human_review			USF Appendix A	USF:absent-both-directions	brake	scribble								0.0	0.0	3.7767296632488496	2.7975798022219696	3.2871547327354094	4	7		1	2																																	
CAND_MEANING_003062	Meaning	unrelated	0		plus	candidate_pending_human_review			USF Appendix A	USF:absent-both-directions	pull	stamp								0.0	0.0	5.165692283340791	3.7724367668592143	4.469064525100002	3	5		1	1																																	
CAND_MEANING_003063	Meaning	unrelated	0		plus	candidate_pending_human_review			USF Appendix A	USF:absent-both-directions	school	supply								0.0	0.0	5.5225976402482555	4.271066772286538	4.896832206267397	4	5		1	2																																	
CAND_MEANING_003064	Meaning	unrelated	0		plus	candidate_pending_human_review			USF Appendix A	USF:absent-both-directions	clog	heading								0.0	0.0	2.905213680621799	4.524663345016798	3.714938512819298	4	5		1	2																																	
CAND_MEANING_003065	Meaning	unrelated	0		plus	candidate_pending_human_review			USF Appendix A	USF:absent-both-directions	brave	phase								0.0	0.0	4.501139843808465	4.091080469347332	4.296110156577899	4	3		1	1																																	
CAND_MEANING_003066	Meaning	unrelated	0		plus	candidate_pending_human_review			USF Appendix A	USF:absent-both-directions	conscious	starboard								0.0	0.0	3.8327592986929373	3.816176290713628	3.8244677947032826	6	7		2	2																																	
CAND_MEANING_003067	Meaning	unrelated	0		plus	candidate_pending_human_review			USF Appendix A	USF:absent-both-directions	clog	aspirin								0.0	0.0	2.905213680621799	3.889026919528524	3.3971203000751613	4	6		1	2																																	
CAND_MEANING_003068	Meaning	unrelated	0		plus	candidate_pending_human_review			USF Appendix A	USF:absent-both-directions	fad	leopard								0.0	0.0	2.883494430928563	3.7333389059672815	3.308416668447922	3	5		1	2																																	
CAND_MEANING_003069	Meaning	unrelated	0		plus	candidate_pending_human_review			USF Appendix A	USF:absent-both-directions	flask	guardian								0.0	0.0	3.048304679574555	3.846312850545938	3.4473087650602467	5	7		1	3																																	
CAND_MEANING_003070	Meaning	unrelated	0		plus	candidate_pending_human_review			USF Appendix A	USF:absent-both-directions	faint	look								0.0	0.0	3.9672909646398753	6.289427178890095	5.128359071764985	4	3		1	1																																	
CAND_MEANING_003071	Meaning	unrelated	0		plus	candidate_pending_human_review			USF Appendix A	USF:absent-both-directions	form	nicotine								0.0	0.0	4.630886317506668	3.231949076520682	3.931417697013675	4	7		1	3																																	
CAND_MEANING_003072	Meaning	unrelated	0		plus	candidate_pending_human_review			USF Appendix A	USF:absent-both-directions	hostage	monotonous								0.0	0.0	4.163418637662639	2.9258982794816504	3.544658458572145	6	9		2	4																																	
CAND_MEANING_003073	Meaning	unrelated	0		plus	candidate_pending_human_review			USF Appendix A	USF:absent-both-directions	cards	revolution								0.0	0.0	4.681418609026778	4.091080469347332	4.386249539187055	5	9		1	4																																	
CAND_MEANING_003074	Meaning	unrelated	0		plus	candidate_pending_human_review			USF Appendix A	USF:absent-both-directions	form	month								0.0	0.0	4.630886317506668	4.97852959589798	4.804707956702324	4	4		1	1																																	
CAND_MEANING_003075	Meaning	unrelated	0		plus	candidate_pending_human_review			USF Appendix A	USF:absent-both-directions	rest	brilliant								0.0	0.0	5.328299637597617	4.553930597100344	4.94111511734898	4	8		1	2																																	
CAND_MEANING_003076	Meaning	unrelated	0		plus	candidate_pending_human_review			USF Appendix A	USF:absent-both-directions	snob	canoe								0.0	0.0	3.337752802688721	3.5525012118871384	3.4451270072879296	4	4		1	2																																	
CAND_MEANING_003077	Meaning	unrelated	0		plus	candidate_pending_human_review			USF Appendix A	USF:absent-both-directions	horse	policeman								0.0	0.0	4.96793320863002	4.0691310078904745	4.518532108260247	4	8		1	3																																	
CAND_MEANING_003078	Meaning	unrelated	0		plus	candidate_pending_human_review			USF Appendix A	USF:absent-both-directions	dine	juice								0.0	0.0	3.632873938742182	4.429467278691576	4.031170608716879	3	3		1	1																																	
CAND_MEANING_003079	Meaning	unrelated	0		plus	candidate_pending_human_review			USF Appendix A	USF:absent-both-directions	hostage	muffin								0.0	0.0	4.163418637662639	3.765186273219276	3.964302455440958	6	5		2	2																																	
CAND_MEANING_003080	Meaning	unrelated	0		plus	candidate_pending_human_review			USF Appendix A	USF:absent-both-directions	trend	drawing								0.0	0.0	3.3177356891668337	4.204651880434479	3.7611937848006565	5	5		1	2																																	
CAND_MEANING_003081	Meaning	unrelated	0		plus	candidate_pending_human_review			USF Appendix A	USF:absent-both-directions	claw	pouch								0.0	0.0	3.6407346869502244	3.231949076520682	3.436341881735453	3	3		1	1																																	
CAND_MEANING_003082	Meaning	unrelated	0		plus	candidate_pending_human_review			USF Appendix A	USF:absent-both-directions	cards	ahead								0.0	0.0	4.681418609026778	5.297395711008887	4.989407160017833	5	4		1	2																																	
CAND_MEANING_003083	Meaning	unrelated	0		plus	candidate_pending_human_review			USF Appendix A	USF:absent-both-directions	oil	week								0.0	0.0	4.613613851204378	5.377506235374158	4.995560043289268	2	3		1	1																																	
CAND_MEANING_003084	Meaning	unrelated	0		plus	candidate_pending_human_review			USF Appendix A	USF:absent-both-directions	malaria	nauseous								0.0	0.0	3.2218487496163566	3.4910869108564864	3.3564678302364213	7	5		4	2																																	
CAND_MEANING_003085	Meaning	unrelated	0		plus	candidate_pending_human_review			USF Appendix A	USF:absent-both-directions	measurement	dull								0.0	0.0	2.723793588061051	4.082010536066489	3.40290206206377	8	3		3	1																																	
CAND_MEANING_003086	Meaning	unrelated	0		plus	candidate_pending_human_review			USF Appendix A	USF:absent-both-directions	brave	vinegar								0.0	0.0	4.501139843808465	3.226928275145631	3.8640340594770484	4	6		1	3																																	
CAND_MEANING_003087	Meaning	unrelated	0		plus	candidate_pending_human_review			USF Appendix A	USF:absent-both-directions	trot	peel								0.0	0.0	3.256217651247619	3.7285924709428198	3.4924050610952193	4	3		1	1																																	
CAND_MEANING_003088	Meaning	unrelated	0		plus	candidate_pending_human_review			USF Appendix A	USF:absent-both-directions	calculator	bluff								0.0	0.0	3.1119737594439325	3.7934890861198154	3.452731422781874	10	4		4	1																																	
CAND_MEANING_003089	Meaning	unrelated	0		plus	candidate_pending_human_review			USF Appendix A	USF:absent-both-directions	rest	raisin								0.0	0.0	5.328299637597617	3.2115079162781375	4.269903776937877	4	5		1	2																																	
CAND_MEANING_003090	Meaning	unrelated	0		plus	candidate_pending_human_review			USF Appendix A	USF:absent-both-directions	component	uptight								0.0	0.0	3.2009148427807133	3.606297044271217	3.403605943525965	9	5		3	2																																	
CAND_MEANING_003091	Meaning	unrelated	0		plus	candidate_pending_human_review			USF Appendix A	USF:absent-both-directions	malaria	kettle								0.0	0.0	3.2218487496163566	3.4477658613671256	3.334807305491741	7	5		4	2																																	
CAND_MEANING_003092	Meaning	unrelated	0		plus	candidate_pending_human_review			USF Appendix A	USF:absent-both-directions	trot	pump								0.0	0.0	3.256217651247619	4.101989538537332	3.6791035948924753	4	4		1	1																																	
CAND_MEANING_003093	Meaning	unrelated	0		plus	candidate_pending_human_review			USF Appendix A	USF:absent-both-directions	electrician	ton								0.0	0.0	3.173243416182855	3.8744931868137726	3.5238683014983136	10	3		4	1																																	
CAND_MEANING_003094	Meaning	unrelated	0		plus	candidate_pending_human_review			USF Appendix A	USF:absent-both-directions	neck	dislike								0.0	0.0	4.77458851931334	3.5934598195660445	4.1840241694396925	3	6		1	2																																	
CAND_MEANING_003095	Meaning	unrelated	0		plus	candidate_pending_human_review			USF Appendix A	USF:absent-both-directions	wary	seven								0.0	0.0	2.872213420518874	5.018912520686893	3.945562970602883	4	5		2	2																																	
CAND_MEANING_003096	Meaning	unrelated	0		plus	candidate_pending_human_review			USF Appendix A	USF:absent-both-directions	flask	expert								0.0	0.0	3.048304679574555	4.344738923549388	3.696521801561971	5	6		1	2																																	
CAND_MEANING_003097	Meaning	unrelated	0		plus	candidate_pending_human_review			USF Appendix A	USF:absent-both-directions	school	frog								0.0	0.0	5.5225976402482555	4.072747136042215	4.7976723881452354	4	4		1	1																																	
CAND_MEANING_003098	Meaning	unrelated	0		plus	candidate_pending_human_review			USF Appendix A	USF:absent-both-directions	malaria	license								0.0	0.0	3.2218487496163566	4.505947580898368	3.8638981652573623	7	6		4	2																																	
CAND_MEANING_003099	Meaning	unrelated	0		plus	candidate_pending_human_review			USF Appendix A	USF:absent-both-directions	diaper	punch								0.0	0.0	3.6308863175066683	4.472555699066118	4.051721008286393	4	4		2	1																																	
CAND_MEANING_003100	Meaning	unrelated	0		plus	candidate_pending_human_review			USF Appendix A	USF:absent-both-directions	foot	cage								0.0	0.0	4.812389004654132	4.306950362659987	4.559669683657059	3	3		1	1																																	
