item_id	task	condition	binary_label	split	stimulus_origin	adaptation_eligibility	original_trial_type	original_stimulus_file	source_resource	source_record_id	word1	word2	sentence	word1_ipa	word2_ipa	sentence_ipa	template_id	critical_word	critical_region	association_forward	association_backward	word1_subtlex	word2_subtlex	mean_content_subtlex	word1_n_phonemes	word2_n_phonemes	sentence_n_phonemes	word1_n_syllables	word2_n_syllables	childes_count_word1	childes_count_word2	subject	verb_lemma	verb_surface	object_lemma	object_surface	number_word	negation	overlap_ds003604_exact	overlap_ds003604_critical_vocab	qc_pass	qc_notes	shared_onset	shared_rime	shared_phoneme_count	phonological_relation_verified	cue	target	FSG	BSG	verb_object_FSG	verb_object_BSG	congruence_level	template_family	grammar_subtype	violation_type	violation_location	expected_form	observed_form	childes_count_verb	childes_count_object	content_word_childes_counts
MEANING_0001	Meaning	high_association	1	train					USF Appendix A	USF:Cue_Target_Pairs.A-B:473	acre	land		"[""eɪ"", ""k"", ""ə"", ""ɹ""]"	"[""l"", ""æ"", ""n"", ""d""]"					0.675	0.02	3.260912772455999	4.945062891985174	4.102987832220586	3	4		2	1	10	485								0	0	1						acre	land	0.675	0.02												
MEANING_0002	Meaning	high_association	1	train					USF Appendix A	USF:Cue_Target_Pairs.A-B:4558	bashful	shy		"[""b"", ""æ"", ""ʃ"", ""f"", ""ə"", ""l""]"	"[""ʃ"", ""aɪ""]"					0.73	0.076	3.0917703733556454	4.264169414789842	3.677969894072744	6	2		2	1	16	166								0	0	1						bashful	shy	0.73	0.076												
MEANING_0003	Meaning	high_association	1	train					USF Appendix A	USF:Cue_Target_Pairs.A-B:4818	beam	light		"[""b"", ""iː"", ""m""]"	"[""l"", ""aɪ"", ""t""]"					0.454	0.0	3.9407898348829953	5.21799973344544	4.579394784164218	3	3		1	1	35	3237								0	0	1						beam	light	0.454	0.0												
MEANING_0004	Meaning	high_association	1	train					USF Appendix A	USF:Cue_Target_Pairs.A-B:5187	behind	front		"[""b"", ""ɪ"", ""h"", ""aɪ"", ""n"", ""d""]"	"[""f"", ""ɹ"", ""ʌ"", ""n"", ""t""]"					0.466	0.0	5.2738406640679525	5.258993907999374	5.266417286033663	6	5		2	1	1890	966								0	0	1						behind	front	0.466	0.0												
MEANING_0005	Meaning	high_association	1	train					USF Appendix A	USF:Cue_Target_Pairs.A-B:7429	brick	house		"[""b"", ""ɹ"", ""ɪ"", ""k""]"	"[""h"", ""aʊ"", ""s""]"					0.404	0.012	4.007597181750521	5.710963118995275	4.859280150372898	4	3		1	1	88	9367								0	0	1						brick	house	0.404	0.012												
MEANING_0006	Meaning	high_association	1	train					USF Appendix A	USF:Cue_Target_Pairs.A-B:8457	buyer	seller		"[""b"", ""aɪ"", ""ə"", ""ɹ""]"	"[""s"", ""ɛ"", ""l"", ""ə"", ""ɹ""]"					0.572	0.513	3.7140337507718946	3.3416478465722452	3.52784079867207	3	4		2	2	7	9								0	0	1						buyer	seller	0.572	0.513												
MEANING_0007	Meaning	high_association	1	train					USF Appendix A	USF:Cue_Target_Pairs.C:183	calculator	math		"[""k"", ""æ"", ""l"", ""k"", ""j"", ""ʊ"", ""l"", ""eɪ"", ""t"", ""ə"", ""ɹ""]"	"[""m"", ""æ"", ""θ""]"					0.496	0.012	3.1119737594439325	4.21463610134108	3.6633049303925063	10	3		4	1	31	221								0	0	1						calculator	math	0.496	0.012												
MEANING_0008	Meaning	high_association	1	train					USF Appendix A	USF:Cue_Target_Pairs.C:210	calf	cow		"[""k"", ""æ"", ""f""]"	"[""k"", ""aʊ""]"					0.697	0.194	3.471406771195233	4.40670712046365	3.9390569458294413	3	2		1	1	192	3147								0	0	1						calf	cow	0.697	0.194												
MEANING_0009	Meaning	high_association	1	train					USF Appendix A	USF:Cue_Target_Pairs.C:405	canary	bird		"[""k"", ""ə"", ""n"", ""ɛ"", ""ɹ"", ""i""]"	"[""b"", ""ɜː"", ""d""]"					0.692	0.03	3.4656160923143378	4.6575432555296405	4.061579673921989	6	3		3	1	16	4830								0	0	1						canary	bird	0.692	0.03												
MEANING_0010	Meaning	high_association	1	train					USF Appendix A	USF:Cue_Target_Pairs.C:1780	chapel	church		"[""t̠ʃ"", ""æ"", ""p"", ""ə"", ""l""]"	"[""t̠ʃ"", ""ɜː"", ""t̠ʃ""]"					0.621	0.0	3.900955857479258	4.843025031391392	4.371990444435324	5	3		2	1	6	293								0	0	1						chapel	church	0.621	0.0												
MEANING_0011	Meaning	high_association	1	train					USF Appendix A	USF:Cue_Target_Pairs.C:1843	charge	card		"[""t̠ʃ"", ""ɑ"", ""ɹ"", ""d̠ʒ""]"	"[""k"", ""ɑ"", ""ɹ"", ""d""]"					0.479	0.0	4.9512994161040265	4.931617383837818	4.941458399970922	4	4		1	1	138	658								0	0	1						charge	card	0.479	0.0												
MEANING_0012	Meaning	high_association	1	train					USF Appendix A	USF:Cue_Target_Pairs.C:2101	chef	cook		"[""ʃ"", ""ɛ"", ""f""]"	"[""k"", ""ʊ"", ""k""]"					0.622	0.047	4.07490244806835	4.6586659476203565	4.366784197844353	3	3		1	1	45	1844								0	0	1						chef	cook	0.622	0.047												
MEANING_0013	Meaning	high_association	1	train					USF Appendix A	USF:Cue_Target_Pairs.C:2560	choose	pick		"[""t̠ʃ"", ""uː"", ""z""]"	"[""p"", ""ɪ"", ""k""]"					0.439	0.304	4.681773135154142	5.297524498974612	4.989648817064377	3	3		1	1	283	4409								0	0	1						choose	pick	0.439	0.304												
MEANING_0014	Meaning	high_association	1	train					USF Appendix A	USF:Cue_Target_Pairs.C:2616	chowder	clam		"[""t̠ʃ"", ""aʊ"", ""d"", ""ə"", ""ɹ""]"	"[""k"", ""l"", ""æ"", ""m""]"					0.755	0.042	3.2062436762857804	3.5934598195660445	3.3998517479259123	4	4		2	1	38	76								0	0	1						chowder	clam	0.755	0.042												
MEANING_0015	Meaning	high_association	1	train					USF Appendix A	USF:Cue_Target_Pairs.C:2815	citrus	fruit		"[""s"", ""ɪ"", ""t"", ""ɹ"", ""ə"", ""s""]"	"[""f"", ""ɹ"", ""uː"", ""t""]"					0.426	0.0	2.7074031718728815	4.336969584294475	3.522186378083678	6	4		2	1	9	916								0	0	1						citrus	fruit	0.426	0.0												
MEANING_0016	Meaning	high_association	1	train					USF Appendix A	USF:Cue_Target_Pairs.C:4745	condom	sex		"[""k"", ""ɑ"", ""n"", ""d"", ""ə"", ""m""]"	"[""s"", ""ɛ"", ""k"", ""s""]"					0.533	0.0	3.7123855723918213	5.182347507338269	4.447366539865046	6	4		2	1	0	17								0	0	1	unseen_phase1:condom					condom	sex	0.533	0.0												
MEANING_0017	Meaning	high_association	1	train					USF Appendix A	USF:Cue_Target_Pairs.C:5719	corpse	dead		"[""k"", ""ɔ"", ""ɹ"", ""p"", ""s""]"	"[""d"", ""ɛ"", ""d""]"					0.537	0.0	4.004237052943255	5.652227374936464	4.8282322139398595	5	3		1	1	1	839								0	0	1						corpse	dead	0.537	0.0												
MEANING_0018	Meaning	high_association	1	train					USF Appendix A	USF:Cue_Target_Pairs.C:7036	crust	pie		"[""k"", ""ɹ"", ""ʌ"", ""s"", ""t""]"	"[""p"", ""aɪ""]"					0.46	0.016	3.5125379119421187	4.458563794207173	3.9855508530746455	5	2		1	1	128	2176								0	0	1						crust	pie	0.46	0.016												
MEANING_0019	Meaning	high_association	1	train					USF Appendix A	USF:Cue_Target_Pairs.D-F:1274	depression	sad		"[""d"", ""ɪ"", ""p"", ""ɹ"", ""ɛ"", ""ʃ"", ""ə"", ""n""]"	"[""s"", ""æ"", ""d""]"					0.422	0.0	3.900955857479258	4.801901176004613	4.351428516741935	8	3		3	1	0	1096								0	0	1	unseen_phase1:depression					depression	sad	0.422	0.0												
MEANING_0020	Meaning	high_association	1	train					USF Appendix A	USF:Cue_Target_Pairs.D-F:1870	differ	same		"[""d"", ""ɪ"", ""f"", ""ə"", ""ɹ""]"	"[""s"", ""eɪ"", ""m""]"					0.458	0.0	3.385851509064299	5.620319805550606	4.5030856573074525	4	3		2	1	2	3016								0	0	1						differ	same	0.458	0.0												
MEANING_0021	Meaning	high_association	1	train					USF Appendix A	USF:Cue_Target_Pairs.D-F:2043	dime	nickel		"[""d"", ""aɪ"", ""m""]"	"[""n"", ""ɪ"", ""k"", ""ə"", ""l""]"					0.527	0.469	4.08130493967748	3.9269070940627953	4.0041060168701375	3	5		1	2	216	227								0	0	1						dime	nickel	0.527	0.469												
MEANING_0022	Meaning	high_association	1	train					USF Appendix A	USF:Cue_Target_Pairs.D-F:5670	esteem	self		"[""ɛ"", ""s"", ""t"", ""iː"", ""m""]"	"[""s"", ""ɛ"", ""l"", ""f""]"					0.584	0.028	3.226928275145631	4.150967021471702	3.688947648308667	5	4		2	1	1	230								0	0	1						esteem	self	0.584	0.028												
MEANING_0023	Meaning	high_association	1	train					USF Appendix A	USF:Cue_Target_Pairs.D-F:7083	famished	hungry		"[""f"", ""æ"", ""m"", ""ɪ"", ""ʃ"", ""t""]"	"[""h"", ""ʌ"", ""ŋ"", ""ɡ"", ""ɹ"", ""i""]"					0.643	0.037	3.1557526840225196	4.886932867722153	4.021342775872336	6	6		2	2	0	4526								0	0	1	unseen_phase1:famished					famished	hungry	0.643	0.037												
MEANING_0024	Meaning	high_association	1	train					USF Appendix A	USF:Cue_Target_Pairs.D-F:8441	flee	run		"[""f"", ""l"", ""iː""]"	"[""ɹ"", ""ʌ"", ""n""]"					0.592	0.0	3.6597857449280826	5.544748756843717	4.6022672508859	3	3		1	1	9	2028								0	0	1						flee	run	0.592	0.0												
MEANING_0025	Meaning	high_association	1	train					USF Appendix A	USF:Cue_Target_Pairs.D-F:8474	flex	muscle		"[""f"", ""l"", ""ɛ"", ""k"", ""s""]"	"[""m"", ""ʌ"", ""s"", ""ə"", ""l""]"					0.458	0.055	2.9913998282380825	4.1337892943569186	3.5625945612975007	5	5		1	2	0	97								0	0	1	unseen_phase1:flex					flex	muscle	0.458	0.055												
MEANING_0026	Meaning	high_association	1	train					USF Appendix A	USF:Cue_Target_Pairs.D-F:8699	flu	sick		"[""f"", ""l"", ""uː""]"	"[""s"", ""ɪ"", ""k""]"					0.585	0.024	3.9398127940166834	5.21861787300927	4.579215333512977	3	3		1	1	22	1417								0	0	1						flu	sick	0.585	0.024												
MEANING_0027	Meaning	high_association	1	train					USF Appendix A	USF:Cue_Target_Pairs.D-F:8731	flunk	fail		"[""f"", ""l"", ""ʌ"", ""ŋ"", ""k""]"	"[""f"", ""eɪ"", ""l""]"					0.621	0.089	3.256217651247619	4.390727360396761	3.82347250582219	5	3		1	1	2	12								0	0	1						flunk	fail	0.621	0.089												
MEANING_0028	Meaning	high_association	1	train					USF Appendix A	USF:Cue_Target_Pairs.D-F:9659	freckle	face		"[""f"", ""ɹ"", ""ɛ"", ""k"", ""ə"", ""l""]"	"[""f"", ""eɪ"", ""s""]"					0.448	0.0	2.769551078621726	5.461133504151141	4.115342291386433	6	3		2	1	27	3222								0	0	1						freckle	face	0.448	0.0												
MEANING_0029	Meaning	high_association	1	train					USF Appendix A	USF:Cue_Target_Pairs.D-F:9749	freezer	cold		"[""f"", ""ɹ"", ""iː"", ""z"", ""ə"", ""ɹ""]"	"[""k"", ""oʊ"", ""l"", ""d""]"					0.517	0.0	3.7123855723918213	5.114467071974649	4.413426322183235	5	4		2	1	45	3308								0	0	1						freezer	cold	0.517	0.0												
MEANING_0030	Meaning	high_association	1	train					USF Appendix A	USF:Cue_Target_Pairs.G-K:1037	goblin	ghost		"[""ɡ"", ""ɑ"", ""b"", ""l"", ""ɪ"", ""n""]"	"[""ɡ"", ""oʊ"", ""s"", ""t""]"					0.445	0.073	2.973671061277651	4.563341463312545	3.768506262295098	6	4		2	1	46	255								0	0	1						goblin	ghost	0.445	0.073												
MEANING_0031	Meaning	high_association	1	train					USF Appendix A	USF:Cue_Target_Pairs.G-K:1621	grasp	hold		"[""ɡ"", ""ɹ"", ""æ"", ""s"", ""p""]"	"[""h"", ""oʊ"", ""l"", ""d""]"					0.533	0.108	3.6597857449280826	5.6402085409674285	4.649997142947756	5	4		1	1	9	6360								0	0	1						grasp	hold	0.533	0.108												
MEANING_0032	Meaning	high_association	1	train					USF Appendix A	USF:Cue_Target_Pairs.G-K:4219	hobo	bum		"[""h"", ""oʊ"", ""b"", ""oʊ""]"	"[""b"", ""ʌ"", ""m""]"					0.682	0.128	3.251471216223157	4.188404556261128	3.7199378862421426	4	3		2	1	3	292								0	0	1						hobo	bum	0.682	0.128												
MEANING_0033	Meaning	high_association	1	train					USF Appendix A	USF:Cue_Target_Pairs.G-K:4626	horizon	sun		"[""h"", ""ə"", ""ɹ"", ""ɹ"", ""aɪ"", ""z"", ""ə"", ""n""]"	"[""s"", ""ʌ"", ""n""]"					0.412	0.0	3.6503646709025173	4.843025031391392	4.246694851146954	6	3		3	1	5	1510								0	0	1						horizon	sun	0.412	0.0												
MEANING_0034	Meaning	high_association	1	train					USF Appendix A	USF:Cue_Target_Pairs.G-K:4996	hum	sing		"[""h"", ""ʌ"", ""m""]"	"[""s"", ""ɪ"", ""ŋ""]"					0.486	0.033	3.6833649310054426	4.989397464646087	4.336381197825765	3	3		1	1	713	2560								0	0	1						hum	sing	0.486	0.033												
MEANING_0035	Meaning	high_association	1	train					USF Appendix A	USF:Cue_Target_Pairs.G-K:6327	insane	crazy		"[""ɪ"", ""n"", ""s"", ""eɪ"", ""n""]"	"[""k"", ""ɹ"", ""eɪ"", ""z"", ""i""]"					0.523	0.209	4.587556909154255	5.435006984822598	5.011281946988427	5	5		2	2	9	671								0	0	1						insane	crazy	0.523	0.209												
MEANING_0036	Meaning	high_association	1	train					USF Appendix A	USF:Cue_Target_Pairs.G-K:7164	jam	jelly		"[""d̠ʒ"", ""æ"", ""m""]"	"[""d̠ʒ"", ""ɛ"", ""l"", ""i""]"					0.453	0.213	4.131278914639319	3.852336448938176	3.991807681788748	3	4		1	2	269	664								0	0	1						jam	jelly	0.453	0.213												
MEANING_0037	Meaning	high_association	1	train					USF Appendix A	USF:Cue_Target_Pairs.L-O:44	labor	work		"[""l"", ""eɪ"", ""b"", ""ə"", ""ɹ""]"	"[""w"", ""ɜː"", ""k""]"					0.69	0.02	4.085521424078644	5.902013562370102	4.993767493224373	4	3		2	1	7	4417								0	0	1						labor	work	0.69	0.02												
MEANING_0038	Meaning	high_association	1	train					USF Appendix A	USF:Cue_Target_Pairs.L-O:687	leap	jump		"[""l"", ""iː"", ""p""]"	"[""d̠ʒ"", ""ʌ"", ""m"", ""p""]"					0.522	0.067	3.8239087409443187	4.844001797576317	4.3339552692603185	3	4		1	1	48	2805								0	0	1						leap	jump	0.522	0.067												
MEANING_0039	Meaning	high_association	1	train					USF Appendix A	USF:Cue_Target_Pairs.L-O:2178	lost	found		"[""l"", ""ɔ"", ""s"", ""t""]"	"[""f"", ""aʊ"", ""n"", ""d""]"					0.747	0.813	5.437750562820388	5.597695185925512	5.51772287437295	4	4		1	1	1316	2904								0	0	1						lost	found	0.747	0.813												
MEANING_0040	Meaning	high_association	1	train					USF Appendix A	USF:Cue_Target_Pairs.L-O:2891	male	female		"[""m"", ""eɪ"", ""l""]"	"[""f"", ""iː"", ""m"", ""eɪ"", ""l""]"					0.648	0.552	4.530726891777458	4.499794861371136	4.515260876574297	3	5		1	2	202	187								0	0	1						male	female	0.648	0.552												
MEANING_0041	Meaning	high_association	1	train					USF Appendix A	USF:Cue_Target_Pairs.L-O:3756	meal	food		"[""m"", ""iː"", ""l""]"	"[""f"", ""uː"", ""d""]"					0.488	0.017	4.460337633903544	5.1887355313681445	4.824536582635844	3	3		1	1	214	6222								0	0	1						meal	food	0.488	0.017												
MEANING_0042	Meaning	high_association	1	train					USF Appendix A	USF:Cue_Target_Pairs.L-O:4053	medium	large		"[""m"", ""iː"", ""d"", ""iə"", ""m""]"	"[""l"", ""ɑ"", ""ɹ"", ""d̠ʒ""]"					0.432	0.0	3.851138394435229	4.617534806873471	4.23433660065435	6	4		3	1	86	188								0	0	1						medium	large	0.432	0.0												
MEANING_0043	Meaning	high_association	1	train					USF Appendix A	USF:Cue_Target_Pairs.L-O:4820	miner	coal		"[""m"", ""aɪ"", ""n"", ""ə"", ""ɹ""]"	"[""k"", ""oʊ"", ""l""]"					0.5	0.051	3.16166154363304	3.817474630938909	3.4895680872859742	4	3		2	1	5	78								0	0	1						miner	coal	0.5	0.051												
MEANING_0044	Meaning	high_association	1	train					USF Appendix A	USF:Cue_Target_Pairs.L-O:5368	molten	lava		"[""m"", ""oʊ"", ""l"", ""t"", ""ə"", ""n""]"	"[""l"", ""ɑ"", ""v"", ""ə""]"					0.453	0.026	3.063281835544208	3.5379424917162137	3.300612163630211	6	4		2	2	0	21								0	0	1	unseen_phase1:molten					molten	lava	0.453	0.026												
MEANING_0045	Meaning	high_association	1	train					USF Appendix A	USF:Cue_Target_Pairs.L-O:5717	more	less		"[""m"", ""ɔ"", ""ɹ""]"	"[""l"", ""ɛ"", ""s""]"					0.63	0.629	6.1134714640149515	5.045706394086482	5.579588929050717	3	3		1	1	26063	161								0	0	1						more	less	0.63	0.629												
MEANING_0046	Meaning	high_association	1	train					USF Appendix A	USF:Cue_Target_Pairs.L-O:5830	mother	father		"[""m"", ""ʌ"", ""ð"", ""ə"", ""ɹ""]"	"[""f"", ""ɑ"", ""ð"", ""ə"", ""ɹ""]"					0.597	0.706	5.6811702684266745	5.7438938718076695	5.712532070117172	4	4		2	2	2706	802								0	0	1						mother	father	0.597	0.706												
MEANING_0047	Meaning	high_association	1	train					USF Appendix A	USF:Cue_Target_Pairs.L-O:7156	niece	nephew		"[""n"", ""iː"", ""s""]"	"[""n"", ""ɛ"", ""f"", ""j"", ""uː""]"					0.658	0.476	3.979066093164357	4.219800186941088	4.099433140052723	3	5		1	2	29	22								0	0	1						niece	nephew	0.658	0.476												
MEANING_0048	Meaning	high_association	1	train					USF Appendix A	USF:Cue_Target_Pairs.L-O:9176	owe	money		"[""oʊ""]"	"[""m"", ""ʌ"", ""n"", ""i""]"					0.473	0.0	4.870151348411085	5.806698582254281	5.338424965332683	1	4		1	2	81	2700								0	0	1						owe	money	0.473	0.0												
MEANING_0049	Meaning	high_association	1	train					USF Appendix A	USF:Cue_Target_Pairs.P-R:602	parrot	bird		"[""p"", ""æ"", ""ɹ"", ""ə"", ""t""]"	"[""b"", ""ɜː"", ""d""]"					0.628	0.056	3.515146295049647	4.6575432555296405	4.086344775289644	5	3		2	1	440	4830								0	0	1						parrot	bird	0.628	0.056												
MEANING_0050	Meaning	high_association	1	train					USF Appendix A	USF:Cue_Target_Pairs.P-R:1503	perch	bird		"[""p"", ""ɜː"", ""t̠ʃ""]"	"[""b"", ""ɜː"", ""d""]"					0.547	0.0	2.9913998282380825	4.6575432555296405	3.8244715418838613	3	3		1	1	16	4830								0	0	1						perch	bird	0.547	0.0												
MEANING_0051	Meaning	high_association	1	train					USF Appendix A	USF:Cue_Target_Pairs.P-R:1801	petals	flower		"[""p"", ""ɛ"", ""t"", ""ə"", ""l"", ""z""]"	"[""f"", ""l"", ""aʊ"", ""ə"", ""ɹ""]"					0.748	0.079	3.1789205490745456	4.357262043640637	3.7680912963575914	6	4		2	2	21	1219								0	0	1						petals	flower	0.748	0.079												
MEANING_0052	Meaning	high_association	1	train					USF Appendix A	USF:Cue_Target_Pairs.P-R:2307	pine	tree		"[""p"", ""aɪ"", ""n""]"	"[""t"", ""ɹ"", ""iː""]"					0.642	0.014	3.7921169065204676	4.812913356642856	4.302515131581662	3	3		1	1	156	2858								0	0	1						pine	tree	0.642	0.014												
MEANING_0053	Meaning	high_association	1	train					USF Appendix A	USF:Cue_Target_Pairs.P-R:2876	plaything	toy		"[""p"", ""l"", ""eɪ"", ""θ"", ""ɪ"", ""ŋ""]"	"[""t"", ""ɔɪ""]"					0.664	0.028	2.6903698325741012	4.226422987733306	3.4583964101537035	6	2		2	1	0	2851								0	0	1	unseen_phase1:plaything					plaything	toy	0.664	0.028												
MEANING_0054	Meaning	high_association	1	train					USF Appendix A	USF:Cue_Target_Pairs.P-R:2900	plead	beg		"[""p"", ""l"", ""iː"", ""d""]"	"[""b"", ""ɛ"", ""ɡ""]"					0.493	0.25	3.845098040014257	4.7074031718728815	4.276250605943569	4	3		1	1	0	24								0	0	1	unseen_phase1:plead					plead	beg	0.493	0.25												
MEANING_0055	Meaning	high_association	1	train					USF Appendix A	USF:Cue_Target_Pairs.P-R:4810	prison	jail		"[""p"", ""ɹ"", ""ɪ"", ""z"", ""ə"", ""n""]"	"[""d̠ʒ"", ""eɪ"", ""l""]"					0.424	0.261	4.819801906729675	4.848973532385578	4.834387719557627	6	3		2	1	13	228								0	0	1						prison	jail	0.424	0.261												
MEANING_0056	Meaning	high_association	1	train					USF Appendix A	USF:Cue_Target_Pairs.P-R:5757	pun	joke		"[""p"", ""ʌ"", ""n""]"	"[""d̠ʒ"", ""oʊ"", ""k""]"					0.575	0.0	3.2655576775017625	4.8634394962113685	4.0644985868565655	3	3		1	1	10	226								0	0	1						pun	joke	0.575	0.0												
MEANING_0057	Meaning	high_association	1	train					USF Appendix A	USF:Cue_Target_Pairs.P-R:5855	purchase	buy		"[""p"", ""ɜː"", ""t̠ʃ"", ""ɪ"", ""s""]"	"[""b"", ""aɪ""]"					0.577	0.133	3.8043131848809377	5.2842758775469605	4.544294531213949	5	2		2	1	6	2776								0	0	1						purchase	buy	0.577	0.133												
MEANING_0058	Meaning	high_association	1	train					USF Appendix A	USF:Cue_Target_Pairs.P-R:6025	quail	bird		"[""k"", ""w"", ""eɪ"", ""l""]"	"[""b"", ""ɜː"", ""d""]"					0.569	0.0	3.1249387366083	4.6575432555296405	3.8912409960689702	4	3		1	1	13	4830								0	0	1						quail	bird	0.569	0.0												
MEANING_0059	Meaning	high_association	1	train					USF Appendix A	USF:Cue_Target_Pairs.P-R:6100	quench	thirst		"[""k"", ""w"", ""ɛ"", ""n"", ""t̠ʃ""]"	"[""θ"", ""ɜː"", ""s"", ""t""]"					0.815	0.097	2.7975798022219696	3.5711834248548926	3.184381613538431	5	4		1	1	2	9								0	0	1						quench	thirst	0.815	0.097												
MEANING_0060	Meaning	high_association	1	train					USF Appendix A	USF:Cue_Target_Pairs.P-R:7396	reflection	mirror		"[""ɹ"", ""ɪ"", ""f"", ""l"", ""ɛ"", ""k"", ""ʃ"", ""ə"", ""n""]"	"[""m"", ""ɪ"", ""ɹ"", ""ə"", ""ɹ""]"					0.715	0.383	3.7006697892139133	4.383392900497795	4.042031344855854	9	4		3	2	25	535								0	0	1						reflection	mirror	0.715	0.383												
MEANING_0061	Meaning	high_association	1	train					USF Appendix A	USF:Cue_Target_Pairs.P-R:7407	refrain	stop		"[""ɹ"", ""ɪ"", ""f"", ""ɹ"", ""eɪ"", ""n""]"	"[""s"", ""t"", ""ɑ"", ""p""]"					0.514	0.0	3.309463163200844	5.849588006377395	4.57952558478912	6	4		2	1	0	5089								0	0	1	unseen_phase1:refrain					refrain	stop	0.514	0.0												
MEANING_0062	Meaning	high_association	1	train					USF Appendix A	USF:Cue_Target_Pairs.P-R:7872	remove	take		"[""ɹ"", ""ɪ"", ""m"", ""uː"", ""v""]"	"[""t"", ""eɪ"", ""k""]"					0.446	0.0	4.327459106104431	6.276700535180079	5.3020798206422555	5	3		2	1	19	17928								0	0	1						remove	take	0.446	0.0												
MEANING_0063	Meaning	high_association	1	train					USF Appendix A	USF:Cue_Target_Pairs.P-R:9091	roast	beef		"[""ɹ"", ""oʊ"", ""s"", ""t""]"	"[""b"", ""iː"", ""f""]"					0.494	0.085	3.9905303695254535	4.2945958856585715	4.1425631275920125	4	3		1	1	149	258								0	0	1						roast	beef	0.494	0.085												
MEANING_0064	Meaning	high_association	1	train					USF Appendix A	USF:Cue_Target_Pairs.S:289	saloon	bar		"[""s"", ""ə"", ""l"", ""uː"", ""n""]"	"[""b"", ""ɑ"", ""ɹ""]"					0.571	0.0	3.710731115221809	4.934399421604123	4.322565268412966	5	3		2	1	4	223								0	0	1						saloon	bar	0.571	0.0												
MEANING_0065	Meaning	high_association	1	train					USF Appendix A	USF:Cue_Target_Pairs.S:479	sauce	spaghetti		"[""s"", ""ɔ"", ""s""]"	"[""s"", ""p"", ""ə"", ""ɡ"", ""ɛ"", ""t"", ""i""]"					0.468	0.247	4.192796952558534	3.7724367668592143	3.982616859708874	3	7		1	3	597	1341								0	0	1						sauce	spaghetti	0.468	0.247												
MEANING_0066	Meaning	high_association	1	train					USF Appendix A	USF:Cue_Target_Pairs.S:1348	search	find		"[""s"", ""ɜː"", ""t̠ʃ""]"	"[""f"", ""aɪ"", ""n"", ""d""]"					0.491	0.022	4.684598973391799	5.9195805285277645	5.302089750959782	3	4		1	1	33	7188								0	0	1						search	find	0.491	0.022												
MEANING_0067	Meaning	high_association	1	train					USF Appendix A	USF:Cue_Target_Pairs.S:1963	server	waiter		"[""s"", ""ɜː"", ""v"", ""ə"", ""ɹ""]"	"[""w"", ""eɪ"", ""t"", ""ə"", ""ɹ""]"					0.467	0.108	3.5934598195660445	4.12044488812604	3.8569523538460424	4	4		2	2	4	20								0	0	1						server	waiter	0.467	0.108												
MEANING_0068	Meaning	high_association	1	train					USF Appendix A	USF:Cue_Target_Pairs.S:2837	shrink	small		"[""ʃ"", ""ɹ"", ""ɪ"", ""ŋ"", ""k""]"	"[""s"", ""m"", ""ɔ"", ""l""]"					0.486	0.0	4.053605637057795	5.096773742381929	4.575189689719862	5	4		1	1	15	2187								0	0	1						shrink	small	0.486	0.0												
MEANING_0069	Meaning	high_association	1	train					USF Appendix A	USF:Cue_Target_Pairs.S:3642	sky	blue		"[""s"", ""k"", ""aɪ""]"	"[""b"", ""l"", ""uː""]"					0.522	0.284	4.6513160283079324	5.010266691388989	4.830791359848461	3	3		1	1	522	6759								0	0	1						sky	blue	0.522	0.284												
MEANING_0070	Meaning	high_association	1	train					USF Appendix A	USF:Cue_Target_Pairs.S:3654	skyscraper	building		"[""s"", ""k"", ""aɪ"", ""s"", ""k"", ""ɹ"", ""eɪ"", ""p"", ""ə"", ""ɹ""]"	"[""b"", ""ɪ"", ""l"", ""d"", ""ɪ"", ""ŋ""]"					0.432	0.017	2.894489815230026	4.998122520439767	3.9463061678348965	9	6		3	2	10	919								0	0	1						skyscraper	building	0.432	0.017												
MEANING_0071	Meaning	high_association	1	train					USF Appendix A	USF:Cue_Target_Pairs.S:3679	slacks	pants		"[""s"", ""l"", ""æ"", ""k"", ""s""]"	"[""p"", ""æ"", ""n"", ""t"", ""s""]"					0.644	0.011	3.040617850908264	4.768971632929492	3.904794741918878	5	5		1	1	23	2008								0	0	1						slacks	pants	0.644	0.011												
MEANING_0072	Meaning	high_association	1	train					USF Appendix A	USF:Cue_Target_Pairs.S:5229	spades	cards		"[""s"", ""p"", ""eɪ"", ""d"", ""z""]"	"[""k"", ""ɑ"", ""ɹ"", ""d"", ""z""]"					0.568	0.0	3.4162814648691495	4.681418609026778	4.048850036947964	5	5		1	1	1	611								0	0	1						spades	cards	0.568	0.0												
MEANING_0073	Meaning	high_association	1	train					USF Appendix A	USF:Cue_Target_Pairs.S:7362	strand	hair		"[""s"", ""t"", ""ɹ"", ""æ"", ""n"", ""d""]"	"[""h"", ""ɛ"", ""ɹ""]"					0.453	0.0	3.2655576775017625	5.186247047869527	4.225902362685645	6	3		1	1	0	5390								0	0	1	unseen_phase1:strand					strand	hair	0.453	0.0												
MEANING_0074	Meaning	high_association	1	train					USF Appendix A	USF:Cue_Target_Pairs.S:7579	strike	hit		"[""s"", ""t"", ""ɹ"", ""aɪ"", ""k""]"	"[""h"", ""ɪ"", ""t""]"					0.447	0.0	4.6586659476203565	5.439332693830263	5.04899932072531	5	3		1	1	49	2330								0	0	1						strike	hit	0.447	0.0												
MEANING_0075	Meaning	high_association	1	train					USF Appendix A	USF:Cue_Target_Pairs.S:7731	structure	building		"[""s"", ""t"", ""ɹ"", ""ʌ"", ""k"", ""t̠ʃ"", ""ə"", ""ɹ""]"	"[""b"", ""ɪ"", ""l"", ""d"", ""ɪ"", ""ŋ""]"					0.415	0.034	4.007597181750521	4.998122520439767	4.502859851095144	7	6		2	2	17	919								0	0	1						structure	building	0.415	0.034												
MEANING_0076	Meaning	high_association	1	train					USF Appendix A	USF:Cue_Target_Pairs.S:8926	sweep	broom		"[""s"", ""w"", ""iː"", ""p""]"	"[""b"", ""ɹ"", ""uː"", ""m""]"					0.406	0.504	3.9781715625043272	3.678036097500376	3.8281038300023518	4	4		1	1	226	453								0	0	1						sweep	broom	0.406	0.504												
MEANING_0077	Meaning	high_association	1	train					USF Appendix A	USF:Cue_Target_Pairs.T-Z:1222	theater	movie		"[""θ"", ""iə"", ""t"", ""ə"", ""ɹ""]"	"[""m"", ""uː"", ""v"", ""i""]"					0.439	0.162	4.38092029408446	5.089766624677413	4.735343459380936	5	4		3	2	52	981								0	0	1						theater	movie	0.439	0.162												
MEANING_0078	Meaning	high_association	1	train					USF Appendix A	USF:Cue_Target_Pairs.T-Z:1741	thunder	lightning		"[""θ"", ""ʌ"", ""n"", ""d"", ""ə"", ""ɹ""]"	"[""l"", ""aɪ"", ""t"", ""n"", ""ɪ"", ""ŋ""]"					0.818	0.354	4.124299598182565	4.150365088621493	4.137332343402029	5	6		2	2	139	80								0	0	1						thunder	lightning	0.818	0.354												
MEANING_0079	Meaning	high_association	1	train					USF Appendix A	USF:Cue_Target_Pairs.T-Z:1927	timid	shy		"[""t"", ""ɪ"", ""m"", ""ɪ"", ""d""]"	"[""ʃ"", ""aɪ""]"					0.689	0.104	3.1789205490745456	4.264169414789842	3.721544981932194	5	2		2	1	2	166								0	0	1						timid	shy	0.689	0.104												
MEANING_0080	Meaning	high_association	1	train					USF Appendix A	USF:Cue_Target_Pairs.T-Z:1948	tiny	small		"[""t"", ""aɪ"", ""n"", ""i""]"	"[""s"", ""m"", ""ɔ"", ""l""]"					0.65	0.088	4.5080673873371255	5.096773742381929	4.802420564859528	4	4		2	1	1205	2187								0	0	1						tiny	small	0.65	0.088												
MEANING_0081	Meaning	high_association	1	train					USF Appendix A	USF:Cue_Target_Pairs.T-Z:3598	tub	bath		"[""t"", ""ʌ"", ""b""]"	"[""b"", ""æ"", ""θ""]"					0.493	0.091	4.103334104570764	4.493006750656912	4.298170427613838	3	3		1	1	276	2671								0	0	1						tub	bath	0.493	0.091												
MEANING_0082	Meaning	high_association	1	train					USF Appendix A	USF:Cue_Target_Pairs.T-Z:5154	values	morals		"[""v"", ""æ"", ""l"", ""j"", ""uː"", ""z""]"	"[""m"", ""ɔ"", ""ɹ"", ""ə"", ""l"", ""z""]"					0.479	0.184	3.9279135707169757	3.4656160923143378	3.6967648315156567	6	6		2	2	1	0								0	0	1	unseen_phase1:morals					values	morals	0.479	0.184												
MEANING_0083	Meaning	high_association	1	train					USF Appendix A	USF:Cue_Target_Pairs.T-Z:5440	velocity	speed		"[""v"", ""ə"", ""l"", ""ɑ"", ""s"", ""ɪ"", ""t"", ""i""]"	"[""s"", ""p"", ""iː"", ""d""]"					0.559	0.02	3.44471816828512	4.615475559383765	4.0300968638344425	8	4		4	1	0	81								0	0	1	unseen_phase1:velocity					velocity	speed	0.559	0.02												
MEANING_0084	Meaning	high_association	1	train					USF Appendix A	USF:Cue_Target_Pairs.T-Z:5465	venom	poison		"[""v"", ""ɛ"", ""n"", ""ə"", ""m""]"	"[""p"", ""ɔɪ"", ""z"", ""ə"", ""n""]"					0.509	0.0	3.3679767852945943	4.390034152776474	3.8790054690355342	5	5		2	2	4	101								0	0	1						venom	poison	0.509	0.0												
MEANING_0085	Meaning	high_association	1	train					USF Appendix A	USF:Cue_Target_Pairs.T-Z:5490	verb	noun		"[""v"", ""ɜː"", ""b""]"	"[""n"", ""aʊ"", ""n""]"					0.642	0.69	3.0248235837250323	2.723793588061051	2.8743085858930417	3	3		1	1	9	23								0	0	1						verb	noun	0.642	0.69												
MEANING_0086	Meaning	high_association	1	train					USF Appendix A	USF:Cue_Target_Pairs.T-Z:5706	vine	grape		"[""v"", ""aɪ"", ""n""]"	"[""ɡ"", ""ɹ"", ""eɪ"", ""p""]"					0.605	0.219	3.3218136015872735	3.6020599913279625	3.4619367964576178	3	4		1	1	21	495								0	0	1						vine	grape	0.605	0.219												
MEANING_0087	Meaning	high_association	1	train					USF Appendix A	USF:Cue_Target_Pairs.T-Z:7475	wife	husband		"[""w"", ""aɪ"", ""f""]"	"[""h"", ""ʌ"", ""s"", ""b"", ""ə"", ""n"", ""d""]"					0.677	0.885	5.5427278162419285	5.289597695347897	5.416162755794913	3	7		1	2	191	251								0	0	1						wife	husband	0.677	0.885												
MEANING_0088	Meaning	high_association	1	train					USF Appendix A	USF:Cue_Target_Pairs.T-Z:8679	zebra	stripe		"[""z"", ""iː"", ""b"", ""ɹ"", ""ə""]"	"[""s"", ""t"", ""ɹ"", ""aɪ"", ""p""]"					0.455	0.045	3.399639793549932	3.16166154363304	3.280650668591486	5	5		2	1	1001	55								0	0	1						zebra	stripe	0.455	0.045												
MEANING_0089	Meaning	high_association	1	train					USF Appendix A	USF:Cue_Target_Pairs.T-Z:8716	zipper	pants		"[""z"", ""ɪ"", ""p"", ""ə"", ""ɹ""]"	"[""p"", ""æ"", ""n"", ""t"", ""s""]"					0.434	0.016	3.4507923159973135	4.768971632929492	4.109881974463403	4	5		2	1	319	2008								0	0	1						zipper	pants	0.434	0.016												
MEANING_0090	Meaning	high_association	1	train					USF Appendix A	USF:Cue_Target_Pairs.T-Z:8762	zoo	animal		"[""z"", ""uː""]"	"[""æ"", ""n"", ""ɪ"", ""m"", ""ə"", ""l""]"					0.649	0.022	4.135039063512625	4.657917808792964	4.396478436152794	2	6		1	3	1656	1611								0	0	1						zoo	animal	0.649	0.022												
MEANING_0091	Meaning	low_association	1	train					USF Appendix A	USF:Cue_Target_Pairs.A-B:2960	ashamed	embarrass		"[""ə"", ""ʃ"", ""eɪ"", ""m"", ""d""]"	"[""ɛ"", ""m"", ""b"", ""æ"", ""ɹ"", ""ə"", ""s""]"					0.362	0.0	4.4373152421892055	3.9456423376774072	4.191478789933306	5	7		2	3	19	1								0	0	1						ashamed	embarrass	0.362	0.0												
MEANING_0092	Meaning	low_association	1	train					USF Appendix A	USF:Cue_Target_Pairs.A-B:3073	ass	hole		"[""æ"", ""s""]"	"[""h"", ""oʊ"", ""l""]"					0.204	0.0	5.354823761155259	4.765040021498108	5.059931891326684	2	3		1	1	37	1438								0	0	1						ass	hole	0.204	0.0												
MEANING_0093	Meaning	low_association	1	train					USF Appendix A	USF:Cue_Target_Pairs.A-B:4651	bath	clean		"[""b"", ""æ"", ""θ""]"	"[""k"", ""l"", ""iː"", ""n""]"					0.242	0.0	4.493006750656912	5.083629070400939	4.788317910528925	3	4		1	1	2671	3376								0	0	1						bath	clean	0.242	0.0												
MEANING_0094	Meaning	low_association	1	train					USF Appendix A	USF:Cue_Target_Pairs.A-B:4945	beautiful	ugly		"[""b"", ""j"", ""uː"", ""t"", ""i"", ""f"", ""ə"", ""l""]"	"[""ʌ"", ""ɡ"", ""l"", ""i""]"					0.229	0.028	5.446732043586728	4.624868283817669	5.0358001637021985	8	4		3	2	1300	257								0	0	1						beautiful	ugly	0.229	0.028												
MEANING_0095	Meaning	low_association	1	train					USF Appendix A	USF:Cue_Target_Pairs.A-B:6341	blur	vision		"[""b"", ""l"", ""ɜː""]"	"[""v"", ""ɪ"", ""ʒ"", ""ə"", ""n""]"					0.146	0.016	3.329856321842687	4.37807711219892	3.8539667170208034	3	5		1	2	6	13								0	0	1						blur	vision	0.146	0.016												
MEANING_0096	Meaning	low_association	1	train					USF Appendix A	USF:Cue_Target_Pairs.A-B:6513	bolt	lightning		"[""b"", ""oʊ"", ""l"", ""t""]"	"[""l"", ""aɪ"", ""t"", ""n"", ""ɪ"", ""ŋ""]"					0.176	0.076	3.8377369403678876	4.150365088621493	3.9940510144946906	4	6		1	2	168	80								0	0	1						bolt	lightning	0.176	0.076												
MEANING_0097	Meaning	low_association	1	train					USF Appendix A	USF:Cue_Target_Pairs.C:409	cancer	death		"[""k"", ""æ"", ""n"", ""s"", ""ə"", ""ɹ""]"	"[""d"", ""ɛ"", ""θ""]"					0.291	0.0	4.348953547981164	5.3358314028129445	4.842392475397054	5	3		2	1	13	57								0	0	1						cancer	death	0.291	0.0												
MEANING_0098	Meaning	low_association	1	train					USF Appendix A	USF:Cue_Target_Pairs.C:794	cards	poker		"[""k"", ""ɑ"", ""ɹ"", ""d"", ""z""]"	"[""p"", ""oʊ"", ""k"", ""ə"", ""ɹ""]"					0.144	0.0	4.681418609026778	4.205713725662482	4.44356616734463	5	4		1	2	611	20								0	0	1						cards	poker	0.144	0.0												
MEANING_0099	Meaning	low_association	1	train					USF Appendix A	USF:Cue_Target_Pairs.C:1514	ceramic	pottery		"[""s"", ""ɪ"", ""ɹ"", ""æ"", ""m"", ""ɪ"", ""k""]"	"[""p"", ""ɑ"", ""t"", ""ə"", ""ɹ"", ""ɹ"", ""i""]"					0.236	0.046	3.0848215134003176	3.2655576775017625	3.17518959545104	6	5		3	3	6	10								0	0	1						ceramic	pottery	0.236	0.046												
MEANING_0100	Meaning	low_association	1	train					USF Appendix A	USF:Cue_Target_Pairs.C:1579	chain	saw		"[""t̠ʃ"", ""eɪ"", ""n""]"	"[""s"", ""ɔ""]"					0.218	0.0	4.326657084672615	5.604755306217195	4.965706195444905	3	2		1	1	148	4261								0	0	1						chain	saw	0.218	0.0												
MEANING_0101	Meaning	low_association	1	train					USF Appendix A	USF:Cue_Target_Pairs.C:4429	compose	music		"[""k"", ""ə"", ""m"", ""p"", ""oʊ"", ""z""]"	"[""m"", ""j"", ""uː"", ""z"", ""ɪ"", ""k""]"					0.207	0.0	3.195519810894007	5.18083399163911	4.188176901266559	6	6		2	2	1	1133								0	0	1						compose	music	0.207	0.0												
MEANING_0102	Meaning	low_association	1	train					USF Appendix A	USF:Cue_Target_Pairs.C:5408	convince	persuade		"[""k"", ""ə"", ""n"", ""v"", ""ɪ"", ""n"", ""s""]"	"[""p"", ""ə"", ""ɹ"", ""s"", ""w"", ""eɪ"", ""d""]"					0.251	0.158	4.27243319548581	3.8056474239700027	4.039040309727906	7	6		2	2	7	4								0	0	1						convince	persuade	0.251	0.158												
MEANING_0103	Meaning	low_association	1	train					USF Appendix A	USF:Cue_Target_Pairs.C:5721	corpse	death		"[""k"", ""ɔ"", ""ɹ"", ""p"", ""s""]"	"[""d"", ""ɛ"", ""θ""]"					0.163	0.0	4.004237052943255	5.3358314028129445	4.6700342278781	5	3		1	1	1	57								0	0	1						corpse	death	0.163	0.0												
MEANING_0104	Meaning	low_association	1	train					USF Appendix A	USF:Cue_Target_Pairs.C:5823	couch	potato		"[""k"", ""aʊ"", ""t̠ʃ""]"	"[""p"", ""ə"", ""t"", ""eɪ"", ""t"", ""oʊ""]"					0.203	0.0	4.370523974308474	4.052852307325276	4.211688140816875	3	6		1	3	474	654								0	0	1						couch	potato	0.203	0.0												
MEANING_0105	Meaning	low_association	1	train					USF Appendix A	USF:Cue_Target_Pairs.C:6319	crawl	baby		"[""k"", ""ɹ"", ""ɔ"", ""l""]"	"[""b"", ""eɪ"", ""b"", ""i""]"					0.345	0.0	4.0805981950432315	5.707035536366613	4.893816865704922	4	4		1	2	396	23715								0	0	1						crawl	baby	0.345	0.0												
MEANING_0106	Meaning	low_association	1	train					USF Appendix A	USF:Cue_Target_Pairs.D-F:306	dash	board		"[""d"", ""æ"", ""ʃ""]"	"[""b"", ""ɔ"", ""ɹ"", ""d""]"					0.236	0.0	3.780980540402508	4.807243118901349	4.2941118296519285	3	4		1	1	25	443								0	0	1						dash	board	0.236	0.0												
MEANING_0107	Meaning	low_association	1	train					USF Appendix A	USF:Cue_Target_Pairs.D-F:914	delicate	fragile		"[""d"", ""ɛ"", ""l"", ""ɪ"", ""k"", ""ə"", ""t""]"	"[""f"", ""ɹ"", ""æ"", ""d̠ʒ"", ""ə"", ""l""]"					0.286	0.111	3.9781715625043272	3.710731115221809	3.844451338863068	7	6		3	2	32	30								0	0	1						delicate	fragile	0.286	0.111												
MEANING_0108	Meaning	low_association	1	train					USF Appendix A	USF:Cue_Target_Pairs.D-F:3175	domain	range		"[""d"", ""ə"", ""m"", ""eɪ"", ""n""]"	"[""ɹ"", ""eɪ"", ""n"", ""d̠ʒ""]"					0.174	0.026	3.4130037551079138	4.357262043640637	3.8851328993742755	5	4		2	1	1	25								0	0	1						domain	range	0.174	0.026												
MEANING_0109	Meaning	low_association	1	train					USF Appendix A	USF:Cue_Target_Pairs.D-F:3264	donor	give		"[""d"", ""oʊ"", ""n"", ""ə"", ""ɹ""]"	"[""ɡ"", ""ɪ"", ""v""]"					0.175	0.0	3.6104931588648252	6.067377221207055	4.83893519003594	4	3		2	1	0	12174								0	0	1	unseen_phase1:donor					donor	give	0.175	0.0												
MEANING_0110	Meaning	low_association	1	train					USF Appendix A	USF:Cue_Target_Pairs.D-F:3481	downtown	city		"[""d"", ""aʊ"", ""n"", ""t"", ""aʊ"", ""n""]"	"[""s"", ""ɪ"", ""t"", ""i""]"					0.209	0.0	4.340871627452469	5.2281385717447275	4.784505099598598	6	4		2	2	68	347								0	0	1						downtown	city	0.209	0.0												
MEANING_0111	Meaning	low_association	1	train					USF Appendix A	USF:Cue_Target_Pairs.D-F:7717	fever	sick		"[""f"", ""iː"", ""v"", ""ə"", ""ɹ""]"	"[""s"", ""ɪ"", ""k""]"					0.288	0.016	4.299750776824808	5.21861787300927	4.759184324917039	4	3		2	1	66	1417								0	0	1						fever	sick	0.288	0.016												
MEANING_0112	Meaning	low_association	1	train					USF Appendix A	USF:Cue_Target_Pairs.D-F:7881	fighter	boxer		"[""f"", ""aɪ"", ""t"", ""ə"", ""ɹ""]"	"[""b"", ""ɑ"", ""k"", ""s"", ""ə"", ""ɹ""]"					0.209	0.145	4.106677419633984	3.5846858952585396	3.845681657446262	4	5		2	2	78	10								0	0	1						fighter	boxer	0.209	0.145												
MEANING_0113	Meaning	low_association	1	train					USF Appendix A	USF:Cue_Target_Pairs.D-F:8192	fishing	pole		"[""f"", ""ɪ"", ""ʃ"", ""ɪ"", ""ŋ""]"	"[""p"", ""oʊ"", ""l""]"					0.205	0.087	4.37305631082387	4.099964851970917	4.236510581397393	5	3		2	1	331	251								0	0	1						fishing	pole	0.205	0.087												
MEANING_0114	Meaning	low_association	1	train					USF Appendix A	USF:Cue_Target_Pairs.D-F:10344	fur	coat		"[""f"", ""ɜː""]"	"[""k"", ""oʊ"", ""t""]"					0.324	0.027	3.9177422748637376	4.624059541531996	4.270900908197866	2	3		1	1	449	1029								0	0	1						fur	coat	0.324	0.027												
MEANING_0115	Meaning	low_association	1	train					USF Appendix A	USF:Cue_Target_Pairs.G-K:863	glide	slide		"[""ɡ"", ""l"", ""aɪ"", ""d""]"	"[""s"", ""l"", ""aɪ"", ""d""]"					0.215	0.014	3.3716110699496884	4.250993707124032	3.81130238853686	4	4		1	1	10	1366								0	0	1						glide	slide	0.215	0.014												
MEANING_0116	Meaning	low_association	1	train					USF Appendix A	USF:Cue_Target_Pairs.G-K:1648	grasshopper	green		"[""ɡ"", ""ɹ"", ""æ"", ""s"", ""h"", ""ɑ"", ""p"", ""ə"", ""ɹ""]"	"[""ɡ"", ""ɹ"", ""iː"", ""n""]"					0.247	0.0	2.9645276818377813	4.860161786450133	3.9123447341439572	8	4		3	1	76	6670								0	0	1						grasshopper	green	0.247	0.0												
MEANING_0117	Meaning	low_association	1	train					USF Appendix A	USF:Cue_Target_Pairs.G-K:1759	graze	cow		"[""ɡ"", ""ɹ"", ""eɪ"", ""z""]"	"[""k"", ""aʊ""]"					0.362	0.0	2.883494430928563	4.40670712046365	3.6451007756961062	4	2		1	1	10	3147								0	0	1						graze	cow	0.362	0.0												
MEANING_0118	Meaning	low_association	1	train					USF Appendix A	USF:Cue_Target_Pairs.G-K:1891	grill	hamburger		"[""ɡ"", ""ɹ"", ""ɪ"", ""l""]"	"[""h"", ""æ"", ""m"", ""b"", ""ɜː"", ""ɡ"", ""ə"", ""ɹ""]"					0.224	0.0	3.6484556810951863	3.8912203306651785	3.7698380058801826	4	7		1	3	39	583								0	0	1						grill	hamburger	0.224	0.0												
MEANING_0119	Meaning	low_association	1	train					USF Appendix A	USF:Cue_Target_Pairs.G-K:2481	hair	comb		"[""h"", ""ɛ"", ""ɹ""]"	"[""k"", ""oʊ"", ""m""]"					0.152	0.315	5.186247047869527	3.7823883033268983	4.484317675598213	3	3		1	1	5390	829								0	0	1						hair	comb	0.152	0.315												
MEANING_0120	Meaning	low_association	1	train					USF Appendix A	USF:Cue_Target_Pairs.G-K:2752	handcuffs	cop		"[""h"", ""æ"", ""n"", ""d"", ""k"", ""ʌ"", ""f"", ""s""]"	"[""k"", ""ɑ"", ""p""]"					0.142	0.0	3.7123855723918213	4.9351910271673844	4.323788299779602	8	3		2	1	7	29								0	0	1						handcuffs	cop	0.142	0.0												
MEANING_0121	Meaning	low_association	1	train					USF Appendix A	USF:Cue_Target_Pairs.G-K:5551	illegal	drugs		"[""ɪ"", ""l"", ""iː"", ""ɡ"", ""ə"", ""l""]"	"[""d"", ""ɹ"", ""ʌ"", ""ɡ"", ""z""]"					0.273	0.028	4.3712490070009125	4.684070527394452	4.527659767197682	6	5		3	1	8	14								0	0	1						illegal	drugs	0.273	0.028												
MEANING_0122	Meaning	low_association	1	train					USF Appendix A	USF:Cue_Target_Pairs.G-K:7211	jaw	shark		"[""d̠ʒ"", ""ɔ""]"	"[""ʃ"", ""ɑ"", ""ɹ"", ""k""]"					0.199	0.0	3.8535312075511197	4.175523182477754	4.014527195014437	2	4		1	1	20	512								0	0	1						jaw	shark	0.199	0.0												
MEANING_0123	Meaning	low_association	1	train					USF Appendix A	USF:Cue_Target_Pairs.G-K:7899	key	door		"[""k"", ""iː""]"	"[""d"", ""ɔ"", ""ɹ""]"					0.218	0.011	4.938833550125134	5.465470331453126	5.20215194078913	2	3		1	1	849	4199								0	0	1						key	door	0.218	0.011												
MEANING_0124	Meaning	low_association	1	train					USF Appendix A	USF:Cue_Target_Pairs.G-K:8314	knit	sew		"[""n"", ""ɪ"", ""t""]"	"[""s"", ""oʊ""]"					0.284	0.039	3.2792015581683085	3.7395878552442827	3.5093947067062956	3	2		1	1	194	275								0	0	1						knit	sew	0.284	0.039												
MEANING_0125	Meaning	low_association	1	train					USF Appendix A	USF:Cue_Target_Pairs.L-O:699	learn	school		"[""l"", ""ɜː"", ""n""]"	"[""s"", ""k"", ""uː"", ""l""]"					0.167	0.066	5.073969792508006	5.5225976402482555	5.298283716378131	3	4		1	1	922	6413								0	0	1						learn	school	0.167	0.066												
MEANING_0126	Meaning	low_association	1	train					USF Appendix A	USF:Cue_Target_Pairs.L-O:1327	light	bulb		"[""l"", ""aɪ"", ""t""]"	"[""b"", ""ʌ"", ""l"", ""b""]"					0.212	0.788	5.21799973344544	3.5934598195660445	4.405729776505742	3	4		1	1	3237	71								0	0	1						light	bulb	0.212	0.788												
MEANING_0127	Meaning	low_association	1	train					USF Appendix A	USF:Cue_Target_Pairs.L-O:1524	lingerie	sexy		"[""l"", ""ɑ"", ""n"", ""ʒ"", ""ə"", ""ɹ"", ""ɹ"", ""eɪ""]"	"[""s"", ""ɛ"", ""k"", ""s"", ""i""]"					0.286	0.087	3.4507923159973135	4.476837309314384	3.9638148126558486	6	5		3	2	0	47								0	0	1	unseen_phase1:lingerie					lingerie	sexy	0.286	0.087												
MEANING_0128	Meaning	low_association	1	train					USF Appendix A	USF:Cue_Target_Pairs.L-O:1821	loaf	lazy		"[""l"", ""oʊ"", ""f""]"	"[""l"", ""eɪ"", ""z"", ""i""]"					0.147	0.0	3.6503646709025173	4.064017304783319	3.8571909878429183	3	4		1	2	129	115								0	0	1						loaf	lazy	0.147	0.0												
MEANING_0129	Meaning	low_association	1	train					USF Appendix A	USF:Cue_Target_Pairs.L-O:1920	lock	door		"[""l"", ""ɑ"", ""k""]"	"[""d"", ""ɔ"", ""ɹ""]"					0.2	0.044	4.752575641393814	5.465470331453126	5.10902298642347	3	3		1	1	352	4199								0	0	1						lock	door	0.2	0.044												
MEANING_0130	Meaning	low_association	1	train					USF Appendix A	USF:Cue_Target_Pairs.L-O:2753	mailbox	mail		"[""m"", ""eɪ"", ""l"", ""b"", ""ɑ"", ""k"", ""s""]"	"[""m"", ""eɪ"", ""l""]"					0.373	0.0	3.618765684830815	4.566356604002589	4.0925611444167025	7	3		2	1	106	784								0	0	1						mailbox	mail	0.373	0.0												
MEANING_0131	Meaning	low_association	1	train					USF Appendix A	USF:Cue_Target_Pairs.L-O:3705	maze	puzzle		"[""m"", ""eɪ"", ""z""]"	"[""p"", ""ʌ"", ""z"", ""ə"", ""l""]"					0.181	0.04	3.4063731762089002	3.865301426102544	3.635837301155722	3	5		1	2	27	1498								0	0	1						maze	puzzle	0.181	0.04												
MEANING_0132	Meaning	low_association	1	train					USF Appendix A	USF:Cue_Target_Pairs.L-O:4587	midget	small		"[""m"", ""ɪ"", ""d̠ʒ"", ""ɪ"", ""t""]"	"[""s"", ""m"", ""ɔ"", ""l""]"					0.27	0.0	3.6634976861738	5.096773742381929	4.3801357142778645	5	4		2	1	9	2187								0	0	1						midget	small	0.27	0.0												
MEANING_0133	Meaning	low_association	1	train					USF Appendix A	USF:Cue_Target_Pairs.L-O:4985	mischief	bad		"[""m"", ""ɪ"", ""s"", ""t̠ʃ"", ""ɪ"", ""f""]"	"[""b"", ""æ"", ""d""]"					0.174	0.0	3.3218136015872735	5.736537103739664	4.529175352663469	6	3		2	1	26	3858								0	0	1						mischief	bad	0.174	0.0												
MEANING_0134	Meaning	low_association	1	train					USF Appendix A	USF:Cue_Target_Pairs.L-O:5661	mop	broom		"[""m"", ""ɑ"", ""p""]"	"[""b"", ""ɹ"", ""uː"", ""m""]"					0.181	0.079	3.6167122791997564	3.678036097500376	3.6473741883500663	3	4		1	1	148	453								0	0	1						mop	broom	0.181	0.079												
MEANING_0135	Meaning	low_association	1	train					USF Appendix A	USF:Cue_Target_Pairs.L-O:5945	mouth	wash		"[""m"", ""aʊ"", ""θ""]"	"[""w"", ""ɑ"", ""ʃ""]"					0.201	0.0	5.018749436012839	4.609866320437163	4.8143078782250015	3	3		1	1	4899	2520								0	0	1						mouth	wash	0.201	0.0												
MEANING_0136	Meaning	low_association	1	train					USF Appendix A	USF:Cue_Target_Pairs.L-O:6093	mug	cup		"[""m"", ""ʌ"", ""ɡ""]"	"[""k"", ""ʌ"", ""p""]"					0.268	0.025	3.8352552508612434	4.713045594527829	4.274150422694536	3	3		1	1	33	3950								0	0	1						mug	cup	0.268	0.025												
MEANING_0137	Meaning	low_association	1	train					USF Appendix A	USF:Cue_Target_Pairs.L-O:7010	never	ever		"[""n"", ""ɛ"", ""v"", ""ə"", ""ɹ""]"	"[""ɛ"", ""v"", ""ə"", ""ɹ""]"					0.141	0.245	6.134352135581515	5.850778332663683	5.9925652341225994	4	3		2	2	3378	2384								0	0	1						never	ever	0.141	0.245												
MEANING_0138	Meaning	low_association	1	train					USF Appendix A	USF:Cue_Target_Pairs.L-O:7329	noose	hang		"[""n"", ""uː"", ""s""]"	"[""h"", ""æ"", ""ŋ""]"					0.345	0.044	3.337752802688721	5.169513080552714	4.253632941620717	3	3		1	1	0	1069								0	0	1	unseen_phase1:noose					noose	hang	0.345	0.044												
MEANING_0139	Meaning	low_association	1	train					USF Appendix A	USF:Cue_Target_Pairs.P-R:253	pan	pot		"[""p"", ""æ"", ""n""]"	"[""p"", ""ɑ"", ""t""]"					0.351	0.286	4.08969736473278	4.352749852590349	4.221223608661564	3	3		1	1	447	785								0	0	1						pan	pot	0.351	0.286												
MEANING_0140	Meaning	low_association	1	train					USF Appendix A	USF:Cue_Target_Pairs.P-R:1014	patrol	police		"[""p"", ""ə"", ""t"", ""ɹ"", ""oʊ"", ""l""]"	"[""p"", ""ə"", ""l"", ""iː"", ""s""]"					0.367	0.0	4.191155005491558	5.373200570742785	4.782177788117171	6	5		2	2	8	748								0	0	1						patrol	police	0.367	0.0												
MEANING_0141	Meaning	low_association	1	train					USF Appendix A	USF:Cue_Target_Pairs.P-R:2660	plant	green		"[""p"", ""l"", ""æ"", ""n"", ""t""]"	"[""ɡ"", ""ɹ"", ""iː"", ""n""]"					0.256	0.0	4.441032478708157	4.860161786450133	4.650597132579145	5	4		1	1	501	6670								0	0	1						plant	green	0.256	0.0												
MEANING_0142	Meaning	low_association	1	train					USF Appendix A	USF:Cue_Target_Pairs.P-R:4651	priest	church		"[""p"", ""ɹ"", ""iː"", ""s"", ""t""]"	"[""t̠ʃ"", ""ɜː"", ""t̠ʃ""]"					0.382	0.0	4.41823628204159	4.843025031391392	4.630630656716491	5	3		1	1	3	293								0	0	1						priest	church	0.382	0.0												
MEANING_0143	Meaning	low_association	1	train					USF Appendix A	USF:Cue_Target_Pairs.P-R:5387	protein	meat		"[""p"", ""ɹ"", ""oʊ"", ""t"", ""iː"", ""n""]"	"[""m"", ""iː"", ""t""]"					0.233	0.0	3.6541576599196564	4.639954983900753	4.147056321910204	6	3		2	1	35	1424								0	0	1						protein	meat	0.233	0.0												
MEANING_0144	Meaning	low_association	1	train					USF Appendix A	USF:Cue_Target_Pairs.P-R:6743	rationalize	think		"[""ɹ"", ""æ"", ""ʃ"", ""ə"", ""n"", ""ə"", ""l"", ""aɪ"", ""z""]"	"[""θ"", ""ɪ"", ""ŋ"", ""k""]"					0.317	0.0	2.7837915177363364	6.42997698247318	4.606884250104758	9	4		4	1	0	35496								0	0	1	unseen_phase1:rationalize					rationalize	think	0.317	0.0												
MEANING_0145	Meaning	low_association	1	train					USF Appendix A	USF:Cue_Target_Pairs.P-R:8419	restroom	toilet		"[""ɹ"", ""ɛ"", ""s"", ""t"", ""ɹ"", ""uː"", ""m""]"	"[""t"", ""ɔɪ"", ""l"", ""ɪ"", ""t""]"					0.171	0.014	3.38933983691012	4.460927307425097	3.925133572167608	7	5		2	2	2	225								0	0	1						restroom	toilet	0.171	0.014												
MEANING_0146	Meaning	low_association	1	train					USF Appendix A	USF:Cue_Target_Pairs.P-R:8910	ring	finger		"[""ɹ"", ""ɪ"", ""ŋ""]"	"[""f"", ""ɪ"", ""ŋ"", ""ɡ"", ""ə"", ""ɹ""]"					0.195	0.066	4.967290964639876	4.564271430438563	4.765781197539219	3	5		1	2	1627	1743								0	0	1						ring	finger	0.195	0.066												
MEANING_0147	Meaning	low_association	1	train					USF Appendix A	USF:Cue_Target_Pairs.P-R:8972	risk	chance		"[""ɹ"", ""ɪ"", ""s"", ""k""]"	"[""t̠ʃ"", ""æ"", ""n"", ""s""]"					0.241	0.101	4.690543515632566	5.38244084790921	5.036492181770888	4	4		1	1	9	234								0	0	1						risk	chance	0.241	0.101												
MEANING_0148	Meaning	low_association	1	train					USF Appendix A	USF:Cue_Target_Pairs.P-R:9238	rod	reel		"[""ɹ"", ""ɑ"", ""d""]"	"[""ɹ"", ""iː"", ""l""]"					0.279	0.291	4.030417150235494	3.5125379119421187	3.7714775310888067	3	3		1	1	50	35								0	0	1						rod	reel	0.279	0.291												
MEANING_0149	Meaning	low_association	1	train					USF Appendix A	USF:Cue_Target_Pairs.S:1335	seam	sew		"[""s"", ""iː"", ""m""]"	"[""s"", ""oʊ""]"					0.186	0.011	2.8109437637799513	3.7395878552442827	3.275265809512117	3	2		1	1	14	275								0	0	1						seam	sew	0.186	0.011												
MEANING_0150	Meaning	low_association	1	train					USF Appendix A	USF:Cue_Target_Pairs.S:2137	shade	tree		"[""ʃ"", ""eɪ"", ""d""]"	"[""t"", ""ɹ"", ""iː""]"					0.269	0.041	3.775303407510817	4.812913356642856	4.294108382076836	3	3		1	1	77	2858								0	0	1						shade	tree	0.269	0.041												
MEANING_0151	Meaning	low_association	1	train					USF Appendix A	USF:Cue_Target_Pairs.S:2360	sheep	lamb		"[""ʃ"", ""iː"", ""p""]"	"[""l"", ""æ"", ""m""]"					0.162	0.333	4.12812039539449	4.026429110440451	4.07727475291747	3	3		1	1	1614	685								0	0	1						sheep	lamb	0.162	0.333												
MEANING_0152	Meaning	low_association	1	train					USF Appendix A	USF:Cue_Target_Pairs.S:2957	sickle	cell		"[""s"", ""ɪ"", ""k"", ""ə"", ""l""]"	"[""s"", ""ɛ"", ""l""]"					0.265	0.0	2.7395878552442827	4.735223049841833	3.737405452543058	5	3		2	1	5	19								0	0	1						sickle	cell	0.265	0.0												
MEANING_0153	Meaning	low_association	1	train					USF Appendix A	USF:Cue_Target_Pairs.S:3201	sin	wrong		"[""s"", ""ɪ"", ""n""]"	"[""ɹ"", ""ɔ"", ""ŋ""]"					0.207	0.0	4.202520369496131	5.718583092118043	4.960551730807087	3	3		1	1	11	2037								0	0	1						sin	wrong	0.207	0.0												
MEANING_0154	Meaning	low_association	1	train					USF Appendix A	USF:Cue_Target_Pairs.S:3344	sinus	nose		"[""s"", ""aɪ"", ""n"", ""ə"", ""s""]"	"[""n"", ""oʊ"", ""z""]"					0.286	0.0	3.2418198305469765	4.843513689087844	4.04266675981741	5	3		2	1	1	4420								0	0	1						sinus	nose	0.286	0.0												
MEANING_0155	Meaning	low_association	1	train					USF Appendix A	USF:Cue_Target_Pairs.S:4525	snotty	snob		"[""s"", ""n"", ""ɑ"", ""t"", ""i""]"	"[""s"", ""n"", ""ɑ"", ""b""]"					0.217	0.049	3.105343180544919	3.337752802688721	3.22154799161682	5	4		2	1	8	0								0	0	1	unseen_phase1:snob					snotty	snob	0.217	0.049												
MEANING_0156	Meaning	low_association	1	train					USF Appendix A	USF:Cue_Target_Pairs.S:5522	spicy	food		"[""s"", ""p"", ""aɪ"", ""s"", ""i""]"	"[""f"", ""uː"", ""d""]"					0.24	0.0	3.520316528515737	5.1887355313681445	4.35452602994194	5	3		2	1	91	6222								0	0	1						spicy	food	0.24	0.0												
MEANING_0157	Meaning	low_association	1	train					USF Appendix A	USF:Cue_Target_Pairs.S:5826	spot	stain		"[""s"", ""p"", ""ɑ"", ""t""]"	"[""s"", ""t"", ""eɪ"", ""n""]"					0.345	0.188	4.789359471975279	3.7921169065204676	4.2907381892478735	4	4		1	1	625	26								0	0	1						spot	stain	0.345	0.188												
MEANING_0158	Meaning	low_association	1	train					USF Appendix A	USF:Cue_Target_Pairs.S:7407	strap	belt		"[""s"", ""t"", ""ɹ"", ""æ"", ""p""]"	"[""b"", ""ɛ"", ""l"", ""t""]"					0.203	0.016	3.7123855723918213	4.386551419742625	4.049468496067224	5	4		1	1	53	538								0	0	1						strap	belt	0.203	0.016												
MEANING_0159	Meaning	low_association	1	train					USF Appendix A	USF:Cue_Target_Pairs.S:8179	suede	shoes		"[""s"", ""w"", ""eɪ"", ""d""]"	"[""ʃ"", ""uː"", ""z""]"					0.24	0.0	3.256217651247619	4.870151348411085	4.063184499829352	4	3		1	1	3	4162								0	0	1						suede	shoes	0.24	0.0												
MEANING_0160	Meaning	low_association	1	train					USF Appendix A	USF:Cue_Target_Pairs.T-Z:259	tan	sun		"[""t"", ""æ"", ""n""]"	"[""s"", ""ʌ"", ""n""]"					0.162	0.173	3.934894344144185	4.843025031391392	4.388959687767788	3	3		1	1	95	1510								0	0	1						tan	sun	0.162	0.173												
MEANING_0161	Meaning	low_association	1	train					USF Appendix A	USF:Cue_Target_Pairs.T-Z:493	tavern	pub		"[""t"", ""æ"", ""v"", ""ə"", ""ɹ"", ""n""]"	"[""p"", ""ʌ"", ""b""]"					0.259	0.0	3.4910869108564864	3.5711834248548926	3.5311351678556893	5	3		2	1	3	0								0	0	1	unseen_phase1:pub					tavern	pub	0.259	0.0												
MEANING_0162	Meaning	low_association	1	train					USF Appendix A	USF:Cue_Target_Pairs.T-Z:593	teapot	tea		"[""t"", ""iː"", ""p"", ""ɑ"", ""t""]"	"[""t"", ""iː""]"					0.182	0.0	2.935882500388251	4.768101012226493	3.8519917563073722	5	2		2	1	147	2164								0	0	1						teapot	tea	0.182	0.0												
MEANING_0163	Meaning	low_association	1	train					USF Appendix A	USF:Cue_Target_Pairs.T-Z:1237	theft	steal		"[""θ"", ""ɛ"", ""f"", ""t""]"	"[""s"", ""t"", ""iː"", ""l""]"					0.313	0.0	3.8289882664735937	4.726998727936262	4.277993497204928	4	4		1	1	0	150								0	0	1	unseen_phase1:theft					theft	steal	0.313	0.0												
MEANING_0164	Meaning	low_association	1	train					USF Appendix A	USF:Cue_Target_Pairs.T-Z:1734	thumb	finger		"[""θ"", ""ʌ"", ""m""]"	"[""f"", ""ɪ"", ""ŋ"", ""ɡ"", ""ə"", ""ɹ""]"					0.257	0.141	4.072747136042215	4.564271430438563	4.318509283240389	3	5		1	2	409	1743								0	0	1						thumb	finger	0.257	0.141												
MEANING_0165	Meaning	low_association	1	train					USF Appendix A	USF:Cue_Target_Pairs.T-Z:2726	tractor	trailer		"[""t"", ""ɹ"", ""æ"", ""k"", ""t"", ""ə"", ""ɹ""]"	"[""t"", ""ɹ"", ""eɪ"", ""l"", ""ə"", ""ɹ""]"					0.326	0.034	3.5711834248548926	4.0551083876295	3.8131459062421964	6	5		2	2	800	158								0	0	1						tractor	trailer	0.326	0.034												
MEANING_0166	Meaning	low_association	1	train					USF Appendix A	USF:Cue_Target_Pairs.T-Z:2983	trap	mouse		"[""t"", ""ɹ"", ""æ"", ""p""]"	"[""m"", ""aʊ"", ""s""]"					0.197	0.029	4.37736339883878	4.2814344396006	4.32939891921969	4	3		1	1	96	2275								0	0	1						trap	mouse	0.197	0.029												
MEANING_0167	Meaning	low_association	1	train					USF Appendix A	USF:Cue_Target_Pairs.T-Z:3447	truce	peace		"[""t"", ""ɹ"", ""uː"", ""s""]"	"[""p"", ""iː"", ""s""]"					0.351	0.0	3.63485250472427	4.8426581769571575	4.238755340840713	4	3		1	1	0	70								0	0	1	unseen_phase1:truce					truce	peace	0.351	0.0												
MEANING_0168	Meaning	low_association	1	train					USF Appendix A	USF:Cue_Target_Pairs.T-Z:4556	universe	planet		"[""j"", ""uː"", ""n"", ""ɪ"", ""v"", ""ɜː"", ""s""]"	"[""p"", ""l"", ""æ"", ""n"", ""ɪ"", ""t""]"					0.176	0.018	4.402682741255466	4.587996923864543	4.4953398325600045	7	6		3	2	3	129								0	0	1						universe	planet	0.176	0.018												
MEANING_0169	Meaning	low_association	1	train					USF Appendix A	USF:Cue_Target_Pairs.T-Z:5400	vegetables	fruit		"[""v"", ""ɛ"", ""d̠ʒ"", ""ɪ"", ""t"", ""ə"", ""b"", ""ə"", ""l"", ""z""]"	"[""f"", ""ɹ"", ""uː"", ""t""]"					0.208	0.082	3.8213465241797184	4.336969584294475	4.079158054237096	9	4		3	1	455	916								0	0	1						vegetables	fruit	0.208	0.082												
MEANING_0170	Meaning	low_association	1	train					USF Appendix A	USF:Cue_Target_Pairs.T-Z:5500	verdict	decision		"[""v"", ""ɜː"", ""d"", ""ɪ"", ""k"", ""t""]"	"[""d"", ""ɪ"", ""s"", ""ɪ"", ""ʒ"", ""ə"", ""n""]"					0.176	0.0	4.039064022839643	4.740826927359832	4.389945475099737	6	7		2	3	0	33								0	0	1	unseen_phase1:verdict					verdict	decision	0.176	0.0												
MEANING_0171	Meaning	low_association	1	train					USF Appendix A	USF:Cue_Target_Pairs.T-Z:5517	verse	song		"[""v"", ""ɜː"", ""s""]"	"[""s"", ""ɔ"", ""ŋ""]"					0.231	0.0	3.6690067809585756	4.971675969315923	4.320341375137249	3	3		1	1	10	1841								0	0	1						verse	song	0.231	0.0												
MEANING_0172	Meaning	low_association	1	train					USF Appendix A	USF:Cue_Target_Pairs.T-Z:6983	wedding	bell		"[""w"", ""ɛ"", ""d"", ""ɪ"", ""ŋ""]"	"[""b"", ""ɛ"", ""l""]"					0.145	0.0	5.006172302311146	4.594760752586463	4.800466527448805	5	3		2	1	111	523								0	0	1						wedding	bell	0.145	0.0												
MEANING_0173	Meaning	low_association	1	train					USF Appendix A	USF:Cue_Target_Pairs.T-Z:7032	week	month		"[""w"", ""iː"", ""k""]"	"[""m"", ""ʌ"", ""n"", ""θ""]"					0.216	0.067	5.377506235374158	4.97852959589798	5.178017915636069	3	4		1	1	1118	225								0	0	1						week	month	0.216	0.067												
MEANING_0174	Meaning	low_association	1	train					USF Appendix A	USF:Cue_Target_Pairs.T-Z:7452	widow	death		"[""w"", ""ɪ"", ""d"", ""oʊ""]"	"[""d"", ""ɛ"", ""θ""]"					0.209	0.0	4.082714987935305	5.3358314028129445	4.709273195374125	4	3		2	1	1	57								0	0	1						widow	death	0.209	0.0												
MEANING_0175	Meaning	low_association	1	train					USF Appendix A	USF:Cue_Target_Pairs.T-Z:7608	winding	road		"[""w"", ""aɪ"", ""n"", ""d"", ""ɪ"", ""ŋ""]"	"[""ɹ"", ""oʊ"", ""d""]"					0.257	0.015	3.2924298239020637	5.048989866908746	4.170709845405405	6	3		2	1	52	652								0	0	1						winding	road	0.257	0.015												
MEANING_0176	Meaning	low_association	1	train					USF Appendix A	USF:Cue_Target_Pairs.T-Z:8002	wool	sheep		"[""w"", ""ʊ"", ""l""]"	"[""ʃ"", ""iː"", ""p""]"					0.217	0.291	3.4992556999339133	4.12812039539449	3.8136880476642014	3	3		1	1	139	1614								0	0	1						wool	sheep	0.217	0.291												
MEANING_0177	Meaning	low_association	1	train					USF Appendix A	USF:Cue_Target_Pairs.T-Z:8018	word	sentence		"[""w"", ""ɜː"", ""d""]"	"[""s"", ""ɛ"", ""n"", ""t"", ""ə"", ""n"", ""s""]"					0.141	0.0	5.372081300975909	4.312376505580906	4.842228903278407	3	7		1	2	1632	112								0	0	1						word	sentence	0.141	0.0												
MEANING_0178	Meaning	low_association	1	train					USF Appendix A	USF:Cue_Target_Pairs.T-Z:8218	worth	money		"[""w"", ""ɜː"", ""θ""]"	"[""m"", ""ʌ"", ""n"", ""i""]"					0.247	0.0	5.038207041791823	5.806698582254281	5.422452812023052	3	4		1	2	76	2700								0	0	1						worth	money	0.247	0.0												
MEANING_0179	Meaning	low_association	1	train					USF Appendix A	USF:Cue_Target_Pairs.T-Z:8352	wrist	hand		"[""ɹ"", ""ɪ"", ""s"", ""t""]"	"[""h"", ""æ"", ""n"", ""d""]"					0.196	0.0	4.0142404391146105	5.446610256013887	4.730425347564249	4	4		1	1	90	5090								0	0	1						wrist	hand	0.196	0.0												
MEANING_0180	Meaning	low_association	1	train					USF Appendix A	USF:Cue_Target_Pairs.T-Z:8374	writer	author		"[""ɹ"", ""aɪ"", ""t"", ""ə"", ""ɹ""]"	"[""ɔ"", ""θ"", ""ə"", ""ɹ""]"					0.263	0.324	4.371611069949688	3.8998848471167324	4.13574795853321	4	3		2	2	25	41								0	0	1						writer	author	0.263	0.324												
MEANING_0181	Meaning	unrelated	0	train					USF Appendix A	USF:absent-both-directions	birthday	beach		"[""b"", ""ɜː"", ""θ"", ""d"", ""eɪ""]"	"[""b"", ""iː"", ""t̠ʃ""]"					0.0	0.0	4.987736346333866	4.753027012799665	4.870381679566766	5	3		2	1	3339	956								0	0	1						birthday	beach	0.0	0.0												
MEANING_0182	Meaning	unrelated	0	train					USF Appendix A	USF:absent-both-directions	birthday	bench		"[""b"", ""ɜː"", ""θ"", ""d"", ""eɪ""]"	"[""b"", ""ɛ"", ""n"", ""t̠ʃ""]"					0.0	0.0	4.987736346333866	3.9852767431792935	4.48650654475658	5	4		2	1	3339	165								0	0	1						birthday	bench	0.0	0.0												
MEANING_0183	Meaning	unrelated	0	train					USF Appendix A	USF:absent-both-directions	birthday	have		"[""b"", ""ɜː"", ""θ"", ""d"", ""eɪ""]"	"[""h"", ""æ"", ""v""]"					0.0	0.0	4.987736346333866	6.789680233491348	5.888708289912607	5	3		2	1	3339	66729								0	0	1						birthday	have	0.0	0.0												
MEANING_0184	Meaning	unrelated	0	train					USF Appendix A	USF:absent-both-directions	birthday	made		"[""b"", ""ɜː"", ""θ"", ""d"", ""eɪ""]"	"[""m"", ""eɪ"", ""d""]"					0.0	0.0	4.987736346333866	5.749190490844633	5.36846341858925	5	3		2	1	3339	4566								0	0	1						birthday	made	0.0	0.0												
MEANING_0185	Meaning	unrelated	0	train					USF Appendix A	USF:absent-both-directions	birthday	myth		"[""b"", ""ɜː"", ""θ"", ""d"", ""eɪ""]"	"[""m"", ""ɪ"", ""θ""]"					0.0	0.0	4.987736346333866	3.838972487380195	4.413354416857031	5	3		2	1	3339	5								0	0	1						birthday	myth	0.0	0.0												
MEANING_0186	Meaning	unrelated	0	train					USF Appendix A	USF:absent-both-directions	birthday	pair		"[""b"", ""ɜː"", ""θ"", ""d"", ""eɪ""]"	"[""p"", ""ɛ"", ""ɹ""]"					0.0	0.0	4.987736346333866	4.571183424854892	4.779459885594379	5	3		2	1	3339	245								0	0	1						birthday	pair	0.0	0.0												
MEANING_0187	Meaning	unrelated	0	train					USF Appendix A	USF:absent-both-directions	birthday	pill		"[""b"", ""ɜː"", ""θ"", ""d"", ""eɪ""]"	"[""p"", ""ɪ"", ""l""]"					0.0	0.0	4.987736346333866	4.072747136042215	4.530241741188041	5	3		2	1	3339	79								0	0	1						birthday	pill	0.0	0.0												
MEANING_0188	Meaning	unrelated	0	train					USF Appendix A	USF:absent-both-directions	birthday	treatment		"[""b"", ""ɜː"", ""θ"", ""d"", ""eɪ""]"	"[""t"", ""ɹ"", ""iː"", ""t"", ""m"", ""ə"", ""n"", ""t""]"					0.0	0.0	4.987736346333866	4.285866054399675	4.6368012003667705	5	8		2	2	3339	35								0	0	1						birthday	treatment	0.0	0.0												
MEANING_0189	Meaning	unrelated	0	train					USF Appendix A	USF:absent-both-directions	blur	advance		"[""b"", ""l"", ""ɜː""]"	"[""ə"", ""d"", ""v"", ""æ"", ""n"", ""s""]"					0.0	0.0	3.329856321842687	4.20358743264204	3.7667218772423636	3	6		1	2	6	17								0	0	1						blur	advance	0.0	0.0												
MEANING_0190	Meaning	unrelated	0	train					USF Appendix A	USF:absent-both-directions	blur	anatomy		"[""b"", ""l"", ""ɜː""]"	"[""ə"", ""n"", ""æ"", ""t"", ""ə"", ""m"", ""i""]"					0.0	0.0	3.329856321842687	3.5046174283060214	3.4172368750743543	3	7		1	4	6	3								0	0	1						blur	anatomy	0.0	0.0												
MEANING_0191	Meaning	unrelated	0	train					USF Appendix A	USF:absent-both-directions	blur	cream		"[""b"", ""l"", ""ɜː""]"	"[""k"", ""ɹ"", ""iː"", ""m""]"					0.0	0.0	3.329856321842687	4.687581415406607	4.008718868624647	3	4		1	1	6	4596								0	0	1						blur	cream	0.0	0.0												
MEANING_0192	Meaning	unrelated	0	train					USF Appendix A	USF:absent-both-directions	blur	fossil		"[""b"", ""l"", ""ɜː""]"	"[""f"", ""ɑ"", ""s"", ""ə"", ""l""]"					0.0	0.0	3.329856321842687	3.190056915192505	3.259956618517596	3	5		1	2	6	23								0	0	1						blur	fossil	0.0	0.0												
MEANING_0193	Meaning	unrelated	0	train					USF Appendix A	USF:absent-both-directions	blur	satin		"[""b"", ""l"", ""ɜː""]"	"[""s"", ""æ"", ""t"", ""ɪ"", ""n""]"					0.0	0.0	3.329856321842687	3.4162814648691495	3.373068893355918	3	5		1	2	6	3								0	0	1						blur	satin	0.0	0.0												
MEANING_0194	Meaning	unrelated	0	train					USF Appendix A	USF:absent-both-directions	cards	ahead		"[""k"", ""ɑ"", ""ɹ"", ""d"", ""z""]"	"[""ə"", ""h"", ""ɛ"", ""d""]"					0.0	0.0	4.681418609026778	5.297395711008887	4.989407160017833	5	4		1	2	611	2538								0	0	1						cards	ahead	0.0	0.0												
MEANING_0195	Meaning	unrelated	0	train					USF Appendix A	USF:absent-both-directions	cards	beauty		"[""k"", ""ɑ"", ""ɹ"", ""d"", ""z""]"	"[""b"", ""j"", ""uː"", ""t"", ""i""]"					0.0	0.0	4.681418609026778	4.683364931005443	4.68239177001611	5	5		1	2	611	166								0	0	1						cards	beauty	0.0	0.0												
MEANING_0196	Meaning	unrelated	0	train					USF Appendix A	USF:absent-both-directions	cards	bubble		"[""k"", ""ɑ"", ""ɹ"", ""d"", ""z""]"	"[""b"", ""ʌ"", ""b"", ""ə"", ""l""]"					0.0	0.0	4.681418609026778	3.9030899869919438	4.292254298009361	5	5		1	2	611	655								0	0	1						cards	bubble	0.0	0.0												
MEANING_0197	Meaning	unrelated	0	train					USF Appendix A	USF:absent-both-directions	cards	bully		"[""k"", ""ɑ"", ""ɹ"", ""d"", ""z""]"	"[""b"", ""ʊ"", ""l"", ""i""]"					0.0	0.0	4.681418609026778	3.8582776425755814	4.26984812580118	5	4		1	2	611	22								0	0	1						cards	bully	0.0	0.0												
MEANING_0198	Meaning	unrelated	0	train					USF Appendix A	USF:absent-both-directions	cards	clinic		"[""k"", ""ɑ"", ""ɹ"", ""d"", ""z""]"	"[""k"", ""l"", ""ɪ"", ""n"", ""ɪ"", ""k""]"					0.0	0.0	4.681418609026778	4.146128035678238	4.413773322352508	5	6		1	2	611	3								0	0	1						cards	clinic	0.0	0.0												
MEANING_0199	Meaning	unrelated	0	train					USF Appendix A	USF:absent-both-directions	cards	influence		"[""k"", ""ɑ"", ""ɹ"", ""d"", ""z""]"	"[""ɪ"", ""n"", ""f"", ""l"", ""uː"", ""ə"", ""n"", ""s""]"					0.0	0.0	4.681418609026778	4.169801169771838	4.425609889399308	5	8		1	3	611	6								0	0	1						cards	influence	0.0	0.0												
MEANING_0200	Meaning	unrelated	0	train					USF Appendix A	USF:absent-both-directions	cards	seat		"[""k"", ""ɑ"", ""ɹ"", ""d"", ""z""]"	"[""s"", ""iː"", ""t""]"					0.0	0.0	4.681418609026778	4.896439756314294	4.788929182670536	5	3		1	1	611	1018								0	0	1						cards	seat	0.0	0.0												
MEANING_0201	Meaning	unrelated	0	train					USF Appendix A	USF:absent-both-directions	cards	tragedy		"[""k"", ""ɑ"", ""ɹ"", ""d"", ""z""]"	"[""t"", ""ɹ"", ""æ"", ""d̠ʒ"", ""ə"", ""d"", ""i""]"					0.0	0.0	4.681418609026778	4.151568121196594	4.416493365111686	5	7		1	3	611	3								0	0	1						cards	tragedy	0.0	0.0												
MEANING_0202	Meaning	unrelated	0	train					USF Appendix A	USF:absent-both-directions	clog	drunk		"[""k"", ""l"", ""ɑ"", ""ɡ""]"	"[""d"", ""ɹ"", ""ʌ"", ""ŋ"", ""k""]"					0.0	0.0	2.905213680621799	4.883939632896718	3.8945766567592583	4	5		1	1	1	68								0	0	1						clog	drunk	0.0	0.0												
MEANING_0203	Meaning	unrelated	0	train					USF Appendix A	USF:absent-both-directions	clog	fate		"[""k"", ""l"", ""ɑ"", ""ɡ""]"	"[""f"", ""eɪ"", ""t""]"					0.0	0.0	2.905213680621799	4.430732522068345	3.667973101345072	4	3		1	1	1	2								0	0	1						clog	fate	0.0	0.0												
MEANING_0204	Meaning	unrelated	0	train					USF Appendix A	USF:absent-both-directions	clog	heading		"[""k"", ""l"", ""ɑ"", ""ɡ""]"	"[""h"", ""ɛ"", ""d"", ""ɪ"", ""ŋ""]"					0.0	0.0	2.905213680621799	4.524663345016798	3.714938512819298	4	5		1	2	1	21								0	0	1						clog	heading	0.0	0.0												
MEANING_0205	Meaning	unrelated	0	train					USF Appendix A	USF:absent-both-directions	clog	looks		"[""k"", ""l"", ""ɑ"", ""ɡ""]"	"[""l"", ""ʊ"", ""k"", ""s""]"					0.0	0.0	2.905213680621799	5.493444382115436	4.199329031368618	4	4		1	1	1	9228								0	0	1						clog	looks	0.0	0.0												
MEANING_0206	Meaning	unrelated	0	train					USF Appendix A	USF:absent-both-directions	clog	people		"[""k"", ""l"", ""ɑ"", ""ɡ""]"	"[""p"", ""iː"", ""p"", ""ə"", ""l""]"					0.0	0.0	2.905213680621799	6.042567791992532	4.473890736307165	4	5		1	2	1	6126								0	0	1						clog	people	0.0	0.0												
MEANING_0207	Meaning	unrelated	0	train					USF Appendix A	USF:absent-both-directions	component	hat		"[""k"", ""ə"", ""m"", ""p"", ""oʊ"", ""n"", ""ə"", ""n"", ""t""]"	"[""h"", ""æ"", ""t""]"					0.0	0.0	3.2009148427807133	4.807375829210068	4.004145335995391	9	3		3	1	1	5190								0	0	1						component	hat	0.0	0.0												
MEANING_0208	Meaning	unrelated	0	train					USF Appendix A	USF:absent-both-directions	conscious	budget		"[""k"", ""ɑ"", ""n"", ""ʃ"", ""ə"", ""s""]"	"[""b"", ""ʌ"", ""d̠ʒ"", ""ɪ"", ""t""]"					0.0	0.0	3.8327592986929373	4.00254718901388	3.9176532438534086	6	5		2	2	13	4								0	0	1						conscious	budget	0.0	0.0												
MEANING_0209	Meaning	unrelated	0	train					USF Appendix A	USF:absent-both-directions	conscious	drugs		"[""k"", ""ɑ"", ""n"", ""ʃ"", ""ə"", ""s""]"	"[""d"", ""ɹ"", ""ʌ"", ""ɡ"", ""z""]"					0.0	0.0	3.8327592986929373	4.684070527394452	4.258414913043694	6	5		2	1	13	14								0	0	1						conscious	drugs	0.0	0.0												
MEANING_0210	Meaning	unrelated	0	train					USF Appendix A	USF:absent-both-directions	conscious	solid		"[""k"", ""ɑ"", ""n"", ""ʃ"", ""ə"", ""s""]"	"[""s"", ""ɑ"", ""l"", ""ɪ"", ""d""]"					0.0	0.0	3.8327592986929373	4.291560365189435	4.062159831941186	6	5		2	2	13	38								0	0	1						conscious	solid	0.0	0.0												
MEANING_0211	Meaning	unrelated	0	train					USF Appendix A	USF:absent-both-directions	darkness	bed		"[""d"", ""ɑ"", ""ɹ"", ""k"", ""n"", ""ə"", ""s""]"	"[""b"", ""ɛ"", ""d""]"					0.0	0.0	4.2427946782781865	5.2721147477290895	4.7574547130036375	7	3		2	1	14	5182								0	0	1						darkness	bed	0.0	0.0												
MEANING_0212	Meaning	unrelated	0	train					USF Appendix A	USF:absent-both-directions	darkness	climber		"[""d"", ""ɑ"", ""ɹ"", ""k"", ""n"", ""ə"", ""s""]"	"[""k"", ""l"", ""aɪ"", ""m"", ""ə"", ""ɹ""]"					0.0	0.0	4.2427946782781865	2.894489815230026	3.568642246754106	7	5		2	2	14	18								0	0	1						darkness	climber	0.0	0.0												
MEANING_0213	Meaning	unrelated	0	train					USF Appendix A	USF:absent-both-directions	darkness	jug		"[""d"", ""ɑ"", ""ɹ"", ""k"", ""n"", ""ə"", ""s""]"	"[""d̠ʒ"", ""ʌ"", ""ɡ""]"					0.0	0.0	4.2427946782781865	3.4195346222668714	3.831164650272529	7	3		2	1	14	64								0	0	1						darkness	jug	0.0	0.0												
MEANING_0214	Meaning	unrelated	0	train					USF Appendix A	USF:absent-both-directions	darkness	ounce		"[""d"", ""ɑ"", ""ɹ"", ""k"", ""n"", ""ə"", ""s""]"	"[""aʊ"", ""n"", ""s""]"					0.0	0.0	4.2427946782781865	3.606297044271217	3.9245458612747015	7	3		2	1	14	7								0	0	1						darkness	ounce	0.0	0.0												
MEANING_0215	Meaning	unrelated	0	train					USF Appendix A	USF:absent-both-directions	darkness	pot		"[""d"", ""ɑ"", ""ɹ"", ""k"", ""n"", ""ə"", ""s""]"	"[""p"", ""ɑ"", ""t""]"					0.0	0.0	4.2427946782781865	4.352749852590349	4.297772265434268	7	3		2	1	14	785								0	0	1						darkness	pot	0.0	0.0												
MEANING_0216	Meaning	unrelated	0	train					USF Appendix A	USF:absent-both-directions	darkness	wife		"[""d"", ""ɑ"", ""ɹ"", ""k"", ""n"", ""ə"", ""s""]"	"[""w"", ""aɪ"", ""f""]"					0.0	0.0	4.2427946782781865	5.5427278162419285	4.892761247260058	7	3		2	1	14	191								0	0	1						darkness	wife	0.0	0.0												
MEANING_0217	Meaning	unrelated	0	train					USF Appendix A	USF:absent-both-directions	diaper	cannon		"[""d"", ""aɪ"", ""p"", ""ə"", ""ɹ""]"	"[""k"", ""æ"", ""n"", ""ə"", ""n""]"					0.0	0.0	3.6308863175066683	3.9398127940166834	3.785349555761676	4	5		2	2	1479	43								0	0	1						diaper	cannon	0.0	0.0												
MEANING_0218	Meaning	unrelated	0	train					USF Appendix A	USF:absent-both-directions	diaper	fate		"[""d"", ""aɪ"", ""p"", ""ə"", ""ɹ""]"	"[""f"", ""eɪ"", ""t""]"					0.0	0.0	3.6308863175066683	4.430732522068345	4.030809419787507	4	3		2	1	1479	2								0	0	1						diaper	fate	0.0	0.0												
MEANING_0219	Meaning	unrelated	0	train					USF Appendix A	USF:absent-both-directions	diaper	hula		"[""d"", ""aɪ"", ""p"", ""ə"", ""ɹ""]"	"[""h"", ""uː"", ""l"", ""ə""]"					0.0	0.0	3.6308863175066683	3.2924298239020637	3.461658070704366	4	4		2	2	1479	41								0	0	1						diaper	hula	0.0	0.0												
MEANING_0220	Meaning	unrelated	0	train					USF Appendix A	USF:absent-both-directions	diaper	shame		"[""d"", ""aɪ"", ""p"", ""ə"", ""ɹ""]"	"[""ʃ"", ""eɪ"", ""m""]"					0.0	0.0	3.6308863175066683	4.618765684830815	4.124826001168742	4	3		2	1	1479	109								0	0	1						diaper	shame	0.0	0.0												
MEANING_0221	Meaning	unrelated	0	train					USF Appendix A	USF:absent-both-directions	diaper	vain		"[""d"", ""aɪ"", ""p"", ""ə"", ""ɹ""]"	"[""v"", ""eɪ"", ""n""]"					0.0	0.0	3.6308863175066683	3.8135679076061	3.722227112556384	4	3		2	1	1479	4								0	0	1						diaper	vain	0.0	0.0												
MEANING_0222	Meaning	unrelated	0	train					USF Appendix A	USF:absent-both-directions	diaper	wed		"[""d"", ""aɪ"", ""p"", ""ə"", ""ɹ""]"	"[""w"", ""ɛ"", ""d""]"					0.0	0.0	3.6308863175066683	3.38933983691012	3.510113077208394	4	3		2	1	1479	45								0	0	1						diaper	wed	0.0	0.0												
MEANING_0223	Meaning	unrelated	0	train					USF Appendix A	USF:absent-both-directions	diaper	widow		"[""d"", ""aɪ"", ""p"", ""ə"", ""ɹ""]"	"[""w"", ""ɪ"", ""d"", ""oʊ""]"					0.0	0.0	3.6308863175066683	4.082714987935305	3.856800652720987	4	4		2	2	1479	1								0	0	1						diaper	widow	0.0	0.0												
MEANING_0224	Meaning	unrelated	0	train					USF Appendix A	USF:absent-both-directions	diaper	wrong		"[""d"", ""aɪ"", ""p"", ""ə"", ""ɹ""]"	"[""ɹ"", ""ɔ"", ""ŋ""]"					0.0	0.0	3.6308863175066683	5.718583092118043	4.674734704812355	4	3		2	1	1479	2037								0	0	1						diaper	wrong	0.0	0.0												
MEANING_0225	Meaning	unrelated	0	train					USF Appendix A	USF:absent-both-directions	electrician	kid		"[""ɪ"", ""l"", ""ɛ"", ""k"", ""t"", ""ɹ"", ""ɪ"", ""ʃ"", ""ə"", ""n""]"	"[""k"", ""ɪ"", ""d""]"					0.0	0.0	3.173243416182855	5.530450822578012	4.351847119380434	10	3		4	1	5	922								0	0	1						electrician	kid	0.0	0.0												
MEANING_0226	Meaning	unrelated	0	train					USF Appendix A	USF:absent-both-directions	fancy	ham		"[""f"", ""æ"", ""n"", ""s"", ""i""]"	"[""h"", ""æ"", ""m""]"					0.0	0.0	4.542117251707365	4.064017304783319	4.303067278245342	5	3		2	1	207	367								0	0	1						fancy	ham	0.0	0.0												
MEANING_0227	Meaning	unrelated	0	train					USF Appendix A	USF:absent-both-directions	fancy	police		"[""f"", ""æ"", ""n"", ""s"", ""i""]"	"[""p"", ""ə"", ""l"", ""iː"", ""s""]"					0.0	0.0	4.542117251707365	5.373200570742785	4.957658911225075	5	5		2	2	207	748								0	0	1						fancy	police	0.0	0.0												
MEANING_0228	Meaning	unrelated	0	train					USF Appendix A	USF:absent-both-directions	fancy	temple		"[""f"", ""æ"", ""n"", ""s"", ""i""]"	"[""t"", ""ɛ"", ""m"", ""p"", ""ə"", ""l""]"					0.0	0.0	4.542117251707365	4.244252859217975	4.39318505546267	5	6		2	2	207	12								0	0	1						fancy	temple	0.0	0.0												
MEANING_0229	Meaning	unrelated	0	train					USF Appendix A	USF:absent-both-directions	flask	bite		"[""f"", ""l"", ""æ"", ""s"", ""k""]"	"[""b"", ""aɪ"", ""t""]"					0.0	0.0	3.048304679574555	4.610493158864825	3.82939891921969	5	3		1	1	2	3276								0	0	1						flask	bite	0.0	0.0												
MEANING_0230	Meaning	unrelated	0	train					USF Appendix A	USF:absent-both-directions	flask	doll		"[""f"", ""l"", ""æ"", ""s"", ""k""]"	"[""d"", ""ɑ"", ""l""]"					0.0	0.0	3.048304679574555	4.393833174457394	3.721068927015975	5	3		1	1	2	1833								0	0	1						flask	doll	0.0	0.0												
MEANING_0231	Meaning	unrelated	0	train					USF Appendix A	USF:absent-both-directions	flask	noon		"[""f"", ""l"", ""æ"", ""s"", ""k""]"	"[""n"", ""uː"", ""n""]"					0.0	0.0	3.048304679574555	4.258101795122171	3.6532032373483627	5	3		1	1	2	37								0	0	1						flask	noon	0.0	0.0												
MEANING_0232	Meaning	unrelated	0	train					USF Appendix A	USF:absent-both-directions	flask	picnic		"[""f"", ""l"", ""æ"", ""s"", ""k""]"	"[""p"", ""ɪ"", ""k"", ""n"", ""ɪ"", ""k""]"					0.0	0.0	3.048304679574555	4.0676760836423	3.5579903816084277	5	6		1	2	2	615								0	0	1						flask	picnic	0.0	0.0												
MEANING_0233	Meaning	unrelated	0	train					USF Appendix A	USF:absent-both-directions	garage	anything		"[""ɡ"", ""ə"", ""ɹ"", ""ɹ"", ""ɑ"", ""ʒ""]"	"[""ɛ"", ""n"", ""ɪ"", ""θ"", ""ɪ"", ""ŋ""]"					0.0	0.0	4.4348192900209	5.957729323401961	5.19627430671143	4	6		2	3	503	6234								0	0	1						garage	anything	0.0	0.0												
MEANING_0234	Meaning	unrelated	0	train					USF Appendix A	USF:absent-both-directions	garage	ass		"[""ɡ"", ""ə"", ""ɹ"", ""ɹ"", ""ɑ"", ""ʒ""]"	"[""æ"", ""s""]"					0.0	0.0	4.4348192900209	5.354823761155259	4.89482152558808	4	2		2	1	503	37								0	0	1						garage	ass	0.0	0.0												
MEANING_0235	Meaning	unrelated	0	train					USF Appendix A	USF:absent-both-directions	garage	carton		"[""ɡ"", ""ə"", ""ɹ"", ""ɹ"", ""ɑ"", ""ʒ""]"	"[""k"", ""ɑ"", ""ɹ"", ""t"", ""ə"", ""n""]"					0.0	0.0	4.4348192900209	3.274701056941632	3.854760173481266	4	6		2	2	503	27								0	0	1						garage	carton	0.0	0.0												
MEANING_0236	Meaning	unrelated	0	train					USF Appendix A	USF:absent-both-directions	garage	correct		"[""ɡ"", ""ə"", ""ɹ"", ""ɹ"", ""ɑ"", ""ʒ""]"	"[""k"", ""ə"", ""ɹ"", ""ɹ"", ""ɛ"", ""k"", ""t""]"					0.0	0.0	4.4348192900209	4.6526444371974165	4.543731863609159	4	5		2	2	503	83								0	0	1						garage	correct	0.0	0.0												
MEANING_0237	Meaning	unrelated	0	train					USF Appendix A	USF:absent-both-directions	garage	hungry		"[""ɡ"", ""ə"", ""ɹ"", ""ɹ"", ""ɑ"", ""ʒ""]"	"[""h"", ""ʌ"", ""ŋ"", ""ɡ"", ""ɹ"", ""i""]"					0.0	0.0	4.4348192900209	4.886932867722153	4.660876078871526	4	6		2	2	503	4526								0	0	1						garage	hungry	0.0	0.0												
MEANING_0238	Meaning	unrelated	0	train					USF Appendix A	USF:absent-both-directions	garage	march		"[""ɡ"", ""ə"", ""ɹ"", ""ɹ"", ""ɑ"", ""ʒ""]"	"[""m"", ""ɑ"", ""ɹ"", ""t̠ʃ""]"					0.0	0.0	4.4348192900209	4.380565912602615	4.407692601311757	4	4		2	1	503	287								0	0	1						garage	march	0.0	0.0												
MEANING_0239	Meaning	unrelated	0	train					USF Appendix A	USF:absent-both-directions	garage	need		"[""ɡ"", ""ə"", ""ɹ"", ""ɹ"", ""ɑ"", ""ʒ""]"	"[""n"", ""iː"", ""d""]"					0.0	0.0	4.4348192900209	6.11223688849282	5.27352808925686	4	3		2	1	503	10496								0	0	1						garage	need	0.0	0.0												
MEANING_0240	Meaning	unrelated	0	train					USF Appendix A	USF:absent-both-directions	garage	pail		"[""ɡ"", ""ə"", ""ɹ"", ""ɹ"", ""ɑ"", ""ʒ""]"	"[""p"", ""eɪ"", ""l""]"					0.0	0.0	4.4348192900209	2.973671061277651	3.7042451756492754	4	3		2	1	503	184								0	0	1						garage	pail	0.0	0.0												
MEANING_0241	Meaning	unrelated	0	train					USF Appendix A	USF:absent-both-directions	garage	sole		"[""ɡ"", ""ə"", ""ɹ"", ""ɹ"", ""ɑ"", ""ʒ""]"	"[""s"", ""oʊ"", ""l""]"					0.0	0.0	4.4348192900209	3.7205646179308527	4.077691953975876	4	3		2	1	503	7								0	0	1						garage	sole	0.0	0.0												
MEANING_0242	Meaning	unrelated	0	train					USF Appendix A	USF:absent-both-directions	garage	squash		"[""ɡ"", ""ə"", ""ɹ"", ""ɹ"", ""ɑ"", ""ʒ""]"	"[""s"", ""k"", ""w"", ""ɑ"", ""ʃ""]"					0.0	0.0	4.4348192900209	3.6407346869502244	4.037776988485562	4	5		2	1	503	214								0	0	1						garage	squash	0.0	0.0												
MEANING_0243	Meaning	unrelated	0	train					USF Appendix A	USF:absent-both-directions	horse	accurate		"[""h"", ""ɔ"", ""ɹ"", ""s""]"	"[""æ"", ""k"", ""j"", ""ʊ"", ""ɹ"", ""ə"", ""t""]"					0.0	0.0	4.96793320863002	3.894489815230026	4.431211511930023	4	6		1	3	3331	3								0	0	1						horse	accurate	0.0	0.0												
MEANING_0244	Meaning	unrelated	0	train					USF Appendix A	USF:absent-both-directions	horse	flash		"[""h"", ""ɔ"", ""ɹ"", ""s""]"	"[""f"", ""l"", ""æ"", ""ʃ""]"					0.0	0.0	4.96793320863002	4.186191585960007	4.5770623972950135	4	4		1	1	3331	89								0	0	1						horse	flash	0.0	0.0												
MEANING_0245	Meaning	unrelated	0	train					USF Appendix A	USF:absent-both-directions	horse	leaves		"[""h"", ""ɔ"", ""ɹ"", ""s""]"	"[""l"", ""iː"", ""v"", ""z""]"					0.0	0.0	4.96793320863002	4.657168378957462	4.812550793793742	4	4		1	1	3331	706								0	0	1						horse	leaves	0.0	0.0												
MEANING_0246	Meaning	unrelated	0	train					USF Appendix A	USF:absent-both-directions	horse	mastery		"[""h"", ""ɔ"", ""ɹ"", ""s""]"	"[""m"", ""æ"", ""s"", ""t"", ""ə"", ""ɹ"", ""ɹ"", ""i""]"					0.0	0.0	4.96793320863002	2.75482782180102	3.86138051521552	4	6		1	3	3331	0								0	0	1	unseen_phase1:mastery					horse	mastery	0.0	0.0												
MEANING_0247	Meaning	unrelated	0	train					USF Appendix A	USF:absent-both-directions	horse	press		"[""h"", ""ɔ"", ""ɹ"", ""s""]"	"[""p"", ""ɹ"", ""ɛ"", ""s""]"					0.0	0.0	4.96793320863002	4.77956819937925	4.873750704004635	4	4		1	1	3331	779								0	0	1						horse	press	0.0	0.0												
MEANING_0248	Meaning	unrelated	0	train					USF Appendix A	USF:absent-both-directions	horse	salute		"[""h"", ""ɔ"", ""ɹ"", ""s""]"	"[""s"", ""ə"", ""l"", ""uː"", ""t""]"					0.0	0.0	4.96793320863002	3.8606315479690587	4.414282378299539	4	5		1	2	3331	6								0	0	1						horse	salute	0.0	0.0												
MEANING_0249	Meaning	unrelated	0	train					USF Appendix A	USF:absent-both-directions	horse	sand		"[""h"", ""ɔ"", ""ɹ"", ""s""]"	"[""s"", ""æ"", ""n"", ""d""]"					0.0	0.0	4.96793320863002	4.307370173695	4.63765169116251	4	4		1	1	3331	645								0	0	1						horse	sand	0.0	0.0												
MEANING_0250	Meaning	unrelated	0	train					USF Appendix A	USF:absent-both-directions	horse	solution		"[""h"", ""ɔ"", ""ɹ"", ""s""]"	"[""s"", ""ə"", ""l"", ""uː"", ""ʃ"", ""ə"", ""n""]"					0.0	0.0	4.96793320863002	4.199303358624134	4.583618283627077	4	7		1	3	3331	10								0	0	1						horse	solution	0.0	0.0												
MEANING_0251	Meaning	unrelated	0	train					USF Appendix A	USF:absent-both-directions	malaria	belong		"[""m"", ""æ"", ""l"", ""ɛ"", ""ɹ"", ""iə""]"	"[""b"", ""ɪ"", ""l"", ""ɔ"", ""ŋ""]"					0.0	0.0	3.2218487496163566	4.647114377856792	3.9344815637365746	7	5		4	2	0	428								0	0	1	unseen_phase1:malaria					malaria	belong	0.0	0.0												
MEANING_0252	Meaning	unrelated	0	train					USF Appendix A	USF:absent-both-directions	malaria	follow		"[""m"", ""æ"", ""l"", ""ɛ"", ""ɹ"", ""iə""]"	"[""f"", ""ɑ"", ""l"", ""oʊ""]"					0.0	0.0	3.2218487496163566	5.090596883618003	4.15622281661718	7	4		4	2	0	272								0	0	1	unseen_phase1:malaria					malaria	follow	0.0	0.0												
MEANING_0253	Meaning	unrelated	0	train					USF Appendix A	USF:absent-both-directions	malaria	snatch		"[""m"", ""æ"", ""l"", ""ɛ"", ""ɹ"", ""iə""]"	"[""s"", ""n"", ""æ"", ""t̠ʃ""]"					0.0	0.0	3.2218487496163566	3.59128290031177	3.4065658249640633	7	4		4	1	0	23								0	0	1	unseen_phase1:malaria					malaria	snatch	0.0	0.0												
MEANING_0254	Meaning	unrelated	0	train					USF Appendix A	USF:absent-both-directions	neck	beg		"[""n"", ""ɛ"", ""k""]"	"[""b"", ""ɛ"", ""ɡ""]"					0.0	0.0	4.77458851931334	4.7074031718728815	4.740995845593111	3	3		1	1	898	24								0	0	1						neck	beg	0.0	0.0												
MEANING_0255	Meaning	unrelated	0	train					USF Appendix A	USF:absent-both-directions	neck	blush		"[""n"", ""ɛ"", ""k""]"	"[""b"", ""l"", ""ʌ"", ""ʃ""]"					0.0	0.0	4.77458851931334	3.425968732272281	4.100278625792811	3	4		1	1	898	6								0	0	1						neck	blush	0.0	0.0												
MEANING_0256	Meaning	unrelated	0	train					USF Appendix A	USF:absent-both-directions	neck	crack		"[""n"", ""ɛ"", ""k""]"	"[""k"", ""ɹ"", ""æ"", ""k""]"					0.0	0.0	4.77458851931334	4.516444635274928	4.645516577294134	3	4		1	1	898	358								0	0	1						neck	crack	0.0	0.0												
MEANING_0257	Meaning	unrelated	0	train					USF Appendix A	USF:absent-both-directions	neck	cute		"[""n"", ""ɛ"", ""k""]"	"[""k"", ""j"", ""uː"", ""t""]"					0.0	0.0	4.77458851931334	4.943222863553995	4.858905691433668	3	4		1	1	898	1867								0	0	1						neck	cute	0.0	0.0												
MEANING_0258	Meaning	unrelated	0	train					USF Appendix A	USF:absent-both-directions	neck	kidnap		"[""n"", ""ɛ"", ""k""]"	"[""k"", ""ɪ"", ""d"", ""n"", ""æ"", ""p""]"					0.0	0.0	4.77458851931334	3.812257817677782	4.293423168495561	3	6		1	2	898	8								0	0	1						neck	kidnap	0.0	0.0												
MEANING_0259	Meaning	unrelated	0	train					USF Appendix A	USF:absent-both-directions	neck	league		"[""n"", ""ɛ"", ""k""]"	"[""l"", ""iː"", ""ɡ""]"					0.0	0.0	4.77458851931334	4.270153429190911	4.522370974252126	3	3		1	1	898	17								0	0	1						neck	league	0.0	0.0												
MEANING_0260	Meaning	unrelated	0	train					USF Appendix A	USF:absent-both-directions	neck	moat		"[""n"", ""ɛ"", ""k""]"	"[""m"", ""oʊ"", ""t""]"					0.0	0.0	4.77458851931334	3.070581074285707	3.9225847967995238	3	3		1	1	898	4								0	0	1						neck	moat	0.0	0.0												
MEANING_0261	Meaning	unrelated	0	train					USF Appendix A	USF:absent-both-directions	neck	motor		"[""n"", ""ɛ"", ""k""]"	"[""m"", ""oʊ"", ""t"", ""ə"", ""ɹ""]"					0.0	0.0	4.77458851931334	4.119152344071056	4.446870431692198	3	4		1	2	898	377								0	0	1						neck	motor	0.0	0.0												
MEANING_0262	Meaning	unrelated	0	train					USF Appendix A	USF:absent-both-directions	neck	siren		"[""n"", ""ɛ"", ""k""]"	"[""s"", ""aɪ"", ""ɹ"", ""ə"", ""n""]"					0.0	0.0	4.77458851931334	3.816176290713628	4.295382405013484	3	5		1	2	898	76								0	0	1						neck	siren	0.0	0.0												
MEANING_0263	Meaning	unrelated	0	train					USF Appendix A	USF:absent-both-directions	neck	used		"[""n"", ""ɛ"", ""k""]"	"[""j"", ""uː"", ""z"", ""d""]"					0.0	0.0	4.77458851931334	5.53673169012324	5.15566010471829	3	4		1	1	898	843								0	0	1						neck	used	0.0	0.0												
MEANING_0264	Meaning	unrelated	0	train					USF Appendix A	USF:absent-both-directions	pay	alternative		"[""p"", ""eɪ""]"	"[""ɔ"", ""l"", ""t"", ""ɜː"", ""n"", ""ə"", ""t"", ""ɪ"", ""v""]"					0.0	0.0	5.405871777867385	3.970036776622557	4.687954277244971	2	9		1	4	571	2								0	0	1						pay	alternative	0.0	0.0												
MEANING_0265	Meaning	unrelated	0	train					USF Appendix A	USF:absent-both-directions	pay	blood		"[""p"", ""eɪ""]"	"[""b"", ""l"", ""ʌ"", ""d""]"					0.0	0.0	5.405871777867385	5.269787553447365	5.337829665657376	2	4		1	1	571	296								0	0	1						pay	blood	0.0	0.0												
MEANING_0266	Meaning	unrelated	0	train					USF Appendix A	USF:absent-both-directions	pay	decay		"[""p"", ""eɪ""]"	"[""d"", ""ɪ"", ""k"", ""eɪ""]"					0.0	0.0	5.405871777867385	3.3136191229720016	4.359745450419693	2	4		1	2	571	0								0	0	1	unseen_phase1:decay					pay	decay	0.0	0.0												
MEANING_0267	Meaning	unrelated	0	train					USF Appendix A	USF:absent-both-directions	pay	feather		"[""p"", ""eɪ""]"	"[""f"", ""ɛ"", ""ð"", ""ə"", ""ɹ""]"					0.0	0.0	5.405871777867385	3.8213465241797184	4.613609151023551	2	4		1	2	571	171								0	0	1						pay	feather	0.0	0.0												
MEANING_0268	Meaning	unrelated	0	train					USF Appendix A	USF:absent-both-directions	pay	games		"[""p"", ""eɪ""]"	"[""ɡ"", ""eɪ"", ""m"", ""z""]"					0.0	0.0	5.405871777867385	4.651695988508812	5.028783883188098	2	4		1	1	571	526								0	0	1						pay	games	0.0	0.0												
MEANING_0269	Meaning	unrelated	0	train					USF Appendix A	USF:absent-both-directions	pay	gray		"[""p"", ""eɪ""]"	"[""ɡ"", ""ɹ"", ""eɪ""]"					0.0	0.0	5.405871777867385	4.324645527200046	4.865258652533715	2	3		1	1	571	215								0	0	1						pay	gray	0.0	0.0												
MEANING_0270	Meaning	unrelated	0	train					USF Appendix A	USF:absent-both-directions	pay	hose		"[""p"", ""eɪ""]"	"[""h"", ""oʊ"", ""z""]"					0.0	0.0	5.405871777867385	3.9062716457781326	4.656071711822759	2	3		1	1	571	234								0	0	1						pay	hose	0.0	0.0												
MEANING_0271	Meaning	unrelated	0	train					USF Appendix A	USF:absent-both-directions	pay	identity		"[""p"", ""eɪ""]"	"[""aɪ"", ""d"", ""ɛ"", ""n"", ""t"", ""ɪ"", ""t"", ""i""]"					0.0	0.0	5.405871777867385	4.113287813341763	4.759579795604575	2	8		1	4	571	1								0	0	1						pay	identity	0.0	0.0												
MEANING_0272	Meaning	unrelated	0	train					USF Appendix A	USF:absent-both-directions	pay	litter		"[""p"", ""eɪ""]"	"[""l"", ""ɪ"", ""t"", ""ə"", ""ɹ""]"					0.0	0.0	5.405871777867385	3.5934598195660445	4.499665798716714	2	4		1	2	571	42								0	0	1						pay	litter	0.0	0.0												
MEANING_0273	Meaning	unrelated	0	train					USF Appendix A	USF:absent-both-directions	pay	mint		"[""p"", ""eɪ""]"	"[""m"", ""ɪ"", ""n"", ""t""]"					0.0	0.0	5.405871777867385	3.7349095929665124	4.570390685416949	2	4		1	1	571	25								0	0	1						pay	mint	0.0	0.0												
MEANING_0274	Meaning	unrelated	0	train					USF Appendix A	USF:absent-both-directions	pay	mix		"[""p"", ""eɪ""]"	"[""m"", ""ɪ"", ""k"", ""s""]"					0.0	0.0	5.405871777867385	4.213595874539802	4.809733826203594	2	4		1	1	571	605								0	0	1						pay	mix	0.0	0.0												
MEANING_0275	Meaning	unrelated	0	train					USF Appendix A	USF:absent-both-directions	pay	passenger		"[""p"", ""eɪ""]"	"[""p"", ""æ"", ""s"", ""ɪ"", ""n"", ""d̠ʒ"", ""ə"", ""ɹ""]"					0.0	0.0	5.405871777867385	4.032002168352156	4.71893697310977	2	7		1	3	571	55								0	0	1						pay	passenger	0.0	0.0												
MEANING_0276	Meaning	unrelated	0	train					USF Appendix A	USF:absent-both-directions	pay	room		"[""p"", ""eɪ""]"	"[""ɹ"", ""uː"", ""m""]"					0.0	0.0	5.405871777867385	5.642968567103875	5.52442017248563	2	3		1	1	571	4554								0	0	1						pay	room	0.0	0.0												
MEANING_0277	Meaning	unrelated	0	train					USF Appendix A	USF:absent-both-directions	pay	student		"[""p"", ""eɪ""]"	"[""s"", ""t"", ""uː"", ""d"", ""ə"", ""n"", ""t""]"					0.0	0.0	5.405871777867385	4.633864348480204	5.019868063173794	2	7		1	2	571	46								0	0	1						pay	student	0.0	0.0												
MEANING_0278	Meaning	unrelated	0	train					USF Appendix A	USF:absent-both-directions	pull	airport		"[""p"", ""ʊ"", ""l""]"	"[""ɛ"", ""ɹ"", ""p"", ""ɔ"", ""ɹ"", ""t""]"					0.0	0.0	5.165692283340791	4.58023155383229	4.87296191858654	3	6		1	2	3396	191								0	0	1						pull	airport	0.0	0.0												
MEANING_0279	Meaning	unrelated	0	train					USF Appendix A	USF:absent-both-directions	pull	asphalt		"[""p"", ""ʊ"", ""l""]"	"[""æ"", ""s"", ""f"", ""ɔ"", ""l"", ""t""]"					0.0	0.0	5.165692283340791	2.982625903930577	4.074159093635684	3	6		1	2	3396	6								0	0	1						pull	asphalt	0.0	0.0												
MEANING_0280	Meaning	unrelated	0	train					USF Appendix A	USF:absent-both-directions	pull	copper		"[""p"", ""ʊ"", ""l""]"	"[""k"", ""ɑ"", ""p"", ""ə"", ""ɹ""]"					0.0	0.0	5.165692283340791	3.818769101291908	4.492230692316349	3	4		1	2	3396	35								0	0	1						pull	copper	0.0	0.0												
MEANING_0281	Meaning	unrelated	0	train					USF Appendix A	USF:absent-both-directions	pull	goose		"[""p"", ""ʊ"", ""l""]"	"[""ɡ"", ""uː"", ""s""]"					0.0	0.0	5.165692283340791	4.115251469205168	4.640471876272979	3	3		1	1	3396	549								0	0	1						pull	goose	0.0	0.0												
MEANING_0282	Meaning	unrelated	0	train					USF Appendix A	USF:absent-both-directions	pull	rank		"[""p"", ""ʊ"", ""l""]"	"[""ɹ"", ""æ"", ""ŋ"", ""k""]"					0.0	0.0	5.165692283340791	3.928917720255429	4.54730500179811	3	4		1	1	3396	1								0	0	1						pull	rank	0.0	0.0												
MEANING_0283	Meaning	unrelated	0	train					USF Appendix A	USF:absent-both-directions	pull	stamp		"[""p"", ""ʊ"", ""l""]"	"[""s"", ""t"", ""æ"", ""m"", ""p""]"					0.0	0.0	5.165692283340791	3.7724367668592143	4.469064525100002	3	5		1	1	3396	152								0	0	1						pull	stamp	0.0	0.0												
MEANING_0284	Meaning	unrelated	0	train					USF Appendix A	USF:absent-both-directions	pull	tendency		"[""p"", ""ʊ"", ""l""]"	"[""t"", ""ɛ"", ""n"", ""d"", ""ə"", ""n"", ""s"", ""i""]"					0.0	0.0	5.165692283340791	3.4323089103033	4.2990005968220455	3	8		1	3	3396	9								0	0	1						pull	tendency	0.0	0.0												
MEANING_0285	Meaning	unrelated	0	train					USF Appendix A	USF:absent-both-directions	racket	ambulance		"[""ɹ"", ""æ"", ""k"", ""ɪ"", ""t""]"	"[""æ"", ""m"", ""b"", ""j"", ""ʊ"", ""l"", ""ə"", ""n"", ""s""]"					0.0	0.0	3.871069033870136	4.350476054297346	4.110772544083741	5	9		2	3	110	212								0	0	1						racket	ambulance	0.0	0.0												
MEANING_0286	Meaning	unrelated	0	train					USF Appendix A	USF:absent-both-directions	racket	coast		"[""ɹ"", ""æ"", ""k"", ""ɪ"", ""t""]"	"[""k"", ""oʊ"", ""s"", ""t""]"					0.0	0.0	3.871069033870136	4.426287949105398	4.148678491487767	5	4		2	1	110	12								0	0	1						racket	coast	0.0	0.0												
MEANING_0287	Meaning	unrelated	0	train					USF Appendix A	USF:absent-both-directions	racket	court		"[""ɹ"", ""æ"", ""k"", ""ɪ"", ""t""]"	"[""k"", ""ɔ"", ""ɹ"", ""t""]"					0.0	0.0	3.871069033870136	5.003139389626401	4.437104211748268	5	4		2	1	110	38								0	0	1						racket	court	0.0	0.0												
MEANING_0288	Meaning	unrelated	0	train					USF Appendix A	USF:absent-both-directions	racket	crib		"[""ɹ"", ""æ"", ""k"", ""ɪ"", ""t""]"	"[""k"", ""ɹ"", ""ɪ"", ""b""]"					0.0	0.0	3.871069033870136	3.7921169065204676	3.8315929701953015	5	4		2	1	110	284								0	0	1						racket	crib	0.0	0.0												
MEANING_0289	Meaning	unrelated	0	train					USF Appendix A	USF:absent-both-directions	racket	full		"[""ɹ"", ""æ"", ""k"", ""ɪ"", ""t""]"	"[""f"", ""ʊ"", ""l""]"					0.0	0.0	3.871069033870136	5.222461438853037	4.546765236361586	5	3		2	1	110	1380								0	0	1						racket	full	0.0	0.0												
MEANING_0290	Meaning	unrelated	0	train					USF Appendix A	USF:absent-both-directions	racket	horse		"[""ɹ"", ""æ"", ""k"", ""ɪ"", ""t""]"	"[""h"", ""ɔ"", ""ɹ"", ""s""]"					0.0	0.0	3.871069033870136	4.96793320863002	4.419501121250078	5	4		2	1	110	3331								0	0	1						racket	horse	0.0	0.0												
MEANING_0291	Meaning	unrelated	0	train					USF Appendix A	USF:absent-both-directions	racket	loose		"[""ɹ"", ""æ"", ""k"", ""ɪ"", ""t""]"	"[""l"", ""uː"", ""s""]"					0.0	0.0	3.871069033870136	4.621013273616265	4.2460411537432	5	3		2	1	110	226								0	0	1						racket	loose	0.0	0.0												
MEANING_0292	Meaning	unrelated	0	train					USF Appendix A	USF:absent-both-directions	racket	wolf		"[""ɹ"", ""æ"", ""k"", ""ɪ"", ""t""]"	"[""w"", ""ʊ"", ""l"", ""f""]"					0.0	0.0	3.871069033870136	4.306950362659987	4.089009698265062	5	4		2	1	110	446								0	0	1						racket	wolf	0.0	0.0												
MEANING_0293	Meaning	unrelated	0	train					USF Appendix A	USF:absent-both-directions	rest	ambulance		"[""ɹ"", ""ɛ"", ""s"", ""t""]"	"[""æ"", ""m"", ""b"", ""j"", ""ʊ"", ""l"", ""ə"", ""n"", ""s""]"					0.0	0.0	5.328299637597617	4.350476054297346	4.839387845947481	4	9		1	3	1094	212								0	0	1						rest	ambulance	0.0	0.0												
MEANING_0294	Meaning	unrelated	0	train					USF Appendix A	USF:absent-both-directions	rest	cord		"[""ɹ"", ""ɛ"", ""s"", ""t""]"	"[""k"", ""ɔ"", ""ɹ"", ""d""]"					0.0	0.0	5.328299637597617	3.846312850545938	4.587306244071778	4	4		1	1	1094	191								0	0	1						rest	cord	0.0	0.0												
MEANING_0295	Meaning	unrelated	0	train					USF Appendix A	USF:absent-both-directions	rest	figure		"[""ɹ"", ""ɛ"", ""s"", ""t""]"	"[""f"", ""ɪ"", ""ɡ"", ""j"", ""ə"", ""ɹ""]"					0.0	0.0	5.328299637597617	5.111842135111388	5.2200708863545024	4	5		1	2	1094	554								0	0	1						rest	figure	0.0	0.0												
MEANING_0296	Meaning	unrelated	0	train					USF Appendix A	USF:absent-both-directions	rest	gain		"[""ɹ"", ""ɛ"", ""s"", ""t""]"	"[""ɡ"", ""eɪ"", ""n""]"					0.0	0.0	5.328299637597617	4.13752786391632	4.7329137507569685	4	3		1	1	1094	21								0	0	1						rest	gain	0.0	0.0												
MEANING_0297	Meaning	unrelated	0	train					USF Appendix A	USF:absent-both-directions	rest	hell		"[""ɹ"", ""ɛ"", ""s"", ""t""]"	"[""h"", ""ɛ"", ""l""]"					0.0	0.0	5.328299637597617	5.6728581585859	5.500578898091758	4	3		1	1	1094	35								0	0	1						rest	hell	0.0	0.0												
MEANING_0298	Meaning	unrelated	0	train					USF Appendix A	USF:absent-both-directions	rest	knob		"[""ɹ"", ""ɛ"", ""s"", ""t""]"	"[""n"", ""ɑ"", ""b""]"					0.0	0.0	5.328299637597617	3.38933983691012	4.358819737253868	4	3		1	1	1094	83								0	0	1						rest	knob	0.0	0.0												
MEANING_0299	Meaning	unrelated	0	train					USF Appendix A	USF:absent-both-directions	rest	lick		"[""ɹ"", ""ɛ"", ""s"", ""t""]"	"[""l"", ""ɪ"", ""k""]"					0.0	0.0	5.328299637597617	4.039841631788487	4.684070634693052	4	3		1	1	1094	422								0	0	1						rest	lick	0.0	0.0												
MEANING_0300	Meaning	unrelated	0	train					USF Appendix A	USF:absent-both-directions	rest	obsession		"[""ɹ"", ""ɛ"", ""s"", ""t""]"	"[""ə"", ""b"", ""s"", ""ɛ"", ""ʃ"", ""ə"", ""n""]"					0.0	0.0	5.328299637597617	3.7533276666586115	4.540813652128114	4	7		1	3	1094	8								0	0	1						rest	obsession	0.0	0.0												
MEANING_0301	Meaning	unrelated	0	train					USF Appendix A	USF:absent-both-directions	rest	society		"[""ɹ"", ""ɛ"", ""s"", ""t""]"	"[""s"", ""ə"", ""s"", ""aɪ"", ""ə"", ""t"", ""i""]"					0.0	0.0	5.328299637597617	4.517480520040112	4.922890078818865	4	7		1	4	1094	9								0	0	1						rest	society	0.0	0.0												
MEANING_0302	Meaning	unrelated	0	train					USF Appendix A	USF:absent-both-directions	rest	subway		"[""ɹ"", ""ɛ"", ""s"", ""t""]"	"[""s"", ""ʌ"", ""b"", ""w"", ""eɪ""]"					0.0	0.0	5.328299637597617	4.029622466606801	4.678961052102209	4	5		1	2	1094	30								0	0	1						rest	subway	0.0	0.0												
MEANING_0303	Meaning	unrelated	0	train					USF Appendix A	USF:absent-both-directions	rest	think		"[""ɹ"", ""ɛ"", ""s"", ""t""]"	"[""θ"", ""ɪ"", ""ŋ"", ""k""]"					0.0	0.0	5.328299637597617	6.42997698247318	5.879138310035398	4	4		1	1	1094	35496								0	0	1						rest	think	0.0	0.0												
MEANING_0304	Meaning	unrelated	0	train					USF Appendix A	USF:absent-both-directions	rim	anger		"[""ɹ"", ""ɪ"", ""m""]"	"[""æ"", ""ŋ"", ""ɡ"", ""ə"", ""ɹ""]"					0.0	0.0	3.38933983691012	4.288503478387339	3.8389216576487293	3	4		1	2	7	11								0	0	1						rim	anger	0.0	0.0												
MEANING_0305	Meaning	unrelated	0	train					USF Appendix A	USF:absent-both-directions	rim	elegant		"[""ɹ"", ""ɪ"", ""m""]"	"[""ɛ"", ""l"", ""ɪ"", ""ɡ"", ""ə"", ""n"", ""t""]"					0.0	0.0	3.38933983691012	3.7975798022219696	3.5934598195660445	3	7		1	3	7	12								0	0	1						rim	elegant	0.0	0.0												
MEANING_0306	Meaning	unrelated	0	train					USF Appendix A	USF:absent-both-directions	rim	graph		"[""ɹ"", ""ɪ"", ""m""]"	"[""ɡ"", ""ɹ"", ""æ"", ""f""]"					0.0	0.0	3.38933983691012	2.872213420518874	3.130776628714497	3	4		1	1	7	4								0	0	1						rim	graph	0.0	0.0												
MEANING_0307	Meaning	unrelated	0	train					USF Appendix A	USF:absent-both-directions	rim	haul		"[""ɹ"", ""ɪ"", ""m""]"	"[""h"", ""ɔ"", ""l""]"					0.0	0.0	3.38933983691012	3.8499370258077215	3.6196384313589207	3	3		1	1	7	9								0	0	1						rim	haul	0.0	0.0												
MEANING_0308	Meaning	unrelated	0	train					USF Appendix A	USF:absent-both-directions	rim	haven		"[""ɹ"", ""ɪ"", ""m""]"	"[""h"", ""eɪ"", ""v"", ""ə"", ""n""]"					0.0	0.0	3.38933983691012	5.56760291946826	4.47847137818919	3	5		1	2	7	5								0	0	1						rim	haven	0.0	0.0												
MEANING_0309	Meaning	unrelated	0	train					USF Appendix A	USF:absent-both-directions	rim	rodeo		"[""ɹ"", ""ɪ"", ""m""]"	"[""ɹ"", ""oʊ"", ""d"", ""ɪ"", ""oʊ""]"					0.0	0.0	3.38933983691012	3.744216259426354	3.5667780481682367	3	5		1	3	7	26								0	0	1						rim	rodeo	0.0	0.0												
MEANING_0310	Meaning	unrelated	0	train					USF Appendix A	USF:absent-both-directions	rim	waitress		"[""ɹ"", ""ɪ"", ""m""]"	"[""w"", ""eɪ"", ""t"", ""ɹ"", ""ə"", ""s""]"					0.0	0.0	3.38933983691012	4.061807149978202	3.725573493444161	3	6		1	2	7	11								0	0	1						rim	waitress	0.0	0.0												
MEANING_0311	Meaning	unrelated	0	train					USF Appendix A	USF:absent-both-directions	rim	youth		"[""ɹ"", ""ɪ"", ""m""]"	"[""j"", ""uː"", ""θ""]"					0.0	0.0	3.38933983691012	4.2259171117507695	3.8076284743304445	3	3		1	1	7	9								0	0	1						rim	youth	0.0	0.0												
MEANING_0312	Meaning	unrelated	0	train					USF Appendix A	USF:absent-both-directions	school	boot		"[""s"", ""k"", ""uː"", ""l""]"	"[""b"", ""uː"", ""t""]"					0.0	0.0	5.5225976402482555	4.0467781596130825	4.784687899930669	4	3		1	1	6413	425								0	0	1						school	boot	0.0	0.0												
MEANING_0313	Meaning	unrelated	0	train					USF Appendix A	USF:absent-both-directions	school	cross		"[""s"", ""k"", ""uː"", ""l""]"	"[""k"", ""ɹ"", ""ɔ"", ""s""]"					0.0	0.0	5.5225976402482555	4.740672236536502	5.131634938392379	4	4		1	1	6413	403								0	0	1						school	cross	0.0	0.0												
MEANING_0314	Meaning	unrelated	0	train					USF Appendix A	USF:absent-both-directions	school	done		"[""s"", ""k"", ""uː"", ""l""]"	"[""d"", ""ʌ"", ""n""]"					0.0	0.0	5.5225976402482555	5.685776852968543	5.604187246608399	4	3		1	1	6413	6419								0	0	1						school	done	0.0	0.0												
MEANING_0315	Meaning	unrelated	0	train					USF Appendix A	USF:absent-both-directions	school	driver		"[""s"", ""k"", ""uː"", ""l""]"	"[""d"", ""ɹ"", ""aɪ"", ""v"", ""ə"", ""ɹ""]"					0.0	0.0	5.5225976402482555	4.675526753851158	5.099062197049706	4	5		1	2	6413	850								0	0	1						school	driver	0.0	0.0												
MEANING_0316	Meaning	unrelated	0	train					USF Appendix A	USF:absent-both-directions	school	frog		"[""s"", ""k"", ""uː"", ""l""]"	"[""f"", ""ɹ"", ""ɑ"", ""ɡ""]"					0.0	0.0	5.5225976402482555	4.072747136042215	4.7976723881452354	4	4		1	1	6413	1899								0	0	1						school	frog	0.0	0.0												
MEANING_0317	Meaning	unrelated	0	train					USF Appendix A	USF:absent-both-directions	school	manner		"[""s"", ""k"", ""uː"", ""l""]"	"[""m"", ""æ"", ""n"", ""ə"", ""ɹ""]"					0.0	0.0	5.5225976402482555	4.061807149978202	4.792202395113229	4	4		1	2	6413	4								0	0	1						school	manner	0.0	0.0												
MEANING_0318	Meaning	unrelated	0	train					USF Appendix A	USF:absent-both-directions	school	moment		"[""s"", ""k"", ""uː"", ""l""]"	"[""m"", ""oʊ"", ""m"", ""ə"", ""n"", ""t""]"					0.0	0.0	5.5225976402482555	5.271932672689465	5.39726515646886	4	6		1	2	6413	144								0	0	1						school	moment	0.0	0.0												
MEANING_0319	Meaning	unrelated	0	train					USF Appendix A	USF:absent-both-directions	school	sneaky		"[""s"", ""k"", ""uː"", ""l""]"	"[""s"", ""n"", ""iː"", ""k"", ""i""]"					0.0	0.0	5.5225976402482555	3.6268835750529944	4.574740607650625	4	5		1	2	6413	52								0	0	1						school	sneaky	0.0	0.0												
MEANING_0320	Meaning	unrelated	0	train					USF Appendix A	USF:absent-both-directions	school	tower		"[""s"", ""k"", ""uː"", ""l""]"	"[""t"", ""aʊ"", ""ə"", ""ɹ""]"					0.0	0.0	5.5225976402482555	4.358755749264102	4.940676694756179	4	3		1	2	6413	799								0	0	1						school	tower	0.0	0.0												
MEANING_0321	Meaning	unrelated	0	train					USF Appendix A	USF:absent-both-directions	school	trap		"[""s"", ""k"", ""uː"", ""l""]"	"[""t"", ""ɹ"", ""æ"", ""p""]"					0.0	0.0	5.5225976402482555	4.37736339883878	4.949980519543518	4	4		1	1	6413	96								0	0	1						school	trap	0.0	0.0												
MEANING_0322	Meaning	unrelated	0	train					USF Appendix A	USF:absent-both-directions	server	baseball		"[""s"", ""ɜː"", ""v"", ""ə"", ""ɹ""]"	"[""b"", ""eɪ"", ""s"", ""b"", ""ɔ"", ""l""]"					0.0	0.0	3.5934598195660445	4.402345686925857	3.997902753245951	4	6		2	2	4	832								0	0	1						server	baseball	0.0	0.0												
MEANING_0323	Meaning	unrelated	0	train					USF Appendix A	USF:absent-both-directions	server	dam		"[""s"", ""ɜː"", ""v"", ""ə"", ""ɹ""]"	"[""d"", ""æ"", ""m""]"					0.0	0.0	3.5934598195660445	3.7592974442561733	3.676378631911109	4	3		2	1	4	25								0	0	1						server	dam	0.0	0.0												
MEANING_0324	Meaning	unrelated	0	train					USF Appendix A	USF:absent-both-directions	server	exact		"[""s"", ""ɜː"", ""v"", ""ə"", ""ɹ""]"	"[""ɛ"", ""ɡ"", ""z"", ""æ"", ""k"", ""t""]"					0.0	0.0	3.5934598195660445	4.354635632721776	3.9740477261439104	4	6		2	2	4	74								0	0	1						server	exact	0.0	0.0												
MEANING_0325	Meaning	unrelated	0	train					USF Appendix A	USF:absent-both-directions	server	make		"[""s"", ""ɜː"", ""v"", ""ə"", ""ɹ""]"	"[""m"", ""eɪ"", ""k""]"					0.0	0.0	3.5934598195660445	6.142309701939205	4.8678847607526246	4	3		2	1	4	20509								0	0	1						server	make	0.0	0.0												
MEANING_0326	Meaning	unrelated	0	train					USF Appendix A	USF:absent-both-directions	server	minus		"[""s"", ""ɜː"", ""v"", ""ə"", ""ɹ""]"	"[""m"", ""aɪ"", ""n"", ""ə"", ""s""]"					0.0	0.0	3.5934598195660445	3.895574196522246	3.744517008044145	4	5		2	2	4	21								0	0	1						server	minus	0.0	0.0												
MEANING_0327	Meaning	unrelated	0	train					USF Appendix A	USF:absent-both-directions	server	sermon		"[""s"", ""ɜː"", ""v"", ""ə"", ""ɹ""]"	"[""s"", ""ɜː"", ""m"", ""ə"", ""n""]"					0.0	0.0	3.5934598195660445	3.4354446241561587	3.5144522218611014	4	5		2	2	4	0								0	0	1	unseen_phase1:sermon					server	sermon	0.0	0.0												
MEANING_0328	Meaning	unrelated	0	train					USF Appendix A	USF:absent-both-directions	snob	behind		"[""s"", ""n"", ""ɑ"", ""b""]"	"[""b"", ""ɪ"", ""h"", ""aɪ"", ""n"", ""d""]"					0.0	0.0	3.337752802688721	5.2738406640679525	4.305796733378337	4	6		1	2	0	1890								0	0	1	unseen_phase1:snob					snob	behind	0.0	0.0												
MEANING_0329	Meaning	unrelated	0	train					USF Appendix A	USF:absent-both-directions	snob	canoe		"[""s"", ""n"", ""ɑ"", ""b""]"	"[""k"", ""ə"", ""n"", ""uː""]"					0.0	0.0	3.337752802688721	3.5525012118871384	3.4451270072879296	4	4		1	2	0	39								0	0	1	unseen_phase1:snob					snob	canoe	0.0	0.0												
MEANING_0330	Meaning	unrelated	0	train					USF Appendix A	USF:absent-both-directions	snob	fell		"[""s"", ""n"", ""ɑ"", ""b""]"	"[""f"", ""ɛ"", ""l""]"					0.0	0.0	3.337752802688721	4.863322860120456	4.100537831404589	4	3		1	1	0	2975								0	0	1	unseen_phase1:snob					snob	fell	0.0	0.0												
MEANING_0331	Meaning	unrelated	0	train					USF Appendix A	USF:absent-both-directions	snob	fishing		"[""s"", ""n"", ""ɑ"", ""b""]"	"[""f"", ""ɪ"", ""ʃ"", ""ɪ"", ""ŋ""]"					0.0	0.0	3.337752802688721	4.37305631082387	3.8554045567562953	4	5		1	2	0	331								0	0	1	unseen_phase1:snob					snob	fishing	0.0	0.0												
MEANING_0332	Meaning	unrelated	0	train					USF Appendix A	USF:absent-both-directions	snob	outgoing		"[""s"", ""n"", ""ɑ"", ""b""]"	"[""aʊ"", ""t"", ""ɡ"", ""oʊ"", ""ɪ"", ""ŋ""]"					0.0	0.0	3.337752802688721	3.2466723333413885	3.2922125680150547	4	6		1	3	0	3								0	0	1	unseen_phase1:snob					snob	outgoing	0.0	0.0												
MEANING_0333	Meaning	unrelated	0	train					USF Appendix A	USF:absent-both-directions	snob	salmon		"[""s"", ""n"", ""ɑ"", ""b""]"	"[""s"", ""æ"", ""m"", ""ə"", ""n""]"					0.0	0.0	3.337752802688721	3.816176290713628	3.5769645467011744	4	5		1	2	0	85								0	0	1	unseen_phase1:snob					snob	salmon	0.0	0.0												
MEANING_0334	Meaning	unrelated	0	train					USF Appendix A	USF:absent-both-directions	snob	snack		"[""s"", ""n"", ""ɑ"", ""b""]"	"[""s"", ""n"", ""æ"", ""k""]"					0.0	0.0	3.337752802688721	3.960815740592064	3.6492842716403926	4	4		1	1	0	747								0	0	1	unseen_phase1:snob					snob	snack	0.0	0.0												
MEANING_0335	Meaning	unrelated	0	train					USF Appendix A	USF:absent-both-directions	store	cent		"[""s"", ""t"", ""ɔ"", ""ɹ""]"	"[""s"", ""ɛ"", ""n"", ""t""]"					0.0	0.0	4.913398259546353	3.976376954653576	4.4448876070999646	4	4		1	1	2220	29								0	0	1						store	cent	0.0	0.0												
MEANING_0336	Meaning	unrelated	0	train					USF Appendix A	USF:absent-both-directions	store	engage		"[""s"", ""t"", ""ɔ"", ""ɹ""]"	"[""ɛ"", ""ŋ"", ""ɡ"", ""eɪ"", ""d̠ʒ""]"					0.0	0.0	4.913398259546353	3.7893594719752786	4.351378865760816	4	5		1	2	2220	12								0	0	1						store	engage	0.0	0.0												
MEANING_0337	Meaning	unrelated	0	train					USF Appendix A	USF:absent-both-directions	store	hang		"[""s"", ""t"", ""ɔ"", ""ɹ""]"	"[""h"", ""æ"", ""ŋ""]"					0.0	0.0	4.913398259546353	5.169513080552714	5.041455670049533	4	3		1	1	2220	1069								0	0	1						store	hang	0.0	0.0												
MEANING_0338	Meaning	unrelated	0	train					USF Appendix A	USF:absent-both-directions	store	muscle		"[""s"", ""t"", ""ɔ"", ""ɹ""]"	"[""m"", ""ʌ"", ""s"", ""ə"", ""l""]"					0.0	0.0	4.913398259546353	4.1337892943569186	4.5235937769516354	4	5		1	2	2220	97								0	0	1						store	muscle	0.0	0.0												
MEANING_0339	Meaning	unrelated	0	train					USF Appendix A	USF:absent-both-directions	store	yummy		"[""s"", ""t"", ""ɔ"", ""ɹ""]"	"[""j"", ""ʌ"", ""m"", ""i""]"					0.0	0.0	4.913398259546353	3.6503646709025173	4.281881465224435	4	4		1	2	2220	2484								0	0	1						store	yummy	0.0	0.0												
MEANING_0340	Meaning	unrelated	0	train					USF Appendix A	USF:absent-both-directions	trot	fountain		"[""t"", ""ɹ"", ""ɑ"", ""t""]"	"[""f"", ""aʊ"", ""n"", ""t"", ""ɪ"", ""n""]"					0.0	0.0	3.256217651247619	3.838972487380195	3.547595069313907	4	6		1	2	37	62								0	0	1						trot	fountain	0.0	0.0												
MEANING_0341	Meaning	unrelated	0	train					USF Appendix A	USF:absent-both-directions	trot	hormones		"[""t"", ""ɹ"", ""ɑ"", ""t""]"	"[""h"", ""ɔ"", ""ɹ"", ""m"", ""oʊ"", ""n"", ""z""]"					0.0	0.0	3.256217651247619	3.5665876731657433	3.4114026622066813	4	7		1	2	37	2								0	0	1						trot	hormones	0.0	0.0												
MEANING_0342	Meaning	unrelated	0	train					USF Appendix A	USF:absent-both-directions	trot	rope		"[""t"", ""ɹ"", ""ɑ"", ""t""]"	"[""ɹ"", ""oʊ"", ""p""]"					0.0	0.0	3.256217651247619	4.356138383293481	3.80617801727055	4	3		1	1	37	425								0	0	1						trot	rope	0.0	0.0												
MEANING_0343	Meaning	unrelated	0	train					USF Appendix A	USF:absent-both-directions	trot	warmth		"[""t"", ""ɹ"", ""ɑ"", ""t""]"	"[""w"", ""ɔ"", ""ɹ"", ""m"", ""θ""]"					0.0	0.0	3.256217651247619	3.6484556810951863	3.4523366661714023	4	5		1	1	37	2								0	0	1						trot	warmth	0.0	0.0												
MEANING_0344	Meaning	unrelated	0	train					USF Appendix A	USF:absent-both-directions	upstairs	pepper		"[""ʌ"", ""p"", ""s"", ""t"", ""ɛ"", ""ɹ"", ""z""]"	"[""p"", ""ɛ"", ""p"", ""ə"", ""ɹ""]"					0.0	0.0	4.849575966220427	3.944676164905387	4.397126065562907	7	4		2	2	1196	498								0	0	1						upstairs	pepper	0.0	0.0												
MEANING_0345	Meaning	unrelated	0	train					USF Appendix A	USF:absent-both-directions	upstairs	price		"[""ʌ"", ""p"", ""s"", ""t"", ""ɛ"", ""ɹ"", ""z""]"	"[""p"", ""ɹ"", ""aɪ"", ""s""]"					0.0	0.0	4.849575966220427	4.727317944769379	4.788446955494903	7	4		2	1	1196	93								0	0	1						upstairs	price	0.0	0.0												
MEANING_0346	Meaning	unrelated	0	train					USF Appendix A	USF:absent-both-directions	wary	ending		"[""w"", ""ɛ"", ""ɹ"", ""i""]"	"[""ɛ"", ""n"", ""d"", ""ɪ"", ""ŋ""]"					0.0	0.0	2.872213420518874	4.201985853143239	3.5370996368310568	4	5		2	2	2	32								0	0	1						wary	ending	0.0	0.0												
MEANING_0347	Meaning	unrelated	0	train					USF Appendix A	USF:absent-both-directions	wary	gavel		"[""w"", ""ɛ"", ""ɹ"", ""i""]"	"[""ɡ"", ""æ"", ""v"", ""ə"", ""l""]"					0.0	0.0	2.872213420518874	2.883494430928563	2.877853925723718	4	5		2	2	2	4								0	0	1						wary	gavel	0.0	0.0												
MEANING_0348	Meaning	unrelated	0	train					USF Appendix A	USF:absent-both-directions	wary	patient		"[""w"", ""ɛ"", ""ɹ"", ""i""]"	"[""p"", ""eɪ"", ""ʃ"", ""ə"", ""n"", ""t""]"					0.0	0.0	2.872213420518874	4.803778339392276	3.8379958799555753	4	6		2	2	2	109								0	0	1						wary	patient	0.0	0.0												
MEANING_0349	Meaning	unrelated	0	train					USF Appendix A	USF:absent-both-directions	wary	piston		"[""w"", ""ɛ"", ""ɹ"", ""i""]"	"[""p"", ""ɪ"", ""s"", ""t"", ""ə"", ""n""]"					0.0	0.0	2.872213420518874	3.070581074285707	2.9713972474022903	4	6		2	2	2	0								0	0	1	unseen_phase1:piston					wary	piston	0.0	0.0												
MEANING_0350	Meaning	unrelated	0	train					USF Appendix A	USF:absent-both-directions	wave	abundance		"[""w"", ""eɪ"", ""v""]"	"[""ə"", ""b"", ""ʌ"", ""n"", ""d"", ""ə"", ""n"", ""s""]"					0.0	0.0	4.327459106104431	2.9456423376774072	3.636550721890919	3	8		1	3	302	1								0	0	1						wave	abundance	0.0	0.0												
MEANING_0351	Meaning	unrelated	0	train					USF Appendix A	USF:absent-both-directions	wave	bird		"[""w"", ""eɪ"", ""v""]"	"[""b"", ""ɜː"", ""d""]"					0.0	0.0	4.327459106104431	4.6575432555296405	4.492501180817036	3	3		1	1	302	4830								0	0	1						wave	bird	0.0	0.0												
MEANING_0352	Meaning	unrelated	0	train					USF Appendix A	USF:absent-both-directions	wave	cheat		"[""w"", ""eɪ"", ""v""]"	"[""t̠ʃ"", ""iː"", ""t""]"					0.0	0.0	4.327459106104431	4.2471546148811266	4.287306860492778	3	3		1	1	302	72								0	0	1						wave	cheat	0.0	0.0												
MEANING_0353	Meaning	unrelated	0	train					USF Appendix A	USF:absent-both-directions	wave	dress		"[""w"", ""eɪ"", ""v""]"	"[""d"", ""ɹ"", ""ɛ"", ""s""]"					0.0	0.0	4.327459106104431	4.940496953350999	4.633978029727714	3	4		1	1	302	1388								0	0	1						wave	dress	0.0	0.0												
MEANING_0354	Meaning	unrelated	0	train					USF Appendix A	USF:absent-both-directions	wave	girls		"[""w"", ""eɪ"", ""v""]"	"[""ɡ"", ""ɜː"", ""l"", ""z""]"					0.0	0.0	4.327459106104431	5.3187996354757825	4.823129370790107	3	4		1	1	302	1397								0	0	1						wave	girls	0.0	0.0												
MEANING_0355	Meaning	unrelated	0	train					USF Appendix A	USF:absent-both-directions	wave	hem		"[""w"", ""eɪ"", ""v""]"	"[""h"", ""ɛ"", ""m""]"					0.0	0.0	4.327459106104431	2.915679114299964	3.6215691102021976	3	3		1	1	302	12								0	0	1						wave	hem	0.0	0.0												
MEANING_0356	Meaning	unrelated	0	train					USF Appendix A	USF:absent-both-directions	wave	island		"[""w"", ""eɪ"", ""v""]"	"[""aɪ"", ""l"", ""ə"", ""n"", ""d""]"					0.0	0.0	4.327459106104431	4.597350985802955	4.462405045953693	3	5		1	2	302	163								0	0	1						wave	island	0.0	0.0												
MEANING_0357	Meaning	unrelated	0	train					USF Appendix A	USF:absent-both-directions	wave	lash		"[""w"", ""eɪ"", ""v""]"	"[""l"", ""æ"", ""ʃ""]"					0.0	0.0	4.327459106104431	3.2218487496163566	3.7746539278603937	3	3		1	1	302	1								0	0	1						wave	lash	0.0	0.0												
MEANING_0358	Meaning	unrelated	0	train					USF Appendix A	USF:absent-both-directions	wave	nylon		"[""w"", ""eɪ"", ""v""]"	"[""n"", ""aɪ"", ""l"", ""ɑ"", ""n""]"					0.0	0.0	4.327459106104431	3.131278914639319	3.729369010371875	3	5		1	2	302	1								0	0	1						wave	nylon	0.0	0.0												
MEANING_0359	Meaning	unrelated	0	train					USF Appendix A	USF:absent-both-directions	wave	stranger		"[""w"", ""eɪ"", ""v""]"	"[""s"", ""t"", ""ɹ"", ""eɪ"", ""n"", ""d̠ʒ"", ""ə"", ""ɹ""]"					0.0	0.0	4.327459106104431	4.431363764158988	4.3794114351317095	3	7		1	2	302	46								0	0	1						wave	stranger	0.0	0.0												
MEANING_0360	Meaning	unrelated	0	train					USF Appendix A	USF:absent-both-directions	wave	tart		"[""w"", ""eɪ"", ""v""]"	"[""t"", ""ɑ"", ""ɹ"", ""t""]"					0.0	0.0	4.327459106104431	3.3787896545768117	3.8531243803406214	3	4		1	1	302	57								0	0	1						wave	tart	0.0	0.0												
MEANING_0361	Meaning	high_association	1	validation					USF Appendix A	USF:Cue_Target_Pairs.A-B:2748	arms	legs		"[""ɑ"", ""ɹ"", ""m"", ""z""]"	"[""l"", ""ɛ"", ""ɡ"", ""z""]"					0.549	0.541	4.776729663248849	4.744982887130989	4.760856275189919	4	4		1	1	707	1415								0	0	1						arms	legs	0.549	0.541												
MEANING_0362	Meaning	high_association	1	validation					USF Appendix A	USF:Cue_Target_Pairs.A-B:4709	battle	war		"[""b"", ""æ"", ""t"", ""ə"", ""l""]"	"[""w"", ""ɔ"", ""ɹ""]"					0.469	0.026	4.625877098398814	5.242405001731717	4.934141050065265	5	3		2	1	53	115								0	0	1						battle	war	0.469	0.026												
MEANING_0363	Meaning	high_association	1	validation					USF Appendix A	USF:Cue_Target_Pairs.A-B:6201	blouse	shirt		"[""b"", ""l"", ""aʊ"", ""z""]"	"[""ʃ"", ""ɜː"", ""t""]"					0.647	0.135	3.7269987279362624	4.6662609689758945	4.1966298484560784	4	3		1	1	65	2628								0	0	1						blouse	shirt	0.647	0.135												
MEANING_0364	Meaning	high_association	1	validation					USF Appendix A	USF:Cue_Target_Pairs.C:1337	cavity	tooth		"[""k"", ""æ"", ""v"", ""ɪ"", ""t"", ""i""]"	"[""t"", ""uː"", ""θ""]"					0.543	0.043	3.4742734118468364	4.132535918358822	3.8034046651028293	6	3		3	1	19	469								0	0	1						cavity	tooth	0.543	0.043												
MEANING_0365	Meaning	high_association	1	validation					USF Appendix A	USF:Cue_Target_Pairs.C:2787	circus	clown		"[""s"", ""ɜː"", ""k"", ""ə"", ""s""]"	"[""k"", ""l"", ""aʊ"", ""n""]"					0.594	0.237	4.231949076520682	4.199303358624134	4.215626217572408	5	4		2	1	555	1053								0	0	1						circus	clown	0.594	0.237												
MEANING_0366	Meaning	high_association	1	validation					USF Appendix A	USF:Cue_Target_Pairs.D-F:2252	disagree	argue		"[""d"", ""ɪ"", ""s"", ""ə"", ""ɡ"", ""ɹ"", ""iː""]"	"[""ɑ"", ""ɹ"", ""ɡ"", ""j"", ""uː""]"					0.432	0.02	3.8213465241797184	4.295459294455682	4.0584029093177	7	5		3	2	4	31								0	0	1						disagree	argue	0.432	0.02												
MEANING_0367	Meaning	high_association	1	validation					USF Appendix A	USF:Cue_Target_Pairs.D-F:8525	flight	airplane		"[""f"", ""l"", ""aɪ"", ""t""]"	"[""ɛ"", ""ɹ"", ""p"", ""l"", ""eɪ"", ""n""]"					0.669	0.051	4.775874472000599	4.038285019075793	4.407079745538196	4	6		1	2	22	1727								0	0	1						flight	airplane	0.669	0.051												
MEANING_0368	Meaning	high_association	1	validation					USF Appendix A	USF:Cue_Target_Pairs.D-F:10083	frosting	cake		"[""f"", ""ɹ"", ""ɔ"", ""s"", ""t"", ""ɪ"", ""ŋ""]"	"[""k"", ""eɪ"", ""k""]"					0.623	0.027	3.1497623203333323	4.65377984825433	3.901771084293831	7	3		2	1	214	3169								0	0	1						frosting	cake	0.623	0.027												
MEANING_0369	Meaning	high_association	1	validation					USF Appendix A	USF:Cue_Target_Pairs.G-K:664	giggle	laugh		"[""ɡ"", ""ɪ"", ""ɡ"", ""ə"", ""l""]"	"[""l"", ""æ"", ""f""]"					0.78	0.073	3.231949076520682	4.79839334192019	4.015171209220436	5	3		2	1	61	413								0	0	1						giggle	laugh	0.78	0.073												
MEANING_0370	Meaning	high_association	1	validation					USF Appendix A	USF:Cue_Target_Pairs.G-K:6039	inexpensive	cheap		"[""ɪ"", ""n"", ""ɛ"", ""k"", ""s"", ""p"", ""ɛ"", ""n"", ""s"", ""ɪ"", ""v""]"	"[""t̠ʃ"", ""iː"", ""p""]"					0.75	0.079	2.8606315479690587	4.559131790786152	3.709881669377605	11	3		4	1	4	59								0	0	1						inexpensive	cheap	0.75	0.079												
MEANING_0371	Meaning	high_association	1	validation					USF Appendix A	USF:Cue_Target_Pairs.G-K:6461	instruct	teach		"[""ɪ"", ""n"", ""s"", ""t"", ""ɹ"", ""ʌ"", ""k"", ""t""]"	"[""t"", ""iː"", ""t̠ʃ""]"					0.529	0.067	3.2218487496163566	4.862388641998658	4.042118695807507	8	3		2	1	0	519								0	0	1	unseen_phase1:instruct					instruct	teach	0.529	0.067												
MEANING_0372	Meaning	high_association	1	validation					USF Appendix A	USF:Cue_Target_Pairs.G-K:8412	known	unknown		"[""n"", ""oʊ"", ""n""]"	"[""ʌ"", ""n"", ""n"", ""oʊ"", ""n""]"					0.438	0.174	5.091770373355645	4.181170784584956	4.6364705789703	3	5		1	2	63	6								0	0	1						known	unknown	0.438	0.174												
MEANING_0373	Meaning	high_association	1	validation					USF Appendix A	USF:Cue_Target_Pairs.L-O:919	legs	arms		"[""l"", ""ɛ"", ""ɡ"", ""z""]"	"[""ɑ"", ""ɹ"", ""m"", ""z""]"					0.541	0.549	4.744982887130989	4.776729663248849	4.760856275189919	4	4		1	1	1415	707								0	0	1						legs	arms	0.541	0.549												
MEANING_0374	Meaning	high_association	1	validation					USF Appendix A	USF:Cue_Target_Pairs.L-O:5298	moist	wet		"[""m"", ""ɔɪ"", ""s"", ""t""]"	"[""w"", ""ɛ"", ""t""]"					0.543	0.0	3.256217651247619	4.5934598195660445	3.9248387354068317	4	3		1	1	11	2057								0	0	1						moist	wet	0.543	0.0												
MEANING_0375	Meaning	high_association	1	validation					USF Appendix A	USF:Cue_Target_Pairs.L-O:6793	neighbor	friend		"[""n"", ""eɪ"", ""b"", ""ə"", ""ɹ""]"	"[""f"", ""ɹ"", ""ɛ"", ""n"", ""d""]"					0.507	0.022	4.228943566380957	5.6225187696505445	4.925731168015751	4	5		2	1	80	2252								0	0	1						neighbor	friend	0.507	0.022												
MEANING_0376	Meaning	high_association	1	validation					USF Appendix A	USF:Cue_Target_Pairs.L-O:7104	newsstand	paper		"[""n"", ""uː"", ""z"", ""s"", ""t"", ""æ"", ""n"", ""d""]"	"[""p"", ""eɪ"", ""p"", ""ə"", ""ɹ""]"					0.494	0.0	3.016705693502853	5.014322840117021	4.015514266809937	8	4		2	2	0	3640								0	0	1	unseen_phase1:newsstand					newsstand	paper	0.494	0.0												
MEANING_0377	Meaning	high_association	1	validation					USF Appendix A	USF:Cue_Target_Pairs.P-R:7571	rejoice	happy		"[""ɹ"", ""ɪ"", ""d̠ʒ"", ""ɔɪ"", ""s""]"	"[""h"", ""æ"", ""p"", ""i""]"					0.411	0.0	3.226928275145631	5.522699881313269	4.37481407822945	5	4		2	2	25	3181								0	0	1						rejoice	happy	0.411	0.0												
MEANING_0378	Meaning	high_association	1	validation					USF Appendix A	USF:Cue_Target_Pairs.P-R:8086	reptile	snake		"[""ɹ"", ""ɛ"", ""p"", ""t"", ""aɪ"", ""l""]"	"[""s"", ""n"", ""eɪ"", ""k""]"					0.514	0.079	3.1497623203333323	4.349334675238536	3.749548497785934	6	4		2	1	21	1519								0	0	1						reptile	snake	0.514	0.079												
MEANING_0379	Meaning	high_association	1	validation					USF Appendix A	USF:Cue_Target_Pairs.S:4255	smooth	rough		"[""s"", ""m"", ""uː"", ""ð""]"	"[""ɹ"", ""ʌ"", ""f""]"					0.416	0.352	4.261845736256045	4.572780516948069	4.417313126602057	4	3		1	1	207	348								0	0	1						smooth	rough	0.416	0.352												
MEANING_0380	Meaning	high_association	1	validation					USF Appendix A	USF:Cue_Target_Pairs.S:5777	spool	thread		"[""s"", ""p"", ""uː"", ""l""]"	"[""θ"", ""ɹ"", ""ɛ"", ""d""]"					0.739	0.0	2.7074031718728815	3.7123855723918213	3.2098943721323514	4	4		1	1	7	105								0	0	1						spool	thread	0.739	0.0												
MEANING_0381	Meaning	high_association	1	validation					USF Appendix A	USF:Cue_Target_Pairs.S:6823	stench	smell		"[""s"", ""t"", ""ɛ"", ""n"", ""t̠ʃ""]"	"[""s"", ""m"", ""ɛ"", ""l""]"					0.562	0.0	3.3455082673854832	4.919795680494796	4.13265197394014	5	4		1	1	2	1018								0	0	1						stench	smell	0.562	0.0												
MEANING_0382	Meaning	high_association	1	validation					USF Appendix A	USF:Cue_Target_Pairs.S:6837	steps	stairs		"[""s"", ""t"", ""ɛ"", ""p"", ""s""]"	"[""s"", ""t"", ""ɛ"", ""ɹ"", ""z""]"					0.526	0.146	4.392455554009926	4.3759324437323315	4.384193998871129	5	5		1	1	270	715								0	0	1						steps	stairs	0.526	0.146												
MEANING_0383	Meaning	high_association	1	validation					USF Appendix A	USF:Cue_Target_Pairs.S:8158	suds	soap		"[""s"", ""ʌ"", ""d"", ""z""]"	"[""s"", ""oʊ"", ""p""]"					0.601	0.038	2.6726410656136697	4.181731526408374	3.4271862960110218	4	3		1	1	28	677								0	0	1						suds	soap	0.601	0.038												
MEANING_0384	Meaning	high_association	1	validation					USF Appendix A	USF:Cue_Target_Pairs.T-Z:531	taxi	cab		"[""t"", ""æ"", ""k"", ""s"", ""i""]"	"[""k"", ""æ"", ""b""]"					0.537	0.386	4.412345234160055	4.553930597100344	4.483137915630199	5	3		2	1	127	59								0	0	1						taxi	cab	0.537	0.386												
MEANING_0385	Meaning	high_association	1	validation					USF Appendix A	USF:Cue_Target_Pairs.T-Z:6220	wag	tail		"[""w"", ""æ"", ""ɡ""]"	"[""t"", ""eɪ"", ""l""]"					0.68	0.048	2.7074031718728815	4.3784335295204455	3.5429183506966635	3	3		1	1	53	2069								0	0	1						wag	tail	0.68	0.048												
MEANING_0386	Meaning	low_association	1	validation					USF Appendix A	USF:Cue_Target_Pairs.A-B:397	achievement	success		"[""ə"", ""t̠ʃ"", ""iː"", ""v"", ""m"", ""ə"", ""n"", ""t""]"	"[""s"", ""ə"", ""k"", ""s"", ""ɛ"", ""s""]"					0.161	0.02	3.542849826210958	4.435444624156158	3.989147225183558	8	6		3	2	2	7								0	0	1						achievement	success	0.161	0.02												
MEANING_0387	Meaning	low_association	1	validation					USF Appendix A	USF:Cue_Target_Pairs.A-B:4784	bead	necklace		"[""b"", ""iː"", ""d""]"	"[""n"", ""ɛ"", ""k"", ""l"", ""ə"", ""s""]"					0.384	0.021	3.048304679574555	3.9887862126353957	3.5185454461049757	3	6		1	2	132	389								0	0	1						bead	necklace	0.384	0.021												
MEANING_0388	Meaning	low_association	1	validation					USF Appendix A	USF:Cue_Target_Pairs.A-B:6467	boiled	eggs		"[""b"", ""ɔɪ"", ""l"", ""d""]"	"[""ɛ"", ""ɡ"", ""z""]"					0.374	0.0	3.520316528515737	4.587116448181507	4.053716488348622	4	3		1	1	71	1548								0	0	1						boiled	eggs	0.374	0.0												
MEANING_0389	Meaning	low_association	1	validation					USF Appendix A	USF:Cue_Target_Pairs.C:856	careless	reckless		"[""k"", ""ɛ"", ""ɹ"", ""l"", ""ə"", ""s""]"	"[""ɹ"", ""ɛ"", ""k"", ""l"", ""ə"", ""s""]"					0.184	0.136	3.6921035453831017	3.6921035453831017	3.6921035453831017	6	6		2	2	18	6								0	0	1						careless	reckless	0.184	0.136												
MEANING_0390	Meaning	low_association	1	validation					USF Appendix A	USF:Cue_Target_Pairs.C:2762	circle	round		"[""s"", ""ɜː"", ""k"", ""ə"", ""l""]"	"[""ɹ"", ""aʊ"", ""n"", ""d""]"					0.199	0.197	4.332636451476775	4.823013683547181	4.577825067511978	5	4		2	1	1479	1763								0	0	1						circle	round	0.199	0.197												
MEANING_0391	Meaning	low_association	1	validation					USF Appendix A	USF:Cue_Target_Pairs.D-F:8293	flake	cereal		"[""f"", ""l"", ""eɪ"", ""k""]"	"[""s"", ""iə"", ""ɹ"", ""ɪ"", ""ə"", ""l""]"					0.158	0.0	3.2418198305469765	3.8029748341086758	3.5223973323278264	4	6		1	3	13	1518								0	0	1						flake	cereal	0.158	0.0												
MEANING_0392	Meaning	low_association	1	validation					USF Appendix A	USF:Cue_Target_Pairs.G-K:3075	hatch	back		"[""h"", ""æ"", ""t̠ʃ""]"	"[""b"", ""æ"", ""k""]"					0.162	0.0	4.108007572226331	6.303013845143055	5.2055107086846935	3	3		1	1	43	18502								0	0	1						hatch	back	0.162	0.0												
MEANING_0393	Meaning	low_association	1	validation					USF Appendix A	USF:Cue_Target_Pairs.G-K:4524	hook	line		"[""h"", ""ʊ"", ""k""]"	"[""l"", ""aɪ"", ""n""]"					0.205	0.0	4.57978359661681	5.314239100924404	4.947011348770607	3	3		1	1	448	777								0	0	1						hook	line	0.205	0.0												
MEANING_0394	Meaning	low_association	1	validation					USF Appendix A	USF:Cue_Target_Pairs.G-K:8273	knees	legs		"[""n"", ""iː"", ""z""]"	"[""l"", ""ɛ"", ""ɡ"", ""z""]"					0.32	0.02	4.413003755107914	4.744982887130989	4.578993321119452	3	4		1	1	325	1415								0	0	1						knees	legs	0.32	0.02												
MEANING_0395	Meaning	low_association	1	validation					USF Appendix A	USF:Cue_Target_Pairs.L-O:472	lawn	mower		"[""l"", ""ɔ"", ""n""]"	"[""m"", ""oʊ"", ""ə"", ""ɹ""]"					0.185	0.658	4.091770373355645	3.167491087293764	3.6296307303247044	3	3		1	2	118	62								0	0	1						lawn	mower	0.185	0.658												
MEANING_0396	Meaning	low_association	1	validation					USF Appendix A	USF:Cue_Target_Pairs.L-O:1548	lint	dust		"[""l"", ""ɪ"", ""n"", ""t""]"	"[""d"", ""ʌ"", ""s"", ""t""]"					0.204	0.0	3.1249387366083	4.37736339883878	3.75115106772354	4	4		1	1	14	202								0	0	1						lint	dust	0.204	0.0												
MEANING_0397	Meaning	low_association	1	validation					USF Appendix A	USF:Cue_Target_Pairs.L-O:1678	lit	bright		"[""l"", ""ɪ"", ""t""]"	"[""b"", ""ɹ"", ""aɪ"", ""t""]"					0.144	0.0	3.987911500392261	4.647498030250914	4.317704765321587	3	4		1	1	59	381								0	0	1						lit	bright	0.144	0.0												
MEANING_0398	Meaning	low_association	1	validation					USF Appendix A	USF:Cue_Target_Pairs.L-O:2426	lump	bump		"[""l"", ""ʌ"", ""m"", ""p""]"	"[""b"", ""ʌ"", ""m"", ""p""]"					0.188	0.041	3.5501083987712483	4.091770373355645	3.820939386063447	4	4		1	1	68	1088								0	0	1						lump	bump	0.188	0.041												
MEANING_0399	Meaning	low_association	1	validation					USF Appendix A	USF:Cue_Target_Pairs.L-O:3942	medal	award		"[""m"", ""ɛ"", ""d"", ""ə"", ""l""]"	"[""ə"", ""w"", ""ɔ"", ""ɹ"", ""d""]"					0.17	0.028	4.063281835544208	4.109995193461844	4.086638514503026	5	5		2	2	14	9								0	0	1						medal	award	0.17	0.028												
MEANING_0400	Meaning	low_association	1	validation					USF Appendix A	USF:Cue_Target_Pairs.L-O:5771	mosquito	bug		"[""m"", ""ə"", ""s"", ""k"", ""iː"", ""t"", ""oʊ""]"	"[""b"", ""ʌ"", ""ɡ""]"					0.232	0.013	3.260912772455999	4.321001076594602	3.7909569245253003	7	3		3	1	76	1217								0	0	1						mosquito	bug	0.232	0.013												
MEANING_0401	Meaning	low_association	1	validation					USF Appendix A	USF:Cue_Target_Pairs.L-O:7968	obstacle	course		"[""ɑ"", ""b"", ""s"", ""t"", ""ə"", ""k"", ""ə"", ""l""]"	"[""k"", ""ɔ"", ""ɹ"", ""s""]"					0.14	0.0	3.4130037551079138	5.687721262286547	4.55036250869723	8	4		3	1	10	746								0	0	1						obstacle	course	0.14	0.0												
MEANING_0402	Meaning	low_association	1	validation					USF Appendix A	USF:Cue_Target_Pairs.P-R:9116	robber	thief		"[""ɹ"", ""ɑ"", ""b"", ""ə"", ""ɹ""]"	"[""θ"", ""iː"", ""f""]"					0.361	0.224	3.6708277248502013	4.385150468586163	4.027989096718182	4	3		2	1	46	118								0	0	1						robber	thief	0.361	0.224												
MEANING_0403	Meaning	low_association	1	validation					USF Appendix A	USF:Cue_Target_Pairs.P-R:9188	rock	roll		"[""ɹ"", ""ɑ"", ""k""]"	"[""ɹ"", ""oʊ"", ""l""]"					0.224	0.083	4.935289876486555	4.801228789305968	4.868259332896262	3	3		1	1	1436	1658								0	0	1						rock	roll	0.224	0.083												
MEANING_0404	Meaning	low_association	1	validation					USF Appendix A	USF:Cue_Target_Pairs.P-R:9714	rules	break		"[""ɹ"", ""uː"", ""l"", ""z""]"	"[""b"", ""ɹ"", ""eɪ"", ""k""]"					0.192	0.0	4.828735696253097	5.344546374452062	5.08664103535258	4	4		1	1	97	2102								0	0	1						rules	break	0.192	0.0												
MEANING_0405	Meaning	low_association	1	validation					USF Appendix A	USF:Cue_Target_Pairs.P-R:9737	rummy	game		"[""ɹ"", ""ʌ"", ""m"", ""i""]"	"[""ɡ"", ""eɪ"", ""m""]"					0.155	0.0	3.16166154363304	5.368924628911785	4.265293086272412	4	3		2	1	2	2314								0	0	1						rummy	game	0.155	0.0												
MEANING_0406	Meaning	low_association	1	validation					USF Appendix A	USF:Cue_Target_Pairs.S:1383	seasoning	salt		"[""s"", ""iː"", ""z"", ""ə"", ""n"", ""ɪ"", ""ŋ""]"	"[""s"", ""ɔ"", ""l"", ""t""]"					0.297	0.0	2.723793588061051	4.290252904647789	3.50702324635442	7	4		3	1	10	761								0	0	1						seasoning	salt	0.297	0.0												
MEANING_0407	Meaning	low_association	1	validation					USF Appendix A	USF:Cue_Target_Pairs.S:2176	shake	rattle		"[""ʃ"", ""eɪ"", ""k""]"	"[""ɹ"", ""æ"", ""t"", ""ə"", ""l""]"					0.142	0.058	4.5979961374173675	3.5279582708096124	4.06297720411349	3	5		1	2	1955	340								0	0	1						shake	rattle	0.142	0.058												
MEANING_0408	Meaning	low_association	1	validation					USF Appendix A	USF:Cue_Target_Pairs.S:6266	stair	case		"[""s"", ""t"", ""ɛ"", ""ɹ""]"	"[""k"", ""eɪ"", ""s""]"					0.143	0.0	3.131278914639319	5.450882784590892	4.291080849615105	4	3		1	1	48	470								0	0	1						stair	case	0.143	0.0												
MEANING_0409	Meaning	low_association	1	validation					USF Appendix A	USF:Cue_Target_Pairs.S:6518	starch	stiff		"[""s"", ""t"", ""ɑ"", ""ɹ"", ""t̠ʃ""]"	"[""s"", ""t"", ""ɪ"", ""f""]"					0.236	0.0	3.131278914639319	4.0109315127693375	3.571105213704328	5	4		1	1	6	29								0	0	1						starch	stiff	0.236	0.0												
MEANING_0410	Meaning	low_association	1	validation					USF Appendix A	USF:Cue_Target_Pairs.T-Z:6109	voodoo	magic		"[""v"", ""uː"", ""d"", ""uː""]"	"[""m"", ""æ"", ""d̠ʒ"", ""ɪ"", ""k""]"					0.172	0.0	3.678036097500376	4.721697490335232	4.199866793917804	4	5		2	2	0	629								0	0	1	unseen_phase1:voodoo					voodoo	magic	0.172	0.0												
MEANING_0411	Meaning	unrelated	0	validation					USF Appendix A	USF:absent-both-directions	brake	charity		"[""b"", ""ɹ"", ""eɪ"", ""k""]"	"[""t̠ʃ"", ""æ"", ""ɹ"", ""ɪ"", ""t"", ""i""]"					0.0	0.0	3.7767296632488496	4.2172258196999755	3.9969777414744128	4	6		1	3	20	0								0	0	1	unseen_phase1:charity					brake	charity	0.0	0.0												
MEANING_0412	Meaning	unrelated	0	validation					USF Appendix A	USF:absent-both-directions	brake	dent		"[""b"", ""ɹ"", ""eɪ"", ""k""]"	"[""d"", ""ɛ"", ""n"", ""t""]"					0.0	0.0	3.7767296632488496	3.5477023290053697	3.6622159961271095	4	4		1	1	20	7								0	0	1						brake	dent	0.0	0.0												
MEANING_0413	Meaning	unrelated	0	validation					USF Appendix A	USF:absent-both-directions	brake	famous		"[""b"", ""ɹ"", ""eɪ"", ""k""]"	"[""f"", ""eɪ"", ""m"", ""ə"", ""s""]"					0.0	0.0	3.7767296632488496	4.653401707627999	4.215065685438424	4	5		1	2	20	40								0	0	1						brake	famous	0.0	0.0												
MEANING_0414	Meaning	unrelated	0	validation					USF Appendix A	USF:absent-both-directions	brake	float		"[""b"", ""ɹ"", ""eɪ"", ""k""]"	"[""f"", ""l"", ""oʊ"", ""t""]"					0.0	0.0	3.7767296632488496	3.873354799577683	3.825042231413266	4	4		1	1	20	95								0	0	1						brake	float	0.0	0.0												
MEANING_0415	Meaning	unrelated	0	validation					USF Appendix A	USF:absent-both-directions	brake	gym		"[""b"", ""ɹ"", ""eɪ"", ""k""]"	"[""d̠ʒ"", ""ɪ"", ""m""]"					0.0	0.0	3.7767296632488496	4.2595095580465605	4.018119610647705	4	3		1	1	20	188								0	0	1						brake	gym	0.0	0.0												
MEANING_0416	Meaning	unrelated	0	validation					USF Appendix A	USF:absent-both-directions	brake	honest		"[""b"", ""ɹ"", ""eɪ"", ""k""]"	"[""ɑ"", ""n"", ""ɪ"", ""s"", ""t""]"					0.0	0.0	3.7767296632488496	4.859338479128867	4.318034071188858	4	5		1	2	20	16								0	0	1						brake	honest	0.0	0.0												
MEANING_0417	Meaning	unrelated	0	validation					USF Appendix A	USF:absent-both-directions	brake	round		"[""b"", ""ɹ"", ""eɪ"", ""k""]"	"[""ɹ"", ""aʊ"", ""n"", ""d""]"					0.0	0.0	3.7767296632488496	4.823013683547181	4.299871673398015	4	4		1	1	20	1763								0	0	1						brake	round	0.0	0.0												
MEANING_0418	Meaning	unrelated	0	validation					USF Appendix A	USF:absent-both-directions	brake	scrambled		"[""b"", ""ɹ"", ""eɪ"", ""k""]"	"[""s"", ""k"", ""ɹ"", ""æ"", ""m"", ""b"", ""ə"", ""l"", ""d""]"					0.0	0.0	3.7767296632488496	3.857095888154153	3.8169127757015016	4	9		1	2	20	109								0	0	1						brake	scrambled	0.0	0.0												
MEANING_0419	Meaning	unrelated	0	validation					USF Appendix A	USF:absent-both-directions	brake	seed		"[""b"", ""ɹ"", ""eɪ"", ""k""]"	"[""s"", ""iː"", ""d""]"					0.0	0.0	3.7767296632488496	3.8790171285738184	3.8278733959113342	4	3		1	1	20	265								0	0	1						brake	seed	0.0	0.0												
MEANING_0420	Meaning	unrelated	0	validation					USF Appendix A	USF:absent-both-directions	dine	dungeon		"[""d"", ""aɪ"", ""n""]"	"[""d"", ""ʌ"", ""n"", ""d̠ʒ"", ""ə"", ""n""]"					0.0	0.0	3.632873938742182	3.4097011195578277	3.5212875291500048	3	6		1	2	9	14								0	0	1						dine	dungeon	0.0	0.0												
MEANING_0421	Meaning	unrelated	0	validation					USF Appendix A	USF:absent-both-directions	dine	first		"[""d"", ""aɪ"", ""n""]"	"[""f"", ""ɜː"", ""s"", ""t""]"					0.0	0.0	3.632873938742182	5.924573176795779	4.778723557768981	3	4		1	1	9	6261								0	0	1						dine	first	0.0	0.0												
MEANING_0422	Meaning	unrelated	0	validation					USF Appendix A	USF:absent-both-directions	dine	gem		"[""d"", ""aɪ"", ""n""]"	"[""d̠ʒ"", ""ɛ"", ""m""]"					0.0	0.0	3.632873938742182	3.3928003690196267	3.5128371538809042	3	3		1	1	9	20								0	0	1						dine	gem	0.0	0.0												
MEANING_0423	Meaning	unrelated	0	validation					USF Appendix A	USF:absent-both-directions	dine	juice		"[""d"", ""aɪ"", ""n""]"	"[""d̠ʒ"", ""uː"", ""s""]"					0.0	0.0	3.632873938742182	4.429467278691576	4.031170608716879	3	3		1	1	9	6931								0	0	1						dine	juice	0.0	0.0												
MEANING_0424	Meaning	unrelated	0	validation					USF Appendix A	USF:absent-both-directions	dine	tact		"[""d"", ""aɪ"", ""n""]"	"[""t"", ""æ"", ""k"", ""t""]"					0.0	0.0	3.632873938742182	3.040617850908264	3.336745894825223	3	4		1	1	9	1								0	0	1						dine	tact	0.0	0.0												
MEANING_0425	Meaning	unrelated	0	validation					USF Appendix A	USF:absent-both-directions	dine	voodoo		"[""d"", ""aɪ"", ""n""]"	"[""v"", ""uː"", ""d"", ""uː""]"					0.0	0.0	3.632873938742182	3.678036097500376	3.6554550181212786	3	4		1	2	9	0								0	0	1	unseen_phase1:voodoo					dine	voodoo	0.0	0.0												
MEANING_0426	Meaning	unrelated	0	validation					USF Appendix A	USF:absent-both-directions	faint	breathe		"[""f"", ""eɪ"", ""n"", ""t""]"	"[""b"", ""ɹ"", ""iː"", ""ð""]"					0.0	0.0	3.9672909646398753	4.685829519195165	4.32656024191752	4	4		1	1	13	136								0	0	1						faint	breathe	0.0	0.0												
MEANING_0427	Meaning	unrelated	0	validation					USF Appendix A	USF:absent-both-directions	faint	curse		"[""f"", ""eɪ"", ""n"", ""t""]"	"[""k"", ""ɜː"", ""s""]"					0.0	0.0	3.9672909646398753	4.260445537895706	4.113868251267791	4	3		1	1	13	19								0	0	1						faint	curse	0.0	0.0												
MEANING_0428	Meaning	unrelated	0	validation					USF Appendix A	USF:absent-both-directions	faint	field		"[""f"", ""eɪ"", ""n"", ""t""]"	"[""f"", ""iː"", ""l"", ""d""]"					0.0	0.0	3.9672909646398753	4.846312850545938	4.406801907592906	4	4		1	1	13	148								0	0	1						faint	field	0.0	0.0												
MEANING_0429	Meaning	unrelated	0	validation					USF Appendix A	USF:absent-both-directions	faint	lonely		"[""f"", ""eɪ"", ""n"", ""t""]"	"[""l"", ""oʊ"", ""n"", ""l"", ""i""]"					0.0	0.0	3.9672909646398753	4.619788758288394	4.293539861464135	4	5		1	2	13	115								0	0	1						faint	lonely	0.0	0.0												
MEANING_0430	Meaning	unrelated	0	validation					USF Appendix A	USF:absent-both-directions	faint	rise		"[""f"", ""eɪ"", ""n"", ""t""]"	"[""ɹ"", ""aɪ"", ""z""]"					0.0	0.0	3.9672909646398753	4.438247538393892	4.202769251516884	4	3		1	1	13	37								0	0	1						faint	rise	0.0	0.0												
MEANING_0431	Meaning	unrelated	0	validation					USF Appendix A	USF:absent-both-directions	faint	tease		"[""f"", ""eɪ"", ""n"", ""t""]"	"[""t"", ""iː"", ""z""]"					0.0	0.0	3.9672909646398753	3.75482782180102	3.8610593932204473	4	3		1	1	13	65								0	0	1						faint	tease	0.0	0.0												
MEANING_0432	Meaning	unrelated	0	validation					USF Appendix A	USF:absent-both-directions	faint	throne		"[""f"", ""eɪ"", ""n"", ""t""]"	"[""θ"", ""ɹ"", ""oʊ"", ""n""]"					0.0	0.0	3.9672909646398753	3.9368684133699023	3.952079689004889	4	4		1	1	13	7								0	0	1						faint	throne	0.0	0.0												
MEANING_0433	Meaning	unrelated	0	validation					USF Appendix A	USF:absent-both-directions	foggy	damp		"[""f"", ""ɑ"", ""ɡ"", ""i""]"	"[""d"", ""æ"", ""m"", ""p""]"					0.0	0.0	3.1119737594439325	3.4656160923143378	3.2887949258791354	4	4		2	1	37	34								0	0	1						foggy	damp	0.0	0.0												
MEANING_0434	Meaning	unrelated	0	validation					USF Appendix A	USF:absent-both-directions	foggy	date		"[""f"", ""ɑ"", ""ɡ"", ""i""]"	"[""d"", ""eɪ"", ""t""]"					0.0	0.0	3.1119737594439325	5.150846701625552	4.131410230534742	4	3		2	1	37	157								0	0	1						foggy	date	0.0	0.0												
MEANING_0435	Meaning	unrelated	0	validation					USF Appendix A	USF:absent-both-directions	foggy	flashlight		"[""f"", ""ɑ"", ""ɡ"", ""i""]"	"[""f"", ""l"", ""æ"", ""ʃ"", ""l"", ""aɪ"", ""t""]"					0.0	0.0	3.1119737594439325	3.7724367668592143	3.4422052631515734	4	7		2	2	37	153								0	0	1						foggy	flashlight	0.0	0.0												
MEANING_0436	Meaning	unrelated	0	validation					USF Appendix A	USF:absent-both-directions	foggy	grip		"[""f"", ""ɑ"", ""ɡ"", ""i""]"	"[""ɡ"", ""ɹ"", ""ɪ"", ""p""]"					0.0	0.0	3.1119737594439325	3.9861567728257103	3.5490652661348214	4	4		2	1	37	28								0	0	1						foggy	grip	0.0	0.0												
MEANING_0437	Meaning	unrelated	0	validation					USF Appendix A	USF:absent-both-directions	foggy	ranch		"[""f"", ""ɑ"", ""ɡ"", ""i""]"	"[""ɹ"", ""æ"", ""n"", ""t̠ʃ""]"					0.0	0.0	3.1119737594439325	4.244252859217975	3.678113309330954	4	4		2	1	37	27								0	0	1						foggy	ranch	0.0	0.0												
MEANING_0438	Meaning	unrelated	0	validation					USF Appendix A	USF:absent-both-directions	foggy	rap		"[""f"", ""ɑ"", ""ɡ"", ""i""]"	"[""ɹ"", ""æ"", ""p""]"					0.0	0.0	3.1119737594439325	4.115251469205168	3.61361261432455	4	3		2	1	37	17								0	0	1						foggy	rap	0.0	0.0												
MEANING_0439	Meaning	unrelated	0	validation					USF Appendix A	USF:absent-both-directions	foggy	thick		"[""f"", ""ɑ"", ""ɡ"", ""i""]"	"[""θ"", ""ɪ"", ""k""]"					0.0	0.0	3.1119737594439325	4.145519353753929	3.628746556598931	4	3		2	1	37	150								0	0	1						foggy	thick	0.0	0.0												
MEANING_0440	Meaning	unrelated	0	validation					USF Appendix A	USF:absent-both-directions	foggy	tribe		"[""f"", ""ɑ"", ""ɡ"", ""i""]"	"[""t"", ""ɹ"", ""aɪ"", ""b""]"					0.0	0.0	3.1119737594439325	3.8043131848809377	3.458143472162435	4	4		2	1	37	2								0	0	1						foggy	tribe	0.0	0.0												
MEANING_0441	Meaning	unrelated	0	validation					USF Appendix A	USF:absent-both-directions	hostage	son		"[""h"", ""ɑ"", ""s"", ""t"", ""ɪ"", ""d̠ʒ""]"	"[""s"", ""ʌ"", ""n""]"					0.0	0.0	4.163418637662639	5.613593120662743	4.888505879162691	6	3		2	1	0	402								0	0	1	unseen_phase1:hostage					hostage	son	0.0	0.0												
MEANING_0442	Meaning	unrelated	0	validation					USF Appendix A	USF:absent-both-directions	hostage	tent		"[""h"", ""ɑ"", ""s"", ""t"", ""ɪ"", ""d̠ʒ""]"	"[""t"", ""ɛ"", ""n"", ""t""]"					0.0	0.0	4.163418637662639	4.2427946782781865	4.203106657970412	6	4		2	1	0	199								0	0	1	unseen_phase1:hostage					hostage	tent	0.0	0.0												
MEANING_0443	Meaning	unrelated	0	validation					USF Appendix A	USF:absent-both-directions	oil	clerk		"[""ɔɪ"", ""l""]"	"[""k"", ""l"", ""ɜː"", ""k""]"					0.0	0.0	4.613613851204378	4.110655717516019	4.362134784360199	2	4		1	1	365	1								0	0	1						oil	clerk	0.0	0.0												
MEANING_0444	Meaning	unrelated	0	validation					USF Appendix A	USF:absent-both-directions	oil	foresight		"[""ɔɪ"", ""l""]"	"[""f"", ""ɔ"", ""ɹ"", ""s"", ""aɪ"", ""t""]"					0.0	0.0	4.613613851204378	2.872213420518874	3.742913635861626	2	6		1	2	365	1								0	0	1						oil	foresight	0.0	0.0												
MEANING_0445	Meaning	unrelated	0	validation					USF Appendix A	USF:absent-both-directions	oil	royalty		"[""ɔɪ"", ""l""]"	"[""ɹ"", ""ɔɪ"", ""ə"", ""l"", ""t"", ""i""]"					0.0	0.0	4.613613851204378	3.5934598195660445	4.103536835385212	2	6		1	3	365	10								0	0	1						oil	royalty	0.0	0.0												
MEANING_0446	Meaning	unrelated	0	validation					USF Appendix A	USF:absent-both-directions	oil	screw		"[""ɔɪ"", ""l""]"	"[""s"", ""k"", ""ɹ"", ""uː""]"					0.0	0.0	4.613613851204378	4.573917711842145	4.5937657815232615	2	4		1	1	365	816								0	0	1						oil	screw	0.0	0.0												
MEANING_0447	Meaning	unrelated	0	validation					USF Appendix A	USF:absent-both-directions	oil	sinker		"[""ɔɪ"", ""l""]"	"[""s"", ""ɪ"", ""ŋ"", ""k"", ""ə"", ""ɹ""]"					0.0	0.0	4.613613851204378	2.7395878552442827	3.6766008532243304	2	5		1	2	365	0								0	0	1	unseen_phase1:sinker					oil	sinker	0.0	0.0												
MEANING_0448	Meaning	unrelated	0	validation					USF Appendix A	USF:absent-both-directions	oil	symptom		"[""ɔɪ"", ""l""]"	"[""s"", ""ɪ"", ""m"", ""p"", ""t"", ""ə"", ""m""]"					0.0	0.0	4.613613851204378	3.274701056941632	3.944157454073005	2	7		1	2	365	0								0	0	1	unseen_phase1:symptom					oil	symptom	0.0	0.0												
MEANING_0449	Meaning	unrelated	0	validation					USF Appendix A	USF:absent-both-directions	sales	allow		"[""s"", ""eɪ"", ""l"", ""z""]"	"[""ə"", ""l"", ""aʊ""]"					0.0	0.0	4.1040048297726575	4.647114377856792	4.375559603814725	4	3		1	2	26	28								0	0	1						sales	allow	0.0	0.0												
MEANING_0450	Meaning	unrelated	0	validation					USF Appendix A	USF:absent-both-directions	sales	curse		"[""s"", ""eɪ"", ""l"", ""z""]"	"[""k"", ""ɜː"", ""s""]"					0.0	0.0	4.1040048297726575	4.260445537895706	4.1822251838341815	4	3		1	1	26	19								0	0	1						sales	curse	0.0	0.0												
MEANING_0451	Meaning	unrelated	0	validation					USF Appendix A	USF:absent-both-directions	sales	ghetto		"[""s"", ""eɪ"", ""l"", ""z""]"	"[""ɡ"", ""ɛ"", ""t"", ""oʊ""]"					0.0	0.0	4.1040048297726575	3.7426789322214247	3.9233418809970413	4	4		1	2	26	1								0	0	1						sales	ghetto	0.0	0.0												
MEANING_0452	Meaning	unrelated	0	validation					USF Appendix A	USF:absent-both-directions	sales	indoors		"[""s"", ""eɪ"", ""l"", ""z""]"	"[""ɪ"", ""n"", ""d"", ""ɔ"", ""ɹ"", ""z""]"					0.0	0.0	4.1040048297726575	3.3928003690196267	3.748402599396142	4	6		1	2	26	22								0	0	1						sales	indoors	0.0	0.0												
MEANING_0453	Meaning	unrelated	0	validation					USF Appendix A	USF:absent-both-directions	sales	lunch		"[""s"", ""eɪ"", ""l"", ""z""]"	"[""l"", ""ʌ"", ""n"", ""t̠ʃ""]"					0.0	0.0	4.1040048297726575	5.017524344983533	4.560764587378095	4	4		1	1	26	2344								0	0	1						sales	lunch	0.0	0.0												
MEANING_0454	Meaning	unrelated	0	validation					USF Appendix A	USF:absent-both-directions	sales	moose		"[""s"", ""eɪ"", ""l"", ""z""]"	"[""m"", ""uː"", ""s""]"					0.0	0.0	4.1040048297726575	3.7426789322214247	3.9233418809970413	4	3		1	1	26	266								0	0	1						sales	moose	0.0	0.0												
MEANING_0455	Meaning	unrelated	0	validation					USF Appendix A	USF:absent-both-directions	sash	active		"[""s"", ""æ"", ""ʃ""]"	"[""æ"", ""k"", ""t"", ""ɪ"", ""v""]"					0.0	0.0	3.055857817465001	4.058842671014463	3.557350244239732	3	5		1	2	20	59								0	0	1						sash	active	0.0	0.0												
MEANING_0456	Meaning	unrelated	0	validation					USF Appendix A	USF:absent-both-directions	sash	all		"[""s"", ""æ"", ""ʃ""]"	"[""ɔ"", ""l""]"					0.0	0.0	3.055857817465001	6.712806452389362	4.884332134927181	3	2		1	1	20	37275								0	0	1						sash	all	0.0	0.0												
MEANING_0457	Meaning	unrelated	0	validation					USF Appendix A	USF:absent-both-directions	sash	blend		"[""s"", ""æ"", ""ʃ""]"	"[""b"", ""l"", ""ɛ"", ""n"", ""d""]"					0.0	0.0	3.055857817465001	3.6308863175066683	3.3433720674858347	3	5		1	1	20	16								0	0	1						sash	blend	0.0	0.0												
MEANING_0458	Meaning	unrelated	0	validation					USF Appendix A	USF:absent-both-directions	sash	tomb		"[""s"", ""æ"", ""ʃ""]"	"[""t"", ""uː"", ""m""]"					0.0	0.0	3.055857817465001	3.750311720636056	3.403084769050529	3	3		1	1	20	3								0	0	1						sash	tomb	0.0	0.0												
MEANING_0459	Meaning	unrelated	0	validation					USF Appendix A	USF:absent-both-directions	shampoo	alike		"[""ʃ"", ""æ"", ""m"", ""p"", ""uː""]"	"[""ə"", ""l"", ""aɪ"", ""k""]"					0.0	0.0	3.624868283817669	4.0551083876295	3.8399883357235844	5	4		2	2	140	91								0	0	1						shampoo	alike	0.0	0.0												
MEANING_0460	Meaning	unrelated	0	validation					USF Appendix A	USF:absent-both-directions	shampoo	noisy		"[""ʃ"", ""æ"", ""m"", ""p"", ""uː""]"	"[""n"", ""ɔɪ"", ""z"", ""i""]"					0.0	0.0	3.624868283817669	3.7023629472333583	3.6636156155255137	5	4		2	2	140	377								0	0	1						shampoo	noisy	0.0	0.0												
MEANING_0461	Meaning	high_association	1	test					USF Appendix A	USF:Cue_Target_Pairs.A-B:372	ache	pain		"[""eɪ"", ""k""]"	"[""p"", ""eɪ"", ""n""]"					0.507	0.013	3.3962335448580205	4.990965316464065	4.193599430661043	2	3		1	1	331	62								0	0	1						ache	pain	0.507	0.013												
MEANING_0462	Meaning	high_association	1	test					USF Appendix A	USF:Cue_Target_Pairs.A-B:2867	artery	vein		"[""ɑ"", ""ɹ"", ""t"", ""ə"", ""ɹ"", ""ɹ"", ""i""]"	"[""v"", ""eɪ"", ""n""]"					0.417	0.326	3.7253991147764696	3.554880913632493	3.6401400142044813	5	3		3	1	0	4								0	0	1	unseen_phase1:artery					artery	vein	0.417	0.326												
MEANING_0463	Meaning	high_association	1	test					USF Appendix A	USF:Cue_Target_Pairs.C:5967	courageous	brave		"[""k"", ""ɜː"", ""ɹ"", ""eɪ"", ""d̠ʒ"", ""ə"", ""s""]"	"[""b"", ""ɹ"", ""eɪ"", ""v""]"					0.478	0.0	3.4992556999339133	4.501139843808465	4.000197771871189	6	4		3	1	1	175								0	0	1						courageous	brave	0.478	0.0												
MEANING_0464	Meaning	high_association	1	test					USF Appendix A	USF:Cue_Target_Pairs.D-F:7	dagger	knife		"[""d"", ""æ"", ""ɡ"", ""ə"", ""ɹ""]"	"[""n"", ""aɪ"", ""f""]"					0.614	0.0	3.6921035453831017	4.670282242908819	4.18119289414596	4	3		2	1	0	903								0	0	1	unseen_phase1:dagger					dagger	knife	0.614	0.0												
MEANING_0465	Meaning	high_association	1	test					USF Appendix A	USF:Cue_Target_Pairs.D-F:4259	early	late		"[""ɜː"", ""l"", ""i""]"	"[""l"", ""eɪ"", ""t""]"					0.507	0.473	5.033581422753849	5.43092199105204	5.232251706902945	3	3		2	1	457	668								0	0	1						early	late	0.507	0.473												
MEANING_0466	Meaning	high_association	1	test					USF Appendix A	USF:Cue_Target_Pairs.D-F:7709	feud	fight		"[""f"", ""j"", ""uː"", ""d""]"	"[""f"", ""aɪ"", ""t""]"					0.652	0.0	3.1119737594439325	5.303365488606449	4.207669624025191	4	3		1	1	0	624								0	0	1	unseen_phase1:feud					feud	fight	0.652	0.0												
MEANING_0467	Meaning	high_association	1	test					USF Appendix A	USF:Cue_Target_Pairs.G-K:41	galaxy	stars		"[""ɡ"", ""æ"", ""l"", ""ə"", ""k"", ""s"", ""i""]"	"[""s"", ""t"", ""ɑ"", ""ɹ"", ""z""]"					0.413	0.0	3.822629522105146	4.664051751078085	4.243340636591615	7	5		3	1	5	496								0	0	1						galaxy	stars	0.413	0.0												
MEANING_0468	Meaning	high_association	1	test					USF Appendix A	USF:Cue_Target_Pairs.G-K:690	girl	boy		"[""ɡ"", ""ɜː"", ""l""]"	"[""b"", ""ɔɪ""]"					0.738	0.701	5.745946915233606	5.724131241365484	5.735039078299545	3	2		1	1	6628	9947								0	0	1						girl	boy	0.738	0.701												
MEANING_0469	Meaning	high_association	1	test					USF Appendix A	USF:Cue_Target_Pairs.G-K:1994	groom	bride		"[""ɡ"", ""ɹ"", ""uː"", ""m""]"	"[""b"", ""ɹ"", ""aɪ"", ""d""]"					0.62	0.865	3.8934027195888117	4.384096781497748	4.13874975054328	4	4		1	1	7	26								0	0	1						groom	bride	0.62	0.865												
MEANING_0470	Meaning	high_association	1	test					USF Appendix A	USF:Cue_Target_Pairs.G-K:2969	harm	hurt		"[""h"", ""ɑ"", ""ɹ"", ""m""]"	"[""h"", ""ɜː"", ""t""]"					0.635	0.012	4.502212838750578	5.391557751628531	4.9468852951895546	4	3		1	1	13	3867								0	0	1						harm	hurt	0.635	0.012												
MEANING_0471	Meaning	high_association	1	test					USF Appendix A	USF:Cue_Target_Pairs.G-K:3085	hatchet	ax		"[""h"", ""æ"", ""t̠ʃ"", ""ɪ"", ""t""]"	"[""æ"", ""k"", ""s""]"					0.467	0.033	3.2924298239020637	3.6368220975871743	3.464625960744619	5	3		2	1	13	97								0	0	1						hatchet	ax	0.467	0.033												
MEANING_0472	Meaning	high_association	1	test					USF Appendix A	USF:Cue_Target_Pairs.G-K:3894	high	low		"[""h"", ""aɪ""]"	"[""l"", ""oʊ""]"					0.655	0.777	5.290034611362518	4.7718611610998	5.030947886231159	2	2		1	1	1609	287								0	0	1						high	low	0.655	0.777												
MEANING_0473	Meaning	high_association	1	test					USF Appendix A	USF:Cue_Target_Pairs.G-K:5405	idea	thought		"[""aɪ"", ""d"", ""iə""]"	"[""θ"", ""ɔ"", ""t""]"					0.443	0.122	5.555141886533789	5.907664225108894	5.731403055821342	4	3		3	1	2073	3411								0	0	1						idea	thought	0.443	0.122												
MEANING_0474	Meaning	high_association	1	test					USF Appendix A	USF:Cue_Target_Pairs.G-K:7359	jet	plane		"[""d̠ʒ"", ""ɛ"", ""t""]"	"[""p"", ""l"", ""eɪ"", ""n""]"					0.662	0.035	4.150365088621493	4.980137103526882	4.565251096074188	3	4		1	1	86	580								0	0	1						jet	plane	0.662	0.035												
MEANING_0475	Meaning	high_association	1	test					USF Appendix A	USF:Cue_Target_Pairs.L-O:1348	lightheaded	dizzy		"[""l"", ""aɪ"", ""t"", ""h"", ""ɛ"", ""d"", ""ɪ"", ""d""]"	"[""d"", ""ɪ"", ""z"", ""i""]"					0.439	0.0	2.7395878552442827	3.9258982794816504	3.3327430673629665	8	4		3	2	0	157								0	0	1	unseen_phase1:lightheaded					lightheaded	dizzy	0.439	0.0												
MEANING_0476	Meaning	high_association	1	test					USF Appendix A	USF:Cue_Target_Pairs.L-O:6334	mute	deaf		"[""m"", ""j"", ""uː"", ""t""]"	"[""d"", ""ɛ"", ""f""]"					0.435	0.071	3.3962335448580205	4.162248031881392	3.779240788369706	4	3		1	1	1	17								0	0	1						mute	deaf	0.435	0.071												
MEANING_0477	Meaning	high_association	1	test					USF Appendix A	USF:Cue_Target_Pairs.L-O:6425	nail	hammer		"[""n"", ""eɪ"", ""l""]"	"[""h"", ""æ"", ""m"", ""ə"", ""ɹ""]"					0.622	0.8	4.270610340839477	4.095886939550478	4.183248640194977	3	4		1	2	310	904								0	0	1						nail	hammer	0.622	0.8												
MEANING_0478	Meaning	high_association	1	test					USF Appendix A	USF:Cue_Target_Pairs.L-O:7165	night	day		"[""n"", ""aɪ"", ""t""]"	"[""d"", ""eɪ""]"					0.686	0.819	5.937537558034146	5.904078796419064	5.920808177226605	3	2		1	1	6304	5218								0	0	1						night	day	0.686	0.819												
MEANING_0479	Meaning	high_association	1	test					USF Appendix A	USF:Cue_Target_Pairs.P-R:2361	pipe	smoke		"[""p"", ""aɪ"", ""p""]"	"[""s"", ""m"", ""oʊ"", ""k""]"					0.419	0.016	4.287626115499243	4.815786030556857	4.5517060730280505	3	4		1	1	437	383								0	0	1						pipe	smoke	0.419	0.016												
MEANING_0480	Meaning	high_association	1	test					USF Appendix A	USF:Cue_Target_Pairs.P-R:2684	plaque	teeth		"[""p"", ""l"", ""æ"", ""k""]"	"[""t"", ""iː"", ""θ""]"					0.414	0.0	3.3177356891668337	4.679819650240793	3.9987776697038133	4	3		1	1	1	2566								0	0	1						plaque	teeth	0.414	0.0												
MEANING_0481	Meaning	high_association	1	test					USF Appendix A	USF:Cue_Target_Pairs.P-R:3854	post	office		"[""p"", ""oʊ"", ""s"", ""t""]"	"[""ɑ"", ""f"", ""ɪ"", ""s""]"					0.426	0.0	4.510965329118592	5.309421402108269	4.910193365613431	4	4		1	2	104	368								0	0	1						post	office	0.426	0.0												
MEANING_0482	Meaning	high_association	1	test					USF Appendix A	USF:Cue_Target_Pairs.P-R:4755	print	write		"[""p"", ""ɹ"", ""ɪ"", ""n"", ""t""]"	"[""ɹ"", ""aɪ"", ""t""]"					0.49	0.156	4.300177601902804	5.1031326848491805	4.7016551433759926	5	3		1	1	55	3900								0	0	1						print	write	0.49	0.156												
MEANING_0483	Meaning	high_association	1	test					USF Appendix A	USF:Cue_Target_Pairs.P-R:5923	push	shove		"[""p"", ""ʊ"", ""ʃ""]"	"[""ʃ"", ""ʌ"", ""v""]"					0.418	0.936	4.848490982911596	4.121089720437384	4.48479035167449	3	3		1	1	4457	34								0	0	1						push	shove	0.418	0.936												
MEANING_0484	Meaning	high_association	1	test					USF Appendix A	USF:Cue_Target_Pairs.P-R:6020	quack	duck		"[""k"", ""w"", ""æ"", ""k""]"	"[""d"", ""ʌ"", ""k""]"					0.818	0.115	3.6653418268721705	4.393833174457394	4.029587500664782	4	3		1	1	2359	3971								0	0	1						quack	duck	0.818	0.115												
MEANING_0485	Meaning	high_association	1	test					USF Appendix A	USF:Cue_Target_Pairs.P-R:8057	reprimand	punishment		"[""ɹ"", ""ɛ"", ""p"", ""ɹ"", ""ɪ"", ""m"", ""æ"", ""n"", ""d""]"	"[""p"", ""ʌ"", ""n"", ""ɪ"", ""ʃ"", ""m"", ""ə"", ""n"", ""t""]"					0.466	0.0	2.723793588061051	4.12812039539449	3.4259569917277704	9	9		3	3	0	25								0	0	1	unseen_phase1:reprimand					reprimand	punishment	0.466	0.0												
MEANING_0486	Meaning	high_association	1	test					USF Appendix A	USF:Cue_Target_Pairs.S:1271	sea	ocean		"[""s"", ""iː""]"	"[""oʊ"", ""ʃ"", ""ə"", ""n""]"					0.456	0.291	4.7770143531849065	4.4813583076629175	4.629186330423912	2	4		1	2	569	294								0	0	1						sea	ocean	0.456	0.291												
MEANING_0487	Meaning	high_association	1	test					USF Appendix A	USF:Cue_Target_Pairs.S:3132	sill	window		"[""s"", ""ɪ"", ""l""]"	"[""w"", ""ɪ"", ""n"", ""d"", ""oʊ""]"					0.682	0.128	2.6541576599196564	4.9344984512435675	3.794328055581612	3	5		1	2	17	1421								0	0	1						sill	window	0.682	0.128												
MEANING_0488	Meaning	high_association	1	test					USF Appendix A	USF:Cue_Target_Pairs.S:3889	sling	shot		"[""s"", ""l"", ""ɪ"", ""ŋ""]"	"[""ʃ"", ""ɑ"", ""t""]"					0.412	0.0	3.3606156856482254	5.356850372335657	4.358733028991941	4	3		1	1	11	418								0	0	1						sling	shot	0.412	0.0												
MEANING_0489	Meaning	high_association	1	test					USF Appendix A	USF:Cue_Target_Pairs.S:5710	spoil	rotten		"[""s"", ""p"", ""ɔɪ"", ""l""]"	"[""ɹ"", ""ɑ"", ""t"", ""ə"", ""n""]"					0.447	0.0	4.065484517266326	4.242307527938938	4.153896022602632	4	5		1	2	28	80								0	0	1						spoil	rotten	0.447	0.0												
MEANING_0490	Meaning	high_association	1	test					USF Appendix A	USF:Cue_Target_Pairs.S:5772	spook	scare		"[""s"", ""p"", ""uː"", ""k""]"	"[""s"", ""k"", ""ɛ"", ""ɹ""]"					0.446	0.0	3.4385578595803015	4.525933584243198	3.9822457219117497	4	4		1	1	9	389								0	0	1						spook	scare	0.446	0.0												
MEANING_0491	Meaning	high_association	1	test					USF Appendix A	USF:Cue_Target_Pairs.S:7299	story	book		"[""s"", ""t"", ""ɔ"", ""ɹ"", ""i""]"	"[""b"", ""ʊ"", ""k""]"					0.419	0.0	5.343968214417391	5.247925153086191	5.295946683751791	5	3		2	1	3357	14341								0	0	1						story	book	0.419	0.0												
MEANING_0492	Meaning	high_association	1	test					USF Appendix A	USF:Cue_Target_Pairs.S:8563	supper	dinner		"[""s"", ""ʌ"", ""p"", ""ə"", ""ɹ""]"	"[""d"", ""ɪ"", ""n"", ""ə"", ""ɹ""]"					0.545	0.535	4.287186768489692	5.3067823245530725	4.796984546521382	4	4		2	2	1110	2597								0	0	1						supper	dinner	0.545	0.535												
MEANING_0493	Meaning	high_association	1	test					USF Appendix A	USF:Cue_Target_Pairs.S:8574	supply	demand		"[""s"", ""ə"", ""p"", ""l"", ""aɪ""]"	"[""d"", ""ɪ"", ""m"", ""æ"", ""n"", ""d""]"					0.464	0.148	4.271066772286538	4.233444067607634	4.252255419947086	5	6		2	2	15	5								0	0	1						supply	demand	0.464	0.148												
MEANING_0494	Meaning	high_association	1	test					USF Appendix A	USF:Cue_Target_Pairs.T-Z:1077	terrific	great		"[""t"", ""ə"", ""ɹ"", ""ɹ"", ""ɪ"", ""f"", ""ɪ"", ""k""]"	"[""ɡ"", ""ɹ"", ""eɪ"", ""t""]"					0.497	0.042	4.622437524774822	5.914270545633673	5.268354035204247	6	4		3	1	216	4424								0	0	1						terrific	great	0.497	0.042												
MEANING_0495	Meaning	high_association	1	test					USF Appendix A	USF:Cue_Target_Pairs.T-Z:1856	tile	floor		"[""t"", ""aɪ"", ""l""]"	"[""f"", ""l"", ""ɔ"", ""ɹ""]"					0.578	0.17	3.325853579389013	5.002716471604955	4.164285025496984	3	4		1	1	22	970								0	0	1						tile	floor	0.578	0.17												
MEANING_0496	Meaning	high_association	1	test					USF Appendix A	USF:Cue_Target_Pairs.T-Z:2304	tool	hammer		"[""t"", ""uː"", ""l""]"	"[""h"", ""æ"", ""m"", ""ə"", ""ɹ""]"					0.402	0.039	4.0312103823864325	4.095886939550478	4.063548660968455	3	4		1	2	276	904								0	0	1						tool	hammer	0.402	0.039												
MEANING_0497	Meaning	high_association	1	test					USF Appendix A	USF:Cue_Target_Pairs.T-Z:2492	tote	bag		"[""t"", ""oʊ"", ""t""]"	"[""b"", ""æ"", ""ɡ""]"					0.459	0.0	3.0327925133963074	4.973308998328875	4.003050755862591	3	3		1	1	2	1813								0	0	1						tote	bag	0.459	0.0												
MEANING_0498	Meaning	high_association	1	test					USF Appendix A	USF:Cue_Target_Pairs.T-Z:7017	weed	grass		"[""w"", ""iː"", ""d""]"	"[""ɡ"", ""ɹ"", ""æ"", ""s""]"					0.449	0.022	4.070581074285707	4.224903588579217	4.147742331432462	3	4		1	1	30	884								0	0	1						weed	grass	0.449	0.022												
MEANING_0499	Meaning	high_association	1	test					USF Appendix A	USF:Cue_Target_Pairs.T-Z:7582	win	lose		"[""w"", ""ɪ"", ""n""]"	"[""l"", ""uː"", ""z""]"					0.757	0.236	5.129196871296269	5.21577748039989	5.1724871758480795	3	3		1	1	516	492								0	0	1						win	lose	0.757	0.236												
MEANING_0500	Meaning	high_association	1	test					USF Appendix A	USF:Cue_Target_Pairs.T-Z:7751	wise	smart		"[""w"", ""aɪ"", ""z""]"	"[""s"", ""m"", ""ɑ"", ""ɹ"", ""t""]"					0.432	0.013	4.454396440266138	4.983422856001933	4.718909648134035	3	5		1	1	129	690								0	0	1						wise	smart	0.432	0.013												
MEANING_0501	Meaning	low_association	1	test					USF Appendix A	USF:Cue_Target_Pairs.A-B:262	accomplish	do		"[""ə"", ""k"", ""ɑ"", ""m"", ""p"", ""l"", ""ɪ"", ""ʃ""]"	"[""d"", ""uː""]"					0.143	0.039	3.7666460879783186	6.787856206035433	5.277251147006876	8	2		3	1	1	107496								0	0	1						accomplish	do	0.143	0.039												
MEANING_0502	Meaning	low_association	1	test					USF Appendix A	USF:Cue_Target_Pairs.A-B:303	accumulate	collect		"[""ə"", ""k"", ""j"", ""uː"", ""m"", ""j"", ""ʊ"", ""l"", ""eɪ"", ""t""]"	"[""k"", ""ə"", ""l"", ""ɛ"", ""k"", ""t""]"					0.159	0.0	2.75482782180102	4.301029995663981	3.5279289087325005	10	6		4	2	0	48								0	0	1	unseen_phase1:accumulate					accumulate	collect	0.159	0.0												
MEANING_0503	Meaning	low_association	1	test					USF Appendix A	USF:Cue_Target_Pairs.A-B:374	ache	hurt		"[""eɪ"", ""k""]"	"[""h"", ""ɜː"", ""t""]"					0.153	0.0	3.3962335448580205	5.391557751628531	4.393895648243276	2	3		1	1	331	3867								0	0	1						ache	hurt	0.153	0.0												
MEANING_0504	Meaning	low_association	1	test					USF Appendix A	USF:Cue_Target_Pairs.A-B:785	adore	like		"[""ə"", ""d"", ""ɔ"", ""ɹ""]"	"[""l"", ""aɪ"", ""k""]"					0.143	0.0	3.887926045727638	6.6019471452588885	5.244936595493263	4	3		2	1	3	69902								0	0	1						adore	like	0.143	0.0												
MEANING_0505	Meaning	low_association	1	test					USF Appendix A	USF:Cue_Target_Pairs.A-B:1443	alarm	clock		"[""ə"", ""l"", ""ɑ"", ""ɹ"", ""m""]"	"[""k"", ""l"", ""ɑ"", ""k""]"					0.388	0.079	4.474844476336617	4.768101012226493	4.621472744281555	5	4		2	1	63	1526								0	0	1						alarm	clock	0.388	0.079												
MEANING_0506	Meaning	low_association	1	test					USF Appendix A	USF:Cue_Target_Pairs.A-B:2502	apple	red		"[""æ"", ""p"", ""ə"", ""l""]"	"[""ɹ"", ""ɛ"", ""d""]"					0.208	0.0	4.374137093999413	5.170434294170089	4.772285694084751	4	3		2	1	4300	7515								0	0	1						apple	red	0.208	0.0												
MEANING_0507	Meaning	low_association	1	test					USF Appendix A	USF:Cue_Target_Pairs.A-B:2850	art	paint		"[""ɑ"", ""ɹ"", ""t""]"	"[""p"", ""eɪ"", ""n"", ""t""]"					0.22	0.018	4.85005731232889	4.56589409652341	4.7079757044261505	3	4		1	1	194	1392								0	0	1						art	paint	0.22	0.018												
MEANING_0508	Meaning	low_association	1	test					USF Appendix A	USF:Cue_Target_Pairs.A-B:3864	backbone	spine		"[""b"", ""æ"", ""k"", ""b"", ""oʊ"", ""n""]"	"[""s"", ""p"", ""aɪ"", ""n""]"					0.24	0.115	3.2167091099639453	3.7592974442561733	3.4880032771100593	6	4		2	1	4	13								0	0	1						backbone	spine	0.24	0.115												
MEANING_0509	Meaning	low_association	1	test					USF Appendix A	USF:Cue_Target_Pairs.A-B:5383	bent	straight		"[""b"", ""ɛ"", ""n"", ""t""]"	"[""s"", ""t"", ""ɹ"", ""eɪ"", ""t""]"					0.204	0.041	3.8582776425755814	5.087892718292443	4.473085180434012	4	5		1	1	86	677								0	0	1						bent	straight	0.204	0.041												
MEANING_0510	Meaning	low_association	1	test					USF Appendix A	USF:Cue_Target_Pairs.A-B:5875	blade	knife		"[""b"", ""l"", ""eɪ"", ""d""]"	"[""n"", ""aɪ"", ""f""]"					0.346	0.122	4.113943352306837	4.670282242908819	4.392112797607828	4	3		1	1	24	903								0	0	1						blade	knife	0.346	0.122												
MEANING_0511	Meaning	low_association	1	test					USF Appendix A	USF:Cue_Target_Pairs.A-B:8179	burglary	robbery		"[""b"", ""ɜː"", ""ɡ"", ""l"", ""ə"", ""ɹ"", ""ɹ"", ""i""]"	"[""ɹ"", ""ɑ"", ""b"", ""ə"", ""ɹ"", ""ɹ"", ""i""]"					0.224	0.034	3.5525012118871384	4.362467690509819	3.9574844511984786	6	5		3	3	1	4								0	0	1						burglary	robbery	0.224	0.034												
MEANING_0512	Meaning	low_association	1	test					USF Appendix A	USF:Cue_Target_Pairs.C:2212	chew	gum		"[""t̠ʃ"", ""uː""]"	"[""ɡ"", ""ʌ"", ""m""]"					0.361	0.563	3.957071799458189	4.1268505275835965	4.0419611635208925	2	3		1	1	1069	792								0	0	1						chew	gum	0.361	0.563												
MEANING_0513	Meaning	low_association	1	test					USF Appendix A	USF:Cue_Target_Pairs.C:4618	concern	care		"[""k"", ""ə"", ""n"", ""s"", ""ɜː"", ""n""]"	"[""k"", ""ɛ"", ""ɹ""]"					0.221	0.074	4.416934048736346	5.6859699312500265	5.051451989993186	6	3		2	1	5	1505								0	0	1						concern	care	0.221	0.074												
MEANING_0514	Meaning	low_association	1	test					USF Appendix A	USF:Cue_Target_Pairs.C:5476	cookie	jar		"[""k"", ""ʊ"", ""k"", ""i""]"	"[""d̠ʒ"", ""ɑ"", ""ɹ""]"					0.228	0.082	4.222869418668764	3.919795680494796	4.07133254958178	4	3		2	1	5252	230								0	0	1						cookie	jar	0.228	0.082												
MEANING_0515	Meaning	low_association	1	test					USF Appendix A	USF:Cue_Target_Pairs.C:6928	crude	rude		"[""k"", ""ɹ"", ""uː"", ""d""]"	"[""ɹ"", ""uː"", ""d""]"					0.313	0.03	3.482761522072355	4.343582346349445	3.9131719342109	4	3		1	1	7	64								0	0	1						crude	rude	0.313	0.03												
MEANING_0516	Meaning	low_association	1	test					USF Appendix A	USF:Cue_Target_Pairs.D-F:8	dagger	sword		"[""d"", ""æ"", ""ɡ"", ""ə"", ""ɹ""]"	"[""s"", ""ɔ"", ""ɹ"", ""d""]"					0.147	0.026	3.6921035453831017	4.417911089602658	4.05500731749288	4	4		2	1	0	193								0	0	1	unseen_phase1:dagger					dagger	sword	0.147	0.026												
MEANING_0517	Meaning	low_association	1	test					USF Appendix A	USF:Cue_Target_Pairs.D-F:2112	dip	chip		"[""d"", ""ɪ"", ""p""]"	"[""t̠ʃ"", ""ɪ"", ""p""]"					0.217	0.09	3.900955857479258	4.314032539930306	4.1074941987047815	3	3		1	1	197	552								0	0	1						dip	chip	0.217	0.09												
MEANING_0518	Meaning	low_association	1	test					USF Appendix A	USF:Cue_Target_Pairs.D-F:2951	dive	swim		"[""d"", ""aɪ"", ""v""]"	"[""s"", ""w"", ""ɪ"", ""m""]"					0.152	0.117	4.108007572226331	4.502480673777201	4.305244123001766	3	4		1	1	78	999								0	0	1						dive	swim	0.152	0.117												
MEANING_0519	Meaning	low_association	1	test					USF Appendix A	USF:Cue_Target_Pairs.D-F:6724	fact	truth		"[""f"", ""æ"", ""k"", ""t""]"	"[""t"", ""ɹ"", ""uː"", ""θ""]"					0.185	0.046	5.236961844894045	5.2837002130971635	5.260331028995605	4	4		1	1	258	111								0	0	1						fact	truth	0.185	0.046												
MEANING_0520	Meaning	low_association	1	test					USF Appendix A	USF:Cue_Target_Pairs.D-F:7454	feast	eat		"[""f"", ""iː"", ""s"", ""t""]"	"[""iː"", ""t""]"					0.236	0.0	3.8264559299581986	5.4011977415801455	4.6138268357691725	4	2		1	1	15	21252								0	0	1						feast	eat	0.236	0.0												
MEANING_0521	Meaning	low_association	1	test					USF Appendix A	USF:Cue_Target_Pairs.D-F:7849	fig	leaf		"[""f"", ""ɪ"", ""ɡ""]"	"[""l"", ""iː"", ""f""]"					0.192	0.0	3.0848215134003176	3.7156756978388716	3.400248605619595	3	3		1	1	26	849								0	0	1						fig	leaf	0.192	0.0												
MEANING_0522	Meaning	low_association	1	test					USF Appendix A	USF:Cue_Target_Pairs.D-F:8604	floor	tile		"[""f"", ""l"", ""ɔ"", ""ɹ""]"	"[""t"", ""aɪ"", ""l""]"					0.17	0.578	5.002716471604955	3.325853579389013	4.164285025496984	4	3		1	1	970	22								0	0	1						floor	tile	0.17	0.578												
MEANING_0523	Meaning	low_association	1	test					USF Appendix A	USF:Cue_Target_Pairs.D-F:9599	fraud	fake		"[""f"", ""ɹ"", ""ɔ"", ""d""]"	"[""f"", ""eɪ"", ""k""]"					0.319	0.021	4.001699784877895	4.560305243220961	4.281002514049428	4	3		1	1	0	199								0	0	1	unseen_phase1:fraud					fraud	fake	0.319	0.021												
MEANING_0524	Meaning	low_association	1	test					USF Appendix A	USF:Cue_Target_Pairs.G-K:1949	grit	dirt		"[""ɡ"", ""ɹ"", ""ɪ"", ""t""]"	"[""d"", ""ɜː"", ""t""]"					0.167	0.012	2.973671061277651	4.409701119557828	3.6916860904177393	4	3		1	1	1	532								0	0	1						grit	dirt	0.167	0.012												
MEANING_0525	Meaning	low_association	1	test					USF Appendix A	USF:Cue_Target_Pairs.L-O:2471	lust	love		"[""l"", ""ʌ"", ""s"", ""t""]"	"[""l"", ""ʌ"", ""v""]"					0.305	0.0	3.7457481639491013	6.047267230027272	4.896507696988186	4	3		1	1	0	4637								0	0	1	unseen_phase1:lust					lust	love	0.305	0.0												
MEANING_0526	Meaning	low_association	1	test					USF Appendix A	USF:Cue_Target_Pairs.L-O:3228	marker	pen		"[""m"", ""ɑ"", ""ɹ"", ""k"", ""ə"", ""ɹ""]"	"[""p"", ""ɛ"", ""n""]"					0.257	0.0	3.718941085266639	4.393144910475145	4.056042997870892	5	3		2	1	122	1247								0	0	1						marker	pen	0.257	0.0												
MEANING_0527	Meaning	low_association	1	test					USF Appendix A	USF:Cue_Target_Pairs.L-O:8091	offend	hurt		"[""ə"", ""f"", ""ɛ"", ""n"", ""d""]"	"[""h"", ""ɜː"", ""t""]"					0.322	0.0	3.7173114605331308	5.391557751628531	4.5544346060808305	5	3		2	1	0	3867								0	0	1	unseen_phase1:offend					offend	hurt	0.322	0.0												
MEANING_0528	Meaning	low_association	1	test					USF Appendix A	USF:Cue_Target_Pairs.P-R:841	pastry	doughnut		"[""p"", ""eɪ"", ""s"", ""t"", ""ɹ"", ""i""]"	"[""d"", ""oʊ"", ""n"", ""ʌ"", ""t""]"					0.147	0.0	3.2836558995945584	3.624868283817669	3.4542620917061138	6	5		2	2	7	187								0	0	1						pastry	doughnut	0.147	0.0												
MEANING_0529	Meaning	low_association	1	test					USF Appendix A	USF:Cue_Target_Pairs.P-R:1062	pavement	sidewalk		"[""p"", ""eɪ"", ""v"", ""m"", ""ə"", ""n"", ""t""]"	"[""s"", ""aɪ"", ""d"", ""w"", ""ɔ"", ""k""]"					0.21	0.029	3.3052670486072357	3.738034027175661	3.5216505378914484	7	6		2	2	8	115								0	0	1						pavement	sidewalk	0.21	0.029												
MEANING_0530	Meaning	low_association	1	test					USF Appendix A	USF:Cue_Target_Pairs.P-R:5728	pump	gas		"[""p"", ""ʌ"", ""m"", ""p""]"	"[""ɡ"", ""æ"", ""s""]"					0.197	0.0	4.101989538537332	4.831129203444471	4.466559370990901	4	3		1	1	95	587								0	0	1						pump	gas	0.197	0.0												
MEANING_0531	Meaning	low_association	1	test					USF Appendix A	USF:Cue_Target_Pairs.P-R:7541	regulations	laws		"[""ɹ"", ""ɛ"", ""ɡ"", ""j"", ""ʊ"", ""l"", ""eɪ"", ""ʃ"", ""ə"", ""n"", ""z""]"	"[""l"", ""ɔ"", ""z""]"					0.188	0.034	3.8043131848809377	4.230949549078556	4.017631366979747	11	3		4	1	0	7								0	0	1	unseen_phase1:regulations					regulations	laws	0.188	0.034												
MEANING_0532	Meaning	low_association	1	test					USF Appendix A	USF:Cue_Target_Pairs.S:4490	snore	loud		"[""s"", ""n"", ""ɔ"", ""ɹ""]"	"[""l"", ""aʊ"", ""d""]"					0.182	0.0	3.2062436762857804	4.60013974730687	3.9031917117963255	4	3		1	1	20	882								0	0	1						snore	loud	0.182	0.0												
MEANING_0533	Meaning	low_association	1	test					USF Appendix A	USF:Cue_Target_Pairs.S:5564	spill	milk		"[""s"", ""p"", ""ɪ"", ""l""]"	"[""m"", ""ɪ"", ""l"", ""k""]"					0.223	0.0	3.9279135707169757	4.628689375916257	4.278301473316616	4	4		1	1	647	6873								0	0	1						spill	milk	0.223	0.0												
MEANING_0534	Meaning	low_association	1	test					USF Appendix A	USF:Cue_Target_Pairs.S:6044	squeal	tell		"[""s"", ""k"", ""w"", ""iː"", ""l""]"	"[""t"", ""ɛ"", ""l""]"					0.182	0.0	3.425968732272281	6.236660729697238	4.83131473098476	5	3		1	1	19	17927								0	0	1						squeal	tell	0.182	0.0												
MEANING_0535	Meaning	low_association	1	test					USF Appendix A	USF:Cue_Target_Pairs.S:6977	sticky	glue		"[""s"", ""t"", ""ɪ"", ""k"", ""i""]"	"[""ɡ"", ""l"", ""uː""]"					0.185	0.371	3.7578126753504817	3.769551078621726	3.763681876986104	5	3		2	1	702	440								0	0	1						sticky	glue	0.185	0.371												
MEANING_0536	Meaning	low_association	1	test					USF Appendix A	USF:Cue_Target_Pairs.T-Z:125	tag	grab		"[""t"", ""æ"", ""ɡ""]"	"[""ɡ"", ""ɹ"", ""æ"", ""b""]"					0.145	0.0	4.142463081591833	4.8504179721269765	4.496440526859405	3	4		1	1	153	539								0	0	1						tag	grab	0.145	0.0												
MEANING_0537	Meaning	low_association	1	test					USF Appendix A	USF:Cue_Target_Pairs.T-Z:3495	trumpet	horn		"[""t"", ""ɹ"", ""ʌ"", ""m"", ""p"", ""ɪ"", ""t""]"	"[""h"", ""ɔ"", ""ɹ"", ""n""]"					0.245	0.048	3.614649118635983	4.323838288153688	3.9692437033948353	7	4		2	1	38	413								0	0	1						trumpet	horn	0.245	0.048												
MEANING_0538	Meaning	low_association	1	test					USF Appendix A	USF:Cue_Target_Pairs.T-Z:5031	vacuum	suck		"[""v"", ""æ"", ""k"", ""j"", ""uː"", ""m""]"	"[""s"", ""ʌ"", ""k""]"					0.222	0.0	3.760777154314221	4.542605771985989	4.1516914631501045	6	3		2	1	335	171								0	0	1						vacuum	suck	0.222	0.0												
MEANING_0539	Meaning	low_association	1	test					USF Appendix A	USF:Cue_Target_Pairs.T-Z:5220	vanish	gone		"[""v"", ""æ"", ""n"", ""ɪ"", ""ʃ""]"	"[""ɡ"", ""ɔ"", ""n""]"					0.141	0.0	3.5046174283060214	5.472412249194655	4.488514838750339	5	3		2	1	6	3403								0	0	1						vanish	gone	0.141	0.0												
MEANING_0540	Meaning	low_association	1	test					USF Appendix A	USF:Cue_Target_Pairs.T-Z:5985	voice	loud		"[""v"", ""ɔɪ"", ""s""]"	"[""l"", ""aʊ"", ""d""]"					0.182	0.0	4.935289876486555	4.60013974730687	4.767714811896713	3	3		1	1	619	882								0	0	1						voice	loud	0.182	0.0												
MEANING_0541	Meaning	unrelated	0	test					USF Appendix A	USF:absent-both-directions	bathtub	set		"[""b"", ""æ"", ""θ"", ""t"", ""ʌ"", ""b""]"	"[""s"", ""ɛ"", ""t""]"					0.0	0.0	3.7851902129289012	5.364495815316809	4.574843014122855	6	3		2	1	140	1896								0	0	1						bathtub	set	0.0	0.0												
MEANING_0542	Meaning	unrelated	0	test					USF Appendix A	USF:absent-both-directions	brave	gulp		"[""b"", ""ɹ"", ""eɪ"", ""v""]"	"[""ɡ"", ""ʌ"", ""l"", ""p""]"					0.0	0.0	4.501139843808465	2.9913998282380825	3.7462698360232736	4	4		1	1	175	210								0	0	1						brave	gulp	0.0	0.0												
MEANING_0543	Meaning	unrelated	0	test					USF Appendix A	USF:absent-both-directions	brave	invent		"[""b"", ""ɹ"", ""eɪ"", ""v""]"	"[""ɪ"", ""n"", ""v"", ""ɛ"", ""n"", ""t""]"					0.0	0.0	4.501139843808465	3.6634976861738	4.0823187649911326	4	6		1	2	175	6								0	0	1						brave	invent	0.0	0.0												
MEANING_0544	Meaning	unrelated	0	test					USF Appendix A	USF:absent-both-directions	brave	me		"[""b"", ""ɹ"", ""eɪ"", ""v""]"	"[""m"", ""iː""]"					0.0	0.0	4.501139843808465	6.965763199974124	5.733451521891295	4	2		1	1	175	65148								0	0	1						brave	me	0.0	0.0												
MEANING_0545	Meaning	unrelated	0	test					USF Appendix A	USF:absent-both-directions	brave	mole		"[""b"", ""ɹ"", ""eɪ"", ""v""]"	"[""m"", ""oʊ"", ""l""]"					0.0	0.0	4.501139843808465	3.9062716457781326	4.203705744793298	4	3		1	1	175	56								0	0	1						brave	mole	0.0	0.0												
MEANING_0546	Meaning	unrelated	0	test					USF Appendix A	USF:absent-both-directions	brave	pitch		"[""b"", ""ɹ"", ""eɪ"", ""v""]"	"[""p"", ""ɪ"", ""t̠ʃ""]"					0.0	0.0	4.501139843808465	4.191155005491558	4.346147424650011	4	3		1	1	175	40								0	0	1						brave	pitch	0.0	0.0												
MEANING_0547	Meaning	unrelated	0	test					USF Appendix A	USF:absent-both-directions	brave	queen		"[""b"", ""ɹ"", ""eɪ"", ""v""]"	"[""k"", ""w"", ""iː"", ""n""]"					0.0	0.0	4.501139843808465	4.737878338168113	4.61950909098829	4	4		1	1	175	315								0	0	1						brave	queen	0.0	0.0												
MEANING_0548	Meaning	unrelated	0	test					USF Appendix A	USF:absent-both-directions	brave	tardy		"[""b"", ""ɹ"", ""eɪ"", ""v""]"	"[""t"", ""ɑ"", ""ɹ"", ""d"", ""i""]"					0.0	0.0	4.501139843808465	3.055857817465001	3.778498830636733	4	5		1	2	175	0								0	0	1	unseen_phase1:tardy					brave	tardy	0.0	0.0												
MEANING_0549	Meaning	unrelated	0	test					USF Appendix A	USF:absent-both-directions	brave	temper		"[""b"", ""ɹ"", ""eɪ"", ""v""]"	"[""t"", ""ɛ"", ""m"", ""p"", ""ə"", ""ɹ""]"					0.0	0.0	4.501139843808465	4.057352808551952	4.279246326180209	4	5		1	2	175	26								0	0	1						brave	temper	0.0	0.0												
MEANING_0550	Meaning	unrelated	0	test					USF Appendix A	USF:absent-both-directions	brave	vinegar		"[""b"", ""ɹ"", ""eɪ"", ""v""]"	"[""v"", ""ɪ"", ""n"", ""ɪ"", ""ɡ"", ""ə"", ""ɹ""]"					0.0	0.0	4.501139843808465	3.226928275145631	3.8640340594770484	4	6		1	3	175	27								0	0	1						brave	vinegar	0.0	0.0												
MEANING_0551	Meaning	unrelated	0	test					USF Appendix A	USF:absent-both-directions	brave	voice		"[""b"", ""ɹ"", ""eɪ"", ""v""]"	"[""v"", ""ɔɪ"", ""s""]"					0.0	0.0	4.501139843808465	4.935289876486555	4.71821486014751	4	3		1	1	175	619								0	0	1						brave	voice	0.0	0.0												
MEANING_0552	Meaning	unrelated	0	test					USF Appendix A	USF:absent-both-directions	claw	absent		"[""k"", ""l"", ""ɔ""]"	"[""æ"", ""b"", ""s"", ""ə"", ""n"", ""t""]"					0.0	0.0	3.6407346869502244	3.4097011195578277	3.525217903254026	3	6		1	2	41	17								0	0	1						claw	absent	0.0	0.0												
MEANING_0553	Meaning	unrelated	0	test					USF Appendix A	USF:absent-both-directions	claw	believe		"[""k"", ""l"", ""ɔ""]"	"[""b"", ""ɪ"", ""l"", ""iː"", ""v""]"					0.0	0.0	3.6407346869502244	5.795975381347574	4.7183550341489	3	5		1	2	41	899								0	0	1						claw	believe	0.0	0.0												
MEANING_0554	Meaning	unrelated	0	test					USF Appendix A	USF:absent-both-directions	claw	chipmunk		"[""k"", ""l"", ""ɔ""]"	"[""t̠ʃ"", ""ɪ"", ""p"", ""m"", ""ʌ"", ""ŋ"", ""k""]"					0.0	0.0	3.6407346869502244	2.915679114299964	3.2782069006250945	3	7		1	2	41	78								0	0	1						claw	chipmunk	0.0	0.0												
MEANING_0555	Meaning	unrelated	0	test					USF Appendix A	USF:absent-both-directions	claw	liver		"[""k"", ""l"", ""ɔ""]"	"[""l"", ""ɪ"", ""v"", ""ə"", ""ɹ""]"					0.0	0.0	3.6407346869502244	4.155157352220038	3.897946019585131	3	4		1	2	41	48								0	0	1						claw	liver	0.0	0.0												
MEANING_0556	Meaning	unrelated	0	test					USF Appendix A	USF:absent-both-directions	claw	shiver		"[""k"", ""l"", ""ɔ""]"	"[""ʃ"", ""ɪ"", ""v"", ""ə"", ""ɹ""]"					0.0	0.0	3.6407346869502244	3.184524426592544	3.4126295567713845	3	4		1	2	41	17								0	0	1						claw	shiver	0.0	0.0												
MEANING_0557	Meaning	unrelated	0	test					USF Appendix A	USF:absent-both-directions	claw	stable		"[""k"", ""l"", ""ɔ""]"	"[""s"", ""t"", ""eɪ"", ""b"", ""ə"", ""l""]"					0.0	0.0	3.6407346869502244	4.12044488812604	3.880589787538132	3	6		1	2	41	44								0	0	1						claw	stable	0.0	0.0												
MEANING_0558	Meaning	unrelated	0	test					USF Appendix A	USF:absent-both-directions	claw	straight		"[""k"", ""l"", ""ɔ""]"	"[""s"", ""t"", ""ɹ"", ""eɪ"", ""t""]"					0.0	0.0	3.6407346869502244	5.087892718292443	4.364313702621334	3	5		1	1	41	677								0	0	1						claw	straight	0.0	0.0												
MEANING_0559	Meaning	unrelated	0	test					USF Appendix A	USF:absent-both-directions	damn	kingdom		"[""d"", ""æ"", ""m""]"	"[""k"", ""ɪ"", ""ŋ"", ""d"", ""ə"", ""m""]"					0.0	0.0	5.4525981168605755	4.188404556261128	4.820501336560852	3	6		1	2	107	34								0	0	1						damn	kingdom	0.0	0.0												
MEANING_0560	Meaning	unrelated	0	test					USF Appendix A	USF:absent-both-directions	damn	poet		"[""d"", ""æ"", ""m""]"	"[""p"", ""oʊ"", ""ɪ"", ""t""]"					0.0	0.0	5.4525981168605755	3.9645276818377813	4.708562899349179	3	4		1	2	107	3								0	0	1						damn	poet	0.0	0.0												
MEANING_0561	Meaning	unrelated	0	test					USF Appendix A	USF:absent-both-directions	damn	port		"[""d"", ""æ"", ""m""]"	"[""p"", ""ɔ"", ""ɹ"", ""t""]"					0.0	0.0	5.4525981168605755	4.162248031881392	4.807423074370984	3	4		1	1	107	10								0	0	1						damn	port	0.0	0.0												
MEANING_0562	Meaning	unrelated	0	test					USF Appendix A	USF:absent-both-directions	damn	pudding		"[""d"", ""æ"", ""m""]"	"[""p"", ""ʊ"", ""d"", ""ɪ"", ""ŋ""]"					0.0	0.0	5.4525981168605755	3.7893594719752786	4.620978794417927	3	5		1	2	107	228								0	0	1						damn	pudding	0.0	0.0												
MEANING_0563	Meaning	unrelated	0	test					USF Appendix A	USF:absent-both-directions	damn	selection		"[""d"", ""æ"", ""m""]"	"[""s"", ""ɪ"", ""l"", ""ɛ"", ""k"", ""ʃ"", ""ə"", ""n""]"					0.0	0.0	5.4525981168605755	3.657917808792963	4.5552579628267695	3	8		1	3	107	12								0	0	1						damn	selection	0.0	0.0												
MEANING_0564	Meaning	unrelated	0	test					USF Appendix A	USF:absent-both-directions	damn	shelter		"[""d"", ""æ"", ""m""]"	"[""ʃ"", ""ɛ"", ""l"", ""t"", ""ə"", ""ɹ""]"					0.0	0.0	5.4525981168605755	4.066946789630613	4.759772453245594	3	5		1	2	107	6								0	0	1						damn	shelter	0.0	0.0												
MEANING_0565	Meaning	unrelated	0	test					USF Appendix A	USF:absent-both-directions	damn	spinach		"[""d"", ""æ"", ""m""]"	"[""s"", ""p"", ""ɪ"", ""n"", ""ɪ"", ""t̠ʃ""]"					0.0	0.0	5.4525981168605755	3.4063731762089002	4.429485646534738	3	6		1	2	107	165								0	0	1						damn	spinach	0.0	0.0												
MEANING_0566	Meaning	unrelated	0	test					USF Appendix A	USF:absent-both-directions	damn	yawn		"[""d"", ""æ"", ""m""]"	"[""j"", ""ɔ"", ""n""]"					0.0	0.0	5.4525981168605755	3.0	4.226299058430287	3	3		1	1	107	99								0	0	1						damn	yawn	0.0	0.0												
MEANING_0567	Meaning	unrelated	0	test					USF Appendix A	USF:absent-both-directions	fad	emperor		"[""f"", ""æ"", ""d""]"	"[""ɛ"", ""m"", ""p"", ""ə"", ""ɹ"", ""ɹ"", ""ə"", ""ɹ""]"					0.0	0.0	2.883494430928563	4.131278914639319	3.507386672783941	3	5		1	3	0	31								0	0	1	unseen_phase1:fad					fad	emperor	0.0	0.0												
MEANING_0568	Meaning	unrelated	0	test					USF Appendix A	USF:absent-both-directions	fad	shopping		"[""f"", ""æ"", ""d""]"	"[""ʃ"", ""ɑ"", ""p"", ""ɪ"", ""ŋ""]"					0.0	0.0	2.883494430928563	4.477121254719663	3.6803078428241127	3	5		1	2	0	495								0	0	1	unseen_phase1:fad					fad	shopping	0.0	0.0												
MEANING_0569	Meaning	unrelated	0	test					USF Appendix A	USF:absent-both-directions	fad	traffic		"[""f"", ""æ"", ""d""]"	"[""t"", ""ɹ"", ""æ"", ""f"", ""ɪ"", ""k""]"					0.0	0.0	2.883494430928563	4.454994230425083	3.6692443306768228	3	6		1	2	0	106								0	0	1	unseen_phase1:fad					fad	traffic	0.0	0.0												
MEANING_0570	Meaning	unrelated	0	test					USF Appendix A	USF:absent-both-directions	fad	worry		"[""f"", ""æ"", ""d""]"	"[""w"", ""ʌ"", ""ɹ"", ""i""]"					0.0	0.0	2.883494430928563	5.457911566724228	4.170702998826395	3	3		1	2	0	538								0	0	1	unseen_phase1:fad					fad	worry	0.0	0.0												
MEANING_0571	Meaning	unrelated	0	test					USF Appendix A	USF:absent-both-directions	foot	cage		"[""f"", ""ʊ"", ""t""]"	"[""k"", ""eɪ"", ""d̠ʒ""]"					0.0	0.0	4.812389004654132	4.306950362659987	4.559669683657059	3	3		1	1	2920	335								0	0	1						foot	cage	0.0	0.0												
MEANING_0572	Meaning	unrelated	0	test					USF Appendix A	USF:absent-both-directions	foot	cover		"[""f"", ""ʊ"", ""t""]"	"[""k"", ""ʌ"", ""v"", ""ə"", ""ɹ""]"					0.0	0.0	4.812389004654132	4.974394282896746	4.8933916437754394	3	4		1	2	2920	848								0	0	1						foot	cover	0.0	0.0												
MEANING_0573	Meaning	unrelated	0	test					USF Appendix A	USF:absent-both-directions	foot	hobby		"[""f"", ""ʊ"", ""t""]"	"[""h"", ""ɑ"", ""b"", ""i""]"					0.0	0.0	4.812389004654132	3.8414330859278514	4.326911045290991	3	4		1	2	2920	11								0	0	1						foot	hobby	0.0	0.0												
MEANING_0574	Meaning	unrelated	0	test					USF Appendix A	USF:absent-both-directions	foot	main		"[""f"", ""ʊ"", ""t""]"	"[""m"", ""eɪ"", ""n""]"					0.0	0.0	4.812389004654132	4.63068705414832	4.721538029401225	3	3		1	1	2920	77								0	0	1						foot	main	0.0	0.0												
MEANING_0575	Meaning	unrelated	0	test					USF Appendix A	USF:absent-both-directions	foot	rodent		"[""f"", ""ʊ"", ""t""]"	"[""ɹ"", ""oʊ"", ""d"", ""ə"", ""n"", ""t""]"					0.0	0.0	4.812389004654132	3.256217651247619	4.034303327950875	3	6		1	2	2920	11								0	0	1						foot	rodent	0.0	0.0												
MEANING_0576	Meaning	unrelated	0	test					USF Appendix A	USF:absent-both-directions	foot	section		"[""f"", ""ʊ"", ""t""]"	"[""s"", ""ɛ"", ""k"", ""ʃ"", ""ə"", ""n""]"					0.0	0.0	4.812389004654132	4.436692597664054	4.6245408011590925	3	6		1	2	2920	28								0	0	1						foot	section	0.0	0.0												
MEANING_0577	Meaning	unrelated	0	test					USF Appendix A	USF:absent-both-directions	foot	state		"[""f"", ""ʊ"", ""t""]"	"[""s"", ""t"", ""eɪ"", ""t""]"					0.0	0.0	4.812389004654132	5.032792513396307	4.922590759025219	3	4		1	1	2920	258								0	0	1						foot	state	0.0	0.0												
MEANING_0578	Meaning	unrelated	0	test					USF Appendix A	USF:absent-both-directions	foot	topping		"[""f"", ""ʊ"", ""t""]"	"[""t"", ""ɑ"", ""p"", ""ɪ"", ""ŋ""]"					0.0	0.0	4.812389004654132	2.9456423376774072	3.8790156711657695	3	5		1	2	2920	22								0	0	1						foot	topping	0.0	0.0												
MEANING_0579	Meaning	unrelated	0	test					USF Appendix A	USF:absent-both-directions	foot	traitor		"[""f"", ""ʊ"", ""t""]"	"[""t"", ""ɹ"", ""eɪ"", ""t"", ""ə"", ""ɹ""]"					0.0	0.0	4.812389004654132	4.024823583725032	4.418606294189582	3	5		1	2	2920	0								0	0	1	unseen_phase1:traitor					foot	traitor	0.0	0.0												
MEANING_0580	Meaning	unrelated	0	test					USF Appendix A	USF:absent-both-directions	form	acorn		"[""f"", ""ɔ"", ""ɹ"", ""m""]"	"[""eɪ"", ""k"", ""ɔ"", ""ɹ"", ""n""]"					0.0	0.0	4.630886317506668	2.8606315479690587	3.7457589327378633	4	5		1	2	86	53								0	0	1						form	acorn	0.0	0.0												
MEANING_0581	Meaning	unrelated	0	test					USF Appendix A	USF:absent-both-directions	form	backbone		"[""f"", ""ɔ"", ""ɹ"", ""m""]"	"[""b"", ""æ"", ""k"", ""b"", ""oʊ"", ""n""]"					0.0	0.0	4.630886317506668	3.2167091099639453	3.923797713735307	4	6		1	2	86	4								0	0	1						form	backbone	0.0	0.0												
MEANING_0582	Meaning	unrelated	0	test					USF Appendix A	USF:absent-both-directions	form	battery		"[""f"", ""ɔ"", ""ɹ"", ""m""]"	"[""b"", ""æ"", ""t"", ""ə"", ""ɹ"", ""ɹ"", ""i""]"					0.0	0.0	4.630886317506668	4.093833533919419	4.362359925713044	4	5		1	3	86	367								0	0	1						form	battery	0.0	0.0												
MEANING_0583	Meaning	unrelated	0	test					USF Appendix A	USF:absent-both-directions	form	bracelet		"[""f"", ""ɔ"", ""ɹ"", ""m""]"	"[""b"", ""ɹ"", ""eɪ"", ""s"", ""l"", ""ɪ"", ""t""]"					0.0	0.0	4.630886317506668	3.8923128959757514	4.26159960674121	4	7		1	2	86	211								0	0	1						form	bracelet	0.0	0.0												
MEANING_0584	Meaning	unrelated	0	test					USF Appendix A	USF:absent-both-directions	form	bridge		"[""f"", ""ɔ"", ""ɹ"", ""m""]"	"[""b"", ""ɹ"", ""ɪ"", ""d̠ʒ""]"					0.0	0.0	4.630886317506668	4.65997209742264	4.645429207464654	4	4		1	1	86	735								0	0	1						form	bridge	0.0	0.0												
MEANING_0585	Meaning	unrelated	0	test					USF Appendix A	USF:absent-both-directions	form	means		"[""f"", ""ɔ"", ""ɹ"", ""m""]"	"[""m"", ""iː"", ""n"", ""z""]"					0.0	0.0	4.630886317506668	5.33915904616855	4.985022681837609	4	4		1	1	86	1724								0	0	1						form	means	0.0	0.0												
MEANING_0586	Meaning	unrelated	0	test					USF Appendix A	USF:absent-both-directions	form	original		"[""f"", ""ɔ"", ""ɹ"", ""m""]"	"[""ə"", ""ɹ"", ""ɹ"", ""ɪ"", ""d̠ʒ"", ""ɪ"", ""n"", ""ə"", ""l""]"					0.0	0.0	4.630886317506668	4.4507923159973135	4.540839316751991	4	7		1	4	86	35								0	0	1						form	original	0.0	0.0												
MEANING_0587	Meaning	unrelated	0	test					USF Appendix A	USF:absent-both-directions	form	pour		"[""f"", ""ɔ"", ""ɹ"", ""m""]"	"[""p"", ""ɔ"", ""ɹ""]"					0.0	0.0	4.630886317506668	4.17948420195302	4.405185259729844	4	3		1	1	86	1107								0	0	1						form	pour	0.0	0.0												
MEANING_0588	Meaning	unrelated	0	test					USF Appendix A	USF:absent-both-directions	form	thought		"[""f"", ""ɔ"", ""ɹ"", ""m""]"	"[""θ"", ""ɔ"", ""t""]"					0.0	0.0	4.630886317506668	5.907664225108894	5.269275271307781	4	3		1	1	86	3411								0	0	1						form	thought	0.0	0.0												
MEANING_0589	Meaning	unrelated	0	test					USF Appendix A	USF:absent-both-directions	please	cloud		"[""p"", ""l"", ""iː"", ""z""]"	"[""k"", ""l"", ""aʊ"", ""d""]"					0.0	0.0	6.041771849889581	4.069856646291375	5.055814248090478	4	4		1	1	9152	135								0	0	1						please	cloud	0.0	0.0												
MEANING_0590	Meaning	unrelated	0	test					USF Appendix A	USF:absent-both-directions	please	kitchen		"[""p"", ""l"", ""iː"", ""z""]"	"[""k"", ""ɪ"", ""t̠ʃ"", ""ə"", ""n""]"					0.0	0.0	6.041771849889581	4.765770788087999	5.40377131898879	4	5		1	2	9152	1003								0	0	1						please	kitchen	0.0	0.0												
MEANING_0591	Meaning	unrelated	0	test					USF Appendix A	USF:absent-both-directions	please	libel		"[""p"", ""l"", ""iː"", ""z""]"	"[""l"", ""aɪ"", ""b"", ""ə"", ""l""]"					0.0	0.0	6.041771849889581	3.040617850908264	4.541194850398922	4	5		1	2	9152	0								0	0	1	unseen_phase1:libel					please	libel	0.0	0.0												
MEANING_0592	Meaning	unrelated	0	test					USF Appendix A	USF:absent-both-directions	please	recipe		"[""p"", ""l"", ""iː"", ""z""]"	"[""ɹ"", ""ɛ"", ""s"", ""ɪ"", ""p"", ""iː""]"					0.0	0.0	6.041771849889581	3.881261549496271	4.961516699692925	4	6		1	3	9152	60								0	0	1						please	recipe	0.0	0.0												
MEANING_0593	Meaning	unrelated	0	test					USF Appendix A	USF:absent-both-directions	please	river		"[""p"", ""l"", ""iː"", ""z""]"	"[""ɹ"", ""ɪ"", ""v"", ""ə"", ""ɹ""]"					0.0	0.0	6.041771849889581	4.744062771359054	5.392917310624318	4	4		1	2	9152	263								0	0	1						please	river	0.0	0.0												
MEANING_0594	Meaning	unrelated	0	test					USF Appendix A	USF:absent-both-directions	please	silly		"[""p"", ""l"", ""iː"", ""z""]"	"[""s"", ""ɪ"", ""l"", ""i""]"					0.0	0.0	6.041771849889581	4.756621194543063	5.399196522216322	4	4		1	2	9152	3404								0	0	1						please	silly	0.0	0.0												
MEANING_0595	Meaning	unrelated	0	test					USF Appendix A	USF:absent-both-directions	please	stuck		"[""p"", ""l"", ""iː"", ""z""]"	"[""s"", ""t"", ""ʌ"", ""k""]"					0.0	0.0	6.041771849889581	4.823780988485123	5.432776419187352	4	4		1	1	9152	1959								0	0	1						please	stuck	0.0	0.0												
MEANING_0596	Meaning	unrelated	0	test					USF Appendix A	USF:absent-both-directions	please	style		"[""p"", ""l"", ""iː"", ""z""]"	"[""s"", ""t"", ""aɪ"", ""l""]"					0.0	0.0	6.041771849889581	4.478255183515026	5.260013516702303	4	4		1	1	9152	67								0	0	1						please	style	0.0	0.0												
MEANING_0597	Meaning	unrelated	0	test					USF Appendix A	USF:absent-both-directions	please	there		"[""p"", ""l"", ""iː"", ""z""]"	"[""ð"", ""ɛ"", ""ɹ""]"					0.0	0.0	6.041771849889581	6.638301286282986	6.340036568086283	4	3		1	1	9152	61020								0	0	1						please	there	0.0	0.0												
MEANING_0598	Meaning	unrelated	0	test					USF Appendix A	USF:absent-both-directions	please	thesis		"[""p"", ""l"", ""iː"", ""z""]"	"[""θ"", ""iː"", ""s"", ""ɪ"", ""s""]"					0.0	0.0	6.041771849889581	3.5329790721846632	4.787375461037122	4	5		1	2	9152	1								0	0	1						please	thesis	0.0	0.0												
MEANING_0599	Meaning	unrelated	0	test					USF Appendix A	USF:absent-both-directions	please	toast		"[""p"", ""l"", ""iː"", ""z""]"	"[""t"", ""oʊ"", ""s"", ""t""]"					0.0	0.0	6.041771849889581	4.524663345016798	5.28321759745319	4	4		1	1	9152	1239								0	0	1						please	toast	0.0	0.0												
MEANING_0600	Meaning	unrelated	0	test					USF Appendix A	USF:absent-both-directions	reason	dry		"[""ɹ"", ""iː"", ""z"", ""ə"", ""n""]"	"[""d"", ""ɹ"", ""aɪ""]"					0.0	0.0	5.2862186377207685	4.6316824579347635	4.958950547827766	5	3		2	1	400	1238								0	0	1						reason	dry	0.0	0.0												
MEANING_0601	Meaning	unrelated	0	test					USF Appendix A	USF:absent-both-directions	reason	giraffe		"[""ɹ"", ""iː"", ""z"", ""ə"", ""n""]"	"[""d̠ʒ"", ""ɪ"", ""ɹ"", ""æ"", ""f""]"					0.0	0.0	5.2862186377207685	3.173243416182855	4.229731026951812	5	4		2	2	400	798								0	0	1						reason	giraffe	0.0	0.0												
MEANING_0602	Meaning	unrelated	0	test					USF Appendix A	USF:absent-both-directions	reason	hate		"[""ɹ"", ""iː"", ""z"", ""ə"", ""n""]"	"[""h"", ""eɪ"", ""t""]"					0.0	0.0	5.2862186377207685	5.331605908278105	5.308912272999437	5	3		2	1	400	702								0	0	1						reason	hate	0.0	0.0												
MEANING_0603	Meaning	unrelated	0	test					USF Appendix A	USF:absent-both-directions	reason	like		"[""ɹ"", ""iː"", ""z"", ""ə"", ""n""]"	"[""l"", ""aɪ"", ""k""]"					0.0	0.0	5.2862186377207685	6.6019471452588885	5.9440828914898285	5	3		2	1	400	69902								0	0	1						reason	like	0.0	0.0												
MEANING_0604	Meaning	unrelated	0	test					USF Appendix A	USF:absent-both-directions	reason	pause		"[""ɹ"", ""iː"", ""z"", ""ə"", ""n""]"	"[""p"", ""ɔ"", ""z""]"					0.0	0.0	5.2862186377207685	3.731762517732326	4.508990577726547	5	3		2	1	400	52								0	0	1						reason	pause	0.0	0.0												
MEANING_0605	Meaning	unrelated	0	test					USF Appendix A	USF:absent-both-directions	reason	product		"[""ɹ"", ""iː"", ""z"", ""ə"", ""n""]"	"[""p"", ""ɹ"", ""ɑ"", ""d"", ""ʌ"", ""k"", ""t""]"					0.0	0.0	5.2862186377207685	4.168647664493706	4.727433151107237	5	7		2	2	400	11								0	0	1						reason	product	0.0	0.0												
MEANING_0606	Meaning	unrelated	0	test					USF Appendix A	USF:absent-both-directions	reason	tar		"[""ɹ"", ""iː"", ""z"", ""ə"", ""n""]"	"[""t"", ""ɑ"", ""ɹ""]"					0.0	0.0	5.2862186377207685	3.4965498065579883	4.391384222139378	5	3		2	1	400	28								0	0	1						reason	tar	0.0	0.0												
MEANING_0607	Meaning	unrelated	0	test					USF Appendix A	USF:absent-both-directions	suck	almond		"[""s"", ""ʌ"", ""k""]"	"[""ɔ"", ""l"", ""m"", ""ə"", ""n"", ""d""]"					0.0	0.0	4.542605771985989	3.040617850908264	3.7916118114471264	3	5		1	2	171	86								0	0	1						suck	almond	0.0	0.0												
MEANING_0608	Meaning	unrelated	0	test					USF Appendix A	USF:absent-both-directions	suck	bait		"[""s"", ""ʌ"", ""k""]"	"[""b"", ""eɪ"", ""t""]"					0.0	0.0	4.542605771985989	3.987911500392261	4.265258636189125	3	3		1	1	171	18								0	0	1						suck	bait	0.0	0.0												
MEANING_0609	Meaning	unrelated	0	test					USF Appendix A	USF:absent-both-directions	suck	ball		"[""s"", ""ʌ"", ""k""]"	"[""b"", ""ɔ"", ""l""]"					0.0	0.0	4.542605771985989	5.021027067285495	4.781816419635742	3	3		1	1	171	8927								0	0	1						suck	ball	0.0	0.0												
MEANING_0610	Meaning	unrelated	0	test					USF Appendix A	USF:absent-both-directions	suck	cherry		"[""s"", ""ʌ"", ""k""]"	"[""t̠ʃ"", ""ɛ"", ""ɹ"", ""i""]"					0.0	0.0	4.542605771985989	4.133163058513871	4.337884415249929	3	4		1	2	171	657								0	0	1						suck	cherry	0.0	0.0												
MEANING_0611	Meaning	unrelated	0	test					USF Appendix A	USF:absent-both-directions	suck	comment		"[""s"", ""ʌ"", ""k""]"	"[""k"", ""ɑ"", ""m"", ""ɛ"", ""n"", ""t""]"					0.0	0.0	4.542605771985989	4.108007572226331	4.32530667210616	3	6		1	2	171	16								0	0	1						suck	comment	0.0	0.0												
MEANING_0612	Meaning	unrelated	0	test					USF Appendix A	USF:absent-both-directions	suck	erect		"[""s"", ""ʌ"", ""k""]"	"[""ɪ"", ""ɹ"", ""ɛ"", ""k"", ""t""]"					0.0	0.0	4.542605771985989	3.070581074285707	3.806593423135848	3	5		1	2	171	0								0	0	1	unseen_phase1:erect					suck	erect	0.0	0.0												
MEANING_0613	Meaning	unrelated	0	test					USF Appendix A	USF:absent-both-directions	suck	fig		"[""s"", ""ʌ"", ""k""]"	"[""f"", ""ɪ"", ""ɡ""]"					0.0	0.0	4.542605771985989	3.0848215134003176	3.8137136426931533	3	3		1	1	171	26								0	0	1						suck	fig	0.0	0.0												
MEANING_0614	Meaning	unrelated	0	test					USF Appendix A	USF:absent-both-directions	suck	ledge		"[""s"", ""ʌ"", ""k""]"	"[""l"", ""ɛ"", ""d̠ʒ""]"					0.0	0.0	4.542605771985989	3.5452828548819566	4.043944313433973	3	3		1	1	171	15								0	0	1						suck	ledge	0.0	0.0												
MEANING_0615	Meaning	unrelated	0	test					USF Appendix A	USF:absent-both-directions	suck	linen		"[""s"", ""ʌ"", ""k""]"	"[""l"", ""ɪ"", ""n"", ""ɪ"", ""n""]"					0.0	0.0	4.542605771985989	3.4656160923143378	4.004110932150163	3	5		1	2	171	3								0	0	1						suck	linen	0.0	0.0												
MEANING_0616	Meaning	unrelated	0	test					USF Appendix A	USF:absent-both-directions	suck	shack		"[""s"", ""ʌ"", ""k""]"	"[""ʃ"", ""æ"", ""k""]"					0.0	0.0	4.542605771985989	3.7518223116612948	4.147214041823641	3	3		1	1	171	7								0	0	1						suck	shack	0.0	0.0												
MEANING_0617	Meaning	unrelated	0	test					USF Appendix A	USF:absent-both-directions	suck	stare		"[""s"", ""ʌ"", ""k""]"	"[""s"", ""t"", ""ɛ"", ""ɹ""]"					0.0	0.0	4.542605771985989	3.998293536185983	4.270449654085986	3	4		1	1	171	23								0	0	1						suck	stare	0.0	0.0												
MEANING_0618	Meaning	unrelated	0	test					USF Appendix A	USF:absent-both-directions	suck	virus		"[""s"", ""ʌ"", ""k""]"	"[""v"", ""aɪ"", ""ɹ"", ""ə"", ""s""]"					0.0	0.0	4.542605771985989	4.276506857804894	4.4095563148954415	3	5		1	2	171	4								0	0	1						suck	virus	0.0	0.0												
MEANING_0619	Meaning	unrelated	0	test					USF Appendix A	USF:absent-both-directions	trend	begin		"[""t"", ""ɹ"", ""ɛ"", ""n"", ""d""]"	"[""b"", ""ɪ"", ""ɡ"", ""ɪ"", ""n""]"					0.0	0.0	3.3177356891668337	4.755725433864066	4.03673056151545	5	5		1	2	4	113								0	0	1						trend	begin	0.0	0.0												
MEANING_0620	Meaning	unrelated	0	test					USF Appendix A	USF:absent-both-directions	trend	illness		"[""t"", ""ɹ"", ""ɛ"", ""n"", ""d""]"	"[""ɪ"", ""l"", ""n"", ""ə"", ""s""]"					0.0	0.0	3.3177356891668337	3.8618037335171094	3.5897697113419715	5	5		1	2	4	3								0	0	1						trend	illness	0.0	0.0												
